case,method,seed,status,elapsed_us,probes,primes,images,support_reuses,support_fallbacks,probes_by_prime,prime_policy,oracle,num_terms,den_terms,setup_ms,selected_methods
fire7_graph5_rank0001,Automatic,1,ok,604.093,51,2,1,0,0,2305843009213693967:48;2305843009213693973:3,Symbolica_default,cached_powers_Q,26,14,0.536,BalancedZippelSeparated
fire7_graph5_rank0002,Automatic,1,ok,647.062,55,2,1,0,0,2305843009213693967:52;2305843009213693973:3,Symbolica_default,cached_powers_Q,29,16,0.575,BalancedZippelSeparated
fire7_graph5_rank0003,Automatic,1,ok,390.882,48,2,1,0,0,2305843009213693967:45;2305843009213693973:3,Symbolica_default,cached_powers_Q,24,14,0.771,BalancedZippelSeparated
fire7_graph5_rank0004,Automatic,1,ok,382.721,50,2,1,0,0,2305843009213693967:47;2305843009213693973:3,Symbolica_default,cached_powers_Q,22,14,0.771,BalancedZippelSeparated
fire7_graph5_rank0005,Automatic,1,ok,351.721,43,2,1,0,0,2305843009213693967:40;2305843009213693973:3,Symbolica_default,cached_powers_Q,20,12,0.709,BalancedZippelSeparated
fire7_graph5_rank0006,Automatic,1,ok,362.562,48,2,1,0,0,2305843009213693967:45;2305843009213693973:3,Symbolica_default,cached_powers_Q,24,14,0.526,BalancedZippelSeparated
fire7_graph5_rank0007,Automatic,1,ok,391.082,46,2,1,0,0,2305843009213693967:43;2305843009213693973:3,Symbolica_default,cached_powers_Q,19,12,0.482,BalancedZippelSeparated
fire7_graph5_rank0008,Automatic,1,ok,364.201,37,2,1,0,0,2305843009213693967:34;2305843009213693973:3,Symbolica_default,cached_powers_Q,16,14,0.467,BalancedZippelSeparated
fire7_graph5_rank0009,Automatic,1,ok,545.322,37,2,1,0,0,2305843009213693967:34;2305843009213693973:3,Symbolica_default,cached_powers_Q,16,14,0.516,BalancedZippelSeparated
fire7_graph5_rank0010,Automatic,1,ok,584.562,40,2,1,0,0,2305843009213693967:37;2305843009213693973:3,Symbolica_default,cached_powers_Q,18,12,0.521,BalancedZippelSeparated
fire7_graph5_rank0011,Automatic,1,ok,409.862,40,2,1,0,0,2305843009213693967:37;2305843009213693973:3,Symbolica_default,cached_powers_Q,16,12,0.739,BalancedZippelSeparated
fire7_graph5_rank0012,Automatic,1,ok,330.642,40,2,1,0,0,2305843009213693967:37;2305843009213693973:3,Symbolica_default,cached_powers_Q,17,10,0.444,BalancedZippelSeparated
fire7_graph5_rank0013,Automatic,1,ok,273.692,34,2,1,0,0,2305843009213693967:31;2305843009213693973:3,Symbolica_default,cached_powers_Q,13,6,0.751,BalancedZippelSeparated
fire7_graph5_rank0014,Automatic,1,ok,466.372,40,2,1,0,0,2305843009213693967:37;2305843009213693973:3,Symbolica_default,cached_powers_Q,17,12,0.442,BalancedZippelSeparated
fire7_graph5_rank0015,Automatic,1,ok,324.181,37,2,1,0,0,2305843009213693967:34;2305843009213693973:3,Symbolica_default,cached_powers_Q,16,14,0.449,BalancedZippelSeparated
fire7_graph5_rank0016,Automatic,1,ok,532.342,37,2,1,0,0,2305843009213693967:34;2305843009213693973:3,Symbolica_default,cached_powers_Q,16,14,0.616,BalancedZippelSeparated
fire7_graph5_rank0017,Automatic,1,ok,294.901,40,2,1,0,0,2305843009213693967:37;2305843009213693973:3,Symbolica_default,cached_powers_Q,16,12,0.398,BalancedZippelSeparated
fire7_graph5_rank0018,Automatic,1,ok,330.222,36,2,1,0,0,2305843009213693967:33;2305843009213693973:3,Symbolica_default,cached_powers_Q,14,10,0.659,BalancedZippelSeparated
fire7_graph5_rank0019,Automatic,1,ok,324.311,36,2,1,0,0,2305843009213693967:33;2305843009213693973:3,Symbolica_default,cached_powers_Q,14,10,0.671,BalancedZippelSeparated
fire7_graph5_rank0020,Automatic,1,ok,532.802,32,2,1,0,0,2305843009213693967:29;2305843009213693973:3,Symbolica_default,cached_powers_Q,12,12,0.433,BalancedZippelSeparated
fire7_graph5_rank0021,Automatic,1,ok,610.233,38,2,1,0,0,2305843009213693967:35;2305843009213693973:3,Symbolica_default,cached_powers_Q,13,10,0.469,BalancedZippelSeparated
fire7_graph5_rank0022,Automatic,1,ok,310.451,38,2,1,0,0,2305843009213693967:35;2305843009213693973:3,Symbolica_default,cached_powers_Q,13,10,0.642,BalancedZippelSeparated
fire7_graph5_rank0023,Automatic,1,ok,284.371,36,2,1,0,0,2305843009213693967:33;2305843009213693973:3,Symbolica_default,cached_powers_Q,14,10,0.424,BalancedZippelSeparated
fire7_graph5_rank0024,Automatic,1,ok,304.561,38,2,1,0,0,2305843009213693967:35;2305843009213693973:3,Symbolica_default,cached_powers_Q,14,10,0.563,BalancedZippelSeparated
fire7_graph5_rank0025,Automatic,1,ok,299.921,33,2,1,0,0,2305843009213693967:30;2305843009213693973:3,Symbolica_default,cached_powers_Q,12,10,0.389,BalancedZippelSeparated
fire7_graph5_rank0026,Automatic,1,ok,380.992,38,2,1,0,0,2305843009213693967:35;2305843009213693973:3,Symbolica_default,cached_powers_Q,14,10,0.590,BalancedZippelSeparated
fire7_graph5_rank0027,Automatic,1,ok,327.971,40,2,1,0,0,2305843009213693967:37;2305843009213693973:3,Symbolica_default,cached_powers_Q,13,10,0.656,BalancedZippelSeparated
fire7_graph5_rank0028,Automatic,1,ok,385.281,40,2,1,0,0,2305843009213693967:37;2305843009213693973:3,Symbolica_default,cached_powers_Q,13,10,0.622,BalancedZippelSeparated
fire7_graph5_rank0029,Automatic,1,ok,328.971,40,2,1,0,0,2305843009213693967:37;2305843009213693973:3,Symbolica_default,cached_powers_Q,17,10,0.443,BalancedZippelSeparated
fire7_graph5_rank0030,Automatic,1,ok,331.761,36,2,1,0,0,2305843009213693967:33;2305843009213693973:3,Symbolica_default,cached_powers_Q,14,8,0.414,BalancedZippelSeparated
fire7_graph5_rank0031,Automatic,1,ok,336.141,31,2,1,0,0,2305843009213693967:28;2305843009213693973:3,Symbolica_default,cached_powers_Q,12,10,0.524,BalancedZippelSeparated
fire7_graph5_rank0032,Automatic,1,ok,277.901,31,2,1,0,0,2305843009213693967:28;2305843009213693973:3,Symbolica_default,cached_powers_Q,10,12,0.547,BalancedZippelSeparated
fire7_graph5_rank0033,Automatic,1,ok,572.402,36,2,1,0,0,2305843009213693967:33;2305843009213693973:3,Symbolica_default,cached_powers_Q,14,10,0.752,BalancedZippelSeparated
fire7_graph5_rank0034,Automatic,1,ok,292.611,34,2,1,0,0,2305843009213693967:31;2305843009213693973:3,Symbolica_default,cached_powers_Q,13,12,0.593,BalancedZippelSeparated
fire7_graph5_rank0035,Automatic,1,ok,268.992,32,2,1,0,0,2305843009213693967:29;2305843009213693973:3,Symbolica_default,cached_powers_Q,9,10,0.497,BalancedZippelSeparated
fire7_graph5_rank0036,Automatic,1,ok,270.191,33,2,1,0,0,2305843009213693967:30;2305843009213693973:3,Symbolica_default,cached_powers_Q,12,10,0.497,BalancedZippelSeparated
fire7_graph5_rank0037,Automatic,1,ok,261.611,27,2,1,0,0,2305843009213693967:24;2305843009213693973:3,Symbolica_default,cached_powers_Q,6,12,0.371,BalancedZippelSeparated
fire7_graph5_rank0038,Automatic,1,ok,566.191,30,2,1,0,0,2305843009213693967:27;2305843009213693973:3,Symbolica_default,cached_powers_Q,10,10,0.449,BalancedZippelSeparated
fire7_graph5_rank0039,Automatic,1,ok,308.311,34,2,1,0,0,2305843009213693967:31;2305843009213693973:3,Symbolica_default,cached_powers_Q,10,10,0.450,BalancedZippelSeparated
fire7_graph5_rank0040,Automatic,1,ok,264.671,29,2,1,0,0,2305843009213693967:26;2305843009213693973:3,Symbolica_default,cached_powers_Q,9,8,0.428,BalancedZippelSeparated
fire7_graph5_rank0041,Automatic,1,ok,321.101,29,2,1,0,0,2305843009213693967:26;2305843009213693973:3,Symbolica_default,cached_powers_Q,9,8,0.537,BalancedZippelSeparated
fire7_graph5_rank0042,Automatic,1,ok,260.641,33,2,1,0,0,2305843009213693967:30;2305843009213693973:3,Symbolica_default,cached_powers_Q,13,6,0.560,BalancedZippelSeparated
fire7_graph5_rank0043,Automatic,1,ok,328.881,38,2,1,0,0,2305843009213693967:35;2305843009213693973:3,Symbolica_default,cached_powers_Q,14,10,0.414,BalancedZippelSeparated
fire7_graph5_rank0044,Automatic,1,ok,505.822,32,2,1,0,0,2305843009213693967:29;2305843009213693973:3,Symbolica_default,cached_powers_Q,12,12,0.579,BalancedZippelSeparated
fire7_graph5_rank0045,Automatic,1,ok,259.781,31,2,1,0,0,2305843009213693967:28;2305843009213693973:3,Symbolica_default,cached_powers_Q,12,6,0.537,BalancedZippelSeparated
fire7_graph5_rank0046,Automatic,1,ok,546.582,29,2,1,0,0,2305843009213693967:26;2305843009213693973:3,Symbolica_default,cached_powers_Q,9,10,0.385,BalancedZippelSeparated
fire7_graph5_rank0047,Automatic,1,ok,368.312,42,2,1,0,0,2305843009213693967:39;2305843009213693973:3,Symbolica_default,cached_powers_Q,14,5,0.606,BalancedZippelSeparated
fire7_graph5_rank0048,Automatic,1,ok,519.672,29,2,1,0,0,2305843009213693967:26;2305843009213693973:3,Symbolica_default,cached_powers_Q,10,10,0.420,BalancedZippelSeparated
fire7_graph5_rank0049,Automatic,1,ok,283.971,31,2,1,0,0,2305843009213693967:28;2305843009213693973:3,Symbolica_default,cached_powers_Q,12,6,0.608,BalancedZippelSeparated
fire7_graph5_rank0050,Automatic,1,ok,275.711,30,2,1,0,0,2305843009213693967:27;2305843009213693973:3,Symbolica_default,cached_powers_Q,10,10,0.372,BalancedZippelSeparated
fire7_graph5_rank0051,Automatic,1,ok,251.041,29,2,1,0,0,2305843009213693967:26;2305843009213693973:3,Symbolica_default,cached_powers_Q,9,8,0.649,BalancedZippelSeparated
fire7_graph5_rank0052,Automatic,1,ok,289.771,28,2,1,0,0,2305843009213693967:25;2305843009213693973:3,Symbolica_default,cached_powers_Q,9,8,0.429,BalancedZippelSeparated
fire7_graph5_rank0053,Automatic,1,ok,287.091,28,2,1,0,0,2305843009213693967:25;2305843009213693973:3,Symbolica_default,cached_powers_Q,10,8,0.572,BalancedZippelSeparated
fire7_graph5_rank0054,Automatic,1,ok,275.241,28,2,1,0,0,2305843009213693967:25;2305843009213693973:3,Symbolica_default,cached_powers_Q,10,8,0.539,BalancedZippelSeparated
fire7_graph5_rank0055,Automatic,1,ok,567.042,31,2,1,0,0,2305843009213693967:28;2305843009213693973:3,Symbolica_default,cached_powers_Q,12,6,0.394,BalancedZippelSeparated
fire7_graph5_rank0056,Automatic,1,ok,511.112,28,2,1,0,0,2305843009213693967:25;2305843009213693973:3,Symbolica_default,cached_powers_Q,10,8,0.427,BalancedZippelSeparated
fire7_graph5_rank0057,Automatic,1,ok,362.761,31,2,1,0,0,2305843009213693967:28;2305843009213693973:3,Symbolica_default,cached_powers_Q,12,10,0.421,BalancedZippelSeparated
fire7_graph5_rank0058,Automatic,1,ok,343.011,31,2,1,0,0,2305843009213693967:28;2305843009213693973:3,Symbolica_default,cached_powers_Q,12,6,0.488,BalancedZippelSeparated
fire7_graph5_rank0059,Automatic,1,ok,498.762,30,2,1,0,0,2305843009213693967:27;2305843009213693973:3,Symbolica_default,cached_powers_Q,9,10,0.385,BalancedZippelSeparated
fire7_graph5_rank0060,Automatic,1,ok,286.901,28,2,1,0,0,2305843009213693967:25;2305843009213693973:3,Symbolica_default,cached_powers_Q,10,8,0.643,BalancedZippelSeparated
fire7_graph5_rank0061,Automatic,1,ok,246.671,32,2,1,0,0,2305843009213693967:29;2305843009213693973:3,Symbolica_default,cached_powers_Q,10,5,0.537,BalancedZippelSeparated
fire7_graph5_rank0062,Automatic,1,ok,306.261,31,2,1,0,0,2305843009213693967:28;2305843009213693973:3,Symbolica_default,cached_powers_Q,11,10,0.394,BalancedZippelSeparated
fire7_graph5_rank0063,Automatic,1,ok,278.041,28,2,1,0,0,2305843009213693967:25;2305843009213693973:3,Symbolica_default,cached_powers_Q,10,8,0.401,BalancedZippelSeparated
fire7_graph5_rank0064,Automatic,1,ok,256.641,26,2,1,0,0,2305843009213693967:23;2305843009213693973:3,Symbolica_default,cached_powers_Q,8,8,0.450,BalancedZippelSeparated
fire7_graph5_rank0065,Automatic,1,ok,470.522,28,2,1,0,0,2305843009213693967:25;2305843009213693973:3,Symbolica_default,cached_powers_Q,10,8,0.319,BalancedZippelSeparated
fire7_graph5_rank0066,Automatic,1,ok,300.901,31,2,1,0,0,2305843009213693967:28;2305843009213693973:3,Symbolica_default,cached_powers_Q,12,10,0.620,BalancedZippelSeparated
fire7_graph5_rank0067,Automatic,1,ok,483.301,28,2,1,0,0,2305843009213693967:25;2305843009213693973:3,Symbolica_default,cached_powers_Q,9,8,0.383,BalancedZippelSeparated
fire7_graph5_rank0068,Automatic,1,ok,521.312,32,2,1,0,0,2305843009213693967:29;2305843009213693973:3,Symbolica_default,cached_powers_Q,11,8,0.401,BalancedZippelSeparated
fire7_graph5_rank0069,Automatic,1,ok,307.581,29,2,1,0,0,2305843009213693967:26;2305843009213693973:3,Symbolica_default,cached_powers_Q,9,6,0.383,BalancedZippelSeparated
fire7_graph5_rank0070,Automatic,1,ok,352.311,29,2,1,0,0,2305843009213693967:26;2305843009213693973:3,Symbolica_default,cached_powers_Q,7,10,0.599,BalancedZippelSeparated
fire7_graph5_rank0071,Automatic,1,ok,490.412,32,2,1,0,0,2305843009213693967:29;2305843009213693973:3,Symbolica_default,cached_powers_Q,11,8,0.394,BalancedZippelSeparated
fire7_graph5_rank0072,Automatic,1,ok,521.762,28,2,1,0,0,2305843009213693967:25;2305843009213693973:3,Symbolica_default,cached_powers_Q,10,8,0.432,BalancedZippelSeparated
fire7_graph5_rank0073,Automatic,1,ok,255.891,30,2,1,0,0,2305843009213693967:27;2305843009213693973:3,Symbolica_default,cached_powers_Q,11,5,0.541,BalancedZippelSeparated
fire7_graph5_rank0074,Automatic,1,ok,288.971,32,2,1,0,0,2305843009213693967:29;2305843009213693973:3,Symbolica_default,cached_powers_Q,9,10,0.407,BalancedZippelSeparated
fire7_graph5_rank0075,Automatic,1,ok,290.721,32,2,1,0,0,2305843009213693967:29;2305843009213693973:3,Symbolica_default,cached_powers_Q,11,8,0.356,BalancedZippelSeparated
fire7_graph5_rank0076,Automatic,1,ok,472.822,28,2,1,0,0,2305843009213693967:25;2305843009213693973:3,Symbolica_default,cached_powers_Q,10,5,0.369,BalancedZippelSeparated
fire7_graph5_rank0077,Automatic,1,ok,276.901,26,2,1,0,0,2305843009213693967:23;2305843009213693973:3,Symbolica_default,cached_powers_Q,8,8,0.418,BalancedZippelSeparated
fire7_graph5_rank0078,Automatic,1,ok,277.131,27,2,1,0,0,2305843009213693967:24;2305843009213693973:3,Symbolica_default,cached_powers_Q,7,8,0.424,BalancedZippelSeparated
fire7_graph5_rank0079,Automatic,1,ok,291.192,27,2,1,0,0,2305843009213693967:24;2305843009213693973:3,Symbolica_default,cached_powers_Q,7,8,0.682,BalancedZippelSeparated
fire7_graph5_rank0080,Automatic,1,ok,250.741,25,2,1,0,0,2305843009213693967:22;2305843009213693973:3,Symbolica_default,cached_powers_Q,8,6,0.428,BalancedZippelSeparated
fire7_graph5_rank0081,Automatic,1,ok,247.980,26,2,1,0,0,2305843009213693967:23;2305843009213693973:3,Symbolica_default,cached_powers_Q,7,6,0.614,BalancedZippelSeparated
fire7_graph5_rank0082,Automatic,1,ok,290.781,26,2,1,0,0,2305843009213693967:23;2305843009213693973:3,Symbolica_default,cached_powers_Q,8,8,0.631,BalancedZippelSeparated
fire7_graph5_rank0083,Automatic,1,ok,524.222,26,2,1,0,0,2305843009213693967:23;2305843009213693973:3,Symbolica_default,cached_powers_Q,8,8,0.409,BalancedZippelSeparated
fire7_graph5_rank0084,Automatic,1,ok,258.481,26,2,1,0,0,2305843009213693967:23;2305843009213693973:3,Symbolica_default,cached_powers_Q,8,8,0.388,BalancedZippelSeparated
fire7_graph5_rank0085,Automatic,1,ok,236.720,29,2,1,0,0,2305843009213693967:26;2305843009213693973:3,Symbolica_default,cached_powers_Q,8,5,0.412,BalancedZippelSeparated
fire7_graph5_rank0086,Automatic,1,ok,451.022,24,2,1,0,0,2305843009213693967:21;2305843009213693973:3,Symbolica_default,cached_powers_Q,5,8,0.404,BalancedZippelSeparated
fire7_graph5_rank0087,Automatic,1,ok,526.112,26,2,1,0,0,2305843009213693967:23;2305843009213693973:3,Symbolica_default,cached_powers_Q,7,6,0.447,BalancedZippelSeparated
fire7_graph5_rank0088,Automatic,1,ok,529.053,25,2,1,0,0,2305843009213693967:22;2305843009213693973:3,Symbolica_default,cached_powers_Q,8,6,0.461,BalancedZippelSeparated
fire7_graph5_rank0089,Automatic,1,ok,292.481,31,2,1,0,0,2305843009213693967:28;2305843009213693973:3,Symbolica_default,cached_powers_Q,10,12,0.661,BalancedZippelSeparated
fire7_graph5_rank0090,Automatic,1,ok,237.761,27,2,1,0,0,2305843009213693967:24;2305843009213693973:3,Symbolica_default,cached_powers_Q,7,8,0.383,BalancedZippelSeparated
fire7_graph5_rank0091,Automatic,1,ok,274.101,31,2,1,0,0,2305843009213693967:28;2305843009213693973:3,Symbolica_default,cached_powers_Q,12,5,0.316,BalancedZippelSeparated
fire7_graph5_rank0092,Automatic,1,ok,294.291,28,2,1,0,0,2305843009213693967:25;2305843009213693973:3,Symbolica_default,cached_powers_Q,10,5,0.472,BalancedZippelSeparated
fire7_graph5_rank0093,Automatic,1,ok,288.481,30,2,1,0,0,2305843009213693967:27;2305843009213693973:3,Symbolica_default,cached_powers_Q,10,5,0.390,BalancedZippelSeparated
fire7_graph5_rank0094,Automatic,1,ok,264.991,28,2,1,0,0,2305843009213693967:25;2305843009213693973:3,Symbolica_default,cached_powers_Q,10,5,0.408,BalancedZippelSeparated
fire7_graph5_rank0095,Automatic,1,ok,562.442,28,2,1,0,0,2305843009213693967:25;2305843009213693973:3,Symbolica_default,cached_powers_Q,8,10,0.433,BalancedZippelSeparated
fire7_graph5_rank0096,Automatic,1,ok,278.861,29,2,1,0,0,2305843009213693967:26;2305843009213693973:3,Symbolica_default,cached_powers_Q,7,10,0.426,BalancedZippelSeparated
fire7_graph5_rank0097,Automatic,1,ok,335.671,26,2,1,0,0,2305843009213693967:23;2305843009213693973:3,Symbolica_default,cached_powers_Q,8,8,0.552,BalancedZippelSeparated
fire7_graph5_rank0098,Automatic,1,ok,265.011,25,2,1,0,0,2305843009213693967:22;2305843009213693973:3,Symbolica_default,cached_powers_Q,4,10,0.358,BalancedZippelSeparated
fire7_graph5_rank0099,Automatic,1,ok,250.311,29,2,1,0,0,2305843009213693967:26;2305843009213693973:3,Symbolica_default,cached_powers_Q,7,10,0.302,BalancedZippelSeparated
fire7_graph5_rank0100,Automatic,1,ok,272.401,28,2,1,0,0,2305843009213693967:25;2305843009213693973:3,Symbolica_default,cached_powers_Q,6,10,0.361,BalancedZippelSeparated
fire7_graph5_rank0101,Automatic,1,ok,225.351,30,2,1,0,0,2305843009213693967:27;2305843009213693973:3,Symbolica_default,cached_powers_Q,9,6,0.293,BalancedZippelSeparated
fire7_graph5_rank0102,Automatic,1,ok,233.551,25,2,1,0,0,2305843009213693967:22;2305843009213693973:3,Symbolica_default,cached_powers_Q,5,10,0.372,BalancedZippelSeparated
fire7_graph5_rank0103,Automatic,1,ok,327.511,28,2,1,0,0,2305843009213693967:25;2305843009213693973:3,Symbolica_default,cached_powers_Q,8,6,0.622,BalancedZippelSeparated
fire7_graph5_rank0104,Automatic,1,ok,276.572,28,2,1,0,0,2305843009213693967:25;2305843009213693973:3,Symbolica_default,cached_powers_Q,8,6,0.462,BalancedZippelSeparated
fire7_graph5_rank0105,Automatic,1,ok,303.842,28,2,1,0,0,2305843009213693967:25;2305843009213693973:3,Symbolica_default,cached_powers_Q,8,10,0.760,BalancedZippelSeparated
fire7_graph5_rank0106,Automatic,1,ok,523.272,28,2,1,0,0,2305843009213693967:25;2305843009213693973:3,Symbolica_default,cached_powers_Q,10,5,0.377,BalancedZippelSeparated
fire7_graph5_rank0107,Automatic,1,ok,265.532,28,2,1,0,0,2305843009213693967:25;2305843009213693973:3,Symbolica_default,cached_powers_Q,8,6,0.452,BalancedZippelSeparated
fire7_graph5_rank0108,Automatic,1,ok,250.891,24,2,1,0,0,2305843009213693967:21;2305843009213693973:3,Symbolica_default,cached_powers_Q,5,8,0.564,BalancedZippelSeparated
fire7_graph5_rank0109,Automatic,1,ok,301.981,26,2,1,0,0,2305843009213693967:23;2305843009213693973:3,Symbolica_default,cached_powers_Q,8,8,0.427,BalancedZippelSeparated
fire7_graph5_rank0110,Automatic,1,ok,276.241,28,2,1,0,0,2305843009213693967:25;2305843009213693973:3,Symbolica_default,cached_powers_Q,10,5,0.659,BalancedZippelSeparated
fire7_graph5_rank0111,Automatic,1,ok,247.731,28,2,1,0,0,2305843009213693967:25;2305843009213693973:3,Symbolica_default,cached_powers_Q,10,5,0.360,BalancedZippelSeparated
fire7_graph5_rank0112,Automatic,1,ok,230.031,27,2,1,0,0,2305843009213693967:24;2305843009213693973:3,Symbolica_default,cached_powers_Q,8,5,0.577,BalancedZippelSeparated
fire7_graph5_rank0113,Automatic,1,ok,248.481,27,2,1,0,0,2305843009213693967:24;2305843009213693973:3,Symbolica_default,cached_powers_Q,8,4,0.445,BalancedZippelSeparated
fire7_graph5_rank0114,Automatic,1,ok,518.242,26,2,1,0,0,2305843009213693967:23;2305843009213693973:3,Symbolica_default,cached_powers_Q,6,8,0.427,BalancedZippelSeparated
fire7_graph5_rank0115,Automatic,1,ok,270.681,25,2,1,0,0,2305843009213693967:22;2305843009213693973:3,Symbolica_default,cached_powers_Q,5,10,0.619,BalancedZippelSeparated
fire7_graph5_rank0116,Automatic,1,ok,527.092,26,2,1,0,0,2305843009213693967:23;2305843009213693973:3,Symbolica_default,cached_powers_Q,7,8,0.377,BalancedZippelSeparated
fire7_graph5_rank0117,Automatic,1,ok,335.061,30,2,1,0,0,2305843009213693967:27;2305843009213693973:3,Symbolica_default,cached_powers_Q,9,10,0.553,BalancedZippelSeparated
fire7_graph5_rank0118,Automatic,1,ok,263.161,26,2,1,0,0,2305843009213693967:23;2305843009213693973:3,Symbolica_default,cached_powers_Q,7,6,0.290,BalancedZippelSeparated
fire7_graph5_rank0119,Automatic,1,ok,271.661,29,2,1,0,0,2305843009213693967:26;2305843009213693973:3,Symbolica_default,cached_powers_Q,8,6,0.392,BalancedZippelSeparated
fire7_graph5_rank0120,Automatic,1,ok,223.501,28,2,1,0,0,2305843009213693967:25;2305843009213693973:3,Symbolica_default,cached_powers_Q,10,5,0.364,BalancedZippelSeparated
fire7_graph5_rank0121,Automatic,1,ok,225.572,24,2,1,0,0,2305843009213693967:21;2305843009213693973:3,Symbolica_default,cached_powers_Q,6,6,0.657,BalancedZippelSeparated
fire7_graph5_rank0122,Automatic,1,ok,267.421,24,2,1,0,0,2305843009213693967:21;2305843009213693973:3,Symbolica_default,cached_powers_Q,6,6,0.610,BalancedZippelSeparated
fire7_graph5_rank0123,Automatic,1,ok,294.701,26,2,1,0,0,2305843009213693967:23;2305843009213693973:3,Symbolica_default,cached_powers_Q,7,8,0.612,BalancedZippelSeparated
fire7_graph5_rank0124,Automatic,1,ok,266.121,28,2,1,0,0,2305843009213693967:25;2305843009213693973:3,Symbolica_default,cached_powers_Q,10,5,0.379,BalancedZippelSeparated
fire7_graph5_rank0125,Automatic,1,ok,251.971,24,2,1,0,0,2305843009213693967:21;2305843009213693973:3,Symbolica_default,cached_powers_Q,6,6,0.454,BalancedZippelSeparated
fire7_graph5_rank0126,Automatic,1,ok,276.091,30,2,1,0,0,2305843009213693967:27;2305843009213693973:3,Symbolica_default,cached_powers_Q,9,5,0.572,BalancedZippelSeparated
fire7_graph5_rank0127,Automatic,1,ok,415.342,28,2,1,0,0,2305843009213693967:25;2305843009213693973:3,Symbolica_default,cached_powers_Q,9,5,0.371,BalancedZippelSeparated
fire7_graph5_rank0128,Automatic,1,ok,262.231,26,2,1,0,0,2305843009213693967:23;2305843009213693973:3,Symbolica_default,cached_powers_Q,8,8,0.484,BalancedZippelSeparated
fire7_graph5_rank0129,Automatic,1,ok,224.611,27,2,1,0,0,2305843009213693967:24;2305843009213693973:3,Symbolica_default,cached_powers_Q,8,5,0.299,BalancedZippelSeparated
fire7_graph5_rank0130,Automatic,1,ok,270.881,34,2,1,0,0,2305843009213693967:31;2305843009213693973:3,Symbolica_default,cached_powers_Q,11,10,0.363,BalancedZippelSeparated
fire7_graph5_rank0131,Automatic,1,ok,260.681,26,2,1,0,0,2305843009213693967:23;2305843009213693973:3,Symbolica_default,cached_powers_Q,6,8,0.642,BalancedZippelSeparated
fire7_graph5_rank0132,Automatic,1,ok,478.152,26,2,1,0,0,2305843009213693967:23;2305843009213693973:3,Symbolica_default,cached_powers_Q,6,4,0.451,BalancedZippelSeparated
fire7_graph5_rank0133,Automatic,1,ok,265.821,29,2,1,0,0,2305843009213693967:26;2305843009213693973:3,Symbolica_default,cached_powers_Q,8,5,0.630,BalancedZippelSeparated
fire7_graph5_rank0134,Automatic,1,ok,274.892,28,2,1,0,0,2305843009213693967:25;2305843009213693973:3,Symbolica_default,cached_powers_Q,9,5,0.618,BalancedZippelSeparated
fire7_graph5_rank0135,Automatic,1,ok,267.561,25,2,1,0,0,2305843009213693967:22;2305843009213693973:3,Symbolica_default,cached_powers_Q,8,6,0.413,BalancedZippelSeparated
fire7_graph5_rank0136,Automatic,1,ok,282.321,26,2,1,0,0,2305843009213693967:23;2305843009213693973:3,Symbolica_default,cached_powers_Q,7,6,0.358,BalancedZippelSeparated
fire7_graph5_rank0137,Automatic,1,ok,277.691,25,2,1,0,0,2305843009213693967:22;2305843009213693973:3,Symbolica_default,cached_powers_Q,8,6,0.366,BalancedZippelSeparated
fire7_graph5_rank0138,Automatic,1,ok,219.211,24,2,1,0,0,2305843009213693967:21;2305843009213693973:3,Symbolica_default,cached_powers_Q,5,6,0.379,BalancedZippelSeparated
fire7_graph5_rank0139,Automatic,1,ok,247.701,36,2,1,0,0,2305843009213693967:33;2305843009213693973:3,Symbolica_default,cached_powers_Q,10,5,0.332,BalancedZippelSeparated
fire7_graph5_rank0140,Automatic,1,ok,289.291,30,2,1,0,0,2305843009213693967:27;2305843009213693973:3,Symbolica_default,cached_powers_Q,8,12,0.647,BalancedZippelSeparated
fire7_graph5_rank0141,Automatic,1,ok,273.671,23,2,1,0,0,2305843009213693967:20;2305843009213693973:3,Symbolica_default,cached_powers_Q,6,6,0.695,BalancedZippelSeparated
fire7_graph5_rank0142,Automatic,1,ok,357.201,25,2,1,0,0,2305843009213693967:22;2305843009213693973:3,Symbolica_default,cached_powers_Q,7,6,0.568,BalancedZippelSeparated
fire7_graph5_rank0143,Automatic,1,ok,364.162,30,2,1,0,0,2305843009213693967:27;2305843009213693973:3,Symbolica_default,cached_powers_Q,9,8,0.579,BalancedZippelSeparated
fire7_graph5_rank0144,Automatic,1,ok,423.312,27,2,1,0,0,2305843009213693967:24;2305843009213693973:3,Symbolica_default,cached_powers_Q,7,4,0.412,BalancedZippelSeparated
fire7_graph5_rank0145,Automatic,1,ok,230.751,26,2,1,0,0,2305843009213693967:23;2305843009213693973:3,Symbolica_default,cached_powers_Q,7,6,0.471,BalancedZippelSeparated
fire7_graph5_rank0146,Automatic,1,ok,282.091,26,2,1,0,0,2305843009213693967:23;2305843009213693973:3,Symbolica_default,cached_powers_Q,7,6,0.355,BalancedZippelSeparated
fire7_graph5_rank0147,Automatic,1,ok,228.571,24,2,1,0,0,2305843009213693967:21;2305843009213693973:3,Symbolica_default,cached_powers_Q,5,6,0.348,BalancedZippelSeparated
fire7_graph5_rank0148,Automatic,1,ok,235.411,25,2,1,0,0,2305843009213693967:22;2305843009213693973:3,Symbolica_default,cached_powers_Q,8,6,0.477,BalancedZippelSeparated
fire7_graph5_rank0149,Automatic,1,ok,259.050,27,2,1,0,0,2305843009213693967:24;2305843009213693973:3,Symbolica_default,cached_powers_Q,5,12,0.437,BalancedZippelSeparated
fire7_graph5_rank0150,Automatic,1,ok,500.222,26,2,1,0,0,2305843009213693967:23;2305843009213693973:3,Symbolica_default,cached_powers_Q,8,8,0.391,BalancedZippelSeparated
fire7_graph5_rank0151,Automatic,1,ok,259.321,31,2,1,0,0,2305843009213693967:28;2305843009213693973:3,Symbolica_default,cached_powers_Q,8,6,0.399,BalancedZippelSeparated
fire7_graph5_rank0152,Automatic,1,ok,252.821,25,2,1,0,0,2305843009213693967:22;2305843009213693973:3,Symbolica_default,cached_powers_Q,5,10,0.377,BalancedZippelSeparated
fire7_graph5_rank0153,Automatic,1,ok,264.381,25,2,1,0,0,2305843009213693967:22;2305843009213693973:3,Symbolica_default,cached_powers_Q,6,6,0.448,BalancedZippelSeparated
fire7_graph5_rank0154,Automatic,1,ok,275.651,28,2,1,0,0,2305843009213693967:25;2305843009213693973:3,Symbolica_default,cached_powers_Q,8,8,0.630,BalancedZippelSeparated
fire7_graph5_rank0155,Automatic,1,ok,253.441,26,2,1,0,0,2305843009213693967:23;2305843009213693973:3,Symbolica_default,cached_powers_Q,6,8,0.327,BalancedZippelSeparated
fire7_graph5_rank0156,Automatic,1,ok,437.091,27,2,1,0,0,2305843009213693967:24;2305843009213693973:3,Symbolica_default,cached_powers_Q,9,4,0.280,BalancedZippelSeparated
fire7_graph5_rank0157,Automatic,1,ok,236.841,26,2,1,0,0,2305843009213693967:23;2305843009213693973:3,Symbolica_default,cached_powers_Q,6,5,0.576,BalancedZippelSeparated
fire7_graph5_rank0158,Automatic,1,ok,206.271,22,2,1,0,0,2305843009213693967:19;2305843009213693973:3,Symbolica_default,cached_powers_Q,5,5,0.351,BalancedZippelSeparated
fire7_graph5_rank0159,Automatic,1,ok,474.942,30,2,1,0,0,2305843009213693967:27;2305843009213693973:3,Symbolica_default,cached_powers_Q,8,8,0.383,BalancedZippelSeparated
fire7_graph5_rank0160,Automatic,1,ok,258.550,27,2,1,0,0,2305843009213693967:24;2305843009213693973:3,Symbolica_default,cached_powers_Q,9,4,0.364,BalancedZippelSeparated
fire7_graph5_rank0161,Automatic,1,ok,547.232,23,2,1,0,0,2305843009213693967:20;2305843009213693973:3,Symbolica_default,cached_powers_Q,4,8,0.359,BalancedZippelSeparated
fire7_graph5_rank0162,Automatic,1,ok,334.162,25,2,1,0,0,2305843009213693967:22;2305843009213693973:3,Symbolica_default,cached_powers_Q,8,6,0.414,BalancedZippelSeparated
fire7_graph5_rank0163,Automatic,1,ok,215.411,21,2,1,0,0,2305843009213693967:18;2305843009213693973:3,Symbolica_default,cached_powers_Q,3,6,0.672,BalancedZippelSeparated
fire7_graph5_rank0164,Automatic,1,ok,234.701,31,2,1,0,0,2305843009213693967:28;2305843009213693973:3,Symbolica_default,cached_powers_Q,7,6,0.280,BalancedZippelSeparated
fire7_graph5_rank0165,Automatic,1,ok,222.541,25,2,1,0,0,2305843009213693967:22;2305843009213693973:3,Symbolica_default,cached_powers_Q,5,10,0.460,BalancedZippelSeparated
fire7_graph5_rank0166,Automatic,1,ok,265.311,27,2,1,0,0,2305843009213693967:24;2305843009213693973:3,Symbolica_default,cached_powers_Q,9,4,0.309,BalancedZippelSeparated
fire7_graph5_rank0167,Automatic,1,ok,258.861,28,2,1,0,0,2305843009213693967:25;2305843009213693973:3,Symbolica_default,cached_powers_Q,9,6,0.456,BalancedZippelSeparated
fire7_graph5_rank0168,Automatic,1,ok,272.601,23,2,1,0,0,2305843009213693967:20;2305843009213693973:3,Symbolica_default,cached_powers_Q,6,6,0.597,BalancedZippelSeparated
fire7_graph5_rank0169,Automatic,1,ok,252.391,29,2,1,0,0,2305843009213693967:26;2305843009213693973:3,Symbolica_default,cached_powers_Q,8,6,0.397,BalancedZippelSeparated
fire7_graph5_rank0170,Automatic,1,ok,327.451,28,2,1,0,0,2305843009213693967:25;2305843009213693973:3,Symbolica_default,cached_powers_Q,8,10,0.524,BalancedZippelSeparated
fire7_graph5_rank0171,Automatic,1,ok,240.880,22,2,1,0,0,2305843009213693967:19;2305843009213693973:3,Symbolica_default,cached_powers_Q,4,6,0.384,BalancedZippelSeparated
fire7_graph5_rank0172,Automatic,1,ok,218.331,27,2,1,0,0,2305843009213693967:24;2305843009213693973:3,Symbolica_default,cached_powers_Q,6,3,0.588,BalancedZippelSeparated
fire7_graph5_rank0173,Automatic,1,ok,248.831,25,2,1,0,0,2305843009213693967:22;2305843009213693973:3,Symbolica_default,cached_powers_Q,6,8,0.468,BalancedZippelSeparated
fire7_graph5_rank0174,Automatic,1,ok,248.131,24,2,1,0,0,2305843009213693967:21;2305843009213693973:3,Symbolica_default,cached_powers_Q,4,6,0.470,BalancedZippelSeparated
fire7_graph5_rank0175,Automatic,1,ok,223.501,25,2,1,0,0,2305843009213693967:22;2305843009213693973:3,Symbolica_default,cached_powers_Q,8,4,0.316,BalancedZippelSeparated
fire7_graph5_rank0176,Automatic,1,ok,264.811,28,2,1,0,0,2305843009213693967:25;2305843009213693973:3,Symbolica_default,cached_powers_Q,8,6,0.549,BalancedZippelSeparated
fire7_graph5_rank0177,Automatic,1,ok,452.012,23,2,1,0,0,2305843009213693967:20;2305843009213693973:3,Symbolica_default,cached_powers_Q,6,6,0.422,BalancedZippelSeparated
fire7_graph5_rank0178,Automatic,1,ok,305.691,27,2,1,0,0,2305843009213693967:24;2305843009213693973:3,Symbolica_default,cached_powers_Q,8,6,0.381,BalancedZippelSeparated
fire7_graph5_rank0179,Automatic,1,ok,491.732,26,2,1,0,0,2305843009213693967:23;2305843009213693973:3,Symbolica_default,cached_powers_Q,5,8,0.367,BalancedZippelSeparated
fire7_graph5_rank0180,Automatic,1,ok,446.231,30,2,1,0,0,2305843009213693967:27;2305843009213693973:3,Symbolica_default,cached_powers_Q,8,8,0.410,BalancedZippelSeparated
fire7_graph5_rank0181,Automatic,1,ok,271.441,30,2,1,0,0,2305843009213693967:27;2305843009213693973:3,Symbolica_default,cached_powers_Q,8,8,0.372,BalancedZippelSeparated
fire7_graph5_rank0182,Automatic,1,ok,460.221,30,2,1,0,0,2305843009213693967:27;2305843009213693973:3,Symbolica_default,cached_powers_Q,8,8,0.364,BalancedZippelSeparated
fire7_graph5_rank0183,Automatic,1,ok,219.971,25,2,1,0,0,2305843009213693967:22;2305843009213693973:3,Symbolica_default,cached_powers_Q,7,4,0.339,BalancedZippelSeparated
fire7_graph5_rank0184,Automatic,1,ok,185.711,26,2,1,0,0,2305843009213693967:23;2305843009213693973:3,Symbolica_default,cached_powers_Q,6,3,0.488,BalancedZippelSeparated
fire7_graph5_rank0185,Automatic,1,ok,203.241,20,2,1,0,0,2305843009213693967:17;2305843009213693973:3,Symbolica_default,cached_powers_Q,4,4,0.395,BalancedZippelSeparated
fire7_graph5_rank0186,Automatic,1,ok,240.691,25,2,1,0,0,2305843009213693967:22;2305843009213693973:3,Symbolica_default,cached_powers_Q,8,4,0.380,BalancedZippelSeparated
fire7_graph5_rank0187,Automatic,1,ok,239.171,25,2,1,0,0,2305843009213693967:22;2305843009213693973:3,Symbolica_default,cached_powers_Q,7,4,0.637,BalancedZippelSeparated
fire7_graph5_rank0188,Automatic,1,ok,241.441,25,2,1,0,0,2305843009213693967:22;2305843009213693973:3,Symbolica_default,cached_powers_Q,7,4,0.580,BalancedZippelSeparated
fire7_graph5_rank0189,Automatic,1,ok,525.402,27,2,1,0,0,2305843009213693967:24;2305843009213693973:3,Symbolica_default,cached_powers_Q,8,6,0.403,BalancedZippelSeparated
fire7_graph5_rank0190,Automatic,1,ok,262.101,25,2,1,0,0,2305843009213693967:22;2305843009213693973:3,Symbolica_default,cached_powers_Q,5,8,0.345,BalancedZippelSeparated
fire7_graph5_rank0191,Automatic,1,ok,221.830,26,2,1,0,0,2305843009213693967:23;2305843009213693973:3,Symbolica_default,cached_powers_Q,6,4,0.388,BalancedZippelSeparated
fire7_graph5_rank0192,Automatic,1,ok,217.861,22,2,1,0,0,2305843009213693967:19;2305843009213693973:3,Symbolica_default,cached_powers_Q,4,6,0.343,BalancedZippelSeparated
fire7_graph5_rank0193,Automatic,1,ok,205.801,22,2,1,0,0,2305843009213693967:19;2305843009213693973:3,Symbolica_default,cached_powers_Q,4,6,0.297,BalancedZippelSeparated
fire7_graph5_rank0194,Automatic,1,ok,205.040,22,2,1,0,0,2305843009213693967:19;2305843009213693973:3,Symbolica_default,cached_powers_Q,4,6,0.470,BalancedZippelSeparated
fire7_graph5_rank0195,Automatic,1,ok,240.781,22,2,1,0,0,2305843009213693967:19;2305843009213693973:3,Symbolica_default,cached_powers_Q,4,6,0.363,BalancedZippelSeparated
fire7_graph5_rank0196,Automatic,1,ok,260.891,24,2,1,0,0,2305843009213693967:21;2305843009213693973:3,Symbolica_default,cached_powers_Q,6,6,0.611,BalancedZippelSeparated
fire7_graph5_rank0197,Automatic,1,ok,472.752,24,2,1,0,0,2305843009213693967:21;2305843009213693973:3,Symbolica_default,cached_powers_Q,4,6,0.444,BalancedZippelSeparated
fire7_graph5_rank0198,Automatic,1,ok,278.301,24,2,1,0,0,2305843009213693967:21;2305843009213693973:3,Symbolica_default,cached_powers_Q,6,6,0.606,BalancedZippelSeparated
fire7_graph5_rank0199,Automatic,1,ok,220.230,24,2,1,0,0,2305843009213693967:21;2305843009213693973:3,Symbolica_default,cached_powers_Q,5,8,0.313,BalancedZippelSeparated
fire7_graph5_rank0200,Automatic,1,ok,269.641,23,2,1,0,0,2305843009213693967:20;2305843009213693973:3,Symbolica_default,cached_powers_Q,6,6,0.616,BalancedZippelSeparated
fire7_graph5_rank0201,Automatic,1,ok,421.942,32,2,1,0,0,2305843009213693967:29;2305843009213693973:3,Symbolica_default,cached_powers_Q,7,4,0.314,BalancedZippelSeparated
fire7_graph5_rank0202,Automatic,1,ok,206.591,25,2,1,0,0,2305843009213693967:22;2305843009213693973:3,Symbolica_default,cached_powers_Q,4,10,0.314,BalancedZippelSeparated
fire7_graph5_rank0203,Automatic,1,ok,426.062,25,2,1,0,0,2305843009213693967:22;2305843009213693973:3,Symbolica_default,cached_powers_Q,6,8,0.320,BalancedZippelSeparated
fire7_graph5_rank0204,Automatic,1,ok,409.021,22,2,1,0,0,2305843009213693967:19;2305843009213693973:3,Symbolica_default,cached_powers_Q,6,4,0.441,BalancedZippelSeparated
fire7_graph5_rank0205,Automatic,1,ok,274.861,26,2,1,0,0,2305843009213693967:23;2305843009213693973:3,Symbolica_default,cached_powers_Q,8,8,0.643,BalancedZippelSeparated
fire7_graph5_rank0206,Automatic,1,ok,265.792,23,2,1,0,0,2305843009213693967:20;2305843009213693973:3,Symbolica_default,cached_powers_Q,6,6,0.425,BalancedZippelSeparated
fire7_graph5_rank0207,Automatic,1,ok,287.351,23,2,1,0,0,2305843009213693967:20;2305843009213693973:3,Symbolica_default,cached_powers_Q,6,6,0.653,BalancedZippelSeparated
fire7_graph5_rank0208,Automatic,1,ok,269.741,26,2,1,0,0,2305843009213693967:23;2305843009213693973:3,Symbolica_default,cached_powers_Q,6,8,0.530,BalancedZippelSeparated
fire7_graph5_rank0209,Automatic,1,ok,367.422,22,2,1,0,0,2305843009213693967:19;2305843009213693973:3,Symbolica_default,cached_powers_Q,4,6,0.334,BalancedZippelSeparated
fire7_graph5_rank0210,Automatic,1,ok,225.932,23,2,1,0,0,2305843009213693967:20;2305843009213693973:3,Symbolica_default,cached_powers_Q,4,6,0.624,BalancedZippelSeparated
fire7_graph5_rank0211,Automatic,1,ok,250.371,24,2,1,0,0,2305843009213693967:21;2305843009213693973:3,Symbolica_default,cached_powers_Q,6,6,0.317,BalancedZippelSeparated
fire7_graph5_rank0212,Automatic,1,ok,278.481,24,2,1,0,0,2305843009213693967:21;2305843009213693973:3,Symbolica_default,cached_powers_Q,6,6,0.609,BalancedZippelSeparated
fire7_graph5_rank0213,Automatic,1,ok,495.961,25,2,1,0,0,2305843009213693967:22;2305843009213693973:3,Symbolica_default,cached_powers_Q,8,4,0.387,BalancedZippelSeparated
fire7_graph5_rank0214,Automatic,1,ok,233.721,22,2,1,0,0,2305843009213693967:19;2305843009213693973:3,Symbolica_default,cached_powers_Q,4,6,0.385,BalancedZippelSeparated
fire7_graph5_rank0215,Automatic,1,ok,315.091,25,2,1,0,0,2305843009213693967:22;2305843009213693973:3,Symbolica_default,cached_powers_Q,6,8,0.397,BalancedZippelSeparated
fire7_graph5_rank0216,Automatic,1,ok,246.611,26,2,1,0,0,2305843009213693967:23;2305843009213693973:3,Symbolica_default,cached_powers_Q,5,8,0.568,BalancedZippelSeparated
fire7_graph5_rank0217,Automatic,1,ok,225.210,26,2,1,0,0,2305843009213693967:23;2305843009213693973:3,Symbolica_default,cached_powers_Q,5,8,0.493,BalancedZippelSeparated
fire7_graph5_rank0218,Automatic,1,ok,223.511,25,2,1,0,0,2305843009213693967:22;2305843009213693973:3,Symbolica_default,cached_powers_Q,7,4,0.324,BalancedZippelSeparated
fire7_graph5_rank0219,Automatic,1,ok,257.801,25,2,1,0,0,2305843009213693967:22;2305843009213693973:3,Symbolica_default,cached_powers_Q,8,4,0.343,BalancedZippelSeparated
fire7_graph5_rank0220,Automatic,1,ok,251.951,23,2,1,0,0,2305843009213693967:20;2305843009213693973:3,Symbolica_default,cached_powers_Q,3,8,0.350,BalancedZippelSeparated
fire7_graph5_rank0221,Automatic,1,ok,258.611,25,2,1,0,0,2305843009213693967:22;2305843009213693973:3,Symbolica_default,cached_powers_Q,8,4,0.359,BalancedZippelSeparated
fire7_graph5_rank0222,Automatic,1,ok,442.031,25,2,1,0,0,2305843009213693967:22;2305843009213693973:3,Symbolica_default,cached_powers_Q,8,4,0.371,BalancedZippelSeparated
fire7_graph5_rank0223,Automatic,1,ok,246.351,25,2,1,0,0,2305843009213693967:22;2305843009213693973:3,Symbolica_default,cached_powers_Q,8,4,0.367,BalancedZippelSeparated
fire7_graph5_rank0224,Automatic,1,ok,282.872,23,2,1,0,0,2305843009213693967:20;2305843009213693973:3,Symbolica_default,cached_powers_Q,6,6,0.381,BalancedZippelSeparated
fire7_graph5_rank0225,Automatic,1,ok,212.001,24,2,1,0,0,2305843009213693967:21;2305843009213693973:3,Symbolica_default,cached_powers_Q,6,4,0.373,BalancedZippelSeparated
fire7_graph5_rank0226,Automatic,1,ok,201.771,23,2,1,0,0,2305843009213693967:20;2305843009213693973:3,Symbolica_default,cached_powers_Q,5,4,0.549,BalancedZippelSeparated
fire7_graph5_rank0227,Automatic,1,ok,240.621,25,2,1,0,0,2305843009213693967:22;2305843009213693973:3,Symbolica_default,cached_powers_Q,7,4,0.363,BalancedZippelSeparated
fire7_graph5_rank0228,Automatic,1,ok,266.931,27,2,1,0,0,2305843009213693967:24;2305843009213693973:3,Symbolica_default,cached_powers_Q,6,4,0.387,BalancedZippelSeparated
fire7_graph5_rank0229,Automatic,1,ok,325.242,27,2,1,0,0,2305843009213693967:24;2305843009213693973:3,Symbolica_default,cached_powers_Q,6,4,0.592,BalancedZippelSeparated
fire7_graph5_rank0230,Automatic,1,ok,489.821,23,2,1,0,0,2305843009213693967:20;2305843009213693973:3,Symbolica_default,cached_powers_Q,6,6,0.353,BalancedZippelSeparated
fire7_graph5_rank0231,Automatic,1,ok,469.702,24,2,1,0,0,2305843009213693967:21;2305843009213693973:3,Symbolica_default,cached_powers_Q,5,6,0.396,BalancedZippelSeparated
fire7_graph5_rank0232,Automatic,1,ok,249.470,27,2,1,0,0,2305843009213693967:24;2305843009213693973:3,Symbolica_default,cached_powers_Q,7,4,0.358,BalancedZippelSeparated
fire7_graph5_rank0233,Automatic,1,ok,244.610,25,2,1,0,0,2305843009213693967:22;2305843009213693973:3,Symbolica_default,cached_powers_Q,8,4,0.272,BalancedZippelSeparated
fire7_graph5_rank0234,Automatic,1,ok,217.101,23,2,1,0,0,2305843009213693967:20;2305843009213693973:3,Symbolica_default,cached_powers_Q,6,6,0.337,BalancedZippelSeparated
fire7_graph5_rank0235,Automatic,1,ok,213.452,22,2,1,0,0,2305843009213693967:19;2305843009213693973:3,Symbolica_default,cached_powers_Q,4,6,0.452,BalancedZippelSeparated
fire7_graph5_rank0236,Automatic,1,ok,454.901,30,2,1,0,0,2305843009213693967:27;2305843009213693973:3,Symbolica_default,cached_powers_Q,6,3,0.351,BalancedZippelSeparated
fire7_graph5_rank0237,Automatic,1,ok,314.861,24,2,1,0,0,2305843009213693967:21;2305843009213693973:3,Symbolica_default,cached_powers_Q,5,6,0.533,BalancedZippelSeparated
fire7_graph5_rank0238,Automatic,1,ok,251.801,25,2,1,0,0,2305843009213693967:22;2305843009213693973:3,Symbolica_default,cached_powers_Q,8,4,0.311,BalancedZippelSeparated
fire7_graph5_rank0239,Automatic,1,ok,250.832,28,2,1,0,0,2305843009213693967:25;2305843009213693973:3,Symbolica_default,cached_powers_Q,6,5,0.590,BalancedZippelSeparated
fire7_graph5_rank0240,Automatic,1,ok,261.641,27,2,1,0,0,2305843009213693967:24;2305843009213693973:3,Symbolica_default,cached_powers_Q,7,5,0.573,BalancedZippelSeparated
fire7_graph5_rank0241,Automatic,1,ok,252.091,25,2,1,0,0,2305843009213693967:22;2305843009213693973:3,Symbolica_default,cached_powers_Q,6,6,0.360,BalancedZippelSeparated
fire7_graph5_rank0242,Automatic,1,ok,200.731,21,2,1,0,0,2305843009213693967:18;2305843009213693973:3,Symbolica_default,cached_powers_Q,3,6,0.542,BalancedZippelSeparated
fire7_graph5_rank0243,Automatic,1,ok,254.271,23,2,1,0,0,2305843009213693967:20;2305843009213693973:3,Symbolica_default,cached_powers_Q,6,6,0.580,BalancedZippelSeparated
fire7_graph5_rank0244,Automatic,1,ok,222.561,27,2,1,0,0,2305843009213693967:24;2305843009213693973:3,Symbolica_default,cached_powers_Q,7,4,0.321,BalancedZippelSeparated
fire7_graph5_rank0245,Automatic,1,ok,213.860,30,2,1,0,0,2305843009213693967:27;2305843009213693973:3,Symbolica_default,cached_powers_Q,8,3,0.271,BalancedZippelSeparated
fire7_graph5_rank0246,Automatic,1,ok,271.771,25,2,1,0,0,2305843009213693967:22;2305843009213693973:3,Symbolica_default,cached_powers_Q,5,6,0.628,BalancedZippelSeparated
fire7_graph5_rank0247,Automatic,1,ok,472.571,23,2,1,0,0,2305843009213693967:20;2305843009213693973:3,Symbolica_default,cached_powers_Q,6,6,0.381,BalancedZippelSeparated
fire7_graph5_rank0248,Automatic,1,ok,522.472,25,2,1,0,0,2305843009213693967:22;2305843009213693973:3,Symbolica_default,cached_powers_Q,6,4,0.377,BalancedZippelSeparated
fire7_graph5_rank0249,Automatic,1,ok,227.031,22,2,1,0,0,2305843009213693967:19;2305843009213693973:3,Symbolica_default,cached_powers_Q,4,6,0.359,BalancedZippelSeparated
fire7_graph5_rank0250,Automatic,1,ok,418.792,23,2,1,0,0,2305843009213693967:20;2305843009213693973:3,Symbolica_default,cached_powers_Q,4,6,0.332,BalancedZippelSeparated
fire7_graph5_rank0251,Automatic,1,ok,219.170,22,2,1,0,0,2305843009213693967:19;2305843009213693973:3,Symbolica_default,cached_powers_Q,4,6,0.459,BalancedZippelSeparated
fire7_graph5_rank0252,Automatic,1,ok,255.531,25,2,1,0,0,2305843009213693967:22;2305843009213693973:3,Symbolica_default,cached_powers_Q,7,4,0.330,BalancedZippelSeparated
fire7_graph5_rank0253,Automatic,1,ok,231.661,24,2,1,0,0,2305843009213693967:21;2305843009213693973:3,Symbolica_default,cached_powers_Q,6,6,0.317,BalancedZippelSeparated
fire7_graph5_rank0254,Automatic,1,ok,236.711,21,2,1,0,0,2305843009213693967:18;2305843009213693973:3,Symbolica_default,cached_powers_Q,3,6,0.361,BalancedZippelSeparated
fire7_graph5_rank0255,Automatic,1,ok,248.571,26,2,1,0,0,2305843009213693967:23;2305843009213693973:3,Symbolica_default,cached_powers_Q,6,4,0.345,BalancedZippelSeparated
fire7_graph5_rank0256,Automatic,1,ok,228.320,20,2,1,0,0,2305843009213693967:17;2305843009213693973:3,Symbolica_default,cached_powers_Q,5,4,0.609,BalancedZippelSeparated
fire7_graph5_rank0257,Automatic,1,ok,240.761,26,2,1,0,0,2305843009213693967:23;2305843009213693973:3,Symbolica_default,cached_powers_Q,6,5,0.601,BalancedZippelSeparated
fire7_graph5_rank0258,Automatic,1,ok,441.881,25,2,1,0,0,2305843009213693967:22;2305843009213693973:3,Symbolica_default,cached_powers_Q,7,4,0.287,BalancedZippelSeparated
fire7_graph5_rank0259,Automatic,1,ok,187.891,20,2,1,0,0,2305843009213693967:17;2305843009213693973:3,Symbolica_default,cached_powers_Q,4,4,0.312,BalancedZippelSeparated
fire7_graph5_rank0260,Automatic,1,ok,214.071,26,2,1,0,0,2305843009213693967:23;2305843009213693973:3,Symbolica_default,cached_powers_Q,6,4,0.297,BalancedZippelSeparated
fire7_graph5_rank0261,Automatic,1,ok,488.282,21,2,1,0,0,2305843009213693967:18;2305843009213693973:3,Symbolica_default,cached_powers_Q,3,6,0.355,BalancedZippelSeparated
fire7_graph5_rank0262,Automatic,1,ok,279.371,23,2,1,0,0,2305843009213693967:20;2305843009213693973:3,Symbolica_default,cached_powers_Q,6,6,0.657,BalancedZippelSeparated
fire7_graph5_rank0263,Automatic,1,ok,265.631,26,2,1,0,0,2305843009213693967:23;2305843009213693973:3,Symbolica_default,cached_powers_Q,6,4,0.349,BalancedZippelSeparated
fire7_graph5_rank0264,Automatic,1,ok,317.362,26,2,1,0,0,2305843009213693967:23;2305843009213693973:3,Symbolica_default,cached_powers_Q,6,4,0.513,BalancedZippelSeparated
fire7_graph5_rank0265,Automatic,1,ok,240.311,25,2,1,0,0,2305843009213693967:22;2305843009213693973:3,Symbolica_default,cached_powers_Q,6,4,0.307,BalancedZippelSeparated
fire7_graph5_rank0266,Automatic,1,ok,223.561,26,2,1,0,0,2305843009213693967:23;2305843009213693973:3,Symbolica_default,cached_powers_Q,6,5,0.317,BalancedZippelSeparated
fire7_graph5_rank0267,Automatic,1,ok,352.151,27,2,1,0,0,2305843009213693967:24;2305843009213693973:3,Symbolica_default,cached_powers_Q,7,4,0.341,BalancedZippelSeparated
fire7_graph5_rank0268,Automatic,1,ok,226.551,30,2,1,0,0,2305843009213693967:27;2305843009213693973:3,Symbolica_default,cached_powers_Q,7,4,0.315,BalancedZippelSeparated
fire7_graph5_rank0269,Automatic,1,ok,244.911,25,2,1,0,0,2305843009213693967:22;2305843009213693973:3,Symbolica_default,cached_powers_Q,7,4,0.335,BalancedZippelSeparated
fire7_graph5_rank0270,Automatic,1,ok,251.551,22,2,1,0,0,2305843009213693967:19;2305843009213693973:3,Symbolica_default,cached_powers_Q,6,4,0.605,BalancedZippelSeparated
fire7_graph5_rank0271,Automatic,1,ok,245.061,22,2,1,0,0,2305843009213693967:19;2305843009213693973:3,Symbolica_default,cached_powers_Q,6,4,0.383,BalancedZippelSeparated
fire7_graph5_rank0272,Automatic,1,ok,266.641,23,2,1,0,0,2305843009213693967:20;2305843009213693973:3,Symbolica_default,cached_powers_Q,6,6,0.392,BalancedZippelSeparated
fire7_graph5_rank0273,Automatic,1,ok,435.322,28,2,1,0,0,2305843009213693967:25;2305843009213693973:3,Symbolica_default,cached_powers_Q,6,5,0.362,BalancedZippelSeparated
fire7_graph5_rank0274,Automatic,1,ok,273.191,36,2,1,0,0,2305843009213693967:33;2305843009213693973:3,Symbolica_default,cached_powers_Q,7,3,0.332,BalancedZippelSeparated
fire7_graph5_rank0275,Automatic,1,ok,239.541,25,2,1,0,0,2305843009213693967:22;2305843009213693973:3,Symbolica_default,cached_powers_Q,5,8,0.342,BalancedZippelSeparated
fire7_graph5_rank0276,Automatic,1,ok,380.092,20,2,1,0,0,2305843009213693967:17;2305843009213693973:3,Symbolica_default,cached_powers_Q,4,4,0.313,BalancedZippelSeparated
fire7_graph5_rank0277,Automatic,1,ok,188.821,20,2,1,0,0,2305843009213693967:17;2305843009213693973:3,Symbolica_default,cached_powers_Q,4,4,0.371,BalancedZippelSeparated
fire7_graph5_rank0278,Automatic,1,ok,498.422,21,2,1,0,0,2305843009213693967:18;2305843009213693973:3,Symbolica_default,cached_powers_Q,3,6,0.355,BalancedZippelSeparated
fire7_graph5_rank0279,Automatic,1,ok,272.341,28,2,1,0,0,2305843009213693967:25;2305843009213693973:3,Symbolica_default,cached_powers_Q,6,5,0.563,BalancedZippelSeparated
fire7_graph5_rank0280,Automatic,1,ok,250.631,23,2,1,0,0,2305843009213693967:20;2305843009213693973:3,Symbolica_default,cached_powers_Q,3,8,0.416,BalancedZippelSeparated
fire7_graph5_rank0281,Automatic,1,ok,241.690,23,2,1,0,0,2305843009213693967:20;2305843009213693973:3,Symbolica_default,cached_powers_Q,3,8,0.413,BalancedZippelSeparated
fire7_graph5_rank0282,Automatic,1,ok,487.682,21,2,1,0,0,2305843009213693967:18;2305843009213693973:3,Symbolica_default,cached_powers_Q,3,6,0.376,BalancedZippelSeparated
fire7_graph5_rank0283,Automatic,1,ok,238.010,24,2,1,0,0,2305843009213693967:21;2305843009213693973:3,Symbolica_default,cached_powers_Q,7,3,0.376,BalancedZippelSeparated
fire7_graph5_rank0284,Automatic,1,ok,244.901,25,2,1,0,0,2305843009213693967:22;2305843009213693973:3,Symbolica_default,cached_powers_Q,7,4,0.347,BalancedZippelSeparated
fire7_graph5_rank0285,Automatic,1,ok,208.971,20,2,1,0,0,2305843009213693967:17;2305843009213693973:3,Symbolica_default,cached_powers_Q,4,4,0.347,BalancedZippelSeparated
fire7_graph5_rank0286,Automatic,1,ok,218.371,22,2,1,0,0,2305843009213693967:19;2305843009213693973:3,Symbolica_default,cached_powers_Q,6,4,0.313,BalancedZippelSeparated
fire7_graph5_rank0287,Automatic,1,ok,411.961,22,2,1,0,0,2305843009213693967:19;2305843009213693973:3,Symbolica_default,cached_powers_Q,6,4,0.322,BalancedZippelSeparated
fire7_graph5_rank0288,Automatic,1,ok,178.550,20,2,1,0,0,2305843009213693967:17;2305843009213693973:3,Symbolica_default,cached_powers_Q,4,4,0.349,BalancedZippelSeparated
fire7_graph5_rank0289,Automatic,1,ok,252.681,22,2,1,0,0,2305843009213693967:19;2305843009213693973:3,Symbolica_default,cached_powers_Q,6,4,0.575,BalancedZippelSeparated
fire7_graph5_rank0290,Automatic,1,ok,497.882,21,2,1,0,0,2305843009213693967:18;2305843009213693973:3,Symbolica_default,cached_powers_Q,3,6,0.346,BalancedZippelSeparated
fire7_graph5_rank0291,Automatic,1,ok,527.552,23,2,1,0,0,2305843009213693967:20;2305843009213693973:3,Symbolica_default,cached_powers_Q,4,8,0.358,BalancedZippelSeparated
fire7_graph5_rank0292,Automatic,1,ok,466.402,20,2,1,0,0,2305843009213693967:17;2305843009213693973:3,Symbolica_default,cached_powers_Q,4,4,0.418,BalancedZippelSeparated
fire7_graph5_rank0293,Automatic,1,ok,192.650,19,2,1,0,0,2305843009213693967:16;2305843009213693973:3,Symbolica_default,cached_powers_Q,2,4,0.583,BalancedZippelSeparated
fire7_graph5_rank0294,Automatic,1,ok,230.851,23,2,1,0,0,2305843009213693967:20;2305843009213693973:3,Symbolica_default,cached_powers_Q,4,8,0.337,BalancedZippelSeparated
fire7_graph5_rank0295,Automatic,1,ok,236.741,25,2,1,0,0,2305843009213693967:22;2305843009213693973:3,Symbolica_default,cached_powers_Q,6,8,0.502,BalancedZippelSeparated
fire7_graph5_rank0296,Automatic,1,ok,228.061,22,2,1,0,0,2305843009213693967:19;2305843009213693973:3,Symbolica_default,cached_powers_Q,4,6,0.385,BalancedZippelSeparated
fire7_graph5_rank0297,Automatic,1,ok,509.902,24,2,1,0,0,2305843009213693967:21;2305843009213693973:3,Symbolica_default,cached_powers_Q,6,4,0.371,BalancedZippelSeparated
fire7_graph5_rank0298,Automatic,1,ok,496.022,24,2,1,0,0,2305843009213693967:21;2305843009213693973:3,Symbolica_default,cached_powers_Q,5,4,0.388,BalancedZippelSeparated
fire7_graph5_rank0299,Automatic,1,ok,503.101,26,2,1,0,0,2305843009213693967:23;2305843009213693973:3,Symbolica_default,cached_powers_Q,6,3,0.361,BalancedZippelSeparated
fire7_graph5_rank0300,Automatic,1,ok,231.991,22,2,1,0,0,2305843009213693967:19;2305843009213693973:3,Symbolica_default,cached_powers_Q,4,6,0.522,BalancedZippelSeparated
fire7_graph5_rank0301,Automatic,1,ok,200.820,21,2,1,0,0,2305843009213693967:18;2305843009213693973:3,Symbolica_default,cached_powers_Q,2,6,0.324,BalancedZippelSeparated
fire7_graph5_rank0302,Automatic,1,ok,234.121,24,2,1,0,0,2305843009213693967:21;2305843009213693973:3,Symbolica_default,cached_powers_Q,5,6,0.507,BalancedZippelSeparated
fire7_graph5_rank0303,Automatic,1,ok,238.061,26,2,1,0,0,2305843009213693967:23;2305843009213693973:3,Symbolica_default,cached_powers_Q,5,3,0.462,BalancedZippelSeparated
fire7_graph5_rank0304,Automatic,1,ok,238.961,26,2,1,0,0,2305843009213693967:23;2305843009213693973:3,Symbolica_default,cached_powers_Q,6,4,0.295,BalancedZippelSeparated
fire7_graph5_rank0305,Automatic,1,ok,206.691,23,2,1,0,0,2305843009213693967:20;2305843009213693973:3,Symbolica_default,cached_powers_Q,4,3,0.596,BalancedZippelSeparated
fire7_graph5_rank0306,Automatic,1,ok,261.001,25,2,1,0,0,2305843009213693967:22;2305843009213693973:3,Symbolica_default,cached_powers_Q,6,8,0.357,BalancedZippelSeparated
fire7_graph5_rank0307,Automatic,1,ok,243.751,21,2,1,0,0,2305843009213693967:18;2305843009213693973:3,Symbolica_default,cached_powers_Q,3,6,0.340,BalancedZippelSeparated
fire7_graph5_rank0308,Automatic,1,ok,433.652,21,2,1,0,0,2305843009213693967:18;2305843009213693973:3,Symbolica_default,cached_powers_Q,3,6,0.377,BalancedZippelSeparated
fire7_graph5_rank0309,Automatic,1,ok,503.173,25,2,1,0,0,2305843009213693967:22;2305843009213693973:3,Symbolica_default,cached_powers_Q,6,6,0.386,BalancedZippelSeparated
fire7_graph5_rank0310,Automatic,1,ok,234.511,24,2,1,0,0,2305843009213693967:21;2305843009213693973:3,Symbolica_default,cached_powers_Q,5,6,0.322,BalancedZippelSeparated
fire7_graph5_rank0311,Automatic,1,ok,349.102,24,2,1,0,0,2305843009213693967:21;2305843009213693973:3,Symbolica_default,cached_powers_Q,5,6,0.286,BalancedZippelSeparated
fire7_graph5_rank0312,Automatic,1,ok,224.821,21,2,1,0,0,2305843009213693967:18;2305843009213693973:3,Symbolica_default,cached_powers_Q,3,6,0.304,BalancedZippelSeparated
fire7_graph5_rank0313,Automatic,1,ok,457.792,26,2,1,0,0,2305843009213693967:23;2305843009213693973:3,Symbolica_default,cached_powers_Q,6,5,0.326,BalancedZippelSeparated
fire7_graph5_rank0314,Automatic,1,ok,235.941,28,2,1,0,0,2305843009213693967:25;2305843009213693973:3,Symbolica_default,cached_powers_Q,6,5,0.364,BalancedZippelSeparated
fire7_graph5_rank0315,Automatic,1,ok,242.411,24,2,1,0,0,2305843009213693967:21;2305843009213693973:3,Symbolica_default,cached_powers_Q,6,4,0.579,BalancedZippelSeparated
fire7_graph5_rank0316,Automatic,1,ok,205.311,18,2,1,0,0,2305843009213693967:15;2305843009213693973:3,Symbolica_default,cached_powers_Q,3,3,0.413,BalancedZippelSeparated
fire7_graph5_rank0317,Automatic,1,ok,261.391,24,2,1,0,0,2305843009213693967:21;2305843009213693973:3,Symbolica_default,cached_powers_Q,6,4,0.663,BalancedZippelSeparated
fire7_graph5_rank0318,Automatic,1,ok,266.851,22,2,1,0,0,2305843009213693967:19;2305843009213693973:3,Symbolica_default,cached_powers_Q,6,4,0.328,BalancedZippelSeparated
fire7_graph5_rank0319,Automatic,1,ok,164.691,20,2,1,0,0,2305843009213693967:17;2305843009213693973:3,Symbolica_default,cached_powers_Q,4,4,0.284,BalancedZippelSeparated
fire7_graph5_rank0320,Automatic,1,ok,246.281,23,2,1,0,0,2305843009213693967:20;2305843009213693973:3,Symbolica_default,cached_powers_Q,6,6,0.557,BalancedZippelSeparated
fire7_graph5_rank0321,Automatic,1,ok,401.922,24,2,1,0,0,2305843009213693967:21;2305843009213693973:3,Symbolica_default,cached_powers_Q,5,6,0.292,BalancedZippelSeparated
fire7_graph5_rank0322,Automatic,1,ok,247.181,24,2,1,0,0,2305843009213693967:21;2305843009213693973:3,Symbolica_default,cached_powers_Q,5,6,0.328,BalancedZippelSeparated
fire7_graph5_rank0323,Automatic,1,ok,241.271,24,2,1,0,0,2305843009213693967:21;2305843009213693973:3,Symbolica_default,cached_powers_Q,4,6,0.628,BalancedZippelSeparated
fire7_graph5_rank0324,Automatic,1,ok,206.071,19,2,1,0,0,2305843009213693967:16;2305843009213693973:3,Symbolica_default,cached_powers_Q,4,3,0.337,BalancedZippelSeparated
fire7_graph5_rank0325,Automatic,1,ok,262.881,22,2,1,0,0,2305843009213693967:19;2305843009213693973:3,Symbolica_default,cached_powers_Q,6,4,0.552,BalancedZippelSeparated
fire7_graph5_rank0326,Automatic,1,ok,202.641,20,2,1,0,0,2305843009213693967:17;2305843009213693973:3,Symbolica_default,cached_powers_Q,4,4,0.339,BalancedZippelSeparated
fire7_graph5_rank0327,Automatic,1,ok,213.231,23,2,1,0,0,2305843009213693967:20;2305843009213693973:3,Symbolica_default,cached_powers_Q,3,8,0.356,BalancedZippelSeparated
fire7_graph5_rank0328,Automatic,1,ok,221.541,22,2,1,0,0,2305843009213693967:19;2305843009213693973:3,Symbolica_default,cached_powers_Q,4,6,0.329,BalancedZippelSeparated
fire7_graph5_rank0329,Automatic,1,ok,263.681,23,2,1,0,0,2305843009213693967:20;2305843009213693973:3,Symbolica_default,cached_powers_Q,6,6,0.365,BalancedZippelSeparated
fire7_graph5_rank0330,Automatic,1,ok,260.550,23,2,1,0,0,2305843009213693967:20;2305843009213693973:3,Symbolica_default,cached_powers_Q,6,6,0.368,BalancedZippelSeparated
fire7_graph5_rank0331,Automatic,1,ok,213.261,19,2,1,0,0,2305843009213693967:16;2305843009213693973:3,Symbolica_default,cached_powers_Q,4,4,0.591,BalancedZippelSeparated
fire7_graph5_rank0332,Automatic,1,ok,229.772,22,2,1,0,0,2305843009213693967:19;2305843009213693973:3,Symbolica_default,cached_powers_Q,4,6,0.348,BalancedZippelSeparated
fire7_graph5_rank0333,Automatic,1,ok,254.430,28,2,1,0,0,2305843009213693967:25;2305843009213693973:3,Symbolica_default,cached_powers_Q,7,3,0.332,BalancedZippelSeparated
fire7_graph5_rank0334,Automatic,1,ok,212.541,23,2,1,0,0,2305843009213693967:20;2305843009213693973:3,Symbolica_default,cached_powers_Q,6,6,0.320,BalancedZippelSeparated
fire7_graph5_rank0335,Automatic,1,ok,183.641,26,2,1,0,0,2305843009213693967:23;2305843009213693973:3,Symbolica_default,cached_powers_Q,5,2,0.365,BalancedZippelSeparated
fire7_graph5_rank0336,Automatic,1,ok,410.782,21,2,1,0,0,2305843009213693967:18;2305843009213693973:3,Symbolica_default,cached_powers_Q,2,6,0.281,BalancedZippelSeparated
fire7_graph5_rank0337,Automatic,1,ok,234.721,23,2,1,0,0,2305843009213693967:20;2305843009213693973:3,Symbolica_default,cached_powers_Q,4,8,0.502,BalancedZippelSeparated
fire7_graph5_rank0338,Automatic,1,ok,264.951,36,2,1,0,0,2305843009213693967:33;2305843009213693973:3,Symbolica_default,cached_powers_Q,7,3,0.315,BalancedZippelSeparated
fire7_graph5_rank0339,Automatic,1,ok,243.401,24,2,1,0,0,2305843009213693967:21;2305843009213693973:3,Symbolica_default,cached_powers_Q,6,4,0.354,BalancedZippelSeparated
fire7_graph5_rank0340,Automatic,1,ok,196.751,18,2,1,0,0,2305843009213693967:15;2305843009213693973:3,Symbolica_default,cached_powers_Q,3,3,0.370,BalancedZippelSeparated
fire7_graph5_rank0341,Automatic,1,ok,239.941,24,2,1,0,0,2305843009213693967:21;2305843009213693973:3,Symbolica_default,cached_powers_Q,2,4,0.514,BalancedZippelSeparated
fire7_graph5_rank0342,Automatic,1,ok,187.901,20,2,1,0,0,2305843009213693967:17;2305843009213693973:3,Symbolica_default,cached_powers_Q,4,4,0.519,BalancedZippelSeparated
fire7_graph5_rank0343,Automatic,1,ok,374.661,20,2,1,0,0,2305843009213693967:17;2305843009213693973:3,Symbolica_default,cached_powers_Q,3,4,0.330,BalancedZippelSeparated
fire7_graph5_rank0344,Automatic,1,ok,239.131,20,2,1,0,0,2305843009213693967:17;2305843009213693973:3,Symbolica_default,cached_powers_Q,5,4,0.427,BalancedZippelSeparated
fire7_graph5_rank0345,Automatic,1,ok,325.611,19,2,1,0,0,2305843009213693967:16;2305843009213693973:3,Symbolica_default,cached_powers_Q,4,4,0.300,BalancedZippelSeparated
fire7_graph5_rank0346,Automatic,1,ok,201.021,21,2,1,0,0,2305843009213693967:18;2305843009213693973:3,Symbolica_default,cached_powers_Q,4,2,0.572,BalancedZippelSeparated
fire7_graph5_rank0347,Automatic,1,ok,218.991,23,2,1,0,0,2305843009213693967:20;2305843009213693973:3,Symbolica_default,cached_powers_Q,4,3,0.532,BalancedZippelSeparated
fire7_graph5_rank0348,Automatic,1,ok,216.231,21,2,1,0,0,2305843009213693967:18;2305843009213693973:3,Symbolica_default,cached_powers_Q,4,3,0.417,BalancedZippelSeparated
fire7_graph5_rank0349,Automatic,1,ok,409.611,24,2,1,0,0,2305843009213693967:21;2305843009213693973:3,Symbolica_default,cached_powers_Q,6,4,0.356,BalancedZippelSeparated
fire7_graph5_rank0350,Automatic,1,ok,437.941,20,2,1,0,0,2305843009213693967:17;2305843009213693973:3,Symbolica_default,cached_powers_Q,4,4,0.403,BalancedZippelSeparated
fire7_graph5_rank0351,Automatic,1,ok,206.151,20,2,1,0,0,2305843009213693967:17;2305843009213693973:3,Symbolica_default,cached_powers_Q,4,4,0.283,BalancedZippelSeparated
fire7_graph5_rank0352,Automatic,1,ok,240.251,28,2,1,0,0,2305843009213693967:25;2305843009213693973:3,Symbolica_default,cached_powers_Q,5,3,0.551,BalancedZippelSeparated
fire7_graph5_rank0353,Automatic,1,ok,186.041,20,2,1,0,0,2305843009213693967:17;2305843009213693973:3,Symbolica_default,cached_powers_Q,5,4,0.247,BalancedZippelSeparated
fire7_graph5_rank0354,Automatic,1,ok,194.781,20,2,1,0,0,2305843009213693967:17;2305843009213693973:3,Symbolica_default,cached_powers_Q,3,4,0.271,BalancedZippelSeparated
fire7_graph5_rank0355,Automatic,1,ok,244.061,22,2,1,0,0,2305843009213693967:19;2305843009213693973:3,Symbolica_default,cached_powers_Q,6,3,0.334,BalancedZippelSeparated
fire7_graph5_rank0356,Automatic,1,ok,211.151,21,2,1,0,0,2305843009213693967:18;2305843009213693973:3,Symbolica_default,cached_powers_Q,4,3,0.412,BalancedZippelSeparated
fire7_graph5_rank0357,Automatic,1,ok,251.591,22,2,1,0,0,2305843009213693967:19;2305843009213693973:3,Symbolica_default,cached_powers_Q,5,3,0.559,BalancedZippelSeparated
fire7_graph5_rank0358,Automatic,1,ok,247.731,24,2,1,0,0,2305843009213693967:21;2305843009213693973:3,Symbolica_default,cached_powers_Q,5,4,0.320,BalancedZippelSeparated
fire7_graph5_rank0359,Automatic,1,ok,221.071,24,2,1,0,0,2305843009213693967:21;2305843009213693973:3,Symbolica_default,cached_powers_Q,6,4,0.335,BalancedZippelSeparated
fire7_graph5_rank0360,Automatic,1,ok,210.181,19,2,1,0,0,2305843009213693967:16;2305843009213693973:3,Symbolica_default,cached_powers_Q,4,3,0.373,BalancedZippelSeparated
fire7_graph5_rank0361,Automatic,1,ok,224.241,23,2,1,0,0,2305843009213693967:20;2305843009213693973:3,Symbolica_default,cached_powers_Q,4,4,0.480,BalancedZippelSeparated
fire7_graph5_rank0362,Automatic,1,ok,440.551,22,2,1,0,0,2305843009213693967:19;2305843009213693973:3,Symbolica_default,cached_powers_Q,6,3,0.343,BalancedZippelSeparated
fire7_graph5_rank0363,Automatic,1,ok,251.891,22,2,1,0,0,2305843009213693967:19;2305843009213693973:3,Symbolica_default,cached_powers_Q,6,3,0.347,BalancedZippelSeparated
fire7_graph5_rank0364,Automatic,1,ok,236.351,23,2,1,0,0,2305843009213693967:20;2305843009213693973:3,Symbolica_default,cached_powers_Q,4,4,0.565,BalancedZippelSeparated
fire7_graph5_rank0365,Automatic,1,ok,207.021,20,2,1,0,0,2305843009213693967:17;2305843009213693973:3,Symbolica_default,cached_powers_Q,3,4,0.274,BalancedZippelSeparated
fire7_graph5_rank0366,Automatic,1,ok,240.010,24,2,1,0,0,2305843009213693967:21;2305843009213693973:3,Symbolica_default,cached_powers_Q,5,3,0.431,BalancedZippelSeparated
fire7_graph5_rank0367,Automatic,1,ok,244.851,24,2,1,0,0,2305843009213693967:21;2305843009213693973:3,Symbolica_default,cached_powers_Q,5,3,0.483,BalancedZippelSeparated
fire7_graph5_rank0368,Automatic,1,ok,173.850,18,2,1,0,0,2305843009213693967:15;2305843009213693973:3,Symbolica_default,cached_powers_Q,3,3,0.502,BalancedZippelSeparated
fire7_graph5_rank0369,Automatic,1,ok,411.271,22,2,1,0,0,2305843009213693967:19;2305843009213693973:3,Symbolica_default,cached_powers_Q,4,6,0.328,BalancedZippelSeparated
fire7_graph5_rank0370,Automatic,1,ok,211.421,21,2,1,0,0,2305843009213693967:18;2305843009213693973:3,Symbolica_default,cached_powers_Q,2,6,0.411,BalancedZippelSeparated
fire7_graph5_rank0371,Automatic,1,ok,234.221,23,2,1,0,0,2305843009213693967:20;2305843009213693973:3,Symbolica_default,cached_powers_Q,4,4,0.346,BalancedZippelSeparated
fire7_graph5_rank0372,Automatic,1,ok,246.152,21,2,1,0,0,2305843009213693967:18;2305843009213693973:3,Symbolica_default,cached_powers_Q,3,6,0.534,BalancedZippelSeparated
fire7_graph5_rank0373,Automatic,1,ok,483.712,24,2,1,0,0,2305843009213693967:21;2305843009213693973:3,Symbolica_default,cached_powers_Q,5,3,0.337,BalancedZippelSeparated
fire7_graph5_rank0374,Automatic,1,ok,233.481,24,2,1,0,0,2305843009213693967:21;2305843009213693973:3,Symbolica_default,cached_powers_Q,5,4,0.271,BalancedZippelSeparated
fire7_graph5_rank0375,Automatic,1,ok,425.042,22,2,1,0,0,2305843009213693967:19;2305843009213693973:3,Symbolica_default,cached_powers_Q,5,3,0.291,BalancedZippelSeparated
fire7_graph5_rank0376,Automatic,1,ok,192.460,21,2,1,0,0,2305843009213693967:18;2305843009213693973:3,Symbolica_default,cached_powers_Q,2,6,0.291,BalancedZippelSeparated
fire7_graph5_rank0377,Automatic,1,ok,199.271,21,2,1,0,0,2305843009213693967:18;2305843009213693973:3,Symbolica_default,cached_powers_Q,4,4,0.310,BalancedZippelSeparated
fire7_graph5_rank0378,Automatic,1,ok,201.910,23,2,1,0,0,2305843009213693967:20;2305843009213693973:3,Symbolica_default,cached_powers_Q,4,6,0.321,BalancedZippelSeparated
fire7_graph5_rank0379,Automatic,1,ok,195.621,20,2,1,0,0,2305843009213693967:17;2305843009213693973:3,Symbolica_default,cached_powers_Q,2,4,0.399,BalancedZippelSeparated
fire7_graph5_rank0380,Automatic,1,ok,215.941,20,2,1,0,0,2305843009213693967:17;2305843009213693973:3,Symbolica_default,cached_powers_Q,3,4,0.576,BalancedZippelSeparated
fire7_graph5_rank0381,Automatic,1,ok,502.031,24,2,1,0,0,2305843009213693967:21;2305843009213693973:3,Symbolica_default,cached_powers_Q,5,3,0.341,BalancedZippelSeparated
fire7_graph5_rank0382,Automatic,1,ok,203.340,19,2,1,0,0,2305843009213693967:16;2305843009213693973:3,Symbolica_default,cached_powers_Q,2,4,0.392,BalancedZippelSeparated
fire7_graph5_rank0383,Automatic,1,ok,206.031,20,2,1,0,0,2305843009213693967:17;2305843009213693973:3,Symbolica_default,cached_powers_Q,3,4,0.336,BalancedZippelSeparated
fire7_graph5_rank0384,Automatic,1,ok,191.111,20,2,1,0,0,2305843009213693967:17;2305843009213693973:3,Symbolica_default,cached_powers_Q,3,4,0.247,BalancedZippelSeparated
fire7_graph5_rank0385,Automatic,1,ok,340.131,18,2,1,0,0,2305843009213693967:15;2305843009213693973:3,Symbolica_default,cached_powers_Q,3,3,0.301,BalancedZippelSeparated
fire7_graph5_rank0386,Automatic,1,ok,236.931,22,2,1,0,0,2305843009213693967:19;2305843009213693973:3,Symbolica_default,cached_powers_Q,6,3,0.348,BalancedZippelSeparated
fire7_graph5_rank0387,Automatic,1,ok,220.372,24,2,1,0,0,2305843009213693967:21;2305843009213693973:3,Symbolica_default,cached_powers_Q,5,3,0.496,BalancedZippelSeparated
fire7_graph5_rank0388,Automatic,1,ok,230.491,20,2,1,0,0,2305843009213693967:17;2305843009213693973:3,Symbolica_default,cached_powers_Q,2,4,0.486,BalancedZippelSeparated
fire7_graph5_rank0389,Automatic,1,ok,233.711,24,2,1,0,0,2305843009213693967:21;2305843009213693973:3,Symbolica_default,cached_powers_Q,5,4,0.331,BalancedZippelSeparated
fire7_graph5_rank0390,Automatic,1,ok,183.851,22,2,1,0,0,2305843009213693967:19;2305843009213693973:3,Symbolica_default,cached_powers_Q,2,4,0.355,BalancedZippelSeparated
fire7_graph5_rank0391,Automatic,1,ok,216.391,20,2,1,0,0,2305843009213693967:17;2305843009213693973:3,Symbolica_default,cached_powers_Q,3,4,0.373,BalancedZippelSeparated
fire7_graph5_rank0392,Automatic,1,ok,187.170,21,2,1,0,0,2305843009213693967:18;2305843009213693973:3,Symbolica_default,cached_powers_Q,4,3,0.333,BalancedZippelSeparated
fire7_graph5_rank0393,Automatic,1,ok,199.711,21,2,1,0,0,2305843009213693967:18;2305843009213693973:3,Symbolica_default,cached_powers_Q,2,6,0.301,BalancedZippelSeparated
fire7_graph5_rank0394,Automatic,1,ok,184.311,21,2,1,0,0,2305843009213693967:18;2305843009213693973:3,Symbolica_default,cached_powers_Q,2,6,0.260,BalancedZippelSeparated
fire7_graph5_rank0395,Automatic,1,ok,198.690,21,2,1,0,0,2305843009213693967:18;2305843009213693973:3,Symbolica_default,cached_powers_Q,4,4,0.287,BalancedZippelSeparated
fire7_graph5_rank0396,Automatic,1,ok,210.980,21,2,1,0,0,2305843009213693967:18;2305843009213693973:3,Symbolica_default,cached_powers_Q,3,6,0.294,BalancedZippelSeparated
fire7_graph5_rank0397,Automatic,1,ok,207.671,21,2,1,0,0,2305843009213693967:18;2305843009213693973:3,Symbolica_default,cached_powers_Q,3,6,0.506,BalancedZippelSeparated
fire7_graph5_rank0398,Automatic,1,ok,205.501,23,2,1,0,0,2305843009213693967:20;2305843009213693973:3,Symbolica_default,cached_powers_Q,4,4,0.494,BalancedZippelSeparated
fire7_graph5_rank0399,Automatic,1,ok,206.291,19,2,1,0,0,2305843009213693967:16;2305843009213693973:3,Symbolica_default,cached_powers_Q,4,3,0.296,BalancedZippelSeparated
fire7_graph5_rank0400,Automatic,1,ok,217.770,21,2,1,0,0,2305843009213693967:18;2305843009213693973:3,Symbolica_default,cached_powers_Q,2,6,0.330,BalancedZippelSeparated
fire7_graph5_rank0401,Automatic,1,ok,203.381,21,2,1,0,0,2305843009213693967:18;2305843009213693973:3,Symbolica_default,cached_powers_Q,3,2,0.619,BalancedZippelSeparated
fire7_graph5_rank0402,Automatic,1,ok,209.011,28,2,1,0,0,2305843009213693967:25;2305843009213693973:3,Symbolica_default,cached_powers_Q,6,3,0.293,BalancedZippelSeparated
fire7_graph5_rank0403,Automatic,1,ok,206.480,20,2,1,0,0,2305843009213693967:17;2305843009213693973:3,Symbolica_default,cached_powers_Q,4,4,0.309,BalancedZippelSeparated
fire7_graph5_rank0404,Automatic,1,ok,193.371,20,2,1,0,0,2305843009213693967:17;2305843009213693973:3,Symbolica_default,cached_powers_Q,3,4,0.463,BalancedZippelSeparated
fire7_graph5_rank0405,Automatic,1,ok,218.981,21,2,1,0,0,2305843009213693967:18;2305843009213693973:3,Symbolica_default,cached_powers_Q,3,6,0.354,BalancedZippelSeparated
fire7_graph5_rank0406,Automatic,1,ok,268.691,24,2,1,0,0,2305843009213693967:21;2305843009213693973:3,Symbolica_default,cached_powers_Q,6,4,0.551,BalancedZippelSeparated
fire7_graph5_rank0407,Automatic,1,ok,279.561,23,2,1,0,0,2305843009213693967:20;2305843009213693973:3,Symbolica_default,cached_powers_Q,3,8,0.508,BalancedZippelSeparated
fire7_graph5_rank0408,Automatic,1,ok,253.170,24,2,1,0,0,2305843009213693967:21;2305843009213693973:3,Symbolica_default,cached_powers_Q,5,3,0.552,BalancedZippelSeparated
fire7_graph5_rank0409,Automatic,1,ok,246.101,22,2,1,0,0,2305843009213693967:19;2305843009213693973:3,Symbolica_default,cached_powers_Q,5,3,0.544,BalancedZippelSeparated
fire7_graph5_rank0410,Automatic,1,ok,195.941,19,2,1,0,0,2305843009213693967:16;2305843009213693973:3,Symbolica_default,cached_powers_Q,3,4,0.363,BalancedZippelSeparated
fire7_graph5_rank0411,Automatic,1,ok,404.212,21,2,1,0,0,2305843009213693967:18;2305843009213693973:3,Symbolica_default,cached_powers_Q,4,4,0.286,BalancedZippelSeparated
fire7_graph5_rank0412,Automatic,1,ok,192.901,20,2,1,0,0,2305843009213693967:17;2305843009213693973:3,Symbolica_default,cached_powers_Q,3,4,0.250,BalancedZippelSeparated
fire7_graph5_rank0413,Automatic,1,ok,216.051,28,2,1,0,0,2305843009213693967:25;2305843009213693973:3,Symbolica_default,cached_powers_Q,6,2,0.293,BalancedZippelSeparated
fire7_graph5_rank0414,Automatic,1,ok,186.511,19,2,1,0,0,2305843009213693967:16;2305843009213693973:3,Symbolica_default,cached_powers_Q,2,4,0.524,BalancedZippelSeparated
fire7_graph5_rank0415,Automatic,1,ok,408.862,19,2,1,0,0,2305843009213693967:16;2305843009213693973:3,Symbolica_default,cached_powers_Q,2,4,0.385,BalancedZippelSeparated
fire7_graph5_rank0416,Automatic,1,ok,233.271,23,2,1,0,0,2305843009213693967:20;2305843009213693973:3,Symbolica_default,cached_powers_Q,4,4,0.392,BalancedZippelSeparated
fire7_graph5_rank0417,Automatic,1,ok,203.841,18,2,1,0,0,2305843009213693967:15;2305843009213693973:3,Symbolica_default,cached_powers_Q,4,3,0.347,BalancedZippelSeparated
fire7_graph5_rank0418,Automatic,1,ok,266.131,22,2,1,0,0,2305843009213693967:19;2305843009213693973:3,Symbolica_default,cached_powers_Q,5,3,0.508,BalancedZippelSeparated
fire7_graph5_rank0419,Automatic,1,ok,197.980,21,2,1,0,0,2305843009213693967:18;2305843009213693973:3,Symbolica_default,cached_powers_Q,2,6,0.476,BalancedZippelSeparated
fire7_graph5_rank0420,Automatic,1,ok,204.931,19,2,1,0,0,2305843009213693967:16;2305843009213693973:3,Symbolica_default,cached_powers_Q,4,4,0.212,BalancedZippelSeparated
fire7_graph5_rank0421,Automatic,1,ok,380.392,20,2,1,0,0,2305843009213693967:17;2305843009213693973:3,Symbolica_default,cached_powers_Q,3,4,0.267,BalancedZippelSeparated
fire7_graph5_rank0422,Automatic,1,ok,204.760,19,2,1,0,0,2305843009213693967:16;2305843009213693973:3,Symbolica_default,cached_powers_Q,2,4,0.590,BalancedZippelSeparated
fire7_graph5_rank0423,Automatic,1,ok,217.171,21,2,1,0,0,2305843009213693967:18;2305843009213693973:3,Symbolica_default,cached_powers_Q,4,4,0.304,BalancedZippelSeparated
fire7_graph5_rank0424,Automatic,1,ok,213.841,21,2,1,0,0,2305843009213693967:18;2305843009213693973:3,Symbolica_default,cached_powers_Q,4,4,0.509,BalancedZippelSeparated
fire7_graph5_rank0425,Automatic,1,ok,189.721,19,2,1,0,0,2305843009213693967:16;2305843009213693973:3,Symbolica_default,cached_powers_Q,2,4,0.374,BalancedZippelSeparated
fire7_graph5_rank0426,Automatic,1,ok,252.891,24,2,1,0,0,2305843009213693967:21;2305843009213693973:3,Symbolica_default,cached_powers_Q,5,4,0.359,BalancedZippelSeparated
fire7_graph5_rank0427,Automatic,1,ok,407.181,21,2,1,0,0,2305843009213693967:18;2305843009213693973:3,Symbolica_default,cached_powers_Q,3,6,0.361,BalancedZippelSeparated
fire7_graph5_rank0428,Automatic,1,ok,203.071,19,2,1,0,0,2305843009213693967:16;2305843009213693973:3,Symbolica_default,cached_powers_Q,2,4,0.597,BalancedZippelSeparated
fire7_graph5_rank0429,Automatic,1,ok,176.031,19,2,1,0,0,2305843009213693967:16;2305843009213693973:3,Symbolica_default,cached_powers_Q,2,4,0.512,BalancedZippelSeparated
fire7_graph5_rank0430,Automatic,1,ok,204.991,21,2,1,0,0,2305843009213693967:18;2305843009213693973:3,Symbolica_default,cached_powers_Q,3,6,0.244,BalancedZippelSeparated
fire7_graph5_rank0431,Automatic,1,ok,200.201,21,2,1,0,0,2305843009213693967:18;2305843009213693973:3,Symbolica_default,cached_powers_Q,3,6,0.282,BalancedZippelSeparated
fire7_graph5_rank0432,Automatic,1,ok,205.931,21,2,1,0,0,2305843009213693967:18;2305843009213693973:3,Symbolica_default,cached_powers_Q,3,6,0.278,BalancedZippelSeparated
fire7_graph5_rank0433,Automatic,1,ok,172.950,19,2,1,0,0,2305843009213693967:16;2305843009213693973:3,Symbolica_default,cached_powers_Q,2,4,0.323,BalancedZippelSeparated
fire7_graph5_rank0434,Automatic,1,ok,460.361,19,2,1,0,0,2305843009213693967:16;2305843009213693973:3,Symbolica_default,cached_powers_Q,2,4,0.390,BalancedZippelSeparated
fire7_graph5_rank0435,Automatic,1,ok,230.331,22,2,1,0,0,2305843009213693967:19;2305843009213693973:3,Symbolica_default,cached_powers_Q,4,3,0.333,BalancedZippelSeparated
fire7_graph5_rank0436,Automatic,1,ok,232.130,24,2,1,0,0,2305843009213693967:21;2305843009213693973:3,Symbolica_default,cached_powers_Q,5,4,0.349,BalancedZippelSeparated
fire7_graph5_rank0437,Automatic,1,ok,473.631,24,2,1,0,0,2305843009213693967:21;2305843009213693973:3,Symbolica_default,cached_powers_Q,5,4,0.354,BalancedZippelSeparated
fire7_graph5_rank0438,Automatic,1,ok,219.950,21,2,1,0,0,2305843009213693967:18;2305843009213693973:3,Symbolica_default,cached_powers_Q,4,4,0.247,BalancedZippelSeparated
fire7_graph5_rank0439,Automatic,1,ok,208.590,20,2,1,0,0,2305843009213693967:17;2305843009213693973:3,Symbolica_default,cached_powers_Q,3,4,0.235,BalancedZippelSeparated
fire7_graph5_rank0440,Automatic,1,ok,326.752,19,2,1,0,0,2305843009213693967:16;2305843009213693973:3,Symbolica_default,cached_powers_Q,2,4,0.270,BalancedZippelSeparated
fire7_graph5_rank0441,Automatic,1,ok,241.651,24,2,1,0,0,2305843009213693967:21;2305843009213693973:3,Symbolica_default,cached_powers_Q,5,4,0.306,BalancedZippelSeparated
fire7_graph5_rank0442,Automatic,1,ok,186.910,20,2,1,0,0,2305843009213693967:17;2305843009213693973:3,Symbolica_default,cached_powers_Q,3,4,0.267,BalancedZippelSeparated
fire7_graph5_rank0443,Automatic,1,ok,186.910,19,2,1,0,0,2305843009213693967:16;2305843009213693973:3,Symbolica_default,cached_powers_Q,3,2,0.310,BalancedZippelSeparated
fire7_graph5_rank0444,Automatic,1,ok,220.451,22,2,1,0,0,2305843009213693967:19;2305843009213693973:3,Symbolica_default,cached_powers_Q,4,3,0.283,BalancedZippelSeparated
fire7_graph5_rank0445,Automatic,1,ok,201.401,20,2,1,0,0,2305843009213693967:17;2305843009213693973:3,Symbolica_default,cached_powers_Q,3,4,0.525,BalancedZippelSeparated
fire7_graph5_rank0446,Automatic,1,ok,183.451,18,2,1,0,0,2305843009213693967:15;2305843009213693973:3,Symbolica_default,cached_powers_Q,2,3,0.350,BalancedZippelSeparated
fire7_graph5_rank0447,Automatic,1,ok,255.491,22,2,1,0,0,2305843009213693967:19;2305843009213693973:3,Symbolica_default,cached_powers_Q,6,3,0.339,BalancedZippelSeparated
fire7_graph5_rank0448,Automatic,1,ok,150.151,18,2,1,0,0,2305843009213693967:15;2305843009213693973:3,Symbolica_default,cached_powers_Q,2,2,0.313,BalancedZippelSeparated
fire7_graph5_rank0449,Automatic,1,ok,213.751,22,2,1,0,0,2305843009213693967:19;2305843009213693973:3,Symbolica_default,cached_powers_Q,4,3,0.259,BalancedZippelSeparated
fire7_graph5_rank0450,Automatic,1,ok,219.141,22,2,1,0,0,2305843009213693967:19;2305843009213693973:3,Symbolica_default,cached_powers_Q,4,3,0.280,BalancedZippelSeparated
fire7_graph5_rank0451,Automatic,1,ok,174.901,18,2,1,0,0,2305843009213693967:15;2305843009213693973:3,Symbolica_default,cached_powers_Q,3,3,0.410,BalancedZippelSeparated
fire7_graph5_rank0452,Automatic,1,ok,324.192,18,2,1,0,0,2305843009213693967:15;2305843009213693973:3,Symbolica_default,cached_powers_Q,4,3,0.268,BalancedZippelSeparated
fire7_graph5_rank0453,Automatic,1,ok,156.551,17,2,1,0,0,2305843009213693967:14;2305843009213693973:3,Symbolica_default,cached_powers_Q,3,2,0.455,BalancedZippelSeparated
fire7_graph5_rank0454,Automatic,1,ok,181.101,21,2,1,0,0,2305843009213693967:18;2305843009213693973:3,Symbolica_default,cached_powers_Q,3,2,0.492,BalancedZippelSeparated
fire7_graph5_rank0455,Automatic,1,ok,235.841,21,2,1,0,0,2305843009213693967:18;2305843009213693973:3,Symbolica_default,cached_powers_Q,4,4,0.537,BalancedZippelSeparated
fire7_graph5_rank0456,Automatic,1,ok,225.411,20,2,1,0,0,2305843009213693967:17;2305843009213693973:3,Symbolica_default,cached_powers_Q,3,4,0.326,BalancedZippelSeparated
fire7_graph5_rank0457,Automatic,1,ok,253.521,22,2,1,0,0,2305843009213693967:19;2305843009213693973:3,Symbolica_default,cached_powers_Q,5,3,0.489,BalancedZippelSeparated
fire7_graph5_rank0458,Automatic,1,ok,194.360,20,2,1,0,0,2305843009213693967:17;2305843009213693973:3,Symbolica_default,cached_powers_Q,3,4,0.323,BalancedZippelSeparated
fire7_graph5_rank0459,Automatic,1,ok,192.391,20,2,1,0,0,2305843009213693967:17;2305843009213693973:3,Symbolica_default,cached_powers_Q,4,4,0.343,BalancedZippelSeparated
fire7_graph5_rank0460,Automatic,1,ok,179.821,18,2,1,0,0,2305843009213693967:15;2305843009213693973:3,Symbolica_default,cached_powers_Q,3,3,0.431,BalancedZippelSeparated
fire7_graph5_rank0461,Automatic,1,ok,205.141,25,2,1,0,0,2305843009213693967:22;2305843009213693973:3,Symbolica_default,cached_powers_Q,4,4,0.469,BalancedZippelSeparated
fire7_graph5_rank0462,Automatic,1,ok,222.460,22,2,1,0,0,2305843009213693967:19;2305843009213693973:3,Symbolica_default,cached_powers_Q,4,6,0.254,BalancedZippelSeparated
fire7_graph5_rank0463,Automatic,1,ok,218.911,21,2,1,0,0,2305843009213693967:18;2305843009213693973:3,Symbolica_default,cached_powers_Q,4,3,0.557,BalancedZippelSeparated
fire7_graph5_rank0464,Automatic,1,ok,244.971,22,2,1,0,0,2305843009213693967:19;2305843009213693973:3,Symbolica_default,cached_powers_Q,5,3,0.323,BalancedZippelSeparated
fire7_graph5_rank0465,Automatic,1,ok,252.261,24,2,1,0,0,2305843009213693967:21;2305843009213693973:3,Symbolica_default,cached_powers_Q,5,3,0.348,BalancedZippelSeparated
fire7_graph5_rank0466,Automatic,1,ok,226.520,20,2,1,0,0,2305843009213693967:17;2305843009213693973:3,Symbolica_default,cached_powers_Q,4,4,0.523,BalancedZippelSeparated
fire7_graph5_rank0467,Automatic,1,ok,218.401,24,2,1,0,0,2305843009213693967:21;2305843009213693973:3,Symbolica_default,cached_powers_Q,4,6,0.312,BalancedZippelSeparated
fire7_graph5_rank0468,Automatic,1,ok,204.081,19,2,1,0,0,2305843009213693967:16;2305843009213693973:3,Symbolica_default,cached_powers_Q,4,4,0.266,BalancedZippelSeparated
fire7_graph5_rank0469,Automatic,1,ok,215.431,23,2,1,0,0,2305843009213693967:20;2305843009213693973:3,Symbolica_default,cached_powers_Q,4,3,0.417,BalancedZippelSeparated
fire7_graph5_rank0470,Automatic,1,ok,215.370,22,2,1,0,0,2305843009213693967:19;2305843009213693973:3,Symbolica_default,cached_powers_Q,4,6,0.272,BalancedZippelSeparated
fire7_graph5_rank0471,Automatic,1,ok,227.531,22,2,1,0,0,2305843009213693967:19;2305843009213693973:3,Symbolica_default,cached_powers_Q,5,3,0.291,BalancedZippelSeparated
fire7_graph5_rank0472,Automatic,1,ok,229.971,20,2,1,0,0,2305843009213693967:17;2305843009213693973:3,Symbolica_default,cached_powers_Q,4,4,0.546,BalancedZippelSeparated
fire7_graph5_rank0473,Automatic,1,ok,221.801,18,2,1,0,0,2305843009213693967:15;2305843009213693973:3,Symbolica_default,cached_powers_Q,4,3,0.524,BalancedZippelSeparated
fire7_graph5_rank0474,Automatic,1,ok,202.531,18,2,1,0,0,2305843009213693967:15;2305843009213693973:3,Symbolica_default,cached_powers_Q,4,3,0.292,BalancedZippelSeparated
fire7_graph5_rank0475,Automatic,1,ok,216.490,21,2,1,0,0,2305843009213693967:18;2305843009213693973:3,Symbolica_default,cached_powers_Q,4,3,0.233,BalancedZippelSeparated
fire7_graph5_rank0476,Automatic,1,ok,219.871,20,2,1,0,0,2305843009213693967:17;2305843009213693973:3,Symbolica_default,cached_powers_Q,4,4,0.242,BalancedZippelSeparated
fire7_graph5_rank0477,Automatic,1,ok,350.701,20,2,1,0,0,2305843009213693967:17;2305843009213693973:3,Symbolica_default,cached_powers_Q,4,4,0.268,BalancedZippelSeparated
fire7_graph5_rank0478,Automatic,1,ok,406.731,20,2,1,0,0,2305843009213693967:17;2305843009213693973:3,Symbolica_default,cached_powers_Q,4,4,0.257,BalancedZippelSeparated
fire7_graph5_rank0479,Automatic,1,ok,200.980,20,2,1,0,0,2305843009213693967:17;2305843009213693973:3,Symbolica_default,cached_powers_Q,4,4,0.303,BalancedZippelSeparated
fire7_graph5_rank0480,Automatic,1,ok,257.941,22,2,1,0,0,2305843009213693967:19;2305843009213693973:3,Symbolica_default,cached_powers_Q,4,3,0.485,BalancedZippelSeparated
fire7_graph5_rank0481,Automatic,1,ok,389.921,26,2,1,0,0,2305843009213693967:23;2305843009213693973:3,Symbolica_default,cached_powers_Q,5,3,0.373,BalancedZippelSeparated
fire7_graph5_rank0482,Automatic,1,ok,201.981,17,2,1,0,0,2305843009213693967:14;2305843009213693973:3,Symbolica_default,cached_powers_Q,3,3,0.532,BalancedZippelSeparated
fire7_graph5_rank0483,Automatic,1,ok,217.400,20,2,1,0,0,2305843009213693967:17;2305843009213693973:3,Symbolica_default,cached_powers_Q,4,4,0.345,BalancedZippelSeparated
fire7_graph5_rank0484,Automatic,1,ok,149.691,22,2,1,0,0,2305843009213693967:19;2305843009213693973:3,Symbolica_default,cached_powers_Q,3,1,0.434,BalancedZippelSeparated
fire7_graph5_rank0485,Automatic,1,ok,193.950,17,2,1,0,0,2305843009213693967:14;2305843009213693973:3,Symbolica_default,cached_powers_Q,3,3,0.425,BalancedZippelSeparated
fire7_graph5_rank0486,Automatic,1,ok,167.220,19,2,1,0,0,2305843009213693967:16;2305843009213693973:3,Symbolica_default,cached_powers_Q,2,4,0.276,BalancedZippelSeparated
fire7_graph5_rank0487,Automatic,1,ok,222.580,23,2,1,0,0,2305843009213693967:20;2305843009213693973:3,Symbolica_default,cached_powers_Q,4,4,0.461,BalancedZippelSeparated
fire7_graph5_rank0488,Automatic,1,ok,222.581,23,2,1,0,0,2305843009213693967:20;2305843009213693973:3,Symbolica_default,cached_powers_Q,2,8,0.485,BalancedZippelSeparated
fire7_graph5_rank0489,Automatic,1,ok,209.860,20,2,1,0,0,2305843009213693967:17;2305843009213693973:3,Symbolica_default,cached_powers_Q,3,4,0.338,BalancedZippelSeparated
fire7_graph5_rank0490,Automatic,1,ok,177.221,18,2,1,0,0,2305843009213693967:15;2305843009213693973:3,Symbolica_default,cached_powers_Q,2,3,0.369,BalancedZippelSeparated
fire7_graph5_rank0491,Automatic,1,ok,197.151,20,2,1,0,0,2305843009213693967:17;2305843009213693973:3,Symbolica_default,cached_powers_Q,3,4,0.320,BalancedZippelSeparated
fire7_graph5_rank0492,Automatic,1,ok,194.061,18,2,1,0,0,2305843009213693967:15;2305843009213693973:3,Symbolica_default,cached_powers_Q,4,3,0.235,BalancedZippelSeparated
fire7_graph5_rank0493,Automatic,1,ok,342.301,18,2,1,0,0,2305843009213693967:15;2305843009213693973:3,Symbolica_default,cached_powers_Q,4,3,0.211,BalancedZippelSeparated
fire7_graph5_rank0494,Automatic,1,ok,286.461,22,2,1,0,0,2305843009213693967:19;2305843009213693973:3,Symbolica_default,cached_powers_Q,5,3,0.356,BalancedZippelSeparated
fire7_graph5_rank0495,Automatic,1,ok,219.641,22,2,1,0,0,2305843009213693967:19;2305843009213693973:3,Symbolica_default,cached_powers_Q,5,3,0.231,BalancedZippelSeparated
fire7_graph5_rank0496,Automatic,1,ok,386.712,20,2,1,0,0,2305843009213693967:17;2305843009213693973:3,Symbolica_default,cached_powers_Q,3,4,0.236,BalancedZippelSeparated
fire7_graph5_rank0497,Automatic,1,ok,427.742,21,2,1,0,0,2305843009213693967:18;2305843009213693973:3,Symbolica_default,cached_powers_Q,3,6,0.315,BalancedZippelSeparated
fire7_graph5_rank0498,Automatic,1,ok,234.980,21,2,1,0,0,2305843009213693967:18;2305843009213693973:3,Symbolica_default,cached_powers_Q,3,6,0.522,BalancedZippelSeparated
fire7_graph5_rank0499,Automatic,1,ok,441.002,19,2,1,0,0,2305843009213693967:16;2305843009213693973:3,Symbolica_default,cached_powers_Q,2,4,0.342,BalancedZippelSeparated
fire7_graph5_rank0500,Automatic,1,ok,452.371,22,2,1,0,0,2305843009213693967:19;2305843009213693973:3,Symbolica_default,cached_powers_Q,5,3,0.348,BalancedZippelSeparated
fire7_graph5_rank0501,Automatic,1,ok,147.340,19,2,1,0,0,2305843009213693967:16;2305843009213693973:3,Symbolica_default,cached_powers_Q,1,4,0.226,BalancedZippelSeparated
fire7_graph5_rank0502,Automatic,1,ok,177.841,17,2,1,0,0,2305843009213693967:14;2305843009213693973:3,Symbolica_default,cached_powers_Q,3,3,0.440,BalancedZippelSeparated
fire7_graph5_rank0503,Automatic,1,ok,185.290,18,2,1,0,0,2305843009213693967:15;2305843009213693973:3,Symbolica_default,cached_powers_Q,4,3,0.206,BalancedZippelSeparated
fire7_graph5_rank0504,Automatic,1,ok,192.370,18,2,1,0,0,2305843009213693967:15;2305843009213693973:3,Symbolica_default,cached_powers_Q,3,3,0.211,BalancedZippelSeparated
fire7_graph5_rank0505,Automatic,1,ok,192.291,18,2,1,0,0,2305843009213693967:15;2305843009213693973:3,Symbolica_default,cached_powers_Q,3,3,0.216,BalancedZippelSeparated
fire7_graph5_rank0506,Automatic,1,ok,199.831,18,2,1,0,0,2305843009213693967:15;2305843009213693973:3,Symbolica_default,cached_powers_Q,3,3,0.473,BalancedZippelSeparated
fire7_graph5_rank0507,Automatic,1,ok,216.231,18,2,1,0,0,2305843009213693967:15;2305843009213693973:3,Symbolica_default,cached_powers_Q,3,3,0.296,BalancedZippelSeparated
fire7_graph5_rank0508,Automatic,1,ok,216.511,18,2,1,0,0,2305843009213693967:15;2305843009213693973:3,Symbolica_default,cached_powers_Q,4,3,0.329,BalancedZippelSeparated
fire7_graph5_rank0509,Automatic,1,ok,233.401,26,2,1,0,0,2305843009213693967:23;2305843009213693973:3,Symbolica_default,cached_powers_Q,5,3,0.377,BalancedZippelSeparated
fire7_graph5_rank0510,Automatic,1,ok,446.401,22,2,1,0,0,2305843009213693967:19;2305843009213693973:3,Symbolica_default,cached_powers_Q,4,4,0.241,BalancedZippelSeparated
fire7_graph5_rank0511,Automatic,1,ok,214.861,23,2,1,0,0,2305843009213693967:20;2305843009213693973:3,Symbolica_default,cached_powers_Q,4,3,0.275,BalancedZippelSeparated
fire7_graph5_rank0512,Automatic,1,ok,157.561,19,2,1,0,0,2305843009213693967:16;2305843009213693973:3,Symbolica_default,cached_powers_Q,1,4,0.255,BalancedZippelSeparated
fire7_graph5_rank0513,Automatic,1,ok,240.711,22,2,1,0,0,2305843009213693967:19;2305843009213693973:3,Symbolica_default,cached_powers_Q,5,3,0.475,BalancedZippelSeparated
fire7_graph5_rank0514,Automatic,1,ok,202.961,23,2,1,0,0,2305843009213693967:20;2305843009213693973:3,Symbolica_default,cached_powers_Q,4,3,0.246,BalancedZippelSeparated
fire7_graph5_rank0515,Automatic,1,ok,211.540,17,2,1,0,0,2305843009213693967:14;2305843009213693973:3,Symbolica_default,cached_powers_Q,3,3,0.336,BalancedZippelSeparated
fire7_graph5_rank0516,Automatic,1,ok,231.821,22,2,1,0,0,2305843009213693967:19;2305843009213693973:3,Symbolica_default,cached_powers_Q,3,4,0.521,BalancedZippelSeparated
fire7_graph5_rank0517,Automatic,1,ok,213.641,18,2,1,0,0,2305843009213693967:15;2305843009213693973:3,Symbolica_default,cached_powers_Q,3,3,0.314,BalancedZippelSeparated
fire7_graph5_rank0518,Automatic,1,ok,210.631,18,2,1,0,0,2305843009213693967:15;2305843009213693973:3,Symbolica_default,cached_powers_Q,4,3,0.286,BalancedZippelSeparated
fire7_graph5_rank0519,Automatic,1,ok,190.611,18,2,1,0,0,2305843009213693967:15;2305843009213693973:3,Symbolica_default,cached_powers_Q,4,3,0.211,BalancedZippelSeparated
fire7_graph5_rank0520,Automatic,1,ok,378.032,19,2,1,0,0,2305843009213693967:16;2305843009213693973:3,Symbolica_default,cached_powers_Q,2,4,0.291,BalancedZippelSeparated
fire7_graph5_rank0521,Automatic,1,ok,207.511,18,2,1,0,0,2305843009213693967:15;2305843009213693973:3,Symbolica_default,cached_powers_Q,3,3,0.195,BalancedZippelSeparated
fire7_graph5_rank0522,Automatic,1,ok,171.541,20,2,1,0,0,2305843009213693967:17;2305843009213693973:3,Symbolica_default,cached_powers_Q,2,3,0.238,BalancedZippelSeparated
fire7_graph5_rank0523,Automatic,1,ok,205.731,19,2,1,0,0,2305843009213693967:16;2305843009213693973:3,Symbolica_default,cached_powers_Q,1,4,0.363,BalancedZippelSeparated
fire7_graph5_rank0524,Automatic,1,ok,154.641,18,2,1,0,0,2305843009213693967:15;2305843009213693973:3,Symbolica_default,cached_powers_Q,1,3,0.257,BalancedZippelSeparated
fire7_graph5_rank0525,Automatic,1,ok,170.311,17,2,1,0,0,2305843009213693967:14;2305843009213693973:3,Symbolica_default,cached_powers_Q,2,3,0.346,BalancedZippelSeparated
fire7_graph5_rank0526,Automatic,1,ok,204.581,18,2,1,0,0,2305843009213693967:15;2305843009213693973:3,Symbolica_default,cached_powers_Q,3,3,0.315,BalancedZippelSeparated
fire7_graph5_rank0527,Automatic,1,ok,424.991,18,2,1,0,0,2305843009213693967:15;2305843009213693973:3,Symbolica_default,cached_powers_Q,4,3,0.333,BalancedZippelSeparated
fire7_graph5_rank0528,Automatic,1,ok,214.981,18,2,1,0,0,2305843009213693967:15;2305843009213693973:3,Symbolica_default,cached_powers_Q,2,3,0.256,BalancedZippelSeparated
fire7_graph5_rank0529,Automatic,1,ok,409.151,18,2,1,0,0,2305843009213693967:15;2305843009213693973:3,Symbolica_default,cached_powers_Q,4,3,0.207,BalancedZippelSeparated
fire7_graph5_rank0530,Automatic,1,ok,193.731,19,2,1,0,0,2305843009213693967:16;2305843009213693973:3,Symbolica_default,cached_powers_Q,2,4,0.321,BalancedZippelSeparated
fire7_graph5_rank0531,Automatic,1,ok,198.331,18,2,1,0,0,2305843009213693967:15;2305843009213693973:3,Symbolica_default,cached_powers_Q,3,3,0.207,BalancedZippelSeparated
fire7_graph5_rank0532,Automatic,1,ok,196.840,18,2,1,0,0,2305843009213693967:15;2305843009213693973:3,Symbolica_default,cached_powers_Q,4,3,0.244,BalancedZippelSeparated
fire7_graph5_rank0533,Automatic,1,ok,362.302,20,2,1,0,0,2305843009213693967:17;2305843009213693973:3,Symbolica_default,cached_powers_Q,3,4,0.312,BalancedZippelSeparated
fire7_graph5_rank0534,Automatic,1,ok,419.052,16,2,1,0,0,2305843009213693967:13;2305843009213693973:3,Symbolica_default,cached_powers_Q,2,2,0.367,BalancedZippelSeparated
fire7_graph5_rank0535,Automatic,1,ok,222.180,18,2,1,0,0,2305843009213693967:15;2305843009213693973:3,Symbolica_default,cached_powers_Q,3,3,0.328,BalancedZippelSeparated
fire7_graph5_rank0536,Automatic,1,ok,254.821,19,2,1,0,0,2305843009213693967:16;2305843009213693973:3,Symbolica_default,cached_powers_Q,4,4,0.517,BalancedZippelSeparated
fire7_graph5_rank0537,Automatic,1,ok,182.670,18,2,1,0,0,2305843009213693967:15;2305843009213693973:3,Symbolica_default,cached_powers_Q,2,3,0.218,BalancedZippelSeparated
fire7_graph5_rank0538,Automatic,1,ok,183.921,18,2,1,0,0,2305843009213693967:15;2305843009213693973:3,Symbolica_default,cached_powers_Q,4,3,0.201,BalancedZippelSeparated
fire7_graph5_rank0539,Automatic,1,ok,193.631,18,2,1,0,0,2305843009213693967:15;2305843009213693973:3,Symbolica_default,cached_powers_Q,4,3,0.209,BalancedZippelSeparated
fire7_graph5_rank0540,Automatic,1,ok,368.462,18,2,1,0,0,2305843009213693967:15;2305843009213693973:3,Symbolica_default,cached_powers_Q,3,3,0.213,BalancedZippelSeparated
fire7_graph5_rank0541,Automatic,1,ok,348.641,21,2,1,0,0,2305843009213693967:18;2305843009213693973:3,Symbolica_default,cached_powers_Q,3,6,0.230,BalancedZippelSeparated
fire7_graph5_rank0542,Automatic,1,ok,207.061,20,2,1,0,0,2305843009213693967:17;2305843009213693973:3,Symbolica_default,cached_powers_Q,2,4,0.306,BalancedZippelSeparated
fire7_graph5_rank0543,Automatic,1,ok,211.031,18,2,1,0,0,2305843009213693967:15;2305843009213693973:3,Symbolica_default,cached_powers_Q,4,3,0.478,BalancedZippelSeparated
fire7_graph5_rank0544,Automatic,1,ok,445.281,20,2,1,0,0,2305843009213693967:17;2305843009213693973:3,Symbolica_default,cached_powers_Q,3,4,0.332,BalancedZippelSeparated
fire7_graph5_rank0545,Automatic,1,ok,195.290,20,2,1,0,0,2305843009213693967:17;2305843009213693973:3,Symbolica_default,cached_powers_Q,3,4,0.349,BalancedZippelSeparated
fire7_graph5_rank0546,Automatic,1,ok,199.251,21,2,1,0,0,2305843009213693967:18;2305843009213693973:3,Symbolica_default,cached_powers_Q,4,3,0.231,BalancedZippelSeparated
fire7_graph5_rank0547,Automatic,1,ok,156.221,19,2,1,0,0,2305843009213693967:16;2305843009213693973:3,Symbolica_default,cached_powers_Q,1,4,0.250,BalancedZippelSeparated
fire7_graph5_rank0548,Automatic,1,ok,306.031,16,2,1,0,0,2305843009213693967:13;2305843009213693973:3,Symbolica_default,cached_powers_Q,2,2,0.244,BalancedZippelSeparated
fire7_graph5_rank0549,Automatic,1,ok,145.241,18,2,1,0,0,2305843009213693967:15;2305843009213693973:3,Symbolica_default,cached_powers_Q,2,2,0.459,BalancedZippelSeparated
fire7_graph5_rank0550,Automatic,1,ok,208.051,20,2,1,0,0,2305843009213693967:17;2305843009213693973:3,Symbolica_default,cached_powers_Q,3,4,0.300,BalancedZippelSeparated
fire7_graph5_rank0551,Automatic,1,ok,263.711,18,2,1,0,0,2305843009213693967:15;2305843009213693973:3,Symbolica_default,cached_powers_Q,4,3,0.329,BalancedZippelSeparated
fire7_graph5_rank0552,Automatic,1,ok,222.181,18,2,1,0,0,2305843009213693967:15;2305843009213693973:3,Symbolica_default,cached_powers_Q,3,3,0.345,BalancedZippelSeparated
fire7_graph5_rank0553,Automatic,1,ok,209.710,18,2,1,0,0,2305843009213693967:15;2305843009213693973:3,Symbolica_default,cached_powers_Q,3,3,0.314,BalancedZippelSeparated
fire7_graph5_rank0554,Automatic,1,ok,379.122,21,2,1,0,0,2305843009213693967:18;2305843009213693973:3,Symbolica_default,cached_powers_Q,2,6,0.324,BalancedZippelSeparated
fire7_graph5_rank0555,Automatic,1,ok,204.540,20,2,1,0,0,2305843009213693967:17;2305843009213693973:3,Symbolica_default,cached_powers_Q,3,4,0.434,BalancedZippelSeparated
fire7_graph5_rank0556,Automatic,1,ok,180.471,20,2,1,0,0,2305843009213693967:17;2305843009213693973:3,Symbolica_default,cached_powers_Q,3,4,0.418,BalancedZippelSeparated
fire7_graph5_rank0557,Automatic,1,ok,206.751,24,2,1,0,0,2305843009213693967:21;2305843009213693973:3,Symbolica_default,cached_powers_Q,5,2,0.222,BalancedZippelSeparated
fire7_graph5_rank0558,Automatic,1,ok,167.870,16,2,1,0,0,2305843009213693967:13;2305843009213693973:3,Symbolica_default,cached_powers_Q,2,2,0.291,BalancedZippelSeparated
fire7_graph5_rank0559,Automatic,1,ok,210.161,18,2,1,0,0,2305843009213693967:15;2305843009213693973:3,Symbolica_default,cached_powers_Q,1,3,0.477,BalancedZippelSeparated
fire7_graph5_rank0560,Automatic,1,ok,212.471,18,2,1,0,0,2305843009213693967:15;2305843009213693973:3,Symbolica_default,cached_powers_Q,3,3,0.327,BalancedZippelSeparated
fire7_graph5_rank0561,Automatic,1,ok,217.861,18,2,1,0,0,2305843009213693967:15;2305843009213693973:3,Symbolica_default,cached_powers_Q,3,3,0.528,BalancedZippelSeparated
fire7_graph5_rank0562,Automatic,1,ok,196.961,18,2,1,0,0,2305843009213693967:15;2305843009213693973:3,Symbolica_default,cached_powers_Q,3,3,0.235,BalancedZippelSeparated
fire7_graph5_rank0563,Automatic,1,ok,366.701,20,2,1,0,0,2305843009213693967:17;2305843009213693973:3,Symbolica_default,cached_powers_Q,2,4,0.202,BalancedZippelSeparated
fire7_graph5_rank0564,Automatic,1,ok,331.221,21,2,1,0,0,2305843009213693967:18;2305843009213693973:3,Symbolica_default,cached_powers_Q,2,6,0.251,BalancedZippelSeparated
fire7_graph5_rank0565,Automatic,1,ok,155.731,19,2,1,0,0,2305843009213693967:16;2305843009213693973:3,Symbolica_default,cached_powers_Q,1,4,0.238,BalancedZippelSeparated
fire7_graph5_rank0566,Automatic,1,ok,172.741,22,2,1,0,0,2305843009213693967:19;2305843009213693973:3,Symbolica_default,cached_powers_Q,2,4,0.365,BalancedZippelSeparated
fire7_graph5_rank0567,Automatic,1,ok,191.500,18,2,1,0,0,2305843009213693967:15;2305843009213693973:3,Symbolica_default,cached_powers_Q,2,3,0.337,BalancedZippelSeparated
fire7_graph5_rank0568,Automatic,1,ok,219.441,26,2,1,0,0,2305843009213693967:23;2305843009213693973:3,Symbolica_default,cached_powers_Q,4,3,0.354,BalancedZippelSeparated
fire7_graph5_rank0569,Automatic,1,ok,146.660,15,2,1,0,0,2305843009213693967:12;2305843009213693973:3,Symbolica_default,cached_powers_Q,1,2,0.274,BalancedZippelSeparated
fire7_graph5_rank0570,Automatic,1,ok,180.821,17,2,1,0,0,2305843009213693967:14;2305843009213693973:3,Symbolica_default,cached_powers_Q,3,3,0.334,BalancedZippelSeparated
fire7_graph5_rank0571,Automatic,1,ok,177.940,17,2,1,0,0,2305843009213693967:14;2305843009213693973:3,Symbolica_default,cached_powers_Q,3,3,0.301,BalancedZippelSeparated
fire7_graph5_rank0572,Automatic,1,ok,216.371,24,2,1,0,0,2305843009213693967:21;2305843009213693973:3,Symbolica_default,cached_powers_Q,4,2,0.361,BalancedZippelSeparated
fire7_graph5_rank0573,Automatic,1,ok,205.011,21,2,1,0,0,2305843009213693967:18;2305843009213693973:3,Symbolica_default,cached_powers_Q,4,2,0.378,BalancedZippelSeparated
fire7_graph5_rank0574,Automatic,1,ok,414.351,19,2,1,0,0,2305843009213693967:16;2305843009213693973:3,Symbolica_default,cached_powers_Q,2,4,0.228,BalancedZippelSeparated
fire7_graph5_rank0575,Automatic,1,ok,346.942,19,2,1,0,0,2305843009213693967:16;2305843009213693973:3,Symbolica_default,cached_powers_Q,2,4,0.240,BalancedZippelSeparated
fire7_graph5_rank0576,Automatic,1,ok,326.802,16,2,1,0,0,2305843009213693967:13;2305843009213693973:3,Symbolica_default,cached_powers_Q,2,2,0.246,BalancedZippelSeparated
fire7_graph5_rank0577,Automatic,1,ok,204.681,16,2,1,0,0,2305843009213693967:13;2305843009213693973:3,Symbolica_default,cached_powers_Q,2,2,0.454,BalancedZippelSeparated
fire7_graph5_rank0578,Automatic,1,ok,166.250,16,2,1,0,0,2305843009213693967:13;2305843009213693973:3,Symbolica_default,cached_powers_Q,2,2,0.347,BalancedZippelSeparated
fire7_graph5_rank0579,Automatic,1,ok,178.371,15,2,1,0,0,2305843009213693967:12;2305843009213693973:3,Symbolica_default,cached_powers_Q,2,2,0.590,BalancedZippelSeparated
fire7_graph5_rank0580,Automatic,1,ok,238.331,21,2,1,0,0,2305843009213693967:18;2305843009213693973:3,Symbolica_default,cached_powers_Q,2,6,0.346,BalancedZippelSeparated
fire7_graph5_rank0581,Automatic,1,ok,167.950,20,2,1,0,0,2305843009213693967:17;2305843009213693973:3,Symbolica_default,cached_powers_Q,2,2,0.531,BalancedZippelSeparated
fire7_graph5_rank0582,Automatic,1,ok,210.270,21,2,1,0,0,2305843009213693967:18;2305843009213693973:3,Symbolica_default,cached_powers_Q,4,3,0.245,BalancedZippelSeparated
fire7_graph5_rank0583,Automatic,1,ok,384.732,21,2,1,0,0,2305843009213693967:18;2305843009213693973:3,Symbolica_default,cached_powers_Q,3,3,0.329,BalancedZippelSeparated
fire7_graph5_rank0584,Automatic,1,ok,296.331,21,2,1,0,0,2305843009213693967:18;2305843009213693973:3,Symbolica_default,cached_powers_Q,1,4,0.251,BalancedZippelSeparated
fire7_graph5_rank0585,Automatic,1,ok,198.461,19,2,1,0,0,2305843009213693967:16;2305843009213693973:3,Symbolica_default,cached_powers_Q,3,2,0.230,BalancedZippelSeparated
fire7_graph5_rank0586,Automatic,1,ok,196.040,21,2,1,0,0,2305843009213693967:18;2305843009213693973:3,Symbolica_default,cached_powers_Q,3,3,0.534,BalancedZippelSeparated
fire7_graph5_rank0587,Automatic,1,ok,166.490,19,2,1,0,0,2305843009213693967:16;2305843009213693973:3,Symbolica_default,cached_powers_Q,1,4,0.333,BalancedZippelSeparated
fire7_graph5_rank0588,Automatic,1,ok,249.931,21,2,1,0,0,2305843009213693967:18;2305843009213693973:3,Symbolica_default,cached_powers_Q,3,2,0.509,BalancedZippelSeparated
fire7_graph5_rank0589,Automatic,1,ok,220.961,19,2,1,0,0,2305843009213693967:16;2305843009213693973:3,Symbolica_default,cached_powers_Q,4,2,0.318,BalancedZippelSeparated
fire7_graph5_rank0590,Automatic,1,ok,314.822,18,2,1,0,0,2305843009213693967:15;2305843009213693973:3,Symbolica_default,cached_powers_Q,2,2,0.380,BalancedZippelSeparated
fire7_graph5_rank0591,Automatic,1,ok,207.551,19,2,1,0,0,2305843009213693967:16;2305843009213693973:3,Symbolica_default,cached_powers_Q,3,2,0.296,BalancedZippelSeparated
fire7_graph5_rank0592,Automatic,1,ok,262.581,21,2,1,0,0,2305843009213693967:18;2305843009213693973:3,Symbolica_default,cached_powers_Q,4,3,0.442,BalancedZippelSeparated
fire7_graph5_rank0593,Automatic,1,ok,163.480,20,2,1,0,0,2305843009213693967:17;2305843009213693973:3,Symbolica_default,cached_powers_Q,2,2,0.484,BalancedZippelSeparated
fire7_graph5_rank0594,Automatic,1,ok,408.352,16,2,1,0,0,2305843009213693967:13;2305843009213693973:3,Symbolica_default,cached_powers_Q,2,2,0.355,BalancedZippelSeparated
fire7_graph5_rank0595,Automatic,1,ok,172.280,19,2,1,0,0,2305843009213693967:16;2305843009213693973:3,Symbolica_default,cached_powers_Q,1,4,0.633,BalancedZippelSeparated
fire7_graph5_rank0596,Automatic,1,ok,238.601,28,2,1,0,0,2305843009213693967:25;2305843009213693973:3,Symbolica_default,cached_powers_Q,4,3,0.355,BalancedZippelSeparated
fire7_graph5_rank0597,Automatic,1,ok,204.501,17,2,1,0,0,2305843009213693967:14;2305843009213693973:3,Symbolica_default,cached_powers_Q,3,3,0.309,BalancedZippelSeparated
fire7_graph5_rank0598,Automatic,1,ok,179.331,19,2,1,0,0,2305843009213693967:16;2305843009213693973:3,Symbolica_default,cached_powers_Q,1,4,0.343,BalancedZippelSeparated
fire7_graph5_rank0599,Automatic,1,ok,146.181,15,2,1,0,0,2305843009213693967:12;2305843009213693973:3,Symbolica_default,cached_powers_Q,1,1,0.324,BalancedZippelSeparated
fire7_graph5_rank0600,Automatic,1,ok,220.981,18,2,1,0,0,2305843009213693967:15;2305843009213693973:3,Symbolica_default,cached_powers_Q,2,2,0.548,BalancedZippelSeparated
fire7_graph5_rank0601,Automatic,1,ok,186.730,16,2,1,0,0,2305843009213693967:13;2305843009213693973:3,Symbolica_default,cached_powers_Q,3,2,0.347,BalancedZippelSeparated
fire7_graph5_rank0602,Automatic,1,ok,216.421,21,2,1,0,0,2305843009213693967:18;2305843009213693973:3,Symbolica_default,cached_powers_Q,2,6,0.560,BalancedZippelSeparated
fire7_graph5_rank0603,Automatic,1,ok,416.562,17,2,1,0,0,2305843009213693967:14;2305843009213693973:3,Symbolica_default,cached_powers_Q,1,3,0.316,BalancedZippelSeparated
fire7_graph5_rank0604,Automatic,1,ok,228.381,19,2,1,0,0,2305843009213693967:16;2305843009213693973:3,Symbolica_default,cached_powers_Q,4,2,0.310,BalancedZippelSeparated
fire7_graph5_rank0605,Automatic,1,ok,220.211,19,2,1,0,0,2305843009213693967:16;2305843009213693973:3,Symbolica_default,cached_powers_Q,4,2,0.503,BalancedZippelSeparated
fire7_graph5_rank0606,Automatic,1,ok,181.091,17,2,1,0,0,2305843009213693967:14;2305843009213693973:3,Symbolica_default,cached_powers_Q,2,3,0.532,BalancedZippelSeparated
fire7_graph5_rank0607,Automatic,1,ok,216.781,21,2,1,0,0,2305843009213693967:18;2305843009213693973:3,Symbolica_default,cached_powers_Q,2,6,0.376,BalancedZippelSeparated
fire7_graph5_rank0608,Automatic,1,ok,206.051,21,2,1,0,0,2305843009213693967:18;2305843009213693973:3,Symbolica_default,cached_powers_Q,2,6,0.363,BalancedZippelSeparated
fire7_graph5_rank0609,Automatic,1,ok,380.072,20,2,1,0,0,2305843009213693967:17;2305843009213693973:3,Symbolica_default,cached_powers_Q,4,4,0.322,BalancedZippelSeparated
fire7_graph5_rank0610,Automatic,1,ok,168.680,17,2,1,0,0,2305843009213693967:14;2305843009213693973:3,Symbolica_default,cached_powers_Q,2,3,0.338,BalancedZippelSeparated
fire7_graph5_rank0611,Automatic,1,ok,183.991,16,2,1,0,0,2305843009213693967:13;2305843009213693973:3,Symbolica_default,cached_powers_Q,2,2,0.369,BalancedZippelSeparated
fire7_graph5_rank0612,Automatic,1,ok,422.811,17,2,1,0,0,2305843009213693967:14;2305843009213693973:3,Symbolica_default,cached_powers_Q,3,3,0.311,BalancedZippelSeparated
fire7_graph5_rank0613,Automatic,1,ok,215.501,21,2,1,0,0,2305843009213693967:18;2305843009213693973:3,Symbolica_default,cached_powers_Q,4,3,0.553,BalancedZippelSeparated
fire7_graph5_rank0614,Automatic,1,ok,227.401,21,2,1,0,0,2305843009213693967:18;2305843009213693973:3,Symbolica_default,cached_powers_Q,4,3,0.348,BalancedZippelSeparated
fire7_graph5_rank0615,Automatic,1,ok,218.611,20,2,1,0,0,2305843009213693967:17;2305843009213693973:3,Symbolica_default,cached_powers_Q,4,4,0.542,BalancedZippelSeparated
fire7_graph5_rank0616,Automatic,1,ok,194.451,20,2,1,0,0,2305843009213693967:17;2305843009213693973:3,Symbolica_default,cached_powers_Q,4,4,0.326,BalancedZippelSeparated
fire7_graph5_rank0617,Automatic,1,ok,347.591,18,2,1,0,0,2305843009213693967:15;2305843009213693973:3,Symbolica_default,cached_powers_Q,2,2,0.355,BalancedZippelSeparated
fire7_graph5_rank0618,Automatic,1,ok,186.561,16,2,1,0,0,2305843009213693967:13;2305843009213693973:3,Symbolica_default,cached_powers_Q,3,2,0.334,BalancedZippelSeparated
fire7_graph5_rank0619,Automatic,1,ok,191.131,17,2,1,0,0,2305843009213693967:14;2305843009213693973:3,Symbolica_default,cached_powers_Q,3,3,0.279,BalancedZippelSeparated
fire7_graph5_rank0620,Automatic,1,ok,224.892,20,2,1,0,0,2305843009213693967:17;2305843009213693973:3,Symbolica_default,cached_powers_Q,2,4,0.468,BalancedZippelSeparated
fire7_graph5_rank0621,Automatic,1,ok,176.980,18,2,1,0,0,2305843009213693967:15;2305843009213693973:3,Symbolica_default,cached_powers_Q,2,2,0.655,BalancedZippelSeparated
fire7_graph5_rank0622,Automatic,1,ok,248.910,19,2,1,0,0,2305843009213693967:16;2305843009213693973:3,Symbolica_default,cached_powers_Q,4,2,0.608,BalancedZippelSeparated
fire7_graph5_rank0623,Automatic,1,ok,167.721,18,2,1,0,0,2305843009213693967:15;2305843009213693973:3,Symbolica_default,cached_powers_Q,2,2,0.386,BalancedZippelSeparated
fire7_graph5_rank0624,Automatic,1,ok,148.141,15,2,1,0,0,2305843009213693967:12;2305843009213693973:3,Symbolica_default,cached_powers_Q,2,1,0.320,BalancedZippelSeparated
fire7_graph5_rank0625,Automatic,1,ok,185.931,21,2,1,0,0,2305843009213693967:18;2305843009213693973:3,Symbolica_default,cached_powers_Q,3,3,0.278,BalancedZippelSeparated
fire7_graph5_rank0626,Automatic,1,ok,145.160,19,2,1,0,0,2305843009213693967:16;2305843009213693973:3,Symbolica_default,cached_powers_Q,1,4,0.271,BalancedZippelSeparated
fire7_graph5_rank0627,Automatic,1,ok,203.570,17,2,1,0,0,2305843009213693967:14;2305843009213693973:3,Symbolica_default,cached_powers_Q,3,3,0.302,BalancedZippelSeparated
fire7_graph5_rank0628,Automatic,1,ok,194.361,17,2,1,0,0,2305843009213693967:14;2305843009213693973:3,Symbolica_default,cached_powers_Q,3,3,0.266,BalancedZippelSeparated
fire7_graph5_rank0629,Automatic,1,ok,177.901,17,2,1,0,0,2305843009213693967:14;2305843009213693973:3,Symbolica_default,cached_powers_Q,2,2,0.358,BalancedZippelSeparated
fire7_graph5_rank0630,Automatic,1,ok,210.251,26,2,1,0,0,2305843009213693967:23;2305843009213693973:3,Symbolica_default,cached_powers_Q,4,3,0.349,BalancedZippelSeparated
fire7_graph5_rank0631,Automatic,1,ok,234.781,20,2,1,0,0,2305843009213693967:17;2305843009213693973:3,Symbolica_default,cached_powers_Q,4,4,0.337,BalancedZippelSeparated
fire7_graph5_rank0632,Automatic,1,ok,209.631,19,2,1,0,0,2305843009213693967:16;2305843009213693973:3,Symbolica_default,cached_powers_Q,3,2,0.311,BalancedZippelSeparated
fire7_graph5_rank0633,Automatic,1,ok,391.582,26,2,1,0,0,2305843009213693967:23;2305843009213693973:3,Symbolica_default,cached_powers_Q,4,3,0.242,BalancedZippelSeparated
fire7_graph5_rank0634,Automatic,1,ok,174.100,22,2,1,0,0,2305843009213693967:19;2305843009213693973:3,Symbolica_default,cached_powers_Q,2,4,0.264,BalancedZippelSeparated
fire7_graph5_rank0635,Automatic,1,ok,148.620,17,2,1,0,0,2305843009213693967:14;2305843009213693973:3,Symbolica_default,cached_powers_Q,1,3,0.290,BalancedZippelSeparated
fire7_graph5_rank0636,Automatic,1,ok,221.981,24,2,1,0,0,2305843009213693967:21;2305843009213693973:3,Symbolica_default,cached_powers_Q,4,2,0.243,BalancedZippelSeparated
fire7_graph5_rank0637,Automatic,1,ok,132.740,15,2,1,0,0,2305843009213693967:12;2305843009213693973:3,Symbolica_default,cached_powers_Q,2,1,0.413,BalancedZippelSeparated
fire7_graph5_rank0638,Automatic,1,ok,236.231,20,2,1,0,0,2305843009213693967:17;2305843009213693973:3,Symbolica_default,cached_powers_Q,4,4,0.345,BalancedZippelSeparated
fire7_graph5_rank0639,Automatic,1,ok,203.101,23,2,1,0,0,2305843009213693967:20;2305843009213693973:3,Symbolica_default,cached_powers_Q,2,3,0.283,BalancedZippelSeparated
fire7_graph5_rank0640,Automatic,1,ok,368.782,21,2,1,0,0,2305843009213693967:18;2305843009213693973:3,Symbolica_default,cached_powers_Q,3,3,0.341,BalancedZippelSeparated
fire7_graph5_rank0641,Automatic,1,ok,172.791,21,2,1,0,0,2305843009213693967:18;2305843009213693973:3,Symbolica_default,cached_powers_Q,1,6,0.326,BalancedZippelSeparated
fire7_graph5_rank0642,Automatic,1,ok,194.451,19,2,1,0,0,2305843009213693967:16;2305843009213693973:3,Symbolica_default,cached_powers_Q,3,2,0.297,BalancedZippelSeparated
fire7_graph5_rank0643,Automatic,1,ok,178.990,16,2,1,0,0,2305843009213693967:13;2305843009213693973:3,Symbolica_default,cached_powers_Q,3,2,0.273,BalancedZippelSeparated
fire7_graph5_rank0644,Automatic,1,ok,172.421,17,2,1,0,0,2305843009213693967:14;2305843009213693973:3,Symbolica_default,cached_powers_Q,3,3,0.247,BalancedZippelSeparated
fire7_graph5_rank0645,Automatic,1,ok,165.090,19,2,1,0,0,2305843009213693967:16;2305843009213693973:3,Symbolica_default,cached_powers_Q,1,4,0.220,BalancedZippelSeparated
fire7_graph5_rank0646,Automatic,1,ok,159.151,18,2,1,0,0,2305843009213693967:15;2305843009213693973:3,Symbolica_default,cached_powers_Q,2,2,0.363,BalancedZippelSeparated
fire7_graph5_rank0647,Automatic,1,ok,153.031,17,2,1,0,0,2305843009213693967:14;2305843009213693973:3,Symbolica_default,cached_powers_Q,1,3,0.294,BalancedZippelSeparated
fire7_graph5_rank0648,Automatic,1,ok,178.841,16,2,1,0,0,2305843009213693967:13;2305843009213693973:3,Symbolica_default,cached_powers_Q,1,2,0.490,BalancedZippelSeparated
fire7_graph5_rank0649,Automatic,1,ok,223.401,21,2,1,0,0,2305843009213693967:18;2305843009213693973:3,Symbolica_default,cached_powers_Q,3,2,0.299,BalancedZippelSeparated
fire7_graph5_rank0650,Automatic,1,ok,126.421,15,2,1,0,0,2305843009213693967:12;2305843009213693973:3,Symbolica_default,cached_powers_Q,2,1,0.284,BalancedZippelSeparated
fire7_graph5_rank0651,Automatic,1,ok,201.750,23,2,1,0,0,2305843009213693967:20;2305843009213693973:3,Symbolica_default,cached_powers_Q,2,2,0.276,BalancedZippelSeparated
fire7_graph5_rank0652,Automatic,1,ok,219.891,21,2,1,0,0,2305843009213693967:18;2305843009213693973:3,Symbolica_default,cached_powers_Q,3,3,0.278,BalancedZippelSeparated
fire7_graph5_rank0653,Automatic,1,ok,386.292,18,2,1,0,0,2305843009213693967:15;2305843009213693973:3,Symbolica_default,cached_powers_Q,2,2,0.271,BalancedZippelSeparated
fire7_graph5_rank0654,Automatic,1,ok,160.331,18,2,1,0,0,2305843009213693967:15;2305843009213693973:3,Symbolica_default,cached_powers_Q,1,3,0.278,BalancedZippelSeparated
fire7_graph5_rank0655,Automatic,1,ok,198.051,18,2,1,0,0,2305843009213693967:15;2305843009213693973:3,Symbolica_default,cached_powers_Q,3,2,0.262,BalancedZippelSeparated
fire7_graph5_rank0656,Automatic,1,ok,207.681,19,2,1,0,0,2305843009213693967:16;2305843009213693973:3,Symbolica_default,cached_powers_Q,3,2,0.498,BalancedZippelSeparated
fire7_graph5_rank0657,Automatic,1,ok,224.701,19,2,1,0,0,2305843009213693967:16;2305843009213693973:3,Symbolica_default,cached_powers_Q,3,2,0.294,BalancedZippelSeparated
fire7_graph5_rank0658,Automatic,1,ok,256.061,19,2,1,0,0,2305843009213693967:16;2305843009213693973:3,Symbolica_default,cached_powers_Q,4,2,0.480,BalancedZippelSeparated
fire7_graph5_rank0659,Automatic,1,ok,212.200,19,2,1,0,0,2305843009213693967:16;2305843009213693973:3,Symbolica_default,cached_powers_Q,3,2,0.266,BalancedZippelSeparated
fire7_graph5_rank0660,Automatic,1,ok,323.761,22,2,1,0,0,2305843009213693967:19;2305843009213693973:3,Symbolica_default,cached_powers_Q,2,3,0.303,BalancedZippelSeparated
fire7_graph5_rank0661,Automatic,1,ok,212.371,19,2,1,0,0,2305843009213693967:16;2305843009213693973:3,Symbolica_default,cached_powers_Q,4,2,0.300,BalancedZippelSeparated
fire7_graph5_rank0662,Automatic,1,ok,198.091,20,2,1,0,0,2305843009213693967:17;2305843009213693973:3,Symbolica_default,cached_powers_Q,3,4,0.495,BalancedZippelSeparated
fire7_graph5_rank0663,Automatic,1,ok,147.891,18,2,1,0,0,2305843009213693967:15;2305843009213693973:3,Symbolica_default,cached_powers_Q,2,2,0.477,BalancedZippelSeparated
fire7_graph5_rank0664,Automatic,1,ok,157.100,18,2,1,0,0,2305843009213693967:15;2305843009213693973:3,Symbolica_default,cached_powers_Q,2,2,0.309,BalancedZippelSeparated
fire7_graph5_rank0665,Automatic,1,ok,182.601,17,2,1,0,0,2305843009213693967:14;2305843009213693973:3,Symbolica_default,cached_powers_Q,3,3,0.331,BalancedZippelSeparated
fire7_graph5_rank0666,Automatic,1,ok,166.211,15,2,1,0,0,2305843009213693967:12;2305843009213693973:3,Symbolica_default,cached_powers_Q,2,2,0.343,BalancedZippelSeparated
fire7_graph5_rank0667,Automatic,1,ok,179.991,15,2,1,0,0,2305843009213693967:12;2305843009213693973:3,Symbolica_default,cached_powers_Q,2,2,0.354,BalancedZippelSeparated
fire7_graph5_rank0668,Automatic,1,ok,223.721,19,2,1,0,0,2305843009213693967:16;2305843009213693973:3,Symbolica_default,cached_powers_Q,4,2,0.309,BalancedZippelSeparated
fire7_graph5_rank0669,Automatic,1,ok,416.142,21,2,1,0,0,2305843009213693967:18;2305843009213693973:3,Symbolica_default,cached_powers_Q,4,2,0.258,BalancedZippelSeparated
fire7_graph5_rank0670,Automatic,1,ok,184.691,18,2,1,0,0,2305843009213693967:15;2305843009213693973:3,Symbolica_default,cached_powers_Q,2,3,0.256,BalancedZippelSeparated
fire7_graph5_rank0671,Automatic,1,ok,404.821,19,2,1,0,0,2305843009213693967:16;2305843009213693973:3,Symbolica_default,cached_powers_Q,2,4,0.238,BalancedZippelSeparated
fire7_graph5_rank0672,Automatic,1,ok,203.541,20,2,1,0,0,2305843009213693967:17;2305843009213693973:3,Symbolica_default,cached_powers_Q,3,4,0.322,BalancedZippelSeparated
fire7_graph5_rank0673,Automatic,1,ok,196.721,20,2,1,0,0,2305843009213693967:17;2305843009213693973:3,Symbolica_default,cached_powers_Q,3,4,0.321,BalancedZippelSeparated
fire7_graph5_rank0674,Automatic,1,ok,188.941,17,2,1,0,0,2305843009213693967:14;2305843009213693973:3,Symbolica_default,cached_powers_Q,2,3,0.310,BalancedZippelSeparated
fire7_graph5_rank0675,Automatic,1,ok,192.891,20,2,1,0,0,2305843009213693967:17;2305843009213693973:3,Symbolica_default,cached_powers_Q,3,4,0.330,BalancedZippelSeparated
fire7_graph5_rank0676,Automatic,1,ok,328.321,16,2,1,0,0,2305843009213693967:13;2305843009213693973:3,Symbolica_default,cached_powers_Q,2,2,0.302,BalancedZippelSeparated
fire7_graph5_rank0677,Automatic,1,ok,181.081,15,2,1,0,0,2305843009213693967:12;2305843009213693973:3,Symbolica_default,cached_powers_Q,2,2,0.321,BalancedZippelSeparated
fire7_graph5_rank0678,Automatic,1,ok,162.971,15,2,1,0,0,2305843009213693967:12;2305843009213693973:3,Symbolica_default,cached_powers_Q,2,2,0.292,BalancedZippelSeparated
fire7_graph5_rank0679,Automatic,1,ok,330.701,15,2,1,0,0,2305843009213693967:12;2305843009213693973:3,Symbolica_default,cached_powers_Q,2,2,0.293,BalancedZippelSeparated
fire7_graph5_rank0680,Automatic,1,ok,153.731,15,2,1,0,0,2305843009213693967:12;2305843009213693973:3,Symbolica_default,cached_powers_Q,2,2,0.324,BalancedZippelSeparated
fire7_graph5_rank0681,Automatic,1,ok,183.771,15,2,1,0,0,2305843009213693967:12;2305843009213693973:3,Symbolica_default,cached_powers_Q,2,2,0.319,BalancedZippelSeparated
fire7_graph5_rank0682,Automatic,1,ok,188.310,16,2,1,0,0,2305843009213693967:13;2305843009213693973:3,Symbolica_default,cached_powers_Q,2,2,0.304,BalancedZippelSeparated
fire7_graph5_rank0683,Automatic,1,ok,176.271,15,2,1,0,0,2305843009213693967:12;2305843009213693973:3,Symbolica_default,cached_powers_Q,2,2,0.525,BalancedZippelSeparated
fire7_graph5_rank0684,Automatic,1,ok,155.681,21,2,1,0,0,2305843009213693967:18;2305843009213693973:3,Symbolica_default,cached_powers_Q,1,6,0.489,BalancedZippelSeparated
fire7_graph5_rank0685,Automatic,1,ok,208.781,20,2,1,0,0,2305843009213693967:17;2305843009213693973:3,Symbolica_default,cached_powers_Q,2,4,0.320,BalancedZippelSeparated
fire7_graph5_rank0686,Automatic,1,ok,137.780,17,2,1,0,0,2305843009213693967:14;2305843009213693973:3,Symbolica_default,cached_powers_Q,1,2,0.258,BalancedZippelSeparated
fire7_graph5_rank0687,Automatic,1,ok,135.570,17,2,1,0,0,2305843009213693967:14;2305843009213693973:3,Symbolica_default,cached_powers_Q,1,2,0.248,BalancedZippelSeparated
fire7_graph5_rank0688,Automatic,1,ok,162.810,20,2,1,0,0,2305843009213693967:17;2305843009213693973:3,Symbolica_default,cached_powers_Q,2,3,0.220,BalancedZippelSeparated
fire7_graph5_rank0689,Automatic,1,ok,181.401,22,2,1,0,0,2305843009213693967:19;2305843009213693973:3,Symbolica_default,cached_powers_Q,2,3,0.286,BalancedZippelSeparated
fire7_graph5_rank0690,Automatic,1,ok,193.331,16,2,1,0,0,2305843009213693967:13;2305843009213693973:3,Symbolica_default,cached_powers_Q,2,2,0.297,BalancedZippelSeparated
fire7_graph5_rank0691,Automatic,1,ok,193.760,17,2,1,0,0,2305843009213693967:14;2305843009213693973:3,Symbolica_default,cached_powers_Q,1,2,0.512,BalancedZippelSeparated
fire7_graph5_rank0692,Automatic,1,ok,216.510,19,2,1,0,0,2305843009213693967:16;2305843009213693973:3,Symbolica_default,cached_powers_Q,2,4,0.329,BalancedZippelSeparated
fire7_graph5_rank0693,Automatic,1,ok,183.961,17,2,1,0,0,2305843009213693967:14;2305843009213693973:3,Symbolica_default,cached_powers_Q,3,3,0.276,BalancedZippelSeparated
fire7_graph5_rank0694,Automatic,1,ok,140.071,15,2,1,0,0,2305843009213693967:12;2305843009213693973:3,Symbolica_default,cached_powers_Q,1,2,0.268,BalancedZippelSeparated
fire7_graph5_rank0695,Automatic,1,ok,143.520,18,2,1,0,0,2305843009213693967:15;2305843009213693973:3,Symbolica_default,cached_powers_Q,1,3,0.215,BalancedZippelSeparated
fire7_graph5_rank0696,Automatic,1,ok,128.760,16,2,1,0,0,2305843009213693967:13;2305843009213693973:3,Symbolica_default,cached_powers_Q,1,2,0.307,BalancedZippelSeparated
fire7_graph5_rank0697,Automatic,1,ok,185.321,16,2,1,0,0,2305843009213693967:13;2305843009213693973:3,Symbolica_default,cached_powers_Q,2,2,0.273,BalancedZippelSeparated
fire7_graph5_rank0698,Automatic,1,ok,182.141,19,2,1,0,0,2305843009213693967:16;2305843009213693973:3,Symbolica_default,cached_powers_Q,2,4,0.510,BalancedZippelSeparated
fire7_graph5_rank0699,Automatic,1,ok,212.941,19,2,1,0,0,2305843009213693967:16;2305843009213693973:3,Symbolica_default,cached_powers_Q,3,2,0.324,BalancedZippelSeparated
fire7_graph5_rank0700,Automatic,1,ok,185.271,16,2,1,0,0,2305843009213693967:13;2305843009213693973:3,Symbolica_default,cached_powers_Q,2,2,0.463,BalancedZippelSeparated
fire7_graph5_rank0701,Automatic,1,ok,161.110,15,2,1,0,0,2305843009213693967:12;2305843009213693973:3,Symbolica_default,cached_powers_Q,2,2,0.286,BalancedZippelSeparated
fire7_graph5_rank0702,Automatic,1,ok,204.281,19,2,1,0,0,2305843009213693967:16;2305843009213693973:3,Symbolica_default,cached_powers_Q,2,4,0.238,BalancedZippelSeparated
fire7_graph5_rank0703,Automatic,1,ok,192.671,19,2,1,0,0,2305843009213693967:16;2305843009213693973:3,Symbolica_default,cached_powers_Q,2,4,0.404,BalancedZippelSeparated
fire7_graph5_rank0704,Automatic,1,ok,409.452,20,2,1,0,0,2305843009213693967:17;2305843009213693973:3,Symbolica_default,cached_powers_Q,2,4,0.258,BalancedZippelSeparated
fire7_graph5_rank0705,Automatic,1,ok,304.690,16,2,1,0,0,2305843009213693967:13;2305843009213693973:3,Symbolica_default,cached_powers_Q,2,2,0.243,BalancedZippelSeparated
fire7_graph5_rank0706,Automatic,1,ok,349.461,15,2,1,0,0,2305843009213693967:12;2305843009213693973:3,Symbolica_default,cached_powers_Q,2,2,0.298,BalancedZippelSeparated
fire7_graph5_rank0707,Automatic,1,ok,197.211,19,2,1,0,0,2305843009213693967:16;2305843009213693973:3,Symbolica_default,cached_powers_Q,2,4,0.307,BalancedZippelSeparated
fire7_graph5_rank0708,Automatic,1,ok,160.621,17,2,1,0,0,2305843009213693967:14;2305843009213693973:3,Symbolica_default,cached_powers_Q,1,2,0.346,BalancedZippelSeparated
fire7_graph5_rank0709,Automatic,1,ok,148.501,15,2,1,0,0,2305843009213693967:12;2305843009213693973:3,Symbolica_default,cached_powers_Q,1,2,0.252,BalancedZippelSeparated
fire7_graph5_rank0710,Automatic,1,ok,164.371,15,2,1,0,0,2305843009213693967:12;2305843009213693973:3,Symbolica_default,cached_powers_Q,2,2,0.253,BalancedZippelSeparated
fire7_graph5_rank0711,Automatic,1,ok,172.811,15,2,1,0,0,2305843009213693967:12;2305843009213693973:3,Symbolica_default,cached_powers_Q,2,2,0.266,BalancedZippelSeparated
fire7_graph5_rank0712,Automatic,1,ok,182.820,17,2,1,0,0,2305843009213693967:14;2305843009213693973:3,Symbolica_default,cached_powers_Q,3,3,0.282,BalancedZippelSeparated
fire7_graph5_rank0713,Automatic,1,ok,173.031,17,2,1,0,0,2305843009213693967:14;2305843009213693973:3,Symbolica_default,cached_powers_Q,3,3,0.257,BalancedZippelSeparated
fire7_graph5_rank0714,Automatic,1,ok,190.801,16,2,1,0,0,2305843009213693967:13;2305843009213693973:3,Symbolica_default,cached_powers_Q,2,2,0.266,BalancedZippelSeparated
fire7_graph5_rank0715,Automatic,1,ok,178.031,15,2,1,0,0,2305843009213693967:12;2305843009213693973:3,Symbolica_default,cached_powers_Q,2,2,0.313,BalancedZippelSeparated
fire7_graph5_rank0716,Automatic,1,ok,185.351,20,2,1,0,0,2305843009213693967:17;2305843009213693973:3,Symbolica_default,cached_powers_Q,2,3,0.287,BalancedZippelSeparated
fire7_graph5_rank0717,Automatic,1,ok,212.250,19,2,1,0,0,2305843009213693967:16;2305843009213693973:3,Symbolica_default,cached_powers_Q,4,2,0.283,BalancedZippelSeparated
fire7_graph5_rank0718,Automatic,1,ok,204.411,19,2,1,0,0,2305843009213693967:16;2305843009213693973:3,Symbolica_default,cached_powers_Q,2,4,0.334,BalancedZippelSeparated
fire7_graph5_rank0719,Automatic,1,ok,178.291,16,2,1,0,0,2305843009213693967:13;2305843009213693973:3,Symbolica_default,cached_powers_Q,3,2,0.450,BalancedZippelSeparated
fire7_graph5_rank0720,Automatic,1,ok,176.361,18,2,1,0,0,2305843009213693967:15;2305843009213693973:3,Symbolica_default,cached_powers_Q,2,2,0.284,BalancedZippelSeparated
fire7_graph5_rank0721,Automatic,1,ok,174.701,15,2,1,0,0,2305843009213693967:12;2305843009213693973:3,Symbolica_default,cached_powers_Q,2,2,0.515,BalancedZippelSeparated
fire7_graph5_rank0722,Automatic,1,ok,202.181,18,2,1,0,0,2305843009213693967:15;2305843009213693973:3,Symbolica_default,cached_powers_Q,2,3,0.420,BalancedZippelSeparated
fire7_graph5_rank0723,Automatic,1,ok,168.961,16,2,1,0,0,2305843009213693967:13;2305843009213693973:3,Symbolica_default,cached_powers_Q,3,2,0.259,BalancedZippelSeparated
fire7_graph5_rank0724,Automatic,1,ok,175.931,16,2,1,0,0,2305843009213693967:13;2305843009213693973:3,Symbolica_default,cached_powers_Q,3,2,0.235,BalancedZippelSeparated
fire7_graph5_rank0725,Automatic,1,ok,179.351,16,2,1,0,0,2305843009213693967:13;2305843009213693973:3,Symbolica_default,cached_powers_Q,2,2,0.252,BalancedZippelSeparated
fire7_graph5_rank0726,Automatic,1,ok,188.530,16,2,1,0,0,2305843009213693967:13;2305843009213693973:3,Symbolica_default,cached_powers_Q,2,2,0.300,BalancedZippelSeparated
fire7_graph5_rank0727,Automatic,1,ok,189.460,16,2,1,0,0,2305843009213693967:13;2305843009213693973:3,Symbolica_default,cached_powers_Q,3,2,0.538,BalancedZippelSeparated
fire7_graph5_rank0728,Automatic,1,ok,210.100,20,2,1,0,0,2305843009213693967:17;2305843009213693973:3,Symbolica_default,cached_powers_Q,2,4,0.338,BalancedZippelSeparated
fire7_graph5_rank0729,Automatic,1,ok,191.531,16,2,1,0,0,2305843009213693967:13;2305843009213693973:3,Symbolica_default,cached_powers_Q,3,2,0.260,BalancedZippelSeparated
fire7_graph5_rank0730,Automatic,1,ok,169.151,16,2,1,0,0,2305843009213693967:13;2305843009213693973:3,Symbolica_default,cached_powers_Q,2,2,0.250,BalancedZippelSeparated
fire7_graph5_rank0731,Automatic,1,ok,208.691,16,2,1,0,0,2305843009213693967:13;2305843009213693973:3,Symbolica_default,cached_powers_Q,2,2,0.408,BalancedZippelSeparated
fire7_graph5_rank0732,Automatic,1,ok,152.191,15,2,1,0,0,2305843009213693967:12;2305843009213693973:3,Symbolica_default,cached_powers_Q,2,2,0.273,BalancedZippelSeparated
fire7_graph5_rank0733,Automatic,1,ok,285.651,15,2,1,0,0,2305843009213693967:12;2305843009213693973:3,Symbolica_default,cached_powers_Q,2,2,0.275,BalancedZippelSeparated
fire7_graph5_rank0734,Automatic,1,ok,198.721,16,2,1,0,0,2305843009213693967:13;2305843009213693973:3,Symbolica_default,cached_powers_Q,3,2,0.223,BalancedZippelSeparated
fire7_graph5_rank0735,Automatic,1,ok,189.831,16,2,1,0,0,2305843009213693967:13;2305843009213693973:3,Symbolica_default,cached_powers_Q,3,2,0.463,BalancedZippelSeparated
fire7_graph5_rank0736,Automatic,1,ok,190.031,16,2,1,0,0,2305843009213693967:13;2305843009213693973:3,Symbolica_default,cached_powers_Q,3,2,0.510,BalancedZippelSeparated
fire7_graph5_rank0737,Automatic,1,ok,356.811,16,2,1,0,0,2305843009213693967:13;2305843009213693973:3,Symbolica_default,cached_powers_Q,3,2,0.302,BalancedZippelSeparated
fire7_graph5_rank0738,Automatic,1,ok,181.041,18,2,1,0,0,2305843009213693967:15;2305843009213693973:3,Symbolica_default,cached_powers_Q,2,3,0.312,BalancedZippelSeparated
fire7_graph5_rank0739,Automatic,1,ok,174.710,20,2,1,0,0,2305843009213693967:17;2305843009213693973:3,Symbolica_default,cached_powers_Q,2,2,0.268,BalancedZippelSeparated
fire7_graph5_rank0740,Automatic,1,ok,173.881,15,2,1,0,0,2305843009213693967:12;2305843009213693973:3,Symbolica_default,cached_powers_Q,2,2,0.517,BalancedZippelSeparated
fire7_graph5_rank0741,Automatic,1,ok,165.840,16,2,1,0,0,2305843009213693967:13;2305843009213693973:3,Symbolica_default,cached_powers_Q,2,2,0.264,BalancedZippelSeparated
fire7_graph5_rank0742,Automatic,1,ok,349.552,16,2,1,0,0,2305843009213693967:13;2305843009213693973:3,Symbolica_default,cached_powers_Q,2,2,0.241,BalancedZippelSeparated
fire7_graph5_rank0743,Automatic,1,ok,162.400,16,2,1,0,0,2305843009213693967:13;2305843009213693973:3,Symbolica_default,cached_powers_Q,3,2,0.263,BalancedZippelSeparated
fire7_graph5_rank0744,Automatic,1,ok,204.811,19,2,1,0,0,2305843009213693967:16;2305843009213693973:3,Symbolica_default,cached_powers_Q,2,4,0.229,BalancedZippelSeparated
fire7_graph5_rank0745,Automatic,1,ok,174.041,16,2,1,0,0,2305843009213693967:13;2305843009213693973:3,Symbolica_default,cached_powers_Q,2,2,0.222,BalancedZippelSeparated
fire7_graph5_rank0746,Automatic,1,ok,165.921,20,2,1,0,0,2305843009213693967:17;2305843009213693973:3,Symbolica_default,cached_powers_Q,2,3,0.471,BalancedZippelSeparated
fire7_graph5_rank0747,Automatic,1,ok,193.231,21,2,1,0,0,2305843009213693967:18;2305843009213693973:3,Symbolica_default,cached_powers_Q,3,2,0.314,BalancedZippelSeparated
fire7_graph5_rank0748,Automatic,1,ok,399.671,19,2,1,0,0,2305843009213693967:16;2305843009213693973:3,Symbolica_default,cached_powers_Q,2,4,0.329,BalancedZippelSeparated
fire7_graph5_rank0749,Automatic,1,ok,174.640,16,2,1,0,0,2305843009213693967:13;2305843009213693973:3,Symbolica_default,cached_powers_Q,2,2,0.266,BalancedZippelSeparated
fire7_graph5_rank0750,Automatic,1,ok,166.551,16,2,1,0,0,2305843009213693967:13;2305843009213693973:3,Symbolica_default,cached_powers_Q,3,2,0.425,BalancedZippelSeparated
fire7_graph5_rank0751,Automatic,1,ok,198.021,17,2,1,0,0,2305843009213693967:14;2305843009213693973:3,Symbolica_default,cached_powers_Q,2,3,0.280,BalancedZippelSeparated
fire7_graph5_rank0752,Automatic,1,ok,169.071,18,2,1,0,0,2305843009213693967:15;2305843009213693973:3,Symbolica_default,cached_powers_Q,2,3,0.294,BalancedZippelSeparated
fire7_graph5_rank0753,Automatic,1,ok,218.600,15,2,1,0,0,2305843009213693967:12;2305843009213693973:3,Symbolica_default,cached_powers_Q,2,2,0.383,BalancedZippelSeparated
fire7_graph5_rank0754,Automatic,1,ok,175.741,15,2,1,0,0,2305843009213693967:12;2305843009213693973:3,Symbolica_default,cached_powers_Q,2,2,0.442,BalancedZippelSeparated
fire7_graph5_rank0755,Automatic,1,ok,231.371,18,2,1,0,0,2305843009213693967:15;2305843009213693973:3,Symbolica_default,cached_powers_Q,2,2,0.499,BalancedZippelSeparated
fire7_graph5_rank0756,Automatic,1,ok,391.721,16,2,1,0,0,2305843009213693967:13;2305843009213693973:3,Symbolica_default,cached_powers_Q,2,2,0.299,BalancedZippelSeparated
fire7_graph5_rank0757,Automatic,1,ok,180.530,16,2,1,0,0,2305843009213693967:13;2305843009213693973:3,Symbolica_default,cached_powers_Q,2,2,0.281,BalancedZippelSeparated
fire7_graph5_rank0758,Automatic,1,ok,203.281,19,2,1,0,0,2305843009213693967:16;2305843009213693973:3,Symbolica_default,cached_powers_Q,2,4,0.298,BalancedZippelSeparated
fire7_graph5_rank0759,Automatic,1,ok,204.441,19,2,1,0,0,2305843009213693967:16;2305843009213693973:3,Symbolica_default,cached_powers_Q,2,4,0.302,BalancedZippelSeparated
fire7_graph5_rank0760,Automatic,1,ok,341.912,16,2,1,0,0,2305843009213693967:13;2305843009213693973:3,Symbolica_default,cached_powers_Q,2,2,0.285,BalancedZippelSeparated
fire7_graph5_rank0761,Automatic,1,ok,172.251,16,2,1,0,0,2305843009213693967:13;2305843009213693973:3,Symbolica_default,cached_powers_Q,2,2,0.295,BalancedZippelSeparated
fire7_graph5_rank0762,Automatic,1,ok,168.261,15,2,1,0,0,2305843009213693967:12;2305843009213693973:3,Symbolica_default,cached_powers_Q,2,2,0.265,BalancedZippelSeparated
fire7_graph5_rank0763,Automatic,1,ok,131.511,15,2,1,0,0,2305843009213693967:12;2305843009213693973:3,Symbolica_default,cached_powers_Q,1,2,0.222,BalancedZippelSeparated
fire7_graph5_rank0764,Automatic,1,ok,184.811,16,2,1,0,0,2305843009213693967:13;2305843009213693973:3,Symbolica_default,cached_powers_Q,2,2,0.188,BalancedZippelSeparated
fire7_graph5_rank0765,Automatic,1,ok,190.131,16,2,1,0,0,2305843009213693967:13;2305843009213693973:3,Symbolica_default,cached_powers_Q,2,2,0.225,BalancedZippelSeparated
fire7_graph5_rank0766,Automatic,1,ok,208.660,19,2,1,0,0,2305843009213693967:16;2305843009213693973:3,Symbolica_default,cached_powers_Q,2,4,0.331,BalancedZippelSeparated
fire7_graph5_rank0767,Automatic,1,ok,365.472,19,2,1,0,0,2305843009213693967:16;2305843009213693973:3,Symbolica_default,cached_powers_Q,3,2,0.264,BalancedZippelSeparated
fire7_graph5_rank0768,Automatic,1,ok,126.670,15,2,1,0,0,2305843009213693967:12;2305843009213693973:3,Symbolica_default,cached_powers_Q,1,2,0.339,BalancedZippelSeparated
fire7_graph5_rank0769,Automatic,1,ok,175.981,17,2,1,0,0,2305843009213693967:14;2305843009213693973:3,Symbolica_default,cached_powers_Q,2,2,0.279,BalancedZippelSeparated
fire7_graph5_rank0770,Automatic,1,ok,175.731,16,2,1,0,0,2305843009213693967:13;2305843009213693973:3,Symbolica_default,cached_powers_Q,2,2,0.278,BalancedZippelSeparated
fire7_graph5_rank0771,Automatic,1,ok,158.061,17,2,1,0,0,2305843009213693967:14;2305843009213693973:3,Symbolica_default,cached_powers_Q,2,2,0.233,BalancedZippelSeparated
fire7_graph5_rank0772,Automatic,1,ok,205.071,16,2,1,0,0,2305843009213693967:13;2305843009213693973:3,Symbolica_default,cached_powers_Q,2,2,0.382,BalancedZippelSeparated
fire7_graph5_rank0773,Automatic,1,ok,186.551,21,2,1,0,0,2305843009213693967:18;2305843009213693973:3,Symbolica_default,cached_powers_Q,2,4,0.268,BalancedZippelSeparated
fire7_graph5_rank0774,Automatic,1,ok,136.310,17,2,1,0,0,2305843009213693967:14;2305843009213693973:3,Symbolica_default,cached_powers_Q,1,2,0.431,BalancedZippelSeparated
fire7_graph5_rank0775,Automatic,1,ok,169.380,20,2,1,0,0,2305843009213693967:17;2305843009213693973:3,Symbolica_default,cached_powers_Q,2,2,0.214,BalancedZippelSeparated
fire7_graph5_rank0776,Automatic,1,ok,150.021,18,2,1,0,0,2305843009213693967:15;2305843009213693973:3,Symbolica_default,cached_powers_Q,3,1,0.190,BalancedZippelSeparated
fire7_graph5_rank0777,Automatic,1,ok,199.731,19,2,1,0,0,2305843009213693967:16;2305843009213693973:3,Symbolica_default,cached_powers_Q,2,4,0.275,BalancedZippelSeparated
fire7_graph5_rank0778,Automatic,1,ok,185.841,16,2,1,0,0,2305843009213693967:13;2305843009213693973:3,Symbolica_default,cached_powers_Q,2,2,0.285,BalancedZippelSeparated
fire7_graph5_rank0779,Automatic,1,ok,180.670,16,2,1,0,0,2305843009213693967:13;2305843009213693973:3,Symbolica_default,cached_powers_Q,3,2,0.274,BalancedZippelSeparated
fire7_graph5_rank0780,Automatic,1,ok,169.960,20,2,1,0,0,2305843009213693967:17;2305843009213693973:3,Symbolica_default,cached_powers_Q,2,3,0.298,BalancedZippelSeparated
fire7_graph5_rank0781,Automatic,1,ok,163.241,20,2,1,0,0,2305843009213693967:17;2305843009213693973:3,Symbolica_default,cached_powers_Q,2,2,0.277,BalancedZippelSeparated
fire7_graph5_rank0782,Automatic,1,ok,187.030,19,2,1,0,0,2305843009213693967:16;2305843009213693973:3,Symbolica_default,cached_powers_Q,2,4,0.465,BalancedZippelSeparated
fire7_graph5_rank0783,Automatic,1,ok,338.351,16,2,1,0,0,2305843009213693967:13;2305843009213693973:3,Symbolica_default,cached_powers_Q,2,2,0.247,BalancedZippelSeparated
fire7_graph5_rank0784,Automatic,1,ok,159.000,15,2,1,0,0,2305843009213693967:12;2305843009213693973:3,Symbolica_default,cached_powers_Q,2,2,0.233,BalancedZippelSeparated
fire7_graph5_rank0785,Automatic,1,ok,155.300,20,2,1,0,0,2305843009213693967:17;2305843009213693973:3,Symbolica_default,cached_powers_Q,2,3,0.259,BalancedZippelSeparated
fire7_graph5_rank0786,Automatic,1,ok,146.440,18,2,1,0,0,2305843009213693967:15;2305843009213693973:3,Symbolica_default,cached_powers_Q,2,2,0.198,BalancedZippelSeparated
fire7_graph5_rank0787,Automatic,1,ok,127.420,16,2,1,0,0,2305843009213693967:13;2305843009213693973:3,Symbolica_default,cached_powers_Q,1,1,0.222,BalancedZippelSeparated
fire7_graph5_rank0788,Automatic,1,ok,165.851,17,2,1,0,0,2305843009213693967:14;2305843009213693973:3,Symbolica_default,cached_powers_Q,2,3,0.220,BalancedZippelSeparated
fire7_graph5_rank0789,Automatic,1,ok,152.171,17,2,1,0,0,2305843009213693967:14;2305843009213693973:3,Symbolica_default,cached_powers_Q,1,2,0.492,BalancedZippelSeparated
fire7_graph5_rank0790,Automatic,1,ok,182.820,15,2,1,0,0,2305843009213693967:12;2305843009213693973:3,Symbolica_default,cached_powers_Q,2,2,0.279,BalancedZippelSeparated
fire7_graph5_rank0791,Automatic,1,ok,144.180,15,2,1,0,0,2305843009213693967:12;2305843009213693973:3,Symbolica_default,cached_powers_Q,1,2,0.289,BalancedZippelSeparated
fire7_graph5_rank0792,Automatic,1,ok,146.250,15,2,1,0,0,2305843009213693967:12;2305843009213693973:3,Symbolica_default,cached_powers_Q,1,2,0.249,BalancedZippelSeparated
fire7_graph5_rank0793,Automatic,1,ok,337.512,17,2,1,0,0,2305843009213693967:14;2305843009213693973:3,Symbolica_default,cached_powers_Q,2,2,0.263,BalancedZippelSeparated
fire7_graph5_rank0794,Automatic,1,ok,283.191,19,2,1,0,0,2305843009213693967:16;2305843009213693973:3,Symbolica_default,cached_powers_Q,1,4,0.277,BalancedZippelSeparated
fire7_graph5_rank0795,Automatic,1,ok,240.992,14,2,1,0,0,2305843009213693967:11;2305843009213693973:3,Symbolica_default,cached_powers_Q,1,1,0.264,BalancedZippelSeparated
fire7_graph5_rank0796,Automatic,1,ok,169.531,17,2,1,0,0,2305843009213693967:14;2305843009213693973:3,Symbolica_default,cached_powers_Q,2,2,0.238,BalancedZippelSeparated
fire7_graph5_rank0797,Automatic,1,ok,168.880,17,2,1,0,0,2305843009213693967:14;2305843009213693973:3,Symbolica_default,cached_powers_Q,2,3,0.220,BalancedZippelSeparated
fire7_graph5_rank0798,Automatic,1,ok,149.731,19,2,1,0,0,2305843009213693967:16;2305843009213693973:3,Symbolica_default,cached_powers_Q,1,4,0.195,BalancedZippelSeparated
fire7_graph5_rank0799,Automatic,1,ok,225.961,15,2,1,0,0,2305843009213693967:12;2305843009213693973:3,Symbolica_default,cached_powers_Q,2,2,0.430,BalancedZippelSeparated
fire7_graph5_rank0800,Automatic,1,ok,235.331,15,2,1,0,0,2305843009213693967:12;2305843009213693973:3,Symbolica_default,cached_powers_Q,2,2,0.251,BalancedZippelSeparated
fire7_graph5_rank0801,Automatic,1,ok,155.521,19,2,1,0,0,2305843009213693967:16;2305843009213693973:3,Symbolica_default,cached_powers_Q,1,4,0.303,BalancedZippelSeparated
fire7_graph5_rank0802,Automatic,1,ok,149.461,19,2,1,0,0,2305843009213693967:16;2305843009213693973:3,Symbolica_default,cached_powers_Q,1,4,0.463,BalancedZippelSeparated
fire7_graph5_rank0803,Automatic,1,ok,155.000,15,2,1,0,0,2305843009213693967:12;2305843009213693973:3,Symbolica_default,cached_powers_Q,1,2,0.304,BalancedZippelSeparated
fire7_graph5_rank0804,Automatic,1,ok,143.940,15,2,1,0,0,2305843009213693967:12;2305843009213693973:3,Symbolica_default,cached_powers_Q,1,1,0.294,BalancedZippelSeparated
fire7_graph5_rank0805,Automatic,1,ok,107.501,14,2,1,0,0,2305843009213693967:11;2305843009213693973:3,Symbolica_default,cached_powers_Q,1,1,0.274,BalancedZippelSeparated
fire7_graph5_rank0806,Automatic,1,ok,111.040,14,2,1,0,0,2305843009213693967:11;2305843009213693973:3,Symbolica_default,cached_powers_Q,1,1,0.269,BalancedZippelSeparated
fire7_graph5_rank0807,Automatic,1,ok,119.050,14,2,1,0,0,2305843009213693967:11;2305843009213693973:3,Symbolica_default,cached_powers_Q,1,1,0.206,BalancedZippelSeparated
fire7_graph5_rank0808,Automatic,1,ok,143.811,15,2,1,0,0,2305843009213693967:12;2305843009213693973:3,Symbolica_default,cached_powers_Q,1,1,0.207,BalancedZippelSeparated
fire7_graph5_rank0809,Automatic,1,ok,123.871,16,2,1,0,0,2305843009213693967:13;2305843009213693973:3,Symbolica_default,cached_powers_Q,1,1,0.207,BalancedZippelSeparated
fire7_graph5_rank0810,Automatic,1,ok,138.761,18,2,1,0,0,2305843009213693967:15;2305843009213693973:3,Symbolica_default,cached_powers_Q,3,1,0.179,BalancedZippelSeparated
fire7_graph5_rank0811,Automatic,1,ok,142.830,14,2,1,0,0,2305843009213693967:11;2305843009213693973:3,Symbolica_default,cached_powers_Q,1,1,0.503,BalancedZippelSeparated
fire7_graph5_rank0812,Automatic,1,ok,171.061,18,2,1,0,0,2305843009213693967:15;2305843009213693973:3,Symbolica_default,cached_powers_Q,2,2,0.265,BalancedZippelSeparated
fire7_graph5_rank0813,Automatic,1,ok,147.241,17,2,1,0,0,2305843009213693967:14;2305843009213693973:3,Symbolica_default,cached_powers_Q,1,2,0.255,BalancedZippelSeparated
fire7_graph5_rank0814,Automatic,1,ok,159.231,19,2,1,0,0,2305843009213693967:16;2305843009213693973:3,Symbolica_default,cached_powers_Q,1,4,0.500,BalancedZippelSeparated
fire7_graph5_rank0815,Automatic,1,ok,191.091,19,2,1,0,0,2305843009213693967:16;2305843009213693973:3,Symbolica_default,cached_powers_Q,2,2,0.269,BalancedZippelSeparated
fire7_graph5_rank0816,Automatic,1,ok,136.120,17,2,1,0,0,2305843009213693967:14;2305843009213693973:3,Symbolica_default,cached_powers_Q,1,2,0.229,BalancedZippelSeparated
fire7_graph5_rank0817,Automatic,1,ok,171.071,15,2,1,0,0,2305843009213693967:12;2305843009213693973:3,Symbolica_default,cached_powers_Q,2,2,0.218,BalancedZippelSeparated
fire7_graph5_rank0818,Automatic,1,ok,120.850,17,2,1,0,0,2305843009213693967:14;2305843009213693973:3,Symbolica_default,cached_powers_Q,1,3,0.325,BalancedZippelSeparated
fire7_graph5_rank0819,Automatic,1,ok,360.431,15,2,1,0,0,2305843009213693967:12;2305843009213693973:3,Symbolica_default,cached_powers_Q,2,2,0.189,BalancedZippelSeparated
fire7_graph5_rank0820,Automatic,1,ok,178.661,18,2,1,0,0,2305843009213693967:15;2305843009213693973:3,Symbolica_default,cached_powers_Q,2,2,0.440,BalancedZippelSeparated
fire7_graph5_rank0821,Automatic,1,ok,129.770,14,2,1,0,0,2305843009213693967:11;2305843009213693973:3,Symbolica_default,cached_powers_Q,1,1,0.300,BalancedZippelSeparated
fire7_graph5_rank0822,Automatic,1,ok,165.931,20,2,1,0,0,2305843009213693967:17;2305843009213693973:3,Symbolica_default,cached_powers_Q,2,3,0.500,BalancedZippelSeparated
fire7_graph5_rank0823,Automatic,1,ok,174.911,22,2,1,0,0,2305843009213693967:19;2305843009213693973:3,Symbolica_default,cached_powers_Q,2,3,0.296,BalancedZippelSeparated
fire7_graph5_rank0824,Automatic,1,ok,164.740,18,2,1,0,0,2305843009213693967:15;2305843009213693973:3,Symbolica_default,cached_powers_Q,2,2,0.284,BalancedZippelSeparated
fire7_graph5_rank0825,Automatic,1,ok,162.571,15,2,1,0,0,2305843009213693967:12;2305843009213693973:3,Symbolica_default,cached_powers_Q,2,2,0.266,BalancedZippelSeparated
fire7_graph5_rank0826,Automatic,1,ok,161.371,18,2,1,0,0,2305843009213693967:15;2305843009213693973:3,Symbolica_default,cached_powers_Q,2,2,0.241,BalancedZippelSeparated
fire7_graph5_rank0827,Automatic,1,ok,113.170,14,2,1,0,0,2305843009213693967:11;2305843009213693973:3,Symbolica_default,cached_powers_Q,1,1,0.247,BalancedZippelSeparated
fire7_graph5_rank0828,Automatic,1,ok,177.961,21,2,1,0,0,2305843009213693967:18;2305843009213693973:3,Symbolica_default,cached_powers_Q,2,2,0.213,BalancedZippelSeparated
fire7_graph5_rank0829,Automatic,1,ok,289.261,15,2,1,0,0,2305843009213693967:12;2305843009213693973:3,Symbolica_default,cached_powers_Q,2,2,0.229,BalancedZippelSeparated
fire7_graph5_rank0830,Automatic,1,ok,148.541,17,2,1,0,0,2305843009213693967:14;2305843009213693973:3,Symbolica_default,cached_powers_Q,1,2,0.405,BalancedZippelSeparated
fire7_graph5_rank0831,Automatic,1,ok,155.871,19,2,1,0,0,2305843009213693967:16;2305843009213693973:3,Symbolica_default,cached_powers_Q,1,4,0.235,BalancedZippelSeparated
fire7_graph5_rank0832,Automatic,1,ok,309.851,18,2,1,0,0,2305843009213693967:15;2305843009213693973:3,Symbolica_default,cached_powers_Q,1,3,0.274,BalancedZippelSeparated
fire7_graph5_rank0833,Automatic,1,ok,196.180,18,2,1,0,0,2305843009213693967:15;2305843009213693973:3,Symbolica_default,cached_powers_Q,2,2,0.316,BalancedZippelSeparated
fire7_graph5_rank0834,Automatic,1,ok,190.200,15,2,1,0,0,2305843009213693967:12;2305843009213693973:3,Symbolica_default,cached_powers_Q,2,2,0.305,BalancedZippelSeparated
fire7_graph5_rank0835,Automatic,1,ok,176.810,15,2,1,0,0,2305843009213693967:12;2305843009213693973:3,Symbolica_default,cached_powers_Q,2,2,0.290,BalancedZippelSeparated
fire7_graph5_rank0836,Automatic,1,ok,146.460,17,2,1,0,0,2305843009213693967:14;2305843009213693973:3,Symbolica_default,cached_powers_Q,2,1,0.201,BalancedZippelSeparated
fire7_graph5_rank0837,Automatic,1,ok,117.850,14,2,1,0,0,2305843009213693967:11;2305843009213693973:3,Symbolica_default,cached_powers_Q,1,1,0.277,BalancedZippelSeparated
fire7_graph5_rank0838,Automatic,1,ok,213.771,15,2,1,0,0,2305843009213693967:12;2305843009213693973:3,Symbolica_default,cached_powers_Q,2,2,0.430,BalancedZippelSeparated
fire7_graph5_rank0839,Automatic,1,ok,290.921,14,2,1,0,0,2305843009213693967:11;2305843009213693973:3,Symbolica_default,cached_powers_Q,1,1,0.298,BalancedZippelSeparated
fire7_graph5_rank0840,Automatic,1,ok,200.690,18,2,1,0,0,2305843009213693967:15;2305843009213693973:3,Symbolica_default,cached_powers_Q,1,3,0.482,BalancedZippelSeparated
fire7_graph5_rank0841,Automatic,1,ok,163.821,20,2,1,0,0,2305843009213693967:17;2305843009213693973:3,Symbolica_default,cached_powers_Q,2,2,0.262,BalancedZippelSeparated
fire7_graph5_rank0842,Automatic,1,ok,166.811,18,2,1,0,0,2305843009213693967:15;2305843009213693973:3,Symbolica_default,cached_powers_Q,2,2,0.448,BalancedZippelSeparated
fire7_graph5_rank0843,Automatic,1,ok,138.541,15,2,1,0,0,2305843009213693967:12;2305843009213693973:3,Symbolica_default,cached_powers_Q,2,1,0.235,BalancedZippelSeparated
fire7_graph5_rank0844,Automatic,1,ok,140.330,16,2,1,0,0,2305843009213693967:13;2305843009213693973:3,Symbolica_default,cached_powers_Q,1,2,0.271,BalancedZippelSeparated
fire7_graph5_rank0845,Automatic,1,ok,187.960,16,2,1,0,0,2305843009213693967:13;2305843009213693973:3,Symbolica_default,cached_powers_Q,2,2,0.285,BalancedZippelSeparated
fire7_graph5_rank0846,Automatic,1,ok,169.710,18,2,1,0,0,2305843009213693967:15;2305843009213693973:3,Symbolica_default,cached_powers_Q,2,2,0.279,BalancedZippelSeparated
fire7_graph5_rank0847,Automatic,1,ok,169.720,14,2,1,0,0,2305843009213693967:11;2305843009213693973:3,Symbolica_default,cached_powers_Q,1,1,0.385,BalancedZippelSeparated
fire7_graph5_rank0848,Automatic,1,ok,119.090,13,2,1,0,0,2305843009213693967:10;2305843009213693973:3,Symbolica_default,cached_powers_Q,1,1,0.222,BalancedZippelSeparated
fire7_graph5_rank0849,Automatic,1,ok,121.590,14,2,1,0,0,2305843009213693967:11;2305843009213693973:3,Symbolica_default,cached_powers_Q,1,1,0.254,BalancedZippelSeparated
fire7_graph5_rank0850,Automatic,1,ok,157.840,15,2,1,0,0,2305843009213693967:12;2305843009213693973:3,Symbolica_default,cached_powers_Q,2,1,0.213,BalancedZippelSeparated
fire7_graph5_rank0851,Automatic,1,ok,396.392,18,2,1,0,0,2305843009213693967:15;2305843009213693973:3,Symbolica_default,cached_powers_Q,2,2,0.275,BalancedZippelSeparated
fire7_graph5_rank0852,Automatic,1,ok,374.661,17,2,1,0,0,2305843009213693967:14;2305843009213693973:3,Symbolica_default,cached_powers_Q,2,2,0.273,BalancedZippelSeparated
fire7_graph5_rank0853,Automatic,1,ok,195.731,18,2,1,0,0,2305843009213693967:15;2305843009213693973:3,Symbolica_default,cached_powers_Q,2,2,0.293,BalancedZippelSeparated
fire7_graph5_rank0854,Automatic,1,ok,295.902,15,2,1,0,0,2305843009213693967:12;2305843009213693973:3,Symbolica_default,cached_powers_Q,1,1,0.282,BalancedZippelSeparated
fire7_graph5_rank0855,Automatic,1,ok,128.060,14,2,1,0,0,2305843009213693967:11;2305843009213693973:3,Symbolica_default,cached_powers_Q,2,1,0.227,BalancedZippelSeparated
fire7_graph5_rank0856,Automatic,1,ok,143.821,17,2,1,0,0,2305843009213693967:14;2305843009213693973:3,Symbolica_default,cached_powers_Q,2,1,0.207,BalancedZippelSeparated
fire7_graph5_rank0857,Automatic,1,ok,134.430,14,2,1,0,0,2305843009213693967:11;2305843009213693973:3,Symbolica_default,cached_powers_Q,1,1,0.227,BalancedZippelSeparated
fire7_graph5_rank0858,Automatic,1,ok,129.101,14,2,1,0,0,2305843009213693967:11;2305843009213693973:3,Symbolica_default,cached_powers_Q,1,1,0.407,BalancedZippelSeparated
fire7_graph5_rank0859,Automatic,1,ok,196.521,17,2,1,0,0,2305843009213693967:14;2305843009213693973:3,Symbolica_default,cached_powers_Q,2,2,0.246,BalancedZippelSeparated
fire7_graph5_rank0860,Automatic,1,ok,207.831,21,2,1,0,0,2305843009213693967:18;2305843009213693973:3,Symbolica_default,cached_powers_Q,2,2,0.480,BalancedZippelSeparated
fire7_graph5_rank0861,Automatic,1,ok,133.460,13,2,1,0,0,2305843009213693967:10;2305843009213693973:3,Symbolica_default,cached_powers_Q,1,1,0.273,BalancedZippelSeparated
fire7_graph5_rank0862,Automatic,1,ok,184.091,16,2,1,0,0,2305843009213693967:13;2305843009213693973:3,Symbolica_default,cached_powers_Q,2,2,0.261,BalancedZippelSeparated
fire7_graph5_rank0863,Automatic,1,ok,167.860,20,2,1,0,0,2305843009213693967:17;2305843009213693973:3,Symbolica_default,cached_powers_Q,2,1,0.352,BalancedZippelSeparated
fire7_graph5_rank0864,Automatic,1,ok,127.820,14,2,1,0,0,2305843009213693967:11;2305843009213693973:3,Symbolica_default,cached_powers_Q,1,1,0.459,BalancedZippelSeparated
fire7_graph5_rank0865,Automatic,1,ok,134.410,14,2,1,0,0,2305843009213693967:11;2305843009213693973:3,Symbolica_default,cached_powers_Q,1,1,0.468,BalancedZippelSeparated
fire7_graph5_rank0866,Automatic,1,ok,387.531,17,2,1,0,0,2305843009213693967:14;2305843009213693973:3,Symbolica_default,cached_powers_Q,2,2,0.232,BalancedZippelSeparated
fire7_graph5_rank0867,Automatic,1,ok,167.621,13,2,1,0,0,2305843009213693967:10;2305843009213693973:3,Symbolica_default,cached_powers_Q,1,1,0.250,BalancedZippelSeparated
fire7_graph5_rank0868,Automatic,1,ok,109.031,13,2,1,0,0,2305843009213693967:10;2305843009213693973:3,Symbolica_default,cached_powers_Q,1,1,0.413,BalancedZippelSeparated
fire7_graph5_rank0869,Automatic,1,ok,130.370,17,2,1,0,0,2305843009213693967:14;2305843009213693973:3,Symbolica_default,cached_powers_Q,1,3,0.234,BalancedZippelSeparated
fire7_graph5_rank0870,Automatic,1,ok,130.050,15,2,1,0,0,2305843009213693967:12;2305843009213693973:3,Symbolica_default,cached_powers_Q,1,2,0.224,BalancedZippelSeparated
fire7_graph5_rank0871,Automatic,1,ok,137.020,16,2,1,0,0,2305843009213693967:13;2305843009213693973:3,Symbolica_default,cached_powers_Q,2,1,0.230,BalancedZippelSeparated
fire7_graph5_rank0872,Automatic,1,ok,115.771,14,2,1,0,0,2305843009213693967:11;2305843009213693973:3,Symbolica_default,cached_powers_Q,1,1,0.272,BalancedZippelSeparated
fire7_graph5_rank0873,Automatic,1,ok,156.160,18,2,1,0,0,2305843009213693967:15;2305843009213693973:3,Symbolica_default,cached_powers_Q,2,2,0.252,BalancedZippelSeparated
fire7_graph5_rank0874,Automatic,1,ok,155.991,15,2,1,0,0,2305843009213693967:12;2305843009213693973:3,Symbolica_default,cached_powers_Q,2,2,0.273,BalancedZippelSeparated
fire7_graph5_rank0875,Automatic,1,ok,131.131,16,2,1,0,0,2305843009213693967:13;2305843009213693973:3,Symbolica_default,cached_powers_Q,1,2,0.227,BalancedZippelSeparated
fire7_graph5_rank0876,Automatic,1,ok,183.801,16,2,1,0,0,2305843009213693967:13;2305843009213693973:3,Symbolica_default,cached_powers_Q,2,1,0.388,BalancedZippelSeparated
fire7_graph5_rank0877,Automatic,1,ok,127.860,15,2,1,0,0,2305843009213693967:12;2305843009213693973:3,Symbolica_default,cached_powers_Q,2,1,0.161,BalancedZippelSeparated
fire7_graph5_rank0878,Automatic,1,ok,149.821,18,2,1,0,0,2305843009213693967:15;2305843009213693973:3,Symbolica_default,cached_powers_Q,2,2,0.241,BalancedZippelSeparated
fire7_graph5_rank0879,Automatic,1,ok,152.060,18,2,1,0,0,2305843009213693967:15;2305843009213693973:3,Symbolica_default,cached_powers_Q,2,2,0.215,BalancedZippelSeparated
fire7_graph5_rank0880,Automatic,1,ok,128.791,15,2,1,0,0,2305843009213693967:12;2305843009213693973:3,Symbolica_default,cached_powers_Q,2,1,0.151,BalancedZippelSeparated
fire7_graph5_rank0881,Automatic,1,ok,161.991,18,2,1,0,0,2305843009213693967:15;2305843009213693973:3,Symbolica_default,cached_powers_Q,2,2,0.237,BalancedZippelSeparated
fire7_graph5_rank0882,Automatic,1,ok,130.601,16,2,1,0,0,2305843009213693967:13;2305843009213693973:3,Symbolica_default,cached_powers_Q,1,2,0.231,BalancedZippelSeparated
fire7_graph5_rank0883,Automatic,1,ok,133.030,16,2,1,0,0,2305843009213693967:13;2305843009213693973:3,Symbolica_default,cached_powers_Q,1,2,0.212,BalancedZippelSeparated
fire7_graph5_rank0884,Automatic,1,ok,135.231,16,2,1,0,0,2305843009213693967:13;2305843009213693973:3,Symbolica_default,cached_powers_Q,1,2,0.193,BalancedZippelSeparated
fire7_graph5_rank0885,Automatic,1,ok,117.550,16,2,1,0,0,2305843009213693967:13;2305843009213693973:3,Symbolica_default,cached_powers_Q,2,1,0.191,BalancedZippelSeparated
fire7_graph5_rank0886,Automatic,1,ok,126.571,14,2,1,0,0,2305843009213693967:11;2305843009213693973:3,Symbolica_default,cached_powers_Q,2,1,0.191,BalancedZippelSeparated
fire7_graph5_rank0887,Automatic,1,ok,135.310,17,2,1,0,0,2305843009213693967:14;2305843009213693973:3,Symbolica_default,cached_powers_Q,1,2,0.211,BalancedZippelSeparated
fire7_graph5_rank0888,Automatic,1,ok,119.421,13,2,1,0,0,2305843009213693967:10;2305843009213693973:3,Symbolica_default,cached_powers_Q,1,1,0.220,BalancedZippelSeparated
fire7_graph5_rank0889,Automatic,1,ok,155.670,18,2,1,0,0,2305843009213693967:15;2305843009213693973:3,Symbolica_default,cached_powers_Q,2,2,0.192,BalancedZippelSeparated
fire7_graph5_rank0890,Automatic,1,ok,282.771,14,2,1,0,0,2305843009213693967:11;2305843009213693973:3,Symbolica_default,cached_powers_Q,2,1,0.152,BalancedZippelSeparated
fire7_graph5_rank0891,Automatic,1,ok,164.181,15,2,1,0,0,2305843009213693967:12;2305843009213693973:3,Symbolica_default,cached_powers_Q,2,2,0.271,BalancedZippelSeparated
fire7_graph5_rank0892,Automatic,1,ok,121.650,16,2,1,0,0,2305843009213693967:13;2305843009213693973:3,Symbolica_default,cached_powers_Q,2,1,0.216,BalancedZippelSeparated
fire7_graph5_rank0893,Automatic,1,ok,161.701,14,2,1,0,0,2305843009213693967:11;2305843009213693973:3,Symbolica_default,cached_powers_Q,2,1,0.373,BalancedZippelSeparated
fire7_graph5_rank0894,Automatic,1,ok,138.790,16,2,1,0,0,2305843009213693967:13;2305843009213693973:3,Symbolica_default,cached_powers_Q,2,1,0.247,BalancedZippelSeparated
fire7_graph5_rank0895,Automatic,1,ok,131.240,14,2,1,0,0,2305843009213693967:11;2305843009213693973:3,Symbolica_default,cached_powers_Q,2,1,0.200,BalancedZippelSeparated
fire7_graph5_rank0896,Automatic,1,ok,164.711,15,2,1,0,0,2305843009213693967:12;2305843009213693973:3,Symbolica_default,cached_powers_Q,2,2,0.402,BalancedZippelSeparated
fire7_graph5_rank0897,Automatic,1,ok,129.750,15,2,1,0,0,2305843009213693967:12;2305843009213693973:3,Symbolica_default,cached_powers_Q,1,2,0.184,BalancedZippelSeparated
fire7_graph5_rank0898,Automatic,1,ok,128.561,16,2,1,0,0,2305843009213693967:13;2305843009213693973:3,Symbolica_default,cached_powers_Q,1,2,0.240,BalancedZippelSeparated
fire7_graph5_rank0899,Automatic,1,ok,123.411,17,2,1,0,0,2305843009213693967:14;2305843009213693973:3,Symbolica_default,cached_powers_Q,1,2,0.386,BalancedZippelSeparated
fire7_graph5_rank0900,Automatic,1,ok,139.161,16,2,1,0,0,2305843009213693967:13;2305843009213693973:3,Symbolica_default,cached_powers_Q,1,1,0.159,BalancedZippelSeparated
fire7_graph5_rank0901,Automatic,1,ok,121.151,14,2,1,0,0,2305843009213693967:11;2305843009213693973:3,Symbolica_default,cached_powers_Q,2,1,0.220,BalancedZippelSeparated
fire7_graph5_rank0902,Automatic,1,ok,138.670,16,2,1,0,0,2305843009213693967:13;2305843009213693973:3,Symbolica_default,cached_powers_Q,1,2,0.446,BalancedZippelSeparated
fire7_graph5_rank0903,Automatic,1,ok,121.371,15,2,1,0,0,2305843009213693967:12;2305843009213693973:3,Symbolica_default,cached_powers_Q,1,2,0.404,BalancedZippelSeparated
fire7_graph5_rank0904,Automatic,1,ok,137.911,15,2,1,0,0,2305843009213693967:12;2305843009213693973:3,Symbolica_default,cached_powers_Q,1,1,0.237,BalancedZippelSeparated
fire7_graph5_rank0905,Automatic,1,ok,135.320,17,2,1,0,0,2305843009213693967:14;2305843009213693973:3,Symbolica_default,cached_powers_Q,1,2,0.214,BalancedZippelSeparated
fire7_graph5_rank0906,Automatic,1,ok,125.510,14,2,1,0,0,2305843009213693967:11;2305843009213693973:3,Symbolica_default,cached_powers_Q,1,1,0.158,BalancedZippelSeparated
fire7_graph5_rank0907,Automatic,1,ok,125.111,14,2,1,0,0,2305843009213693967:11;2305843009213693973:3,Symbolica_default,cached_powers_Q,1,1,0.185,BalancedZippelSeparated
fire7_graph5_rank0908,Automatic,1,ok,120.060,14,2,1,0,0,2305843009213693967:11;2305843009213693973:3,Symbolica_default,cached_powers_Q,1,1,0.173,BalancedZippelSeparated
fire7_graph5_rank0909,Automatic,1,ok,165.881,15,2,1,0,0,2305843009213693967:12;2305843009213693973:3,Symbolica_default,cached_powers_Q,2,2,0.416,BalancedZippelSeparated
fire7_graph5_rank0910,Automatic,1,ok,135.421,14,2,1,0,0,2305843009213693967:11;2305843009213693973:3,Symbolica_default,cached_powers_Q,1,1,0.163,BalancedZippelSeparated
fire7_graph5_rank0911,Automatic,1,ok,141.891,14,2,1,0,0,2305843009213693967:11;2305843009213693973:3,Symbolica_default,cached_powers_Q,1,1,0.166,BalancedZippelSeparated
fire7_graph5_rank0912,Automatic,1,ok,327.061,14,2,1,0,0,2305843009213693967:11;2305843009213693973:3,Symbolica_default,cached_powers_Q,2,1,0.232,BalancedZippelSeparated
fire7_graph5_rank0913,Automatic,1,ok,130.721,14,2,1,0,0,2305843009213693967:11;2305843009213693973:3,Symbolica_default,cached_powers_Q,2,1,0.210,BalancedZippelSeparated
fire7_graph5_rank0914,Automatic,1,ok,134.281,15,2,1,0,0,2305843009213693967:12;2305843009213693973:3,Symbolica_default,cached_powers_Q,1,2,0.204,BalancedZippelSeparated
fire7_graph5_rank0915,Automatic,1,ok,265.251,14,2,1,0,0,2305843009213693967:11;2305843009213693973:3,Symbolica_default,cached_powers_Q,1,1,0.123,BalancedZippelSeparated
fire7_graph5_rank0916,Automatic,1,ok,123.521,15,2,1,0,0,2305843009213693967:12;2305843009213693973:3,Symbolica_default,cached_powers_Q,1,2,0.179,BalancedZippelSeparated
fire7_graph5_rank0917,Automatic,1,ok,125.760,13,2,1,0,0,2305843009213693967:10;2305843009213693973:3,Symbolica_default,cached_powers_Q,1,1,0.153,BalancedZippelSeparated
fire7_graph5_rank0918,Automatic,1,ok,316.612,15,2,1,0,0,2305843009213693967:12;2305843009213693973:3,Symbolica_default,cached_powers_Q,1,1,0.210,BalancedZippelSeparated
fire7_graph5_rank0919,Automatic,1,ok,124.840,15,2,1,0,0,2305843009213693967:12;2305843009213693973:3,Symbolica_default,cached_powers_Q,1,2,0.200,BalancedZippelSeparated
fire7_graph5_rank0920,Automatic,1,ok,326.121,13,2,1,0,0,2305843009213693967:10;2305843009213693973:3,Symbolica_default,cached_powers_Q,1,1,0.156,BalancedZippelSeparated
fire7_graph5_rank0921,Automatic,1,ok,146.600,16,2,1,0,0,2305843009213693967:13;2305843009213693973:3,Symbolica_default,cached_powers_Q,1,2,0.268,BalancedZippelSeparated
fire7_graph5_rank0922,Automatic,1,ok,129.821,15,2,1,0,0,2305843009213693967:12;2305843009213693973:3,Symbolica_default,cached_powers_Q,1,1,0.196,BalancedZippelSeparated
fire7_graph5_rank0923,Automatic,1,ok,130.810,14,2,1,0,0,2305843009213693967:11;2305843009213693973:3,Symbolica_default,cached_powers_Q,2,1,0.188,BalancedZippelSeparated
fire7_graph5_rank0924,Automatic,1,ok,126.680,14,2,1,0,0,2305843009213693967:11;2305843009213693973:3,Symbolica_default,cached_powers_Q,2,1,0.179,BalancedZippelSeparated
fire7_graph5_rank0925,Automatic,1,ok,177.920,14,2,1,0,0,2305843009213693967:11;2305843009213693973:3,Symbolica_default,cached_powers_Q,1,1,0.173,BalancedZippelSeparated
fire7_graph5_rank0926,Automatic,1,ok,127.221,13,2,1,0,0,2305843009213693967:10;2305843009213693973:3,Symbolica_default,cached_powers_Q,1,1,0.161,BalancedZippelSeparated
fire7_graph5_rank0927,Automatic,1,ok,147.350,14,2,1,0,0,2305843009213693967:11;2305843009213693973:3,Symbolica_default,cached_powers_Q,1,1,0.160,BalancedZippelSeparated
fire7_graph5_rank0928,Automatic,1,ok,326.101,15,2,1,0,0,2305843009213693967:12;2305843009213693973:3,Symbolica_default,cached_powers_Q,1,2,0.209,BalancedZippelSeparated
fire7_graph5_rank0929,Automatic,1,ok,124.261,15,2,1,0,0,2305843009213693967:12;2305843009213693973:3,Symbolica_default,cached_powers_Q,1,2,0.210,BalancedZippelSeparated
fire7_graph5_rank0930,Automatic,1,ok,126.361,15,2,1,0,0,2305843009213693967:12;2305843009213693973:3,Symbolica_default,cached_powers_Q,1,2,0.198,BalancedZippelSeparated
fire7_graph5_rank0931,Automatic,1,ok,302.751,16,2,1,0,0,2305843009213693967:13;2305843009213693973:3,Symbolica_default,cached_powers_Q,1,2,0.244,BalancedZippelSeparated
fire7_graph5_rank0932,Automatic,1,ok,130.981,14,2,1,0,0,2305843009213693967:11;2305843009213693973:3,Symbolica_default,cached_powers_Q,2,1,0.186,BalancedZippelSeparated
fire7_graph5_rank0933,Automatic,1,ok,138.301,13,2,1,0,0,2305843009213693967:10;2305843009213693973:3,Symbolica_default,cached_powers_Q,1,1,0.156,BalancedZippelSeparated
fire7_graph5_rank0934,Automatic,1,ok,118.711,13,2,1,0,0,2305843009213693967:10;2305843009213693973:3,Symbolica_default,cached_powers_Q,1,1,0.184,BalancedZippelSeparated
fire7_graph5_rank0935,Automatic,1,ok,266.441,14,2,1,0,0,2305843009213693967:11;2305843009213693973:3,Symbolica_default,cached_powers_Q,1,1,0.174,BalancedZippelSeparated
fire7_graph5_rank0936,Automatic,1,ok,138.761,14,2,1,0,0,2305843009213693967:11;2305843009213693973:3,Symbolica_default,cached_powers_Q,1,1,0.166,BalancedZippelSeparated
fire7_graph5_rank0937,Automatic,1,ok,136.591,14,2,1,0,0,2305843009213693967:11;2305843009213693973:3,Symbolica_default,cached_powers_Q,1,1,0.146,BalancedZippelSeparated
fire7_graph5_rank0938,Automatic,1,ok,119.970,13,2,1,0,0,2305843009213693967:10;2305843009213693973:3,Symbolica_default,cached_powers_Q,1,1,0.129,BalancedZippelSeparated
fire7_graph5_rank0939,Automatic,1,ok,126.590,13,2,1,0,0,2305843009213693967:10;2305843009213693973:3,Symbolica_default,cached_powers_Q,1,1,0.148,BalancedZippelSeparated
fire7_graph5_rank0940,Automatic,1,ok,124.000,13,2,1,0,0,2305843009213693967:10;2305843009213693973:3,Symbolica_default,cached_powers_Q,1,1,0.153,BalancedZippelSeparated
fire7_graph5_rank0941,Automatic,1,ok,116.681,14,2,1,0,0,2305843009213693967:11;2305843009213693973:3,Symbolica_default,cached_powers_Q,1,1,0.163,BalancedZippelSeparated
fire7_graph5_rank0942,Automatic,1,ok,134.641,13,2,1,0,0,2305843009213693967:10;2305843009213693973:3,Symbolica_default,cached_powers_Q,1,1,0.305,BalancedZippelSeparated
fire7_graph5_rank0943,Automatic,1,ok,128.990,13,2,1,0,0,2305843009213693967:10;2305843009213693973:3,Symbolica_default,cached_powers_Q,1,1,0.133,BalancedZippelSeparated
fire7_graph5_rank0944,Automatic,1,ok,151.531,13,2,1,0,0,2305843009213693967:10;2305843009213693973:3,Symbolica_default,cached_powers_Q,1,1,0.133,BalancedZippelSeparated
fire7_graph5_rank0945,Automatic,1,ok,134.250,13,2,1,0,0,2305843009213693967:10;2305843009213693973:3,Symbolica_default,cached_powers_Q,1,1,0.080,BalancedZippelSeparated
