case,method,seed,status,elapsed_us,probes,primes,images,support_reuses,support_fallbacks,probes_by_prime,prime_policy,oracle,num_terms,den_terms,setup_ms,selected_methods
fire7_nb0_rank0001,Automatic,1,ok,37486.176,1731,2,1,0,0,2305843009213693967:1728;2305843009213693973:3,Symbolica_default,cached_powers_Q,858,414,42.739,BalancedZippelSeparated
fire7_nb0_rank0002,Automatic,1,ok,70999.917,1933,2,1,0,0,2305843009213693967:1930;2305843009213693973:3,Symbolica_default,cached_powers_Q,877,414,38.974,BalancedZippelSeparated
fire7_nb0_rank0003,Automatic,1,ok,52543.091,1451,2,1,0,0,2305843009213693967:1448;2305843009213693973:3,Symbolica_default,cached_powers_Q,753,243,28.899,BalancedZippelSeparated
fire7_nb0_rank0004,Automatic,1,ok,35657.450,1276,2,1,0,0,2305843009213693967:1273;2305843009213693973:3,Symbolica_default,cached_powers_Q,722,243,28.283,BalancedZippelSeparated
fire7_nb0_rank0005,Automatic,1,ok,39186.242,1407,2,1,0,0,2305843009213693967:1404;2305843009213693973:3,Symbolica_default,cached_powers_Q,739,224,48.488,BalancedZippelSeparated
fire7_nb0_rank0006,Automatic,1,ok,25030.901,1354,2,1,0,0,2305843009213693967:1351;2305843009213693973:3,Symbolica_default,cached_powers_Q,720,224,27.918,BalancedZippelSeparated
fire7_nb0_rank0007,Automatic,1,ok,35274.988,1164,2,1,0,0,2305843009213693967:1161;2305843009213693973:3,Symbolica_default,cached_powers_Q,648,261,49.027,BalancedZippelSeparated
fire7_nb0_rank0008,Automatic,1,ok,51367.936,1164,2,1,0,0,2305843009213693967:1161;2305843009213693973:3,Symbolica_default,cached_powers_Q,645,261,10.990,BalancedZippelSeparated
fire7_nb0_rank0009,Automatic,1,ok,20060.512,1150,2,1,0,0,2305843009213693967:1147;2305843009213693973:3,Symbolica_default,cached_powers_Q,578,261,35.940,BalancedZippelSeparated
fire7_nb0_rank0010,Automatic,1,ok,38219.708,1323,2,1,0,0,2305843009213693967:1320;2305843009213693973:3,Symbolica_default,cached_powers_Q,639,196,23.497,BalancedZippelSeparated
fire7_nb0_rank0011,Automatic,1,ok,49099.248,1337,2,1,0,0,2305843009213693967:1334;2305843009213693973:3,Symbolica_default,cached_powers_Q,640,196,22.041,BalancedZippelSeparated
fire7_nb0_rank0012,Automatic,1,ok,32997.160,878,2,1,0,0,2305843009213693967:875;2305843009213693973:3,Symbolica_default,cached_powers_Q,431,369,21.813,BalancedZippelSeparated
fire7_nb0_rank0013,Automatic,1,ok,41625.491,1108,2,1,0,0,2305843009213693967:1105;2305843009213693973:3,Symbolica_default,cached_powers_Q,534,232,23.382,BalancedZippelSeparated
fire7_nb0_rank0014,Automatic,1,ok,46286.618,963,2,1,0,0,2305843009213693967:960;2305843009213693973:3,Symbolica_default,cached_powers_Q,572,198,29.099,BalancedZippelSeparated
fire7_nb0_rank0015,Automatic,1,ok,40395.897,978,2,1,0,0,2305843009213693967:975;2305843009213693973:3,Symbolica_default,cached_powers_Q,530,232,17.504,BalancedZippelSeparated
fire7_nb0_rank0016,Automatic,1,ok,26939.397,1102,2,1,0,0,2305843009213693967:1099;2305843009213693973:3,Symbolica_default,cached_powers_Q,530,232,22.806,BalancedZippelSeparated
fire7_nb0_rank0017,Automatic,1,ok,58280.722,1141,2,1,0,0,2305843009213693967:1138;2305843009213693973:3,Symbolica_default,cached_powers_Q,567,189,18.120,BalancedZippelSeparated
fire7_nb0_rank0018,Automatic,1,ok,24296.208,1210,2,1,0,0,2305843009213693967:1207;2305843009213693973:3,Symbolica_default,cached_powers_Q,566,189,37.458,BalancedZippelSeparated
fire7_nb0_rank0019,Automatic,1,ok,51319.376,1089,2,1,0,0,2305843009213693967:1086;2305843009213693973:3,Symbolica_default,cached_powers_Q,567,168,28.347,BalancedZippelSeparated
fire7_nb0_rank0020,Automatic,1,ok,13378.038,878,2,1,0,0,2305843009213693967:875;2305843009213693973:3,Symbolica_default,cached_powers_Q,539,189,42.167,BalancedZippelSeparated
fire7_nb0_rank0021,Automatic,1,ok,57611.579,1027,2,1,0,0,2305843009213693967:1024;2305843009213693973:3,Symbolica_default,cached_powers_Q,407,312,9.638,BalancedZippelSeparated
fire7_nb0_rank0022,Automatic,1,ok,60065.918,1066,2,1,0,0,2305843009213693967:1063;2305843009213693973:3,Symbolica_default,cached_powers_Q,550,168,24.325,BalancedZippelSeparated
fire7_nb0_rank0023,Automatic,1,ok,51005.934,945,2,1,0,0,2305843009213693967:942;2305843009213693973:3,Symbolica_default,cached_powers_Q,482,240,9.550,BalancedZippelSeparated
fire7_nb0_rank0024,Automatic,1,ok,45153.264,985,2,1,0,0,2305843009213693967:982;2305843009213693973:3,Symbolica_default,cached_powers_Q,497,240,17.173,BalancedZippelSeparated
fire7_nb0_rank0025,Automatic,1,ok,13929.540,807,2,1,0,0,2305843009213693967:804;2305843009213693973:3,Symbolica_default,cached_powers_Q,395,328,4.845,BalancedZippelSeparated
fire7_nb0_rank0026,Automatic,1,ok,17189.592,1029,2,1,0,0,2305843009213693967:1026;2305843009213693973:3,Symbolica_default,cached_powers_Q,532,168,4.716,BalancedZippelSeparated
fire7_nb0_rank0027,Automatic,1,ok,11410.321,825,2,1,0,0,2305843009213693967:822;2305843009213693973:3,Symbolica_default,cached_powers_Q,451,232,4.610,BalancedZippelSeparated
fire7_nb0_rank0028,Automatic,1,ok,13673.650,868,2,1,0,0,2305843009213693967:865;2305843009213693973:3,Symbolica_default,cached_powers_Q,482,147,6.461,BalancedZippelSeparated
fire7_nb0_rank0029,Automatic,1,ok,10086.867,764,2,1,0,0,2305843009213693967:761;2305843009213693973:3,Symbolica_default,cached_powers_Q,451,162,4.387,BalancedZippelSeparated
fire7_nb0_rank0030,Automatic,1,ok,15260.086,1017,2,1,0,0,2305843009213693967:1014;2305843009213693973:3,Symbolica_default,cached_powers_Q,504,126,2.538,BalancedZippelSeparated
fire7_nb0_rank0031,Automatic,1,ok,14856.004,1000,2,1,0,0,2305843009213693967:997;2305843009213693973:3,Symbolica_default,cached_powers_Q,471,147,4.400,BalancedZippelSeparated
fire7_nb0_rank0032,Automatic,1,ok,13060.827,839,2,1,0,0,2305843009213693967:836;2305843009213693973:3,Symbolica_default,cached_powers_Q,449,153,4.508,BalancedZippelSeparated
fire7_nb0_rank0033,Automatic,1,ok,12294.665,760,2,1,0,0,2305843009213693967:757;2305843009213693973:3,Symbolica_default,cached_powers_Q,404,192,4.500,BalancedZippelSeparated
fire7_nb0_rank0034,Automatic,1,ok,14311.481,900,2,1,0,0,2305843009213693967:897;2305843009213693973:3,Symbolica_default,cached_powers_Q,458,144,4.540,BalancedZippelSeparated
fire7_nb0_rank0035,Automatic,1,ok,11433.521,868,2,1,0,0,2305843009213693967:865;2305843009213693973:3,Symbolica_default,cached_powers_Q,445,154,4.571,BalancedZippelSeparated
fire7_nb0_rank0036,Automatic,1,ok,11455.511,867,2,1,0,0,2305843009213693967:864;2305843009213693973:3,Symbolica_default,cached_powers_Q,431,168,4.516,BalancedZippelSeparated
fire7_nb0_rank0037,Automatic,1,ok,12775.566,798,2,1,0,0,2305843009213693967:795;2305843009213693973:3,Symbolica_default,cached_powers_Q,405,168,4.442,BalancedZippelSeparated
fire7_nb0_rank0038,Automatic,1,ok,16965.032,1004,2,1,0,0,2305843009213693967:1001;2305843009213693973:3,Symbolica_default,cached_powers_Q,466,119,6.565,BalancedZippelSeparated
fire7_nb0_rank0039,Automatic,1,ok,9451.274,740,2,1,0,0,2305843009213693967:737;2305843009213693973:3,Symbolica_default,cached_powers_Q,308,240,4.372,BalancedZippelSeparated
fire7_nb0_rank0040,Automatic,1,ok,13000.457,839,2,1,0,0,2305843009213693967:836;2305843009213693973:3,Symbolica_default,cached_powers_Q,443,119,4.461,BalancedZippelSeparated
fire7_nb0_rank0041,Automatic,1,ok,10174.377,620,2,1,0,0,2305843009213693967:617;2305843009213693973:3,Symbolica_default,cached_powers_Q,362,176,4.338,BalancedZippelSeparated
fire7_nb0_rank0042,Automatic,1,ok,13401.398,895,2,1,0,0,2305843009213693967:892;2305843009213693973:3,Symbolica_default,cached_powers_Q,400,147,4.450,BalancedZippelSeparated
fire7_nb0_rank0043,Automatic,1,ok,14178.942,966,2,1,0,0,2305843009213693967:963;2305843009213693973:3,Symbolica_default,cached_powers_Q,432,126,4.363,BalancedZippelSeparated
fire7_nb0_rank0044,Automatic,1,ok,13843.910,944,2,1,0,0,2305843009213693967:941;2305843009213693973:3,Symbolica_default,cached_powers_Q,418,126,4.445,BalancedZippelSeparated
fire7_nb0_rank0045,Automatic,1,ok,12494.556,809,2,1,0,0,2305843009213693967:806;2305843009213693973:3,Symbolica_default,cached_powers_Q,407,126,6.320,BalancedZippelSeparated
fire7_nb0_rank0046,Automatic,1,ok,15789.847,900,2,1,0,0,2305843009213693967:897;2305843009213693973:3,Symbolica_default,cached_powers_Q,422,132,6.358,BalancedZippelSeparated
fire7_nb0_rank0047,Automatic,1,ok,12401.535,835,2,1,0,0,2305843009213693967:832;2305843009213693973:3,Symbolica_default,cached_powers_Q,452,77,4.326,BalancedZippelSeparated
fire7_nb0_rank0048,Automatic,1,ok,8886.822,726,2,1,0,0,2305843009213693967:723;2305843009213693973:3,Symbolica_default,cached_powers_Q,280,224,4.230,BalancedZippelSeparated
fire7_nb0_rank0049,Automatic,1,ok,8910.432,726,2,1,0,0,2305843009213693967:723;2305843009213693973:3,Symbolica_default,cached_powers_Q,280,224,4.305,BalancedZippelSeparated
fire7_nb0_rank0050,Automatic,1,ok,10711.329,677,2,1,0,0,2305843009213693967:674;2305843009213693973:3,Symbolica_default,cached_powers_Q,340,176,4.281,BalancedZippelSeparated
fire7_nb0_rank0051,Automatic,1,ok,16337.469,873,2,1,0,0,2305843009213693967:870;2305843009213693973:3,Symbolica_default,cached_powers_Q,383,162,5.571,BalancedZippelSeparated
fire7_nb0_rank0052,Automatic,1,ok,11446.971,759,2,1,0,0,2305843009213693967:756;2305843009213693973:3,Symbolica_default,cached_powers_Q,299,224,2.063,BalancedZippelSeparated
fire7_nb0_rank0053,Automatic,1,ok,11653.112,782,2,1,0,0,2305843009213693967:779;2305843009213693973:3,Symbolica_default,cached_powers_Q,351,180,4.233,BalancedZippelSeparated
fire7_nb0_rank0054,Automatic,1,ok,15522.016,817,2,1,0,0,2305843009213693967:814;2305843009213693973:3,Symbolica_default,cached_powers_Q,407,126,5.397,BalancedZippelSeparated
fire7_nb0_rank0055,Automatic,1,ok,8125.530,626,2,1,0,0,2305843009213693967:623;2305843009213693973:3,Symbolica_default,cached_powers_Q,330,168,4.348,BalancedZippelSeparated
fire7_nb0_rank0056,Automatic,1,ok,10221.287,598,2,1,0,0,2305843009213693967:595;2305843009213693973:3,Symbolica_default,cached_powers_Q,407,81,4.608,BalancedZippelSeparated
fire7_nb0_rank0057,Automatic,1,ok,10937.170,708,2,1,0,0,2305843009213693967:705;2305843009213693973:3,Symbolica_default,cached_powers_Q,359,152,5.379,BalancedZippelSeparated
fire7_nb0_rank0058,Automatic,1,ok,8968.132,723,2,1,0,0,2305843009213693967:720;2305843009213693973:3,Symbolica_default,cached_powers_Q,337,168,6.077,BalancedZippelSeparated
fire7_nb0_rank0059,Automatic,1,ok,11913.583,750,2,1,0,0,2305843009213693967:747;2305843009213693973:3,Symbolica_default,cached_powers_Q,360,147,5.961,BalancedZippelSeparated
fire7_nb0_rank0060,Automatic,1,ok,9060.803,729,2,1,0,0,2305843009213693967:726;2305843009213693973:3,Symbolica_default,cached_powers_Q,380,119,6.285,BalancedZippelSeparated
fire7_nb0_rank0061,Automatic,1,ok,10414.668,696,2,1,0,0,2305843009213693967:693;2305843009213693973:3,Symbolica_default,cached_powers_Q,270,210,5.198,BalancedZippelSeparated
fire7_nb0_rank0062,Automatic,1,ok,8463.031,696,2,1,0,0,2305843009213693967:693;2305843009213693973:3,Symbolica_default,cached_powers_Q,270,210,4.193,BalancedZippelSeparated
fire7_nb0_rank0063,Automatic,1,ok,12240.254,824,2,1,0,0,2305843009213693967:821;2305843009213693973:3,Symbolica_default,cached_powers_Q,376,126,4.424,BalancedZippelSeparated
fire7_nb0_rank0064,Automatic,1,ok,9833.706,816,2,1,0,0,2305843009213693967:813;2305843009213693973:3,Symbolica_default,cached_powers_Q,375,132,4.333,BalancedZippelSeparated
fire7_nb0_rank0065,Automatic,1,ok,9956.465,598,2,1,0,0,2305843009213693967:595;2305843009213693973:3,Symbolica_default,cached_powers_Q,401,81,5.670,BalancedZippelSeparated
fire7_nb0_rank0066,Automatic,1,ok,8213.830,638,2,1,0,0,2305843009213693967:635;2305843009213693973:3,Symbolica_default,cached_powers_Q,306,192,4.373,BalancedZippelSeparated
fire7_nb0_rank0067,Automatic,1,ok,9943.036,627,2,1,0,0,2305843009213693967:624;2305843009213693973:3,Symbolica_default,cached_powers_Q,297,192,5.311,BalancedZippelSeparated
fire7_nb0_rank0068,Automatic,1,ok,7988.369,615,2,1,0,0,2305843009213693967:612;2305843009213693973:3,Symbolica_default,cached_powers_Q,257,231,4.330,BalancedZippelSeparated
fire7_nb0_rank0069,Automatic,1,ok,10997.329,720,2,1,0,0,2305843009213693967:717;2305843009213693973:3,Symbolica_default,cached_powers_Q,359,126,5.179,BalancedZippelSeparated
fire7_nb0_rank0070,Automatic,1,ok,7996.109,650,2,1,0,0,2305843009213693967:647;2305843009213693973:3,Symbolica_default,cached_powers_Q,319,168,4.290,BalancedZippelSeparated
fire7_nb0_rank0071,Automatic,1,ok,11403.551,778,2,1,0,0,2305843009213693967:775;2305843009213693973:3,Symbolica_default,cached_powers_Q,376,102,5.115,BalancedZippelSeparated
fire7_nb0_rank0072,Automatic,1,ok,9971.746,842,2,1,0,0,2305843009213693967:839;2305843009213693973:3,Symbolica_default,cached_powers_Q,350,126,4.262,BalancedZippelSeparated
fire7_nb0_rank0073,Automatic,1,ok,9081.063,587,2,1,0,0,2305843009213693967:584;2305843009213693973:3,Symbolica_default,cached_powers_Q,315,136,4.890,BalancedZippelSeparated
fire7_nb0_rank0074,Automatic,1,ok,7375.126,572,2,1,0,0,2305843009213693967:569;2305843009213693973:3,Symbolica_default,cached_powers_Q,364,88,4.479,BalancedZippelSeparated
fire7_nb0_rank0075,Automatic,1,ok,8507.621,746,2,1,0,0,2305843009213693967:743;2305843009213693973:3,Symbolica_default,cached_powers_Q,269,192,4.103,BalancedZippelSeparated
fire7_nb0_rank0076,Automatic,1,ok,9488.105,640,2,1,0,0,2305843009213693967:637;2305843009213693973:3,Symbolica_default,cached_powers_Q,296,168,5.341,BalancedZippelSeparated
fire7_nb0_rank0077,Automatic,1,ok,12467.175,922,2,1,0,0,2305843009213693967:919;2305843009213693973:3,Symbolica_default,cached_powers_Q,288,195,4.163,BalancedZippelSeparated
fire7_nb0_rank0078,Automatic,1,ok,8682.571,552,2,1,0,0,2305843009213693967:549;2305843009213693973:3,Symbolica_default,cached_powers_Q,242,192,2.377,BalancedZippelSeparated
fire7_nb0_rank0079,Automatic,1,ok,10184.097,672,2,1,0,0,2305843009213693967:669;2305843009213693973:3,Symbolica_default,cached_powers_Q,341,114,1.841,BalancedZippelSeparated
fire7_nb0_rank0080,Automatic,1,ok,8217.140,484,2,1,0,0,2305843009213693967:481;2305843009213693973:3,Symbolica_default,cached_powers_Q,240,200,2.466,BalancedZippelSeparated
fire7_nb0_rank0081,Automatic,1,ok,10233.898,701,2,1,0,0,2305843009213693967:698;2305843009213693973:3,Symbolica_default,cached_powers_Q,385,56,4.038,BalancedZippelSeparated
fire7_nb0_rank0082,Automatic,1,ok,9797.745,658,2,1,0,0,2305843009213693967:655;2305843009213693973:3,Symbolica_default,cached_powers_Q,312,119,5.194,BalancedZippelSeparated
fire7_nb0_rank0083,Automatic,1,ok,10020.076,656,2,1,0,0,2305843009213693967:653;2305843009213693973:3,Symbolica_default,cached_powers_Q,341,108,1.705,BalancedZippelSeparated
fire7_nb0_rank0084,Automatic,1,ok,9965.426,716,2,1,0,0,2305843009213693967:713;2305843009213693973:3,Symbolica_default,cached_powers_Q,260,180,5.165,BalancedZippelSeparated
fire7_nb0_rank0085,Automatic,1,ok,5234.739,607,2,1,0,0,2305843009213693967:604;2305843009213693973:3,Symbolica_default,cached_powers_Q,311,119,4.049,BalancedZippelSeparated
fire7_nb0_rank0086,Automatic,1,ok,9235.243,593,2,1,0,0,2305843009213693967:590;2305843009213693973:3,Symbolica_default,cached_powers_Q,306,133,5.260,BalancedZippelSeparated
fire7_nb0_rank0087,Automatic,1,ok,5928.561,703,2,1,0,0,2305843009213693967:700;2305843009213693973:3,Symbolica_default,cached_powers_Q,331,102,4.207,BalancedZippelSeparated
fire7_nb0_rank0088,Automatic,1,ok,9932.336,716,2,1,0,0,2305843009213693967:713;2305843009213693973:3,Symbolica_default,cached_powers_Q,260,180,4.412,BalancedZippelSeparated
fire7_nb0_rank0089,Automatic,1,ok,8100.009,674,2,1,0,0,2305843009213693967:671;2305843009213693973:3,Symbolica_default,cached_powers_Q,303,145,1.826,BalancedZippelSeparated
fire7_nb0_rank0090,Automatic,1,ok,7256.996,471,2,1,0,0,2305843009213693967:468;2305843009213693973:3,Symbolica_default,cached_powers_Q,227,200,1.774,BalancedZippelSeparated
fire7_nb0_rank0091,Automatic,1,ok,8015.889,627,2,1,0,0,2305843009213693967:624;2305843009213693973:3,Symbolica_default,cached_powers_Q,272,168,5.256,BalancedZippelSeparated
fire7_nb0_rank0092,Automatic,1,ok,8140.030,702,2,1,0,0,2305843009213693967:699;2305843009213693973:3,Symbolica_default,cached_powers_Q,243,192,3.973,BalancedZippelSeparated
fire7_nb0_rank0093,Automatic,1,ok,9350.923,601,2,1,0,0,2305843009213693967:598;2305843009213693973:3,Symbolica_default,cached_powers_Q,272,168,5.232,BalancedZippelSeparated
fire7_nb0_rank0094,Automatic,1,ok,7853.698,642,2,1,0,0,2305843009213693967:639;2305843009213693973:3,Symbolica_default,cached_powers_Q,295,144,5.644,BalancedZippelSeparated
fire7_nb0_rank0095,Automatic,1,ok,7676.998,446,2,1,0,0,2305843009213693967:443;2305843009213693973:3,Symbolica_default,cached_powers_Q,218,208,2.368,BalancedZippelSeparated
fire7_nb0_rank0096,Automatic,1,ok,8404.670,588,2,1,0,0,2305843009213693967:585;2305843009213693973:3,Symbolica_default,cached_powers_Q,332,91,7.685,BalancedZippelSeparated
fire7_nb0_rank0097,Automatic,1,ok,6934.695,459,2,1,0,0,2305843009213693967:456;2305843009213693973:3,Symbolica_default,cached_powers_Q,218,200,1.799,BalancedZippelSeparated
fire7_nb0_rank0098,Automatic,1,ok,7129.356,423,2,1,0,0,2305843009213693967:420;2305843009213693973:3,Symbolica_default,cached_powers_Q,218,200,1.830,BalancedZippelSeparated
fire7_nb0_rank0099,Automatic,1,ok,8292.050,705,2,1,0,0,2305843009213693967:702;2305843009213693973:3,Symbolica_default,cached_powers_Q,301,135,5.747,BalancedZippelSeparated
fire7_nb0_rank0100,Automatic,1,ok,5920.722,545,2,1,0,0,2305843009213693967:542;2305843009213693973:3,Symbolica_default,cached_powers_Q,306,104,2.526,BalancedZippelSeparated
fire7_nb0_rank0101,Automatic,1,ok,8030.309,556,2,1,0,0,2305843009213693967:553;2305843009213693973:3,Symbolica_default,cached_powers_Q,250,168,4.700,BalancedZippelSeparated
fire7_nb0_rank0102,Automatic,1,ok,7671.088,686,2,1,0,0,2305843009213693967:683;2305843009213693973:3,Symbolica_default,cached_powers_Q,243,180,3.894,BalancedZippelSeparated
fire7_nb0_rank0103,Automatic,1,ok,7969.749,527,2,1,0,0,2305843009213693967:524;2305843009213693973:3,Symbolica_default,cached_powers_Q,220,192,2.371,BalancedZippelSeparated
fire7_nb0_rank0104,Automatic,1,ok,4088.824,514,2,1,0,0,2305843009213693967:511;2305843009213693973:3,Symbolica_default,cached_powers_Q,270,136,4.016,BalancedZippelSeparated
fire7_nb0_rank0105,Automatic,1,ok,8232.430,505,2,1,0,0,2305843009213693967:502;2305843009213693973:3,Symbolica_default,cached_powers_Q,178,238,2.310,BalancedZippelSeparated
fire7_nb0_rank0106,Automatic,1,ok,8263.529,736,2,1,0,0,2305843009213693967:733;2305843009213693973:3,Symbolica_default,cached_powers_Q,350,66,1.585,BalancedZippelSeparated
fire7_nb0_rank0107,Automatic,1,ok,8632.611,594,2,1,0,0,2305843009213693967:591;2305843009213693973:3,Symbolica_default,cached_powers_Q,288,119,2.123,BalancedZippelSeparated
fire7_nb0_rank0108,Automatic,1,ok,5105.269,609,2,1,0,0,2305843009213693967:606;2305843009213693973:3,Symbolica_default,cached_powers_Q,309,102,4.079,BalancedZippelSeparated
fire7_nb0_rank0109,Automatic,1,ok,6744.344,463,2,1,0,0,2305843009213693967:460;2305843009213693973:3,Symbolica_default,cached_powers_Q,260,136,3.859,BalancedZippelSeparated
fire7_nb0_rank0110,Automatic,1,ok,8473.251,620,2,1,0,0,2305843009213693967:617;2305843009213693973:3,Symbolica_default,cached_powers_Q,335,66,4.993,BalancedZippelSeparated
fire7_nb0_rank0111,Automatic,1,ok,7735.958,675,2,1,0,0,2305843009213693967:672;2305843009213693973:3,Symbolica_default,cached_powers_Q,301,108,3.954,BalancedZippelSeparated
fire7_nb0_rank0112,Automatic,1,ok,9794.296,446,2,1,0,0,2305843009213693967:443;2305843009213693973:3,Symbolica_default,cached_powers_Q,215,182,2.226,BalancedZippelSeparated
fire7_nb0_rank0113,Automatic,1,ok,8900.752,541,2,1,0,0,2305843009213693967:538;2305843009213693973:3,Symbolica_default,cached_powers_Q,264,133,1.796,BalancedZippelSeparated
fire7_nb0_rank0114,Automatic,1,ok,6558.564,688,2,1,0,0,2305843009213693967:685;2305843009213693973:3,Symbolica_default,cached_powers_Q,322,66,4.834,BalancedZippelSeparated
fire7_nb0_rank0115,Automatic,1,ok,6720.424,547,2,1,0,0,2305843009213693967:544;2305843009213693973:3,Symbolica_default,cached_powers_Q,295,91,1.663,BalancedZippelSeparated
fire7_nb0_rank0116,Automatic,1,ok,10412.458,635,2,1,0,0,2305843009213693967:632;2305843009213693973:3,Symbolica_default,cached_powers_Q,271,126,1.688,BalancedZippelSeparated
fire7_nb0_rank0117,Automatic,1,ok,10913.870,572,2,1,0,0,2305843009213693967:569;2305843009213693973:3,Symbolica_default,cached_powers_Q,271,119,2.248,BalancedZippelSeparated
fire7_nb0_rank0118,Automatic,1,ok,5871.872,478,2,1,0,0,2305843009213693967:475;2305843009213693973:3,Symbolica_default,cached_powers_Q,310,64,3.823,BalancedZippelSeparated
fire7_nb0_rank0119,Automatic,1,ok,7244.246,464,2,1,0,0,2305843009213693967:461;2305843009213693973:3,Symbolica_default,cached_powers_Q,250,133,4.893,BalancedZippelSeparated
fire7_nb0_rank0120,Automatic,1,ok,8573.041,520,2,1,0,0,2305843009213693967:517;2305843009213693973:3,Symbolica_default,cached_powers_Q,308,77,3.882,BalancedZippelSeparated
fire7_nb0_rank0121,Automatic,1,ok,9037.872,675,2,1,0,0,2305843009213693967:672;2305843009213693973:3,Symbolica_default,cached_powers_Q,316,66,4.748,BalancedZippelSeparated
fire7_nb0_rank0122,Automatic,1,ok,6171.773,511,2,1,0,0,2305843009213693967:508;2305843009213693973:3,Symbolica_default,cached_powers_Q,247,126,3.957,BalancedZippelSeparated
fire7_nb0_rank0123,Automatic,1,ok,9784.875,542,2,1,0,0,2305843009213693967:539;2305843009213693973:3,Symbolica_default,cached_powers_Q,280,91,1.494,BalancedZippelSeparated
fire7_nb0_rank0124,Automatic,1,ok,6765.664,401,2,1,0,0,2305843009213693967:398;2305843009213693973:3,Symbolica_default,cached_powers_Q,210,175,2.214,BalancedZippelSeparated
fire7_nb0_rank0125,Automatic,1,ok,6222.873,510,2,1,0,0,2305843009213693967:507;2305843009213693973:3,Symbolica_default,cached_powers_Q,300,77,3.964,BalancedZippelSeparated
fire7_nb0_rank0126,Automatic,1,ok,10137.867,515,2,1,0,0,2305843009213693967:512;2305843009213693973:3,Symbolica_default,cached_powers_Q,196,175,2.150,BalancedZippelSeparated
fire7_nb0_rank0127,Automatic,1,ok,6094.952,465,2,1,0,0,2305843009213693967:462;2305843009213693973:3,Symbolica_default,cached_powers_Q,205,175,1.487,BalancedZippelSeparated
fire7_nb0_rank0128,Automatic,1,ok,8198.230,499,2,1,0,0,2305843009213693967:496;2305843009213693973:3,Symbolica_default,cached_powers_Q,210,154,1.563,BalancedZippelSeparated
fire7_nb0_rank0129,Automatic,1,ok,7669.498,499,2,1,0,0,2305843009213693967:496;2305843009213693973:3,Symbolica_default,cached_powers_Q,210,154,1.783,BalancedZippelSeparated
fire7_nb0_rank0130,Automatic,1,ok,9148.483,574,2,1,0,0,2305843009213693967:571;2305843009213693973:3,Symbolica_default,cached_powers_Q,256,132,1.640,BalancedZippelSeparated
fire7_nb0_rank0131,Automatic,1,ok,8585.480,447,2,1,0,0,2305843009213693967:444;2305843009213693973:3,Symbolica_default,cached_powers_Q,249,126,1.475,BalancedZippelSeparated
fire7_nb0_rank0132,Automatic,1,ok,11760.813,643,2,1,0,0,2305843009213693967:640;2305843009213693973:3,Symbolica_default,cached_powers_Q,282,110,2.212,BalancedZippelSeparated
fire7_nb0_rank0133,Automatic,1,ok,8375.960,513,2,1,0,0,2305843009213693967:510;2305843009213693973:3,Symbolica_default,cached_powers_Q,288,77,1.603,BalancedZippelSeparated
fire7_nb0_rank0134,Automatic,1,ok,11644.852,637,2,1,0,0,2305843009213693967:634;2305843009213693973:3,Symbolica_default,cached_powers_Q,288,105,2.272,BalancedZippelSeparated
fire7_nb0_rank0135,Automatic,1,ok,10651.898,609,2,1,0,0,2305843009213693967:606;2305843009213693973:3,Symbolica_default,cached_powers_Q,266,102,2.127,BalancedZippelSeparated
fire7_nb0_rank0136,Automatic,1,ok,6580.484,562,2,1,0,0,2305843009213693967:559;2305843009213693973:3,Symbolica_default,cached_powers_Q,288,78,1.449,BalancedZippelSeparated
fire7_nb0_rank0137,Automatic,1,ok,11817.233,665,2,1,0,0,2305843009213693967:662;2305843009213693973:3,Symbolica_default,cached_powers_Q,273,105,2.247,BalancedZippelSeparated
fire7_nb0_rank0138,Automatic,1,ok,3384.152,429,2,1,0,0,2305843009213693967:426;2305843009213693973:3,Symbolica_default,cached_powers_Q,280,72,4.158,BalancedZippelSeparated
fire7_nb0_rank0139,Automatic,1,ok,3194.531,436,2,1,0,0,2305843009213693967:433;2305843009213693973:3,Symbolica_default,cached_powers_Q,268,88,3.787,BalancedZippelSeparated
fire7_nb0_rank0140,Automatic,1,ok,7218.376,487,2,1,0,0,2305843009213693967:484;2305843009213693973:3,Symbolica_default,cached_powers_Q,247,105,4.790,BalancedZippelSeparated
fire7_nb0_rank0141,Automatic,1,ok,7264.996,663,2,1,0,0,2305843009213693967:660;2305843009213693973:3,Symbolica_default,cached_powers_Q,266,105,1.634,BalancedZippelSeparated
fire7_nb0_rank0142,Automatic,1,ok,10788.429,564,2,1,0,0,2305843009213693967:561;2305843009213693973:3,Symbolica_default,cached_powers_Q,259,102,2.125,BalancedZippelSeparated
fire7_nb0_rank0143,Automatic,1,ok,8004.889,494,2,1,0,0,2305843009213693967:491;2305843009213693973:3,Symbolica_default,cached_powers_Q,274,77,1.415,BalancedZippelSeparated
fire7_nb0_rank0144,Automatic,1,ok,10276.737,496,2,1,0,0,2305843009213693967:493;2305843009213693973:3,Symbolica_default,cached_powers_Q,272,77,1.367,BalancedZippelSeparated
fire7_nb0_rank0145,Automatic,1,ok,7039.845,555,2,1,0,0,2305843009213693967:552;2305843009213693973:3,Symbolica_default,cached_powers_Q,272,77,2.063,BalancedZippelSeparated
fire7_nb0_rank0146,Automatic,1,ok,5756.201,459,2,1,0,0,2305843009213693967:456;2305843009213693973:3,Symbolica_default,cached_powers_Q,279,77,1.932,BalancedZippelSeparated
fire7_nb0_rank0147,Automatic,1,ok,5246.069,404,2,1,0,0,2305843009213693967:401;2305843009213693973:3,Symbolica_default,cached_powers_Q,237,105,1.525,BalancedZippelSeparated
fire7_nb0_rank0148,Automatic,1,ok,8135.060,539,2,1,0,0,2305843009213693967:536;2305843009213693973:3,Symbolica_default,cached_powers_Q,304,54,5.085,BalancedZippelSeparated
fire7_nb0_rank0149,Automatic,1,ok,5964.472,484,2,1,0,0,2305843009213693967:481;2305843009213693973:3,Symbolica_default,cached_powers_Q,243,102,1.392,BalancedZippelSeparated
fire7_nb0_rank0150,Automatic,1,ok,9497.224,464,2,1,0,0,2305843009213693967:461;2305843009213693973:3,Symbolica_default,cached_powers_Q,249,84,2.010,BalancedZippelSeparated
fire7_nb0_rank0151,Automatic,1,ok,3498.923,483,2,1,0,0,2305843009213693967:480;2305843009213693973:3,Symbolica_default,cached_powers_Q,266,77,3.764,BalancedZippelSeparated
fire7_nb0_rank0152,Automatic,1,ok,6225.692,404,2,1,0,0,2305843009213693967:401;2305843009213693973:3,Symbolica_default,cached_powers_Q,186,144,1.952,BalancedZippelSeparated
fire7_nb0_rank0153,Automatic,1,ok,9458.724,464,2,1,0,0,2305843009213693967:461;2305843009213693973:3,Symbolica_default,cached_powers_Q,249,102,2.081,BalancedZippelSeparated
fire7_nb0_rank0154,Automatic,1,ok,5815.341,496,2,1,0,0,2305843009213693967:493;2305843009213693973:3,Symbolica_default,cached_powers_Q,267,63,4.038,BalancedZippelSeparated
fire7_nb0_rank0155,Automatic,1,ok,5393.910,415,2,1,0,0,2305843009213693967:412;2305843009213693973:3,Symbolica_default,cached_powers_Q,225,112,1.362,BalancedZippelSeparated
fire7_nb0_rank0156,Automatic,1,ok,8133.919,539,2,1,0,0,2305843009213693967:536;2305843009213693973:3,Symbolica_default,cached_powers_Q,299,54,7.642,BalancedZippelSeparated
fire7_nb0_rank0157,Automatic,1,ok,7511.357,414,2,1,0,0,2305843009213693967:411;2305843009213693973:3,Symbolica_default,cached_powers_Q,261,77,1.371,BalancedZippelSeparated
fire7_nb0_rank0158,Automatic,1,ok,6867.394,457,2,1,0,0,2305843009213693967:454;2305843009213693973:3,Symbolica_default,cached_powers_Q,233,102,2.016,BalancedZippelSeparated
fire7_nb0_rank0159,Automatic,1,ok,8963.943,580,2,1,0,0,2305843009213693967:577;2305843009213693973:3,Symbolica_default,cached_powers_Q,259,105,1.603,BalancedZippelSeparated
fire7_nb0_rank0160,Automatic,1,ok,7971.239,580,2,1,0,0,2305843009213693967:577;2305843009213693973:3,Symbolica_default,cached_powers_Q,223,125,2.102,BalancedZippelSeparated
fire7_nb0_rank0161,Automatic,1,ok,8583.841,543,2,1,0,0,2305843009213693967:540;2305843009213693973:3,Symbolica_default,cached_powers_Q,280,56,1.401,BalancedZippelSeparated
fire7_nb0_rank0162,Automatic,1,ok,3459.983,433,2,1,0,0,2305843009213693967:430;2305843009213693973:3,Symbolica_default,cached_powers_Q,208,133,1.459,BalancedZippelSeparated
fire7_nb0_rank0163,Automatic,1,ok,5484.160,576,2,1,0,0,2305843009213693967:573;2305843009213693973:3,Symbolica_default,cached_powers_Q,294,48,6.710,BalancedZippelSeparated
fire7_nb0_rank0164,Automatic,1,ok,4948.678,403,2,1,0,0,2305843009213693967:400;2305843009213693973:3,Symbolica_default,cached_powers_Q,243,88,1.484,BalancedZippelSeparated
fire7_nb0_rank0165,Automatic,1,ok,7159.446,566,2,1,0,0,2305843009213693967:563;2305843009213693973:3,Symbolica_default,cached_powers_Q,259,85,4.471,BalancedZippelSeparated
fire7_nb0_rank0166,Automatic,1,ok,6031.392,530,2,1,0,0,2305843009213693967:527;2305843009213693973:3,Symbolica_default,cached_powers_Q,245,105,1.548,BalancedZippelSeparated
fire7_nb0_rank0167,Automatic,1,ok,5999.272,361,2,1,0,0,2305843009213693967:358;2305843009213693973:3,Symbolica_default,cached_powers_Q,169,175,2.055,BalancedZippelSeparated
fire7_nb0_rank0168,Automatic,1,ok,3885.674,533,2,1,0,0,2305843009213693967:530;2305843009213693973:3,Symbolica_default,cached_powers_Q,259,78,3.587,BalancedZippelSeparated
fire7_nb0_rank0169,Automatic,1,ok,7011.646,487,2,1,0,0,2305843009213693967:484;2305843009213693973:3,Symbolica_default,cached_powers_Q,189,144,1.421,BalancedZippelSeparated
fire7_nb0_rank0170,Automatic,1,ok,5835.211,487,2,1,0,0,2305843009213693967:484;2305843009213693973:3,Symbolica_default,cached_powers_Q,189,144,1.379,BalancedZippelSeparated
fire7_nb0_rank0171,Automatic,1,ok,5155.668,426,2,1,0,0,2305843009213693967:423;2305843009213693973:3,Symbolica_default,cached_powers_Q,199,133,1.471,BalancedZippelSeparated
fire7_nb0_rank0172,Automatic,1,ok,5440.170,410,2,1,0,0,2305843009213693967:407;2305843009213693973:3,Symbolica_default,cached_powers_Q,185,156,1.483,BalancedZippelSeparated
fire7_nb0_rank0173,Automatic,1,ok,10317.107,512,2,1,0,0,2305843009213693967:509;2305843009213693973:3,Symbolica_default,cached_powers_Q,153,198,2.023,BalancedZippelSeparated
fire7_nb0_rank0174,Automatic,1,ok,5139.269,398,2,1,0,0,2305843009213693967:395;2305843009213693973:3,Symbolica_default,cached_powers_Q,219,96,1.324,BalancedZippelSeparated
fire7_nb0_rank0175,Automatic,1,ok,6118.582,369,2,1,0,0,2305843009213693967:366;2305843009213693973:3,Symbolica_default,cached_powers_Q,219,96,1.748,BalancedZippelSeparated
fire7_nb0_rank0176,Automatic,1,ok,4338.686,603,2,1,0,0,2305843009213693967:600;2305843009213693973:3,Symbolica_default,cached_powers_Q,294,55,3.886,BalancedZippelSeparated
fire7_nb0_rank0177,Automatic,1,ok,5762.951,482,2,1,0,0,2305843009213693967:479;2305843009213693973:3,Symbolica_default,cached_powers_Q,231,110,1.513,BalancedZippelSeparated
fire7_nb0_rank0178,Automatic,1,ok,7038.905,496,2,1,0,0,2305843009213693967:493;2305843009213693973:3,Symbolica_default,cached_powers_Q,265,66,4.612,BalancedZippelSeparated
fire7_nb0_rank0179,Automatic,1,ok,5183.759,395,2,1,0,0,2305843009213693967:392;2305843009213693973:3,Symbolica_default,cached_powers_Q,225,88,1.291,BalancedZippelSeparated
fire7_nb0_rank0180,Automatic,1,ok,8058.840,613,2,1,0,0,2305843009213693967:610;2305843009213693973:3,Symbolica_default,cached_powers_Q,280,60,4.671,BalancedZippelSeparated
fire7_nb0_rank0181,Automatic,1,ok,5709.421,501,2,1,0,0,2305843009213693967:498;2305843009213693973:3,Symbolica_default,cached_powers_Q,270,48,3.858,BalancedZippelSeparated
fire7_nb0_rank0182,Automatic,1,ok,6286.483,414,2,1,0,0,2305843009213693967:411;2305843009213693973:3,Symbolica_default,cached_powers_Q,223,91,1.882,BalancedZippelSeparated
fire7_nb0_rank0183,Automatic,1,ok,7058.115,577,2,1,0,0,2305843009213693967:574;2305843009213693973:3,Symbolica_default,cached_powers_Q,273,65,3.856,BalancedZippelSeparated
fire7_nb0_rank0184,Automatic,1,ok,7280.196,488,2,1,0,0,2305843009213693967:485;2305843009213693973:3,Symbolica_default,cached_powers_Q,240,95,4.132,BalancedZippelSeparated
fire7_nb0_rank0185,Automatic,1,ok,5971.702,370,2,1,0,0,2305843009213693967:367;2305843009213693973:3,Symbolica_default,cached_powers_Q,160,144,1.860,BalancedZippelSeparated
fire7_nb0_rank0186,Automatic,1,ok,5722.221,492,2,1,0,0,2305843009213693967:489;2305843009213693973:3,Symbolica_default,cached_powers_Q,245,66,1.295,BalancedZippelSeparated
fire7_nb0_rank0187,Automatic,1,ok,6153.442,393,2,1,0,0,2305843009213693967:390;2305843009213693973:3,Symbolica_default,cached_powers_Q,216,90,1.938,BalancedZippelSeparated
fire7_nb0_rank0188,Automatic,1,ok,4681.507,362,2,1,0,0,2305843009213693967:359;2305843009213693973:3,Symbolica_default,cached_powers_Q,180,126,1.445,BalancedZippelSeparated
fire7_nb0_rank0189,Automatic,1,ok,3414.273,398,2,1,0,0,2305843009213693967:395;2305843009213693973:3,Symbolica_default,cached_powers_Q,219,84,1.844,BalancedZippelSeparated
fire7_nb0_rank0190,Automatic,1,ok,3713.663,495,2,1,0,0,2305843009213693967:492;2305843009213693973:3,Symbolica_default,cached_powers_Q,217,102,1.454,BalancedZippelSeparated
fire7_nb0_rank0191,Automatic,1,ok,3493.773,457,2,1,0,0,2305843009213693967:454;2305843009213693973:3,Symbolica_default,cached_powers_Q,239,90,1.289,BalancedZippelSeparated
fire7_nb0_rank0192,Automatic,1,ok,5529.160,324,2,1,0,0,2305843009213693967:321;2305843009213693973:3,Symbolica_default,cached_powers_Q,161,144,1.871,BalancedZippelSeparated
fire7_nb0_rank0193,Automatic,1,ok,6892.015,671,2,1,0,0,2305843009213693967:668;2305843009213693973:3,Symbolica_default,cached_powers_Q,203,128,1.528,BalancedZippelSeparated
fire7_nb0_rank0194,Automatic,1,ok,5398.490,412,2,1,0,0,2305843009213693967:409;2305843009213693973:3,Symbolica_default,cached_powers_Q,216,98,1.913,BalancedZippelSeparated
fire7_nb0_rank0195,Automatic,1,ok,6025.991,472,2,1,0,0,2305843009213693967:469;2305843009213693973:3,Symbolica_default,cached_powers_Q,240,90,3.608,BalancedZippelSeparated
fire7_nb0_rank0196,Automatic,1,ok,2361.059,336,2,1,0,0,2305843009213693967:333;2305843009213693973:3,Symbolica_default,cached_powers_Q,200,96,1.299,BalancedZippelSeparated
fire7_nb0_rank0197,Automatic,1,ok,3237.271,410,2,1,0,0,2305843009213693967:407;2305843009213693973:3,Symbolica_default,cached_powers_Q,179,126,1.343,BalancedZippelSeparated
fire7_nb0_rank0198,Automatic,1,ok,4728.857,527,2,1,0,0,2305843009213693967:524;2305843009213693973:3,Symbolica_default,cached_powers_Q,238,85,1.972,BalancedZippelSeparated
fire7_nb0_rank0199,Automatic,1,ok,3843.094,545,2,1,0,0,2305843009213693967:542;2305843009213693973:3,Symbolica_default,cached_powers_Q,244,55,1.389,BalancedZippelSeparated
fire7_nb0_rank0200,Automatic,1,ok,3529.883,502,2,1,0,0,2305843009213693967:499;2305843009213693973:3,Symbolica_default,cached_powers_Q,232,65,1.382,BalancedZippelSeparated
fire7_nb0_rank0201,Automatic,1,ok,4075.434,457,2,1,0,0,2305843009213693967:454;2305843009213693973:3,Symbolica_default,cached_powers_Q,232,72,1.861,BalancedZippelSeparated
fire7_nb0_rank0202,Automatic,1,ok,6877.435,518,2,1,0,0,2305843009213693967:515;2305843009213693973:3,Symbolica_default,cached_powers_Q,238,66,1.497,BalancedZippelSeparated
fire7_nb0_rank0203,Automatic,1,ok,5638.050,372,2,1,0,0,2305843009213693967:369;2305843009213693973:3,Symbolica_default,cached_powers_Q,170,154,1.294,BalancedZippelSeparated
fire7_nb0_rank0204,Automatic,1,ok,10028.696,543,2,1,0,0,2305843009213693967:540;2305843009213693973:3,Symbolica_default,cached_powers_Q,250,60,1.882,BalancedZippelSeparated
fire7_nb0_rank0205,Automatic,1,ok,5375.600,428,2,1,0,0,2305843009213693967:425;2305843009213693973:3,Symbolica_default,cached_powers_Q,144,150,1.212,BalancedZippelSeparated
fire7_nb0_rank0206,Automatic,1,ok,6387.803,428,2,1,0,0,2305843009213693967:425;2305843009213693973:3,Symbolica_default,cached_powers_Q,144,150,1.796,BalancedZippelSeparated
fire7_nb0_rank0207,Automatic,1,ok,7009.396,394,2,1,0,0,2305843009213693967:391;2305843009213693973:3,Symbolica_default,cached_powers_Q,243,56,1.272,BalancedZippelSeparated
fire7_nb0_rank0208,Automatic,1,ok,5829.201,482,2,1,0,0,2305843009213693967:479;2305843009213693973:3,Symbolica_default,cached_powers_Q,192,120,1.350,BalancedZippelSeparated
fire7_nb0_rank0209,Automatic,1,ok,5339.049,368,2,1,0,0,2305843009213693967:365;2305843009213693973:3,Symbolica_default,cached_powers_Q,225,64,1.629,BalancedZippelSeparated
fire7_nb0_rank0210,Automatic,1,ok,5431.390,446,2,1,0,0,2305843009213693967:443;2305843009213693973:3,Symbolica_default,cached_powers_Q,162,150,1.246,BalancedZippelSeparated
fire7_nb0_rank0211,Automatic,1,ok,8353.260,378,2,1,0,0,2305843009213693967:375;2305843009213693973:3,Symbolica_default,cached_powers_Q,200,91,1.193,BalancedZippelSeparated
fire7_nb0_rank0212,Automatic,1,ok,5489.599,491,2,1,0,0,2305843009213693967:488;2305843009213693973:3,Symbolica_default,cached_powers_Q,243,48,1.366,BalancedZippelSeparated
fire7_nb0_rank0213,Automatic,1,ok,5176.679,395,2,1,0,0,2305843009213693967:392;2305843009213693973:3,Symbolica_default,cached_powers_Q,149,150,1.241,BalancedZippelSeparated
fire7_nb0_rank0214,Automatic,1,ok,6061.611,389,2,1,0,0,2305843009213693967:386;2305843009213693973:3,Symbolica_default,cached_powers_Q,234,56,1.812,BalancedZippelSeparated
fire7_nb0_rank0215,Automatic,1,ok,4910.597,373,2,1,0,0,2305843009213693967:370;2305843009213693973:3,Symbolica_default,cached_powers_Q,216,77,1.219,BalancedZippelSeparated
fire7_nb0_rank0216,Automatic,1,ok,9275.484,474,2,1,0,0,2305843009213693967:471;2305843009213693973:3,Symbolica_default,cached_powers_Q,245,48,1.856,BalancedZippelSeparated
fire7_nb0_rank0217,Automatic,1,ok,4560.716,309,2,1,0,0,2305843009213693967:306;2305843009213693973:3,Symbolica_default,cached_powers_Q,148,140,1.221,BalancedZippelSeparated
fire7_nb0_rank0218,Automatic,1,ok,9114.133,432,2,1,0,0,2305843009213693967:429;2305843009213693973:3,Symbolica_default,cached_powers_Q,232,60,1.873,BalancedZippelSeparated
fire7_nb0_rank0219,Automatic,1,ok,4842.018,369,2,1,0,0,2305843009213693967:366;2305843009213693973:3,Symbolica_default,cached_powers_Q,228,56,1.219,BalancedZippelSeparated
fire7_nb0_rank0220,Automatic,1,ok,6868.385,492,2,1,0,0,2305843009213693967:489;2305843009213693973:3,Symbolica_default,cached_powers_Q,176,120,1.875,BalancedZippelSeparated
fire7_nb0_rank0221,Automatic,1,ok,5194.589,417,2,1,0,0,2305843009213693967:414;2305843009213693973:3,Symbolica_default,cached_powers_Q,192,102,1.207,BalancedZippelSeparated
fire7_nb0_rank0222,Automatic,1,ok,8465.471,420,2,1,0,0,2305843009213693967:417;2305843009213693973:3,Symbolica_default,cached_powers_Q,176,108,1.221,BalancedZippelSeparated
fire7_nb0_rank0223,Automatic,1,ok,5160.519,420,2,1,0,0,2305843009213693967:417;2305843009213693973:3,Symbolica_default,cached_powers_Q,176,108,1.088,BalancedZippelSeparated
fire7_nb0_rank0224,Automatic,1,ok,6619.414,626,2,1,0,0,2305843009213693967:623;2305843009213693973:3,Symbolica_default,cached_powers_Q,209,100,1.100,BalancedZippelSeparated
fire7_nb0_rank0225,Automatic,1,ok,9117.803,505,2,1,0,0,2305843009213693967:502;2305843009213693973:3,Symbolica_default,cached_powers_Q,209,96,1.587,BalancedZippelSeparated
fire7_nb0_rank0226,Automatic,1,ok,3373.642,462,2,1,0,0,2305843009213693967:459;2305843009213693973:3,Symbolica_default,cached_powers_Q,216,70,1.845,BalancedZippelSeparated
fire7_nb0_rank0227,Automatic,1,ok,3645.003,512,2,1,0,0,2305843009213693967:509;2305843009213693973:3,Symbolica_default,cached_powers_Q,259,40,1.229,BalancedZippelSeparated
fire7_nb0_rank0228,Automatic,1,ok,4182.685,492,2,1,0,0,2305843009213693967:489;2305843009213693973:3,Symbolica_default,cached_powers_Q,176,120,1.866,BalancedZippelSeparated
fire7_nb0_rank0229,Automatic,1,ok,2730.950,394,2,1,0,0,2305843009213693967:391;2305843009213693973:3,Symbolica_default,cached_powers_Q,205,66,1.122,BalancedZippelSeparated
fire7_nb0_rank0230,Automatic,1,ok,3536.173,525,2,1,0,0,2305843009213693967:522;2305843009213693973:3,Symbolica_default,cached_powers_Q,225,75,1.357,BalancedZippelSeparated
fire7_nb0_rank0231,Automatic,1,ok,2448.219,364,2,1,0,0,2305843009213693967:361;2305843009213693973:3,Symbolica_default,cached_powers_Q,189,78,1.789,BalancedZippelSeparated
fire7_nb0_rank0232,Automatic,1,ok,3072.032,480,2,1,0,0,2305843009213693967:477;2305843009213693973:3,Symbolica_default,cached_powers_Q,176,110,1.353,BalancedZippelSeparated
fire7_nb0_rank0233,Automatic,1,ok,2743.700,306,2,1,0,0,2305843009213693967:303;2305843009213693973:3,Symbolica_default,cached_powers_Q,148,126,1.796,BalancedZippelSeparated
fire7_nb0_rank0234,Automatic,1,ok,21598.199,345,2,1,0,0,2305843009213693967:342;2305843009213693973:3,Symbolica_default,cached_powers_Q,179,91,1.332,BalancedZippelSeparated
fire7_nb0_rank0235,Automatic,1,ok,37561.457,378,2,1,0,0,2305843009213693967:375;2305843009213693973:3,Symbolica_default,cached_powers_Q,188,84,1.190,BalancedZippelSeparated
fire7_nb0_rank0236,Automatic,1,ok,33070.090,367,2,1,0,0,2305843009213693967:364;2305843009213693973:3,Symbolica_default,cached_powers_Q,200,77,1.820,BalancedZippelSeparated
fire7_nb0_rank0237,Automatic,1,ok,27386.890,375,2,1,0,0,2305843009213693967:372;2305843009213693973:3,Symbolica_default,cached_powers_Q,153,126,1.655,BalancedZippelSeparated
fire7_nb0_rank0238,Automatic,1,ok,46821.790,400,2,1,0,0,2305843009213693967:397;2305843009213693973:3,Symbolica_default,cached_powers_Q,196,78,1.650,BalancedZippelSeparated
fire7_nb0_rank0239,Automatic,1,ok,19261.250,379,2,1,0,0,2305843009213693967:376;2305843009213693973:3,Symbolica_default,cached_powers_Q,207,72,1.237,BalancedZippelSeparated
fire7_nb0_rank0240,Automatic,1,ok,21990.950,417,2,1,0,0,2305843009213693967:414;2305843009213693973:3,Symbolica_default,cached_powers_Q,192,85,1.186,BalancedZippelSeparated
fire7_nb0_rank0241,Automatic,1,ok,2894.431,330,2,1,0,0,2305843009213693967:327;2305843009213693973:3,Symbolica_default,cached_powers_Q,180,90,1.793,BalancedZippelSeparated
fire7_nb0_rank0242,Automatic,1,ok,3122.772,442,2,1,0,0,2305843009213693967:439;2305843009213693973:3,Symbolica_default,cached_powers_Q,223,55,1.222,BalancedZippelSeparated
fire7_nb0_rank0243,Automatic,1,ok,3058.391,350,2,1,0,0,2305843009213693967:347;2305843009213693973:3,Symbolica_default,cached_powers_Q,140,140,1.754,BalancedZippelSeparated
fire7_nb0_rank0244,Automatic,1,ok,2671.809,350,2,1,0,0,2305843009213693967:347;2305843009213693973:3,Symbolica_default,cached_powers_Q,140,140,1.156,BalancedZippelSeparated
fire7_nb0_rank0245,Automatic,1,ok,3417.372,441,2,1,0,0,2305843009213693967:438;2305843009213693973:3,Symbolica_default,cached_powers_Q,223,55,1.834,BalancedZippelSeparated
fire7_nb0_rank0246,Automatic,1,ok,2865.000,331,2,1,0,0,2305843009213693967:328;2305843009213693973:3,Symbolica_default,cached_powers_Q,207,56,1.767,BalancedZippelSeparated
fire7_nb0_rank0247,Automatic,1,ok,3072.721,433,2,1,0,0,2305843009213693967:430;2305843009213693973:3,Symbolica_default,cached_powers_Q,218,55,1.172,BalancedZippelSeparated
fire7_nb0_rank0248,Automatic,1,ok,3361.552,387,2,1,0,0,2305843009213693967:384;2305843009213693973:3,Symbolica_default,cached_powers_Q,200,56,1.522,BalancedZippelSeparated
fire7_nb0_rank0249,Automatic,1,ok,3043.381,436,2,1,0,0,2305843009213693967:433;2305843009213693973:3,Symbolica_default,cached_powers_Q,205,60,1.158,BalancedZippelSeparated
fire7_nb0_rank0250,Automatic,1,ok,2692.680,346,2,1,0,0,2305843009213693967:343;2305843009213693973:3,Symbolica_default,cached_powers_Q,185,78,1.651,BalancedZippelSeparated
fire7_nb0_rank0251,Automatic,1,ok,2864.620,348,2,1,0,0,2305843009213693967:345;2305843009213693973:3,Symbolica_default,cached_powers_Q,203,56,1.626,BalancedZippelSeparated
fire7_nb0_rank0252,Automatic,1,ok,2925.191,398,2,1,0,0,2305843009213693967:395;2305843009213693973:3,Symbolica_default,cached_powers_Q,170,102,1.245,BalancedZippelSeparated
fire7_nb0_rank0253,Automatic,1,ok,3309.452,468,2,1,0,0,2305843009213693967:465;2305843009213693973:3,Symbolica_default,cached_powers_Q,189,95,1.182,BalancedZippelSeparated
fire7_nb0_rank0254,Automatic,1,ok,17331.063,392,2,1,0,0,2305843009213693967:389;2305843009213693973:3,Symbolica_default,cached_powers_Q,208,70,1.239,BalancedZippelSeparated
fire7_nb0_rank0255,Automatic,1,ok,20946.066,389,2,1,0,0,2305843009213693967:386;2305843009213693973:3,Symbolica_default,cached_powers_Q,192,85,1.796,BalancedZippelSeparated
fire7_nb0_rank0256,Automatic,1,ok,2291.808,354,2,1,0,0,2305843009213693967:351;2305843009213693973:3,Symbolica_default,cached_powers_Q,144,108,1.274,BalancedZippelSeparated
fire7_nb0_rank0257,Automatic,1,ok,3911.734,442,2,1,0,0,2305843009213693967:439;2305843009213693973:3,Symbolica_default,cached_powers_Q,144,125,1.571,BalancedZippelSeparated
fire7_nb0_rank0258,Automatic,1,ok,2094.507,288,2,1,0,0,2305843009213693967:285;2305843009213693973:3,Symbolica_default,cached_powers_Q,133,126,1.342,BalancedZippelSeparated
fire7_nb0_rank0259,Automatic,1,ok,1970.777,264,2,1,0,0,2305843009213693967:261;2305843009213693973:3,Symbolica_default,cached_powers_Q,133,126,1.296,BalancedZippelSeparated
fire7_nb0_rank0260,Automatic,1,ok,2308.878,306,2,1,0,0,2305843009213693967:303;2305843009213693973:3,Symbolica_default,cached_powers_Q,160,84,1.506,BalancedZippelSeparated
fire7_nb0_rank0261,Automatic,1,ok,2340.779,324,2,1,0,0,2305843009213693967:321;2305843009213693973:3,Symbolica_default,cached_powers_Q,180,78,1.164,BalancedZippelSeparated
fire7_nb0_rank0262,Automatic,1,ok,2835.630,306,2,1,0,0,2305843009213693967:303;2305843009213693973:3,Symbolica_default,cached_powers_Q,171,84,1.465,BalancedZippelSeparated
fire7_nb0_rank0263,Automatic,1,ok,2961.690,425,2,1,0,0,2305843009213693967:422;2305843009213693973:3,Symbolica_default,cached_powers_Q,224,45,1.175,BalancedZippelSeparated
fire7_nb0_rank0264,Automatic,1,ok,4002.225,467,2,1,0,0,2305843009213693967:464;2305843009213693973:3,Symbolica_default,cached_powers_Q,154,120,1.752,BalancedZippelSeparated
fire7_nb0_rank0265,Automatic,1,ok,2904.641,365,2,1,0,0,2305843009213693967:362;2305843009213693973:3,Symbolica_default,cached_powers_Q,169,90,1.557,BalancedZippelSeparated
fire7_nb0_rank0266,Automatic,1,ok,3092.941,442,2,1,0,0,2305843009213693967:439;2305843009213693973:3,Symbolica_default,cached_powers_Q,143,125,1.175,BalancedZippelSeparated
fire7_nb0_rank0267,Automatic,1,ok,2079.197,300,2,1,0,0,2305843009213693967:297;2305843009213693973:3,Symbolica_default,cached_powers_Q,142,108,1.293,BalancedZippelSeparated
fire7_nb0_rank0268,Automatic,1,ok,23691.875,300,2,1,0,0,2305843009213693967:297;2305843009213693973:3,Symbolica_default,cached_powers_Q,171,72,1.687,BalancedZippelSeparated
fire7_nb0_rank0269,Automatic,1,ok,2588.350,365,2,1,0,0,2305843009213693967:362;2305843009213693973:3,Symbolica_default,cached_powers_Q,99,162,1.320,BalancedZippelSeparated
fire7_nb0_rank0270,Automatic,1,ok,3049.661,365,2,1,0,0,2305843009213693967:362;2305843009213693973:3,Symbolica_default,cached_powers_Q,99,162,1.280,BalancedZippelSeparated
fire7_nb0_rank0271,Automatic,1,ok,2534.159,327,2,1,0,0,2305843009213693967:324;2305843009213693973:3,Symbolica_default,cached_powers_Q,179,63,1.557,BalancedZippelSeparated
fire7_nb0_rank0272,Automatic,1,ok,2675.580,380,2,1,0,0,2305843009213693967:377;2305843009213693973:3,Symbolica_default,cached_powers_Q,184,70,1.123,BalancedZippelSeparated
fire7_nb0_rank0273,Automatic,1,ok,2707.350,382,2,1,0,0,2305843009213693967:379;2305843009213693973:3,Symbolica_default,cached_powers_Q,207,35,1.441,BalancedZippelSeparated
fire7_nb0_rank0274,Automatic,1,ok,3039.191,424,2,1,0,0,2305843009213693967:421;2305843009213693973:3,Symbolica_default,cached_powers_Q,227,35,1.248,BalancedZippelSeparated
fire7_nb0_rank0275,Automatic,1,ok,4132.725,520,2,1,0,0,2305843009213693967:517;2305843009213693973:3,Symbolica_default,cached_powers_Q,216,55,1.798,BalancedZippelSeparated
fire7_nb0_rank0276,Automatic,1,ok,2070.548,300,2,1,0,0,2305843009213693967:297;2305843009213693973:3,Symbolica_default,cached_powers_Q,179,63,1.068,BalancedZippelSeparated
fire7_nb0_rank0277,Automatic,1,ok,2986.421,360,2,1,0,0,2305843009213693967:357;2305843009213693973:3,Symbolica_default,cached_powers_Q,178,63,1.824,BalancedZippelSeparated
fire7_nb0_rank0278,Automatic,1,ok,3847.745,493,2,1,0,0,2305843009213693967:490;2305843009213693973:3,Symbolica_default,cached_powers_Q,198,65,1.721,BalancedZippelSeparated
fire7_nb0_rank0279,Automatic,1,ok,19841.512,386,2,1,0,0,2305843009213693967:383;2305843009213693973:3,Symbolica_default,cached_powers_Q,209,45,1.488,BalancedZippelSeparated
fire7_nb0_rank0280,Automatic,1,ok,2256.748,312,2,1,0,0,2305843009213693967:309;2305843009213693973:3,Symbolica_default,cached_powers_Q,192,56,1.051,BalancedZippelSeparated
fire7_nb0_rank0281,Automatic,1,ok,2579.790,322,2,1,0,0,2305843009213693967:319;2305843009213693973:3,Symbolica_default,cached_powers_Q,162,84,1.396,BalancedZippelSeparated
fire7_nb0_rank0282,Automatic,1,ok,2713.270,367,2,1,0,0,2305843009213693967:364;2305843009213693973:3,Symbolica_default,cached_powers_Q,96,162,1.102,BalancedZippelSeparated
fire7_nb0_rank0283,Automatic,1,ok,3443.632,422,2,1,0,0,2305843009213693967:419;2305843009213693973:3,Symbolica_default,cached_powers_Q,174,95,1.721,BalancedZippelSeparated
fire7_nb0_rank0284,Automatic,1,ok,2203.158,301,2,1,0,0,2305843009213693967:298;2305843009213693973:3,Symbolica_default,cached_powers_Q,139,108,1.131,BalancedZippelSeparated
fire7_nb0_rank0285,Automatic,1,ok,2429.349,357,2,1,0,0,2305843009213693967:354;2305843009213693973:3,Symbolica_default,cached_powers_Q,166,85,1.066,BalancedZippelSeparated
fire7_nb0_rank0286,Automatic,1,ok,2611.769,406,2,1,0,0,2305843009213693967:403;2305843009213693973:3,Symbolica_default,cached_powers_Q,175,90,1.195,BalancedZippelSeparated
fire7_nb0_rank0287,Automatic,1,ok,2524.749,278,2,1,0,0,2305843009213693967:275;2305843009213693973:3,Symbolica_default,cached_powers_Q,171,64,1.503,BalancedZippelSeparated
fire7_nb0_rank0288,Automatic,1,ok,3415.093,516,2,1,0,0,2305843009213693967:513;2305843009213693973:3,Symbolica_default,cached_powers_Q,198,60,1.144,BalancedZippelSeparated
fire7_nb0_rank0289,Automatic,1,ok,2655.569,395,2,1,0,0,2305843009213693967:392;2305843009213693973:3,Symbolica_default,cached_powers_Q,196,48,1.558,BalancedZippelSeparated
fire7_nb0_rank0290,Automatic,1,ok,3211.931,494,2,1,0,0,2305843009213693967:491;2305843009213693973:3,Symbolica_default,cached_powers_Q,198,65,1.139,BalancedZippelSeparated
fire7_nb0_rank0291,Automatic,1,ok,2709.410,406,2,1,0,0,2305843009213693967:403;2305843009213693973:3,Symbolica_default,cached_powers_Q,175,90,1.069,BalancedZippelSeparated
fire7_nb0_rank0292,Automatic,1,ok,2606.859,338,2,1,0,0,2305843009213693967:335;2305843009213693973:3,Symbolica_default,cached_powers_Q,162,72,1.626,BalancedZippelSeparated
fire7_nb0_rank0293,Automatic,1,ok,2336.238,313,2,1,0,0,2305843009213693967:310;2305843009213693973:3,Symbolica_default,cached_powers_Q,198,40,1.286,BalancedZippelSeparated
fire7_nb0_rank0294,Automatic,1,ok,2212.338,336,2,1,0,0,2305843009213693967:333;2305843009213693973:3,Symbolica_default,cached_powers_Q,173,66,1.144,BalancedZippelSeparated
fire7_nb0_rank0295,Automatic,1,ok,2818.040,335,2,1,0,0,2305843009213693967:332;2305843009213693973:3,Symbolica_default,cached_powers_Q,171,72,1.397,BalancedZippelSeparated
fire7_nb0_rank0296,Automatic,1,ok,2274.308,342,2,1,0,0,2305843009213693967:339;2305843009213693973:3,Symbolica_default,cached_powers_Q,144,102,1.294,BalancedZippelSeparated
fire7_nb0_rank0297,Automatic,1,ok,2323.068,298,2,1,0,0,2305843009213693967:295;2305843009213693973:3,Symbolica_default,cached_powers_Q,179,54,1.194,BalancedZippelSeparated
fire7_nb0_rank0298,Automatic,1,ok,19078.249,350,2,1,0,0,2305843009213693967:347;2305843009213693973:3,Symbolica_default,cached_powers_Q,184,54,1.217,BalancedZippelSeparated
fire7_nb0_rank0299,Automatic,1,ok,3248.472,515,2,1,0,0,2305843009213693967:512;2305843009213693973:3,Symbolica_default,cached_powers_Q,198,60,1.140,BalancedZippelSeparated
fire7_nb0_rank0300,Automatic,1,ok,2189.577,345,2,1,0,0,2305843009213693967:342;2305843009213693973:3,Symbolica_default,cached_powers_Q,184,54,1.211,BalancedZippelSeparated
fire7_nb0_rank0301,Automatic,1,ok,2565.889,390,2,1,0,0,2305843009213693967:387;2305843009213693973:3,Symbolica_default,cached_powers_Q,148,95,1.196,BalancedZippelSeparated
fire7_nb0_rank0302,Automatic,1,ok,2394.389,390,2,1,0,0,2305843009213693967:387;2305843009213693973:3,Symbolica_default,cached_powers_Q,148,95,1.233,BalancedZippelSeparated
fire7_nb0_rank0303,Automatic,1,ok,3001.240,362,2,1,0,0,2305843009213693967:359;2305843009213693973:3,Symbolica_default,cached_powers_Q,168,85,1.639,BalancedZippelSeparated
fire7_nb0_rank0304,Automatic,1,ok,2072.688,307,2,1,0,0,2305843009213693967:304;2305843009213693973:3,Symbolica_default,cached_powers_Q,184,56,1.247,BalancedZippelSeparated
fire7_nb0_rank0305,Automatic,1,ok,1907.777,273,2,1,0,0,2305843009213693967:270;2305843009213693973:3,Symbolica_default,cached_powers_Q,162,64,1.038,BalancedZippelSeparated
fire7_nb0_rank0306,Automatic,1,ok,2126.637,357,2,1,0,0,2305843009213693967:354;2305843009213693973:3,Symbolica_default,cached_powers_Q,165,72,1.074,BalancedZippelSeparated
fire7_nb0_rank0307,Automatic,1,ok,2287.158,334,2,1,0,0,2305843009213693967:331;2305843009213693973:3,Symbolica_default,cached_powers_Q,167,65,1.024,BalancedZippelSeparated
fire7_nb0_rank0308,Automatic,1,ok,17669.394,312,2,1,0,0,2305843009213693967:309;2305843009213693973:3,Symbolica_default,cached_powers_Q,90,154,1.123,BalancedZippelSeparated
fire7_nb0_rank0309,Automatic,1,ok,2834.540,367,2,1,0,0,2305843009213693967:364;2305843009213693973:3,Symbolica_default,cached_powers_Q,152,90,1.735,BalancedZippelSeparated
fire7_nb0_rank0310,Automatic,1,ok,2573.939,395,2,1,0,0,2305843009213693967:392;2305843009213693973:3,Symbolica_default,cached_powers_Q,181,48,0.996,BalancedZippelSeparated
fire7_nb0_rank0311,Automatic,1,ok,2616.349,323,2,1,0,0,2305843009213693967:320;2305843009213693973:3,Symbolica_default,cached_powers_Q,120,108,1.558,BalancedZippelSeparated
fire7_nb0_rank0312,Automatic,1,ok,2245.408,323,2,1,0,0,2305843009213693967:320;2305843009213693973:3,Symbolica_default,cached_powers_Q,120,108,1.027,BalancedZippelSeparated
fire7_nb0_rank0313,Automatic,1,ok,2556.599,396,2,1,0,0,2305843009213693967:393;2305843009213693973:3,Symbolica_default,cached_powers_Q,196,40,0.987,BalancedZippelSeparated
fire7_nb0_rank0314,Automatic,1,ok,2306.809,264,2,1,0,0,2305843009213693967:261;2305843009213693973:3,Symbolica_default,cached_powers_Q,131,108,1.600,BalancedZippelSeparated
fire7_nb0_rank0315,Automatic,1,ok,2522.919,407,2,1,0,0,2305843009213693967:404;2305843009213693973:3,Symbolica_default,cached_powers_Q,153,80,1.169,BalancedZippelSeparated
fire7_nb0_rank0316,Automatic,1,ok,2816.110,368,2,1,0,0,2305843009213693967:365;2305843009213693973:3,Symbolica_default,cached_powers_Q,144,90,1.530,BalancedZippelSeparated
fire7_nb0_rank0317,Automatic,1,ok,2746.870,407,2,1,0,0,2305843009213693967:404;2305843009213693973:3,Symbolica_default,cached_powers_Q,152,80,1.022,BalancedZippelSeparated
fire7_nb0_rank0318,Automatic,1,ok,2294.338,357,2,1,0,0,2305843009213693967:354;2305843009213693973:3,Symbolica_default,cached_powers_Q,175,45,0.974,BalancedZippelSeparated
fire7_nb0_rank0319,Automatic,1,ok,2579.440,350,2,1,0,0,2305843009213693967:347;2305843009213693973:3,Symbolica_default,cached_powers_Q,184,45,1.386,BalancedZippelSeparated
fire7_nb0_rank0320,Automatic,1,ok,2858.661,456,2,1,0,0,2305843009213693967:453;2305843009213693973:3,Symbolica_default,cached_powers_Q,147,96,1.193,BalancedZippelSeparated
fire7_nb0_rank0321,Automatic,1,ok,3451.733,372,2,1,0,0,2305843009213693967:369;2305843009213693973:3,Symbolica_default,cached_powers_Q,150,85,1.441,BalancedZippelSeparated
fire7_nb0_rank0322,Automatic,1,ok,20636.974,372,2,1,0,0,2305843009213693967:369;2305843009213693973:3,Symbolica_default,cached_powers_Q,150,85,1.099,BalancedZippelSeparated
fire7_nb0_rank0323,Automatic,1,ok,21944.030,399,2,1,0,0,2305843009213693967:396;2305843009213693973:3,Symbolica_default,cached_powers_Q,161,72,1.678,BalancedZippelSeparated
fire7_nb0_rank0324,Automatic,1,ok,19104.380,349,2,1,0,0,2305843009213693967:346;2305843009213693973:3,Symbolica_default,cached_powers_Q,195,40,1.669,BalancedZippelSeparated
fire7_nb0_rank0325,Automatic,1,ok,22469.611,533,2,1,0,0,2305843009213693967:530;2305843009213693973:3,Symbolica_default,cached_powers_Q,150,100,1.095,BalancedZippelSeparated
fire7_nb0_rank0326,Automatic,1,ok,16940.482,413,2,1,0,0,2305843009213693967:410;2305843009213693973:3,Symbolica_default,cached_powers_Q,153,80,1.057,BalancedZippelSeparated
fire7_nb0_rank0327,Automatic,1,ok,23343.475,442,2,1,0,0,2305843009213693967:439;2305843009213693973:3,Symbolica_default,cached_powers_Q,147,88,1.663,BalancedZippelSeparated
fire7_nb0_rank0328,Automatic,1,ok,28399.863,286,2,1,0,0,2305843009213693967:283;2305843009213693973:3,Symbolica_default,cached_powers_Q,159,49,1.505,BalancedZippelSeparated
fire7_nb0_rank0329,Automatic,1,ok,2523.689,362,2,1,0,0,2305843009213693967:359;2305843009213693973:3,Symbolica_default,cached_powers_Q,144,85,1.022,BalancedZippelSeparated
fire7_nb0_rank0330,Automatic,1,ok,2632.850,313,2,1,0,0,2305843009213693967:310;2305843009213693973:3,Symbolica_default,cached_powers_Q,152,72,1.371,BalancedZippelSeparated
fire7_nb0_rank0331,Automatic,1,ok,2224.828,266,2,1,0,0,2305843009213693967:263;2305843009213693973:3,Symbolica_default,cached_powers_Q,171,40,1.204,BalancedZippelSeparated
fire7_nb0_rank0332,Automatic,1,ok,2125.018,320,2,1,0,0,2305843009213693967:317;2305843009213693973:3,Symbolica_default,cached_powers_Q,135,90,0.950,BalancedZippelSeparated
fire7_nb0_rank0333,Automatic,1,ok,2575.279,378,2,1,0,0,2305843009213693967:375;2305843009213693973:3,Symbolica_default,cached_powers_Q,122,120,0.969,BalancedZippelSeparated
fire7_nb0_rank0334,Automatic,1,ok,2514.709,317,2,1,0,0,2305843009213693967:314;2305843009213693973:3,Symbolica_default,cached_powers_Q,156,65,1.543,BalancedZippelSeparated
fire7_nb0_rank0335,Automatic,1,ok,2749.149,323,2,1,0,0,2305843009213693967:320;2305843009213693973:3,Symbolica_default,cached_powers_Q,120,90,1.370,BalancedZippelSeparated
fire7_nb0_rank0336,Automatic,1,ok,2133.948,344,2,1,0,0,2305843009213693967:341;2305843009213693973:3,Symbolica_default,cached_powers_Q,174,60,1.162,BalancedZippelSeparated
fire7_nb0_rank0337,Automatic,1,ok,3172.552,518,2,1,0,0,2305843009213693967:515;2305843009213693973:3,Symbolica_default,cached_powers_Q,144,100,0.878,BalancedZippelSeparated
fire7_nb0_rank0338,Automatic,1,ok,2004.547,280,2,1,0,0,2305843009213693967:277;2305843009213693973:3,Symbolica_default,cached_powers_Q,135,78,0.819,BalancedZippelSeparated
fire7_nb0_rank0339,Automatic,1,ok,2375.499,272,2,1,0,0,2305843009213693967:269;2305843009213693973:3,Symbolica_default,cached_powers_Q,160,56,1.348,BalancedZippelSeparated
fire7_nb0_rank0340,Automatic,1,ok,21528.058,362,2,1,0,0,2305843009213693967:359;2305843009213693973:3,Symbolica_default,cached_powers_Q,175,55,1.066,BalancedZippelSeparated
fire7_nb0_rank0341,Automatic,1,ok,2775.520,323,2,1,0,0,2305843009213693967:320;2305843009213693973:3,Symbolica_default,cached_powers_Q,166,42,1.451,BalancedZippelSeparated
fire7_nb0_rank0342,Automatic,1,ok,2570.970,401,2,1,0,0,2305843009213693967:398;2305843009213693973:3,Symbolica_default,cached_powers_Q,186,40,0.979,BalancedZippelSeparated
fire7_nb0_rank0343,Automatic,1,ok,2830.630,355,2,1,0,0,2305843009213693967:352;2305843009213693973:3,Symbolica_default,cached_powers_Q,181,30,1.783,BalancedZippelSeparated
fire7_nb0_rank0344,Automatic,1,ok,2122.738,266,2,1,0,0,2305843009213693967:263;2305843009213693973:3,Symbolica_default,cached_powers_Q,80,140,0.863,BalancedZippelSeparated
fire7_nb0_rank0345,Automatic,1,ok,2457.519,379,2,1,0,0,2305843009213693967:376;2305843009213693973:3,Symbolica_default,cached_powers_Q,147,72,0.961,BalancedZippelSeparated
fire7_nb0_rank0346,Automatic,1,ok,2331.328,256,2,1,0,0,2305843009213693967:253;2305843009213693973:3,Symbolica_default,cached_powers_Q,162,40,1.844,BalancedZippelSeparated
fire7_nb0_rank0347,Automatic,1,ok,2565.480,431,2,1,0,0,2305843009213693967:428;2305843009213693973:3,Symbolica_default,cached_powers_Q,186,40,1.020,BalancedZippelSeparated
fire7_nb0_rank0348,Automatic,1,ok,1866.736,279,2,1,0,0,2305843009213693967:276;2305843009213693973:3,Symbolica_default,cached_powers_Q,152,56,0.974,BalancedZippelSeparated
fire7_nb0_rank0349,Automatic,1,ok,2349.258,276,2,1,0,0,2305843009213693967:273;2305843009213693973:3,Symbolica_default,cached_powers_Q,152,54,1.308,BalancedZippelSeparated
fire7_nb0_rank0350,Automatic,1,ok,1822.427,267,2,1,0,0,2305843009213693967:264;2305843009213693973:3,Symbolica_default,cached_powers_Q,152,56,0.975,BalancedZippelSeparated
fire7_nb0_rank0351,Automatic,1,ok,2362.368,409,2,1,0,0,2305843009213693967:406;2305843009213693973:3,Symbolica_default,cached_powers_Q,154,75,1.155,BalancedZippelSeparated
fire7_nb0_rank0352,Automatic,1,ok,2899.410,381,2,1,0,0,2305843009213693967:378;2305843009213693973:3,Symbolica_default,cached_powers_Q,157,68,1.518,BalancedZippelSeparated
fire7_nb0_rank0353,Automatic,1,ok,2206.738,332,2,1,0,0,2305843009213693967:329;2305843009213693973:3,Symbolica_default,cached_powers_Q,120,90,0.936,BalancedZippelSeparated
fire7_nb0_rank0354,Automatic,1,ok,25567.133,274,2,1,0,0,2305843009213693967:271;2305843009213693973:3,Symbolica_default,cached_powers_Q,171,35,1.107,BalancedZippelSeparated
fire7_nb0_rank0355,Automatic,1,ok,3267.592,409,2,1,0,0,2305843009213693967:406;2305843009213693973:3,Symbolica_default,cached_powers_Q,119,100,1.517,BalancedZippelSeparated
fire7_nb0_rank0356,Automatic,1,ok,2489.569,374,2,1,0,0,2305843009213693967:371;2305843009213693973:3,Symbolica_default,cached_powers_Q,150,68,1.018,BalancedZippelSeparated
fire7_nb0_rank0357,Automatic,1,ok,1639.666,262,2,1,0,0,2305843009213693967:259;2305843009213693973:3,Symbolica_default,cached_powers_Q,126,84,1.140,BalancedZippelSeparated
fire7_nb0_rank0358,Automatic,1,ok,2640.639,339,2,1,0,0,2305843009213693967:336;2305843009213693973:3,Symbolica_default,cached_powers_Q,174,24,1.750,BalancedZippelSeparated
fire7_nb0_rank0359,Automatic,1,ok,2123.738,325,2,1,0,0,2305843009213693967:322;2305843009213693973:3,Symbolica_default,cached_powers_Q,144,60,0.913,BalancedZippelSeparated
fire7_nb0_rank0360,Automatic,1,ok,2088.697,324,2,1,0,0,2305843009213693967:321;2305843009213693973:3,Symbolica_default,cached_powers_Q,158,45,1.293,BalancedZippelSeparated
fire7_nb0_rank0361,Automatic,1,ok,2516.058,304,2,1,0,0,2305843009213693967:301;2305843009213693973:3,Symbolica_default,cached_powers_Q,135,70,1.280,BalancedZippelSeparated
fire7_nb0_rank0362,Automatic,1,ok,1956.257,278,2,1,0,0,2305843009213693967:275;2305843009213693973:3,Symbolica_default,cached_powers_Q,144,60,0.978,BalancedZippelSeparated
fire7_nb0_rank0363,Automatic,1,ok,2424.988,364,2,1,0,0,2305843009213693967:361;2305843009213693973:3,Symbolica_default,cached_powers_Q,144,68,0.968,BalancedZippelSeparated
fire7_nb0_rank0364,Automatic,1,ok,2577.769,319,2,1,0,0,2305843009213693967:316;2305843009213693973:3,Symbolica_default,cached_powers_Q,154,52,1.314,BalancedZippelSeparated
fire7_nb0_rank0365,Automatic,1,ok,2354.668,347,2,1,0,0,2305843009213693967:344;2305843009213693973:3,Symbolica_default,cached_powers_Q,187,25,1.196,BalancedZippelSeparated
fire7_nb0_rank0366,Automatic,1,ok,1850.677,255,2,1,0,0,2305843009213693967:252;2305843009213693973:3,Symbolica_default,cached_powers_Q,72,140,0.946,BalancedZippelSeparated
fire7_nb0_rank0367,Automatic,1,ok,2557.349,304,2,1,0,0,2305843009213693967:301;2305843009213693973:3,Symbolica_default,cached_powers_Q,144,60,1.319,BalancedZippelSeparated
fire7_nb0_rank0368,Automatic,1,ok,2786.910,407,2,1,0,0,2305843009213693967:404;2305843009213693973:3,Symbolica_default,cached_powers_Q,186,28,1.226,BalancedZippelSeparated
fire7_nb0_rank0369,Automatic,1,ok,1857.086,304,2,1,0,0,2305843009213693967:301;2305843009213693973:3,Symbolica_default,cached_powers_Q,139,65,1.065,BalancedZippelSeparated
fire7_nb0_rank0370,Automatic,1,ok,2161.698,304,2,1,0,0,2305843009213693967:301;2305843009213693973:3,Symbolica_default,cached_powers_Q,164,40,1.164,BalancedZippelSeparated
fire7_nb0_rank0371,Automatic,1,ok,2645.519,308,2,1,0,0,2305843009213693967:305;2305843009213693973:3,Symbolica_default,cached_powers_Q,148,55,1.297,BalancedZippelSeparated
fire7_nb0_rank0372,Automatic,1,ok,2340.509,335,2,1,0,0,2305843009213693967:332;2305843009213693973:3,Symbolica_default,cached_powers_Q,119,90,0.819,BalancedZippelSeparated
fire7_nb0_rank0373,Automatic,1,ok,1780.346,268,2,1,0,0,2305843009213693967:265;2305843009213693973:3,Symbolica_default,cached_powers_Q,152,48,0.918,BalancedZippelSeparated
fire7_nb0_rank0374,Automatic,1,ok,3444.463,398,2,1,0,0,2305843009213693967:395;2305843009213693973:3,Symbolica_default,cached_powers_Q,179,36,1.597,BalancedZippelSeparated
fire7_nb0_rank0375,Automatic,1,ok,2036.987,302,2,1,0,0,2305843009213693967:299;2305843009213693973:3,Symbolica_default,cached_powers_Q,147,60,0.972,BalancedZippelSeparated
fire7_nb0_rank0376,Automatic,1,ok,2538.179,323,2,1,0,0,2305843009213693967:320;2305843009213693973:3,Symbolica_default,cached_powers_Q,151,45,1.277,BalancedZippelSeparated
fire7_nb0_rank0377,Automatic,1,ok,22302.330,399,2,1,0,0,2305843009213693967:396;2305843009213693973:3,Symbolica_default,cached_powers_Q,180,28,1.351,BalancedZippelSeparated
fire7_nb0_rank0378,Automatic,1,ok,2330.779,292,2,1,0,0,2305843009213693967:289;2305843009213693973:3,Symbolica_default,cached_powers_Q,147,60,1.538,BalancedZippelSeparated
fire7_nb0_rank0379,Automatic,1,ok,1663.986,266,2,1,0,0,2305843009213693967:263;2305843009213693973:3,Symbolica_default,cached_powers_Q,152,48,1.104,BalancedZippelSeparated
fire7_nb0_rank0380,Automatic,1,ok,1951.636,263,2,1,0,0,2305843009213693967:260;2305843009213693973:3,Symbolica_default,cached_powers_Q,144,60,0.798,BalancedZippelSeparated
fire7_nb0_rank0381,Automatic,1,ok,2857.450,330,2,1,0,0,2305843009213693967:327;2305843009213693973:3,Symbolica_default,cached_powers_Q,125,85,1.271,BalancedZippelSeparated
fire7_nb0_rank0382,Automatic,1,ok,1555.676,207,2,1,0,0,2305843009213693967:204;2305843009213693973:3,Symbolica_default,cached_powers_Q,97,98,0.930,BalancedZippelSeparated
fire7_nb0_rank0383,Automatic,1,ok,2157.327,253,2,1,0,0,2305843009213693967:250;2305843009213693973:3,Symbolica_default,cached_powers_Q,140,54,1.236,BalancedZippelSeparated
fire7_nb0_rank0384,Automatic,1,ok,2606.580,413,2,1,0,0,2305843009213693967:410;2305843009213693973:3,Symbolica_default,cached_powers_Q,179,36,1.399,BalancedZippelSeparated
fire7_nb0_rank0385,Automatic,1,ok,2336.419,331,2,1,0,0,2305843009213693967:328;2305843009213693973:3,Symbolica_default,cached_powers_Q,87,125,0.812,BalancedZippelSeparated
fire7_nb0_rank0386,Automatic,1,ok,2244.868,266,2,1,0,0,2305843009213693967:263;2305843009213693973:3,Symbolica_default,cached_powers_Q,148,42,1.677,BalancedZippelSeparated
fire7_nb0_rank0387,Automatic,1,ok,2260.819,331,2,1,0,0,2305843009213693967:328;2305843009213693973:3,Symbolica_default,cached_powers_Q,87,125,0.959,BalancedZippelSeparated
fire7_nb0_rank0388,Automatic,1,ok,2297.208,279,2,1,0,0,2305843009213693967:276;2305843009213693973:3,Symbolica_default,cached_powers_Q,101,100,1.513,BalancedZippelSeparated
fire7_nb0_rank0389,Automatic,1,ok,1958.597,265,2,1,0,0,2305843009213693967:262;2305843009213693973:3,Symbolica_default,cached_powers_Q,101,100,0.817,BalancedZippelSeparated
fire7_nb0_rank0390,Automatic,1,ok,2125.778,318,2,1,0,0,2305843009213693967:315;2305843009213693973:3,Symbolica_default,cached_powers_Q,112,100,0.981,BalancedZippelSeparated
fire7_nb0_rank0391,Automatic,1,ok,3745.244,476,2,1,0,0,2305843009213693967:473;2305843009213693973:3,Symbolica_default,cached_powers_Q,164,66,1.617,BalancedZippelSeparated
fire7_nb0_rank0392,Automatic,1,ok,1966.467,286,2,1,0,0,2305843009213693967:283;2305843009213693973:3,Symbolica_default,cached_powers_Q,144,45,0.780,BalancedZippelSeparated
fire7_nb0_rank0393,Automatic,1,ok,2709.940,360,2,1,0,0,2305843009213693967:357;2305843009213693973:3,Symbolica_default,cached_powers_Q,161,32,1.307,BalancedZippelSeparated
fire7_nb0_rank0394,Automatic,1,ok,2478.539,257,2,1,0,0,2305843009213693967:254;2305843009213693973:3,Symbolica_default,cached_powers_Q,160,35,1.249,BalancedZippelSeparated
fire7_nb0_rank0395,Automatic,1,ok,2127.937,382,2,1,0,0,2305843009213693967:379;2305843009213693973:3,Symbolica_default,cached_powers_Q,169,35,1.196,BalancedZippelSeparated
fire7_nb0_rank0396,Automatic,1,ok,2349.388,278,2,1,0,0,2305843009213693967:275;2305843009213693973:3,Symbolica_default,cached_powers_Q,135,60,1.318,BalancedZippelSeparated
fire7_nb0_rank0397,Automatic,1,ok,2599.399,390,2,1,0,0,2305843009213693967:387;2305843009213693973:3,Symbolica_default,cached_powers_Q,175,28,1.215,BalancedZippelSeparated
fire7_nb0_rank0398,Automatic,1,ok,2055.217,329,2,1,0,0,2305843009213693967:326;2305843009213693973:3,Symbolica_default,cached_powers_Q,173,30,0.896,BalancedZippelSeparated
fire7_nb0_rank0399,Automatic,1,ok,2636.389,325,2,1,0,0,2305843009213693967:322;2305843009213693973:3,Symbolica_default,cached_powers_Q,152,48,1.321,BalancedZippelSeparated
fire7_nb0_rank0400,Automatic,1,ok,1772.807,236,2,1,0,0,2305843009213693967:233;2305843009213693973:3,Symbolica_default,cached_powers_Q,136,56,0.784,BalancedZippelSeparated
fire7_nb0_rank0401,Automatic,1,ok,1804.877,232,2,1,0,0,2305843009213693967:229;2305843009213693973:3,Symbolica_default,cached_powers_Q,126,63,1.454,BalancedZippelSeparated
fire7_nb0_rank0402,Automatic,1,ok,2164.838,349,2,1,0,0,2305843009213693967:346;2305843009213693973:3,Symbolica_default,cached_powers_Q,126,72,0.939,BalancedZippelSeparated
fire7_nb0_rank0403,Automatic,1,ok,1719.786,228,2,1,0,0,2305843009213693967:225;2305843009213693973:3,Symbolica_default,cached_powers_Q,134,49,1.049,BalancedZippelSeparated
fire7_nb0_rank0404,Automatic,1,ok,1971.637,284,2,1,0,0,2305843009213693967:281;2305843009213693973:3,Symbolica_default,cached_powers_Q,154,48,0.973,BalancedZippelSeparated
fire7_nb0_rank0405,Automatic,1,ok,1746.586,243,2,1,0,0,2305843009213693967:240;2305843009213693973:3,Symbolica_default,cached_powers_Q,134,49,0.987,BalancedZippelSeparated
fire7_nb0_rank0406,Automatic,1,ok,20929.806,319,2,1,0,0,2305843009213693967:316;2305843009213693973:3,Symbolica_default,cached_powers_Q,160,36,1.334,BalancedZippelSeparated
fire7_nb0_rank0407,Automatic,1,ok,1564.235,226,2,1,0,0,2305843009213693967:223;2305843009213693973:3,Symbolica_default,cached_powers_Q,126,63,0.904,BalancedZippelSeparated
fire7_nb0_rank0408,Automatic,1,ok,2594.450,323,2,1,0,0,2305843009213693967:320;2305843009213693973:3,Symbolica_default,cached_powers_Q,125,75,1.220,BalancedZippelSeparated
fire7_nb0_rank0409,Automatic,1,ok,1842.287,246,2,1,0,0,2305843009213693967:243;2305843009213693973:3,Symbolica_default,cached_powers_Q,152,35,1.138,BalancedZippelSeparated
fire7_nb0_rank0410,Automatic,1,ok,3252.871,442,2,1,0,0,2305843009213693967:439;2305843009213693973:3,Symbolica_default,cached_powers_Q,143,60,1.294,BalancedZippelSeparated
fire7_nb0_rank0411,Automatic,1,ok,1569.566,233,2,1,0,0,2305843009213693967:230;2305843009213693973:3,Symbolica_default,cached_powers_Q,99,84,0.868,BalancedZippelSeparated
fire7_nb0_rank0412,Automatic,1,ok,1921.737,297,2,1,0,0,2305843009213693967:294;2305843009213693973:3,Symbolica_default,cached_powers_Q,154,48,1.190,BalancedZippelSeparated
fire7_nb0_rank0413,Automatic,1,ok,1827.026,282,2,1,0,0,2305843009213693967:279;2305843009213693973:3,Symbolica_default,cached_powers_Q,143,40,0.924,BalancedZippelSeparated
fire7_nb0_rank0414,Automatic,1,ok,2090.477,343,2,1,0,0,2305843009213693967:340;2305843009213693973:3,Symbolica_default,cached_powers_Q,119,76,0.927,BalancedZippelSeparated
fire7_nb0_rank0415,Automatic,1,ok,2032.428,237,2,1,0,0,2305843009213693967:234;2305843009213693973:3,Symbolica_default,cached_powers_Q,144,35,1.632,BalancedZippelSeparated
fire7_nb0_rank0416,Automatic,1,ok,1780.606,240,2,1,0,0,2305843009213693967:237;2305843009213693973:3,Symbolica_default,cached_powers_Q,152,28,1.165,BalancedZippelSeparated
fire7_nb0_rank0417,Automatic,1,ok,2101.697,305,2,1,0,0,2305843009213693967:302;2305843009213693973:3,Symbolica_default,cached_powers_Q,161,28,1.107,BalancedZippelSeparated
fire7_nb0_rank0418,Automatic,1,ok,1599.696,241,2,1,0,0,2305843009213693967:238;2305843009213693973:3,Symbolica_default,cached_powers_Q,128,45,0.873,BalancedZippelSeparated
fire7_nb0_rank0419,Automatic,1,ok,1532.746,192,2,1,0,0,2305843009213693967:189;2305843009213693973:3,Symbolica_default,cached_powers_Q,97,84,0.728,BalancedZippelSeparated
fire7_nb0_rank0420,Automatic,1,ok,2404.999,302,2,1,0,0,2305843009213693967:299;2305843009213693973:3,Symbolica_default,cached_powers_Q,125,68,1.224,BalancedZippelSeparated
fire7_nb0_rank0421,Automatic,1,ok,20673.554,287,2,1,0,0,2305843009213693967:284;2305843009213693973:3,Symbolica_default,cached_powers_Q,146,35,1.104,BalancedZippelSeparated
fire7_nb0_rank0422,Automatic,1,ok,1863.676,208,2,1,0,0,2305843009213693967:205;2305843009213693973:3,Symbolica_default,cached_powers_Q,104,72,1.216,BalancedZippelSeparated
fire7_nb0_rank0423,Automatic,1,ok,1881.286,273,2,1,0,0,2305843009213693967:270;2305843009213693973:3,Symbolica_default,cached_powers_Q,112,70,0.749,BalancedZippelSeparated
fire7_nb0_rank0424,Automatic,1,ok,1900.627,231,2,1,0,0,2305843009213693967:228;2305843009213693973:3,Symbolica_default,cached_powers_Q,144,28,1.590,BalancedZippelSeparated
fire7_nb0_rank0425,Automatic,1,ok,2546.999,425,2,1,0,0,2305843009213693967:422;2305843009213693973:3,Symbolica_default,cached_powers_Q,143,54,0.899,BalancedZippelSeparated
fire7_nb0_rank0426,Automatic,1,ok,1837.797,289,2,1,0,0,2305843009213693967:286;2305843009213693973:3,Symbolica_default,cached_powers_Q,119,72,0.912,BalancedZippelSeparated
fire7_nb0_rank0427,Automatic,1,ok,1958.178,233,2,1,0,0,2305843009213693967:230;2305843009213693973:3,Symbolica_default,cached_powers_Q,99,72,1.138,BalancedZippelSeparated
fire7_nb0_rank0428,Automatic,1,ok,1944.247,260,2,1,0,0,2305843009213693967:257;2305843009213693973:3,Symbolica_default,cached_powers_Q,147,30,0.895,BalancedZippelSeparated
fire7_nb0_rank0429,Automatic,1,ok,2814.570,420,2,1,0,0,2305843009213693967:417;2305843009213693973:3,Symbolica_default,cached_powers_Q,131,60,1.409,BalancedZippelSeparated
fire7_nb0_rank0430,Automatic,1,ok,2169.177,366,2,1,0,0,2305843009213693967:363;2305843009213693973:3,Symbolica_default,cached_powers_Q,114,80,0.891,BalancedZippelSeparated
fire7_nb0_rank0431,Automatic,1,ok,1757.846,260,2,1,0,0,2305843009213693967:257;2305843009213693973:3,Symbolica_default,cached_powers_Q,85,100,0.856,BalancedZippelSeparated
fire7_nb0_rank0432,Automatic,1,ok,2365.088,313,2,1,0,0,2305843009213693967:310;2305843009213693973:3,Symbolica_default,cached_powers_Q,137,35,1.597,BalancedZippelSeparated
fire7_nb0_rank0433,Automatic,1,ok,1741.246,286,2,1,0,0,2305843009213693967:283;2305843009213693973:3,Symbolica_default,cached_powers_Q,140,36,0.886,BalancedZippelSeparated
fire7_nb0_rank0434,Automatic,1,ok,2898.061,407,2,1,0,0,2305843009213693967:404;2305843009213693973:3,Symbolica_default,cached_powers_Q,126,60,1.209,BalancedZippelSeparated
fire7_nb0_rank0435,Automatic,1,ok,19229.029,341,2,1,0,0,2305843009213693967:338;2305843009213693973:3,Symbolica_default,cached_powers_Q,143,44,0.919,BalancedZippelSeparated
fire7_nb0_rank0436,Automatic,1,ok,24349.568,243,2,1,0,0,2305843009213693967:240;2305843009213693973:3,Symbolica_default,cached_powers_Q,112,65,1.216,BalancedZippelSeparated
fire7_nb0_rank0437,Automatic,1,ok,2640.420,314,2,1,0,0,2305843009213693967:311;2305843009213693973:3,Symbolica_default,cached_powers_Q,156,28,1.522,BalancedZippelSeparated
fire7_nb0_rank0438,Automatic,1,ok,1391.005,223,2,1,0,0,2305843009213693967:220;2305843009213693973:3,Symbolica_default,cached_powers_Q,119,48,0.913,BalancedZippelSeparated
fire7_nb0_rank0439,Automatic,1,ok,2161.728,335,2,1,0,0,2305843009213693967:332;2305843009213693973:3,Symbolica_default,cached_powers_Q,131,56,0.723,BalancedZippelSeparated
fire7_nb0_rank0440,Automatic,1,ok,2465.359,317,2,1,0,0,2305843009213693967:314;2305843009213693973:3,Symbolica_default,cached_powers_Q,126,60,1.231,BalancedZippelSeparated
fire7_nb0_rank0441,Automatic,1,ok,1823.767,256,2,1,0,0,2305843009213693967:253;2305843009213693973:3,Symbolica_default,cached_powers_Q,119,60,0.752,BalancedZippelSeparated
fire7_nb0_rank0442,Automatic,1,ok,2036.077,243,2,1,0,0,2305843009213693967:240;2305843009213693973:3,Symbolica_default,cached_powers_Q,112,65,1.164,BalancedZippelSeparated
fire7_nb0_rank0443,Automatic,1,ok,2329.388,267,2,1,0,0,2305843009213693967:264;2305843009213693973:3,Symbolica_default,cached_powers_Q,139,30,1.632,BalancedZippelSeparated
fire7_nb0_rank0444,Automatic,1,ok,1776.717,285,2,1,0,0,2305843009213693967:282;2305843009213693973:3,Symbolica_default,cached_powers_Q,126,56,0.868,BalancedZippelSeparated
fire7_nb0_rank0445,Automatic,1,ok,2826.230,380,2,1,0,0,2305843009213693967:377;2305843009213693973:3,Symbolica_default,cached_powers_Q,132,54,1.266,BalancedZippelSeparated
fire7_nb0_rank0446,Automatic,1,ok,1716.066,232,2,1,0,0,2305843009213693967:229;2305843009213693973:3,Symbolica_default,cached_powers_Q,117,49,1.031,BalancedZippelSeparated
fire7_nb0_rank0447,Automatic,1,ok,1940.358,320,2,1,0,0,2305843009213693967:317;2305843009213693973:3,Symbolica_default,cached_powers_Q,138,42,0.841,BalancedZippelSeparated
fire7_nb0_rank0448,Automatic,1,ok,2239.438,288,2,1,0,0,2305843009213693967:285;2305843009213693973:3,Symbolica_default,cached_powers_Q,133,52,0.883,BalancedZippelSeparated
fire7_nb0_rank0449,Automatic,1,ok,15413.485,257,2,1,0,0,2305843009213693967:254;2305843009213693973:3,Symbolica_default,cached_powers_Q,93,90,0.925,BalancedZippelSeparated
fire7_nb0_rank0450,Automatic,1,ok,17092.791,245,2,1,0,0,2305843009213693967:242;2305843009213693973:3,Symbolica_default,cached_powers_Q,119,60,0.900,BalancedZippelSeparated
fire7_nb0_rank0451,Automatic,1,ok,20235.843,229,2,1,0,0,2305843009213693967:226;2305843009213693973:3,Symbolica_default,cached_powers_Q,80,108,1.257,BalancedZippelSeparated
fire7_nb0_rank0452,Automatic,1,ok,2157.647,356,2,1,0,0,2305843009213693967:353;2305843009213693973:3,Symbolica_default,cached_powers_Q,108,80,0.910,BalancedZippelSeparated
fire7_nb0_rank0453,Automatic,1,ok,1558.625,183,2,1,0,0,2305843009213693967:180;2305843009213693973:3,Symbolica_default,cached_powers_Q,79,84,1.175,BalancedZippelSeparated
fire7_nb0_rank0454,Automatic,1,ok,1885.747,313,2,1,0,0,2305843009213693967:310;2305843009213693973:3,Symbolica_default,cached_powers_Q,138,36,0.902,BalancedZippelSeparated
fire7_nb0_rank0455,Automatic,1,ok,1738.506,276,2,1,0,0,2305843009213693967:273;2305843009213693973:3,Symbolica_default,cached_powers_Q,126,56,0.877,BalancedZippelSeparated
fire7_nb0_rank0456,Automatic,1,ok,1870.627,228,2,1,0,0,2305843009213693967:225;2305843009213693973:3,Symbolica_default,cached_powers_Q,122,42,1.520,BalancedZippelSeparated
fire7_nb0_rank0457,Automatic,1,ok,1501.145,227,2,1,0,0,2305843009213693967:224;2305843009213693973:3,Symbolica_default,cached_powers_Q,88,78,0.860,BalancedZippelSeparated
fire7_nb0_rank0458,Automatic,1,ok,1668.216,247,2,1,0,0,2305843009213693967:244;2305843009213693973:3,Symbolica_default,cached_powers_Q,97,90,0.891,BalancedZippelSeparated
fire7_nb0_rank0459,Automatic,1,ok,2323.388,281,2,1,0,0,2305843009213693967:278;2305843009213693973:3,Symbolica_default,cached_powers_Q,124,52,1.236,BalancedZippelSeparated
fire7_nb0_rank0460,Automatic,1,ok,1856.087,279,2,1,0,0,2305843009213693967:276;2305843009213693973:3,Symbolica_default,cached_powers_Q,111,65,0.890,BalancedZippelSeparated
fire7_nb0_rank0461,Automatic,1,ok,1245.314,180,2,1,0,0,2305843009213693967:177;2305843009213693973:3,Symbolica_default,cached_powers_Q,90,70,1.155,BalancedZippelSeparated
fire7_nb0_rank0462,Automatic,1,ok,2230.318,327,2,1,0,0,2305843009213693967:324;2305843009213693973:3,Symbolica_default,cached_powers_Q,113,68,0.763,BalancedZippelSeparated
fire7_nb0_rank0463,Automatic,1,ok,1509.735,225,2,1,0,0,2305843009213693967:222;2305843009213693973:3,Symbolica_default,cached_powers_Q,88,78,0.842,BalancedZippelSeparated
fire7_nb0_rank0464,Automatic,1,ok,2217.168,289,2,1,0,0,2305843009213693967:286;2305843009213693973:3,Symbolica_default,cached_powers_Q,119,52,1.200,BalancedZippelSeparated
fire7_nb0_rank0465,Automatic,1,ok,1927.427,325,2,1,0,0,2305843009213693967:322;2305843009213693973:3,Symbolica_default,cached_powers_Q,133,44,0.858,BalancedZippelSeparated
fire7_nb0_rank0466,Automatic,1,ok,2177.538,267,2,1,0,0,2305843009213693967:264;2305843009213693973:3,Symbolica_default,cached_powers_Q,90,95,0.863,BalancedZippelSeparated
fire7_nb0_rank0467,Automatic,1,ok,2186.048,240,2,1,0,0,2305843009213693967:237;2305843009213693973:3,Symbolica_default,cached_powers_Q,111,54,1.368,BalancedZippelSeparated
fire7_nb0_rank0468,Automatic,1,ok,1598.956,220,2,1,0,0,2305843009213693967:217;2305843009213693973:3,Symbolica_default,cached_powers_Q,119,42,1.008,BalancedZippelSeparated
fire7_nb0_rank0469,Automatic,1,ok,2912.571,371,2,1,0,0,2305843009213693967:368;2305843009213693973:3,Symbolica_default,cached_powers_Q,130,63,1.237,BalancedZippelSeparated
fire7_nb0_rank0470,Automatic,1,ok,1623.596,246,2,1,0,0,2305843009213693967:243;2305843009213693973:3,Symbolica_default,cached_powers_Q,126,45,0.875,BalancedZippelSeparated
fire7_nb0_rank0471,Automatic,1,ok,1775.916,287,2,1,0,0,2305843009213693967:284;2305843009213693973:3,Symbolica_default,cached_powers_Q,144,32,0.856,BalancedZippelSeparated
fire7_nb0_rank0472,Automatic,1,ok,22069.850,376,2,1,0,0,2305843009213693967:373;2305843009213693973:3,Symbolica_default,cached_powers_Q,124,66,0.944,BalancedZippelSeparated
fire7_nb0_rank0473,Automatic,1,ok,1712.176,259,2,1,0,0,2305843009213693967:256;2305843009213693973:3,Symbolica_default,cached_powers_Q,119,56,0.892,BalancedZippelSeparated
fire7_nb0_rank0474,Automatic,1,ok,2028.937,258,2,1,0,0,2305843009213693967:255;2305843009213693973:3,Symbolica_default,cached_powers_Q,111,60,1.122,BalancedZippelSeparated
fire7_nb0_rank0475,Automatic,1,ok,1875.737,293,2,1,0,0,2305843009213693967:290;2305843009213693973:3,Symbolica_default,cached_powers_Q,126,45,0.876,BalancedZippelSeparated
fire7_nb0_rank0476,Automatic,1,ok,2113.488,270,2,1,0,0,2305843009213693967:267;2305843009213693973:3,Symbolica_default,cached_powers_Q,125,48,1.187,BalancedZippelSeparated
fire7_nb0_rank0477,Automatic,1,ok,1800.326,261,2,1,0,0,2305843009213693967:258;2305843009213693973:3,Symbolica_default,cached_powers_Q,91,90,0.870,BalancedZippelSeparated
fire7_nb0_rank0478,Automatic,1,ok,1634.556,237,2,1,0,0,2305843009213693967:234;2305843009213693973:3,Symbolica_default,cached_powers_Q,91,90,0.849,BalancedZippelSeparated
fire7_nb0_rank0479,Automatic,1,ok,2220.328,261,2,1,0,0,2305843009213693967:258;2305843009213693973:3,Symbolica_default,cached_powers_Q,91,90,1.194,BalancedZippelSeparated
fire7_nb0_rank0480,Automatic,1,ok,1491.205,236,2,1,0,0,2305843009213693967:233;2305843009213693973:3,Symbolica_default,cached_powers_Q,96,72,0.877,BalancedZippelSeparated
fire7_nb0_rank0481,Automatic,1,ok,1467.015,233,2,1,0,0,2305843009213693967:230;2305843009213693973:3,Symbolica_default,cached_powers_Q,104,65,0.854,BalancedZippelSeparated
fire7_nb0_rank0482,Automatic,1,ok,1906.887,262,2,1,0,0,2305843009213693967:259;2305843009213693973:3,Symbolica_default,cached_powers_Q,67,100,0.725,BalancedZippelSeparated
fire7_nb0_rank0483,Automatic,1,ok,1703.587,262,2,1,0,0,2305843009213693967:259;2305843009213693973:3,Symbolica_default,cached_powers_Q,67,100,0.846,BalancedZippelSeparated
fire7_nb0_rank0484,Automatic,1,ok,2379.339,305,2,1,0,0,2305843009213693967:302;2305843009213693973:3,Symbolica_default,cached_powers_Q,126,42,1.222,BalancedZippelSeparated
fire7_nb0_rank0485,Automatic,1,ok,1737.337,270,2,1,0,0,2305843009213693967:267;2305843009213693973:3,Symbolica_default,cached_powers_Q,114,60,0.871,BalancedZippelSeparated
fire7_nb0_rank0486,Automatic,1,ok,2297.649,285,2,1,0,0,2305843009213693967:282;2305843009213693973:3,Symbolica_default,cached_powers_Q,120,60,1.200,BalancedZippelSeparated
fire7_nb0_rank0487,Automatic,1,ok,1495.936,218,2,1,0,0,2305843009213693967:215;2305843009213693973:3,Symbolica_default,cached_powers_Q,96,66,0.833,BalancedZippelSeparated
fire7_nb0_rank0488,Automatic,1,ok,1425.015,218,2,1,0,0,2305843009213693967:215;2305843009213693973:3,Symbolica_default,cached_powers_Q,96,66,0.857,BalancedZippelSeparated
fire7_nb0_rank0489,Automatic,1,ok,2018.087,262,2,1,0,0,2305843009213693967:259;2305843009213693973:3,Symbolica_default,cached_powers_Q,84,90,1.321,BalancedZippelSeparated
fire7_nb0_rank0490,Automatic,1,ok,1832.927,314,2,1,0,0,2305843009213693967:311;2305843009213693973:3,Symbolica_default,cached_powers_Q,144,25,1.010,BalancedZippelSeparated
fire7_nb0_rank0491,Automatic,1,ok,1525.586,241,2,1,0,0,2305843009213693967:238;2305843009213693973:3,Symbolica_default,cached_powers_Q,126,45,0.843,BalancedZippelSeparated
fire7_nb0_rank0492,Automatic,1,ok,2040.798,262,2,1,0,0,2305843009213693967:259;2305843009213693973:3,Symbolica_default,cached_powers_Q,84,90,1.378,BalancedZippelSeparated
fire7_nb0_rank0493,Automatic,1,ok,1747.736,257,2,1,0,0,2305843009213693967:254;2305843009213693973:3,Symbolica_default,cached_powers_Q,134,25,1.034,BalancedZippelSeparated
fire7_nb0_rank0494,Automatic,1,ok,2247.558,269,2,1,0,0,2305843009213693967:266;2305843009213693973:3,Symbolica_default,cached_powers_Q,139,28,1.268,BalancedZippelSeparated
fire7_nb0_rank0495,Automatic,1,ok,1574.645,248,2,1,0,0,2305843009213693967:245;2305843009213693973:3,Symbolica_default,cached_powers_Q,115,45,0.852,BalancedZippelSeparated
fire7_nb0_rank0496,Automatic,1,ok,1327.215,214,2,1,0,0,2305843009213693967:211;2305843009213693973:3,Symbolica_default,cached_powers_Q,80,78,0.818,BalancedZippelSeparated
fire7_nb0_rank0497,Automatic,1,ok,2339.509,286,2,1,0,0,2305843009213693967:283;2305843009213693973:3,Symbolica_default,cached_powers_Q,70,110,1.202,BalancedZippelSeparated
fire7_nb0_rank0498,Automatic,1,ok,1894.186,308,2,1,0,0,2305843009213693967:305;2305843009213693973:3,Symbolica_default,cached_powers_Q,150,20,0.956,BalancedZippelSeparated
fire7_nb0_rank0499,Automatic,1,ok,1785.476,224,2,1,0,0,2305843009213693967:221;2305843009213693973:3,Symbolica_default,cached_powers_Q,118,40,1.124,BalancedZippelSeparated
fire7_nb0_rank0500,Automatic,1,ok,1505.875,217,2,1,0,0,2305843009213693967:214;2305843009213693973:3,Symbolica_default,cached_powers_Q,126,30,1.001,BalancedZippelSeparated
fire7_nb0_rank0501,Automatic,1,ok,2219.518,370,2,1,0,0,2305843009213693967:367;2305843009213693973:3,Symbolica_default,cached_powers_Q,128,63,0.871,BalancedZippelSeparated
fire7_nb0_rank0502,Automatic,1,ok,2321.829,303,2,1,0,0,2305843009213693967:300;2305843009213693973:3,Symbolica_default,cached_powers_Q,136,36,1.570,BalancedZippelSeparated
fire7_nb0_rank0503,Automatic,1,ok,1948.637,327,2,1,0,0,2305843009213693967:324;2305843009213693973:3,Symbolica_default,cached_powers_Q,120,56,0.889,BalancedZippelSeparated
fire7_nb0_rank0504,Automatic,1,ok,2580.529,297,2,1,0,0,2305843009213693967:294;2305843009213693973:3,Symbolica_default,cached_powers_Q,138,32,1.383,BalancedZippelSeparated
fire7_nb0_rank0505,Automatic,1,ok,1789.006,249,2,1,0,0,2305843009213693967:246;2305843009213693973:3,Symbolica_default,cached_powers_Q,125,35,1.109,BalancedZippelSeparated
fire7_nb0_rank0506,Automatic,1,ok,2053.178,274,2,1,0,0,2305843009213693967:271;2305843009213693973:3,Symbolica_default,cached_powers_Q,113,60,1.057,BalancedZippelSeparated
fire7_nb0_rank0507,Automatic,1,ok,1561.375,217,2,1,0,0,2305843009213693967:214;2305843009213693973:3,Symbolica_default,cached_powers_Q,81,84,1.077,BalancedZippelSeparated
fire7_nb0_rank0508,Automatic,1,ok,1365.035,223,2,1,0,0,2305843009213693967:220;2305843009213693973:3,Symbolica_default,cached_powers_Q,119,45,0.728,BalancedZippelSeparated
fire7_nb0_rank0509,Automatic,1,ok,1976.868,248,2,1,0,0,2305843009213693967:245;2305843009213693973:3,Symbolica_default,cached_powers_Q,120,40,1.176,BalancedZippelSeparated
fire7_nb0_rank0510,Automatic,1,ok,1721.106,230,2,1,0,0,2305843009213693967:227;2305843009213693973:3,Symbolica_default,cached_powers_Q,36,126,0.985,BalancedZippelSeparated
fire7_nb0_rank0511,Automatic,1,ok,1702.826,285,2,1,0,0,2305843009213693967:282;2305843009213693973:3,Symbolica_default,cached_powers_Q,117,60,1.315,BalancedZippelSeparated
fire7_nb0_rank0512,Automatic,1,ok,2148.928,264,2,1,0,0,2305843009213693967:261;2305843009213693973:3,Symbolica_default,cached_powers_Q,114,52,1.186,BalancedZippelSeparated
fire7_nb0_rank0513,Automatic,1,ok,1842.317,302,2,1,0,0,2305843009213693967:299;2305843009213693973:3,Symbolica_default,cached_powers_Q,104,68,0.895,BalancedZippelSeparated
fire7_nb0_rank0514,Automatic,1,ok,2024.437,273,2,1,0,0,2305843009213693967:270;2305843009213693973:3,Symbolica_default,cached_powers_Q,113,60,1.347,BalancedZippelSeparated
fire7_nb0_rank0515,Automatic,1,ok,1601.826,229,2,1,0,0,2305843009213693967:226;2305843009213693973:3,Symbolica_default,cached_powers_Q,119,40,0.824,BalancedZippelSeparated
fire7_nb0_rank0516,Automatic,1,ok,2793.590,370,2,1,0,0,2305843009213693967:367;2305843009213693973:3,Symbolica_default,cached_powers_Q,112,60,0.662,BalancedZippelSeparated
fire7_nb0_rank0517,Automatic,1,ok,2159.408,276,2,1,0,0,2305843009213693967:273;2305843009213693973:3,Symbolica_default,cached_powers_Q,115,55,1.084,BalancedZippelSeparated
fire7_nb0_rank0518,Automatic,1,ok,1768.756,299,2,1,0,0,2305843009213693967:296;2305843009213693973:3,Symbolica_default,cached_powers_Q,131,24,0.810,BalancedZippelSeparated
fire7_nb0_rank0519,Automatic,1,ok,2248.218,303,2,1,0,0,2305843009213693967:300;2305843009213693973:3,Symbolica_default,cached_powers_Q,101,68,1.042,BalancedZippelSeparated
fire7_nb0_rank0520,Automatic,1,ok,1721.647,231,2,1,0,0,2305843009213693967:228;2305843009213693973:3,Symbolica_default,cached_powers_Q,131,25,1.022,BalancedZippelSeparated
fire7_nb0_rank0521,Automatic,1,ok,1871.527,296,2,1,0,0,2305843009213693967:293;2305843009213693973:3,Symbolica_default,cached_powers_Q,90,72,0.642,BalancedZippelSeparated
fire7_nb0_rank0522,Automatic,1,ok,1406.835,211,2,1,0,0,2305843009213693967:208;2305843009213693973:3,Symbolica_default,cached_powers_Q,79,72,0.642,BalancedZippelSeparated
fire7_nb0_rank0523,Automatic,1,ok,1182.464,215,2,1,0,0,2305843009213693967:212;2305843009213693973:3,Symbolica_default,cached_powers_Q,112,40,0.736,BalancedZippelSeparated
fire7_nb0_rank0524,Automatic,1,ok,1509.165,240,2,1,0,0,2305843009213693967:237;2305843009213693973:3,Symbolica_default,cached_powers_Q,119,32,0.812,BalancedZippelSeparated
fire7_nb0_rank0525,Automatic,1,ok,1795.587,215,2,1,0,0,2305843009213693967:212;2305843009213693973:3,Symbolica_default,cached_powers_Q,112,45,0.887,BalancedZippelSeparated
fire7_nb0_rank0526,Automatic,1,ok,1836.587,262,2,1,0,0,2305843009213693967:259;2305843009213693973:3,Symbolica_default,cached_powers_Q,126,40,0.683,BalancedZippelSeparated
fire7_nb0_rank0527,Automatic,1,ok,1730.357,330,2,1,0,0,2305843009213693967:327;2305843009213693973:3,Symbolica_default,cached_powers_Q,125,40,0.754,BalancedZippelSeparated
fire7_nb0_rank0528,Automatic,1,ok,1609.605,209,2,1,0,0,2305843009213693967:206;2305843009213693973:3,Symbolica_default,cached_powers_Q,112,45,1.061,BalancedZippelSeparated
fire7_nb0_rank0529,Automatic,1,ok,1727.506,260,2,1,0,0,2305843009213693967:257;2305843009213693973:3,Symbolica_default,cached_powers_Q,26,150,0.953,BalancedZippelSeparated
fire7_nb0_rank0530,Automatic,1,ok,1430.965,246,2,1,0,0,2305843009213693967:243;2305843009213693973:3,Symbolica_default,cached_powers_Q,126,36,0.759,BalancedZippelSeparated
fire7_nb0_rank0531,Automatic,1,ok,1492.605,215,2,1,0,0,2305843009213693967:212;2305843009213693973:3,Symbolica_default,cached_powers_Q,103,45,1.242,BalancedZippelSeparated
fire7_nb0_rank0532,Automatic,1,ok,1782.207,257,2,1,0,0,2305843009213693967:254;2305843009213693973:3,Symbolica_default,cached_powers_Q,120,28,0.913,BalancedZippelSeparated
fire7_nb0_rank0533,Automatic,1,ok,1356.305,216,2,1,0,0,2305843009213693967:213;2305843009213693973:3,Symbolica_default,cached_powers_Q,90,65,0.756,BalancedZippelSeparated
fire7_nb0_rank0534,Automatic,1,ok,1183.124,203,2,1,0,0,2305843009213693967:200;2305843009213693973:3,Symbolica_default,cached_powers_Q,85,70,0.722,BalancedZippelSeparated
fire7_nb0_rank0535,Automatic,1,ok,1806.407,298,2,1,0,0,2305843009213693967:295;2305843009213693973:3,Symbolica_default,cached_powers_Q,114,44,0.635,BalancedZippelSeparated
fire7_nb0_rank0536,Automatic,1,ok,1828.837,298,2,1,0,0,2305843009213693967:295;2305843009213693973:3,Symbolica_default,cached_powers_Q,114,44,0.640,BalancedZippelSeparated
fire7_nb0_rank0537,Automatic,1,ok,1582.415,224,2,1,0,0,2305843009213693967:221;2305843009213693973:3,Symbolica_default,cached_powers_Q,111,35,1.454,BalancedZippelSeparated
fire7_nb0_rank0538,Automatic,1,ok,1207.564,213,2,1,0,0,2305843009213693967:210;2305843009213693973:3,Symbolica_default,cached_powers_Q,112,32,0.663,BalancedZippelSeparated
fire7_nb0_rank0539,Automatic,1,ok,1716.416,204,2,1,0,0,2305843009213693967:201;2305843009213693973:3,Symbolica_default,cached_powers_Q,105,40,0.871,BalancedZippelSeparated
fire7_nb0_rank0540,Automatic,1,ok,1232.215,203,2,1,0,0,2305843009213693967:200;2305843009213693973:3,Symbolica_default,cached_powers_Q,85,70,0.833,BalancedZippelSeparated
fire7_nb0_rank0541,Automatic,1,ok,1134.614,188,2,1,0,0,2305843009213693967:185;2305843009213693973:3,Symbolica_default,cached_powers_Q,85,70,0.770,BalancedZippelSeparated
fire7_nb0_rank0542,Automatic,1,ok,1796.587,278,2,1,0,0,2305843009213693967:275;2305843009213693973:3,Symbolica_default,cached_powers_Q,126,27,0.661,BalancedZippelSeparated
fire7_nb0_rank0543,Automatic,1,ok,2683.510,438,2,1,0,0,2305843009213693967:435;2305843009213693973:3,Symbolica_default,cached_powers_Q,136,42,1.008,BalancedZippelSeparated
fire7_nb0_rank0544,Automatic,1,ok,2031.218,236,2,1,0,0,2305843009213693967:233;2305843009213693973:3,Symbolica_default,cached_powers_Q,118,30,1.327,BalancedZippelSeparated
fire7_nb0_rank0545,Automatic,1,ok,1680.856,291,2,1,0,0,2305843009213693967:288;2305843009213693973:3,Symbolica_default,cached_powers_Q,102,56,0.832,BalancedZippelSeparated
fire7_nb0_rank0546,Automatic,1,ok,2165.478,278,2,1,0,0,2305843009213693967:275;2305843009213693973:3,Symbolica_default,cached_powers_Q,133,20,1.203,BalancedZippelSeparated
fire7_nb0_rank0547,Automatic,1,ok,1740.206,304,2,1,0,0,2305843009213693967:301;2305843009213693973:3,Symbolica_default,cached_powers_Q,113,48,0.815,BalancedZippelSeparated
fire7_nb0_rank0548,Automatic,1,ok,1339.545,213,2,1,0,0,2305843009213693967:210;2305843009213693973:3,Symbolica_default,cached_powers_Q,104,45,0.748,BalancedZippelSeparated
fire7_nb0_rank0549,Automatic,1,ok,2173.688,255,2,1,0,0,2305843009213693967:252;2305843009213693973:3,Symbolica_default,cached_powers_Q,126,25,1.351,BalancedZippelSeparated
fire7_nb0_rank0550,Automatic,1,ok,1430.995,216,2,1,0,0,2305843009213693967:213;2305843009213693973:3,Symbolica_default,cached_powers_Q,98,48,0.826,BalancedZippelSeparated
fire7_nb0_rank0551,Automatic,1,ok,2017.767,318,2,1,0,0,2305843009213693967:315;2305843009213693973:3,Symbolica_default,cached_powers_Q,124,51,0.885,BalancedZippelSeparated
fire7_nb0_rank0552,Automatic,1,ok,1951.538,317,2,1,0,0,2305843009213693967:314;2305843009213693973:3,Symbolica_default,cached_powers_Q,101,54,1.150,BalancedZippelSeparated
fire7_nb0_rank0553,Automatic,1,ok,1735.257,316,2,1,0,0,2305843009213693967:313;2305843009213693973:3,Symbolica_default,cached_powers_Q,125,40,0.814,BalancedZippelSeparated
fire7_nb0_rank0554,Automatic,1,ok,1503.905,230,2,1,0,0,2305843009213693967:227;2305843009213693973:3,Symbolica_default,cached_powers_Q,118,32,0.806,BalancedZippelSeparated
fire7_nb0_rank0555,Automatic,1,ok,2048.818,249,2,1,0,0,2305843009213693967:246;2305843009213693973:3,Symbolica_default,cached_powers_Q,42,110,1.041,BalancedZippelSeparated
fire7_nb0_rank0556,Automatic,1,ok,1253.235,188,2,1,0,0,2305843009213693967:185;2305843009213693973:3,Symbolica_default,cached_powers_Q,96,45,0.791,BalancedZippelSeparated
fire7_nb0_rank0557,Automatic,1,ok,1775.327,249,2,1,0,0,2305843009213693967:246;2305843009213693973:3,Symbolica_default,cached_powers_Q,42,110,1.262,BalancedZippelSeparated
fire7_nb0_rank0558,Automatic,1,ok,1601.166,199,2,1,0,0,2305843009213693967:196;2305843009213693973:3,Symbolica_default,cached_powers_Q,88,54,0.957,BalancedZippelSeparated
fire7_nb0_rank0559,Automatic,1,ok,1491.715,199,2,1,0,0,2305843009213693967:196;2305843009213693973:3,Symbolica_default,cached_powers_Q,88,54,0.923,BalancedZippelSeparated
fire7_nb0_rank0560,Automatic,1,ok,1407.685,179,2,1,0,0,2305843009213693967:176;2305843009213693973:3,Symbolica_default,cached_powers_Q,104,35,0.965,BalancedZippelSeparated
fire7_nb0_rank0561,Automatic,1,ok,1803.477,250,2,1,0,0,2305843009213693967:247;2305843009213693973:3,Symbolica_default,cached_powers_Q,108,48,1.285,BalancedZippelSeparated
fire7_nb0_rank0562,Automatic,1,ok,1879.977,264,2,1,0,0,2305843009213693967:261;2305843009213693973:3,Symbolica_default,cached_powers_Q,84,72,1.227,BalancedZippelSeparated
fire7_nb0_rank0563,Automatic,1,ok,1652.246,264,2,1,0,0,2305843009213693967:261;2305843009213693973:3,Symbolica_default,cached_powers_Q,84,72,0.922,BalancedZippelSeparated
fire7_nb0_rank0564,Automatic,1,ok,2073.678,333,2,1,0,0,2305843009213693967:330;2305843009213693973:3,Symbolica_default,cached_powers_Q,125,28,0.945,BalancedZippelSeparated
fire7_nb0_rank0565,Automatic,1,ok,3177.281,438,2,1,0,0,2305843009213693967:435;2305843009213693973:3,Symbolica_default,cached_powers_Q,135,42,1.573,BalancedZippelSeparated
fire7_nb0_rank0566,Automatic,1,ok,1386.056,205,2,1,0,0,2305843009213693967:202;2305843009213693973:3,Symbolica_default,cached_powers_Q,72,84,1.240,BalancedZippelSeparated
fire7_nb0_rank0567,Automatic,1,ok,1506.406,183,2,1,0,0,2305843009213693967:180;2305843009213693973:3,Symbolica_default,cached_powers_Q,96,42,0.726,BalancedZippelSeparated
fire7_nb0_rank0568,Automatic,1,ok,1550.886,224,2,1,0,0,2305843009213693967:221;2305843009213693973:3,Symbolica_default,cached_powers_Q,115,25,0.749,BalancedZippelSeparated
fire7_nb0_rank0569,Automatic,1,ok,2136.268,328,2,1,0,0,2305843009213693967:325;2305843009213693973:3,Symbolica_default,cached_powers_Q,124,35,0.720,BalancedZippelSeparated
fire7_nb0_rank0570,Automatic,1,ok,1822.327,248,2,1,0,0,2305843009213693967:245;2305843009213693973:3,Symbolica_default,cached_powers_Q,101,48,1.297,BalancedZippelSeparated
fire7_nb0_rank0571,Automatic,1,ok,2015.327,252,2,1,0,0,2305843009213693967:249;2305843009213693973:3,Symbolica_default,cached_powers_Q,118,20,1.181,BalancedZippelSeparated
fire7_nb0_rank0572,Automatic,1,ok,1637.756,183,2,1,0,0,2305843009213693967:180;2305843009213693973:3,Symbolica_default,cached_powers_Q,104,35,0.845,BalancedZippelSeparated
fire7_nb0_rank0573,Automatic,1,ok,1767.957,213,2,1,0,0,2305843009213693967:210;2305843009213693973:3,Symbolica_default,cached_powers_Q,119,25,1.485,BalancedZippelSeparated
fire7_nb0_rank0574,Automatic,1,ok,1547.966,209,2,1,0,0,2305843009213693967:206;2305843009213693973:3,Symbolica_default,cached_powers_Q,76,65,0.636,BalancedZippelSeparated
fire7_nb0_rank0575,Automatic,1,ok,1445.015,209,2,1,0,0,2305843009213693967:206;2305843009213693973:3,Symbolica_default,cached_powers_Q,76,65,0.561,BalancedZippelSeparated
fire7_nb0_rank0576,Automatic,1,ok,1631.485,302,2,1,0,0,2305843009213693967:299;2305843009213693973:3,Symbolica_default,cached_powers_Q,120,28,0.899,BalancedZippelSeparated
fire7_nb0_rank0577,Automatic,1,ok,1431.645,204,2,1,0,0,2305843009213693967:201;2305843009213693973:3,Symbolica_default,cached_powers_Q,95,45,0.617,BalancedZippelSeparated
fire7_nb0_rank0578,Automatic,1,ok,1195.805,195,2,1,0,0,2305843009213693967:192;2305843009213693973:3,Symbolica_default,cached_powers_Q,115,25,0.971,BalancedZippelSeparated
fire7_nb0_rank0579,Automatic,1,ok,1989.548,258,2,1,0,0,2305843009213693967:255;2305843009213693973:3,Symbolica_default,cached_powers_Q,95,52,1.081,BalancedZippelSeparated
fire7_nb0_rank0580,Automatic,1,ok,2118.217,377,2,1,0,0,2305843009213693967:374;2305843009213693973:3,Symbolica_default,cached_powers_Q,100,60,0.658,BalancedZippelSeparated
fire7_nb0_rank0581,Automatic,1,ok,962.073,189,2,1,0,0,2305843009213693967:186;2305843009213693973:3,Symbolica_default,cached_powers_Q,85,60,0.844,BalancedZippelSeparated
fire7_nb0_rank0582,Automatic,1,ok,1493.615,210,2,1,0,0,2305843009213693967:207;2305843009213693973:3,Symbolica_default,cached_powers_Q,83,65,0.644,BalancedZippelSeparated
fire7_nb0_rank0583,Automatic,1,ok,2243.508,326,2,1,0,0,2305843009213693967:323;2305843009213693973:3,Symbolica_default,cached_powers_Q,120,28,1.241,BalancedZippelSeparated
fire7_nb0_rank0584,Automatic,1,ok,1522.416,250,2,1,0,0,2305843009213693967:247;2305843009213693973:3,Symbolica_default,cached_powers_Q,108,48,0.815,BalancedZippelSeparated
fire7_nb0_rank0585,Automatic,1,ok,1838.307,362,2,1,0,0,2305843009213693967:359;2305843009213693973:3,Symbolica_default,cached_powers_Q,95,60,0.724,BalancedZippelSeparated
fire7_nb0_rank0586,Automatic,1,ok,1395.065,253,2,1,0,0,2305843009213693967:250;2305843009213693973:3,Symbolica_default,cached_powers_Q,126,20,0.965,BalancedZippelSeparated
fire7_nb0_rank0587,Automatic,1,ok,1517.635,263,2,1,0,0,2305843009213693967:260;2305843009213693973:3,Symbolica_default,cached_powers_Q,89,68,0.753,BalancedZippelSeparated
fire7_nb0_rank0588,Automatic,1,ok,1792.807,315,2,1,0,0,2305843009213693967:312;2305843009213693973:3,Symbolica_default,cached_powers_Q,96,57,0.768,BalancedZippelSeparated
fire7_nb0_rank0589,Automatic,1,ok,2313.609,327,2,1,0,0,2305843009213693967:324;2305843009213693973:3,Symbolica_default,cached_powers_Q,119,28,1.301,BalancedZippelSeparated
fire7_nb0_rank0590,Automatic,1,ok,1805.866,299,2,1,0,0,2305843009213693967:296;2305843009213693973:3,Symbolica_default,cached_powers_Q,115,36,0.919,BalancedZippelSeparated
fire7_nb0_rank0591,Automatic,1,ok,1351.015,197,2,1,0,0,2305843009213693967:194;2305843009213693973:3,Symbolica_default,cached_powers_Q,92,45,0.605,BalancedZippelSeparated
fire7_nb0_rank0592,Automatic,1,ok,1962.287,221,2,1,0,0,2305843009213693967:218;2305843009213693973:3,Symbolica_default,cached_powers_Q,91,55,0.897,BalancedZippelSeparated
fire7_nb0_rank0593,Automatic,1,ok,1763.736,298,2,1,0,0,2305843009213693967:295;2305843009213693973:3,Symbolica_default,cached_powers_Q,107,45,0.763,BalancedZippelSeparated
fire7_nb0_rank0594,Automatic,1,ok,1289.964,187,2,1,0,0,2305843009213693967:184;2305843009213693973:3,Symbolica_default,cached_powers_Q,79,54,0.576,BalancedZippelSeparated
fire7_nb0_rank0595,Automatic,1,ok,1614.306,318,2,1,0,0,2305843009213693967:315;2305843009213693973:3,Symbolica_default,cached_powers_Q,116,28,0.980,BalancedZippelSeparated
fire7_nb0_rank0596,Automatic,1,ok,1642.817,213,2,1,0,0,2305843009213693967:210;2305843009213693973:3,Symbolica_default,cached_powers_Q,111,25,0.746,BalancedZippelSeparated
fire7_nb0_rank0597,Automatic,1,ok,2085.618,240,2,1,0,0,2305843009213693967:237;2305843009213693973:3,Symbolica_default,cached_powers_Q,124,20,1.079,BalancedZippelSeparated
fire7_nb0_rank0598,Automatic,1,ok,1357.774,212,2,1,0,0,2305843009213693967:209;2305843009213693973:3,Symbolica_default,cached_powers_Q,112,25,0.977,BalancedZippelSeparated
fire7_nb0_rank0599,Automatic,1,ok,1415.856,243,2,1,0,0,2305843009213693967:240;2305843009213693973:3,Symbolica_default,cached_powers_Q,97,48,0.735,BalancedZippelSeparated
fire7_nb0_rank0600,Automatic,1,ok,1070.194,172,2,1,0,0,2305843009213693967:169;2305843009213693973:3,Symbolica_default,cached_powers_Q,79,54,0.695,BalancedZippelSeparated
fire7_nb0_rank0601,Automatic,1,ok,2059.477,248,2,1,0,0,2305843009213693967:245;2305843009213693973:3,Symbolica_default,cached_powers_Q,72,76,1.012,BalancedZippelSeparated
fire7_nb0_rank0602,Automatic,1,ok,1400.355,242,2,1,0,0,2305843009213693967:239;2305843009213693973:3,Symbolica_default,cached_powers_Q,72,76,1.237,BalancedZippelSeparated
fire7_nb0_rank0603,Automatic,1,ok,1229.804,203,2,1,0,0,2305843009213693967:200;2305843009213693973:3,Symbolica_default,cached_powers_Q,76,60,0.684,BalancedZippelSeparated
fire7_nb0_rank0604,Automatic,1,ok,1731.517,303,2,1,0,0,2305843009213693967:300;2305843009213693973:3,Symbolica_default,cached_powers_Q,99,63,0.739,BalancedZippelSeparated
fire7_nb0_rank0605,Automatic,1,ok,1220.235,203,2,1,0,0,2305843009213693967:200;2305843009213693973:3,Symbolica_default,cached_powers_Q,76,60,0.710,BalancedZippelSeparated
fire7_nb0_rank0606,Automatic,1,ok,1481.565,187,2,1,0,0,2305843009213693967:184;2305843009213693973:3,Symbolica_default,cached_powers_Q,69,70,1.060,BalancedZippelSeparated
fire7_nb0_rank0607,Automatic,1,ok,1545.486,242,2,1,0,0,2305843009213693967:239;2305843009213693973:3,Symbolica_default,cached_powers_Q,101,45,0.732,BalancedZippelSeparated
fire7_nb0_rank0608,Automatic,1,ok,1350.395,225,2,1,0,0,2305843009213693967:222;2305843009213693973:3,Symbolica_default,cached_powers_Q,70,75,0.596,BalancedZippelSeparated
fire7_nb0_rank0609,Automatic,1,ok,2733.179,352,2,1,0,0,2305843009213693967:349;2305843009213693973:3,Symbolica_default,cached_powers_Q,90,60,0.864,BalancedZippelSeparated
fire7_nb0_rank0610,Automatic,1,ok,5251.149,317,2,1,0,0,2305843009213693967:314;2305843009213693973:3,Symbolica_default,cached_powers_Q,116,28,1.064,BalancedZippelSeparated
fire7_nb0_rank0611,Automatic,1,ok,1919.457,266,2,1,0,0,2305843009213693967:263;2305843009213693973:3,Symbolica_default,cached_powers_Q,102,36,1.064,BalancedZippelSeparated
fire7_nb0_rank0612,Automatic,1,ok,1043.293,207,2,1,0,0,2305843009213693967:204;2305843009213693973:3,Symbolica_default,cached_powers_Q,103,32,0.932,BalancedZippelSeparated
fire7_nb0_rank0613,Automatic,1,ok,1468.005,276,2,1,0,0,2305843009213693967:273;2305843009213693973:3,Symbolica_default,cached_powers_Q,114,27,0.718,BalancedZippelSeparated
fire7_nb0_rank0614,Automatic,1,ok,1248.734,184,2,1,0,0,2305843009213693967:181;2305843009213693973:3,Symbolica_default,cached_powers_Q,96,35,0.682,BalancedZippelSeparated
fire7_nb0_rank0615,Automatic,1,ok,1668.756,313,2,1,0,0,2305843009213693967:310;2305843009213693973:3,Symbolica_default,cached_powers_Q,114,36,0.936,BalancedZippelSeparated
fire7_nb0_rank0616,Automatic,1,ok,1648.436,198,2,1,0,0,2305843009213693967:195;2305843009213693973:3,Symbolica_default,cached_powers_Q,107,25,1.239,BalancedZippelSeparated
fire7_nb0_rank0617,Automatic,1,ok,1591.936,218,2,1,0,0,2305843009213693967:215;2305843009213693973:3,Symbolica_default,cached_powers_Q,70,75,1.045,BalancedZippelSeparated
fire7_nb0_rank0618,Automatic,1,ok,1882.156,250,2,1,0,0,2305843009213693967:247;2305843009213693973:3,Symbolica_default,cached_powers_Q,113,32,0.977,BalancedZippelSeparated
fire7_nb0_rank0619,Automatic,1,ok,1483.685,201,2,1,0,0,2305843009213693967:198;2305843009213693973:3,Symbolica_default,cached_powers_Q,90,48,1.036,BalancedZippelSeparated
fire7_nb0_rank0620,Automatic,1,ok,1829.186,230,2,1,0,0,2305843009213693967:227;2305843009213693973:3,Symbolica_default,cached_powers_Q,104,28,1.484,BalancedZippelSeparated
fire7_nb0_rank0621,Automatic,1,ok,2181.278,299,2,1,0,0,2305843009213693967:296;2305843009213693973:3,Symbolica_default,cached_powers_Q,110,33,1.011,BalancedZippelSeparated
fire7_nb0_rank0622,Automatic,1,ok,1643.026,263,2,1,0,0,2305843009213693967:260;2305843009213693973:3,Symbolica_default,cached_powers_Q,110,28,0.697,BalancedZippelSeparated
fire7_nb0_rank0623,Automatic,1,ok,1313.445,218,2,1,0,0,2305843009213693967:215;2305843009213693973:3,Symbolica_default,cached_powers_Q,70,75,0.762,BalancedZippelSeparated
fire7_nb0_rank0624,Automatic,1,ok,1451.775,205,2,1,0,0,2305843009213693967:202;2305843009213693973:3,Symbolica_default,cached_powers_Q,98,35,0.764,BalancedZippelSeparated
fire7_nb0_rank0625,Automatic,1,ok,1684.906,210,2,1,0,0,2305843009213693967:207;2305843009213693973:3,Symbolica_default,cached_powers_Q,109,20,1.165,BalancedZippelSeparated
fire7_nb0_rank0626,Automatic,1,ok,2383.139,366,2,1,0,0,2305843009213693967:363;2305843009213693973:3,Symbolica_default,cached_powers_Q,105,36,1.418,BalancedZippelSeparated
fire7_nb0_rank0627,Automatic,1,ok,1649.656,257,2,1,0,0,2305843009213693967:254;2305843009213693973:3,Symbolica_default,cached_powers_Q,102,27,0.628,BalancedZippelSeparated
fire7_nb0_rank0628,Automatic,1,ok,1334.905,223,2,1,0,0,2305843009213693967:220;2305843009213693973:3,Symbolica_default,cached_powers_Q,99,28,1.006,BalancedZippelSeparated
fire7_nb0_rank0629,Automatic,1,ok,1462.326,240,2,1,0,0,2305843009213693967:237;2305843009213693973:3,Symbolica_default,cached_powers_Q,84,56,0.582,BalancedZippelSeparated
fire7_nb0_rank0630,Automatic,1,ok,1740.646,231,2,1,0,0,2305843009213693967:228;2305843009213693973:3,Symbolica_default,cached_powers_Q,84,56,0.641,BalancedZippelSeparated
fire7_nb0_rank0631,Automatic,1,ok,20559.575,281,2,1,0,0,2305843009213693967:278;2305843009213693973:3,Symbolica_default,cached_powers_Q,90,45,1.045,BalancedZippelSeparated
fire7_nb0_rank0632,Automatic,1,ok,1548.155,265,2,1,0,0,2305843009213693967:262;2305843009213693973:3,Symbolica_default,cached_powers_Q,110,28,0.880,BalancedZippelSeparated
fire7_nb0_rank0633,Automatic,1,ok,1605.136,254,2,1,0,0,2305843009213693967:251;2305843009213693973:3,Symbolica_default,cached_powers_Q,115,20,0.841,BalancedZippelSeparated
fire7_nb0_rank0634,Automatic,1,ok,1949.797,218,2,1,0,0,2305843009213693967:215;2305843009213693973:3,Symbolica_default,cached_powers_Q,108,25,1.106,BalancedZippelSeparated
fire7_nb0_rank0635,Automatic,1,ok,2066.657,335,2,1,0,0,2305843009213693967:332;2305843009213693973:3,Symbolica_default,cached_powers_Q,90,54,1.078,BalancedZippelSeparated
fire7_nb0_rank0636,Automatic,1,ok,2103.568,318,2,1,0,0,2305843009213693967:315;2305843009213693973:3,Symbolica_default,cached_powers_Q,90,54,1.166,BalancedZippelSeparated
fire7_nb0_rank0637,Automatic,1,ok,1448.045,260,2,1,0,0,2305843009213693967:257;2305843009213693973:3,Symbolica_default,cached_powers_Q,84,56,0.708,BalancedZippelSeparated
fire7_nb0_rank0638,Automatic,1,ok,1347.014,191,2,1,0,0,2305843009213693967:188;2305843009213693973:3,Symbolica_default,cached_powers_Q,49,90,1.239,BalancedZippelSeparated
fire7_nb0_rank0639,Automatic,1,ok,1750.756,220,2,1,0,0,2305843009213693967:217;2305843009213693973:3,Symbolica_default,cached_powers_Q,108,27,1.021,BalancedZippelSeparated
fire7_nb0_rank0640,Automatic,1,ok,1278.415,179,2,1,0,0,2305843009213693967:176;2305843009213693973:3,Symbolica_default,cached_powers_Q,96,25,0.851,BalancedZippelSeparated
fire7_nb0_rank0641,Automatic,1,ok,1594.225,211,2,1,0,0,2305843009213693967:208;2305843009213693973:3,Symbolica_default,cached_powers_Q,102,28,1.492,BalancedZippelSeparated
fire7_nb0_rank0642,Automatic,1,ok,1635.616,218,2,1,0,0,2305843009213693967:215;2305843009213693973:3,Symbolica_default,cached_powers_Q,102,36,1.060,BalancedZippelSeparated
fire7_nb0_rank0643,Automatic,1,ok,2032.317,335,2,1,0,0,2305843009213693967:332;2305843009213693973:3,Symbolica_default,cached_powers_Q,90,54,0.614,BalancedZippelSeparated
fire7_nb0_rank0644,Automatic,1,ok,1270.164,198,2,1,0,0,2305843009213693967:195;2305843009213693973:3,Symbolica_default,cached_powers_Q,84,52,0.793,BalancedZippelSeparated
fire7_nb0_rank0645,Automatic,1,ok,1597.746,186,2,1,0,0,2305843009213693967:183;2305843009213693973:3,Symbolica_default,cached_powers_Q,102,20,1.306,BalancedZippelSeparated
fire7_nb0_rank0646,Automatic,1,ok,22575.072,231,2,1,0,0,2305843009213693967:228;2305843009213693973:3,Symbolica_default,cached_powers_Q,84,56,0.804,BalancedZippelSeparated
fire7_nb0_rank0647,Automatic,1,ok,1467.295,194,2,1,0,0,2305843009213693967:191;2305843009213693973:3,Symbolica_default,cached_powers_Q,98,35,0.778,BalancedZippelSeparated
fire7_nb0_rank0648,Automatic,1,ok,24798.960,354,2,1,0,0,2305843009213693967:351;2305843009213693973:3,Symbolica_default,cached_powers_Q,108,42,1.187,BalancedZippelSeparated
fire7_nb0_rank0649,Automatic,1,ok,1500.415,209,2,1,0,0,2305843009213693967:206;2305843009213693973:3,Symbolica_default,cached_powers_Q,98,28,1.513,BalancedZippelSeparated
fire7_nb0_rank0650,Automatic,1,ok,17961.505,184,2,1,0,0,2305843009213693967:181;2305843009213693973:3,Symbolica_default,cached_powers_Q,91,36,0.767,BalancedZippelSeparated
fire7_nb0_rank0651,Automatic,1,ok,17802.055,201,2,1,0,0,2305843009213693967:198;2305843009213693973:3,Symbolica_default,cached_powers_Q,83,45,1.254,BalancedZippelSeparated
fire7_nb0_rank0652,Automatic,1,ok,23625.016,239,2,1,0,0,2305843009213693967:236;2305843009213693973:3,Symbolica_default,cached_powers_Q,93,39,1.100,BalancedZippelSeparated
fire7_nb0_rank0653,Automatic,1,ok,14723.233,155,2,1,0,0,2305843009213693967:152;2305843009213693973:3,Symbolica_default,cached_powers_Q,89,30,0.890,BalancedZippelSeparated
fire7_nb0_rank0654,Automatic,1,ok,14740.953,167,2,1,0,0,2305843009213693967:164;2305843009213693973:3,Symbolica_default,cached_powers_Q,89,30,0.910,BalancedZippelSeparated
fire7_nb0_rank0655,Automatic,1,ok,22880.793,248,2,1,0,0,2305843009213693967:245;2305843009213693973:3,Symbolica_default,cached_powers_Q,95,35,1.198,BalancedZippelSeparated
fire7_nb0_rank0656,Automatic,1,ok,14743.243,171,2,1,0,0,2305843009213693967:168;2305843009213693973:3,Symbolica_default,cached_powers_Q,91,35,1.076,BalancedZippelSeparated
fire7_nb0_rank0657,Automatic,1,ok,20325.014,260,2,1,0,0,2305843009213693967:257;2305843009213693973:3,Symbolica_default,cached_powers_Q,83,56,0.636,BalancedZippelSeparated
fire7_nb0_rank0658,Automatic,1,ok,1261.904,175,2,1,0,0,2305843009213693967:172;2305843009213693973:3,Symbolica_default,cached_powers_Q,84,40,0.632,BalancedZippelSeparated
fire7_nb0_rank0659,Automatic,1,ok,975.443,157,2,1,0,0,2305843009213693967:154;2305843009213693973:3,Symbolica_default,cached_powers_Q,72,50,0.787,BalancedZippelSeparated
fire7_nb0_rank0660,Automatic,1,ok,20654.585,210,2,1,0,0,2305843009213693967:207;2305843009213693973:3,Symbolica_default,cached_powers_Q,107,28,0.933,BalancedZippelSeparated
fire7_nb0_rank0661,Automatic,1,ok,15629.887,194,2,1,0,0,2305843009213693967:191;2305843009213693973:3,Symbolica_default,cached_powers_Q,88,35,0.898,BalancedZippelSeparated
fire7_nb0_rank0662,Automatic,1,ok,1142.924,198,2,1,0,0,2305843009213693967:195;2305843009213693973:3,Symbolica_default,cached_powers_Q,90,36,0.763,BalancedZippelSeparated
fire7_nb0_rank0663,Automatic,1,ok,1217.805,224,2,1,0,0,2305843009213693967:221;2305843009213693973:3,Symbolica_default,cached_powers_Q,90,45,0.796,BalancedZippelSeparated
fire7_nb0_rank0664,Automatic,1,ok,16374.769,272,2,1,0,0,2305843009213693967:269;2305843009213693973:3,Symbolica_default,cached_powers_Q,90,51,0.675,BalancedZippelSeparated
fire7_nb0_rank0665,Automatic,1,ok,15065.505,229,2,1,0,0,2305843009213693967:226;2305843009213693973:3,Symbolica_default,cached_powers_Q,100,36,0.778,BalancedZippelSeparated
fire7_nb0_rank0666,Automatic,1,ok,15839.428,186,2,1,0,0,2305843009213693967:183;2305843009213693973:3,Symbolica_default,cached_powers_Q,91,35,0.964,BalancedZippelSeparated
fire7_nb0_rank0667,Automatic,1,ok,15199.695,257,2,1,0,0,2305843009213693967:254;2305843009213693973:3,Symbolica_default,cached_powers_Q,90,44,0.788,BalancedZippelSeparated
fire7_nb0_rank0668,Automatic,1,ok,20302.094,234,2,1,0,0,2305843009213693967:231;2305843009213693973:3,Symbolica_default,cached_powers_Q,102,27,0.783,BalancedZippelSeparated
fire7_nb0_rank0669,Automatic,1,ok,1219.274,171,2,1,0,0,2305843009213693967:168;2305843009213693973:3,Symbolica_default,cached_powers_Q,36,90,0.816,BalancedZippelSeparated
fire7_nb0_rank0670,Automatic,1,ok,1294.315,211,2,1,0,0,2305843009213693967:208;2305843009213693973:3,Symbolica_default,cached_powers_Q,77,48,0.566,BalancedZippelSeparated
fire7_nb0_rank0671,Automatic,1,ok,1563.555,221,2,1,0,0,2305843009213693967:218;2305843009213693973:3,Symbolica_default,cached_powers_Q,109,20,0.867,BalancedZippelSeparated
fire7_nb0_rank0672,Automatic,1,ok,1185.504,191,2,1,0,0,2305843009213693967:188;2305843009213693973:3,Symbolica_default,cached_powers_Q,98,25,0.849,BalancedZippelSeparated
fire7_nb0_rank0673,Automatic,1,ok,1268.705,190,2,1,0,0,2305843009213693967:187;2305843009213693973:3,Symbolica_default,cached_powers_Q,84,36,0.586,BalancedZippelSeparated
fire7_nb0_rank0674,Automatic,1,ok,1785.736,306,2,1,0,0,2305843009213693967:303;2305843009213693973:3,Symbolica_default,cached_powers_Q,91,51,0.779,BalancedZippelSeparated
fire7_nb0_rank0675,Automatic,1,ok,1546.975,235,2,1,0,0,2305843009213693967:232;2305843009213693973:3,Symbolica_default,cached_powers_Q,110,20,0.857,BalancedZippelSeparated
fire7_nb0_rank0676,Automatic,1,ok,1431.015,199,2,1,0,0,2305843009213693967:196;2305843009213693973:3,Symbolica_default,cached_powers_Q,96,27,0.906,BalancedZippelSeparated
fire7_nb0_rank0677,Automatic,1,ok,1018.434,185,2,1,0,0,2305843009213693967:182;2305843009213693973:3,Symbolica_default,cached_powers_Q,98,30,0.700,BalancedZippelSeparated
fire7_nb0_rank0678,Automatic,1,ok,1310.845,227,2,1,0,0,2305843009213693967:224;2305843009213693973:3,Symbolica_default,cached_powers_Q,95,32,0.590,BalancedZippelSeparated
fire7_nb0_rank0679,Automatic,1,ok,1434.656,196,2,1,0,0,2305843009213693967:193;2305843009213693973:3,Symbolica_default,cached_powers_Q,84,45,0.594,BalancedZippelSeparated
fire7_nb0_rank0680,Automatic,1,ok,1449.635,251,2,1,0,0,2305843009213693967:248;2305843009213693973:3,Symbolica_default,cached_powers_Q,86,44,0.767,BalancedZippelSeparated
fire7_nb0_rank0681,Automatic,1,ok,1332.405,201,2,1,0,0,2305843009213693967:198;2305843009213693973:3,Symbolica_default,cached_powers_Q,84,45,0.706,BalancedZippelSeparated
fire7_nb0_rank0682,Automatic,1,ok,1340.795,197,2,1,0,0,2305843009213693967:194;2305843009213693973:3,Symbolica_default,cached_powers_Q,92,25,0.766,BalancedZippelSeparated
fire7_nb0_rank0683,Automatic,1,ok,7891.788,177,2,1,0,0,2305843009213693967:174;2305843009213693973:3,Symbolica_default,cached_powers_Q,92,25,0.703,BalancedZippelSeparated
fire7_nb0_rank0684,Automatic,1,ok,1223.834,163,2,1,0,0,2305843009213693967:160;2305843009213693973:3,Symbolica_default,cached_powers_Q,77,40,0.612,BalancedZippelSeparated
fire7_nb0_rank0685,Automatic,1,ok,20553.914,254,2,1,0,0,2305843009213693967:251;2305843009213693973:3,Symbolica_default,cached_powers_Q,88,52,0.768,BalancedZippelSeparated
fire7_nb0_rank0686,Automatic,1,ok,15435.096,247,2,1,0,0,2305843009213693967:244;2305843009213693973:3,Symbolica_default,cached_powers_Q,90,51,0.656,BalancedZippelSeparated
fire7_nb0_rank0687,Automatic,1,ok,24905.130,229,2,1,0,0,2305843009213693967:226;2305843009213693973:3,Symbolica_default,cached_powers_Q,84,42,0.741,BalancedZippelSeparated
fire7_nb0_rank0688,Automatic,1,ok,15958.748,229,2,1,0,0,2305843009213693967:226;2305843009213693973:3,Symbolica_default,cached_powers_Q,84,42,0.729,BalancedZippelSeparated
fire7_nb0_rank0689,Automatic,1,ok,5402.310,195,2,1,0,0,2305843009213693967:192;2305843009213693973:3,Symbolica_default,cached_powers_Q,106,20,0.719,BalancedZippelSeparated
fire7_nb0_rank0690,Automatic,1,ok,1236.335,217,2,1,0,0,2305843009213693967:214;2305843009213693973:3,Symbolica_default,cached_powers_Q,75,52,0.798,BalancedZippelSeparated
fire7_nb0_rank0691,Automatic,1,ok,21376.718,208,2,1,0,0,2305843009213693967:205;2305843009213693973:3,Symbolica_default,cached_powers_Q,81,60,0.640,BalancedZippelSeparated
fire7_nb0_rank0692,Automatic,1,ok,15798.947,187,2,1,0,0,2305843009213693967:184;2305843009213693973:3,Symbolica_default,cached_powers_Q,88,35,0.891,BalancedZippelSeparated
fire7_nb0_rank0693,Automatic,1,ok,18259.217,305,2,1,0,0,2305843009213693967:302;2305843009213693973:3,Symbolica_default,cached_powers_Q,85,54,0.804,BalancedZippelSeparated
fire7_nb0_rank0694,Automatic,1,ok,1115.424,176,2,1,0,0,2305843009213693967:173;2305843009213693973:3,Symbolica_default,cached_powers_Q,84,36,0.575,BalancedZippelSeparated
fire7_nb0_rank0695,Automatic,1,ok,1201.855,167,2,1,0,0,2305843009213693967:164;2305843009213693973:3,Symbolica_default,cached_powers_Q,32,90,0.889,BalancedZippelSeparated
fire7_nb0_rank0696,Automatic,1,ok,15012.535,234,2,1,0,0,2305843009213693967:231;2305843009213693973:3,Symbolica_default,cached_powers_Q,95,32,0.776,BalancedZippelSeparated
fire7_nb0_rank0697,Automatic,1,ok,15244.965,196,2,1,0,0,2305843009213693967:193;2305843009213693973:3,Symbolica_default,cached_powers_Q,84,45,0.743,BalancedZippelSeparated
fire7_nb0_rank0698,Automatic,1,ok,5877.762,187,2,1,0,0,2305843009213693967:184;2305843009213693973:3,Symbolica_default,cached_powers_Q,84,35,0.910,BalancedZippelSeparated
fire7_nb0_rank0699,Automatic,1,ok,1617.026,234,2,1,0,0,2305843009213693967:231;2305843009213693973:3,Symbolica_default,cached_powers_Q,102,15,0.651,BalancedZippelSeparated
fire7_nb0_rank0700,Automatic,1,ok,1163.094,203,2,1,0,0,2305843009213693967:200;2305843009213693973:3,Symbolica_default,cached_powers_Q,101,27,0.762,BalancedZippelSeparated
fire7_nb0_rank0701,Automatic,1,ok,925.144,186,2,1,0,0,2305843009213693967:183;2305843009213693973:3,Symbolica_default,cached_powers_Q,90,32,0.576,BalancedZippelSeparated
fire7_nb0_rank0702,Automatic,1,ok,1752.527,266,2,1,0,0,2305843009213693967:263;2305843009213693973:3,Symbolica_default,cached_powers_Q,85,51,0.630,BalancedZippelSeparated
fire7_nb0_rank0703,Automatic,1,ok,976.924,153,2,1,0,0,2305843009213693967:150;2305843009213693973:3,Symbolica_default,cached_powers_Q,72,45,0.719,BalancedZippelSeparated
fire7_nb0_rank0704,Automatic,1,ok,1238.834,198,2,1,0,0,2305843009213693967:195;2305843009213693973:3,Symbolica_default,cached_powers_Q,102,15,0.776,BalancedZippelSeparated
fire7_nb0_rank0705,Automatic,1,ok,1393.725,233,2,1,0,0,2305843009213693967:230;2305843009213693973:3,Symbolica_default,cached_powers_Q,95,32,0.749,BalancedZippelSeparated
fire7_nb0_rank0706,Automatic,1,ok,1169.345,203,2,1,0,0,2305843009213693967:200;2305843009213693973:3,Symbolica_default,cached_powers_Q,84,40,0.656,BalancedZippelSeparated
fire7_nb0_rank0707,Automatic,1,ok,1154.944,216,2,1,0,0,2305843009213693967:213;2305843009213693973:3,Symbolica_default,cached_powers_Q,72,52,0.644,BalancedZippelSeparated
fire7_nb0_rank0708,Automatic,1,ok,1174.675,185,2,1,0,0,2305843009213693967:182;2305843009213693973:3,Symbolica_default,cached_powers_Q,63,60,0.532,BalancedZippelSeparated
fire7_nb0_rank0709,Automatic,1,ok,1471.515,231,2,1,0,0,2305843009213693967:228;2305843009213693973:3,Symbolica_default,cached_powers_Q,78,45,0.551,BalancedZippelSeparated
fire7_nb0_rank0710,Automatic,1,ok,1288.755,161,2,1,0,0,2305843009213693967:158;2305843009213693973:3,Symbolica_default,cached_powers_Q,36,84,0.734,BalancedZippelSeparated
fire7_nb0_rank0711,Automatic,1,ok,27000.188,225,2,1,0,0,2305843009213693967:222;2305843009213693973:3,Symbolica_default,cached_powers_Q,83,48,0.811,BalancedZippelSeparated
fire7_nb0_rank0712,Automatic,1,ok,32218.967,168,2,1,0,0,2305843009213693967:165;2305843009213693973:3,Symbolica_default,cached_powers_Q,88,21,0.593,BalancedZippelSeparated
fire7_nb0_rank0713,Automatic,1,ok,15468.526,243,2,1,0,0,2305843009213693967:240;2305843009213693973:3,Symbolica_default,cached_powers_Q,90,48,0.806,BalancedZippelSeparated
fire7_nb0_rank0714,Automatic,1,ok,1106.084,180,2,1,0,0,2305843009213693967:177;2305843009213693973:3,Symbolica_default,cached_powers_Q,42,90,0.743,BalancedZippelSeparated
fire7_nb0_rank0715,Automatic,1,ok,4863.047,214,2,1,0,0,2305843009213693967:211;2305843009213693973:3,Symbolica_default,cached_powers_Q,112,12,0.725,BalancedZippelSeparated
fire7_nb0_rank0716,Automatic,1,ok,5346.799,166,2,1,0,0,2305843009213693967:163;2305843009213693973:3,Symbolica_default,cached_powers_Q,96,24,0.750,BalancedZippelSeparated
fire7_nb0_rank0717,Automatic,1,ok,988.694,148,2,1,0,0,2305843009213693967:145;2305843009213693973:3,Symbolica_default,cached_powers_Q,72,45,0.604,BalancedZippelSeparated
fire7_nb0_rank0718,Automatic,1,ok,17475.614,276,2,1,0,0,2305843009213693967:273;2305843009213693973:3,Symbolica_default,cached_powers_Q,94,36,0.773,BalancedZippelSeparated
fire7_nb0_rank0719,Automatic,1,ok,16065.858,178,2,1,0,0,2305843009213693967:175;2305843009213693973:3,Symbolica_default,cached_powers_Q,84,44,0.750,BalancedZippelSeparated
fire7_nb0_rank0720,Automatic,1,ok,15266.775,194,2,1,0,0,2305843009213693967:191;2305843009213693973:3,Symbolica_default,cached_powers_Q,95,27,0.589,BalancedZippelSeparated
fire7_nb0_rank0721,Automatic,1,ok,22155.110,151,2,1,0,0,2305843009213693967:148;2305843009213693973:3,Symbolica_default,cached_powers_Q,79,30,0.659,BalancedZippelSeparated
fire7_nb0_rank0722,Automatic,1,ok,940.273,148,2,1,0,0,2305843009213693967:145;2305843009213693973:3,Symbolica_default,cached_powers_Q,69,45,0.562,BalancedZippelSeparated
fire7_nb0_rank0723,Automatic,1,ok,15291.985,180,2,1,0,0,2305843009213693967:177;2305843009213693973:3,Symbolica_default,cached_powers_Q,91,25,0.840,BalancedZippelSeparated
fire7_nb0_rank0724,Automatic,1,ok,21985.349,235,2,1,0,0,2305843009213693967:232;2305843009213693973:3,Symbolica_default,cached_powers_Q,95,25,0.850,BalancedZippelSeparated
fire7_nb0_rank0725,Automatic,1,ok,926.763,151,2,1,0,0,2305843009213693967:148;2305843009213693973:3,Symbolica_default,cached_powers_Q,64,48,0.729,BalancedZippelSeparated
fire7_nb0_rank0726,Automatic,1,ok,947.413,148,2,1,0,0,2305843009213693967:145;2305843009213693973:3,Symbolica_default,cached_powers_Q,69,45,0.734,BalancedZippelSeparated
fire7_nb0_rank0727,Automatic,1,ok,1149.035,187,2,1,0,0,2305843009213693967:184;2305843009213693973:3,Symbolica_default,cached_powers_Q,65,52,0.757,BalancedZippelSeparated
fire7_nb0_rank0728,Automatic,1,ok,16282.259,154,2,1,0,0,2305843009213693967:151;2305843009213693973:3,Symbolica_default,cached_powers_Q,79,30,0.855,BalancedZippelSeparated
fire7_nb0_rank0729,Automatic,1,ok,1154.774,168,2,1,0,0,2305843009213693967:165;2305843009213693973:3,Symbolica_default,cached_powers_Q,84,25,0.903,BalancedZippelSeparated
fire7_nb0_rank0730,Automatic,1,ok,1165.075,185,2,1,0,0,2305843009213693967:182;2305843009213693973:3,Symbolica_default,cached_powers_Q,98,24,0.810,BalancedZippelSeparated
fire7_nb0_rank0731,Automatic,1,ok,952.354,143,2,1,0,0,2305843009213693967:140;2305843009213693973:3,Symbolica_default,cached_powers_Q,69,45,0.735,BalancedZippelSeparated
fire7_nb0_rank0732,Automatic,1,ok,1137.284,187,2,1,0,0,2305843009213693967:184;2305843009213693973:3,Symbolica_default,cached_powers_Q,48,75,0.732,BalancedZippelSeparated
fire7_nb0_rank0733,Automatic,1,ok,1138.534,157,2,1,0,0,2305843009213693967:154;2305843009213693973:3,Symbolica_default,cached_powers_Q,32,84,0.890,BalancedZippelSeparated
fire7_nb0_rank0734,Automatic,1,ok,16830.861,182,2,1,0,0,2305843009213693967:179;2305843009213693973:3,Symbolica_default,cached_powers_Q,96,21,0.908,BalancedZippelSeparated
fire7_nb0_rank0735,Automatic,1,ok,1221.625,224,2,1,0,0,2305843009213693967:221;2305843009213693973:3,Symbolica_default,cached_powers_Q,90,36,0.763,BalancedZippelSeparated
fire7_nb0_rank0736,Automatic,1,ok,1372.275,204,2,1,0,0,2305843009213693967:201;2305843009213693973:3,Symbolica_default,cached_powers_Q,70,48,0.542,BalancedZippelSeparated
fire7_nb0_rank0737,Automatic,1,ok,18328.927,250,2,1,0,0,2305843009213693967:247;2305843009213693973:3,Symbolica_default,cached_powers_Q,100,20,0.817,BalancedZippelSeparated
fire7_nb0_rank0738,Automatic,1,ok,946.713,151,2,1,0,0,2305843009213693967:148;2305843009213693973:3,Symbolica_default,cached_powers_Q,63,48,0.700,BalancedZippelSeparated
fire7_nb0_rank0739,Automatic,1,ok,1221.345,184,2,1,0,0,2305843009213693967:181;2305843009213693973:3,Symbolica_default,cached_powers_Q,97,20,0.766,BalancedZippelSeparated
fire7_nb0_rank0740,Automatic,1,ok,1078.704,165,2,1,0,0,2305843009213693967:162;2305843009213693973:3,Symbolica_default,cached_powers_Q,62,60,0.741,BalancedZippelSeparated
fire7_nb0_rank0741,Automatic,1,ok,1097.114,168,2,1,0,0,2305843009213693967:165;2305843009213693973:3,Symbolica_default,cached_powers_Q,72,45,0.678,BalancedZippelSeparated
fire7_nb0_rank0742,Automatic,1,ok,1070.173,179,2,1,0,0,2305843009213693967:176;2305843009213693973:3,Symbolica_default,cached_powers_Q,62,60,0.750,BalancedZippelSeparated
fire7_nb0_rank0743,Automatic,1,ok,17227.673,320,2,1,0,0,2305843009213693967:317;2305843009213693973:3,Symbolica_default,cached_powers_Q,100,34,0.814,BalancedZippelSeparated
fire7_nb0_rank0744,Automatic,1,ok,18381.686,293,2,1,0,0,2305843009213693967:290;2305843009213693973:3,Symbolica_default,cached_powers_Q,95,28,0.869,BalancedZippelSeparated
fire7_nb0_rank0745,Automatic,1,ok,18338.777,300,2,1,0,0,2305843009213693967:297;2305843009213693973:3,Symbolica_default,cached_powers_Q,69,60,0.772,BalancedZippelSeparated
fire7_nb0_rank0746,Automatic,1,ok,1153.004,204,2,1,0,0,2305843009213693967:201;2305843009213693973:3,Symbolica_default,cached_powers_Q,72,48,0.748,BalancedZippelSeparated
fire7_nb0_rank0747,Automatic,1,ok,1207.474,202,2,1,0,0,2305843009213693967:199;2305843009213693973:3,Symbolica_default,cached_powers_Q,66,52,0.766,BalancedZippelSeparated
fire7_nb0_rank0748,Automatic,1,ok,1176.194,204,2,1,0,0,2305843009213693967:201;2305843009213693973:3,Symbolica_default,cached_powers_Q,72,48,0.759,BalancedZippelSeparated
fire7_nb0_rank0749,Automatic,1,ok,1336.275,204,2,1,0,0,2305843009213693967:201;2305843009213693973:3,Symbolica_default,cached_powers_Q,72,48,0.552,BalancedZippelSeparated
fire7_nb0_rank0750,Automatic,1,ok,23261.625,249,2,1,0,0,2305843009213693967:246;2305843009213693973:3,Symbolica_default,cached_powers_Q,100,20,0.855,BalancedZippelSeparated
fire7_nb0_rank0751,Automatic,1,ok,20327.814,243,2,1,0,0,2305843009213693967:240;2305843009213693973:3,Symbolica_default,cached_powers_Q,70,56,0.577,BalancedZippelSeparated
fire7_nb0_rank0752,Automatic,1,ok,1499.355,200,2,1,0,0,2305843009213693967:197;2305843009213693973:3,Symbolica_default,cached_powers_Q,66,52,0.901,BalancedZippelSeparated
fire7_nb0_rank0753,Automatic,1,ok,1469.016,212,2,1,0,0,2305843009213693967:209;2305843009213693973:3,Symbolica_default,cached_powers_Q,89,28,0.672,BalancedZippelSeparated
fire7_nb0_rank0754,Automatic,1,ok,1126.924,177,2,1,0,0,2305843009213693967:174;2305843009213693973:3,Symbolica_default,cached_powers_Q,63,60,0.765,BalancedZippelSeparated
fire7_nb0_rank0755,Automatic,1,ok,1163.195,147,2,1,0,0,2305843009213693967:144;2305843009213693973:3,Symbolica_default,cached_powers_Q,64,42,1.058,BalancedZippelSeparated
fire7_nb0_rank0756,Automatic,1,ok,1206.214,201,2,1,0,0,2305843009213693967:198;2305843009213693973:3,Symbolica_default,cached_powers_Q,78,39,0.708,BalancedZippelSeparated
fire7_nb0_rank0757,Automatic,1,ok,1096.934,179,2,1,0,0,2305843009213693967:176;2305843009213693973:3,Symbolica_default,cached_powers_Q,63,48,0.683,BalancedZippelSeparated
fire7_nb0_rank0758,Automatic,1,ok,1243.985,169,2,1,0,0,2305843009213693967:166;2305843009213693973:3,Symbolica_default,cached_powers_Q,77,30,0.990,BalancedZippelSeparated
fire7_nb0_rank0759,Automatic,1,ok,17333.383,164,2,1,0,0,2305843009213693967:161;2305843009213693973:3,Symbolica_default,cached_powers_Q,81,28,1.074,BalancedZippelSeparated
fire7_nb0_rank0760,Automatic,1,ok,1130.204,179,2,1,0,0,2305843009213693967:176;2305843009213693973:3,Symbolica_default,cached_powers_Q,63,48,0.525,BalancedZippelSeparated
fire7_nb0_rank0761,Automatic,1,ok,1314.744,203,2,1,0,0,2305843009213693967:200;2305843009213693973:3,Symbolica_default,cached_powers_Q,78,39,0.549,BalancedZippelSeparated
fire7_nb0_rank0762,Automatic,1,ok,1565.396,187,2,1,0,0,2305843009213693967:184;2305843009213693973:3,Symbolica_default,cached_powers_Q,66,48,0.741,BalancedZippelSeparated
fire7_nb0_rank0763,Automatic,1,ok,1381.365,157,2,1,0,0,2305843009213693967:154;2305843009213693973:3,Symbolica_default,cached_powers_Q,63,54,1.178,BalancedZippelSeparated
fire7_nb0_rank0764,Automatic,1,ok,1407.425,201,2,1,0,0,2305843009213693967:198;2305843009213693973:3,Symbolica_default,cached_powers_Q,102,12,0.616,BalancedZippelSeparated
fire7_nb0_rank0765,Automatic,1,ok,1139.504,186,2,1,0,0,2305843009213693967:183;2305843009213693973:3,Symbolica_default,cached_powers_Q,48,75,0.771,BalancedZippelSeparated
fire7_nb0_rank0766,Automatic,1,ok,1248.225,195,2,1,0,0,2305843009213693967:192;2305843009213693973:3,Symbolica_default,cached_powers_Q,66,48,0.988,BalancedZippelSeparated
fire7_nb0_rank0767,Automatic,1,ok,1202.514,202,2,1,0,0,2305843009213693967:199;2305843009213693973:3,Symbolica_default,cached_powers_Q,66,52,0.741,BalancedZippelSeparated
fire7_nb0_rank0768,Automatic,1,ok,1139.094,184,2,1,0,0,2305843009213693967:181;2305843009213693973:3,Symbolica_default,cached_powers_Q,100,12,0.776,BalancedZippelSeparated
fire7_nb0_rank0769,Automatic,1,ok,19056.149,169,2,1,0,0,2305843009213693967:166;2305843009213693973:3,Symbolica_default,cached_powers_Q,84,28,1.405,BalancedZippelSeparated
fire7_nb0_rank0770,Automatic,1,ok,16579.760,232,2,1,0,0,2305843009213693967:229;2305843009213693973:3,Symbolica_default,cached_powers_Q,65,56,0.581,BalancedZippelSeparated
fire7_nb0_rank0771,Automatic,1,ok,15304.706,201,2,1,0,0,2305843009213693967:198;2305843009213693973:3,Symbolica_default,cached_powers_Q,84,36,0.725,BalancedZippelSeparated
fire7_nb0_rank0772,Automatic,1,ok,975.184,137,2,1,0,0,2305843009213693967:134;2305843009213693973:3,Symbolica_default,cached_powers_Q,70,35,0.822,BalancedZippelSeparated
fire7_nb0_rank0773,Automatic,1,ok,1292.964,182,2,1,0,0,2305843009213693967:179;2305843009213693973:3,Symbolica_default,cached_powers_Q,78,32,0.974,BalancedZippelSeparated
fire7_nb0_rank0774,Automatic,1,ok,1085.624,196,2,1,0,0,2305843009213693967:193;2305843009213693973:3,Symbolica_default,cached_powers_Q,80,32,0.743,BalancedZippelSeparated
fire7_nb0_rank0775,Automatic,1,ok,1184.254,154,2,1,0,0,2305843009213693967:151;2305843009213693973:3,Symbolica_default,cached_powers_Q,54,60,0.953,BalancedZippelSeparated
fire7_nb0_rank0776,Automatic,1,ok,16694.571,337,2,1,0,0,2305843009213693967:334;2305843009213693973:3,Symbolica_default,cached_powers_Q,95,34,0.857,BalancedZippelSeparated
fire7_nb0_rank0777,Automatic,1,ok,1358.764,212,2,1,0,0,2305843009213693967:209;2305843009213693973:3,Symbolica_default,cached_powers_Q,60,60,0.551,BalancedZippelSeparated
fire7_nb0_rank0778,Automatic,1,ok,1268.915,226,2,1,0,0,2305843009213693967:223;2305843009213693973:3,Symbolica_default,cached_powers_Q,84,36,0.868,BalancedZippelSeparated
fire7_nb0_rank0779,Automatic,1,ok,28030.482,166,2,1,0,0,2305843009213693967:163;2305843009213693973:3,Symbolica_default,cached_powers_Q,84,20,1.084,BalancedZippelSeparated
fire7_nb0_rank0780,Automatic,1,ok,1592.165,215,2,1,0,0,2305843009213693967:212;2305843009213693973:3,Symbolica_default,cached_powers_Q,95,20,1.128,BalancedZippelSeparated
fire7_nb0_rank0781,Automatic,1,ok,14688.893,163,2,1,0,0,2305843009213693967:160;2305843009213693973:3,Symbolica_default,cached_powers_Q,69,35,0.815,BalancedZippelSeparated
fire7_nb0_rank0782,Automatic,1,ok,15664.636,163,2,1,0,0,2305843009213693967:160;2305843009213693973:3,Symbolica_default,cached_powers_Q,69,35,0.798,BalancedZippelSeparated
fire7_nb0_rank0783,Automatic,1,ok,18829.008,231,2,1,0,0,2305843009213693967:228;2305843009213693973:3,Symbolica_default,cached_powers_Q,72,44,1.025,BalancedZippelSeparated
fire7_nb0_rank0784,Automatic,1,ok,1192.084,220,2,1,0,0,2305843009213693967:217;2305843009213693973:3,Symbolica_default,cached_powers_Q,85,32,0.876,BalancedZippelSeparated
fire7_nb0_rank0785,Automatic,1,ok,1118.504,161,2,1,0,0,2305843009213693967:158;2305843009213693973:3,Symbolica_default,cached_powers_Q,63,45,0.545,BalancedZippelSeparated
fire7_nb0_rank0786,Automatic,1,ok,15534.066,231,2,1,0,0,2305843009213693967:228;2305843009213693973:3,Symbolica_default,cached_powers_Q,72,44,0.767,BalancedZippelSeparated
fire7_nb0_rank0787,Automatic,1,ok,14855.374,161,2,1,0,0,2305843009213693967:158;2305843009213693973:3,Symbolica_default,cached_powers_Q,69,36,0.721,BalancedZippelSeparated
fire7_nb0_rank0788,Automatic,1,ok,1105.574,158,2,1,0,0,2305843009213693967:155;2305843009213693973:3,Symbolica_default,cached_powers_Q,62,40,0.565,BalancedZippelSeparated
fire7_nb0_rank0789,Automatic,1,ok,976.303,158,2,1,0,0,2305843009213693967:155;2305843009213693973:3,Symbolica_default,cached_powers_Q,62,40,0.538,BalancedZippelSeparated
fire7_nb0_rank0790,Automatic,1,ok,1202.244,194,2,1,0,0,2305843009213693967:191;2305843009213693973:3,Symbolica_default,cached_powers_Q,97,12,0.780,BalancedZippelSeparated
fire7_nb0_rank0791,Automatic,1,ok,24378.998,152,2,1,0,0,2305843009213693967:149;2305843009213693973:3,Symbolica_default,cached_powers_Q,78,25,0.664,BalancedZippelSeparated
fire7_nb0_rank0792,Automatic,1,ok,958.593,150,2,1,0,0,2305843009213693967:147;2305843009213693973:3,Symbolica_default,cached_powers_Q,70,40,0.532,BalancedZippelSeparated
fire7_nb0_rank0793,Automatic,1,ok,1107.124,178,2,1,0,0,2305843009213693967:175;2305843009213693973:3,Symbolica_default,cached_powers_Q,88,24,0.869,BalancedZippelSeparated
fire7_nb0_rank0794,Automatic,1,ok,873.713,140,2,1,0,0,2305843009213693967:137;2305843009213693973:3,Symbolica_default,cached_powers_Q,56,48,0.546,BalancedZippelSeparated
fire7_nb0_rank0795,Automatic,1,ok,1174.705,198,2,1,0,0,2305843009213693967:195;2305843009213693973:3,Symbolica_default,cached_powers_Q,90,20,0.820,BalancedZippelSeparated
fire7_nb0_rank0796,Automatic,1,ok,878.673,149,2,1,0,0,2305843009213693967:146;2305843009213693973:3,Symbolica_default,cached_powers_Q,78,25,0.689,BalancedZippelSeparated
fire7_nb0_rank0797,Automatic,1,ok,1097.124,206,2,1,0,0,2305843009213693967:203;2305843009213693973:3,Symbolica_default,cached_powers_Q,72,36,0.736,BalancedZippelSeparated
fire7_nb0_rank0798,Automatic,1,ok,15564.676,189,2,1,0,0,2305843009213693967:186;2305843009213693973:3,Symbolica_default,cached_powers_Q,85,27,0.875,BalancedZippelSeparated
fire7_nb0_rank0799,Automatic,1,ok,21712.649,179,2,1,0,0,2305843009213693967:176;2305843009213693973:3,Symbolica_default,cached_powers_Q,83,28,0.649,BalancedZippelSeparated
fire7_nb0_rank0800,Automatic,1,ok,16292.129,257,2,1,0,0,2305843009213693967:254;2305843009213693973:3,Symbolica_default,cached_powers_Q,85,28,0.712,BalancedZippelSeparated
fire7_nb0_rank0801,Automatic,1,ok,886.693,128,2,1,0,0,2305843009213693967:125;2305843009213693973:3,Symbolica_default,cached_powers_Q,52,54,0.573,BalancedZippelSeparated
fire7_nb0_rank0802,Automatic,1,ok,21193.607,152,2,1,0,0,2305843009213693967:149;2305843009213693973:3,Symbolica_default,cached_powers_Q,89,15,0.753,BalancedZippelSeparated
fire7_nb0_rank0803,Automatic,1,ok,15486.016,154,2,1,0,0,2305843009213693967:151;2305843009213693973:3,Symbolica_default,cached_powers_Q,79,25,0.841,BalancedZippelSeparated
fire7_nb0_rank0804,Automatic,1,ok,878.283,133,2,1,0,0,2305843009213693967:130;2305843009213693973:3,Symbolica_default,cached_powers_Q,52,54,0.561,BalancedZippelSeparated
fire7_nb0_rank0805,Automatic,1,ok,1096.874,176,2,1,0,0,2305843009213693967:173;2305843009213693973:3,Symbolica_default,cached_powers_Q,84,20,0.822,BalancedZippelSeparated
fire7_nb0_rank0806,Automatic,1,ok,1072.004,184,2,1,0,0,2305843009213693967:181;2305843009213693973:3,Symbolica_default,cached_powers_Q,78,27,0.727,BalancedZippelSeparated
fire7_nb0_rank0807,Automatic,1,ok,811.803,151,2,1,0,0,2305843009213693967:148;2305843009213693973:3,Symbolica_default,cached_powers_Q,48,60,0.554,BalancedZippelSeparated
fire7_nb0_rank0808,Automatic,1,ok,21662.128,196,2,1,0,0,2305843009213693967:193;2305843009213693973:3,Symbolica_default,cached_powers_Q,84,18,0.820,BalancedZippelSeparated
fire7_nb0_rank0809,Automatic,1,ok,1348.024,197,2,1,0,0,2305843009213693967:194;2305843009213693973:3,Symbolica_default,cached_powers_Q,90,20,0.656,BalancedZippelSeparated
fire7_nb0_rank0810,Automatic,1,ok,1258.125,188,2,1,0,0,2305843009213693967:185;2305843009213693973:3,Symbolica_default,cached_powers_Q,72,40,0.571,BalancedZippelSeparated
fire7_nb0_rank0811,Automatic,1,ok,1049.714,187,2,1,0,0,2305843009213693967:184;2305843009213693973:3,Symbolica_default,cached_powers_Q,65,44,0.746,BalancedZippelSeparated
fire7_nb0_rank0812,Automatic,1,ok,1472.125,160,2,1,0,0,2305843009213693967:157;2305843009213693973:3,Symbolica_default,cached_powers_Q,60,48,0.793,BalancedZippelSeparated
fire7_nb0_rank0813,Automatic,1,ok,20489.624,207,2,1,0,0,2305843009213693967:204;2305843009213693973:3,Symbolica_default,cached_powers_Q,85,24,1.136,BalancedZippelSeparated
fire7_nb0_rank0814,Automatic,1,ok,1443.505,221,2,1,0,0,2305843009213693967:218;2305843009213693973:3,Symbolica_default,cached_powers_Q,86,20,0.661,BalancedZippelSeparated
fire7_nb0_rank0815,Automatic,1,ok,15300.045,250,2,1,0,0,2305843009213693967:247;2305843009213693973:3,Symbolica_default,cached_powers_Q,20,100,0.642,BalancedZippelSeparated
fire7_nb0_rank0816,Automatic,1,ok,943.903,136,2,1,0,0,2305843009213693967:133;2305843009213693973:3,Symbolica_default,cached_powers_Q,56,42,0.826,BalancedZippelSeparated
fire7_nb0_rank0817,Automatic,1,ok,26175.715,232,2,1,0,0,2305843009213693967:229;2305843009213693973:3,Symbolica_default,cached_powers_Q,97,15,0.767,BalancedZippelSeparated
fire7_nb0_rank0818,Automatic,1,ok,15751.737,182,2,1,0,0,2305843009213693967:179;2305843009213693973:3,Symbolica_default,cached_powers_Q,91,12,0.638,BalancedZippelSeparated
fire7_nb0_rank0819,Automatic,1,ok,1336.174,206,2,1,0,0,2305843009213693967:203;2305843009213693973:3,Symbolica_default,cached_powers_Q,85,20,0.642,BalancedZippelSeparated
fire7_nb0_rank0820,Automatic,1,ok,1410.195,165,2,1,0,0,2305843009213693967:162;2305843009213693973:3,Symbolica_default,cached_powers_Q,66,36,0.731,BalancedZippelSeparated
fire7_nb0_rank0821,Automatic,1,ok,1291.705,221,2,1,0,0,2305843009213693967:218;2305843009213693973:3,Symbolica_default,cached_powers_Q,86,20,0.622,BalancedZippelSeparated
fire7_nb0_rank0822,Automatic,1,ok,1278.594,183,2,1,0,0,2305843009213693967:180;2305843009213693973:3,Symbolica_default,cached_powers_Q,72,30,0.952,BalancedZippelSeparated
fire7_nb0_rank0823,Automatic,1,ok,19815.121,202,2,1,0,0,2305843009213693967:199;2305843009213693973:3,Symbolica_default,cached_powers_Q,82,27,0.721,BalancedZippelSeparated
fire7_nb0_rank0824,Automatic,1,ok,1000.184,170,2,1,0,0,2305843009213693967:167;2305843009213693973:3,Symbolica_default,cached_powers_Q,54,56,0.727,BalancedZippelSeparated
fire7_nb0_rank0825,Automatic,1,ok,826.833,128,2,1,0,0,2305843009213693967:125;2305843009213693973:3,Symbolica_default,cached_powers_Q,56,45,0.539,BalancedZippelSeparated
fire7_nb0_rank0826,Automatic,1,ok,880.823,148,2,1,0,0,2305843009213693967:145;2305843009213693973:3,Symbolica_default,cached_powers_Q,68,30,0.705,BalancedZippelSeparated
fire7_nb0_rank0827,Automatic,1,ok,853.603,141,2,1,0,0,2305843009213693967:138;2305843009213693973:3,Symbolica_default,cached_powers_Q,63,40,0.533,BalancedZippelSeparated
fire7_nb0_rank0828,Automatic,1,ok,1104.604,203,2,1,0,0,2305843009213693967:200;2305843009213693973:3,Symbolica_default,cached_powers_Q,70,39,0.722,BalancedZippelSeparated
fire7_nb0_rank0829,Automatic,1,ok,982.124,160,2,1,0,0,2305843009213693967:157;2305843009213693973:3,Symbolica_default,cached_powers_Q,65,36,0.696,BalancedZippelSeparated
fire7_nb0_rank0830,Automatic,1,ok,1060.444,191,2,1,0,0,2305843009213693967:188;2305843009213693973:3,Symbolica_default,cached_powers_Q,82,27,0.667,BalancedZippelSeparated
fire7_nb0_rank0831,Automatic,1,ok,1304.065,212,2,1,0,0,2305843009213693967:209;2305843009213693973:3,Symbolica_default,cached_powers_Q,70,39,0.552,BalancedZippelSeparated
fire7_nb0_rank0832,Automatic,1,ok,1137.874,199,2,1,0,0,2305843009213693967:196;2305843009213693973:3,Symbolica_default,cached_powers_Q,90,15,0.793,BalancedZippelSeparated
fire7_nb0_rank0833,Automatic,1,ok,1113.624,206,2,1,0,0,2305843009213693967:203;2305843009213693973:3,Symbolica_default,cached_powers_Q,85,20,0.775,BalancedZippelSeparated
fire7_nb0_rank0834,Automatic,1,ok,1063.674,160,2,1,0,0,2305843009213693967:157;2305843009213693973:3,Symbolica_default,cached_powers_Q,72,28,0.848,BalancedZippelSeparated
fire7_nb0_rank0835,Automatic,1,ok,15581.426,183,2,1,0,0,2305843009213693967:180;2305843009213693973:3,Symbolica_default,cached_powers_Q,78,27,0.879,BalancedZippelSeparated
fire7_nb0_rank0836,Automatic,1,ok,979.483,168,2,1,0,0,2305843009213693967:165;2305843009213693973:3,Symbolica_default,cached_powers_Q,72,32,0.555,BalancedZippelSeparated
fire7_nb0_rank0837,Automatic,1,ok,1017.354,157,2,1,0,0,2305843009213693967:154;2305843009213693973:3,Symbolica_default,cached_powers_Q,32,70,0.637,BalancedZippelSeparated
fire7_nb0_rank0838,Automatic,1,ok,1034.964,177,2,1,0,0,2305843009213693967:174;2305843009213693973:3,Symbolica_default,cached_powers_Q,66,36,0.716,BalancedZippelSeparated
fire7_nb0_rank0839,Automatic,1,ok,1180.625,217,2,1,0,0,2305843009213693967:214;2305843009213693973:3,Symbolica_default,cached_powers_Q,54,54,0.687,BalancedZippelSeparated
fire7_nb0_rank0840,Automatic,1,ok,906.163,151,2,1,0,0,2305843009213693967:148;2305843009213693973:3,Symbolica_default,cached_powers_Q,48,56,0.520,BalancedZippelSeparated
fire7_nb0_rank0841,Automatic,1,ok,975.323,150,2,1,0,0,2305843009213693967:147;2305843009213693973:3,Symbolica_default,cached_powers_Q,72,28,0.773,BalancedZippelSeparated
fire7_nb0_rank0842,Automatic,1,ok,1072.704,197,2,1,0,0,2305843009213693967:194;2305843009213693973:3,Symbolica_default,cached_powers_Q,66,36,0.650,BalancedZippelSeparated
fire7_nb0_rank0843,Automatic,1,ok,975.494,178,2,1,0,0,2305843009213693967:175;2305843009213693973:3,Symbolica_default,cached_powers_Q,59,52,0.639,BalancedZippelSeparated
fire7_nb0_rank0844,Automatic,1,ok,1391.245,166,2,1,0,0,2305843009213693967:163;2305843009213693973:3,Symbolica_default,cached_powers_Q,83,15,0.577,BalancedZippelSeparated
fire7_nb0_rank0845,Automatic,1,ok,1008.434,226,2,1,0,0,2305843009213693967:223;2305843009213693973:3,Symbolica_default,cached_powers_Q,76,28,0.677,BalancedZippelSeparated
fire7_nb0_rank0846,Automatic,1,ok,966.593,176,2,1,0,0,2305843009213693967:173;2305843009213693973:3,Symbolica_default,cached_powers_Q,77,27,0.651,BalancedZippelSeparated
fire7_nb0_rank0847,Automatic,1,ok,1053.734,157,2,1,0,0,2305843009213693967:154;2305843009213693973:3,Symbolica_default,cached_powers_Q,72,28,0.752,BalancedZippelSeparated
fire7_nb0_rank0848,Automatic,1,ok,891.714,159,2,1,0,0,2305843009213693967:156;2305843009213693973:3,Symbolica_default,cached_powers_Q,60,36,0.669,BalancedZippelSeparated
fire7_nb0_rank0849,Automatic,1,ok,1415.355,227,2,1,0,0,2305843009213693967:224;2305843009213693973:3,Symbolica_default,cached_powers_Q,60,51,0.553,BalancedZippelSeparated
fire7_nb0_rank0850,Automatic,1,ok,1143.375,202,2,1,0,0,2305843009213693967:199;2305843009213693973:3,Symbolica_default,cached_powers_Q,69,45,0.690,BalancedZippelSeparated
fire7_nb0_rank0851,Automatic,1,ok,1024.143,198,2,1,0,0,2305843009213693967:195;2305843009213693973:3,Symbolica_default,cached_powers_Q,77,24,0.673,BalancedZippelSeparated
fire7_nb0_rank0852,Automatic,1,ok,1780.187,314,2,1,0,0,2305843009213693967:311;2305843009213693973:3,Symbolica_default,cached_powers_Q,72,36,0.627,BalancedZippelSeparated
fire7_nb0_rank0853,Automatic,1,ok,1033.974,165,2,1,0,0,2305843009213693967:162;2305843009213693973:3,Symbolica_default,cached_powers_Q,54,48,0.681,BalancedZippelSeparated
fire7_nb0_rank0854,Automatic,1,ok,822.372,138,2,1,0,0,2305843009213693967:135;2305843009213693973:3,Symbolica_default,cached_powers_Q,68,25,0.673,BalancedZippelSeparated
fire7_nb0_rank0855,Automatic,1,ok,19194.950,185,2,1,0,0,2305843009213693967:182;2305843009213693973:3,Symbolica_default,cached_powers_Q,85,18,0.627,BalancedZippelSeparated
fire7_nb0_rank0856,Automatic,1,ok,951.004,155,2,1,0,0,2305843009213693967:152;2305843009213693973:3,Symbolica_default,cached_powers_Q,77,15,0.744,BalancedZippelSeparated
fire7_nb0_rank0857,Automatic,1,ok,19296.180,169,2,1,0,0,2305843009213693967:166;2305843009213693973:3,Symbolica_default,cached_powers_Q,72,28,0.862,BalancedZippelSeparated
fire7_nb0_rank0858,Automatic,1,ok,1141.384,131,2,1,0,0,2305843009213693967:128;2305843009213693973:3,Symbolica_default,cached_powers_Q,63,35,0.659,BalancedZippelSeparated
fire7_nb0_rank0859,Automatic,1,ok,880.514,119,2,1,0,0,2305843009213693967:116;2305843009213693973:3,Symbolica_default,cached_powers_Q,32,60,0.812,BalancedZippelSeparated
fire7_nb0_rank0860,Automatic,1,ok,21041.526,151,2,1,0,0,2305843009213693967:148;2305843009213693973:3,Symbolica_default,cached_powers_Q,72,20,0.757,BalancedZippelSeparated
fire7_nb0_rank0861,Automatic,1,ok,1110.564,161,2,1,0,0,2305843009213693967:158;2305843009213693973:3,Symbolica_default,cached_powers_Q,72,24,0.529,BalancedZippelSeparated
fire7_nb0_rank0862,Automatic,1,ok,1036.504,226,2,1,0,0,2305843009213693967:223;2305843009213693973:3,Symbolica_default,cached_powers_Q,80,18,0.601,BalancedZippelSeparated
fire7_nb0_rank0863,Automatic,1,ok,1003.143,137,2,1,0,0,2305843009213693967:134;2305843009213693973:3,Symbolica_default,cached_powers_Q,72,24,0.839,BalancedZippelSeparated
fire7_nb0_rank0864,Automatic,1,ok,20920.646,228,2,1,0,0,2305843009213693967:225;2305843009213693973:3,Symbolica_default,cached_powers_Q,72,39,0.529,BalancedZippelSeparated
fire7_nb0_rank0865,Automatic,1,ok,1076.074,192,2,1,0,0,2305843009213693967:189;2305843009213693973:3,Symbolica_default,cached_powers_Q,64,39,0.544,BalancedZippelSeparated
fire7_nb0_rank0866,Automatic,1,ok,1209.364,172,2,1,0,0,2305843009213693967:169;2305843009213693973:3,Symbolica_default,cached_powers_Q,72,21,0.651,BalancedZippelSeparated
fire7_nb0_rank0867,Automatic,1,ok,1299.255,202,2,1,0,0,2305843009213693967:199;2305843009213693973:3,Symbolica_default,cached_powers_Q,68,45,0.556,BalancedZippelSeparated
fire7_nb0_rank0868,Automatic,1,ok,984.533,166,2,1,0,0,2305843009213693967:163;2305843009213693973:3,Symbolica_default,cached_powers_Q,42,56,0.708,BalancedZippelSeparated
fire7_nb0_rank0869,Automatic,1,ok,21210.588,193,2,1,0,0,2305843009213693967:190;2305843009213693973:3,Symbolica_default,cached_powers_Q,74,28,0.784,BalancedZippelSeparated
fire7_nb0_rank0870,Automatic,1,ok,21023.286,143,2,1,0,0,2305843009213693967:140;2305843009213693973:3,Symbolica_default,cached_powers_Q,67,24,0.546,BalancedZippelSeparated
fire7_nb0_rank0871,Automatic,1,ok,1255.785,193,2,1,0,0,2305843009213693967:190;2305843009213693973:3,Symbolica_default,cached_powers_Q,70,36,0.535,BalancedZippelSeparated
fire7_nb0_rank0872,Automatic,1,ok,15150.344,168,2,1,0,0,2305843009213693967:165;2305843009213693973:3,Symbolica_default,cached_powers_Q,84,15,0.723,BalancedZippelSeparated
fire7_nb0_rank0873,Automatic,1,ok,929.763,136,2,1,0,0,2305843009213693967:133;2305843009213693973:3,Symbolica_default,cached_powers_Q,56,35,0.752,BalancedZippelSeparated
fire7_nb0_rank0874,Automatic,1,ok,1049.604,182,2,1,0,0,2305843009213693967:179;2305843009213693973:3,Symbolica_default,cached_powers_Q,69,36,0.706,BalancedZippelSeparated
fire7_nb0_rank0875,Automatic,1,ok,1129.584,172,2,1,0,0,2305843009213693967:169;2305843009213693973:3,Symbolica_default,cached_powers_Q,72,27,0.508,BalancedZippelSeparated
fire7_nb0_rank0876,Automatic,1,ok,1194.704,182,2,1,0,0,2305843009213693967:179;2305843009213693973:3,Symbolica_default,cached_powers_Q,69,36,0.545,BalancedZippelSeparated
fire7_nb0_rank0877,Automatic,1,ok,966.864,172,2,1,0,0,2305843009213693967:169;2305843009213693973:3,Symbolica_default,cached_powers_Q,37,60,0.676,BalancedZippelSeparated
fire7_nb0_rank0878,Automatic,1,ok,1040.434,148,2,1,0,0,2305843009213693967:145;2305843009213693973:3,Symbolica_default,cached_powers_Q,28,70,0.789,BalancedZippelSeparated
fire7_nb0_rank0879,Automatic,1,ok,983.134,148,2,1,0,0,2305843009213693967:145;2305843009213693973:3,Symbolica_default,cached_powers_Q,28,70,0.800,BalancedZippelSeparated
fire7_nb0_rank0880,Automatic,1,ok,1176.784,152,2,1,0,0,2305843009213693967:149;2305843009213693973:3,Symbolica_default,cached_powers_Q,65,28,0.652,BalancedZippelSeparated
fire7_nb0_rank0881,Automatic,1,ok,19448.061,155,2,1,0,0,2305843009213693967:152;2305843009213693973:3,Symbolica_default,cached_powers_Q,69,20,0.584,BalancedZippelSeparated
fire7_nb0_rank0882,Automatic,1,ok,15852.157,230,2,1,0,0,2305843009213693967:227;2305843009213693973:3,Symbolica_default,cached_powers_Q,68,33,0.550,BalancedZippelSeparated
fire7_nb0_rank0883,Automatic,1,ok,1211.775,154,2,1,0,0,2305843009213693967:151;2305843009213693973:3,Symbolica_default,cached_powers_Q,20,90,0.626,BalancedZippelSeparated
fire7_nb0_rank0884,Automatic,1,ok,1120.734,205,2,1,0,0,2305843009213693967:202;2305843009213693973:3,Symbolica_default,cached_powers_Q,68,36,0.546,BalancedZippelSeparated
fire7_nb0_rank0885,Automatic,1,ok,1028.883,144,2,1,0,0,2305843009213693967:141;2305843009213693973:3,Symbolica_default,cached_powers_Q,63,28,0.753,BalancedZippelSeparated
fire7_nb0_rank0886,Automatic,1,ok,1054.804,187,2,1,0,0,2305843009213693967:184;2305843009213693973:3,Symbolica_default,cached_powers_Q,65,36,0.672,BalancedZippelSeparated
fire7_nb0_rank0887,Automatic,1,ok,945.084,185,2,1,0,0,2305843009213693967:182;2305843009213693973:3,Symbolica_default,cached_powers_Q,70,32,0.714,BalancedZippelSeparated
fire7_nb0_rank0888,Automatic,1,ok,1060.014,189,2,1,0,0,2305843009213693967:186;2305843009213693973:3,Symbolica_default,cached_powers_Q,60,39,0.672,BalancedZippelSeparated
fire7_nb0_rank0889,Automatic,1,ok,1050.293,188,2,1,0,0,2305843009213693967:185;2305843009213693973:3,Symbolica_default,cached_powers_Q,60,39,0.644,BalancedZippelSeparated
fire7_nb0_rank0890,Automatic,1,ok,938.523,158,2,1,0,0,2305843009213693967:155;2305843009213693973:3,Symbolica_default,cached_powers_Q,48,48,0.711,BalancedZippelSeparated
fire7_nb0_rank0891,Automatic,1,ok,953.573,145,2,1,0,0,2305843009213693967:142;2305843009213693973:3,Symbolica_default,cached_powers_Q,54,45,0.789,BalancedZippelSeparated
fire7_nb0_rank0892,Automatic,1,ok,1016.414,162,2,1,0,0,2305843009213693967:159;2305843009213693973:3,Symbolica_default,cached_powers_Q,66,28,0.822,BalancedZippelSeparated
fire7_nb0_rank0893,Automatic,1,ok,927.893,160,2,1,0,0,2305843009213693967:157;2305843009213693973:3,Symbolica_default,cached_powers_Q,66,27,0.510,BalancedZippelSeparated
fire7_nb0_rank0894,Automatic,1,ok,1052.673,192,2,1,0,0,2305843009213693967:189;2305843009213693973:3,Symbolica_default,cached_powers_Q,64,39,0.687,BalancedZippelSeparated
fire7_nb0_rank0895,Automatic,1,ok,1018.394,153,2,1,0,0,2305843009213693967:150;2305843009213693973:3,Symbolica_default,cached_powers_Q,66,28,0.840,BalancedZippelSeparated
fire7_nb0_rank0896,Automatic,1,ok,14691.863,135,2,1,0,0,2305843009213693967:132;2305843009213693973:3,Symbolica_default,cached_powers_Q,6,100,0.508,BalancedZippelSeparated
fire7_nb0_rank0897,Automatic,1,ok,15836.678,134,2,1,0,0,2305843009213693967:131;2305843009213693973:3,Symbolica_default,cached_powers_Q,6,100,0.678,BalancedZippelSeparated
fire7_nb0_rank0898,Automatic,1,ok,853.063,184,2,1,0,0,2305843009213693967:181;2305843009213693973:3,Symbolica_default,cached_powers_Q,72,27,0.533,BalancedZippelSeparated
fire7_nb0_rank0899,Automatic,1,ok,1164.364,206,2,1,0,0,2305843009213693967:203;2305843009213693973:3,Symbolica_default,cached_powers_Q,70,27,0.516,BalancedZippelSeparated
fire7_nb0_rank0900,Automatic,1,ok,835.373,148,2,1,0,0,2305843009213693967:145;2305843009213693973:3,Symbolica_default,cached_powers_Q,65,28,0.802,BalancedZippelSeparated
fire7_nb0_rank0901,Automatic,1,ok,1117.884,144,2,1,0,0,2305843009213693967:141;2305843009213693973:3,Symbolica_default,cached_powers_Q,63,28,0.623,BalancedZippelSeparated
fire7_nb0_rank0902,Automatic,1,ok,1042.423,187,2,1,0,0,2305843009213693967:184;2305843009213693973:3,Symbolica_default,cached_powers_Q,65,36,0.649,BalancedZippelSeparated
fire7_nb0_rank0903,Automatic,1,ok,1071.274,174,2,1,0,0,2305843009213693967:171;2305843009213693973:3,Symbolica_default,cached_powers_Q,69,28,0.747,BalancedZippelSeparated
fire7_nb0_rank0904,Automatic,1,ok,1188.955,187,2,1,0,0,2305843009213693967:184;2305843009213693973:3,Symbolica_default,cached_powers_Q,65,36,0.538,BalancedZippelSeparated
fire7_nb0_rank0905,Automatic,1,ok,985.844,173,2,1,0,0,2305843009213693967:170;2305843009213693973:3,Symbolica_default,cached_powers_Q,65,36,0.699,BalancedZippelSeparated
fire7_nb0_rank0906,Automatic,1,ok,1001.743,195,2,1,0,0,2305843009213693967:192;2305843009213693973:3,Symbolica_default,cached_powers_Q,70,36,0.655,BalancedZippelSeparated
fire7_nb0_rank0907,Automatic,1,ok,1051.033,187,2,1,0,0,2305843009213693967:184;2305843009213693973:3,Symbolica_default,cached_powers_Q,54,42,0.508,BalancedZippelSeparated
fire7_nb0_rank0908,Automatic,1,ok,998.094,175,2,1,0,0,2305843009213693967:172;2305843009213693973:3,Symbolica_default,cached_powers_Q,70,25,0.562,BalancedZippelSeparated
fire7_nb0_rank0909,Automatic,1,ok,876.353,152,2,1,0,0,2305843009213693967:149;2305843009213693973:3,Symbolica_default,cached_powers_Q,77,10,0.736,BalancedZippelSeparated
fire7_nb0_rank0910,Automatic,1,ok,16109.819,234,2,1,0,0,2305843009213693967:231;2305843009213693973:3,Symbolica_default,cached_powers_Q,36,66,0.669,BalancedZippelSeparated
fire7_nb0_rank0911,Automatic,1,ok,15304.806,234,2,1,0,0,2305843009213693967:231;2305843009213693973:3,Symbolica_default,cached_powers_Q,36,66,0.512,BalancedZippelSeparated
fire7_nb0_rank0912,Automatic,1,ok,1125.904,146,2,1,0,0,2305843009213693967:143;2305843009213693973:3,Symbolica_default,cached_powers_Q,77,15,0.595,BalancedZippelSeparated
fire7_nb0_rank0913,Automatic,1,ok,966.923,165,2,1,0,0,2305843009213693967:162;2305843009213693973:3,Symbolica_default,cached_powers_Q,54,48,0.684,BalancedZippelSeparated
fire7_nb0_rank0914,Automatic,1,ok,969.203,143,2,1,0,0,2305843009213693967:140;2305843009213693973:3,Symbolica_default,cached_powers_Q,35,60,0.777,BalancedZippelSeparated
fire7_nb0_rank0915,Automatic,1,ok,1043.593,163,2,1,0,0,2305843009213693967:160;2305843009213693973:3,Symbolica_default,cached_powers_Q,30,75,0.626,BalancedZippelSeparated
fire7_nb0_rank0916,Automatic,1,ok,1103.754,193,2,1,0,0,2305843009213693967:190;2305843009213693973:3,Symbolica_default,cached_powers_Q,70,27,0.538,BalancedZippelSeparated
fire7_nb0_rank0917,Automatic,1,ok,5432.750,244,2,1,0,0,2305843009213693967:241;2305843009213693973:3,Symbolica_default,cached_powers_Q,70,30,0.617,BalancedZippelSeparated
fire7_nb0_rank0918,Automatic,1,ok,1110.474,163,2,1,0,0,2305843009213693967:160;2305843009213693973:3,Symbolica_default,cached_powers_Q,30,75,0.644,BalancedZippelSeparated
fire7_nb0_rank0919,Automatic,1,ok,15720.157,248,2,1,0,0,2305843009213693967:245;2305843009213693973:3,Symbolica_default,cached_powers_Q,68,36,0.729,BalancedZippelSeparated
fire7_nb0_rank0920,Automatic,1,ok,15367.756,157,2,1,0,0,2305843009213693967:154;2305843009213693973:3,Symbolica_default,cached_powers_Q,78,12,0.728,BalancedZippelSeparated
fire7_nb0_rank0921,Automatic,1,ok,899.344,132,2,1,0,0,2305843009213693967:129;2305843009213693973:3,Symbolica_default,cached_powers_Q,42,54,0.753,BalancedZippelSeparated
fire7_nb0_rank0922,Automatic,1,ok,983.653,159,2,1,0,0,2305843009213693967:156;2305843009213693973:3,Symbolica_default,cached_powers_Q,72,15,0.578,BalancedZippelSeparated
fire7_nb0_rank0923,Automatic,1,ok,1048.403,173,2,1,0,0,2305843009213693967:170;2305843009213693973:3,Symbolica_default,cached_powers_Q,64,33,0.653,BalancedZippelSeparated
fire7_nb0_rank0924,Automatic,1,ok,984.534,179,2,1,0,0,2305843009213693967:176;2305843009213693973:3,Symbolica_default,cached_powers_Q,70,27,0.510,BalancedZippelSeparated
fire7_nb0_rank0925,Automatic,1,ok,944.494,143,2,1,0,0,2305843009213693967:140;2305843009213693973:3,Symbolica_default,cached_powers_Q,72,20,0.787,BalancedZippelSeparated
fire7_nb0_rank0926,Automatic,1,ok,978.664,139,2,1,0,0,2305843009213693967:136;2305843009213693973:3,Symbolica_default,cached_powers_Q,35,60,0.792,BalancedZippelSeparated
fire7_nb0_rank0927,Automatic,1,ok,973.513,139,2,1,0,0,2305843009213693967:136;2305843009213693973:3,Symbolica_default,cached_powers_Q,35,60,0.794,BalancedZippelSeparated
fire7_nb0_rank0928,Automatic,1,ok,1013.473,171,2,1,0,0,2305843009213693967:168;2305843009213693973:3,Symbolica_default,cached_powers_Q,64,33,0.538,BalancedZippelSeparated
fire7_nb0_rank0929,Automatic,1,ok,1100.275,169,2,1,0,0,2305843009213693967:166;2305843009213693973:3,Symbolica_default,cached_powers_Q,70,28,0.829,BalancedZippelSeparated
fire7_nb0_rank0930,Automatic,1,ok,1103.484,199,2,1,0,0,2305843009213693967:196;2305843009213693973:3,Symbolica_default,cached_powers_Q,72,27,0.568,BalancedZippelSeparated
fire7_nb0_rank0931,Automatic,1,ok,1190.535,167,2,1,0,0,2305843009213693967:164;2305843009213693973:3,Symbolica_default,cached_powers_Q,61,28,0.636,BalancedZippelSeparated
fire7_nb0_rank0932,Automatic,1,ok,985.203,163,2,1,0,0,2305843009213693967:160;2305843009213693973:3,Symbolica_default,cached_powers_Q,65,25,0.633,BalancedZippelSeparated
fire7_nb0_rank0933,Automatic,1,ok,1020.514,163,2,1,0,0,2305843009213693967:160;2305843009213693973:3,Symbolica_default,cached_powers_Q,30,75,0.814,BalancedZippelSeparated
fire7_nb0_rank0934,Automatic,1,ok,1035.124,182,2,1,0,0,2305843009213693967:179;2305843009213693973:3,Symbolica_default,cached_powers_Q,65,36,0.521,BalancedZippelSeparated
fire7_nb0_rank0935,Automatic,1,ok,947.783,139,2,1,0,0,2305843009213693967:136;2305843009213693973:3,Symbolica_default,cached_powers_Q,34,60,0.654,BalancedZippelSeparated
fire7_nb0_rank0936,Automatic,1,ok,1041.384,188,2,1,0,0,2305843009213693967:185;2305843009213693973:3,Symbolica_default,cached_powers_Q,64,36,0.709,BalancedZippelSeparated
fire7_nb0_rank0937,Automatic,1,ok,886.403,139,2,1,0,0,2305843009213693967:136;2305843009213693973:3,Symbolica_default,cached_powers_Q,63,24,0.596,BalancedZippelSeparated
fire7_nb0_rank0938,Automatic,1,ok,15562.766,230,2,1,0,0,2305843009213693967:227;2305843009213693973:3,Symbolica_default,cached_powers_Q,80,26,0.761,BalancedZippelSeparated
fire7_nb0_rank0939,Automatic,1,ok,1117.384,159,2,1,0,0,2305843009213693967:156;2305843009213693973:3,Symbolica_default,cached_powers_Q,72,18,0.591,BalancedZippelSeparated
fire7_nb0_rank0940,Automatic,1,ok,915.024,127,2,1,0,0,2305843009213693967:124;2305843009213693973:3,Symbolica_default,cached_powers_Q,63,25,0.733,BalancedZippelSeparated
fire7_nb0_rank0941,Automatic,1,ok,989.773,179,2,1,0,0,2305843009213693967:176;2305843009213693973:3,Symbolica_default,cached_powers_Q,70,27,0.689,BalancedZippelSeparated
fire7_nb0_rank0942,Automatic,1,ok,1054.744,157,2,1,0,0,2305843009213693967:154;2305843009213693973:3,Symbolica_default,cached_powers_Q,65,28,0.769,BalancedZippelSeparated
fire7_nb0_rank0943,Automatic,1,ok,1037.563,195,2,1,0,0,2305843009213693967:192;2305843009213693973:3,Symbolica_default,cached_powers_Q,70,27,0.534,BalancedZippelSeparated
fire7_nb0_rank0944,Automatic,1,ok,1086.854,204,2,1,0,0,2305843009213693967:201;2305843009213693973:3,Symbolica_default,cached_powers_Q,72,20,0.719,BalancedZippelSeparated
fire7_nb0_rank0945,Automatic,1,ok,932.923,136,2,1,0,0,2305843009213693967:133;2305843009213693973:3,Symbolica_default,cached_powers_Q,54,35,0.779,BalancedZippelSeparated
fire7_nb0_rank0946,Automatic,1,ok,1043.083,193,2,1,0,0,2305843009213693967:190;2305843009213693973:3,Symbolica_default,cached_powers_Q,71,20,0.773,BalancedZippelSeparated
fire7_nb0_rank0947,Automatic,1,ok,827.733,117,2,1,0,0,2305843009213693967:114;2305843009213693973:3,Symbolica_default,cached_powers_Q,49,35,0.783,BalancedZippelSeparated
fire7_nb0_rank0948,Automatic,1,ok,1036.524,181,2,1,0,0,2305843009213693967:178;2305843009213693973:3,Symbolica_default,cached_powers_Q,55,36,0.528,BalancedZippelSeparated
fire7_nb0_rank0949,Automatic,1,ok,984.573,189,2,1,0,0,2305843009213693967:186;2305843009213693973:3,Symbolica_default,cached_powers_Q,65,27,0.506,BalancedZippelSeparated
fire7_nb0_rank0950,Automatic,1,ok,847.013,133,2,1,0,0,2305843009213693967:130;2305843009213693973:3,Symbolica_default,cached_powers_Q,68,15,0.556,BalancedZippelSeparated
fire7_nb0_rank0951,Automatic,1,ok,16116.358,229,2,1,0,0,2305843009213693967:226;2305843009213693973:3,Symbolica_default,cached_powers_Q,74,30,0.746,BalancedZippelSeparated
fire7_nb0_rank0952,Automatic,1,ok,1009.204,162,2,1,0,0,2305843009213693967:159;2305843009213693973:3,Symbolica_default,cached_powers_Q,70,20,0.602,BalancedZippelSeparated
fire7_nb0_rank0953,Automatic,1,ok,1013.114,177,2,1,0,0,2305843009213693967:174;2305843009213693973:3,Symbolica_default,cached_powers_Q,70,24,0.503,BalancedZippelSeparated
fire7_nb0_rank0954,Automatic,1,ok,935.163,144,2,1,0,0,2305843009213693967:141;2305843009213693973:3,Symbolica_default,cached_powers_Q,72,15,0.770,BalancedZippelSeparated
fire7_nb0_rank0955,Automatic,1,ok,1209.145,194,2,1,0,0,2305843009213693967:191;2305843009213693973:3,Symbolica_default,cached_powers_Q,85,10,0.655,BalancedZippelSeparated
fire7_nb0_rank0956,Automatic,1,ok,1203.854,209,2,1,0,0,2305843009213693967:206;2305843009213693973:3,Symbolica_default,cached_powers_Q,79,20,0.774,BalancedZippelSeparated
fire7_nb0_rank0957,Automatic,1,ok,810.783,169,2,1,0,0,2305843009213693967:166;2305843009213693973:3,Symbolica_default,cached_powers_Q,65,27,0.655,BalancedZippelSeparated
fire7_nb0_rank0958,Automatic,1,ok,856.554,128,2,1,0,0,2305843009213693967:125;2305843009213693973:3,Symbolica_default,cached_powers_Q,42,48,0.671,BalancedZippelSeparated
fire7_nb0_rank0959,Automatic,1,ok,956.623,141,2,1,0,0,2305843009213693967:138;2305843009213693973:3,Symbolica_default,cached_powers_Q,66,15,0.758,BalancedZippelSeparated
fire7_nb0_rank0960,Automatic,1,ok,1062.524,194,2,1,0,0,2305843009213693967:191;2305843009213693973:3,Symbolica_default,cached_powers_Q,72,20,0.786,BalancedZippelSeparated
fire7_nb0_rank0961,Automatic,1,ok,922.613,134,2,1,0,0,2305843009213693967:131;2305843009213693973:3,Symbolica_default,cached_powers_Q,7,90,0.509,BalancedZippelSeparated
fire7_nb0_rank0962,Automatic,1,ok,980.143,184,2,1,0,0,2305843009213693967:181;2305843009213693973:3,Symbolica_default,cached_powers_Q,65,27,0.698,BalancedZippelSeparated
fire7_nb0_rank0963,Automatic,1,ok,1085.414,201,2,1,0,0,2305843009213693967:198;2305843009213693973:3,Symbolica_default,cached_powers_Q,55,42,0.661,BalancedZippelSeparated
fire7_nb0_rank0964,Automatic,1,ok,1113.395,201,2,1,0,0,2305843009213693967:198;2305843009213693973:3,Symbolica_default,cached_powers_Q,55,42,0.691,BalancedZippelSeparated
fire7_nb0_rank0965,Automatic,1,ok,892.333,159,2,1,0,0,2305843009213693967:156;2305843009213693973:3,Symbolica_default,cached_powers_Q,60,27,0.495,BalancedZippelSeparated
fire7_nb0_rank0966,Automatic,1,ok,893.684,127,2,1,0,0,2305843009213693967:124;2305843009213693973:3,Symbolica_default,cached_powers_Q,60,20,0.738,BalancedZippelSeparated
fire7_nb0_rank0967,Automatic,1,ok,869.394,170,2,1,0,0,2305843009213693967:167;2305843009213693973:3,Symbolica_default,cached_powers_Q,60,27,0.681,BalancedZippelSeparated
fire7_nb0_rank0968,Automatic,1,ok,994.054,199,2,1,0,0,2305843009213693967:196;2305843009213693973:3,Symbolica_default,cached_powers_Q,50,45,0.516,BalancedZippelSeparated
fire7_nb0_rank0969,Automatic,1,ok,945.473,160,2,1,0,0,2305843009213693967:157;2305843009213693973:3,Symbolica_default,cached_powers_Q,55,30,0.652,BalancedZippelSeparated
fire7_nb0_rank0970,Automatic,1,ok,933.474,153,2,1,0,0,2305843009213693967:150;2305843009213693973:3,Symbolica_default,cached_powers_Q,72,18,0.757,BalancedZippelSeparated
fire7_nb0_rank0971,Automatic,1,ok,1010.544,198,2,1,0,0,2305843009213693967:195;2305843009213693973:3,Symbolica_default,cached_powers_Q,64,27,0.630,BalancedZippelSeparated
fire7_nb0_rank0972,Automatic,1,ok,909.103,155,2,1,0,0,2305843009213693967:152;2305843009213693973:3,Symbolica_default,cached_powers_Q,59,27,0.684,BalancedZippelSeparated
fire7_nb0_rank0973,Automatic,1,ok,886.883,125,2,1,0,0,2305843009213693967:122;2305843009213693973:3,Symbolica_default,cached_powers_Q,54,25,0.556,BalancedZippelSeparated
fire7_nb0_rank0974,Automatic,1,ok,1269.165,200,2,1,0,0,2305843009213693967:197;2305843009213693973:3,Symbolica_default,cached_powers_Q,50,45,0.514,BalancedZippelSeparated
fire7_nb0_rank0975,Automatic,1,ok,1107.964,199,2,1,0,0,2305843009213693967:196;2305843009213693973:3,Symbolica_default,cached_powers_Q,50,45,0.661,BalancedZippelSeparated
fire7_nb0_rank0976,Automatic,1,ok,861.063,147,2,1,0,0,2305843009213693967:144;2305843009213693973:3,Symbolica_default,cached_powers_Q,52,36,0.503,BalancedZippelSeparated
fire7_nb0_rank0977,Automatic,1,ok,923.773,165,2,1,0,0,2305843009213693967:162;2305843009213693973:3,Symbolica_default,cached_powers_Q,65,24,0.675,BalancedZippelSeparated
fire7_nb0_rank0978,Automatic,1,ok,927.833,141,2,1,0,0,2305843009213693967:138;2305843009213693973:3,Symbolica_default,cached_powers_Q,71,15,0.570,BalancedZippelSeparated
fire7_nb0_rank0979,Automatic,1,ok,826.913,126,2,1,0,0,2305843009213693967:123;2305843009213693973:3,Symbolica_default,cached_powers_Q,41,45,0.491,BalancedZippelSeparated
fire7_nb0_rank0980,Automatic,1,ok,1415.495,215,2,1,0,0,2305843009213693967:212;2305843009213693973:3,Symbolica_default,cached_powers_Q,60,30,0.620,BalancedZippelSeparated
fire7_nb0_rank0981,Automatic,1,ok,13528.609,272,2,1,0,0,2305843009213693967:269;2305843009213693973:3,Symbolica_default,cached_powers_Q,73,21,0.775,BalancedZippelSeparated
fire7_nb0_rank0982,Automatic,1,ok,933.734,169,2,1,0,0,2305843009213693967:166;2305843009213693973:3,Symbolica_default,cached_powers_Q,56,32,0.626,BalancedZippelSeparated
fire7_nb0_rank0983,Automatic,1,ok,1016.964,157,2,1,0,0,2305843009213693967:154;2305843009213693973:3,Symbolica_default,cached_powers_Q,65,21,0.858,BalancedZippelSeparated
fire7_nb0_rank0984,Automatic,1,ok,1002.814,129,2,1,0,0,2305843009213693967:126;2305843009213693973:3,Symbolica_default,cached_powers_Q,66,15,0.573,BalancedZippelSeparated
fire7_nb0_rank0985,Automatic,1,ok,881.293,136,2,1,0,0,2305843009213693967:133;2305843009213693973:3,Symbolica_default,cached_powers_Q,42,50,0.491,BalancedZippelSeparated
fire7_nb0_rank0986,Automatic,1,ok,1008.354,147,2,1,0,0,2305843009213693967:144;2305843009213693973:3,Symbolica_default,cached_powers_Q,30,56,0.804,BalancedZippelSeparated
fire7_nb0_rank0987,Automatic,1,ok,973.613,138,2,1,0,0,2305843009213693967:135;2305843009213693973:3,Symbolica_default,cached_powers_Q,54,28,0.778,BalancedZippelSeparated
fire7_nb0_rank0988,Automatic,1,ok,1134.035,171,2,1,0,0,2305843009213693967:168;2305843009213693973:3,Symbolica_default,cached_powers_Q,57,33,0.520,BalancedZippelSeparated
fire7_nb0_rank0989,Automatic,1,ok,664.492,124,2,1,0,0,2305843009213693967:121;2305843009213693973:3,Symbolica_default,cached_powers_Q,61,20,0.555,BalancedZippelSeparated
fire7_nb0_rank0990,Automatic,1,ok,1128.884,202,2,1,0,0,2305843009213693967:199;2305843009213693973:3,Symbolica_default,cached_powers_Q,70,20,0.730,BalancedZippelSeparated
fire7_nb0_rank0991,Automatic,1,ok,1466.495,214,2,1,0,0,2305843009213693967:211;2305843009213693973:3,Symbolica_default,cached_powers_Q,67,30,0.660,BalancedZippelSeparated
fire7_nb0_rank0992,Automatic,1,ok,1017.193,151,2,1,0,0,2305843009213693967:148;2305843009213693973:3,Symbolica_default,cached_powers_Q,69,12,0.710,BalancedZippelSeparated
fire7_nb0_rank0993,Automatic,1,ok,803.003,179,2,1,0,0,2305843009213693967:176;2305843009213693973:3,Symbolica_default,cached_powers_Q,60,27,0.505,BalancedZippelSeparated
fire7_nb0_rank0994,Automatic,1,ok,827.483,134,2,1,0,0,2305843009213693967:131;2305843009213693973:3,Symbolica_default,cached_powers_Q,48,36,0.466,BalancedZippelSeparated
fire7_nb0_rank0995,Automatic,1,ok,1254.974,186,2,1,0,0,2305843009213693967:183;2305843009213693973:3,Symbolica_default,cached_powers_Q,56,39,0.507,BalancedZippelSeparated
fire7_nb0_rank0996,Automatic,1,ok,829.753,134,2,1,0,0,2305843009213693967:131;2305843009213693973:3,Symbolica_default,cached_powers_Q,48,36,0.654,BalancedZippelSeparated
fire7_nb0_rank0997,Automatic,1,ok,941.893,167,2,1,0,0,2305843009213693967:164;2305843009213693973:3,Symbolica_default,cached_powers_Q,50,39,0.685,BalancedZippelSeparated
fire7_nb0_rank0998,Automatic,1,ok,961.763,158,2,1,0,0,2305843009213693967:155;2305843009213693973:3,Symbolica_default,cached_powers_Q,50,39,0.492,BalancedZippelSeparated
fire7_nb0_rank0999,Automatic,1,ok,996.954,170,2,1,0,0,2305843009213693967:167;2305843009213693973:3,Symbolica_default,cached_powers_Q,70,15,0.570,BalancedZippelSeparated
fire7_nb0_rank1000,Automatic,1,ok,842.684,130,2,1,0,0,2305843009213693967:127;2305843009213693973:3,Symbolica_default,cached_powers_Q,63,15,0.709,BalancedZippelSeparated
fire7_nb0_rank1001,Automatic,1,ok,892.613,149,2,1,0,0,2305843009213693967:146;2305843009213693973:3,Symbolica_default,cached_powers_Q,54,27,0.705,BalancedZippelSeparated
fire7_nb0_rank1002,Automatic,1,ok,1069.664,211,2,1,0,0,2305843009213693967:208;2305843009213693973:3,Symbolica_default,cached_powers_Q,56,36,0.708,BalancedZippelSeparated
fire7_nb0_rank1003,Automatic,1,ok,1015.744,145,2,1,0,0,2305843009213693967:142;2305843009213693973:3,Symbolica_default,cached_powers_Q,59,27,0.645,BalancedZippelSeparated
fire7_nb0_rank1004,Automatic,1,ok,880.013,113,2,1,0,0,2305843009213693967:110;2305843009213693973:3,Symbolica_default,cached_powers_Q,35,45,0.832,BalancedZippelSeparated
fire7_nb0_rank1005,Automatic,1,ok,899.813,156,2,1,0,0,2305843009213693967:153;2305843009213693973:3,Symbolica_default,cached_powers_Q,65,15,0.524,BalancedZippelSeparated
fire7_nb0_rank1006,Automatic,1,ok,964.903,136,2,1,0,0,2305843009213693967:133;2305843009213693973:3,Symbolica_default,cached_powers_Q,54,28,0.795,BalancedZippelSeparated
fire7_nb0_rank1007,Automatic,1,ok,901.793,126,2,1,0,0,2305843009213693967:123;2305843009213693973:3,Symbolica_default,cached_powers_Q,21,60,0.560,BalancedZippelSeparated
fire7_nb0_rank1008,Automatic,1,ok,1232.314,227,2,1,0,0,2305843009213693967:224;2305843009213693973:3,Symbolica_default,cached_powers_Q,68,26,0.815,BalancedZippelSeparated
fire7_nb0_rank1009,Automatic,1,ok,902.114,139,2,1,0,0,2305843009213693967:136;2305843009213693973:3,Symbolica_default,cached_powers_Q,48,36,0.702,BalancedZippelSeparated
fire7_nb0_rank1010,Automatic,1,ok,753.563,130,2,1,0,0,2305843009213693967:127;2305843009213693973:3,Symbolica_default,cached_powers_Q,63,20,0.556,BalancedZippelSeparated
fire7_nb0_rank1011,Automatic,1,ok,872.363,121,2,1,0,0,2305843009213693967:118;2305843009213693973:3,Symbolica_default,cached_powers_Q,54,20,0.760,BalancedZippelSeparated
fire7_nb0_rank1012,Automatic,1,ok,978.793,140,2,1,0,0,2305843009213693967:137;2305843009213693973:3,Symbolica_default,cached_powers_Q,60,24,0.827,BalancedZippelSeparated
fire7_nb0_rank1013,Automatic,1,ok,749.093,134,2,1,0,0,2305843009213693967:131;2305843009213693973:3,Symbolica_default,cached_powers_Q,48,32,0.682,BalancedZippelSeparated
fire7_nb0_rank1014,Automatic,1,ok,981.764,119,2,1,0,0,2305843009213693967:116;2305843009213693973:3,Symbolica_default,cached_powers_Q,54,28,0.666,BalancedZippelSeparated
fire7_nb0_rank1015,Automatic,1,ok,1102.854,172,2,1,0,0,2305843009213693967:169;2305843009213693973:3,Symbolica_default,cached_powers_Q,64,21,0.862,BalancedZippelSeparated
fire7_nb0_rank1016,Automatic,1,ok,976.453,126,2,1,0,0,2305843009213693967:123;2305843009213693973:3,Symbolica_default,cached_powers_Q,66,12,0.580,BalancedZippelSeparated
fire7_nb0_rank1017,Automatic,1,ok,999.783,155,2,1,0,0,2305843009213693967:152;2305843009213693973:3,Symbolica_default,cached_powers_Q,65,18,0.848,BalancedZippelSeparated
fire7_nb0_rank1018,Automatic,1,ok,788.933,151,2,1,0,0,2305843009213693967:148;2305843009213693973:3,Symbolica_default,cached_powers_Q,54,27,0.661,BalancedZippelSeparated
fire7_nb0_rank1019,Automatic,1,ok,992.794,126,2,1,0,0,2305843009213693967:123;2305843009213693973:3,Symbolica_default,cached_powers_Q,21,72,0.595,BalancedZippelSeparated
fire7_nb0_rank1020,Automatic,1,ok,938.793,156,2,1,0,0,2305843009213693967:153;2305843009213693973:3,Symbolica_default,cached_powers_Q,65,15,0.770,BalancedZippelSeparated
fire7_nb0_rank1021,Automatic,1,ok,971.873,127,2,1,0,0,2305843009213693967:124;2305843009213693973:3,Symbolica_default,cached_powers_Q,66,15,0.837,BalancedZippelSeparated
fire7_nb0_rank1022,Automatic,1,ok,1060.904,140,2,1,0,0,2305843009213693967:137;2305843009213693973:3,Symbolica_default,cached_powers_Q,30,56,0.650,BalancedZippelSeparated
fire7_nb0_rank1023,Automatic,1,ok,813.093,153,2,1,0,0,2305843009213693967:150;2305843009213693973:3,Symbolica_default,cached_powers_Q,70,12,0.579,BalancedZippelSeparated
fire7_nb0_rank1024,Automatic,1,ok,1170.324,211,2,1,0,0,2305843009213693967:208;2305843009213693973:3,Symbolica_default,cached_powers_Q,56,36,0.783,BalancedZippelSeparated
fire7_nb0_rank1025,Automatic,1,ok,870.653,113,2,1,0,0,2305843009213693967:110;2305843009213693973:3,Symbolica_default,cached_powers_Q,42,42,0.602,BalancedZippelSeparated
fire7_nb0_rank1026,Automatic,1,ok,923.734,139,2,1,0,0,2305843009213693967:136;2305843009213693973:3,Symbolica_default,cached_powers_Q,54,27,0.508,BalancedZippelSeparated
fire7_nb0_rank1027,Automatic,1,ok,729.902,149,2,1,0,0,2305843009213693967:146;2305843009213693973:3,Symbolica_default,cached_powers_Q,54,27,0.699,BalancedZippelSeparated
fire7_nb0_rank1028,Automatic,1,ok,1040.764,149,2,1,0,0,2305843009213693967:146;2305843009213693973:3,Symbolica_default,cached_powers_Q,64,20,0.828,BalancedZippelSeparated
fire7_nb0_rank1029,Automatic,1,ok,849.493,114,2,1,0,0,2305843009213693967:111;2305843009213693973:3,Symbolica_default,cached_powers_Q,59,16,0.567,BalancedZippelSeparated
fire7_nb0_rank1030,Automatic,1,ok,1154.334,196,2,1,0,0,2305843009213693967:193;2305843009213693973:3,Symbolica_default,cached_powers_Q,60,24,0.845,BalancedZippelSeparated
fire7_nb0_rank1031,Automatic,1,ok,1034.354,149,2,1,0,0,2305843009213693967:146;2305843009213693973:3,Symbolica_default,cached_powers_Q,30,56,0.645,BalancedZippelSeparated
fire7_nb0_rank1032,Automatic,1,ok,679.163,122,2,1,0,0,2305843009213693967:119;2305843009213693973:3,Symbolica_default,cached_powers_Q,54,32,0.746,BalancedZippelSeparated
fire7_nb0_rank1033,Automatic,1,ok,963.614,143,2,1,0,0,2305843009213693967:140;2305843009213693973:3,Symbolica_default,cached_powers_Q,40,48,0.517,BalancedZippelSeparated
fire7_nb0_rank1034,Automatic,1,ok,918.103,174,2,1,0,0,2305843009213693967:171;2305843009213693973:3,Symbolica_default,cached_powers_Q,18,72,0.819,BalancedZippelSeparated
fire7_nb0_rank1035,Automatic,1,ok,982.903,125,2,1,0,0,2305843009213693967:122;2305843009213693973:3,Symbolica_default,cached_powers_Q,54,28,0.663,BalancedZippelSeparated
fire7_nb0_rank1036,Automatic,1,ok,724.443,112,2,1,0,0,2305843009213693967:109;2305843009213693973:3,Symbolica_default,cached_powers_Q,42,36,0.612,BalancedZippelSeparated
fire7_nb0_rank1037,Automatic,1,ok,978.864,138,2,1,0,0,2305843009213693967:135;2305843009213693973:3,Symbolica_default,cached_powers_Q,7,80,0.512,BalancedZippelSeparated
fire7_nb0_rank1038,Automatic,1,ok,1083.004,142,2,1,0,0,2305843009213693967:139;2305843009213693973:3,Symbolica_default,cached_powers_Q,60,21,0.587,BalancedZippelSeparated
fire7_nb0_rank1039,Automatic,1,ok,1231.434,228,2,1,0,0,2305843009213693967:225;2305843009213693973:3,Symbolica_default,cached_powers_Q,56,28,0.632,BalancedZippelSeparated
fire7_nb0_rank1040,Automatic,1,ok,1155.884,184,2,1,0,0,2305843009213693967:181;2305843009213693973:3,Symbolica_default,cached_powers_Q,68,14,0.820,BalancedZippelSeparated
fire7_nb0_rank1041,Automatic,1,ok,1080.213,155,2,1,0,0,2305843009213693967:152;2305843009213693973:3,Symbolica_default,cached_powers_Q,50,36,0.508,BalancedZippelSeparated
fire7_nb0_rank1042,Automatic,1,ok,688.683,132,2,1,0,0,2305843009213693967:129;2305843009213693973:3,Symbolica_default,cached_powers_Q,48,32,0.703,BalancedZippelSeparated
fire7_nb0_rank1043,Automatic,1,ok,745.002,119,2,1,0,0,2305843009213693967:116;2305843009213693973:3,Symbolica_default,cached_powers_Q,54,20,0.804,BalancedZippelSeparated
fire7_nb0_rank1044,Automatic,1,ok,686.672,137,2,1,0,0,2305843009213693967:134;2305843009213693973:3,Symbolica_default,cached_powers_Q,64,10,0.762,BalancedZippelSeparated
fire7_nb0_rank1045,Automatic,1,ok,677.632,132,2,1,0,0,2305843009213693967:129;2305843009213693973:3,Symbolica_default,cached_powers_Q,47,32,0.725,BalancedZippelSeparated
fire7_nb0_rank1046,Automatic,1,ok,939.014,148,2,1,0,0,2305843009213693967:145;2305843009213693973:3,Symbolica_default,cached_powers_Q,48,32,0.494,BalancedZippelSeparated
fire7_nb0_rank1047,Automatic,1,ok,951.143,124,2,1,0,0,2305843009213693967:121;2305843009213693973:3,Symbolica_default,cached_powers_Q,42,36,0.590,BalancedZippelSeparated
fire7_nb0_rank1048,Automatic,1,ok,859.443,141,2,1,0,0,2305843009213693967:138;2305843009213693973:3,Symbolica_default,cached_powers_Q,60,20,0.573,BalancedZippelSeparated
fire7_nb0_rank1049,Automatic,1,ok,22599.712,228,2,1,0,0,2305843009213693967:225;2305843009213693973:3,Symbolica_default,cached_powers_Q,56,28,0.640,BalancedZippelSeparated
fire7_nb0_rank1050,Automatic,1,ok,1071.664,156,2,1,0,0,2305843009213693967:153;2305843009213693973:3,Symbolica_default,cached_powers_Q,58,21,0.829,BalancedZippelSeparated
fire7_nb0_rank1051,Automatic,1,ok,919.973,139,2,1,0,0,2305843009213693967:136;2305843009213693973:3,Symbolica_default,cached_powers_Q,59,18,0.588,BalancedZippelSeparated
fire7_nb0_rank1052,Automatic,1,ok,1003.914,143,2,1,0,0,2305843009213693967:140;2305843009213693973:3,Symbolica_default,cached_powers_Q,24,56,0.820,BalancedZippelSeparated
fire7_nb0_rank1053,Automatic,1,ok,1049.634,150,2,1,0,0,2305843009213693967:147;2305843009213693973:3,Symbolica_default,cached_powers_Q,64,15,0.578,BalancedZippelSeparated
fire7_nb0_rank1054,Automatic,1,ok,875.213,117,2,1,0,0,2305843009213693967:114;2305843009213693973:3,Symbolica_default,cached_powers_Q,42,35,0.733,BalancedZippelSeparated
fire7_nb0_rank1055,Automatic,1,ok,1091.344,111,2,1,0,0,2305843009213693967:108;2305843009213693973:3,Symbolica_default,cached_powers_Q,42,35,0.778,BalancedZippelSeparated
fire7_nb0_rank1056,Automatic,1,ok,951.073,128,2,1,0,0,2305843009213693967:125;2305843009213693973:3,Symbolica_default,cached_powers_Q,48,28,0.843,BalancedZippelSeparated
fire7_nb0_rank1057,Automatic,1,ok,1122.734,123,2,1,0,0,2305843009213693967:120;2305843009213693973:3,Symbolica_default,cached_powers_Q,42,36,0.894,BalancedZippelSeparated
fire7_nb0_rank1058,Automatic,1,ok,675.032,128,2,1,0,0,2305843009213693967:125;2305843009213693973:3,Symbolica_default,cached_powers_Q,42,36,0.664,BalancedZippelSeparated
fire7_nb0_rank1059,Automatic,1,ok,948.063,155,2,1,0,0,2305843009213693967:152;2305843009213693973:3,Symbolica_default,cached_powers_Q,49,36,0.730,BalancedZippelSeparated
fire7_nb0_rank1060,Automatic,1,ok,1573.936,215,2,1,0,0,2305843009213693967:212;2305843009213693973:3,Symbolica_default,cached_powers_Q,56,28,1.090,BalancedZippelSeparated
fire7_nb0_rank1061,Automatic,1,ok,862.073,134,2,1,0,0,2305843009213693967:131;2305843009213693973:3,Symbolica_default,cached_powers_Q,6,80,0.623,BalancedZippelSeparated
fire7_nb0_rank1062,Automatic,1,ok,993.734,172,2,1,0,0,2305843009213693967:169;2305843009213693973:3,Symbolica_default,cached_powers_Q,62,21,0.706,BalancedZippelSeparated
fire7_nb0_rank1063,Automatic,1,ok,1018.884,173,2,1,0,0,2305843009213693967:170;2305843009213693973:3,Symbolica_default,cached_powers_Q,59,20,0.746,BalancedZippelSeparated
fire7_nb0_rank1064,Automatic,1,ok,1089.184,119,2,1,0,0,2305843009213693967:116;2305843009213693973:3,Symbolica_default,cached_powers_Q,35,45,0.768,BalancedZippelSeparated
fire7_nb0_rank1065,Automatic,1,ok,1404.236,164,2,1,0,0,2305843009213693967:161;2305843009213693973:3,Symbolica_default,cached_powers_Q,59,21,1.071,BalancedZippelSeparated
fire7_nb0_rank1066,Automatic,1,ok,893.574,119,2,1,0,0,2305843009213693967:116;2305843009213693973:3,Symbolica_default,cached_powers_Q,35,45,0.789,BalancedZippelSeparated
fire7_nb0_rank1067,Automatic,1,ok,1371.055,246,2,1,0,0,2305843009213693967:243;2305843009213693973:3,Symbolica_default,cached_powers_Q,64,14,0.655,BalancedZippelSeparated
fire7_nb0_rank1068,Automatic,1,ok,861.773,142,2,1,0,0,2305843009213693967:139;2305843009213693973:3,Symbolica_default,cached_powers_Q,60,20,0.540,BalancedZippelSeparated
fire7_nb0_rank1069,Automatic,1,ok,926.904,130,2,1,0,0,2305843009213693967:127;2305843009213693973:3,Symbolica_default,cached_powers_Q,64,12,0.662,BalancedZippelSeparated
fire7_nb0_rank1070,Automatic,1,ok,1002.523,159,2,1,0,0,2305843009213693967:156;2305843009213693973:3,Symbolica_default,cached_powers_Q,56,20,0.544,BalancedZippelSeparated
fire7_nb0_rank1071,Automatic,1,ok,896.544,148,2,1,0,0,2305843009213693967:145;2305843009213693973:3,Symbolica_default,cached_powers_Q,65,12,0.695,BalancedZippelSeparated
fire7_nb0_rank1072,Automatic,1,ok,1005.503,146,2,1,0,0,2305843009213693967:143;2305843009213693973:3,Symbolica_default,cached_powers_Q,60,18,0.687,BalancedZippelSeparated
fire7_nb0_rank1073,Automatic,1,ok,1357.585,195,2,1,0,0,2305843009213693967:192;2305843009213693973:3,Symbolica_default,cached_powers_Q,68,12,1.018,BalancedZippelSeparated
fire7_nb0_rank1074,Automatic,1,ok,573.812,110,2,1,0,0,2305843009213693967:107;2305843009213693973:3,Symbolica_default,cached_powers_Q,42,30,0.654,BalancedZippelSeparated
fire7_nb0_rank1075,Automatic,1,ok,1059.164,145,2,1,0,0,2305843009213693967:142;2305843009213693973:3,Symbolica_default,cached_powers_Q,55,21,0.877,BalancedZippelSeparated
fire7_nb0_rank1076,Automatic,1,ok,1021.583,132,2,1,0,0,2305843009213693967:129;2305843009213693973:3,Symbolica_default,cached_powers_Q,64,12,0.850,BalancedZippelSeparated
fire7_nb0_rank1077,Automatic,1,ok,925.414,161,2,1,0,0,2305843009213693967:158;2305843009213693973:3,Symbolica_default,cached_powers_Q,56,20,0.558,BalancedZippelSeparated
fire7_nb0_rank1078,Automatic,1,ok,985.824,148,2,1,0,0,2305843009213693967:145;2305843009213693973:3,Symbolica_default,cached_powers_Q,60,18,0.689,BalancedZippelSeparated
fire7_nb0_rank1079,Automatic,1,ok,1058.034,165,2,1,0,0,2305843009213693967:162;2305843009213693973:3,Symbolica_default,cached_powers_Q,56,24,0.512,BalancedZippelSeparated
fire7_nb0_rank1080,Automatic,1,ok,972.003,177,2,1,0,0,2305843009213693967:174;2305843009213693973:3,Symbolica_default,cached_powers_Q,67,12,0.732,BalancedZippelSeparated
fire7_nb0_rank1081,Automatic,1,ok,928.803,122,2,1,0,0,2305843009213693967:119;2305843009213693973:3,Symbolica_default,cached_powers_Q,18,60,0.974,BalancedZippelSeparated
fire7_nb0_rank1082,Automatic,1,ok,1294.454,151,2,1,0,0,2305843009213693967:148;2305843009213693973:3,Symbolica_default,cached_powers_Q,60,15,0.980,BalancedZippelSeparated
fire7_nb0_rank1083,Automatic,1,ok,892.113,141,2,1,0,0,2305843009213693967:138;2305843009213693973:3,Symbolica_default,cached_powers_Q,48,27,0.483,BalancedZippelSeparated
fire7_nb0_rank1084,Automatic,1,ok,1154.304,140,2,1,0,0,2305843009213693967:137;2305843009213693973:3,Symbolica_default,cached_powers_Q,50,28,0.566,BalancedZippelSeparated
fire7_nb0_rank1085,Automatic,1,ok,1079.894,131,2,1,0,0,2305843009213693967:128;2305843009213693973:3,Symbolica_default,cached_powers_Q,48,27,0.892,BalancedZippelSeparated
fire7_nb0_rank1086,Automatic,1,ok,770.362,158,2,1,0,0,2305843009213693967:155;2305843009213693973:3,Symbolica_default,cached_powers_Q,56,20,0.851,BalancedZippelSeparated
fire7_nb0_rank1087,Automatic,1,ok,890.973,119,2,1,0,0,2305843009213693967:116;2305843009213693973:3,Symbolica_default,cached_powers_Q,53,20,0.566,BalancedZippelSeparated
fire7_nb0_rank1088,Automatic,1,ok,1136.434,133,2,1,0,0,2305843009213693967:130;2305843009213693973:3,Symbolica_default,cached_powers_Q,65,9,0.922,BalancedZippelSeparated
fire7_nb0_rank1089,Automatic,1,ok,1158.795,130,2,1,0,0,2305843009213693967:127;2305843009213693973:3,Symbolica_default,cached_powers_Q,60,12,0.900,BalancedZippelSeparated
fire7_nb0_rank1090,Automatic,1,ok,938.883,147,2,1,0,0,2305843009213693967:144;2305843009213693973:3,Symbolica_default,cached_powers_Q,52,24,0.664,BalancedZippelSeparated
fire7_nb0_rank1091,Automatic,1,ok,983.314,168,2,1,0,0,2305843009213693967:165;2305843009213693973:3,Symbolica_default,cached_powers_Q,56,20,0.567,BalancedZippelSeparated
fire7_nb0_rank1092,Automatic,1,ok,960.654,188,2,1,0,0,2305843009213693967:185;2305843009213693973:3,Symbolica_default,cached_powers_Q,65,12,0.553,BalancedZippelSeparated
fire7_nb0_rank1093,Automatic,1,ok,1067.213,101,2,1,0,0,2305843009213693967:98;2305843009213693973:3,Symbolica_default,cached_powers_Q,49,18,0.882,BalancedZippelSeparated
fire7_nb0_rank1094,Automatic,1,ok,1269.395,146,2,1,0,0,2305843009213693967:143;2305843009213693973:3,Symbolica_default,cached_powers_Q,53,21,0.819,BalancedZippelSeparated
fire7_nb0_rank1095,Automatic,1,ok,1054.734,157,2,1,0,0,2305843009213693967:154;2305843009213693973:3,Symbolica_default,cached_powers_Q,55,18,0.780,BalancedZippelSeparated
fire7_nb0_rank1096,Automatic,1,ok,939.264,128,2,1,0,0,2305843009213693967:125;2305843009213693973:3,Symbolica_default,cached_powers_Q,45,28,0.819,BalancedZippelSeparated
fire7_nb0_rank1097,Automatic,1,ok,860.813,119,2,1,0,0,2305843009213693967:116;2305843009213693973:3,Symbolica_default,cached_powers_Q,62,12,0.529,BalancedZippelSeparated
fire7_nb0_rank1098,Automatic,1,ok,1223.034,158,2,1,0,0,2305843009213693967:155;2305843009213693973:3,Symbolica_default,cached_powers_Q,49,30,0.859,BalancedZippelSeparated
fire7_nb0_rank1099,Automatic,1,ok,975.583,157,2,1,0,0,2305843009213693967:154;2305843009213693973:3,Symbolica_default,cached_powers_Q,56,20,0.621,BalancedZippelSeparated
fire7_nb0_rank1100,Automatic,1,ok,818.003,153,2,1,0,0,2305843009213693967:150;2305843009213693973:3,Symbolica_default,cached_powers_Q,45,36,0.503,BalancedZippelSeparated
fire7_nb0_rank1101,Automatic,1,ok,1031.764,134,2,1,0,0,2305843009213693967:131;2305843009213693973:3,Symbolica_default,cached_powers_Q,45,36,0.482,BalancedZippelSeparated
fire7_nb0_rank1102,Automatic,1,ok,1315.325,137,2,1,0,0,2305843009213693967:134;2305843009213693973:3,Symbolica_default,cached_powers_Q,53,18,0.779,BalancedZippelSeparated
fire7_nb0_rank1103,Automatic,1,ok,1143.064,115,2,1,0,0,2305843009213693967:112;2305843009213693973:3,Symbolica_default,cached_powers_Q,30,45,0.994,BalancedZippelSeparated
fire7_nb0_rank1104,Automatic,1,ok,791.682,109,2,1,0,0,2305843009213693967:106;2305843009213693973:3,Symbolica_default,cached_powers_Q,30,45,0.638,BalancedZippelSeparated
fire7_nb0_rank1105,Automatic,1,ok,879.263,106,2,1,0,0,2305843009213693967:103;2305843009213693973:3,Symbolica_default,cached_powers_Q,30,45,0.755,BalancedZippelSeparated
fire7_nb0_rank1106,Automatic,1,ok,896.884,109,2,1,0,0,2305843009213693967:106;2305843009213693973:3,Symbolica_default,cached_powers_Q,30,45,0.693,BalancedZippelSeparated
fire7_nb0_rank1107,Automatic,1,ok,1012.993,172,2,1,0,0,2305843009213693967:169;2305843009213693973:3,Symbolica_default,cached_powers_Q,56,27,0.964,BalancedZippelSeparated
fire7_nb0_rank1108,Automatic,1,ok,1264.464,153,2,1,0,0,2305843009213693967:150;2305843009213693973:3,Symbolica_default,cached_powers_Q,52,28,1.021,BalancedZippelSeparated
fire7_nb0_rank1109,Automatic,1,ok,1173.665,122,2,1,0,0,2305843009213693967:119;2305843009213693973:3,Symbolica_default,cached_powers_Q,18,60,0.779,BalancedZippelSeparated
fire7_nb0_rank1110,Automatic,1,ok,3552.543,130,2,1,0,0,2305843009213693967:127;2305843009213693973:3,Symbolica_default,cached_powers_Q,6,72,0.505,BalancedZippelSeparated
fire7_nb0_rank1111,Automatic,1,ok,842.433,117,2,1,0,0,2305843009213693967:114;2305843009213693973:3,Symbolica_default,cached_powers_Q,36,36,0.464,BalancedZippelSeparated
fire7_nb0_rank1112,Automatic,1,ok,900.944,126,2,1,0,0,2305843009213693967:123;2305843009213693973:3,Symbolica_default,cached_powers_Q,54,20,0.556,BalancedZippelSeparated
fire7_nb0_rank1113,Automatic,1,ok,1128.404,110,2,1,0,0,2305843009213693967:107;2305843009213693973:3,Symbolica_default,cached_powers_Q,48,20,0.765,BalancedZippelSeparated
fire7_nb0_rank1114,Automatic,1,ok,1348.685,115,2,1,0,0,2305843009213693967:112;2305843009213693973:3,Symbolica_default,cached_powers_Q,30,45,0.802,BalancedZippelSeparated
fire7_nb0_rank1115,Automatic,1,ok,1094.744,115,2,1,0,0,2305843009213693967:112;2305843009213693973:3,Symbolica_default,cached_powers_Q,28,36,1.052,BalancedZippelSeparated
fire7_nb0_rank1116,Automatic,1,ok,1222.255,132,2,1,0,0,2305843009213693967:129;2305843009213693973:3,Symbolica_default,cached_powers_Q,40,36,1.077,BalancedZippelSeparated
fire7_nb0_rank1117,Automatic,1,ok,1123.014,115,2,1,0,0,2305843009213693967:112;2305843009213693973:3,Symbolica_default,cached_powers_Q,30,45,0.803,BalancedZippelSeparated
fire7_nb0_rank1118,Automatic,1,ok,831.474,110,2,1,0,0,2305843009213693967:107;2305843009213693973:3,Symbolica_default,cached_powers_Q,48,15,0.743,BalancedZippelSeparated
fire7_nb0_rank1119,Automatic,1,ok,830.413,117,2,1,0,0,2305843009213693967:114;2305843009213693973:3,Symbolica_default,cached_powers_Q,35,36,0.512,BalancedZippelSeparated
fire7_nb0_rank1120,Automatic,1,ok,849.183,109,2,1,0,0,2305843009213693967:106;2305843009213693973:3,Symbolica_default,cached_powers_Q,42,21,0.780,BalancedZippelSeparated
fire7_nb0_rank1121,Automatic,1,ok,850.343,126,2,1,0,0,2305843009213693967:123;2305843009213693973:3,Symbolica_default,cached_powers_Q,54,15,0.542,BalancedZippelSeparated
fire7_nb0_rank1122,Automatic,1,ok,1066.964,120,2,1,0,0,2305843009213693967:117;2305843009213693973:3,Symbolica_default,cached_powers_Q,54,12,0.964,BalancedZippelSeparated
fire7_nb0_rank1123,Automatic,1,ok,1155.755,126,2,1,0,0,2305843009213693967:123;2305843009213693973:3,Symbolica_default,cached_powers_Q,54,15,0.733,BalancedZippelSeparated
fire7_nb0_rank1124,Automatic,1,ok,902.424,128,2,1,0,0,2305843009213693967:125;2305843009213693973:3,Symbolica_default,cached_powers_Q,50,21,0.705,BalancedZippelSeparated
fire7_nb0_rank1125,Automatic,1,ok,931.784,132,2,1,0,0,2305843009213693967:129;2305843009213693973:3,Symbolica_default,cached_powers_Q,40,36,0.792,BalancedZippelSeparated
fire7_nb0_rank1126,Automatic,1,ok,619.112,121,2,1,0,0,2305843009213693967:118;2305843009213693973:3,Symbolica_default,cached_powers_Q,40,32,0.639,BalancedZippelSeparated
fire7_nb0_rank1127,Automatic,1,ok,977.503,161,2,1,0,0,2305843009213693967:158;2305843009213693973:3,Symbolica_default,cached_powers_Q,39,39,0.507,BalancedZippelSeparated
fire7_nb0_rank1128,Automatic,1,ok,1487.356,177,2,1,0,0,2305843009213693967:174;2305843009213693973:3,Symbolica_default,cached_powers_Q,55,26,1.018,BalancedZippelSeparated
fire7_nb0_rank1129,Automatic,1,ok,975.034,138,2,1,0,0,2305843009213693967:135;2305843009213693973:3,Symbolica_default,cached_powers_Q,47,21,0.815,BalancedZippelSeparated
fire7_nb0_rank1130,Automatic,1,ok,848.143,128,2,1,0,0,2305843009213693967:125;2305843009213693973:3,Symbolica_default,cached_powers_Q,54,15,0.485,BalancedZippelSeparated
fire7_nb0_rank1131,Automatic,1,ok,860.353,135,2,1,0,0,2305843009213693967:132;2305843009213693973:3,Symbolica_default,cached_powers_Q,45,27,0.454,BalancedZippelSeparated
fire7_nb0_rank1132,Automatic,1,ok,750.473,121,2,1,0,0,2305843009213693967:118;2305843009213693973:3,Symbolica_default,cached_powers_Q,42,28,0.736,BalancedZippelSeparated
fire7_nb0_rank1133,Automatic,1,ok,1159.024,159,2,1,0,0,2305843009213693967:156;2305843009213693973:3,Symbolica_default,cached_powers_Q,49,27,0.880,BalancedZippelSeparated
fire7_nb0_rank1134,Automatic,1,ok,1005.994,132,2,1,0,0,2305843009213693967:129;2305843009213693973:3,Symbolica_default,cached_powers_Q,40,36,1.061,BalancedZippelSeparated
fire7_nb0_rank1135,Automatic,1,ok,1205.224,140,2,1,0,0,2305843009213693967:137;2305843009213693973:3,Symbolica_default,cached_powers_Q,49,21,0.644,BalancedZippelSeparated
fire7_nb0_rank1136,Automatic,1,ok,809.993,113,2,1,0,0,2305843009213693967:110;2305843009213693973:3,Symbolica_default,cached_powers_Q,45,20,0.541,BalancedZippelSeparated
fire7_nb0_rank1137,Automatic,1,ok,529.552,107,2,1,0,0,2305843009213693967:104;2305843009213693973:3,Symbolica_default,cached_powers_Q,51,15,0.648,BalancedZippelSeparated
fire7_nb0_rank1138,Automatic,1,ok,970.384,164,2,1,0,0,2305843009213693967:161;2305843009213693973:3,Symbolica_default,cached_powers_Q,56,18,0.551,BalancedZippelSeparated
fire7_nb0_rank1139,Automatic,1,ok,925.633,152,2,1,0,0,2305843009213693967:149;2305843009213693973:3,Symbolica_default,cached_powers_Q,49,27,0.710,BalancedZippelSeparated
fire7_nb0_rank1140,Automatic,1,ok,1010.584,148,2,1,0,0,2305843009213693967:145;2305843009213693973:3,Symbolica_default,cached_powers_Q,55,14,0.777,BalancedZippelSeparated
fire7_nb0_rank1141,Automatic,1,ok,862.603,115,2,1,0,0,2305843009213693967:112;2305843009213693973:3,Symbolica_default,cached_powers_Q,45,20,0.620,BalancedZippelSeparated
fire7_nb0_rank1142,Automatic,1,ok,845.893,101,2,1,0,0,2305843009213693967:98;2305843009213693973:3,Symbolica_default,cached_powers_Q,49,15,0.502,BalancedZippelSeparated
fire7_nb0_rank1143,Automatic,1,ok,908.483,120,2,1,0,0,2305843009213693967:117;2305843009213693973:3,Symbolica_default,cached_powers_Q,44,28,0.745,BalancedZippelSeparated
fire7_nb0_rank1144,Automatic,1,ok,891.033,159,2,1,0,0,2305843009213693967:156;2305843009213693973:3,Symbolica_default,cached_powers_Q,56,15,0.709,BalancedZippelSeparated
fire7_nb0_rank1145,Automatic,1,ok,1089.844,132,2,1,0,0,2305843009213693967:129;2305843009213693973:3,Symbolica_default,cached_powers_Q,58,12,0.766,BalancedZippelSeparated
fire7_nb0_rank1146,Automatic,1,ok,870.513,131,2,1,0,0,2305843009213693967:128;2305843009213693973:3,Symbolica_default,cached_powers_Q,50,24,0.507,BalancedZippelSeparated
fire7_nb0_rank1147,Automatic,1,ok,936.504,128,2,1,0,0,2305843009213693967:125;2305843009213693973:3,Symbolica_default,cached_powers_Q,60,10,0.719,BalancedZippelSeparated
fire7_nb0_rank1148,Automatic,1,ok,833.853,110,2,1,0,0,2305843009213693967:107;2305843009213693973:3,Symbolica_default,cached_powers_Q,48,20,0.536,BalancedZippelSeparated
fire7_nb0_rank1149,Automatic,1,ok,881.743,158,2,1,0,0,2305843009213693967:155;2305843009213693973:3,Symbolica_default,cached_powers_Q,56,15,0.519,BalancedZippelSeparated
fire7_nb0_rank1150,Automatic,1,ok,771.773,104,2,1,0,0,2305843009213693967:101;2305843009213693973:3,Symbolica_default,cached_powers_Q,36,35,0.512,BalancedZippelSeparated
fire7_nb0_rank1151,Automatic,1,ok,1323.965,151,2,1,0,0,2305843009213693967:148;2305843009213693973:3,Symbolica_default,cached_powers_Q,28,42,1.082,BalancedZippelSeparated
fire7_nb0_rank1152,Automatic,1,ok,1125.064,143,2,1,0,0,2305843009213693967:140;2305843009213693973:3,Symbolica_default,cached_powers_Q,45,27,0.962,BalancedZippelSeparated
fire7_nb0_rank1153,Automatic,1,ok,834.153,130,2,1,0,0,2305843009213693967:127;2305843009213693973:3,Symbolica_default,cached_powers_Q,45,27,0.502,BalancedZippelSeparated
fire7_nb0_rank1154,Automatic,1,ok,969.343,157,2,1,0,0,2305843009213693967:154;2305843009213693973:3,Symbolica_default,cached_powers_Q,40,39,0.460,BalancedZippelSeparated
fire7_nb0_rank1155,Automatic,1,ok,788.953,130,2,1,0,0,2305843009213693967:127;2305843009213693973:3,Symbolica_default,cached_powers_Q,45,27,0.463,BalancedZippelSeparated
fire7_nb0_rank1156,Automatic,1,ok,999.074,103,2,1,0,0,2305843009213693967:100;2305843009213693973:3,Symbolica_default,cached_powers_Q,47,24,0.565,BalancedZippelSeparated
fire7_nb0_rank1157,Automatic,1,ok,854.204,112,2,1,0,0,2305843009213693967:109;2305843009213693973:3,Symbolica_default,cached_powers_Q,36,36,0.673,BalancedZippelSeparated
fire7_nb0_rank1158,Automatic,1,ok,917.693,134,2,1,0,0,2305843009213693967:131;2305843009213693973:3,Symbolica_default,cached_powers_Q,41,36,0.703,BalancedZippelSeparated
fire7_nb0_rank1159,Automatic,1,ok,771.743,117,2,1,0,0,2305843009213693967:114;2305843009213693973:3,Symbolica_default,cached_powers_Q,54,12,0.547,BalancedZippelSeparated
fire7_nb0_rank1160,Automatic,1,ok,796.963,139,2,1,0,0,2305843009213693967:136;2305843009213693973:3,Symbolica_default,cached_powers_Q,45,27,0.470,BalancedZippelSeparated
fire7_nb0_rank1161,Automatic,1,ok,833.223,109,2,1,0,0,2305843009213693967:106;2305843009213693973:3,Symbolica_default,cached_powers_Q,30,36,0.769,BalancedZippelSeparated
fire7_nb0_rank1162,Automatic,1,ok,564.203,103,2,1,0,0,2305843009213693967:100;2305843009213693973:3,Symbolica_default,cached_powers_Q,54,12,0.706,BalancedZippelSeparated
fire7_nb0_rank1163,Automatic,1,ok,1477.615,156,2,1,0,0,2305843009213693967:153;2305843009213693973:3,Symbolica_default,cached_powers_Q,60,12,0.762,BalancedZippelSeparated
fire7_nb0_rank1164,Automatic,1,ok,1187.414,135,2,1,0,0,2305843009213693967:132;2305843009213693973:3,Symbolica_default,cached_powers_Q,55,12,0.929,BalancedZippelSeparated
fire7_nb0_rank1165,Automatic,1,ok,890.624,148,2,1,0,0,2305843009213693967:145;2305843009213693973:3,Symbolica_default,cached_powers_Q,45,24,0.475,BalancedZippelSeparated
fire7_nb0_rank1166,Automatic,1,ok,1210.994,127,2,1,0,0,2305843009213693967:124;2305843009213693973:3,Symbolica_default,cached_powers_Q,35,36,1.063,BalancedZippelSeparated
fire7_nb0_rank1167,Automatic,1,ok,695.462,120,2,1,0,0,2305843009213693967:117;2305843009213693973:3,Symbolica_default,cached_powers_Q,17,60,0.688,BalancedZippelSeparated
fire7_nb0_rank1168,Automatic,1,ok,963.393,153,2,1,0,0,2305843009213693967:150;2305843009213693973:3,Symbolica_default,cached_powers_Q,58,12,0.505,BalancedZippelSeparated
fire7_nb0_rank1169,Automatic,1,ok,850.493,108,2,1,0,0,2305843009213693967:105;2305843009213693973:3,Symbolica_default,cached_powers_Q,35,35,0.538,BalancedZippelSeparated
fire7_nb0_rank1170,Automatic,1,ok,651.773,108,2,1,0,0,2305843009213693967:105;2305843009213693973:3,Symbolica_default,cached_powers_Q,35,35,0.715,BalancedZippelSeparated
fire7_nb0_rank1171,Automatic,1,ok,923.233,107,2,1,0,0,2305843009213693967:104;2305843009213693973:3,Symbolica_default,cached_powers_Q,30,36,1.025,BalancedZippelSeparated
fire7_nb0_rank1172,Automatic,1,ok,1011.854,129,2,1,0,0,2305843009213693967:126;2305843009213693973:3,Symbolica_default,cached_powers_Q,41,21,0.798,BalancedZippelSeparated
fire7_nb0_rank1173,Automatic,1,ok,977.134,108,2,1,0,0,2305843009213693967:105;2305843009213693973:3,Symbolica_default,cached_powers_Q,33,35,0.797,BalancedZippelSeparated
fire7_nb0_rank1174,Automatic,1,ok,778.403,90,2,1,0,0,2305843009213693967:87;2305843009213693973:3,Symbolica_default,cached_powers_Q,35,25,0.504,BalancedZippelSeparated
fire7_nb0_rank1175,Automatic,1,ok,774.772,90,2,1,0,0,2305843009213693967:87;2305843009213693973:3,Symbolica_default,cached_powers_Q,35,25,0.501,BalancedZippelSeparated
fire7_nb0_rank1176,Automatic,1,ok,679.552,125,2,1,0,0,2305843009213693967:122;2305843009213693973:3,Symbolica_default,cached_powers_Q,60,4,0.441,BalancedZippelSeparated
fire7_nb0_rank1177,Automatic,1,ok,548.312,104,2,1,0,0,2305843009213693967:101;2305843009213693973:3,Symbolica_default,cached_powers_Q,52,10,0.693,BalancedZippelSeparated
fire7_nb0_rank1178,Automatic,1,ok,912.093,134,2,1,0,0,2305843009213693967:131;2305843009213693973:3,Symbolica_default,cached_powers_Q,50,21,0.539,BalancedZippelSeparated
fire7_nb0_rank1179,Automatic,1,ok,774.533,110,2,1,0,0,2305843009213693967:107;2305843009213693973:3,Symbolica_default,cached_powers_Q,54,12,0.497,BalancedZippelSeparated
fire7_nb0_rank1180,Automatic,1,ok,612.933,102,2,1,0,0,2305843009213693967:99;2305843009213693973:3,Symbolica_default,cached_powers_Q,38,24,0.621,BalancedZippelSeparated
fire7_nb0_rank1181,Automatic,1,ok,832.923,120,2,1,0,0,2305843009213693967:117;2305843009213693973:3,Symbolica_default,cached_powers_Q,39,27,0.887,BalancedZippelSeparated
fire7_nb0_rank1182,Automatic,1,ok,1171.865,157,2,1,0,0,2305843009213693967:154;2305843009213693973:3,Symbolica_default,cached_powers_Q,44,27,0.905,BalancedZippelSeparated
fire7_nb0_rank1183,Automatic,1,ok,950.514,157,2,1,0,0,2305843009213693967:154;2305843009213693973:3,Symbolica_default,cached_powers_Q,44,27,0.679,BalancedZippelSeparated
fire7_nb0_rank1184,Automatic,1,ok,835.113,118,2,1,0,0,2305843009213693967:115;2305843009213693973:3,Symbolica_default,cached_powers_Q,55,10,0.649,BalancedZippelSeparated
fire7_nb0_rank1185,Automatic,1,ok,832.243,107,2,1,0,0,2305843009213693967:104;2305843009213693973:3,Symbolica_default,cached_powers_Q,30,36,0.560,BalancedZippelSeparated
fire7_nb0_rank1186,Automatic,1,ok,890.664,107,2,1,0,0,2305843009213693967:104;2305843009213693973:3,Symbolica_default,cached_powers_Q,30,36,1.001,BalancedZippelSeparated
fire7_nb0_rank1187,Automatic,1,ok,1130.134,141,2,1,0,0,2305843009213693967:138;2305843009213693973:3,Symbolica_default,cached_powers_Q,52,12,0.758,BalancedZippelSeparated
fire7_nb0_rank1188,Automatic,1,ok,1118.753,123,2,1,0,0,2305843009213693967:120;2305843009213693973:3,Symbolica_default,cached_powers_Q,45,27,0.669,BalancedZippelSeparated
fire7_nb0_rank1189,Automatic,1,ok,825.823,117,2,1,0,0,2305843009213693967:114;2305843009213693973:3,Symbolica_default,cached_powers_Q,36,36,0.475,BalancedZippelSeparated
fire7_nb0_rank1190,Automatic,1,ok,886.613,129,2,1,0,0,2305843009213693967:126;2305843009213693973:3,Symbolica_default,cached_powers_Q,50,20,0.728,BalancedZippelSeparated
fire7_nb0_rank1191,Automatic,1,ok,920.023,134,2,1,0,0,2305843009213693967:131;2305843009213693973:3,Symbolica_default,cached_powers_Q,52,15,0.492,BalancedZippelSeparated
fire7_nb0_rank1192,Automatic,1,ok,778.762,97,2,1,0,0,2305843009213693967:94;2305843009213693973:3,Symbolica_default,cached_powers_Q,41,24,0.727,BalancedZippelSeparated
fire7_nb0_rank1193,Automatic,1,ok,1552.415,159,2,1,0,0,2305843009213693967:156;2305843009213693973:3,Symbolica_default,cached_powers_Q,45,20,0.956,BalancedZippelSeparated
fire7_nb0_rank1194,Automatic,1,ok,880.853,103,2,1,0,0,2305843009213693967:100;2305843009213693973:3,Symbolica_default,cached_powers_Q,40,28,0.592,BalancedZippelSeparated
fire7_nb0_rank1195,Automatic,1,ok,942.873,126,2,1,0,0,2305843009213693967:123;2305843009213693973:3,Symbolica_default,cached_powers_Q,45,21,0.726,BalancedZippelSeparated
fire7_nb0_rank1196,Automatic,1,ok,670.153,113,2,1,0,0,2305843009213693967:110;2305843009213693973:3,Symbolica_default,cached_powers_Q,53,12,0.621,BalancedZippelSeparated
fire7_nb0_rank1197,Automatic,1,ok,804.263,103,2,1,0,0,2305843009213693967:100;2305843009213693973:3,Symbolica_default,cached_powers_Q,48,15,0.492,BalancedZippelSeparated
fire7_nb0_rank1198,Automatic,1,ok,1137.944,149,2,1,0,0,2305843009213693967:146;2305843009213693973:3,Symbolica_default,cached_powers_Q,42,27,0.835,BalancedZippelSeparated
fire7_nb0_rank1199,Automatic,1,ok,1318.424,115,2,1,0,0,2305843009213693967:112;2305843009213693973:3,Symbolica_default,cached_powers_Q,30,36,0.766,BalancedZippelSeparated
fire7_nb0_rank1200,Automatic,1,ok,856.683,118,2,1,0,0,2305843009213693967:115;2305843009213693973:3,Symbolica_default,cached_powers_Q,45,24,0.485,BalancedZippelSeparated
fire7_nb0_rank1201,Automatic,1,ok,905.473,132,2,1,0,0,2305843009213693967:129;2305843009213693973:3,Symbolica_default,cached_powers_Q,52,15,0.690,BalancedZippelSeparated
fire7_nb0_rank1202,Automatic,1,ok,994.463,166,2,1,0,0,2305843009213693967:163;2305843009213693973:3,Symbolica_default,cached_powers_Q,50,18,0.680,BalancedZippelSeparated
fire7_nb0_rank1203,Automatic,1,ok,894.923,138,2,1,0,0,2305843009213693967:135;2305843009213693973:3,Symbolica_default,cached_powers_Q,35,39,0.790,BalancedZippelSeparated
fire7_nb0_rank1204,Automatic,1,ok,1190.084,134,2,1,0,0,2305843009213693967:131;2305843009213693973:3,Symbolica_default,cached_powers_Q,17,56,0.990,BalancedZippelSeparated
fire7_nb0_rank1205,Automatic,1,ok,1023.583,169,2,1,0,0,2305843009213693967:166;2305843009213693973:3,Symbolica_default,cached_powers_Q,48,20,0.749,BalancedZippelSeparated
fire7_nb0_rank1206,Automatic,1,ok,657.042,113,2,1,0,0,2305843009213693967:110;2305843009213693973:3,Symbolica_default,cached_powers_Q,30,36,0.572,BalancedZippelSeparated
fire7_nb0_rank1207,Automatic,1,ok,764.683,109,2,1,0,0,2305843009213693967:106;2305843009213693973:3,Symbolica_default,cached_powers_Q,37,32,0.443,BalancedZippelSeparated
fire7_nb0_rank1208,Automatic,1,ok,987.364,151,2,1,0,0,2305843009213693967:148;2305843009213693973:3,Symbolica_default,cached_powers_Q,56,18,0.551,BalancedZippelSeparated
fire7_nb0_rank1209,Automatic,1,ok,1098.543,110,2,1,0,0,2305843009213693967:107;2305843009213693973:3,Symbolica_default,cached_powers_Q,47,15,0.942,BalancedZippelSeparated
fire7_nb0_rank1210,Automatic,1,ok,913.254,120,2,1,0,0,2305843009213693967:117;2305843009213693973:3,Symbolica_default,cached_powers_Q,44,21,0.738,BalancedZippelSeparated
fire7_nb0_rank1211,Automatic,1,ok,726.952,122,2,1,0,0,2305843009213693967:119;2305843009213693973:3,Symbolica_default,cached_powers_Q,18,48,0.730,BalancedZippelSeparated
fire7_nb0_rank1212,Automatic,1,ok,588.133,106,2,1,0,0,2305843009213693967:103;2305843009213693973:3,Symbolica_default,cached_powers_Q,36,28,0.698,BalancedZippelSeparated
fire7_nb0_rank1213,Automatic,1,ok,871.993,129,2,1,0,0,2305843009213693967:126;2305843009213693973:3,Symbolica_default,cached_powers_Q,50,15,0.501,BalancedZippelSeparated
fire7_nb0_rank1214,Automatic,1,ok,630.173,117,2,1,0,0,2305843009213693967:114;2305843009213693973:3,Symbolica_default,cached_powers_Q,45,15,0.677,BalancedZippelSeparated
fire7_nb0_rank1215,Automatic,1,ok,1460.835,196,2,1,0,0,2305843009213693967:193;2305843009213693973:3,Symbolica_default,cached_powers_Q,40,30,1.030,BalancedZippelSeparated
fire7_nb0_rank1216,Automatic,1,ok,665.002,99,2,1,0,0,2305843009213693967:96;2305843009213693973:3,Symbolica_default,cached_powers_Q,40,20,0.668,BalancedZippelSeparated
fire7_nb0_rank1217,Automatic,1,ok,820.603,128,2,1,0,0,2305843009213693967:125;2305843009213693973:3,Symbolica_default,cached_powers_Q,52,12,0.521,BalancedZippelSeparated
fire7_nb0_rank1218,Automatic,1,ok,890.643,120,2,1,0,0,2305843009213693967:117;2305843009213693973:3,Symbolica_default,cached_powers_Q,45,21,0.678,BalancedZippelSeparated
fire7_nb0_rank1219,Automatic,1,ok,516.892,107,2,1,0,0,2305843009213693967:104;2305843009213693973:3,Symbolica_default,cached_powers_Q,54,8,0.500,BalancedZippelSeparated
fire7_nb0_rank1220,Automatic,1,ok,1094.754,113,2,1,0,0,2305843009213693967:110;2305843009213693973:3,Symbolica_default,cached_powers_Q,45,20,0.968,BalancedZippelSeparated
fire7_nb0_rank1221,Automatic,1,ok,674.753,107,2,1,0,0,2305843009213693967:104;2305843009213693973:3,Symbolica_default,cached_powers_Q,53,12,0.960,BalancedZippelSeparated
fire7_nb0_rank1222,Automatic,1,ok,933.993,126,2,1,0,0,2305843009213693967:123;2305843009213693973:3,Symbolica_default,cached_powers_Q,45,21,0.695,BalancedZippelSeparated
fire7_nb0_rank1223,Automatic,1,ok,845.033,120,2,1,0,0,2305843009213693967:117;2305843009213693973:3,Symbolica_default,cached_powers_Q,45,21,0.534,BalancedZippelSeparated
fire7_nb0_rank1224,Automatic,1,ok,785.272,107,2,1,0,0,2305843009213693967:104;2305843009213693973:3,Symbolica_default,cached_powers_Q,29,36,0.580,BalancedZippelSeparated
fire7_nb0_rank1225,Automatic,1,ok,820.923,109,2,1,0,0,2305843009213693967:106;2305843009213693973:3,Symbolica_default,cached_powers_Q,30,36,0.550,BalancedZippelSeparated
fire7_nb0_rank1226,Automatic,1,ok,1113.904,111,2,1,0,0,2305843009213693967:108;2305843009213693973:3,Symbolica_default,cached_powers_Q,30,36,1.014,BalancedZippelSeparated
fire7_nb0_rank1227,Automatic,1,ok,952.023,109,2,1,0,0,2305843009213693967:106;2305843009213693973:3,Symbolica_default,cached_powers_Q,30,36,0.798,BalancedZippelSeparated
fire7_nb0_rank1228,Automatic,1,ok,787.372,119,2,1,0,0,2305843009213693967:116;2305843009213693973:3,Symbolica_default,cached_powers_Q,36,27,0.455,BalancedZippelSeparated
fire7_nb0_rank1229,Automatic,1,ok,613.092,114,2,1,0,0,2305843009213693967:111;2305843009213693973:3,Symbolica_default,cached_powers_Q,36,27,0.461,BalancedZippelSeparated
fire7_nb0_rank1230,Automatic,1,ok,749.233,119,2,1,0,0,2305843009213693967:116;2305843009213693973:3,Symbolica_default,cached_powers_Q,36,27,0.453,BalancedZippelSeparated
fire7_nb0_rank1231,Automatic,1,ok,559.122,114,2,1,0,0,2305843009213693967:111;2305843009213693973:3,Symbolica_default,cached_powers_Q,36,27,0.679,BalancedZippelSeparated
fire7_nb0_rank1232,Automatic,1,ok,919.963,88,2,1,0,0,2305843009213693967:85;2305843009213693973:3,Symbolica_default,cached_powers_Q,35,18,0.716,BalancedZippelSeparated
fire7_nb0_rank1233,Automatic,1,ok,552.792,96,2,1,0,0,2305843009213693967:93;2305843009213693973:3,Symbolica_default,cached_powers_Q,45,12,0.768,BalancedZippelSeparated
fire7_nb0_rank1234,Automatic,1,ok,784.273,120,2,1,0,0,2305843009213693967:117;2305843009213693973:3,Symbolica_default,cached_powers_Q,48,16,0.525,BalancedZippelSeparated
fire7_nb0_rank1235,Automatic,1,ok,914.153,119,2,1,0,0,2305843009213693967:116;2305843009213693973:3,Symbolica_default,cached_powers_Q,40,21,0.713,BalancedZippelSeparated
fire7_nb0_rank1236,Automatic,1,ok,830.123,120,2,1,0,0,2305843009213693967:117;2305843009213693973:3,Symbolica_default,cached_powers_Q,16,48,0.504,BalancedZippelSeparated
fire7_nb0_rank1237,Automatic,1,ok,1151.485,120,2,1,0,0,2305843009213693967:117;2305843009213693973:3,Symbolica_default,cached_powers_Q,16,48,0.915,BalancedZippelSeparated
fire7_nb0_rank1238,Automatic,1,ok,981.114,114,2,1,0,0,2305843009213693967:111;2305843009213693973:3,Symbolica_default,cached_powers_Q,45,21,1.302,BalancedZippelSeparated
fire7_nb0_rank1239,Automatic,1,ok,811.872,120,2,1,0,0,2305843009213693967:117;2305843009213693973:3,Symbolica_default,cached_powers_Q,45,18,0.719,BalancedZippelSeparated
fire7_nb0_rank1240,Automatic,1,ok,838.032,113,2,1,0,0,2305843009213693967:110;2305843009213693973:3,Symbolica_default,cached_powers_Q,30,36,0.755,BalancedZippelSeparated
fire7_nb0_rank1241,Automatic,1,ok,850.254,144,2,1,0,0,2305843009213693967:141;2305843009213693973:3,Symbolica_default,cached_powers_Q,52,10,0.677,BalancedZippelSeparated
fire7_nb0_rank1242,Automatic,1,ok,789.502,131,2,1,0,0,2305843009213693967:128;2305843009213693973:3,Symbolica_default,cached_powers_Q,45,18,0.514,BalancedZippelSeparated
fire7_nb0_rank1243,Automatic,1,ok,806.623,106,2,1,0,0,2305843009213693967:103;2305843009213693973:3,Symbolica_default,cached_powers_Q,45,12,0.690,BalancedZippelSeparated
fire7_nb0_rank1244,Automatic,1,ok,1071.354,141,2,1,0,0,2305843009213693967:138;2305843009213693973:3,Symbolica_default,cached_powers_Q,52,14,0.978,BalancedZippelSeparated
fire7_nb0_rank1245,Automatic,1,ok,1029.744,158,2,1,0,0,2305843009213693967:155;2305843009213693973:3,Symbolica_default,cached_powers_Q,41,26,0.739,BalancedZippelSeparated
fire7_nb0_rank1246,Automatic,1,ok,790.603,126,2,1,0,0,2305843009213693967:123;2305843009213693973:3,Symbolica_default,cached_powers_Q,45,18,0.521,BalancedZippelSeparated
fire7_nb0_rank1247,Automatic,1,ok,836.853,118,2,1,0,0,2305843009213693967:115;2305843009213693973:3,Symbolica_default,cached_powers_Q,48,18,0.559,BalancedZippelSeparated
fire7_nb0_rank1248,Automatic,1,ok,942.143,159,2,1,0,0,2305843009213693967:156;2305843009213693973:3,Symbolica_default,cached_powers_Q,46,18,0.686,BalancedZippelSeparated
fire7_nb0_rank1249,Automatic,1,ok,1061.544,138,2,1,0,0,2305843009213693967:135;2305843009213693973:3,Symbolica_default,cached_powers_Q,52,8,0.775,BalancedZippelSeparated
fire7_nb0_rank1250,Automatic,1,ok,758.613,101,2,1,0,0,2305843009213693967:98;2305843009213693973:3,Symbolica_default,cached_powers_Q,42,15,0.732,BalancedZippelSeparated
fire7_nb0_rank1251,Automatic,1,ok,1070.143,166,2,1,0,0,2305843009213693967:163;2305843009213693973:3,Symbolica_default,cached_powers_Q,54,16,0.779,BalancedZippelSeparated
fire7_nb0_rank1252,Automatic,1,ok,898.793,166,2,1,0,0,2305843009213693967:163;2305843009213693973:3,Symbolica_default,cached_powers_Q,44,24,0.703,BalancedZippelSeparated
fire7_nb0_rank1253,Automatic,1,ok,873.873,131,2,1,0,0,2305843009213693967:128;2305843009213693973:3,Symbolica_default,cached_powers_Q,40,27,0.427,BalancedZippelSeparated
fire7_nb0_rank1254,Automatic,1,ok,989.104,106,2,1,0,0,2305843009213693967:103;2305843009213693973:3,Symbolica_default,cached_powers_Q,36,28,0.676,BalancedZippelSeparated
fire7_nb0_rank1255,Automatic,1,ok,850.853,105,2,1,0,0,2305843009213693967:102;2305843009213693973:3,Symbolica_default,cached_powers_Q,24,36,1.055,BalancedZippelSeparated
fire7_nb0_rank1256,Automatic,1,ok,1156.124,105,2,1,0,0,2305843009213693967:102;2305843009213693973:3,Symbolica_default,cached_powers_Q,24,36,0.972,BalancedZippelSeparated
fire7_nb0_rank1257,Automatic,1,ok,816.083,148,2,1,0,0,2305843009213693967:145;2305843009213693973:3,Symbolica_default,cached_powers_Q,51,14,0.645,BalancedZippelSeparated
fire7_nb0_rank1258,Automatic,1,ok,928.553,152,2,1,0,0,2305843009213693967:149;2305843009213693973:3,Symbolica_default,cached_powers_Q,51,14,0.535,BalancedZippelSeparated
fire7_nb0_rank1259,Automatic,1,ok,544.932,111,2,1,0,0,2305843009213693967:108;2305843009213693973:3,Symbolica_default,cached_powers_Q,54,4,0.590,BalancedZippelSeparated
fire7_nb0_rank1260,Automatic,1,ok,556.612,113,2,1,0,0,2305843009213693967:110;2305843009213693973:3,Symbolica_default,cached_powers_Q,45,15,0.668,BalancedZippelSeparated
fire7_nb0_rank1261,Automatic,1,ok,1238.964,137,2,1,0,0,2305843009213693967:134;2305843009213693973:3,Symbolica_default,cached_powers_Q,48,21,1.014,BalancedZippelSeparated
fire7_nb0_rank1262,Automatic,1,ok,783.973,101,2,1,0,0,2305843009213693967:98;2305843009213693973:3,Symbolica_default,cached_powers_Q,47,12,0.744,BalancedZippelSeparated
fire7_nb0_rank1263,Automatic,1,ok,745.713,132,2,1,0,0,2305843009213693967:129;2305843009213693973:3,Symbolica_default,cached_powers_Q,52,10,0.663,BalancedZippelSeparated
fire7_nb0_rank1264,Automatic,1,ok,844.263,137,2,1,0,0,2305843009213693967:134;2305843009213693973:3,Symbolica_default,cached_powers_Q,36,30,0.623,BalancedZippelSeparated
fire7_nb0_rank1265,Automatic,1,ok,771.073,115,2,1,0,0,2305843009213693967:112;2305843009213693973:3,Symbolica_default,cached_powers_Q,45,18,0.535,BalancedZippelSeparated
fire7_nb0_rank1266,Automatic,1,ok,717.153,98,2,1,0,0,2305843009213693967:95;2305843009213693973:3,Symbolica_default,cached_powers_Q,39,12,0.678,BalancedZippelSeparated
fire7_nb0_rank1267,Automatic,1,ok,1334.445,151,2,1,0,0,2305843009213693967:148;2305843009213693973:3,Symbolica_default,cached_powers_Q,44,18,0.966,BalancedZippelSeparated
fire7_nb0_rank1268,Automatic,1,ok,691.473,85,2,1,0,0,2305843009213693967:82;2305843009213693973:3,Symbolica_default,cached_powers_Q,28,24,0.709,BalancedZippelSeparated
fire7_nb0_rank1269,Automatic,1,ok,673.792,85,2,1,0,0,2305843009213693967:82;2305843009213693973:3,Symbolica_default,cached_powers_Q,28,24,0.479,BalancedZippelSeparated
fire7_nb0_rank1270,Automatic,1,ok,797.873,104,2,1,0,0,2305843009213693967:101;2305843009213693973:3,Symbolica_default,cached_powers_Q,40,21,0.641,BalancedZippelSeparated
fire7_nb0_rank1271,Automatic,1,ok,702.942,102,2,1,0,0,2305843009213693967:99;2305843009213693973:3,Symbolica_default,cached_powers_Q,42,12,0.479,BalancedZippelSeparated
fire7_nb0_rank1272,Automatic,1,ok,1501.945,147,2,1,0,0,2305843009213693967:144;2305843009213693973:3,Symbolica_default,cached_powers_Q,52,14,0.732,BalancedZippelSeparated
fire7_nb0_rank1273,Automatic,1,ok,1193.984,125,2,1,0,0,2305843009213693967:122;2305843009213693973:3,Symbolica_default,cached_powers_Q,42,21,0.956,BalancedZippelSeparated
fire7_nb0_rank1274,Automatic,1,ok,1055.004,173,2,1,0,0,2305843009213693967:170;2305843009213693973:3,Symbolica_default,cached_powers_Q,43,24,0.753,BalancedZippelSeparated
fire7_nb0_rank1275,Automatic,1,ok,1018.204,173,2,1,0,0,2305843009213693967:170;2305843009213693973:3,Symbolica_default,cached_powers_Q,43,24,0.749,BalancedZippelSeparated
fire7_nb0_rank1276,Automatic,1,ok,1054.024,166,2,1,0,0,2305843009213693967:163;2305843009213693973:3,Symbolica_default,cached_powers_Q,44,24,0.536,BalancedZippelSeparated
fire7_nb0_rank1277,Automatic,1,ok,974.824,144,2,1,0,0,2305843009213693967:141;2305843009213693973:3,Symbolica_default,cached_powers_Q,44,24,0.723,BalancedZippelSeparated
fire7_nb0_rank1278,Automatic,1,ok,1200.074,137,2,1,0,0,2305843009213693967:134;2305843009213693973:3,Symbolica_default,cached_powers_Q,44,18,0.925,BalancedZippelSeparated
fire7_nb0_rank1279,Automatic,1,ok,806.694,111,2,1,0,0,2305843009213693967:108;2305843009213693973:3,Symbolica_default,cached_powers_Q,45,15,0.722,BalancedZippelSeparated
fire7_nb0_rank1280,Automatic,1,ok,820.794,105,2,1,0,0,2305843009213693967:102;2305843009213693973:3,Symbolica_default,cached_powers_Q,40,18,0.640,BalancedZippelSeparated
fire7_nb0_rank1281,Automatic,1,ok,1004.724,158,2,1,0,0,2305843009213693967:155;2305843009213693973:3,Symbolica_default,cached_powers_Q,42,26,0.784,BalancedZippelSeparated
fire7_nb0_rank1282,Automatic,1,ok,989.654,114,2,1,0,0,2305843009213693967:111;2305843009213693973:3,Symbolica_default,cached_powers_Q,21,40,0.514,BalancedZippelSeparated
fire7_nb0_rank1283,Automatic,1,ok,970.224,134,2,1,0,0,2305843009213693967:131;2305843009213693973:3,Symbolica_default,cached_powers_Q,6,60,0.449,BalancedZippelSeparated
fire7_nb0_rank1284,Automatic,1,ok,1111.204,149,2,1,0,0,2305843009213693967:146;2305843009213693973:3,Symbolica_default,cached_powers_Q,56,8,0.937,BalancedZippelSeparated
fire7_nb0_rank1285,Automatic,1,ok,1013.824,125,2,1,0,0,2305843009213693967:122;2305843009213693973:3,Symbolica_default,cached_powers_Q,40,20,0.977,BalancedZippelSeparated
fire7_nb0_rank1286,Automatic,1,ok,701.943,95,2,1,0,0,2305843009213693967:92;2305843009213693973:3,Symbolica_default,cached_powers_Q,41,15,0.670,BalancedZippelSeparated
fire7_nb0_rank1287,Automatic,1,ok,619.082,137,2,1,0,0,2305843009213693967:134;2305843009213693973:3,Symbolica_default,cached_powers_Q,36,27,0.611,BalancedZippelSeparated
fire7_nb0_rank1288,Automatic,1,ok,739.443,100,2,1,0,0,2305843009213693967:97;2305843009213693973:3,Symbolica_default,cached_powers_Q,30,28,0.559,BalancedZippelSeparated
fire7_nb0_rank1289,Automatic,1,ok,835.773,92,2,1,0,0,2305843009213693967:89;2305843009213693973:3,Symbolica_default,cached_powers_Q,30,28,0.724,BalancedZippelSeparated
fire7_nb0_rank1290,Automatic,1,ok,1159.065,137,2,1,0,0,2305843009213693967:134;2305843009213693973:3,Symbolica_default,cached_powers_Q,43,18,0.937,BalancedZippelSeparated
fire7_nb0_rank1291,Automatic,1,ok,928.593,109,2,1,0,0,2305843009213693967:106;2305843009213693973:3,Symbolica_default,cached_powers_Q,45,8,0.944,BalancedZippelSeparated
fire7_nb0_rank1292,Automatic,1,ok,721.453,109,2,1,0,0,2305843009213693967:106;2305843009213693973:3,Symbolica_default,cached_powers_Q,39,24,0.613,BalancedZippelSeparated
fire7_nb0_rank1293,Automatic,1,ok,808.783,132,2,1,0,0,2305843009213693967:129;2305843009213693973:3,Symbolica_default,cached_powers_Q,30,36,0.485,BalancedZippelSeparated
fire7_nb0_rank1294,Automatic,1,ok,817.173,111,2,1,0,0,2305843009213693967:108;2305843009213693973:3,Symbolica_default,cached_powers_Q,45,15,0.630,BalancedZippelSeparated
fire7_nb0_rank1295,Automatic,1,ok,1103.664,167,2,1,0,0,2305843009213693967:164;2305843009213693973:3,Symbolica_default,cached_powers_Q,42,26,1.068,BalancedZippelSeparated
fire7_nb0_rank1296,Automatic,1,ok,840.474,94,2,1,0,0,2305843009213693967:91;2305843009213693973:3,Symbolica_default,cached_powers_Q,36,15,0.902,BalancedZippelSeparated
fire7_nb0_rank1297,Automatic,1,ok,1028.444,137,2,1,0,0,2305843009213693967:134;2305843009213693973:3,Symbolica_default,cached_powers_Q,36,27,0.640,BalancedZippelSeparated
fire7_nb0_rank1298,Automatic,1,ok,611.283,111,2,1,0,0,2305843009213693967:108;2305843009213693973:3,Symbolica_default,cached_powers_Q,45,15,0.727,BalancedZippelSeparated
fire7_nb0_rank1299,Automatic,1,ok,819.643,120,2,1,0,0,2305843009213693967:117;2305843009213693973:3,Symbolica_default,cached_powers_Q,45,15,0.490,BalancedZippelSeparated
fire7_nb0_rank1300,Automatic,1,ok,994.323,135,2,1,0,0,2305843009213693967:132;2305843009213693973:3,Symbolica_default,cached_powers_Q,28,36,0.422,BalancedZippelSeparated
fire7_nb0_rank1301,Automatic,1,ok,1104.224,152,2,1,0,0,2305843009213693967:149;2305843009213693973:3,Symbolica_default,cached_powers_Q,39,26,0.984,BalancedZippelSeparated
fire7_nb0_rank1302,Automatic,1,ok,725.472,100,2,1,0,0,2305843009213693967:97;2305843009213693973:3,Symbolica_default,cached_powers_Q,42,12,0.919,BalancedZippelSeparated
fire7_nb0_rank1303,Automatic,1,ok,887.443,122,2,1,0,0,2305843009213693967:119;2305843009213693973:3,Symbolica_default,cached_powers_Q,40,18,0.713,BalancedZippelSeparated
fire7_nb0_rank1304,Automatic,1,ok,588.222,137,2,1,0,0,2305843009213693967:134;2305843009213693973:3,Symbolica_default,cached_powers_Q,36,27,0.661,BalancedZippelSeparated
fire7_nb0_rank1305,Automatic,1,ok,845.523,122,2,1,0,0,2305843009213693967:119;2305843009213693973:3,Symbolica_default,cached_powers_Q,40,18,0.498,BalancedZippelSeparated
fire7_nb0_rank1306,Automatic,1,ok,904.263,130,2,1,0,0,2305843009213693967:127;2305843009213693973:3,Symbolica_default,cached_powers_Q,40,18,0.522,BalancedZippelSeparated
fire7_nb0_rank1307,Automatic,1,ok,665.573,83,2,1,0,0,2305843009213693967:80;2305843009213693973:3,Symbolica_default,cached_powers_Q,27,25,1.165,BalancedZippelSeparated
fire7_nb0_rank1308,Automatic,1,ok,1173.264,120,2,1,0,0,2305843009213693967:117;2305843009213693973:3,Symbolica_default,cached_powers_Q,40,18,0.709,BalancedZippelSeparated
fire7_nb0_rank1309,Automatic,1,ok,1011.153,122,2,1,0,0,2305843009213693967:119;2305843009213693973:3,Symbolica_default,cached_powers_Q,36,24,0.905,BalancedZippelSeparated
fire7_nb0_rank1310,Automatic,1,ok,816.573,127,2,1,0,0,2305843009213693967:124;2305843009213693973:3,Symbolica_default,cached_powers_Q,36,27,0.606,BalancedZippelSeparated
fire7_nb0_rank1311,Automatic,1,ok,767.143,106,2,1,0,0,2305843009213693967:103;2305843009213693973:3,Symbolica_default,cached_powers_Q,42,15,0.500,BalancedZippelSeparated
fire7_nb0_rank1312,Automatic,1,ok,751.603,114,2,1,0,0,2305843009213693967:111;2305843009213693973:3,Symbolica_default,cached_powers_Q,50,6,0.669,BalancedZippelSeparated
fire7_nb0_rank1313,Automatic,1,ok,1041.433,127,2,1,0,0,2305843009213693967:124;2305843009213693973:3,Symbolica_default,cached_powers_Q,36,27,0.638,BalancedZippelSeparated
fire7_nb0_rank1314,Automatic,1,ok,855.633,127,2,1,0,0,2305843009213693967:124;2305843009213693973:3,Symbolica_default,cached_powers_Q,40,20,0.579,BalancedZippelSeparated
fire7_nb0_rank1315,Automatic,1,ok,823.872,96,2,1,0,0,2305843009213693967:93;2305843009213693973:3,Symbolica_default,cached_powers_Q,18,45,0.524,BalancedZippelSeparated
fire7_nb0_rank1316,Automatic,1,ok,785.453,120,2,1,0,0,2305843009213693967:117;2305843009213693973:3,Symbolica_default,cached_powers_Q,29,36,0.618,BalancedZippelSeparated
fire7_nb0_rank1317,Automatic,1,ok,742.553,97,2,1,0,0,2305843009213693967:94;2305843009213693973:3,Symbolica_default,cached_powers_Q,45,12,0.503,BalancedZippelSeparated
fire7_nb0_rank1318,Automatic,1,ok,871.023,132,2,1,0,0,2305843009213693967:129;2305843009213693973:3,Symbolica_default,cached_powers_Q,44,14,0.497,BalancedZippelSeparated
fire7_nb0_rank1319,Automatic,1,ok,996.323,119,2,1,0,0,2305843009213693967:116;2305843009213693973:3,Symbolica_default,cached_powers_Q,36,27,0.857,BalancedZippelSeparated
fire7_nb0_rank1320,Automatic,1,ok,502.032,102,2,1,0,0,2305843009213693967:99;2305843009213693973:3,Symbolica_default,cached_powers_Q,18,36,0.665,BalancedZippelSeparated
fire7_nb0_rank1321,Automatic,1,ok,958.583,144,2,1,0,0,2305843009213693967:141;2305843009213693973:3,Symbolica_default,cached_powers_Q,40,24,0.743,BalancedZippelSeparated
fire7_nb0_rank1322,Automatic,1,ok,974.143,154,2,1,0,0,2305843009213693967:151;2305843009213693973:3,Symbolica_default,cached_powers_Q,40,24,0.668,BalancedZippelSeparated
fire7_nb0_rank1323,Automatic,1,ok,940.763,131,2,1,0,0,2305843009213693967:128;2305843009213693973:3,Symbolica_default,cached_powers_Q,36,27,0.454,BalancedZippelSeparated
fire7_nb0_rank1324,Automatic,1,ok,834.124,113,2,1,0,0,2305843009213693967:110;2305843009213693973:3,Symbolica_default,cached_powers_Q,40,20,0.511,BalancedZippelSeparated
fire7_nb0_rank1325,Automatic,1,ok,604.713,123,2,1,0,0,2305843009213693967:120;2305843009213693973:3,Symbolica_default,cached_powers_Q,36,27,0.692,BalancedZippelSeparated
fire7_nb0_rank1326,Automatic,1,ok,932.083,160,2,1,0,0,2305843009213693967:157;2305843009213693973:3,Symbolica_default,cached_powers_Q,48,10,0.503,BalancedZippelSeparated
fire7_nb0_rank1327,Automatic,1,ok,784.243,118,2,1,0,0,2305843009213693967:115;2305843009213693973:3,Symbolica_default,cached_powers_Q,47,9,0.667,BalancedZippelSeparated
fire7_nb0_rank1328,Automatic,1,ok,724.273,99,2,1,0,0,2305843009213693967:96;2305843009213693973:3,Symbolica_default,cached_powers_Q,35,24,0.645,BalancedZippelSeparated
fire7_nb0_rank1329,Automatic,1,ok,731.813,114,2,1,0,0,2305843009213693967:111;2305843009213693973:3,Symbolica_default,cached_powers_Q,45,12,0.662,BalancedZippelSeparated
fire7_nb0_rank1330,Automatic,1,ok,680.292,107,2,1,0,0,2305843009213693967:104;2305843009213693973:3,Symbolica_default,cached_powers_Q,32,21,0.785,BalancedZippelSeparated
fire7_nb0_rank1331,Automatic,1,ok,840.923,107,2,1,0,0,2305843009213693967:104;2305843009213693973:3,Symbolica_default,cached_powers_Q,32,21,0.639,BalancedZippelSeparated
fire7_nb0_rank1332,Automatic,1,ok,753.333,111,2,1,0,0,2305843009213693967:108;2305843009213693973:3,Symbolica_default,cached_powers_Q,30,24,0.571,BalancedZippelSeparated
fire7_nb0_rank1333,Automatic,1,ok,826.593,93,2,1,0,0,2305843009213693967:90;2305843009213693973:3,Symbolica_default,cached_powers_Q,42,12,0.692,BalancedZippelSeparated
fire7_nb0_rank1334,Automatic,1,ok,745.733,94,2,1,0,0,2305843009213693967:91;2305843009213693973:3,Symbolica_default,cached_powers_Q,30,20,0.470,BalancedZippelSeparated
fire7_nb0_rank1335,Automatic,1,ok,731.282,94,2,1,0,0,2305843009213693967:91;2305843009213693973:3,Symbolica_default,cached_powers_Q,45,12,0.478,BalancedZippelSeparated
fire7_nb0_rank1336,Automatic,1,ok,760.863,89,2,1,0,0,2305843009213693967:86;2305843009213693973:3,Symbolica_default,cached_powers_Q,45,12,0.471,BalancedZippelSeparated
fire7_nb0_rank1337,Automatic,1,ok,806.473,111,2,1,0,0,2305843009213693967:108;2305843009213693973:3,Symbolica_default,cached_powers_Q,45,10,0.489,BalancedZippelSeparated
fire7_nb0_rank1338,Automatic,1,ok,812.492,154,2,1,0,0,2305843009213693967:151;2305843009213693973:3,Symbolica_default,cached_powers_Q,48,14,0.677,BalancedZippelSeparated
fire7_nb0_rank1339,Automatic,1,ok,499.592,92,2,1,0,0,2305843009213693967:89;2305843009213693973:3,Symbolica_default,cached_powers_Q,42,10,0.693,BalancedZippelSeparated
fire7_nb0_rank1340,Automatic,1,ok,677.532,93,2,1,0,0,2305843009213693967:90;2305843009213693973:3,Symbolica_default,cached_powers_Q,40,10,0.458,BalancedZippelSeparated
fire7_nb0_rank1341,Automatic,1,ok,695.353,87,2,1,0,0,2305843009213693967:84;2305843009213693973:3,Symbolica_default,cached_powers_Q,24,28,0.528,BalancedZippelSeparated
fire7_nb0_rank1342,Automatic,1,ok,575.903,125,2,1,0,0,2305843009213693967:122;2305843009213693973:3,Symbolica_default,cached_powers_Q,36,27,0.622,BalancedZippelSeparated
fire7_nb0_rank1343,Automatic,1,ok,516.912,92,2,1,0,0,2305843009213693967:89;2305843009213693973:3,Symbolica_default,cached_powers_Q,40,10,0.675,BalancedZippelSeparated
fire7_nb0_rank1344,Automatic,1,ok,1019.544,176,2,1,0,0,2305843009213693967:173;2305843009213693973:3,Symbolica_default,cached_powers_Q,38,24,0.767,BalancedZippelSeparated
fire7_nb0_rank1345,Automatic,1,ok,754.623,97,2,1,0,0,2305843009213693967:94;2305843009213693973:3,Symbolica_default,cached_powers_Q,40,15,0.669,BalancedZippelSeparated
fire7_nb0_rank1346,Automatic,1,ok,846.843,109,2,1,0,0,2305843009213693967:106;2305843009213693973:3,Symbolica_default,cached_powers_Q,25,36,0.524,BalancedZippelSeparated
fire7_nb0_rank1347,Automatic,1,ok,724.863,98,2,1,0,0,2305843009213693967:95;2305843009213693973:3,Symbolica_default,cached_powers_Q,18,36,0.445,BalancedZippelSeparated
fire7_nb0_rank1348,Automatic,1,ok,891.624,114,2,1,0,0,2305843009213693967:111;2305843009213693973:3,Symbolica_default,cached_powers_Q,37,18,0.504,BalancedZippelSeparated
fire7_nb0_rank1349,Automatic,1,ok,1090.064,163,2,1,0,0,2305843009213693967:160;2305843009213693973:3,Symbolica_default,cached_powers_Q,40,24,0.772,BalancedZippelSeparated
fire7_nb0_rank1350,Automatic,1,ok,1284.824,139,2,1,0,0,2305843009213693967:136;2305843009213693973:3,Symbolica_default,cached_powers_Q,36,20,0.522,BalancedZippelSeparated
fire7_nb0_rank1351,Automatic,1,ok,783.813,103,2,1,0,0,2305843009213693967:100;2305843009213693973:3,Symbolica_default,cached_powers_Q,44,12,0.582,BalancedZippelSeparated
fire7_nb0_rank1352,Automatic,1,ok,773.953,106,2,1,0,0,2305843009213693967:103;2305843009213693973:3,Symbolica_default,cached_powers_Q,40,15,0.701,BalancedZippelSeparated
fire7_nb0_rank1353,Automatic,1,ok,419.682,82,2,1,0,0,2305843009213693967:79;2305843009213693973:3,Symbolica_default,cached_powers_Q,28,18,0.464,BalancedZippelSeparated
fire7_nb0_rank1354,Automatic,1,ok,612.093,82,2,1,0,0,2305843009213693967:79;2305843009213693973:3,Symbolica_default,cached_powers_Q,28,18,0.619,BalancedZippelSeparated
fire7_nb0_rank1355,Automatic,1,ok,738.332,96,2,1,0,0,2305843009213693967:93;2305843009213693973:3,Symbolica_default,cached_powers_Q,40,15,0.503,BalancedZippelSeparated
fire7_nb0_rank1356,Automatic,1,ok,1002.843,146,2,1,0,0,2305843009213693967:143;2305843009213693973:3,Symbolica_default,cached_powers_Q,50,8,0.500,BalancedZippelSeparated
fire7_nb0_rank1357,Automatic,1,ok,908.803,139,2,1,0,0,2305843009213693967:136;2305843009213693973:3,Symbolica_default,cached_powers_Q,42,14,0.717,BalancedZippelSeparated
fire7_nb0_rank1358,Automatic,1,ok,639.022,117,2,1,0,0,2305843009213693967:114;2305843009213693973:3,Symbolica_default,cached_powers_Q,35,27,0.576,BalancedZippelSeparated
fire7_nb0_rank1359,Automatic,1,ok,789.642,109,2,1,0,0,2305843009213693967:106;2305843009213693973:3,Symbolica_default,cached_powers_Q,25,36,0.614,BalancedZippelSeparated
fire7_nb0_rank1360,Automatic,1,ok,803.174,109,2,1,0,0,2305843009213693967:106;2305843009213693973:3,Symbolica_default,cached_powers_Q,25,36,0.513,BalancedZippelSeparated
fire7_nb0_rank1361,Automatic,1,ok,715.422,110,2,1,0,0,2305843009213693967:107;2305843009213693973:3,Symbolica_default,cached_powers_Q,36,21,0.528,BalancedZippelSeparated
fire7_nb0_rank1362,Automatic,1,ok,826.703,109,2,1,0,0,2305843009213693967:106;2305843009213693973:3,Symbolica_default,cached_powers_Q,25,36,0.528,BalancedZippelSeparated
fire7_nb0_rank1363,Automatic,1,ok,885.034,145,2,1,0,0,2305843009213693967:142;2305843009213693973:3,Symbolica_default,cached_powers_Q,36,20,0.526,BalancedZippelSeparated
fire7_nb0_rank1364,Automatic,1,ok,760.893,103,2,1,0,0,2305843009213693967:100;2305843009213693973:3,Symbolica_default,cached_powers_Q,5,56,0.508,BalancedZippelSeparated
fire7_nb0_rank1365,Automatic,1,ok,548.812,102,2,1,0,0,2305843009213693967:99;2305843009213693973:3,Symbolica_default,cached_powers_Q,5,56,0.498,BalancedZippelSeparated
fire7_nb0_rank1366,Automatic,1,ok,786.573,109,2,1,0,0,2305843009213693967:106;2305843009213693973:3,Symbolica_default,cached_powers_Q,25,36,0.509,BalancedZippelSeparated
fire7_nb0_rank1367,Automatic,1,ok,805.103,104,2,1,0,0,2305843009213693967:101;2305843009213693973:3,Symbolica_default,cached_powers_Q,35,18,0.638,BalancedZippelSeparated
fire7_nb0_rank1368,Automatic,1,ok,679.792,85,2,1,0,0,2305843009213693967:82;2305843009213693973:3,Symbolica_default,cached_powers_Q,38,12,0.665,BalancedZippelSeparated
fire7_nb0_rank1369,Automatic,1,ok,707.553,87,2,1,0,0,2305843009213693967:84;2305843009213693973:3,Symbolica_default,cached_powers_Q,18,35,0.499,BalancedZippelSeparated
fire7_nb0_rank1370,Automatic,1,ok,811.712,120,2,1,0,0,2305843009213693967:117;2305843009213693973:3,Symbolica_default,cached_powers_Q,32,27,0.642,BalancedZippelSeparated
fire7_nb0_rank1371,Automatic,1,ok,637.422,98,2,1,0,0,2305843009213693967:95;2305843009213693973:3,Symbolica_default,cached_powers_Q,18,36,0.488,BalancedZippelSeparated
fire7_nb0_rank1372,Automatic,1,ok,786.192,98,2,1,0,0,2305843009213693967:95;2305843009213693973:3,Symbolica_default,cached_powers_Q,30,28,0.681,BalancedZippelSeparated
fire7_nb0_rank1373,Automatic,1,ok,753.862,105,2,1,0,0,2305843009213693967:102;2305843009213693973:3,Symbolica_default,cached_powers_Q,45,10,0.421,BalancedZippelSeparated
fire7_nb0_rank1374,Automatic,1,ok,1010.244,148,2,1,0,0,2305843009213693967:145;2305843009213693973:3,Symbolica_default,cached_powers_Q,45,14,0.485,BalancedZippelSeparated
fire7_nb0_rank1375,Automatic,1,ok,632.953,88,2,1,0,0,2305843009213693967:85;2305843009213693973:3,Symbolica_default,cached_powers_Q,34,12,0.463,BalancedZippelSeparated
fire7_nb0_rank1376,Automatic,1,ok,578.572,89,2,1,0,0,2305843009213693967:86;2305843009213693973:3,Symbolica_default,cached_powers_Q,30,20,0.611,BalancedZippelSeparated
fire7_nb0_rank1377,Automatic,1,ok,706.043,89,2,1,0,0,2305843009213693967:86;2305843009213693973:3,Symbolica_default,cached_powers_Q,30,20,0.662,BalancedZippelSeparated
fire7_nb0_rank1378,Automatic,1,ok,754.723,113,2,1,0,0,2305843009213693967:110;2305843009213693973:3,Symbolica_default,cached_powers_Q,30,27,0.612,BalancedZippelSeparated
fire7_nb0_rank1379,Automatic,1,ok,714.163,93,2,1,0,0,2305843009213693967:90;2305843009213693973:3,Symbolica_default,cached_powers_Q,18,36,0.635,BalancedZippelSeparated
fire7_nb0_rank1380,Automatic,1,ok,1073.754,122,2,1,0,0,2305843009213693967:119;2305843009213693973:3,Symbolica_default,cached_powers_Q,23,39,0.866,BalancedZippelSeparated
fire7_nb0_rank1381,Automatic,1,ok,876.293,86,2,1,0,0,2305843009213693967:83;2305843009213693973:3,Symbolica_default,cached_powers_Q,36,9,0.660,BalancedZippelSeparated
fire7_nb0_rank1382,Automatic,1,ok,801.432,122,2,1,0,0,2305843009213693967:119;2305843009213693973:3,Symbolica_default,cached_powers_Q,40,15,0.676,BalancedZippelSeparated
fire7_nb0_rank1383,Automatic,1,ok,873.953,125,2,1,0,0,2305843009213693967:122;2305843009213693973:3,Symbolica_default,cached_powers_Q,36,21,0.529,BalancedZippelSeparated
fire7_nb0_rank1384,Automatic,1,ok,658.053,77,2,1,0,0,2305843009213693967:74;2305843009213693973:3,Symbolica_default,cached_powers_Q,24,25,0.670,BalancedZippelSeparated
fire7_nb0_rank1385,Automatic,1,ok,462.812,89,2,1,0,0,2305843009213693967:86;2305843009213693973:3,Symbolica_default,cached_powers_Q,22,25,0.596,BalancedZippelSeparated
fire7_nb0_rank1386,Automatic,1,ok,656.052,93,2,1,0,0,2305843009213693967:90;2305843009213693973:3,Symbolica_default,cached_powers_Q,42,9,0.575,BalancedZippelSeparated
fire7_nb0_rank1387,Automatic,1,ok,1035.894,125,2,1,0,0,2305843009213693967:122;2305843009213693973:3,Symbolica_default,cached_powers_Q,36,21,0.716,BalancedZippelSeparated
fire7_nb0_rank1388,Automatic,1,ok,1349.035,211,2,1,0,0,2305843009213693967:208;2305843009213693973:3,Symbolica_default,cached_powers_Q,42,14,0.829,BalancedZippelSeparated
fire7_nb0_rank1389,Automatic,1,ok,710.133,87,2,1,0,0,2305843009213693967:84;2305843009213693973:3,Symbolica_default,cached_powers_Q,18,35,0.487,BalancedZippelSeparated
fire7_nb0_rank1390,Automatic,1,ok,980.144,160,2,1,0,0,2305843009213693967:157;2305843009213693973:3,Symbolica_default,cached_powers_Q,32,28,0.734,BalancedZippelSeparated
fire7_nb0_rank1391,Automatic,1,ok,880.103,141,2,1,0,0,2305843009213693967:138;2305843009213693973:3,Symbolica_default,cached_powers_Q,25,28,0.649,BalancedZippelSeparated
fire7_nb0_rank1392,Automatic,1,ok,939.523,85,2,1,0,0,2305843009213693967:82;2305843009213693973:3,Symbolica_default,cached_powers_Q,30,15,0.617,BalancedZippelSeparated
fire7_nb0_rank1393,Automatic,1,ok,1172.314,141,2,1,0,0,2305843009213693967:138;2305843009213693973:3,Symbolica_default,cached_powers_Q,25,28,0.928,BalancedZippelSeparated
fire7_nb0_rank1394,Automatic,1,ok,745.783,95,2,1,0,0,2305843009213693967:92;2305843009213693973:3,Symbolica_default,cached_powers_Q,36,15,0.693,BalancedZippelSeparated
fire7_nb0_rank1395,Automatic,1,ok,688.573,108,2,1,0,0,2305843009213693967:105;2305843009213693973:3,Symbolica_default,cached_powers_Q,36,20,0.462,BalancedZippelSeparated
fire7_nb0_rank1396,Automatic,1,ok,814.483,85,2,1,0,0,2305843009213693967:82;2305843009213693973:3,Symbolica_default,cached_powers_Q,30,20,0.636,BalancedZippelSeparated
fire7_nb0_rank1397,Automatic,1,ok,1049.854,113,2,1,0,0,2305843009213693967:110;2305843009213693973:3,Symbolica_default,cached_powers_Q,36,18,0.866,BalancedZippelSeparated
fire7_nb0_rank1398,Automatic,1,ok,889.323,125,2,1,0,0,2305843009213693967:122;2305843009213693973:3,Symbolica_default,cached_powers_Q,36,21,0.722,BalancedZippelSeparated
fire7_nb0_rank1399,Automatic,1,ok,557.052,97,2,1,0,0,2305843009213693967:94;2305843009213693973:3,Symbolica_default,cached_powers_Q,35,12,0.656,BalancedZippelSeparated
fire7_nb0_rank1400,Automatic,1,ok,1041.214,98,2,1,0,0,2305843009213693967:95;2305843009213693973:3,Symbolica_default,cached_powers_Q,35,18,0.673,BalancedZippelSeparated
fire7_nb0_rank1401,Automatic,1,ok,1074.424,137,2,1,0,0,2305843009213693967:134;2305843009213693973:3,Symbolica_default,cached_powers_Q,36,18,0.879,BalancedZippelSeparated
fire7_nb0_rank1402,Automatic,1,ok,900.773,147,2,1,0,0,2305843009213693967:144;2305843009213693973:3,Symbolica_default,cached_powers_Q,36,24,0.530,BalancedZippelSeparated
fire7_nb0_rank1403,Automatic,1,ok,918.153,147,2,1,0,0,2305843009213693967:144;2305843009213693973:3,Symbolica_default,cached_powers_Q,36,24,0.670,BalancedZippelSeparated
fire7_nb0_rank1404,Automatic,1,ok,680.343,128,2,1,0,0,2305843009213693967:125;2305843009213693973:3,Symbolica_default,cached_powers_Q,36,24,0.519,BalancedZippelSeparated
fire7_nb0_rank1405,Automatic,1,ok,1135.374,136,2,1,0,0,2305843009213693967:133;2305843009213693973:3,Symbolica_default,cached_powers_Q,42,14,0.903,BalancedZippelSeparated
fire7_nb0_rank1406,Automatic,1,ok,1046.284,107,2,1,0,0,2305843009213693967:104;2305843009213693973:3,Symbolica_default,cached_powers_Q,25,27,0.719,BalancedZippelSeparated
fire7_nb0_rank1407,Automatic,1,ok,833.353,125,2,1,0,0,2305843009213693967:122;2305843009213693973:3,Symbolica_default,cached_powers_Q,36,21,0.533,BalancedZippelSeparated
fire7_nb0_rank1408,Automatic,1,ok,865.583,130,2,1,0,0,2305843009213693967:127;2305843009213693973:3,Symbolica_default,cached_powers_Q,15,42,0.595,BalancedZippelSeparated
fire7_nb0_rank1409,Automatic,1,ok,762.193,93,2,1,0,0,2305843009213693967:90;2305843009213693973:3,Symbolica_default,cached_powers_Q,41,9,0.617,BalancedZippelSeparated
fire7_nb0_rank1410,Automatic,1,ok,959.254,98,2,1,0,0,2305843009213693967:95;2305843009213693973:3,Symbolica_default,cached_powers_Q,18,36,0.858,BalancedZippelSeparated
fire7_nb0_rank1411,Automatic,1,ok,809.823,95,2,1,0,0,2305843009213693967:92;2305843009213693973:3,Symbolica_default,cached_powers_Q,42,9,0.658,BalancedZippelSeparated
fire7_nb0_rank1412,Automatic,1,ok,700.762,77,2,1,0,0,2305843009213693967:74;2305843009213693973:3,Symbolica_default,cached_powers_Q,23,25,0.730,BalancedZippelSeparated
fire7_nb0_rank1413,Automatic,1,ok,653.673,75,2,1,0,0,2305843009213693967:72;2305843009213693973:3,Symbolica_default,cached_powers_Q,23,25,0.815,BalancedZippelSeparated
fire7_nb0_rank1414,Automatic,1,ok,574.042,93,2,1,0,0,2305843009213693967:90;2305843009213693973:3,Symbolica_default,cached_powers_Q,36,15,0.581,BalancedZippelSeparated
fire7_nb0_rank1415,Automatic,1,ok,1302.694,104,2,1,0,0,2305843009213693967:101;2305843009213693973:3,Symbolica_default,cached_powers_Q,35,18,0.595,BalancedZippelSeparated
fire7_nb0_rank1416,Automatic,1,ok,718.333,116,2,1,0,0,2305843009213693967:113;2305843009213693973:3,Symbolica_default,cached_powers_Q,40,12,0.869,BalancedZippelSeparated
fire7_nb0_rank1417,Automatic,1,ok,911.763,89,2,1,0,0,2305843009213693967:86;2305843009213693973:3,Symbolica_default,cached_powers_Q,30,20,0.490,BalancedZippelSeparated
fire7_nb0_rank1418,Automatic,1,ok,922.794,92,2,1,0,0,2305843009213693967:89;2305843009213693973:3,Symbolica_default,cached_powers_Q,35,15,0.862,BalancedZippelSeparated
fire7_nb0_rank1419,Automatic,1,ok,569.302,126,2,1,0,0,2305843009213693967:123;2305843009213693973:3,Symbolica_default,cached_powers_Q,45,8,0.629,BalancedZippelSeparated
fire7_nb0_rank1420,Automatic,1,ok,714.592,98,2,1,0,0,2305843009213693967:95;2305843009213693973:3,Symbolica_default,cached_powers_Q,45,6,0.583,BalancedZippelSeparated
fire7_nb0_rank1421,Automatic,1,ok,1059.554,101,2,1,0,0,2305843009213693967:98;2305843009213693973:3,Symbolica_default,cached_powers_Q,40,10,0.847,BalancedZippelSeparated
fire7_nb0_rank1422,Automatic,1,ok,1261.895,109,2,1,0,0,2305843009213693967:106;2305843009213693973:3,Symbolica_default,cached_powers_Q,36,20,0.638,BalancedZippelSeparated
fire7_nb0_rank1423,Automatic,1,ok,885.532,97,2,1,0,0,2305843009213693967:94;2305843009213693973:3,Symbolica_default,cached_powers_Q,35,15,0.483,BalancedZippelSeparated
fire7_nb0_rank1424,Automatic,1,ok,709.612,98,2,1,0,0,2305843009213693967:95;2305843009213693973:3,Symbolica_default,cached_powers_Q,45,6,0.586,BalancedZippelSeparated
fire7_nb0_rank1425,Automatic,1,ok,873.114,128,2,1,0,0,2305843009213693967:125;2305843009213693973:3,Symbolica_default,cached_powers_Q,35,24,0.505,BalancedZippelSeparated
fire7_nb0_rank1426,Automatic,1,ok,1190.534,125,2,1,0,0,2305843009213693967:122;2305843009213693973:3,Symbolica_default,cached_powers_Q,39,18,0.484,BalancedZippelSeparated
fire7_nb0_rank1427,Automatic,1,ok,1015.473,101,2,1,0,0,2305843009213693967:98;2305843009213693973:3,Symbolica_default,cached_powers_Q,36,20,0.647,BalancedZippelSeparated
fire7_nb0_rank1428,Automatic,1,ok,902.194,104,2,1,0,0,2305843009213693967:101;2305843009213693973:3,Symbolica_default,cached_powers_Q,36,20,0.499,BalancedZippelSeparated
fire7_nb0_rank1429,Automatic,1,ok,587.402,100,2,1,0,0,2305843009213693967:97;2305843009213693973:3,Symbolica_default,cached_powers_Q,45,6,0.557,BalancedZippelSeparated
fire7_nb0_rank1430,Automatic,1,ok,738.522,99,2,1,0,0,2305843009213693967:96;2305843009213693973:3,Symbolica_default,cached_powers_Q,40,10,0.657,BalancedZippelSeparated
fire7_nb0_rank1431,Automatic,1,ok,755.912,119,2,1,0,0,2305843009213693967:116;2305843009213693973:3,Symbolica_default,cached_powers_Q,42,9,0.467,BalancedZippelSeparated
fire7_nb0_rank1432,Automatic,1,ok,834.903,98,2,1,0,0,2305843009213693967:95;2305843009213693973:3,Symbolica_default,cached_powers_Q,35,15,0.476,BalancedZippelSeparated
fire7_nb0_rank1433,Automatic,1,ok,953.024,92,2,1,0,0,2305843009213693967:89;2305843009213693973:3,Symbolica_default,cached_powers_Q,29,15,0.646,BalancedZippelSeparated
fire7_nb0_rank1434,Automatic,1,ok,1039.884,121,2,1,0,0,2305843009213693967:118;2305843009213693973:3,Symbolica_default,cached_powers_Q,36,18,0.647,BalancedZippelSeparated
fire7_nb0_rank1435,Automatic,1,ok,1042.294,92,2,1,0,0,2305843009213693967:89;2305843009213693973:3,Symbolica_default,cached_powers_Q,36,15,0.483,BalancedZippelSeparated
fire7_nb0_rank1436,Automatic,1,ok,554.172,106,2,1,0,0,2305843009213693967:103;2305843009213693973:3,Symbolica_default,cached_powers_Q,36,20,0.654,BalancedZippelSeparated
fire7_nb0_rank1437,Automatic,1,ok,492.862,89,2,1,0,0,2305843009213693967:86;2305843009213693973:3,Symbolica_default,cached_powers_Q,30,20,0.451,BalancedZippelSeparated
fire7_nb0_rank1438,Automatic,1,ok,810.403,105,2,1,0,0,2305843009213693967:102;2305843009213693973:3,Symbolica_default,cached_powers_Q,25,27,0.528,BalancedZippelSeparated
fire7_nb0_rank1439,Automatic,1,ok,1043.023,106,2,1,0,0,2305843009213693967:103;2305843009213693973:3,Symbolica_default,cached_powers_Q,36,15,0.619,BalancedZippelSeparated
fire7_nb0_rank1440,Automatic,1,ok,921.013,106,2,1,0,0,2305843009213693967:103;2305843009213693973:3,Symbolica_default,cached_powers_Q,30,27,0.828,BalancedZippelSeparated
fire7_nb0_rank1441,Automatic,1,ok,628.492,103,2,1,0,0,2305843009213693967:100;2305843009213693973:3,Symbolica_default,cached_powers_Q,30,21,0.702,BalancedZippelSeparated
fire7_nb0_rank1442,Automatic,1,ok,482.251,85,2,1,0,0,2305843009213693967:82;2305843009213693973:3,Symbolica_default,cached_powers_Q,18,35,0.641,BalancedZippelSeparated
fire7_nb0_rank1443,Automatic,1,ok,761.283,123,2,1,0,0,2305843009213693967:120;2305843009213693973:3,Symbolica_default,cached_powers_Q,30,24,0.410,BalancedZippelSeparated
fire7_nb0_rank1444,Automatic,1,ok,488.972,89,2,1,0,0,2305843009213693967:86;2305843009213693973:3,Symbolica_default,cached_powers_Q,40,9,0.640,BalancedZippelSeparated
fire7_nb0_rank1445,Automatic,1,ok,909.594,101,2,1,0,0,2305843009213693967:98;2305843009213693973:3,Symbolica_default,cached_powers_Q,40,9,0.869,BalancedZippelSeparated
fire7_nb0_rank1446,Automatic,1,ok,820.653,119,2,1,0,0,2305843009213693967:116;2305843009213693973:3,Symbolica_default,cached_powers_Q,44,8,0.819,BalancedZippelSeparated
fire7_nb0_rank1447,Automatic,1,ok,497.802,90,2,1,0,0,2305843009213693967:87;2305843009213693973:3,Symbolica_default,cached_powers_Q,40,9,0.668,BalancedZippelSeparated
fire7_nb0_rank1448,Automatic,1,ok,644.862,102,2,1,0,0,2305843009213693967:99;2305843009213693973:3,Symbolica_default,cached_powers_Q,32,21,0.683,BalancedZippelSeparated
fire7_nb0_rank1449,Automatic,1,ok,743.633,101,2,1,0,0,2305843009213693967:98;2305843009213693973:3,Symbolica_default,cached_powers_Q,25,27,0.514,BalancedZippelSeparated
fire7_nb0_rank1450,Automatic,1,ok,1027.093,122,2,1,0,0,2305843009213693967:119;2305843009213693973:3,Symbolica_default,cached_powers_Q,40,12,0.677,BalancedZippelSeparated
fire7_nb0_rank1451,Automatic,1,ok,830.063,80,2,1,0,0,2305843009213693967:77;2305843009213693973:3,Symbolica_default,cached_powers_Q,34,10,0.619,BalancedZippelSeparated
fire7_nb0_rank1452,Automatic,1,ok,931.483,138,2,1,0,0,2305843009213693967:135;2305843009213693973:3,Symbolica_default,cached_powers_Q,39,18,0.862,BalancedZippelSeparated
fire7_nb0_rank1453,Automatic,1,ok,745.763,112,2,1,0,0,2305843009213693967:109;2305843009213693973:3,Symbolica_default,cached_powers_Q,36,15,0.684,BalancedZippelSeparated
fire7_nb0_rank1454,Automatic,1,ok,788.693,109,2,1,0,0,2305843009213693967:106;2305843009213693973:3,Symbolica_default,cached_powers_Q,32,21,0.534,BalancedZippelSeparated
fire7_nb0_rank1455,Automatic,1,ok,666.432,102,2,1,0,0,2305843009213693967:99;2305843009213693973:3,Symbolica_default,cached_powers_Q,36,12,0.642,BalancedZippelSeparated
fire7_nb0_rank1456,Automatic,1,ok,724.363,103,2,1,0,0,2305843009213693967:100;2305843009213693973:3,Symbolica_default,cached_powers_Q,36,12,0.683,BalancedZippelSeparated
fire7_nb0_rank1457,Automatic,1,ok,1315.744,134,2,1,0,0,2305843009213693967:131;2305843009213693973:3,Symbolica_default,cached_powers_Q,38,21,0.619,BalancedZippelSeparated
fire7_nb0_rank1458,Automatic,1,ok,1048.704,102,2,1,0,0,2305843009213693967:99;2305843009213693973:3,Symbolica_default,cached_powers_Q,32,21,0.868,BalancedZippelSeparated
fire7_nb0_rank1459,Automatic,1,ok,853.383,140,2,1,0,0,2305843009213693967:137;2305843009213693973:3,Symbolica_default,cached_powers_Q,39,14,0.697,BalancedZippelSeparated
fire7_nb0_rank1460,Automatic,1,ok,797.114,120,2,1,0,0,2305843009213693967:117;2305843009213693973:3,Symbolica_default,cached_powers_Q,35,21,0.657,BalancedZippelSeparated
fire7_nb0_rank1461,Automatic,1,ok,647.972,83,2,1,0,0,2305843009213693967:80;2305843009213693973:3,Symbolica_default,cached_powers_Q,30,20,0.458,BalancedZippelSeparated
fire7_nb0_rank1462,Automatic,1,ok,694.073,83,2,1,0,0,2305843009213693967:80;2305843009213693973:3,Symbolica_default,cached_powers_Q,36,12,0.663,BalancedZippelSeparated
fire7_nb0_rank1463,Automatic,1,ok,1130.694,96,2,1,0,0,2305843009213693967:93;2305843009213693973:3,Symbolica_default,cached_powers_Q,40,9,0.638,BalancedZippelSeparated
fire7_nb0_rank1464,Automatic,1,ok,922.014,110,2,1,0,0,2305843009213693967:107;2305843009213693973:3,Symbolica_default,cached_powers_Q,27,24,0.617,BalancedZippelSeparated
fire7_nb0_rank1465,Automatic,1,ok,644.973,83,2,1,0,0,2305843009213693967:80;2305843009213693973:3,Symbolica_default,cached_powers_Q,36,12,0.680,BalancedZippelSeparated
fire7_nb0_rank1466,Automatic,1,ok,580.452,107,2,1,0,0,2305843009213693967:104;2305843009213693973:3,Symbolica_default,cached_powers_Q,36,15,0.633,BalancedZippelSeparated
fire7_nb0_rank1467,Automatic,1,ok,633.483,83,2,1,0,0,2305843009213693967:80;2305843009213693973:3,Symbolica_default,cached_powers_Q,36,12,0.444,BalancedZippelSeparated
fire7_nb0_rank1468,Automatic,1,ok,716.722,82,2,1,0,0,2305843009213693967:79;2305843009213693973:3,Symbolica_default,cached_powers_Q,30,15,0.453,BalancedZippelSeparated
fire7_nb0_rank1469,Automatic,1,ok,847.953,80,2,1,0,0,2305843009213693967:77;2305843009213693973:3,Symbolica_default,cached_powers_Q,30,15,0.859,BalancedZippelSeparated
fire7_nb0_rank1470,Automatic,1,ok,871.783,81,2,1,0,0,2305843009213693967:78;2305843009213693973:3,Symbolica_default,cached_powers_Q,30,15,0.812,BalancedZippelSeparated
fire7_nb0_rank1471,Automatic,1,ok,978.333,121,2,1,0,0,2305843009213693967:118;2305843009213693973:3,Symbolica_default,cached_powers_Q,30,20,0.476,BalancedZippelSeparated
fire7_nb0_rank1472,Automatic,1,ok,785.083,112,2,1,0,0,2305843009213693967:109;2305843009213693973:3,Symbolica_default,cached_powers_Q,40,10,0.440,BalancedZippelSeparated
fire7_nb0_rank1473,Automatic,1,ok,386.841,95,2,1,0,0,2305843009213693967:92;2305843009213693973:3,Symbolica_default,cached_powers_Q,5,48,0.391,BalancedZippelSeparated
fire7_nb0_rank1474,Automatic,1,ok,725.663,97,2,1,0,0,2305843009213693967:94;2305843009213693973:3,Symbolica_default,cached_powers_Q,5,48,0.412,BalancedZippelSeparated
fire7_nb0_rank1475,Automatic,1,ok,712.863,113,2,1,0,0,2305843009213693967:110;2305843009213693973:3,Symbolica_default,cached_powers_Q,39,9,0.666,BalancedZippelSeparated
fire7_nb0_rank1476,Automatic,1,ok,775.263,104,2,1,0,0,2305843009213693967:101;2305843009213693973:3,Symbolica_default,cached_powers_Q,32,20,0.849,BalancedZippelSeparated
fire7_nb0_rank1477,Automatic,1,ok,785.103,115,2,1,0,0,2305843009213693967:112;2305843009213693973:3,Symbolica_default,cached_powers_Q,37,10,0.467,BalancedZippelSeparated
fire7_nb0_rank1478,Automatic,1,ok,815.723,128,2,1,0,0,2305843009213693967:125;2305843009213693973:3,Symbolica_default,cached_powers_Q,27,26,0.503,BalancedZippelSeparated
fire7_nb0_rank1479,Automatic,1,ok,530.432,99,2,1,0,0,2305843009213693967:96;2305843009213693973:3,Symbolica_default,cached_powers_Q,30,21,0.645,BalancedZippelSeparated
fire7_nb0_rank1480,Automatic,1,ok,627.363,93,2,1,0,0,2305843009213693967:90;2305843009213693973:3,Symbolica_default,cached_powers_Q,30,21,0.628,BalancedZippelSeparated
fire7_nb0_rank1481,Automatic,1,ok,1021.463,109,2,1,0,0,2305843009213693967:106;2305843009213693973:3,Symbolica_default,cached_powers_Q,32,21,0.725,BalancedZippelSeparated
fire7_nb0_rank1482,Automatic,1,ok,1002.774,116,2,1,0,0,2305843009213693967:113;2305843009213693973:3,Symbolica_default,cached_powers_Q,15,36,0.662,BalancedZippelSeparated
fire7_nb0_rank1483,Automatic,1,ok,483.102,89,2,1,0,0,2305843009213693967:86;2305843009213693973:3,Symbolica_default,cached_powers_Q,38,9,0.635,BalancedZippelSeparated
fire7_nb0_rank1484,Automatic,1,ok,769.023,93,2,1,0,0,2305843009213693967:90;2305843009213693973:3,Symbolica_default,cached_powers_Q,32,15,0.685,BalancedZippelSeparated
fire7_nb0_rank1485,Automatic,1,ok,825.593,133,2,1,0,0,2305843009213693967:130;2305843009213693973:3,Symbolica_default,cached_powers_Q,27,26,0.508,BalancedZippelSeparated
fire7_nb0_rank1486,Automatic,1,ok,984.584,160,2,1,0,0,2305843009213693967:157;2305843009213693973:3,Symbolica_default,cached_powers_Q,42,13,0.617,BalancedZippelSeparated
fire7_nb0_rank1487,Automatic,1,ok,596.332,79,2,1,0,0,2305843009213693967:76;2305843009213693973:3,Symbolica_default,cached_powers_Q,33,12,0.638,BalancedZippelSeparated
fire7_nb0_rank1488,Automatic,1,ok,940.653,93,2,1,0,0,2305843009213693967:90;2305843009213693973:3,Symbolica_default,cached_powers_Q,32,18,0.697,BalancedZippelSeparated
fire7_nb0_rank1489,Automatic,1,ok,467.331,79,2,1,0,0,2305843009213693967:76;2305843009213693973:3,Symbolica_default,cached_powers_Q,33,12,0.455,BalancedZippelSeparated
fire7_nb0_rank1490,Automatic,1,ok,806.623,115,2,1,0,0,2305843009213693967:112;2305843009213693973:3,Symbolica_default,cached_powers_Q,35,18,0.462,BalancedZippelSeparated
fire7_nb0_rank1491,Automatic,1,ok,443.732,81,2,1,0,0,2305843009213693967:78;2305843009213693973:3,Symbolica_default,cached_powers_Q,35,10,0.621,BalancedZippelSeparated
fire7_nb0_rank1492,Automatic,1,ok,688.562,88,2,1,0,0,2305843009213693967:85;2305843009213693973:3,Symbolica_default,cached_powers_Q,25,28,0.712,BalancedZippelSeparated
fire7_nb0_rank1493,Automatic,1,ok,951.814,80,2,1,0,0,2305843009213693967:77;2305843009213693973:3,Symbolica_default,cached_powers_Q,25,28,0.696,BalancedZippelSeparated
fire7_nb0_rank1494,Automatic,1,ok,1087.713,119,2,1,0,0,2305843009213693967:116;2305843009213693973:3,Symbolica_default,cached_powers_Q,32,18,0.651,BalancedZippelSeparated
fire7_nb0_rank1495,Automatic,1,ok,489.262,85,2,1,0,0,2305843009213693967:82;2305843009213693973:3,Symbolica_default,cached_powers_Q,30,12,0.601,BalancedZippelSeparated
fire7_nb0_rank1496,Automatic,1,ok,739.172,98,2,1,0,0,2305843009213693967:95;2305843009213693973:3,Symbolica_default,cached_powers_Q,29,15,0.430,BalancedZippelSeparated
fire7_nb0_rank1497,Automatic,1,ok,832.123,137,2,1,0,0,2305843009213693967:134;2305843009213693973:3,Symbolica_default,cached_powers_Q,39,12,0.621,BalancedZippelSeparated
fire7_nb0_rank1498,Automatic,1,ok,657.952,81,2,1,0,0,2305843009213693967:78;2305843009213693973:3,Symbolica_default,cached_powers_Q,30,20,0.468,BalancedZippelSeparated
fire7_nb0_rank1499,Automatic,1,ok,906.584,85,2,1,0,0,2305843009213693967:82;2305843009213693973:3,Symbolica_default,cached_powers_Q,30,20,0.867,BalancedZippelSeparated
fire7_nb0_rank1500,Automatic,1,ok,873.344,129,2,1,0,0,2305843009213693967:126;2305843009213693973:3,Symbolica_default,cached_powers_Q,39,18,0.589,BalancedZippelSeparated
fire7_nb0_rank1501,Automatic,1,ok,548.853,83,2,1,0,0,2305843009213693967:80;2305843009213693973:3,Symbolica_default,cached_powers_Q,18,28,0.543,BalancedZippelSeparated
fire7_nb0_rank1502,Automatic,1,ok,774.422,131,2,1,0,0,2305843009213693967:128;2305843009213693973:3,Symbolica_default,cached_powers_Q,39,12,0.615,BalancedZippelSeparated
fire7_nb0_rank1503,Automatic,1,ok,648.123,100,2,1,0,0,2305843009213693967:97;2305843009213693973:3,Symbolica_default,cached_powers_Q,35,12,0.647,BalancedZippelSeparated
fire7_nb0_rank1504,Automatic,1,ok,1248.784,88,2,1,0,0,2305843009213693967:85;2305843009213693973:3,Symbolica_default,cached_powers_Q,32,18,0.665,BalancedZippelSeparated
fire7_nb0_rank1505,Automatic,1,ok,1158.204,100,2,1,0,0,2305843009213693967:97;2305843009213693973:3,Symbolica_default,cached_powers_Q,35,12,0.884,BalancedZippelSeparated
fire7_nb0_rank1506,Automatic,1,ok,681.012,79,2,1,0,0,2305843009213693967:76;2305843009213693973:3,Symbolica_default,cached_powers_Q,18,28,0.626,BalancedZippelSeparated
fire7_nb0_rank1507,Automatic,1,ok,661.282,85,2,1,0,0,2305843009213693967:82;2305843009213693973:3,Symbolica_default,cached_powers_Q,18,28,0.458,BalancedZippelSeparated
fire7_nb0_rank1508,Automatic,1,ok,813.912,149,2,1,0,0,2305843009213693967:146;2305843009213693973:3,Symbolica_default,cached_powers_Q,44,6,0.409,BalancedZippelSeparated
fire7_nb0_rank1509,Automatic,1,ok,870.953,127,2,1,0,0,2305843009213693967:124;2305843009213693973:3,Symbolica_default,cached_powers_Q,24,24,0.470,BalancedZippelSeparated
fire7_nb0_rank1510,Automatic,1,ok,1110.444,104,2,1,0,0,2305843009213693967:101;2305843009213693973:3,Symbolica_default,cached_powers_Q,35,12,0.879,BalancedZippelSeparated
fire7_nb0_rank1511,Automatic,1,ok,918.703,104,2,1,0,0,2305843009213693967:101;2305843009213693973:3,Symbolica_default,cached_powers_Q,35,12,0.461,BalancedZippelSeparated
fire7_nb0_rank1512,Automatic,1,ok,1125.904,127,2,1,0,0,2305843009213693967:124;2305843009213693973:3,Symbolica_default,cached_powers_Q,24,24,0.497,BalancedZippelSeparated
fire7_nb0_rank1513,Automatic,1,ok,848.264,121,2,1,0,0,2305843009213693967:118;2305843009213693973:3,Symbolica_default,cached_powers_Q,38,12,0.462,BalancedZippelSeparated
fire7_nb0_rank1514,Automatic,1,ok,797.793,108,2,1,0,0,2305843009213693967:105;2305843009213693973:3,Symbolica_default,cached_powers_Q,24,27,0.461,BalancedZippelSeparated
fire7_nb0_rank1515,Automatic,1,ok,625.452,100,2,1,0,0,2305843009213693967:97;2305843009213693973:3,Symbolica_default,cached_powers_Q,35,12,0.573,BalancedZippelSeparated
fire7_nb0_rank1516,Automatic,1,ok,1062.144,108,2,1,0,0,2305843009213693967:105;2305843009213693973:3,Symbolica_default,cached_powers_Q,24,27,0.631,BalancedZippelSeparated
fire7_nb0_rank1517,Automatic,1,ok,763.033,81,2,1,0,0,2305843009213693967:78;2305843009213693973:3,Symbolica_default,cached_powers_Q,25,20,0.782,BalancedZippelSeparated
fire7_nb0_rank1518,Automatic,1,ok,691.083,90,2,1,0,0,2305843009213693967:87;2305843009213693973:3,Symbolica_default,cached_powers_Q,24,24,0.635,BalancedZippelSeparated
fire7_nb0_rank1519,Automatic,1,ok,714.033,96,2,1,0,0,2305843009213693967:93;2305843009213693973:3,Symbolica_default,cached_powers_Q,28,21,0.589,BalancedZippelSeparated
fire7_nb0_rank1520,Automatic,1,ok,747.113,100,2,1,0,0,2305843009213693967:97;2305843009213693973:3,Symbolica_default,cached_powers_Q,32,16,0.434,BalancedZippelSeparated
fire7_nb0_rank1521,Automatic,1,ok,665.752,90,2,1,0,0,2305843009213693967:87;2305843009213693973:3,Symbolica_default,cached_powers_Q,15,36,0.435,BalancedZippelSeparated
fire7_nb0_rank1522,Automatic,1,ok,1038.824,116,2,1,0,0,2305843009213693967:113;2305843009213693973:3,Symbolica_default,cached_powers_Q,15,36,0.862,BalancedZippelSeparated
fire7_nb0_rank1523,Automatic,1,ok,953.294,89,2,1,0,0,2305843009213693967:86;2305843009213693973:3,Symbolica_default,cached_powers_Q,24,24,0.737,BalancedZippelSeparated
fire7_nb0_rank1524,Automatic,1,ok,754.922,90,2,1,0,0,2305843009213693967:87;2305843009213693973:3,Symbolica_default,cached_powers_Q,25,21,0.519,BalancedZippelSeparated
fire7_nb0_rank1525,Automatic,1,ok,836.333,104,2,1,0,0,2305843009213693967:101;2305843009213693973:3,Symbolica_default,cached_powers_Q,35,12,0.617,BalancedZippelSeparated
fire7_nb0_rank1526,Automatic,1,ok,465.552,82,2,1,0,0,2305843009213693967:79;2305843009213693973:3,Symbolica_default,cached_powers_Q,25,24,0.643,BalancedZippelSeparated
fire7_nb0_rank1527,Automatic,1,ok,778.113,109,2,1,0,0,2305843009213693967:106;2305843009213693973:3,Symbolica_default,cached_powers_Q,30,14,0.759,BalancedZippelSeparated
fire7_nb0_rank1528,Automatic,1,ok,1077.514,126,2,1,0,0,2305843009213693967:123;2305843009213693973:3,Symbolica_default,cached_powers_Q,39,8,0.862,BalancedZippelSeparated
fire7_nb0_rank1529,Automatic,1,ok,733.533,110,2,1,0,0,2305843009213693967:107;2305843009213693973:3,Symbolica_default,cached_powers_Q,24,27,0.660,BalancedZippelSeparated
fire7_nb0_rank1530,Automatic,1,ok,668.383,85,2,1,0,0,2305843009213693967:82;2305843009213693973:3,Symbolica_default,cached_powers_Q,39,6,0.600,BalancedZippelSeparated
fire7_nb0_rank1531,Automatic,1,ok,1006.184,123,2,1,0,0,2305843009213693967:120;2305843009213693973:3,Symbolica_default,cached_powers_Q,28,24,0.602,BalancedZippelSeparated
fire7_nb0_rank1532,Automatic,1,ok,755.333,114,2,1,0,0,2305843009213693967:111;2305843009213693973:3,Symbolica_default,cached_powers_Q,15,36,0.446,BalancedZippelSeparated
fire7_nb0_rank1533,Automatic,1,ok,987.214,114,2,1,0,0,2305843009213693967:111;2305843009213693973:3,Symbolica_default,cached_powers_Q,15,36,0.591,BalancedZippelSeparated
fire7_nb0_rank1534,Automatic,1,ok,1026.203,98,2,1,0,0,2305843009213693967:95;2305843009213693973:3,Symbolica_default,cached_powers_Q,28,21,0.931,BalancedZippelSeparated
fire7_nb0_rank1535,Automatic,1,ok,969.353,98,2,1,0,0,2305843009213693967:95;2305843009213693973:3,Symbolica_default,cached_powers_Q,18,27,0.879,BalancedZippelSeparated
fire7_nb0_rank1536,Automatic,1,ok,698.792,79,2,1,0,0,2305843009213693967:76;2305843009213693973:3,Symbolica_default,cached_powers_Q,23,20,0.467,BalancedZippelSeparated
fire7_nb0_rank1537,Automatic,1,ok,824.543,149,2,1,0,0,2305843009213693967:146;2305843009213693973:3,Symbolica_default,cached_powers_Q,38,14,0.603,BalancedZippelSeparated
fire7_nb0_rank1538,Automatic,1,ok,695.263,87,2,1,0,0,2305843009213693967:84;2305843009213693973:3,Symbolica_default,cached_powers_Q,30,15,0.424,BalancedZippelSeparated
fire7_nb0_rank1539,Automatic,1,ok,751.493,107,2,1,0,0,2305843009213693967:104;2305843009213693973:3,Symbolica_default,cached_powers_Q,36,15,0.455,BalancedZippelSeparated
fire7_nb0_rank1540,Automatic,1,ok,720.272,80,2,1,0,0,2305843009213693967:77;2305843009213693973:3,Symbolica_default,cached_powers_Q,23,28,1.159,BalancedZippelSeparated
fire7_nb0_rank1541,Automatic,1,ok,1220.314,88,2,1,0,0,2305843009213693967:85;2305843009213693973:3,Symbolica_default,cached_powers_Q,23,28,0.710,BalancedZippelSeparated
fire7_nb0_rank1542,Automatic,1,ok,660.812,81,2,1,0,0,2305843009213693967:78;2305843009213693973:3,Symbolica_default,cached_powers_Q,35,8,0.407,BalancedZippelSeparated
fire7_nb0_rank1543,Automatic,1,ok,630.083,85,2,1,0,0,2305843009213693967:82;2305843009213693973:3,Symbolica_default,cached_powers_Q,35,8,0.432,BalancedZippelSeparated
fire7_nb0_rank1544,Automatic,1,ok,846.893,149,2,1,0,0,2305843009213693967:146;2305843009213693973:3,Symbolica_default,cached_powers_Q,38,14,0.459,BalancedZippelSeparated
fire7_nb0_rank1545,Automatic,1,ok,963.653,111,2,1,0,0,2305843009213693967:108;2305843009213693973:3,Symbolica_default,cached_powers_Q,35,12,0.590,BalancedZippelSeparated
fire7_nb0_rank1546,Automatic,1,ok,977.814,106,2,1,0,0,2305843009213693967:103;2305843009213693973:3,Symbolica_default,cached_powers_Q,36,10,0.847,BalancedZippelSeparated
fire7_nb0_rank1547,Automatic,1,ok,1003.593,124,2,1,0,0,2305843009213693967:121;2305843009213693973:3,Symbolica_default,cached_powers_Q,39,9,0.839,BalancedZippelSeparated
fire7_nb0_rank1548,Automatic,1,ok,722.412,107,2,1,0,0,2305843009213693967:104;2305843009213693973:3,Symbolica_default,cached_powers_Q,36,15,0.456,BalancedZippelSeparated
fire7_nb0_rank1549,Automatic,1,ok,744.483,98,2,1,0,0,2305843009213693967:95;2305843009213693973:3,Symbolica_default,cached_powers_Q,28,21,0.613,BalancedZippelSeparated
fire7_nb0_rank1550,Automatic,1,ok,621.673,84,2,1,0,0,2305843009213693967:81;2305843009213693973:3,Symbolica_default,cached_powers_Q,35,10,0.586,BalancedZippelSeparated
fire7_nb0_rank1551,Automatic,1,ok,1060.434,139,2,1,0,0,2305843009213693967:136;2305843009213693973:3,Symbolica_default,cached_powers_Q,36,10,0.442,BalancedZippelSeparated
fire7_nb0_rank1552,Automatic,1,ok,714.102,97,2,1,0,0,2305843009213693967:94;2305843009213693973:3,Symbolica_default,cached_powers_Q,24,27,0.674,BalancedZippelSeparated
fire7_nb0_rank1553,Automatic,1,ok,1181.174,122,2,1,0,0,2305843009213693967:119;2305843009213693973:3,Symbolica_default,cached_powers_Q,39,9,0.648,BalancedZippelSeparated
fire7_nb0_rank1554,Automatic,1,ok,692.693,88,2,1,0,0,2305843009213693967:85;2305843009213693973:3,Symbolica_default,cached_powers_Q,21,24,0.456,BalancedZippelSeparated
fire7_nb0_rank1555,Automatic,1,ok,523.992,99,2,1,0,0,2305843009213693967:96;2305843009213693973:3,Symbolica_default,cached_powers_Q,36,10,0.616,BalancedZippelSeparated
fire7_nb0_rank1556,Automatic,1,ok,697.223,90,2,1,0,0,2305843009213693967:87;2305843009213693973:3,Symbolica_default,cached_powers_Q,24,24,0.609,BalancedZippelSeparated
fire7_nb0_rank1557,Automatic,1,ok,689.532,97,2,1,0,0,2305843009213693967:94;2305843009213693973:3,Symbolica_default,cached_powers_Q,36,10,0.574,BalancedZippelSeparated
fire7_nb0_rank1558,Automatic,1,ok,760.213,79,2,1,0,0,2305843009213693967:76;2305843009213693973:3,Symbolica_default,cached_powers_Q,22,15,0.784,BalancedZippelSeparated
fire7_nb0_rank1559,Automatic,1,ok,541.642,94,2,1,0,0,2305843009213693967:91;2305843009213693973:3,Symbolica_default,cached_powers_Q,15,27,0.708,BalancedZippelSeparated
fire7_nb0_rank1560,Automatic,1,ok,733.482,94,2,1,0,0,2305843009213693967:91;2305843009213693973:3,Symbolica_default,cached_powers_Q,15,27,0.426,BalancedZippelSeparated
fire7_nb0_rank1561,Automatic,1,ok,691.152,102,2,1,0,0,2305843009213693967:99;2305843009213693973:3,Symbolica_default,cached_powers_Q,36,10,0.604,BalancedZippelSeparated
fire7_nb0_rank1562,Automatic,1,ok,799.543,133,2,1,0,0,2305843009213693967:130;2305843009213693973:3,Symbolica_default,cached_powers_Q,27,20,0.444,BalancedZippelSeparated
fire7_nb0_rank1563,Automatic,1,ok,1025.383,115,2,1,0,0,2305843009213693967:112;2305843009213693973:3,Symbolica_default,cached_powers_Q,33,14,0.635,BalancedZippelSeparated
fire7_nb0_rank1564,Automatic,1,ok,894.253,76,2,1,0,0,2305843009213693967:73;2305843009213693973:3,Symbolica_default,cached_powers_Q,24,20,0.608,BalancedZippelSeparated
fire7_nb0_rank1565,Automatic,1,ok,717.463,80,2,1,0,0,2305843009213693967:77;2305843009213693973:3,Symbolica_default,cached_powers_Q,24,20,0.447,BalancedZippelSeparated
fire7_nb0_rank1566,Automatic,1,ok,595.892,135,2,1,0,0,2305843009213693967:132;2305843009213693973:3,Symbolica_default,cached_powers_Q,33,14,0.660,BalancedZippelSeparated
fire7_nb0_rank1567,Automatic,1,ok,735.773,113,2,1,0,0,2305843009213693967:110;2305843009213693973:3,Symbolica_default,cached_powers_Q,39,10,0.437,BalancedZippelSeparated
fire7_nb0_rank1568,Automatic,1,ok,382.902,75,2,1,0,0,2305843009213693967:72;2305843009213693973:3,Symbolica_default,cached_powers_Q,22,14,0.579,BalancedZippelSeparated
fire7_nb0_rank1569,Automatic,1,ok,915.824,87,2,1,0,0,2305843009213693967:84;2305843009213693973:3,Symbolica_default,cached_powers_Q,30,15,0.882,BalancedZippelSeparated
fire7_nb0_rank1570,Automatic,1,ok,1022.173,133,2,1,0,0,2305843009213693967:130;2305843009213693973:3,Symbolica_default,cached_powers_Q,33,14,0.840,BalancedZippelSeparated
fire7_nb0_rank1571,Automatic,1,ok,807.953,80,2,1,0,0,2305843009213693967:77;2305843009213693973:3,Symbolica_default,cached_powers_Q,30,15,0.482,BalancedZippelSeparated
fire7_nb0_rank1572,Automatic,1,ok,824.733,133,2,1,0,0,2305843009213693967:130;2305843009213693973:3,Symbolica_default,cached_powers_Q,33,14,0.474,BalancedZippelSeparated
fire7_nb0_rank1573,Automatic,1,ok,576.352,86,2,1,0,0,2305843009213693967:83;2305843009213693973:3,Symbolica_default,cached_powers_Q,32,5,0.370,BalancedZippelSeparated
fire7_nb0_rank1574,Automatic,1,ok,490.692,89,2,1,0,0,2305843009213693967:86;2305843009213693973:3,Symbolica_default,cached_powers_Q,30,15,0.426,BalancedZippelSeparated
fire7_nb0_rank1575,Automatic,1,ok,545.442,85,2,1,0,0,2305843009213693967:82;2305843009213693973:3,Symbolica_default,cached_powers_Q,35,6,0.542,BalancedZippelSeparated
fire7_nb0_rank1576,Automatic,1,ok,984.464,133,2,1,0,0,2305843009213693967:130;2305843009213693973:3,Symbolica_default,cached_powers_Q,36,9,0.796,BalancedZippelSeparated
fire7_nb0_rank1577,Automatic,1,ok,846.994,79,2,1,0,0,2305843009213693967:76;2305843009213693973:3,Symbolica_default,cached_powers_Q,25,12,0.805,BalancedZippelSeparated
fire7_nb0_rank1578,Automatic,1,ok,703.723,92,2,1,0,0,2305843009213693967:89;2305843009213693973:3,Symbolica_default,cached_powers_Q,15,27,0.858,BalancedZippelSeparated
fire7_nb0_rank1579,Automatic,1,ok,683.162,128,2,1,0,0,2305843009213693967:125;2305843009213693973:3,Symbolica_default,cached_powers_Q,24,24,0.576,BalancedZippelSeparated
fire7_nb0_rank1580,Automatic,1,ok,618.572,92,2,1,0,0,2305843009213693967:89;2305843009213693973:3,Symbolica_default,cached_powers_Q,15,27,0.539,BalancedZippelSeparated
fire7_nb0_rank1581,Automatic,1,ok,657.422,90,2,1,0,0,2305843009213693967:87;2305843009213693973:3,Symbolica_default,cached_powers_Q,20,27,0.431,BalancedZippelSeparated
fire7_nb0_rank1582,Automatic,1,ok,336.341,80,2,1,0,0,2305843009213693967:77;2305843009213693973:3,Symbolica_default,cached_powers_Q,26,8,0.373,BalancedZippelSeparated
fire7_nb0_rank1583,Automatic,1,ok,667.842,74,2,1,0,0,2305843009213693967:71;2305843009213693973:3,Symbolica_default,cached_powers_Q,18,25,0.645,BalancedZippelSeparated
fire7_nb0_rank1584,Automatic,1,ok,850.373,81,2,1,0,0,2305843009213693967:78;2305843009213693973:3,Symbolica_default,cached_powers_Q,30,9,0.832,BalancedZippelSeparated
fire7_nb0_rank1585,Automatic,1,ok,595.552,83,2,1,0,0,2305843009213693967:80;2305843009213693973:3,Symbolica_default,cached_powers_Q,35,6,0.468,BalancedZippelSeparated
fire7_nb0_rank1586,Automatic,1,ok,726.173,93,2,1,0,0,2305843009213693967:90;2305843009213693973:3,Symbolica_default,cached_powers_Q,32,10,0.440,BalancedZippelSeparated
fire7_nb0_rank1587,Automatic,1,ok,658.472,83,2,1,0,0,2305843009213693967:80;2305843009213693973:3,Symbolica_default,cached_powers_Q,25,15,0.417,BalancedZippelSeparated
fire7_nb0_rank1588,Automatic,1,ok,560.282,83,2,1,0,0,2305843009213693967:80;2305843009213693973:3,Symbolica_default,cached_powers_Q,35,6,0.537,BalancedZippelSeparated
fire7_nb0_rank1589,Automatic,1,ok,485.821,82,2,1,0,0,2305843009213693967:79;2305843009213693973:3,Symbolica_default,cached_powers_Q,30,12,0.595,BalancedZippelSeparated
fire7_nb0_rank1590,Automatic,1,ok,884.083,74,2,1,0,0,2305843009213693967:71;2305843009213693973:3,Symbolica_default,cached_powers_Q,20,20,0.554,BalancedZippelSeparated
fire7_nb0_rank1591,Automatic,1,ok,407.221,97,2,1,0,0,2305843009213693967:94;2305843009213693973:3,Symbolica_default,cached_powers_Q,36,4,0.568,BalancedZippelSeparated
fire7_nb0_rank1592,Automatic,1,ok,643.893,81,2,1,0,0,2305843009213693967:78;2305843009213693973:3,Symbolica_default,cached_powers_Q,15,28,0.413,BalancedZippelSeparated
fire7_nb0_rank1593,Automatic,1,ok,730.153,119,2,1,0,0,2305843009213693967:116;2305843009213693973:3,Symbolica_default,cached_powers_Q,18,26,0.449,BalancedZippelSeparated
fire7_nb0_rank1594,Automatic,1,ok,500.361,95,2,1,0,0,2305843009213693967:92;2305843009213693973:3,Symbolica_default,cached_powers_Q,30,12,0.413,BalancedZippelSeparated
fire7_nb0_rank1595,Automatic,1,ok,953.923,113,2,1,0,0,2305843009213693967:110;2305843009213693973:3,Symbolica_default,cached_powers_Q,36,6,0.430,BalancedZippelSeparated
fire7_nb0_rank1596,Automatic,1,ok,859.453,83,2,1,0,0,2305843009213693967:80;2305843009213693973:3,Symbolica_default,cached_powers_Q,25,15,0.623,BalancedZippelSeparated
fire7_nb0_rank1597,Automatic,1,ok,815.733,80,2,1,0,0,2305843009213693967:77;2305843009213693973:3,Symbolica_default,cached_powers_Q,18,24,0.595,BalancedZippelSeparated
fire7_nb0_rank1598,Automatic,1,ok,553.132,83,2,1,0,0,2305843009213693967:80;2305843009213693973:3,Symbolica_default,cached_powers_Q,20,24,0.621,BalancedZippelSeparated
fire7_nb0_rank1599,Automatic,1,ok,662.272,108,2,1,0,0,2305843009213693967:105;2305843009213693973:3,Symbolica_default,cached_powers_Q,36,6,0.550,BalancedZippelSeparated
fire7_nb0_rank1600,Automatic,1,ok,671.712,102,2,1,0,0,2305843009213693967:99;2305843009213693973:3,Symbolica_default,cached_powers_Q,5,42,0.350,BalancedZippelSeparated
fire7_nb0_rank1601,Automatic,1,ok,612.052,102,2,1,0,0,2305843009213693967:99;2305843009213693973:3,Symbolica_default,cached_powers_Q,5,42,0.371,BalancedZippelSeparated
fire7_nb0_rank1602,Automatic,1,ok,629.603,88,2,1,0,0,2305843009213693967:85;2305843009213693973:3,Symbolica_default,cached_powers_Q,32,10,0.395,BalancedZippelSeparated
fire7_nb0_rank1603,Automatic,1,ok,443.702,80,2,1,0,0,2305843009213693967:77;2305843009213693973:3,Symbolica_default,cached_powers_Q,18,24,0.595,BalancedZippelSeparated
fire7_nb0_rank1604,Automatic,1,ok,643.743,82,2,1,0,0,2305843009213693967:79;2305843009213693973:3,Symbolica_default,cached_powers_Q,30,12,0.629,BalancedZippelSeparated
fire7_nb0_rank1605,Automatic,1,ok,898.923,144,2,1,0,0,2305843009213693967:141;2305843009213693973:3,Symbolica_default,cached_powers_Q,15,30,0.823,BalancedZippelSeparated
fire7_nb0_rank1606,Automatic,1,ok,531.722,93,2,1,0,0,2305843009213693967:90;2305843009213693973:3,Symbolica_default,cached_powers_Q,32,10,0.609,BalancedZippelSeparated
fire7_nb0_rank1607,Automatic,1,ok,398.891,70,2,1,0,0,2305843009213693967:67;2305843009213693973:3,Symbolica_default,cached_powers_Q,21,15,0.536,BalancedZippelSeparated
fire7_nb0_rank1608,Automatic,1,ok,733.293,123,2,1,0,0,2305843009213693967:120;2305843009213693973:3,Symbolica_default,cached_powers_Q,27,18,0.393,BalancedZippelSeparated
fire7_nb0_rank1609,Automatic,1,ok,626.522,113,2,1,0,0,2305843009213693967:110;2305843009213693973:3,Symbolica_default,cached_powers_Q,36,8,0.567,BalancedZippelSeparated
fire7_nb0_rank1610,Automatic,1,ok,655.312,82,2,1,0,0,2305843009213693967:79;2305843009213693973:3,Symbolica_default,cached_powers_Q,22,21,0.459,BalancedZippelSeparated
fire7_nb0_rank1611,Automatic,1,ok,702.783,76,2,1,0,0,2305843009213693967:73;2305843009213693973:3,Symbolica_default,cached_powers_Q,30,9,0.401,BalancedZippelSeparated
fire7_nb0_rank1612,Automatic,1,ok,908.443,81,2,1,0,0,2305843009213693967:78;2305843009213693973:3,Symbolica_default,cached_powers_Q,15,28,0.625,BalancedZippelSeparated
fire7_nb0_rank1613,Automatic,1,ok,847.073,123,2,1,0,0,2305843009213693967:120;2305843009213693973:3,Symbolica_default,cached_powers_Q,27,18,0.474,BalancedZippelSeparated
fire7_nb0_rank1614,Automatic,1,ok,982.524,97,2,1,0,0,2305843009213693967:94;2305843009213693973:3,Symbolica_default,cached_powers_Q,27,15,0.648,BalancedZippelSeparated
fire7_nb0_rank1615,Automatic,1,ok,684.592,78,2,1,0,0,2305843009213693967:75;2305843009213693973:3,Symbolica_default,cached_powers_Q,30,9,0.415,BalancedZippelSeparated
fire7_nb0_rank1616,Automatic,1,ok,465.192,80,2,1,0,0,2305843009213693967:77;2305843009213693973:3,Symbolica_default,cached_powers_Q,23,15,0.590,BalancedZippelSeparated
fire7_nb0_rank1617,Automatic,1,ok,940.934,110,2,1,0,0,2305843009213693967:107;2305843009213693973:3,Symbolica_default,cached_powers_Q,32,12,0.881,BalancedZippelSeparated
fire7_nb0_rank1618,Automatic,1,ok,674.182,92,2,1,0,0,2305843009213693967:89;2305843009213693973:3,Symbolica_default,cached_powers_Q,24,18,0.438,BalancedZippelSeparated
fire7_nb0_rank1619,Automatic,1,ok,634.572,80,2,1,0,0,2305843009213693967:77;2305843009213693973:3,Symbolica_default,cached_powers_Q,18,24,0.436,BalancedZippelSeparated
fire7_nb0_rank1620,Automatic,1,ok,864.303,114,2,1,0,0,2305843009213693967:111;2305843009213693973:3,Symbolica_default,cached_powers_Q,23,24,0.468,BalancedZippelSeparated
fire7_nb0_rank1621,Automatic,1,ok,903.353,81,2,1,0,0,2305843009213693967:78;2305843009213693973:3,Symbolica_default,cached_powers_Q,25,15,0.862,BalancedZippelSeparated
fire7_nb0_rank1622,Automatic,1,ok,696.283,77,2,1,0,0,2305843009213693967:74;2305843009213693973:3,Symbolica_default,cached_powers_Q,25,15,0.673,BalancedZippelSeparated
fire7_nb0_rank1623,Automatic,1,ok,972.674,101,2,1,0,0,2305843009213693967:98;2305843009213693973:3,Symbolica_default,cached_powers_Q,27,18,0.649,BalancedZippelSeparated
fire7_nb0_rank1624,Automatic,1,ok,535.412,90,2,1,0,0,2305843009213693967:87;2305843009213693973:3,Symbolica_default,cached_powers_Q,24,16,0.703,BalancedZippelSeparated
fire7_nb0_rank1625,Automatic,1,ok,615.073,74,2,1,0,0,2305843009213693967:71;2305843009213693973:3,Symbolica_default,cached_powers_Q,18,20,0.820,BalancedZippelSeparated
fire7_nb0_rank1626,Automatic,1,ok,772.142,89,2,1,0,0,2305843009213693967:86;2305843009213693973:3,Symbolica_default,cached_powers_Q,24,21,0.446,BalancedZippelSeparated
fire7_nb0_rank1627,Automatic,1,ok,619.692,119,2,1,0,0,2305843009213693967:116;2305843009213693973:3,Symbolica_default,cached_powers_Q,27,18,0.689,BalancedZippelSeparated
fire7_nb0_rank1628,Automatic,1,ok,725.462,90,2,1,0,0,2305843009213693967:87;2305843009213693973:3,Symbolica_default,cached_powers_Q,34,6,0.421,BalancedZippelSeparated
fire7_nb0_rank1629,Automatic,1,ok,728.892,87,2,1,0,0,2305843009213693967:84;2305843009213693973:3,Symbolica_default,cached_powers_Q,15,27,0.852,BalancedZippelSeparated
fire7_nb0_rank1630,Automatic,1,ok,688.252,98,2,1,0,0,2305843009213693967:95;2305843009213693973:3,Symbolica_default,cached_powers_Q,28,12,0.616,BalancedZippelSeparated
fire7_nb0_rank1631,Automatic,1,ok,917.723,73,2,1,0,0,2305843009213693967:70;2305843009213693973:3,Symbolica_default,cached_powers_Q,28,12,0.618,BalancedZippelSeparated
fire7_nb0_rank1632,Automatic,1,ok,648.233,74,2,1,0,0,2305843009213693967:71;2305843009213693973:3,Symbolica_default,cached_powers_Q,24,9,0.443,BalancedZippelSeparated
fire7_nb0_rank1633,Automatic,1,ok,704.992,91,2,1,0,0,2305843009213693967:88;2305843009213693973:3,Symbolica_default,cached_powers_Q,32,9,0.647,BalancedZippelSeparated
fire7_nb0_rank1634,Automatic,1,ok,636.973,74,2,1,0,0,2305843009213693967:71;2305843009213693973:3,Symbolica_default,cached_powers_Q,18,20,0.765,BalancedZippelSeparated
fire7_nb0_rank1635,Automatic,1,ok,460.172,68,2,1,0,0,2305843009213693967:65;2305843009213693973:3,Symbolica_default,cached_powers_Q,25,16,0.648,BalancedZippelSeparated
fire7_nb0_rank1636,Automatic,1,ok,946.914,95,2,1,0,0,2305843009213693967:92;2305843009213693973:3,Symbolica_default,cached_powers_Q,27,15,0.615,BalancedZippelSeparated
fire7_nb0_rank1637,Automatic,1,ok,475.391,82,2,1,0,0,2305843009213693967:79;2305843009213693973:3,Symbolica_default,cached_powers_Q,29,9,0.659,BalancedZippelSeparated
fire7_nb0_rank1638,Automatic,1,ok,824.213,113,2,1,0,0,2305843009213693967:110;2305843009213693973:3,Symbolica_default,cached_powers_Q,24,20,0.443,BalancedZippelSeparated
fire7_nb0_rank1639,Automatic,1,ok,703.492,78,2,1,0,0,2305843009213693967:75;2305843009213693973:3,Symbolica_default,cached_powers_Q,24,9,0.416,BalancedZippelSeparated
fire7_nb0_rank1640,Automatic,1,ok,761.663,95,2,1,0,0,2305843009213693967:92;2305843009213693973:3,Symbolica_default,cached_powers_Q,31,10,0.438,BalancedZippelSeparated
fire7_nb0_rank1641,Automatic,1,ok,761.203,72,2,1,0,0,2305843009213693967:69;2305843009213693973:3,Symbolica_default,cached_powers_Q,29,9,0.854,BalancedZippelSeparated
fire7_nb0_rank1642,Automatic,1,ok,478.482,72,2,1,0,0,2305843009213693967:69;2305843009213693973:3,Symbolica_default,cached_powers_Q,29,9,0.551,BalancedZippelSeparated
fire7_nb0_rank1643,Automatic,1,ok,607.613,76,2,1,0,0,2305843009213693967:73;2305843009213693973:3,Symbolica_default,cached_powers_Q,30,9,0.838,BalancedZippelSeparated
fire7_nb0_rank1644,Automatic,1,ok,682.093,78,2,1,0,0,2305843009213693967:75;2305843009213693973:3,Symbolica_default,cached_powers_Q,29,9,0.425,BalancedZippelSeparated
fire7_nb0_rank1645,Automatic,1,ok,662.383,92,2,1,0,0,2305843009213693967:89;2305843009213693973:3,Symbolica_default,cached_powers_Q,28,12,0.611,BalancedZippelSeparated
fire7_nb0_rank1646,Automatic,1,ok,516.992,99,2,1,0,0,2305843009213693967:96;2305843009213693973:3,Symbolica_default,cached_powers_Q,27,18,0.655,BalancedZippelSeparated
fire7_nb0_rank1647,Automatic,1,ok,433.661,109,2,1,0,0,2305843009213693967:106;2305843009213693973:3,Symbolica_default,cached_powers_Q,5,36,0.796,BalancedZippelSeparated
fire7_nb0_rank1648,Automatic,1,ok,579.022,119,2,1,0,0,2305843009213693967:116;2305843009213693973:3,Symbolica_default,cached_powers_Q,26,18,0.658,BalancedZippelSeparated
fire7_nb0_rank1649,Automatic,1,ok,504.462,83,2,1,0,0,2305843009213693967:80;2305843009213693973:3,Symbolica_default,cached_powers_Q,25,15,0.681,BalancedZippelSeparated
fire7_nb0_rank1650,Automatic,1,ok,634.683,70,2,1,0,0,2305843009213693967:67;2305843009213693973:3,Symbolica_default,cached_powers_Q,21,18,0.764,BalancedZippelSeparated
fire7_nb0_rank1651,Automatic,1,ok,713.612,91,2,1,0,0,2305843009213693967:88;2305843009213693973:3,Symbolica_default,cached_powers_Q,28,10,0.611,BalancedZippelSeparated
fire7_nb0_rank1652,Automatic,1,ok,589.433,75,2,1,0,0,2305843009213693967:72;2305843009213693973:3,Symbolica_default,cached_powers_Q,30,8,0.836,BalancedZippelSeparated
fire7_nb0_rank1653,Automatic,1,ok,711.412,98,2,1,0,0,2305843009213693967:95;2305843009213693973:3,Symbolica_default,cached_powers_Q,36,6,0.405,BalancedZippelSeparated
fire7_nb0_rank1654,Automatic,1,ok,877.463,121,2,1,0,0,2305843009213693967:118;2305843009213693973:3,Symbolica_default,cached_powers_Q,39,3,0.504,BalancedZippelSeparated
fire7_nb0_rank1655,Automatic,1,ok,730.392,87,2,1,0,0,2305843009213693967:84;2305843009213693973:3,Symbolica_default,cached_powers_Q,24,18,0.450,BalancedZippelSeparated
fire7_nb0_rank1656,Automatic,1,ok,817.903,108,2,1,0,0,2305843009213693967:105;2305843009213693973:3,Symbolica_default,cached_powers_Q,29,12,0.443,BalancedZippelSeparated
fire7_nb0_rank1657,Automatic,1,ok,747.903,94,2,1,0,0,2305843009213693967:91;2305843009213693973:3,Symbolica_default,cached_powers_Q,15,27,0.445,BalancedZippelSeparated
fire7_nb0_rank1658,Automatic,1,ok,680.532,95,2,1,0,0,2305843009213693967:92;2305843009213693973:3,Symbolica_default,cached_powers_Q,35,6,0.359,BalancedZippelSeparated
fire7_nb0_rank1659,Automatic,1,ok,515.762,96,2,1,0,0,2305843009213693967:93;2305843009213693973:3,Symbolica_default,cached_powers_Q,24,18,0.668,BalancedZippelSeparated
fire7_nb0_rank1660,Automatic,1,ok,744.353,81,2,1,0,0,2305843009213693967:78;2305843009213693973:3,Symbolica_default,cached_powers_Q,20,24,0.451,BalancedZippelSeparated
fire7_nb0_rank1661,Automatic,1,ok,407.861,77,2,1,0,0,2305843009213693967:74;2305843009213693973:3,Symbolica_default,cached_powers_Q,30,8,0.618,BalancedZippelSeparated
fire7_nb0_rank1662,Automatic,1,ok,713.562,92,2,1,0,0,2305843009213693967:89;2305843009213693973:3,Symbolica_default,cached_powers_Q,15,27,0.590,BalancedZippelSeparated
fire7_nb0_rank1663,Automatic,1,ok,785.173,123,2,1,0,0,2305843009213693967:120;2305843009213693973:3,Symbolica_default,cached_powers_Q,30,14,0.439,BalancedZippelSeparated
fire7_nb0_rank1664,Automatic,1,ok,580.882,117,2,1,0,0,2305843009213693967:114;2305843009213693973:3,Symbolica_default,cached_powers_Q,30,14,0.610,BalancedZippelSeparated
fire7_nb0_rank1665,Automatic,1,ok,573.362,77,2,1,0,0,2305843009213693967:74;2305843009213693973:3,Symbolica_default,cached_powers_Q,30,4,0.355,BalancedZippelSeparated
fire7_nb0_rank1666,Automatic,1,ok,472.772,75,2,1,0,0,2305843009213693967:72;2305843009213693973:3,Symbolica_default,cached_powers_Q,25,15,0.545,BalancedZippelSeparated
fire7_nb0_rank1667,Automatic,1,ok,636.962,75,2,1,0,0,2305843009213693967:72;2305843009213693973:3,Symbolica_default,cached_powers_Q,25,15,0.620,BalancedZippelSeparated
fire7_nb0_rank1668,Automatic,1,ok,443.231,82,2,1,0,0,2305843009213693967:79;2305843009213693973:3,Symbolica_default,cached_powers_Q,30,9,0.425,BalancedZippelSeparated
fire7_nb0_rank1669,Automatic,1,ok,636.612,91,2,1,0,0,2305843009213693967:88;2305843009213693973:3,Symbolica_default,cached_powers_Q,27,12,0.611,BalancedZippelSeparated
fire7_nb0_rank1670,Automatic,1,ok,433.312,79,2,1,0,0,2305843009213693967:76;2305843009213693973:3,Symbolica_default,cached_powers_Q,30,8,0.581,BalancedZippelSeparated
fire7_nb0_rank1671,Automatic,1,ok,403.082,71,2,1,0,0,2305843009213693967:68;2305843009213693973:3,Symbolica_default,cached_powers_Q,25,10,0.617,BalancedZippelSeparated
fire7_nb0_rank1672,Automatic,1,ok,497.711,71,2,1,0,0,2305843009213693967:68;2305843009213693973:3,Symbolica_default,cached_powers_Q,20,16,0.540,BalancedZippelSeparated
fire7_nb0_rank1673,Automatic,1,ok,601.911,77,2,1,0,0,2305843009213693967:74;2305843009213693973:3,Symbolica_default,cached_powers_Q,28,9,0.428,BalancedZippelSeparated
fire7_nb0_rank1674,Automatic,1,ok,549.472,72,2,1,0,0,2305843009213693967:69;2305843009213693973:3,Symbolica_default,cached_powers_Q,28,9,0.382,BalancedZippelSeparated
fire7_nb0_rank1675,Automatic,1,ok,555.402,78,2,1,0,0,2305843009213693967:75;2305843009213693973:3,Symbolica_default,cached_powers_Q,28,9,0.380,BalancedZippelSeparated
fire7_nb0_rank1676,Automatic,1,ok,524.442,75,2,1,0,0,2305843009213693967:72;2305843009213693973:3,Symbolica_default,cached_powers_Q,22,10,0.373,BalancedZippelSeparated
fire7_nb0_rank1677,Automatic,1,ok,580.013,84,2,1,0,0,2305843009213693967:81;2305843009213693973:3,Symbolica_default,cached_powers_Q,18,18,0.355,BalancedZippelSeparated
fire7_nb0_rank1678,Automatic,1,ok,443.591,81,2,1,0,0,2305843009213693967:78;2305843009213693973:3,Symbolica_default,cached_powers_Q,24,15,0.361,BalancedZippelSeparated
fire7_nb0_rank1679,Automatic,1,ok,585.712,92,2,1,0,0,2305843009213693967:89;2305843009213693973:3,Symbolica_default,cached_powers_Q,14,27,0.328,BalancedZippelSeparated
fire7_nb0_rank1680,Automatic,1,ok,284.211,79,2,1,0,0,2305843009213693967:76;2305843009213693973:3,Symbolica_default,cached_powers_Q,7,24,0.457,BalancedZippelSeparated
fire7_nb0_rank1681,Automatic,1,ok,582.412,79,2,1,0,0,2305843009213693967:76;2305843009213693973:3,Symbolica_default,cached_powers_Q,15,28,0.497,BalancedZippelSeparated
fire7_nb0_rank1682,Automatic,1,ok,358.191,72,2,1,0,0,2305843009213693967:69;2305843009213693973:3,Symbolica_default,cached_powers_Q,28,9,0.529,BalancedZippelSeparated
fire7_nb0_rank1683,Automatic,1,ok,598.182,88,2,1,0,0,2305843009213693967:85;2305843009213693973:3,Symbolica_default,cached_powers_Q,32,6,0.329,BalancedZippelSeparated
fire7_nb0_rank1684,Automatic,1,ok,364.561,77,2,1,0,0,2305843009213693967:74;2305843009213693973:3,Symbolica_default,cached_powers_Q,28,9,0.381,BalancedZippelSeparated
fire7_nb0_rank1685,Automatic,1,ok,403.362,71,2,1,0,0,2305843009213693967:68;2305843009213693973:3,Symbolica_default,cached_powers_Q,28,8,0.514,BalancedZippelSeparated
fire7_nb0_rank1686,Automatic,1,ok,529.552,88,2,1,0,0,2305843009213693967:85;2305843009213693973:3,Symbolica_default,cached_powers_Q,32,6,0.540,BalancedZippelSeparated
fire7_nb0_rank1687,Automatic,1,ok,382.761,75,2,1,0,0,2305843009213693967:72;2305843009213693973:3,Symbolica_default,cached_powers_Q,22,10,0.540,BalancedZippelSeparated
fire7_nb0_rank1688,Automatic,1,ok,538.552,116,2,1,0,0,2305843009213693967:113;2305843009213693973:3,Symbolica_default,cached_powers_Q,24,18,0.558,BalancedZippelSeparated
fire7_nb0_rank1689,Automatic,1,ok,394.281,68,2,1,0,0,2305843009213693967:65;2305843009213693973:3,Symbolica_default,cached_powers_Q,15,20,0.438,BalancedZippelSeparated
fire7_nb0_rank1690,Automatic,1,ok,384.742,68,2,1,0,0,2305843009213693967:65;2305843009213693973:3,Symbolica_default,cached_powers_Q,15,20,0.466,BalancedZippelSeparated
fire7_nb0_rank1691,Automatic,1,ok,415.812,81,2,1,0,0,2305843009213693967:78;2305843009213693973:3,Symbolica_default,cached_powers_Q,24,15,0.381,BalancedZippelSeparated
fire7_nb0_rank1692,Automatic,1,ok,594.203,85,2,1,0,0,2305843009213693967:82;2305843009213693973:3,Symbolica_default,cached_powers_Q,24,18,0.370,BalancedZippelSeparated
fire7_nb0_rank1693,Automatic,1,ok,441.671,91,2,1,0,0,2305843009213693967:88;2305843009213693973:3,Symbolica_default,cached_powers_Q,32,5,0.296,BalancedZippelSeparated
fire7_nb0_rank1694,Automatic,1,ok,420.031,82,2,1,0,0,2305843009213693967:79;2305843009213693973:3,Symbolica_default,cached_powers_Q,29,9,0.517,BalancedZippelSeparated
fire7_nb0_rank1695,Automatic,1,ok,646.083,91,2,1,0,0,2305843009213693967:88;2305843009213693973:3,Symbolica_default,cached_powers_Q,25,12,0.554,BalancedZippelSeparated
fire7_nb0_rank1696,Automatic,1,ok,390.542,80,2,1,0,0,2305843009213693967:77;2305843009213693973:3,Symbolica_default,cached_powers_Q,30,8,0.358,BalancedZippelSeparated
fire7_nb0_rank1697,Automatic,1,ok,725.852,97,2,1,0,0,2305843009213693967:94;2305843009213693973:3,Symbolica_default,cached_powers_Q,16,27,0.406,BalancedZippelSeparated
fire7_nb0_rank1698,Automatic,1,ok,628.352,68,2,1,0,0,2305843009213693967:65;2305843009213693973:3,Symbolica_default,cached_powers_Q,25,9,0.419,BalancedZippelSeparated
fire7_nb0_rank1699,Automatic,1,ok,635.012,87,2,1,0,0,2305843009213693967:84;2305843009213693973:3,Symbolica_default,cached_powers_Q,25,12,0.385,BalancedZippelSeparated
fire7_nb0_rank1700,Automatic,1,ok,381.121,83,2,1,0,0,2305843009213693967:80;2305843009213693973:3,Symbolica_default,cached_powers_Q,32,4,0.335,BalancedZippelSeparated
fire7_nb0_rank1701,Automatic,1,ok,422.371,85,2,1,0,0,2305843009213693967:82;2305843009213693973:3,Symbolica_default,cached_powers_Q,24,15,0.375,BalancedZippelSeparated
fire7_nb0_rank1702,Automatic,1,ok,428.832,78,2,1,0,0,2305843009213693967:75;2305843009213693973:3,Symbolica_default,cached_powers_Q,25,12,0.380,BalancedZippelSeparated
fire7_nb0_rank1703,Automatic,1,ok,359.841,73,2,1,0,0,2305843009213693967:70;2305843009213693973:3,Symbolica_default,cached_powers_Q,15,21,0.505,BalancedZippelSeparated
fire7_nb0_rank1704,Automatic,1,ok,423.751,84,2,1,0,0,2305843009213693967:81;2305843009213693973:3,Symbolica_default,cached_powers_Q,18,21,0.494,BalancedZippelSeparated
fire7_nb0_rank1705,Automatic,1,ok,379.361,79,2,1,0,0,2305843009213693967:76;2305843009213693973:3,Symbolica_default,cached_powers_Q,15,21,0.349,BalancedZippelSeparated
fire7_nb0_rank1706,Automatic,1,ok,552.922,101,2,1,0,0,2305843009213693967:98;2305843009213693973:3,Symbolica_default,cached_powers_Q,17,18,0.340,BalancedZippelSeparated
fire7_nb0_rank1707,Automatic,1,ok,554.342,101,2,1,0,0,2305843009213693967:98;2305843009213693973:3,Symbolica_default,cached_powers_Q,17,18,0.498,BalancedZippelSeparated
fire7_nb0_rank1708,Automatic,1,ok,603.923,89,2,1,0,0,2305843009213693967:86;2305843009213693973:3,Symbolica_default,cached_powers_Q,25,12,0.360,BalancedZippelSeparated
fire7_nb0_rank1709,Automatic,1,ok,429.611,80,2,1,0,0,2305843009213693967:77;2305843009213693973:3,Symbolica_default,cached_powers_Q,31,6,0.512,BalancedZippelSeparated
fire7_nb0_rank1710,Automatic,1,ok,510.432,92,2,1,0,0,2305843009213693967:89;2305843009213693973:3,Symbolica_default,cached_powers_Q,20,18,0.339,BalancedZippelSeparated
fire7_nb0_rank1711,Automatic,1,ok,438.782,89,2,1,0,0,2305843009213693967:86;2305843009213693973:3,Symbolica_default,cached_powers_Q,25,12,0.379,BalancedZippelSeparated
fire7_nb0_rank1712,Automatic,1,ok,519.942,113,2,1,0,0,2305843009213693967:110;2305843009213693973:3,Symbolica_default,cached_powers_Q,27,14,0.537,BalancedZippelSeparated
fire7_nb0_rank1713,Automatic,1,ok,491.902,92,2,1,0,0,2305843009213693967:89;2305843009213693973:3,Symbolica_default,cached_powers_Q,20,18,0.341,BalancedZippelSeparated
fire7_nb0_rank1714,Automatic,1,ok,479.882,102,2,1,0,0,2305843009213693967:99;2305843009213693973:3,Symbolica_default,cached_powers_Q,27,14,0.517,BalancedZippelSeparated
fire7_nb0_rank1715,Automatic,1,ok,481.322,100,2,1,0,0,2305843009213693967:97;2305843009213693973:3,Symbolica_default,cached_powers_Q,25,12,0.505,BalancedZippelSeparated
fire7_nb0_rank1716,Automatic,1,ok,486.512,74,2,1,0,0,2305843009213693967:71;2305843009213693973:3,Symbolica_default,cached_powers_Q,18,20,0.341,BalancedZippelSeparated
fire7_nb0_rank1717,Automatic,1,ok,450.642,89,2,1,0,0,2305843009213693967:86;2305843009213693973:3,Symbolica_default,cached_powers_Q,25,12,0.397,BalancedZippelSeparated
fire7_nb0_rank1718,Automatic,1,ok,456.742,82,2,1,0,0,2305843009213693967:79;2305843009213693973:3,Symbolica_default,cached_powers_Q,18,18,0.562,BalancedZippelSeparated
fire7_nb0_rank1719,Automatic,1,ok,462.992,82,2,1,0,0,2305843009213693967:79;2305843009213693973:3,Symbolica_default,cached_powers_Q,18,18,0.571,BalancedZippelSeparated
fire7_nb0_rank1720,Automatic,1,ok,628.172,90,2,1,0,0,2305843009213693967:87;2305843009213693973:3,Symbolica_default,cached_powers_Q,14,27,0.397,BalancedZippelSeparated
fire7_nb0_rank1721,Automatic,1,ok,610.342,89,2,1,0,0,2305843009213693967:86;2305843009213693973:3,Symbolica_default,cached_powers_Q,25,12,0.358,BalancedZippelSeparated
fire7_nb0_rank1722,Automatic,1,ok,406.252,85,2,1,0,0,2305843009213693967:82;2305843009213693973:3,Symbolica_default,cached_powers_Q,24,15,0.348,BalancedZippelSeparated
fire7_nb0_rank1723,Automatic,1,ok,574.172,69,2,1,0,0,2305843009213693967:66;2305843009213693973:3,Symbolica_default,cached_powers_Q,25,9,0.322,BalancedZippelSeparated
fire7_nb0_rank1724,Automatic,1,ok,583.802,67,2,1,0,0,2305843009213693967:64;2305843009213693973:3,Symbolica_default,cached_powers_Q,25,9,0.364,BalancedZippelSeparated
fire7_nb0_rank1725,Automatic,1,ok,456.511,96,2,1,0,0,2305843009213693967:93;2305843009213693973:3,Symbolica_default,cached_powers_Q,30,10,0.369,BalancedZippelSeparated
fire7_nb0_rank1726,Automatic,1,ok,556.632,72,2,1,0,0,2305843009213693967:69;2305843009213693973:3,Symbolica_default,cached_powers_Q,20,15,0.518,BalancedZippelSeparated
fire7_nb0_rank1727,Automatic,1,ok,744.273,92,2,1,0,0,2305843009213693967:89;2305843009213693973:3,Symbolica_default,cached_powers_Q,20,18,0.326,BalancedZippelSeparated
fire7_nb0_rank1728,Automatic,1,ok,459.742,85,2,1,0,0,2305843009213693967:82;2305843009213693973:3,Symbolica_default,cached_powers_Q,24,15,0.569,BalancedZippelSeparated
fire7_nb0_rank1729,Automatic,1,ok,458.091,73,2,1,0,0,2305843009213693967:70;2305843009213693973:3,Symbolica_default,cached_powers_Q,20,15,0.542,BalancedZippelSeparated
fire7_nb0_rank1730,Automatic,1,ok,569.693,96,2,1,0,0,2305843009213693967:93;2305843009213693973:3,Symbolica_default,cached_powers_Q,32,6,0.352,BalancedZippelSeparated
fire7_nb0_rank1731,Automatic,1,ok,420.912,81,2,1,0,0,2305843009213693967:78;2305843009213693973:3,Symbolica_default,cached_powers_Q,4,36,0.346,BalancedZippelSeparated
fire7_nb0_rank1732,Automatic,1,ok,494.602,73,2,1,0,0,2305843009213693967:70;2305843009213693973:3,Symbolica_default,cached_powers_Q,21,12,0.362,BalancedZippelSeparated
fire7_nb0_rank1733,Automatic,1,ok,506.922,67,2,1,0,0,2305843009213693967:64;2305843009213693973:3,Symbolica_default,cached_powers_Q,25,8,0.505,BalancedZippelSeparated
fire7_nb0_rank1734,Automatic,1,ok,588.583,80,2,1,0,0,2305843009213693967:77;2305843009213693973:3,Symbolica_default,cached_powers_Q,24,15,0.350,BalancedZippelSeparated
fire7_nb0_rank1735,Automatic,1,ok,528.362,81,2,1,0,0,2305843009213693967:78;2305843009213693973:3,Symbolica_default,cached_powers_Q,15,21,0.365,BalancedZippelSeparated
fire7_nb0_rank1736,Automatic,1,ok,475.212,86,2,1,0,0,2305843009213693967:83;2305843009213693973:3,Symbolica_default,cached_powers_Q,30,6,0.459,BalancedZippelSeparated
fire7_nb0_rank1737,Automatic,1,ok,618.883,111,2,1,0,0,2305843009213693967:108;2305843009213693973:3,Symbolica_default,cached_powers_Q,27,14,0.532,BalancedZippelSeparated
fire7_nb0_rank1738,Automatic,1,ok,555.272,69,2,1,0,0,2305843009213693967:66;2305843009213693973:3,Symbolica_default,cached_powers_Q,25,8,0.360,BalancedZippelSeparated
fire7_nb0_rank1739,Automatic,1,ok,688.583,148,2,1,0,0,2305843009213693967:145;2305843009213693973:3,Symbolica_default,cached_powers_Q,31,6,0.347,BalancedZippelSeparated
fire7_nb0_rank1740,Automatic,1,ok,588.852,82,2,1,0,0,2305843009213693967:79;2305843009213693973:3,Symbolica_default,cached_powers_Q,18,18,0.346,BalancedZippelSeparated
fire7_nb0_rank1741,Automatic,1,ok,591.642,82,2,1,0,0,2305843009213693967:79;2305843009213693973:3,Symbolica_default,cached_powers_Q,18,18,0.344,BalancedZippelSeparated
fire7_nb0_rank1742,Automatic,1,ok,584.092,74,2,1,0,0,2305843009213693967:71;2305843009213693973:3,Symbolica_default,cached_powers_Q,28,6,0.374,BalancedZippelSeparated
fire7_nb0_rank1743,Automatic,1,ok,697.033,133,2,1,0,0,2305843009213693967:130;2305843009213693973:3,Symbolica_default,cached_powers_Q,31,6,0.359,BalancedZippelSeparated
fire7_nb0_rank1744,Automatic,1,ok,430.172,93,2,1,0,0,2305843009213693967:90;2305843009213693973:3,Symbolica_default,cached_powers_Q,27,10,0.541,BalancedZippelSeparated
fire7_nb0_rank1745,Automatic,1,ok,625.912,92,2,1,0,0,2305843009213693967:89;2305843009213693973:3,Symbolica_default,cached_powers_Q,21,16,0.378,BalancedZippelSeparated
fire7_nb0_rank1746,Automatic,1,ok,473.112,102,2,1,0,0,2305843009213693967:99;2305843009213693973:3,Symbolica_default,cached_powers_Q,23,18,0.387,BalancedZippelSeparated
fire7_nb0_rank1747,Automatic,1,ok,505.842,70,2,1,0,0,2305843009213693967:67;2305843009213693973:3,Symbolica_default,cached_powers_Q,30,4,0.315,BalancedZippelSeparated
fire7_nb0_rank1748,Automatic,1,ok,322.011,84,2,1,0,0,2305843009213693967:81;2305843009213693973:3,Symbolica_default,cached_powers_Q,32,2,0.309,BalancedZippelSeparated
fire7_nb0_rank1749,Automatic,1,ok,686.943,102,2,1,0,0,2305843009213693967:99;2305843009213693973:3,Symbolica_default,cached_powers_Q,23,18,0.434,BalancedZippelSeparated
fire7_nb0_rank1750,Automatic,1,ok,409.852,68,2,1,0,0,2305843009213693967:65;2305843009213693973:3,Symbolica_default,cached_powers_Q,20,12,0.546,BalancedZippelSeparated
fire7_nb0_rank1751,Automatic,1,ok,508.682,72,2,1,0,0,2305843009213693967:69;2305843009213693973:3,Symbolica_default,cached_powers_Q,25,4,0.323,BalancedZippelSeparated
fire7_nb0_rank1752,Automatic,1,ok,663.893,85,2,1,0,0,2305843009213693967:82;2305843009213693973:3,Symbolica_default,cached_powers_Q,20,16,0.342,BalancedZippelSeparated
fire7_nb0_rank1753,Automatic,1,ok,279.421,68,2,1,0,0,2305843009213693967:65;2305843009213693973:3,Symbolica_default,cached_powers_Q,5,28,0.345,BalancedZippelSeparated
fire7_nb0_rank1754,Automatic,1,ok,489.482,77,2,1,0,0,2305843009213693967:74;2305843009213693973:3,Symbolica_default,cached_powers_Q,25,10,0.363,BalancedZippelSeparated
fire7_nb0_rank1755,Automatic,1,ok,602.732,86,2,1,0,0,2305843009213693967:83;2305843009213693973:3,Symbolica_default,cached_powers_Q,20,21,0.486,BalancedZippelSeparated
fire7_nb0_rank1756,Automatic,1,ok,420.462,94,2,1,0,0,2305843009213693967:91;2305843009213693973:3,Symbolica_default,cached_powers_Q,28,6,0.306,BalancedZippelSeparated
fire7_nb0_rank1757,Automatic,1,ok,448.142,104,2,1,0,0,2305843009213693967:101;2305843009213693973:3,Symbolica_default,cached_powers_Q,30,8,0.475,BalancedZippelSeparated
fire7_nb0_rank1758,Automatic,1,ok,413.182,89,2,1,0,0,2305843009213693967:86;2305843009213693973:3,Symbolica_default,cached_powers_Q,24,12,0.517,BalancedZippelSeparated
fire7_nb0_rank1759,Automatic,1,ok,537.692,84,2,1,0,0,2305843009213693967:81;2305843009213693973:3,Symbolica_default,cached_powers_Q,12,27,0.338,BalancedZippelSeparated
fire7_nb0_rank1760,Automatic,1,ok,612.292,87,2,1,0,0,2305843009213693967:84;2305843009213693973:3,Symbolica_default,cached_powers_Q,21,16,0.381,BalancedZippelSeparated
fire7_nb0_rank1761,Automatic,1,ok,682.383,92,2,1,0,0,2305843009213693967:89;2305843009213693973:3,Symbolica_default,cached_powers_Q,21,16,0.429,BalancedZippelSeparated
fire7_nb0_rank1762,Automatic,1,ok,344.101,86,2,1,0,0,2305843009213693967:83;2305843009213693973:3,Symbolica_default,cached_powers_Q,31,3,0.565,BalancedZippelSeparated
fire7_nb0_rank1763,Automatic,1,ok,617.192,89,2,1,0,0,2305843009213693967:86;2305843009213693973:3,Symbolica_default,cached_powers_Q,24,12,0.395,BalancedZippelSeparated
fire7_nb0_rank1764,Automatic,1,ok,581.353,89,2,1,0,0,2305843009213693967:86;2305843009213693973:3,Symbolica_default,cached_powers_Q,24,12,0.393,BalancedZippelSeparated
fire7_nb0_rank1765,Automatic,1,ok,597.562,75,2,1,0,0,2305843009213693967:72;2305843009213693973:3,Symbolica_default,cached_powers_Q,20,15,0.506,BalancedZippelSeparated
fire7_nb0_rank1766,Automatic,1,ok,744.593,148,2,1,0,0,2305843009213693967:145;2305843009213693973:3,Symbolica_default,cached_powers_Q,30,6,0.325,BalancedZippelSeparated
fire7_nb0_rank1767,Automatic,1,ok,532.932,71,2,1,0,0,2305843009213693967:68;2305843009213693973:3,Symbolica_default,cached_powers_Q,20,15,0.324,BalancedZippelSeparated
fire7_nb0_rank1768,Automatic,1,ok,429.811,73,2,1,0,0,2305843009213693967:70;2305843009213693973:3,Symbolica_default,cached_powers_Q,20,15,0.417,BalancedZippelSeparated
fire7_nb0_rank1769,Automatic,1,ok,380.711,71,2,1,0,0,2305843009213693967:68;2305843009213693973:3,Symbolica_default,cached_powers_Q,20,15,0.494,BalancedZippelSeparated
fire7_nb0_rank1770,Automatic,1,ok,572.591,75,2,1,0,0,2305843009213693967:72;2305843009213693973:3,Symbolica_default,cached_powers_Q,20,15,0.347,BalancedZippelSeparated
fire7_nb0_rank1771,Automatic,1,ok,440.132,74,2,1,0,0,2305843009213693967:71;2305843009213693973:3,Symbolica_default,cached_powers_Q,20,15,0.349,BalancedZippelSeparated
fire7_nb0_rank1772,Automatic,1,ok,422.411,71,2,1,0,0,2305843009213693967:68;2305843009213693973:3,Symbolica_default,cached_powers_Q,20,15,2.531,BalancedZippelSeparated
fire7_nb0_rank1773,Automatic,1,ok,416.982,71,2,1,0,0,2305843009213693967:68;2305843009213693973:3,Symbolica_default,cached_powers_Q,20,15,0.355,BalancedZippelSeparated
fire7_nb0_rank1774,Automatic,1,ok,663.802,75,2,1,0,0,2305843009213693967:72;2305843009213693973:3,Symbolica_default,cached_powers_Q,20,15,0.363,BalancedZippelSeparated
fire7_nb0_rank1775,Automatic,1,ok,420.821,71,2,1,0,0,2305843009213693967:68;2305843009213693973:3,Symbolica_default,cached_powers_Q,20,15,0.557,BalancedZippelSeparated
fire7_nb0_rank1776,Automatic,1,ok,413.162,94,2,1,0,0,2305843009213693967:91;2305843009213693973:3,Symbolica_default,cached_powers_Q,28,6,0.345,BalancedZippelSeparated
fire7_nb0_rank1777,Automatic,1,ok,409.401,72,2,1,0,0,2305843009213693967:69;2305843009213693973:3,Symbolica_default,cached_powers_Q,16,15,0.493,BalancedZippelSeparated
fire7_nb0_rank1778,Automatic,1,ok,453.561,79,2,1,0,0,2305843009213693967:76;2305843009213693973:3,Symbolica_default,cached_powers_Q,24,10,0.533,BalancedZippelSeparated
fire7_nb0_rank1779,Automatic,1,ok,441.641,69,2,1,0,0,2305843009213693967:66;2305843009213693973:3,Symbolica_default,cached_powers_Q,16,15,0.459,BalancedZippelSeparated
fire7_nb0_rank1780,Automatic,1,ok,689.902,128,2,1,0,0,2305843009213693967:125;2305843009213693973:3,Symbolica_default,cached_powers_Q,24,13,0.412,BalancedZippelSeparated
fire7_nb0_rank1781,Automatic,1,ok,557.522,70,2,1,0,0,2305843009213693967:67;2305843009213693973:3,Symbolica_default,cached_powers_Q,25,9,0.511,BalancedZippelSeparated
fire7_nb0_rank1782,Automatic,1,ok,382.111,70,2,1,0,0,2305843009213693967:67;2305843009213693973:3,Symbolica_default,cached_powers_Q,25,9,0.376,BalancedZippelSeparated
fire7_nb0_rank1783,Automatic,1,ok,398.461,74,2,1,0,0,2305843009213693967:71;2305843009213693973:3,Symbolica_default,cached_powers_Q,20,15,0.489,BalancedZippelSeparated
fire7_nb0_rank1784,Automatic,1,ok,570.052,87,2,1,0,0,2305843009213693967:84;2305843009213693973:3,Symbolica_default,cached_powers_Q,24,12,0.358,BalancedZippelSeparated
fire7_nb0_rank1785,Automatic,1,ok,410.011,93,2,1,0,0,2305843009213693967:90;2305843009213693973:3,Symbolica_default,cached_powers_Q,30,6,0.336,BalancedZippelSeparated
fire7_nb0_rank1786,Automatic,1,ok,432.222,86,2,1,0,0,2305843009213693967:83;2305843009213693973:3,Symbolica_default,cached_powers_Q,19,14,0.359,BalancedZippelSeparated
fire7_nb0_rank1787,Automatic,1,ok,598.132,70,2,1,0,0,2305843009213693967:67;2305843009213693973:3,Symbolica_default,cached_powers_Q,20,15,0.340,BalancedZippelSeparated
fire7_nb0_rank1788,Automatic,1,ok,392.651,70,2,1,0,0,2305843009213693967:67;2305843009213693973:3,Symbolica_default,cached_powers_Q,20,15,0.350,BalancedZippelSeparated
fire7_nb0_rank1789,Automatic,1,ok,684.492,98,2,1,0,0,2305843009213693967:95;2305843009213693973:3,Symbolica_default,cached_powers_Q,24,14,0.384,BalancedZippelSeparated
fire7_nb0_rank1790,Automatic,1,ok,417.682,74,2,1,0,0,2305843009213693967:71;2305843009213693973:3,Symbolica_default,cached_powers_Q,20,15,0.462,BalancedZippelSeparated
fire7_nb0_rank1791,Automatic,1,ok,572.402,87,2,1,0,0,2305843009213693967:84;2305843009213693973:3,Symbolica_default,cached_powers_Q,24,12,0.365,BalancedZippelSeparated
fire7_nb0_rank1792,Automatic,1,ok,586.662,87,2,1,0,0,2305843009213693967:84;2305843009213693973:3,Symbolica_default,cached_powers_Q,24,12,0.359,BalancedZippelSeparated
fire7_nb0_rank1793,Automatic,1,ok,536.862,67,2,1,0,0,2305843009213693967:64;2305843009213693973:3,Symbolica_default,cached_powers_Q,20,15,0.339,BalancedZippelSeparated
fire7_nb0_rank1794,Automatic,1,ok,463.991,115,2,1,0,0,2305843009213693967:112;2305843009213693973:3,Symbolica_default,cached_powers_Q,24,14,0.358,BalancedZippelSeparated
fire7_nb0_rank1795,Automatic,1,ok,635.942,89,2,1,0,0,2305843009213693967:86;2305843009213693973:3,Symbolica_default,cached_powers_Q,24,12,0.536,BalancedZippelSeparated
fire7_nb0_rank1796,Automatic,1,ok,423.421,74,2,1,0,0,2305843009213693967:71;2305843009213693973:3,Symbolica_default,cached_powers_Q,20,15,0.302,BalancedZippelSeparated
fire7_nb0_rank1797,Automatic,1,ok,614.272,87,2,1,0,0,2305843009213693967:84;2305843009213693973:3,Symbolica_default,cached_powers_Q,24,12,0.391,BalancedZippelSeparated
fire7_nb0_rank1798,Automatic,1,ok,444.372,77,2,1,0,0,2305843009213693967:74;2305843009213693973:3,Symbolica_default,cached_powers_Q,16,15,0.453,BalancedZippelSeparated
fire7_nb0_rank1799,Automatic,1,ok,571.572,70,2,1,0,0,2305843009213693967:67;2305843009213693973:3,Symbolica_default,cached_powers_Q,20,15,0.353,BalancedZippelSeparated
fire7_nb0_rank1800,Automatic,1,ok,573.652,71,2,1,0,0,2305843009213693967:68;2305843009213693973:3,Symbolica_default,cached_powers_Q,25,9,0.358,BalancedZippelSeparated
fire7_nb0_rank1801,Automatic,1,ok,606.082,87,2,1,0,0,2305843009213693967:84;2305843009213693973:3,Symbolica_default,cached_powers_Q,24,12,0.357,BalancedZippelSeparated
fire7_nb0_rank1802,Automatic,1,ok,555.902,79,2,1,0,0,2305843009213693967:76;2305843009213693973:3,Symbolica_default,cached_powers_Q,13,21,0.367,BalancedZippelSeparated
fire7_nb0_rank1803,Automatic,1,ok,573.622,70,2,1,0,0,2305843009213693967:67;2305843009213693973:3,Symbolica_default,cached_powers_Q,24,9,0.571,BalancedZippelSeparated
fire7_nb0_rank1804,Automatic,1,ok,603.262,76,2,1,0,0,2305843009213693967:73;2305843009213693973:3,Symbolica_default,cached_powers_Q,24,10,0.379,BalancedZippelSeparated
fire7_nb0_rank1805,Automatic,1,ok,440.902,87,2,1,0,0,2305843009213693967:84;2305843009213693973:3,Symbolica_default,cached_powers_Q,24,12,0.514,BalancedZippelSeparated
fire7_nb0_rank1806,Automatic,1,ok,605.472,84,2,1,0,0,2305843009213693967:81;2305843009213693973:3,Symbolica_default,cached_powers_Q,24,10,0.384,BalancedZippelSeparated
fire7_nb0_rank1807,Automatic,1,ok,569.331,79,2,1,0,0,2305843009213693967:76;2305843009213693973:3,Symbolica_default,cached_powers_Q,27,10,0.539,BalancedZippelSeparated
fire7_nb0_rank1808,Automatic,1,ok,578.223,67,2,1,0,0,2305843009213693967:64;2305843009213693973:3,Symbolica_default,cached_powers_Q,20,15,0.376,BalancedZippelSeparated
fire7_nb0_rank1809,Automatic,1,ok,360.682,66,2,1,0,0,2305843009213693967:63;2305843009213693973:3,Symbolica_default,cached_powers_Q,15,20,0.490,BalancedZippelSeparated
fire7_nb0_rank1810,Automatic,1,ok,647.893,111,2,1,0,0,2305843009213693967:108;2305843009213693973:3,Symbolica_default,cached_powers_Q,26,14,0.358,BalancedZippelSeparated
fire7_nb0_rank1811,Automatic,1,ok,536.372,72,2,1,0,0,2305843009213693967:69;2305843009213693973:3,Symbolica_default,cached_powers_Q,23,9,0.335,BalancedZippelSeparated
fire7_nb0_rank1812,Automatic,1,ok,384.941,67,2,1,0,0,2305843009213693967:64;2305843009213693973:3,Symbolica_default,cached_powers_Q,20,15,0.327,BalancedZippelSeparated
fire7_nb0_rank1813,Automatic,1,ok,429.022,70,2,1,0,0,2305843009213693967:67;2305843009213693973:3,Symbolica_default,cached_powers_Q,20,15,0.448,BalancedZippelSeparated
fire7_nb0_rank1814,Automatic,1,ok,393.991,85,2,1,0,0,2305843009213693967:82;2305843009213693973:3,Symbolica_default,cached_powers_Q,27,6,0.537,BalancedZippelSeparated
fire7_nb0_rank1815,Automatic,1,ok,544.172,64,2,1,0,0,2305843009213693967:61;2305843009213693973:3,Symbolica_default,cached_powers_Q,17,15,0.377,BalancedZippelSeparated
fire7_nb0_rank1816,Automatic,1,ok,465.002,70,2,1,0,0,2305843009213693967:67;2305843009213693973:3,Symbolica_default,cached_powers_Q,20,15,0.473,BalancedZippelSeparated
fire7_nb0_rank1817,Automatic,1,ok,416.051,74,2,1,0,0,2305843009213693967:71;2305843009213693973:3,Symbolica_default,cached_powers_Q,20,15,0.511,BalancedZippelSeparated
fire7_nb0_rank1818,Automatic,1,ok,698.243,74,2,1,0,0,2305843009213693967:71;2305843009213693973:3,Symbolica_default,cached_powers_Q,19,15,0.358,BalancedZippelSeparated
fire7_nb0_rank1819,Automatic,1,ok,383.871,91,2,1,0,0,2305843009213693967:88;2305843009213693973:3,Symbolica_default,cached_powers_Q,27,8,0.348,BalancedZippelSeparated
fire7_nb0_rank1820,Automatic,1,ok,408.191,67,2,1,0,0,2305843009213693967:64;2305843009213693973:3,Symbolica_default,cached_powers_Q,20,15,0.460,BalancedZippelSeparated
fire7_nb0_rank1821,Automatic,1,ok,505.292,74,2,1,0,0,2305843009213693967:71;2305843009213693973:3,Symbolica_default,cached_powers_Q,22,5,0.326,BalancedZippelSeparated
fire7_nb0_rank1822,Automatic,1,ok,609.693,71,2,1,0,0,2305843009213693967:68;2305843009213693973:3,Symbolica_default,cached_powers_Q,20,15,0.539,BalancedZippelSeparated
fire7_nb0_rank1823,Automatic,1,ok,638.853,76,2,1,0,0,2305843009213693967:73;2305843009213693973:3,Symbolica_default,cached_powers_Q,24,10,0.390,BalancedZippelSeparated
fire7_nb0_rank1824,Automatic,1,ok,3675.513,84,2,1,0,0,2305843009213693967:81;2305843009213693973:3,Symbolica_default,cached_powers_Q,24,10,0.400,BalancedZippelSeparated
fire7_nb0_rank1825,Automatic,1,ok,554.322,71,2,1,0,0,2305843009213693967:68;2305843009213693973:3,Symbolica_default,cached_powers_Q,25,6,0.343,BalancedZippelSeparated
fire7_nb0_rank1826,Automatic,1,ok,525.681,61,2,1,0,0,2305843009213693967:58;2305843009213693973:3,Symbolica_default,cached_powers_Q,20,12,0.324,BalancedZippelSeparated
fire7_nb0_rank1827,Automatic,1,ok,391.842,61,2,1,0,0,2305843009213693967:58;2305843009213693973:3,Symbolica_default,cached_powers_Q,20,12,0.468,BalancedZippelSeparated
fire7_nb0_rank1828,Automatic,1,ok,434.312,81,2,1,0,0,2305843009213693967:78;2305843009213693973:3,Symbolica_default,cached_powers_Q,24,6,0.369,BalancedZippelSeparated
fire7_nb0_rank1829,Automatic,1,ok,672.503,98,2,1,0,0,2305843009213693967:95;2305843009213693973:3,Symbolica_default,cached_powers_Q,23,14,0.397,BalancedZippelSeparated
fire7_nb0_rank1830,Automatic,1,ok,330.771,74,2,1,0,0,2305843009213693967:71;2305843009213693973:3,Symbolica_default,cached_powers_Q,22,5,0.310,BalancedZippelSeparated
fire7_nb0_rank1831,Automatic,1,ok,585.262,92,2,1,0,0,2305843009213693967:89;2305843009213693973:3,Symbolica_default,cached_powers_Q,27,10,0.406,BalancedZippelSeparated
fire7_nb0_rank1832,Automatic,1,ok,376.051,71,2,1,0,0,2305843009213693967:68;2305843009213693973:3,Symbolica_default,cached_powers_Q,25,6,0.339,BalancedZippelSeparated
fire7_nb0_rank1833,Automatic,1,ok,345.001,95,2,1,0,0,2305843009213693967:92;2305843009213693973:3,Symbolica_default,cached_powers_Q,6,27,0.341,BalancedZippelSeparated
fire7_nb0_rank1834,Automatic,1,ok,442.992,86,2,1,0,0,2305843009213693967:83;2305843009213693973:3,Symbolica_default,cached_powers_Q,29,3,0.348,BalancedZippelSeparated
fire7_nb0_rank1835,Automatic,1,ok,572.382,61,2,1,0,0,2305843009213693967:58;2305843009213693973:3,Symbolica_default,cached_powers_Q,20,8,0.374,BalancedZippelSeparated
fire7_nb0_rank1836,Automatic,1,ok,468.402,76,2,1,0,0,2305843009213693967:73;2305843009213693973:3,Symbolica_default,cached_powers_Q,22,10,0.562,BalancedZippelSeparated
fire7_nb0_rank1837,Automatic,1,ok,653.663,121,2,1,0,0,2305843009213693967:118;2305843009213693973:3,Symbolica_default,cached_powers_Q,26,9,0.374,BalancedZippelSeparated
fire7_nb0_rank1838,Automatic,1,ok,510.431,99,2,1,0,0,2305843009213693967:96;2305843009213693973:3,Symbolica_default,cached_powers_Q,27,6,0.430,BalancedZippelSeparated
fire7_nb0_rank1839,Automatic,1,ok,603.052,69,2,1,0,0,2305843009213693967:66;2305843009213693973:3,Symbolica_default,cached_powers_Q,16,15,0.511,BalancedZippelSeparated
fire7_nb0_rank1840,Automatic,1,ok,499.782,62,2,1,0,0,2305843009213693967:59;2305843009213693973:3,Symbolica_default,cached_powers_Q,20,8,0.336,BalancedZippelSeparated
fire7_nb0_rank1841,Automatic,1,ok,392.021,86,2,1,0,0,2305843009213693967:83;2305843009213693973:3,Symbolica_default,cached_powers_Q,24,9,0.374,BalancedZippelSeparated
fire7_nb0_rank1842,Automatic,1,ok,441.682,88,2,1,0,0,2305843009213693967:85;2305843009213693973:3,Symbolica_default,cached_powers_Q,21,14,0.552,BalancedZippelSeparated
fire7_nb0_rank1843,Automatic,1,ok,533.002,92,2,1,0,0,2305843009213693967:89;2305843009213693973:3,Symbolica_default,cached_powers_Q,27,10,0.603,BalancedZippelSeparated
fire7_nb0_rank1844,Automatic,1,ok,570.932,74,2,1,0,0,2305843009213693967:71;2305843009213693973:3,Symbolica_default,cached_powers_Q,23,9,0.421,BalancedZippelSeparated
fire7_nb0_rank1845,Automatic,1,ok,671.893,99,2,1,0,0,2305843009213693967:96;2305843009213693973:3,Symbolica_default,cached_powers_Q,16,20,0.347,BalancedZippelSeparated
fire7_nb0_rank1846,Automatic,1,ok,344.482,63,2,1,0,0,2305843009213693967:60;2305843009213693973:3,Symbolica_default,cached_powers_Q,20,9,0.337,BalancedZippelSeparated
fire7_nb0_rank1847,Automatic,1,ok,526.312,63,2,1,0,0,2305843009213693967:60;2305843009213693973:3,Symbolica_default,cached_powers_Q,20,9,0.349,BalancedZippelSeparated
fire7_nb0_rank1848,Automatic,1,ok,462.272,74,2,1,0,0,2305843009213693967:71;2305843009213693973:3,Symbolica_default,cached_powers_Q,25,6,0.462,BalancedZippelSeparated
fire7_nb0_rank1849,Automatic,1,ok,426.071,83,2,1,0,0,2305843009213693967:80;2305843009213693973:3,Symbolica_default,cached_powers_Q,23,15,0.407,BalancedZippelSeparated
fire7_nb0_rank1850,Automatic,1,ok,447.672,94,2,1,0,0,2305843009213693967:91;2305843009213693973:3,Symbolica_default,cached_powers_Q,27,9,0.615,BalancedZippelSeparated
fire7_nb0_rank1851,Automatic,1,ok,582.212,72,2,1,0,0,2305843009213693967:69;2305843009213693973:3,Symbolica_default,cached_powers_Q,12,24,0.379,BalancedZippelSeparated
fire7_nb0_rank1852,Automatic,1,ok,581.892,65,2,1,0,0,2305843009213693967:62;2305843009213693973:3,Symbolica_default,cached_powers_Q,25,6,0.405,BalancedZippelSeparated
fire7_nb0_rank1853,Automatic,1,ok,646.762,77,2,1,0,0,2305843009213693967:74;2305843009213693973:3,Symbolica_default,cached_powers_Q,12,24,0.564,BalancedZippelSeparated
fire7_nb0_rank1854,Automatic,1,ok,559.442,70,2,1,0,0,2305843009213693967:67;2305843009213693973:3,Symbolica_default,cached_powers_Q,25,6,0.321,BalancedZippelSeparated
fire7_nb0_rank1855,Automatic,1,ok,403.041,77,2,1,0,0,2305843009213693967:74;2305843009213693973:3,Symbolica_default,cached_powers_Q,12,24,0.376,BalancedZippelSeparated
fire7_nb0_rank1856,Automatic,1,ok,714.622,90,2,1,0,0,2305843009213693967:87;2305843009213693973:3,Symbolica_default,cached_powers_Q,27,8,0.327,BalancedZippelSeparated
fire7_nb0_rank1857,Automatic,1,ok,518.182,70,2,1,0,0,2305843009213693967:67;2305843009213693973:3,Symbolica_default,cached_powers_Q,15,15,0.331,BalancedZippelSeparated
fire7_nb0_rank1858,Automatic,1,ok,509.322,68,2,1,0,0,2305843009213693967:65;2305843009213693973:3,Symbolica_default,cached_powers_Q,15,15,0.312,BalancedZippelSeparated
fire7_nb0_rank1859,Automatic,1,ok,606.703,79,2,1,0,0,2305843009213693967:76;2305843009213693973:3,Symbolica_default,cached_powers_Q,20,12,0.319,BalancedZippelSeparated
fire7_nb0_rank1860,Automatic,1,ok,338.091,61,2,1,0,0,2305843009213693967:58;2305843009213693973:3,Symbolica_default,cached_powers_Q,19,12,0.343,BalancedZippelSeparated
fire7_nb0_rank1861,Automatic,1,ok,724.373,97,2,1,0,0,2305843009213693967:94;2305843009213693973:3,Symbolica_default,cached_powers_Q,24,14,0.409,BalancedZippelSeparated
fire7_nb0_rank1862,Automatic,1,ok,539.542,63,2,1,0,0,2305843009213693967:60;2305843009213693973:3,Symbolica_default,cached_powers_Q,19,12,0.357,BalancedZippelSeparated
fire7_nb0_rank1863,Automatic,1,ok,2209.878,63,2,1,0,0,2305843009213693967:60;2305843009213693973:3,Symbolica_default,cached_powers_Q,19,12,0.668,BalancedZippelSeparated
fire7_nb0_rank1864,Automatic,1,ok,464.542,67,2,1,0,0,2305843009213693967:64;2305843009213693973:3,Symbolica_default,cached_powers_Q,24,6,0.427,BalancedZippelSeparated
fire7_nb0_rank1865,Automatic,1,ok,626.303,80,2,1,0,0,2305843009213693967:77;2305843009213693973:3,Symbolica_default,cached_powers_Q,24,10,0.395,BalancedZippelSeparated
fire7_nb0_rank1866,Automatic,1,ok,327.001,91,2,1,0,0,2305843009213693967:88;2305843009213693973:3,Symbolica_default,cached_powers_Q,5,27,0.343,BalancedZippelSeparated
fire7_nb0_rank1867,Automatic,1,ok,534.682,73,2,1,0,0,2305843009213693967:70;2305843009213693973:3,Symbolica_default,cached_powers_Q,24,6,0.837,BalancedZippelSeparated
fire7_nb0_rank1868,Automatic,1,ok,683.593,102,2,1,0,0,2305843009213693967:99;2305843009213693973:3,Symbolica_default,cached_powers_Q,23,14,0.401,BalancedZippelSeparated
fire7_nb0_rank1869,Automatic,1,ok,425.672,74,2,1,0,0,2305843009213693967:71;2305843009213693973:3,Symbolica_default,cached_powers_Q,24,10,0.377,BalancedZippelSeparated
fire7_nb0_rank1870,Automatic,1,ok,379.191,68,2,1,0,0,2305843009213693967:65;2305843009213693973:3,Symbolica_default,cached_powers_Q,15,15,0.506,BalancedZippelSeparated
fire7_nb0_rank1871,Automatic,1,ok,584.182,66,2,1,0,0,2305843009213693967:63;2305843009213693973:3,Symbolica_default,cached_powers_Q,15,15,0.355,BalancedZippelSeparated
fire7_nb0_rank1872,Automatic,1,ok,552.791,68,2,1,0,0,2305843009213693967:65;2305843009213693973:3,Symbolica_default,cached_powers_Q,15,15,0.332,BalancedZippelSeparated
fire7_nb0_rank1873,Automatic,1,ok,550.392,66,2,1,0,0,2305843009213693967:63;2305843009213693973:3,Symbolica_default,cached_powers_Q,15,15,0.310,BalancedZippelSeparated
fire7_nb0_rank1874,Automatic,1,ok,513.892,65,2,1,0,0,2305843009213693967:62;2305843009213693973:3,Symbolica_default,cached_powers_Q,12,15,0.462,BalancedZippelSeparated
fire7_nb0_rank1875,Automatic,1,ok,507.402,69,2,1,0,0,2305843009213693967:66;2305843009213693973:3,Symbolica_default,cached_powers_Q,16,15,0.346,BalancedZippelSeparated
fire7_nb0_rank1876,Automatic,1,ok,418.892,70,2,1,0,0,2305843009213693967:67;2305843009213693973:3,Symbolica_default,cached_powers_Q,15,15,0.531,BalancedZippelSeparated
fire7_nb0_rank1877,Automatic,1,ok,360.621,62,2,1,0,0,2305843009213693967:59;2305843009213693973:3,Symbolica_default,cached_powers_Q,16,15,0.331,BalancedZippelSeparated
fire7_nb0_rank1878,Automatic,1,ok,667.302,85,2,1,0,0,2305843009213693967:82;2305843009213693973:3,Symbolica_default,cached_powers_Q,25,6,0.370,BalancedZippelSeparated
fire7_nb0_rank1879,Automatic,1,ok,396.642,70,2,1,0,0,2305843009213693967:67;2305843009213693973:3,Symbolica_default,cached_powers_Q,19,6,0.323,BalancedZippelSeparated
fire7_nb0_rank1880,Automatic,1,ok,3762.934,84,2,1,0,0,2305843009213693967:81;2305843009213693973:3,Symbolica_default,cached_powers_Q,20,14,0.381,BalancedZippelSeparated
fire7_nb0_rank1881,Automatic,1,ok,852.863,68,2,1,0,0,2305843009213693967:65;2305843009213693973:3,Symbolica_default,cached_powers_Q,15,15,0.360,BalancedZippelSeparated
fire7_nb0_rank1882,Automatic,1,ok,359.662,66,2,1,0,0,2305843009213693967:63;2305843009213693973:3,Symbolica_default,cached_powers_Q,15,15,0.349,BalancedZippelSeparated
fire7_nb0_rank1883,Automatic,1,ok,534.202,60,2,1,0,0,2305843009213693967:57;2305843009213693973:3,Symbolica_default,cached_powers_Q,16,15,0.334,BalancedZippelSeparated
fire7_nb0_rank1884,Automatic,1,ok,422.311,84,2,1,0,0,2305843009213693967:81;2305843009213693973:3,Symbolica_default,cached_powers_Q,15,18,0.360,BalancedZippelSeparated
fire7_nb0_rank1885,Automatic,1,ok,515.122,110,2,1,0,0,2305843009213693967:107;2305843009213693973:3,Symbolica_default,cached_powers_Q,12,24,0.359,BalancedZippelSeparated
fire7_nb0_rank1886,Automatic,1,ok,489.332,101,2,1,0,0,2305843009213693967:98;2305843009213693973:3,Symbolica_default,cached_powers_Q,18,18,0.538,BalancedZippelSeparated
fire7_nb0_rank1887,Automatic,1,ok,396.342,70,2,1,0,0,2305843009213693967:67;2305843009213693973:3,Symbolica_default,cached_powers_Q,15,15,0.373,BalancedZippelSeparated
fire7_nb0_rank1888,Automatic,1,ok,452.931,75,2,1,0,0,2305843009213693967:72;2305843009213693973:3,Symbolica_default,cached_powers_Q,12,21,2.058,BalancedZippelSeparated
fire7_nb0_rank1889,Automatic,1,ok,494.682,96,2,1,0,0,2305843009213693967:93;2305843009213693973:3,Symbolica_default,cached_powers_Q,23,14,0.572,BalancedZippelSeparated
fire7_nb0_rank1890,Automatic,1,ok,578.251,75,2,1,0,0,2305843009213693967:72;2305843009213693973:3,Symbolica_default,cached_powers_Q,12,21,0.535,BalancedZippelSeparated
fire7_nb0_rank1891,Automatic,1,ok,356.081,64,2,1,0,0,2305843009213693967:61;2305843009213693973:3,Symbolica_default,cached_powers_Q,15,15,0.508,BalancedZippelSeparated
fire7_nb0_rank1892,Automatic,1,ok,574.112,82,2,1,0,0,2305843009213693967:79;2305843009213693973:3,Symbolica_default,cached_powers_Q,24,9,0.381,BalancedZippelSeparated
fire7_nb0_rank1893,Automatic,1,ok,452.821,78,2,1,0,0,2305843009213693967:75;2305843009213693973:3,Symbolica_default,cached_powers_Q,27,4,0.488,BalancedZippelSeparated
fire7_nb0_rank1894,Automatic,1,ok,350.882,64,2,1,0,0,2305843009213693967:61;2305843009213693973:3,Symbolica_default,cached_powers_Q,14,20,0.474,BalancedZippelSeparated
fire7_nb0_rank1895,Automatic,1,ok,557.472,87,2,1,0,0,2305843009213693967:84;2305843009213693973:3,Symbolica_default,cached_powers_Q,26,6,0.482,BalancedZippelSeparated
fire7_nb0_rank1896,Automatic,1,ok,378.852,64,2,1,0,0,2305843009213693967:61;2305843009213693973:3,Symbolica_default,cached_powers_Q,18,9,0.457,BalancedZippelSeparated
fire7_nb0_rank1897,Automatic,1,ok,590.732,78,2,1,0,0,2305843009213693967:75;2305843009213693973:3,Symbolica_default,cached_powers_Q,18,15,0.474,BalancedZippelSeparated
fire7_nb0_rank1898,Automatic,1,ok,559.992,108,2,1,0,0,2305843009213693967:105;2305843009213693973:3,Symbolica_default,cached_powers_Q,12,24,0.522,BalancedZippelSeparated
fire7_nb0_rank1899,Automatic,1,ok,434.592,75,2,1,0,0,2305843009213693967:72;2305843009213693973:3,Symbolica_default,cached_powers_Q,24,6,0.512,BalancedZippelSeparated
fire7_nb0_rank1900,Automatic,1,ok,371.201,60,2,1,0,0,2305843009213693967:57;2305843009213693973:3,Symbolica_default,cached_powers_Q,16,15,0.516,BalancedZippelSeparated
fire7_nb0_rank1901,Automatic,1,ok,499.002,62,2,1,0,0,2305843009213693967:59;2305843009213693973:3,Symbolica_default,cached_powers_Q,16,15,0.333,BalancedZippelSeparated
fire7_nb0_rank1902,Automatic,1,ok,360.302,66,2,1,0,0,2305843009213693967:63;2305843009213693973:3,Symbolica_default,cached_powers_Q,20,9,0.348,BalancedZippelSeparated
fire7_nb0_rank1903,Automatic,1,ok,388.541,82,2,1,0,0,2305843009213693967:79;2305843009213693973:3,Symbolica_default,cached_powers_Q,15,18,0.331,BalancedZippelSeparated
fire7_nb0_rank1904,Automatic,1,ok,377.231,63,2,1,0,0,2305843009213693967:60;2305843009213693973:3,Symbolica_default,cached_powers_Q,16,15,0.337,BalancedZippelSeparated
fire7_nb0_rank1905,Automatic,1,ok,378.551,65,2,1,0,0,2305843009213693967:62;2305843009213693973:3,Symbolica_default,cached_powers_Q,16,15,0.452,BalancedZippelSeparated
fire7_nb0_rank1906,Automatic,1,ok,371.102,66,2,1,0,0,2305843009213693967:63;2305843009213693973:3,Symbolica_default,cached_powers_Q,15,15,0.338,BalancedZippelSeparated
fire7_nb0_rank1907,Automatic,1,ok,393.881,65,2,1,0,0,2305843009213693967:62;2305843009213693973:3,Symbolica_default,cached_powers_Q,16,15,0.531,BalancedZippelSeparated
fire7_nb0_rank1908,Automatic,1,ok,355.001,72,2,1,0,0,2305843009213693967:69;2305843009213693973:3,Symbolica_default,cached_powers_Q,23,6,0.352,BalancedZippelSeparated
fire7_nb0_rank1909,Automatic,1,ok,371.101,71,2,1,0,0,2305843009213693967:68;2305843009213693973:3,Symbolica_default,cached_powers_Q,20,15,0.514,BalancedZippelSeparated
fire7_nb0_rank1910,Automatic,1,ok,442.782,78,2,1,0,0,2305843009213693967:75;2305843009213693973:3,Symbolica_default,cached_powers_Q,18,15,0.512,BalancedZippelSeparated
fire7_nb0_rank1911,Automatic,1,ok,421.482,69,2,1,0,0,2305843009213693967:66;2305843009213693973:3,Symbolica_default,cached_powers_Q,15,15,0.453,BalancedZippelSeparated
fire7_nb0_rank1912,Automatic,1,ok,509.832,78,2,1,0,0,2305843009213693967:75;2305843009213693973:3,Symbolica_default,cached_powers_Q,24,8,0.454,BalancedZippelSeparated
fire7_nb0_rank1913,Automatic,1,ok,607.542,75,2,1,0,0,2305843009213693967:72;2305843009213693973:3,Symbolica_default,cached_powers_Q,24,6,0.524,BalancedZippelSeparated
fire7_nb0_rank1914,Automatic,1,ok,442.181,73,2,1,0,0,2305843009213693967:70;2305843009213693973:3,Symbolica_default,cached_powers_Q,24,6,0.358,BalancedZippelSeparated
fire7_nb0_rank1915,Automatic,1,ok,591.992,65,2,1,0,0,2305843009213693967:62;2305843009213693973:3,Symbolica_default,cached_powers_Q,16,15,0.370,BalancedZippelSeparated
fire7_nb0_rank1916,Automatic,1,ok,583.702,69,2,1,0,0,2305843009213693967:66;2305843009213693973:3,Symbolica_default,cached_powers_Q,20,10,0.326,BalancedZippelSeparated
fire7_nb0_rank1917,Automatic,1,ok,623.722,82,2,1,0,0,2305843009213693967:79;2305843009213693973:3,Symbolica_default,cached_powers_Q,24,8,0.561,BalancedZippelSeparated
fire7_nb0_rank1918,Automatic,1,ok,591.713,73,2,1,0,0,2305843009213693967:70;2305843009213693973:3,Symbolica_default,cached_powers_Q,24,6,0.357,BalancedZippelSeparated
fire7_nb0_rank1919,Automatic,1,ok,586.783,63,2,1,0,0,2305843009213693967:60;2305843009213693973:3,Symbolica_default,cached_powers_Q,16,15,0.344,BalancedZippelSeparated
fire7_nb0_rank1920,Automatic,1,ok,537.282,65,2,1,0,0,2305843009213693967:62;2305843009213693973:3,Symbolica_default,cached_powers_Q,16,15,0.339,BalancedZippelSeparated
fire7_nb0_rank1921,Automatic,1,ok,550.332,75,2,1,0,0,2305843009213693967:72;2305843009213693973:3,Symbolica_default,cached_powers_Q,24,6,0.323,BalancedZippelSeparated
fire7_nb0_rank1922,Automatic,1,ok,317.241,59,2,1,0,0,2305843009213693967:56;2305843009213693973:3,Symbolica_default,cached_powers_Q,20,8,0.298,BalancedZippelSeparated
fire7_nb0_rank1923,Automatic,1,ok,295.791,70,2,1,0,0,2305843009213693967:67;2305843009213693973:3,Symbolica_default,cached_powers_Q,4,28,0.354,BalancedZippelSeparated
fire7_nb0_rank1924,Automatic,1,ok,355.501,61,2,1,0,0,2305843009213693967:58;2305843009213693973:3,Symbolica_default,cached_powers_Q,20,8,0.364,BalancedZippelSeparated
fire7_nb0_rank1925,Automatic,1,ok,635.103,101,2,1,0,0,2305843009213693967:98;2305843009213693973:3,Symbolica_default,cached_powers_Q,21,9,0.403,BalancedZippelSeparated
fire7_nb0_rank1926,Automatic,1,ok,590.882,75,2,1,0,0,2305843009213693967:72;2305843009213693973:3,Symbolica_default,cached_powers_Q,19,10,0.346,BalancedZippelSeparated
fire7_nb0_rank1927,Automatic,1,ok,379.162,70,2,1,0,0,2305843009213693967:67;2305843009213693973:3,Symbolica_default,cached_powers_Q,24,6,0.353,BalancedZippelSeparated
fire7_nb0_rank1928,Automatic,1,ok,325.131,89,2,1,0,0,2305843009213693967:86;2305843009213693973:3,Symbolica_default,cached_powers_Q,27,4,0.469,BalancedZippelSeparated
fire7_nb0_rank1929,Automatic,1,ok,477.781,87,2,1,0,0,2305843009213693967:84;2305843009213693973:3,Symbolica_default,cached_powers_Q,19,14,0.498,BalancedZippelSeparated
fire7_nb0_rank1930,Automatic,1,ok,501.102,62,2,1,0,0,2305843009213693967:59;2305843009213693973:3,Symbolica_default,cached_powers_Q,20,9,0.323,BalancedZippelSeparated
fire7_nb0_rank1931,Automatic,1,ok,364.571,73,2,1,0,0,2305843009213693967:70;2305843009213693973:3,Symbolica_default,cached_powers_Q,24,6,0.316,BalancedZippelSeparated
fire7_nb0_rank1932,Automatic,1,ok,614.242,73,2,1,0,0,2305843009213693967:70;2305843009213693973:3,Symbolica_default,cached_powers_Q,24,6,0.287,BalancedZippelSeparated
fire7_nb0_rank1933,Automatic,1,ok,481.102,64,2,1,0,0,2305843009213693967:61;2305843009213693973:3,Symbolica_default,cached_powers_Q,20,6,0.405,BalancedZippelSeparated
fire7_nb0_rank1934,Automatic,1,ok,548.502,62,2,1,0,0,2305843009213693967:59;2305843009213693973:3,Symbolica_default,cached_powers_Q,20,6,0.416,BalancedZippelSeparated
fire7_nb0_rank1935,Automatic,1,ok,551.042,67,2,1,0,0,2305843009213693967:64;2305843009213693973:3,Symbolica_default,cached_powers_Q,18,9,0.350,BalancedZippelSeparated
fire7_nb0_rank1936,Automatic,1,ok,283.071,65,2,1,0,0,2305843009213693967:62;2305843009213693973:3,Symbolica_default,cached_powers_Q,6,20,0.267,BalancedZippelSeparated
fire7_nb0_rank1937,Automatic,1,ok,449.932,66,2,1,0,0,2305843009213693967:63;2305843009213693973:3,Symbolica_default,cached_powers_Q,25,3,0.312,BalancedZippelSeparated
fire7_nb0_rank1938,Automatic,1,ok,304.891,67,2,1,0,0,2305843009213693967:64;2305843009213693973:3,Symbolica_default,cached_powers_Q,15,10,0.315,BalancedZippelSeparated
fire7_nb0_rank1939,Automatic,1,ok,389.991,69,2,1,0,0,2305843009213693967:66;2305843009213693973:3,Symbolica_default,cached_powers_Q,20,10,0.488,BalancedZippelSeparated
fire7_nb0_rank1940,Automatic,1,ok,397.361,75,2,1,0,0,2305843009213693967:72;2305843009213693973:3,Symbolica_default,cached_powers_Q,24,10,0.366,BalancedZippelSeparated
fire7_nb0_rank1941,Automatic,1,ok,524.942,69,2,1,0,0,2305843009213693967:66;2305843009213693973:3,Symbolica_default,cached_powers_Q,18,6,0.288,BalancedZippelSeparated
fire7_nb0_rank1942,Automatic,1,ok,551.713,73,2,1,0,0,2305843009213693967:70;2305843009213693973:3,Symbolica_default,cached_powers_Q,20,10,0.322,BalancedZippelSeparated
fire7_nb0_rank1943,Automatic,1,ok,608.442,89,2,1,0,0,2305843009213693967:86;2305843009213693973:3,Symbolica_default,cached_powers_Q,26,4,0.375,BalancedZippelSeparated
fire7_nb0_rank1944,Automatic,1,ok,410.112,73,2,1,0,0,2305843009213693967:70;2305843009213693973:3,Symbolica_default,cached_powers_Q,12,21,0.503,BalancedZippelSeparated
fire7_nb0_rank1945,Automatic,1,ok,343.201,59,2,1,0,0,2305843009213693967:56;2305843009213693973:3,Symbolica_default,cached_powers_Q,15,12,0.316,BalancedZippelSeparated
fire7_nb0_rank1946,Automatic,1,ok,334.151,59,2,1,0,0,2305843009213693967:56;2305843009213693973:3,Symbolica_default,cached_powers_Q,15,12,0.457,BalancedZippelSeparated
fire7_nb0_rank1947,Automatic,1,ok,717.393,76,2,1,0,0,2305843009213693967:73;2305843009213693973:3,Symbolica_default,cached_powers_Q,15,12,0.458,BalancedZippelSeparated
fire7_nb0_rank1948,Automatic,1,ok,326.261,59,2,1,0,0,2305843009213693967:56;2305843009213693973:3,Symbolica_default,cached_powers_Q,15,12,0.360,BalancedZippelSeparated
fire7_nb0_rank1949,Automatic,1,ok,461.152,61,2,1,0,0,2305843009213693967:58;2305843009213693973:3,Symbolica_default,cached_powers_Q,5,20,0.264,BalancedZippelSeparated
fire7_nb0_rank1950,Automatic,1,ok,254.620,61,2,1,0,0,2305843009213693967:58;2305843009213693973:3,Symbolica_default,cached_powers_Q,5,20,0.293,BalancedZippelSeparated
fire7_nb0_rank1951,Automatic,1,ok,319.801,59,2,1,0,0,2305843009213693967:56;2305843009213693973:3,Symbolica_default,cached_powers_Q,15,12,0.515,BalancedZippelSeparated
fire7_nb0_rank1952,Automatic,1,ok,320.521,61,2,1,0,0,2305843009213693967:58;2305843009213693973:3,Symbolica_default,cached_powers_Q,20,6,0.305,BalancedZippelSeparated
fire7_nb0_rank1953,Automatic,1,ok,340.971,59,2,1,0,0,2305843009213693967:56;2305843009213693973:3,Symbolica_default,cached_powers_Q,20,6,0.329,BalancedZippelSeparated
fire7_nb0_rank1954,Automatic,1,ok,355.191,57,2,1,0,0,2305843009213693967:54;2305843009213693973:3,Symbolica_default,cached_powers_Q,18,8,0.509,BalancedZippelSeparated
fire7_nb0_rank1955,Automatic,1,ok,663.712,75,2,1,0,0,2305843009213693967:72;2305843009213693973:3,Symbolica_default,cached_powers_Q,23,6,0.345,BalancedZippelSeparated
fire7_nb0_rank1956,Automatic,1,ok,287.661,61,2,1,0,0,2305843009213693967:58;2305843009213693973:3,Symbolica_default,cached_powers_Q,5,20,0.555,BalancedZippelSeparated
fire7_nb0_rank1957,Automatic,1,ok,625.853,61,2,1,0,0,2305843009213693967:58;2305843009213693973:3,Symbolica_default,cached_powers_Q,5,20,0.382,BalancedZippelSeparated
fire7_nb0_rank1958,Automatic,1,ok,430.542,61,2,1,0,0,2305843009213693967:58;2305843009213693973:3,Symbolica_default,cached_powers_Q,5,20,0.290,BalancedZippelSeparated
fire7_nb0_rank1959,Automatic,1,ok,323.881,63,2,1,0,0,2305843009213693967:60;2305843009213693973:3,Symbolica_default,cached_powers_Q,18,8,0.325,BalancedZippelSeparated
fire7_nb0_rank1960,Automatic,1,ok,479.152,84,2,1,0,0,2305843009213693967:81;2305843009213693973:3,Symbolica_default,cached_powers_Q,15,18,0.326,BalancedZippelSeparated
fire7_nb0_rank1961,Automatic,1,ok,528.241,68,2,1,0,0,2305843009213693967:65;2305843009213693973:3,Symbolica_default,cached_powers_Q,15,15,0.452,BalancedZippelSeparated
fire7_nb0_rank1962,Automatic,1,ok,341.081,65,2,1,0,0,2305843009213693967:62;2305843009213693973:3,Symbolica_default,cached_powers_Q,18,9,0.453,BalancedZippelSeparated
fire7_nb0_rank1963,Automatic,1,ok,315.021,61,2,1,0,0,2305843009213693967:58;2305843009213693973:3,Symbolica_default,cached_powers_Q,15,12,0.489,BalancedZippelSeparated
fire7_nb0_rank1964,Automatic,1,ok,313.561,60,2,1,0,0,2305843009213693967:57;2305843009213693973:3,Symbolica_default,cached_powers_Q,16,9,0.468,BalancedZippelSeparated
fire7_nb0_rank1965,Automatic,1,ok,540.662,95,2,1,0,0,2305843009213693967:92;2305843009213693973:3,Symbolica_default,cached_powers_Q,5,24,0.315,BalancedZippelSeparated
fire7_nb0_rank1966,Automatic,1,ok,544.712,109,2,1,0,0,2305843009213693967:106;2305843009213693973:3,Symbolica_default,cached_powers_Q,5,24,0.335,BalancedZippelSeparated
fire7_nb0_rank1967,Automatic,1,ok,355.531,59,2,1,0,0,2305843009213693967:56;2305843009213693973:3,Symbolica_default,cached_powers_Q,18,8,0.541,BalancedZippelSeparated
fire7_nb0_rank1968,Automatic,1,ok,428.682,71,2,1,0,0,2305843009213693967:68;2305843009213693973:3,Symbolica_default,cached_powers_Q,18,10,0.561,BalancedZippelSeparated
fire7_nb0_rank1969,Automatic,1,ok,539.991,62,2,1,0,0,2305843009213693967:59;2305843009213693973:3,Symbolica_default,cached_powers_Q,20,9,0.368,BalancedZippelSeparated
fire7_nb0_rank1970,Automatic,1,ok,539.851,62,2,1,0,0,2305843009213693967:59;2305843009213693973:3,Symbolica_default,cached_powers_Q,20,9,0.322,BalancedZippelSeparated
fire7_nb0_rank1971,Automatic,1,ok,529.742,62,2,1,0,0,2305843009213693967:59;2305843009213693973:3,Symbolica_default,cached_powers_Q,20,9,0.337,BalancedZippelSeparated
fire7_nb0_rank1972,Automatic,1,ok,349.561,62,2,1,0,0,2305843009213693967:59;2305843009213693973:3,Symbolica_default,cached_powers_Q,20,9,0.338,BalancedZippelSeparated
fire7_nb0_rank1973,Automatic,1,ok,517.532,62,2,1,0,0,2305843009213693967:59;2305843009213693973:3,Symbolica_default,cached_powers_Q,20,9,0.623,BalancedZippelSeparated
fire7_nb0_rank1974,Automatic,1,ok,395.981,71,2,1,0,0,2305843009213693967:68;2305843009213693973:3,Symbolica_default,cached_powers_Q,15,10,0.331,BalancedZippelSeparated
fire7_nb0_rank1975,Automatic,1,ok,397.061,72,2,1,0,0,2305843009213693967:69;2305843009213693973:3,Symbolica_default,cached_powers_Q,15,10,0.325,BalancedZippelSeparated
fire7_nb0_rank1976,Automatic,1,ok,375.871,76,2,1,0,0,2305843009213693967:73;2305843009213693973:3,Symbolica_default,cached_powers_Q,24,4,0.320,BalancedZippelSeparated
fire7_nb0_rank1977,Automatic,1,ok,352.242,87,2,1,0,0,2305843009213693967:84;2305843009213693973:3,Symbolica_default,cached_powers_Q,12,18,0.318,BalancedZippelSeparated
fire7_nb0_rank1978,Automatic,1,ok,357.022,58,2,1,0,0,2305843009213693967:55;2305843009213693973:3,Symbolica_default,cached_powers_Q,16,9,0.266,BalancedZippelSeparated
fire7_nb0_rank1979,Automatic,1,ok,564.802,71,2,1,0,0,2305843009213693967:68;2305843009213693973:3,Symbolica_default,cached_powers_Q,15,10,0.349,BalancedZippelSeparated
fire7_nb0_rank1980,Automatic,1,ok,361.601,70,2,1,0,0,2305843009213693967:67;2305843009213693973:3,Symbolica_default,cached_powers_Q,15,15,0.329,BalancedZippelSeparated
fire7_nb0_rank1981,Automatic,1,ok,353.982,87,2,1,0,0,2305843009213693967:84;2305843009213693973:3,Symbolica_default,cached_powers_Q,12,18,0.322,BalancedZippelSeparated
fire7_nb0_rank1982,Automatic,1,ok,347.292,82,2,1,0,0,2305843009213693967:79;2305843009213693973:3,Symbolica_default,cached_powers_Q,12,18,0.479,BalancedZippelSeparated
fire7_nb0_rank1983,Automatic,1,ok,544.301,62,2,1,0,0,2305843009213693967:59;2305843009213693973:3,Symbolica_default,cached_powers_Q,13,10,0.368,BalancedZippelSeparated
fire7_nb0_rank1984,Automatic,1,ok,377.762,60,2,1,0,0,2305843009213693967:57;2305843009213693973:3,Symbolica_default,cached_powers_Q,20,6,0.310,BalancedZippelSeparated
fire7_nb0_rank1985,Automatic,1,ok,568.262,59,2,1,0,0,2305843009213693967:56;2305843009213693973:3,Symbolica_default,cached_powers_Q,20,6,0.353,BalancedZippelSeparated
fire7_nb0_rank1986,Automatic,1,ok,395.922,65,2,1,0,0,2305843009213693967:62;2305843009213693973:3,Symbolica_default,cached_powers_Q,20,9,0.429,BalancedZippelSeparated
fire7_nb0_rank1987,Automatic,1,ok,555.622,63,2,1,0,0,2305843009213693967:60;2305843009213693973:3,Symbolica_default,cached_powers_Q,20,9,0.332,BalancedZippelSeparated
fire7_nb0_rank1988,Automatic,1,ok,592.543,63,2,1,0,0,2305843009213693967:60;2305843009213693973:3,Symbolica_default,cached_powers_Q,20,9,0.377,BalancedZippelSeparated
fire7_nb0_rank1989,Automatic,1,ok,570.562,65,2,1,0,0,2305843009213693967:62;2305843009213693973:3,Symbolica_default,cached_powers_Q,10,15,0.351,BalancedZippelSeparated
fire7_nb0_rank1990,Automatic,1,ok,511.272,79,2,1,0,0,2305843009213693967:76;2305843009213693973:3,Symbolica_default,cached_powers_Q,4,27,0.362,BalancedZippelSeparated
fire7_nb0_rank1991,Automatic,1,ok,661.002,85,2,1,0,0,2305843009213693967:82;2305843009213693973:3,Symbolica_default,cached_powers_Q,18,14,0.471,BalancedZippelSeparated
fire7_nb0_rank1992,Automatic,1,ok,756.893,81,2,1,0,0,2305843009213693967:78;2305843009213693973:3,Symbolica_default,cached_powers_Q,18,12,0.606,BalancedZippelSeparated
fire7_nb0_rank1993,Automatic,1,ok,322.461,60,2,1,0,0,2305843009213693967:57;2305843009213693973:3,Symbolica_default,cached_powers_Q,15,9,0.450,BalancedZippelSeparated
fire7_nb0_rank1994,Automatic,1,ok,314.141,66,2,1,0,0,2305843009213693967:63;2305843009213693973:3,Symbolica_default,cached_powers_Q,12,9,0.449,BalancedZippelSeparated
fire7_nb0_rank1995,Automatic,1,ok,501.362,63,2,1,0,0,2305843009213693967:60;2305843009213693973:3,Symbolica_default,cached_powers_Q,20,6,0.305,BalancedZippelSeparated
fire7_nb0_rank1996,Automatic,1,ok,330.562,56,2,1,0,0,2305843009213693967:53;2305843009213693973:3,Symbolica_default,cached_powers_Q,12,10,0.490,BalancedZippelSeparated
fire7_nb0_rank1997,Automatic,1,ok,355.911,62,2,1,0,0,2305843009213693967:59;2305843009213693973:3,Symbolica_default,cached_powers_Q,19,9,0.506,BalancedZippelSeparated
fire7_nb0_rank1998,Automatic,1,ok,324.661,62,2,1,0,0,2305843009213693967:59;2305843009213693973:3,Symbolica_default,cached_powers_Q,17,5,0.302,BalancedZippelSeparated
fire7_nb0_rank1999,Automatic,1,ok,331.221,79,2,1,0,0,2305843009213693967:76;2305843009213693973:3,Symbolica_default,cached_powers_Q,4,27,0.322,BalancedZippelSeparated
fire7_nb0_rank2000,Automatic,1,ok,574.002,62,2,1,0,0,2305843009213693967:59;2305843009213693973:3,Symbolica_default,cached_powers_Q,19,9,0.656,BalancedZippelSeparated
fire7_nb0_rank2001,Automatic,1,ok,436.212,67,2,1,0,0,2305843009213693967:64;2305843009213693973:3,Symbolica_default,cached_powers_Q,11,21,0.487,BalancedZippelSeparated
fire7_nb0_rank2002,Automatic,1,ok,617.322,76,2,1,0,0,2305843009213693967:73;2305843009213693973:3,Symbolica_default,cached_powers_Q,18,12,0.319,BalancedZippelSeparated
fire7_nb0_rank2003,Automatic,1,ok,375.551,80,2,1,0,0,2305843009213693967:77;2305843009213693973:3,Symbolica_default,cached_powers_Q,12,18,0.469,BalancedZippelSeparated
fire7_nb0_rank2004,Automatic,1,ok,553.842,86,2,1,0,0,2305843009213693967:83;2305843009213693973:3,Symbolica_default,cached_powers_Q,12,18,0.311,BalancedZippelSeparated
fire7_nb0_rank2005,Automatic,1,ok,518.522,71,2,1,0,0,2305843009213693967:68;2305843009213693973:3,Symbolica_default,cached_powers_Q,19,6,0.447,BalancedZippelSeparated
fire7_nb0_rank2006,Automatic,1,ok,502.842,58,2,1,0,0,2305843009213693967:55;2305843009213693973:3,Symbolica_default,cached_powers_Q,19,6,0.334,BalancedZippelSeparated
fire7_nb0_rank2007,Automatic,1,ok,584.322,71,2,1,0,0,2305843009213693967:68;2305843009213693973:3,Symbolica_default,cached_powers_Q,24,6,0.369,BalancedZippelSeparated
fire7_nb0_rank2008,Automatic,1,ok,590.922,63,2,1,0,0,2305843009213693967:60;2305843009213693973:3,Symbolica_default,cached_powers_Q,20,6,0.317,BalancedZippelSeparated
fire7_nb0_rank2009,Automatic,1,ok,605.312,60,2,1,0,0,2305843009213693967:57;2305843009213693973:3,Symbolica_default,cached_powers_Q,19,9,0.361,BalancedZippelSeparated
fire7_nb0_rank2010,Automatic,1,ok,405.451,60,2,1,0,0,2305843009213693967:57;2305843009213693973:3,Symbolica_default,cached_powers_Q,19,9,0.351,BalancedZippelSeparated
fire7_nb0_rank2011,Automatic,1,ok,533.362,86,2,1,0,0,2305843009213693967:83;2305843009213693973:3,Symbolica_default,cached_powers_Q,12,18,0.311,BalancedZippelSeparated
fire7_nb0_rank2012,Automatic,1,ok,321.291,61,2,1,0,0,2305843009213693967:58;2305843009213693973:3,Symbolica_default,cached_powers_Q,15,9,0.348,BalancedZippelSeparated
fire7_nb0_rank2013,Automatic,1,ok,401.211,60,2,1,0,0,2305843009213693967:57;2305843009213693973:3,Symbolica_default,cached_powers_Q,19,9,0.465,BalancedZippelSeparated
fire7_nb0_rank2014,Automatic,1,ok,641.022,61,2,1,0,0,2305843009213693967:58;2305843009213693973:3,Symbolica_default,cached_powers_Q,15,9,0.429,BalancedZippelSeparated
fire7_nb0_rank2015,Automatic,1,ok,518.932,62,2,1,0,0,2305843009213693967:59;2305843009213693973:3,Symbolica_default,cached_powers_Q,19,9,0.317,BalancedZippelSeparated
fire7_nb0_rank2016,Automatic,1,ok,382.022,65,2,1,0,0,2305843009213693967:62;2305843009213693973:3,Symbolica_default,cached_powers_Q,16,10,0.440,BalancedZippelSeparated
fire7_nb0_rank2017,Automatic,1,ok,515.802,86,2,1,0,0,2305843009213693967:83;2305843009213693973:3,Symbolica_default,cached_powers_Q,12,18,0.271,BalancedZippelSeparated
fire7_nb0_rank2018,Automatic,1,ok,364.211,81,2,1,0,0,2305843009213693967:78;2305843009213693973:3,Symbolica_default,cached_powers_Q,12,18,0.463,BalancedZippelSeparated
fire7_nb0_rank2019,Automatic,1,ok,356.751,61,2,1,0,0,2305843009213693967:58;2305843009213693973:3,Symbolica_default,cached_powers_Q,19,6,0.512,BalancedZippelSeparated
fire7_nb0_rank2020,Automatic,1,ok,391.541,69,2,1,0,0,2305843009213693967:66;2305843009213693973:3,Symbolica_default,cached_powers_Q,16,10,0.328,BalancedZippelSeparated
fire7_nb0_rank2021,Automatic,1,ok,399.831,66,2,1,0,0,2305843009213693967:63;2305843009213693973:3,Symbolica_default,cached_powers_Q,12,18,0.482,BalancedZippelSeparated
fire7_nb0_rank2022,Automatic,1,ok,479.482,78,2,1,0,0,2305843009213693967:75;2305843009213693973:3,Symbolica_default,cached_powers_Q,21,6,0.459,BalancedZippelSeparated
fire7_nb0_rank2023,Automatic,1,ok,403.892,85,2,1,0,0,2305843009213693967:82;2305843009213693973:3,Symbolica_default,cached_powers_Q,17,14,0.341,BalancedZippelSeparated
fire7_nb0_rank2024,Automatic,1,ok,605.262,61,2,1,0,0,2305843009213693967:58;2305843009213693973:3,Symbolica_default,cached_powers_Q,10,15,0.344,BalancedZippelSeparated
fire7_nb0_rank2025,Automatic,1,ok,634.242,81,2,1,0,0,2305843009213693967:78;2305843009213693973:3,Symbolica_default,cached_powers_Q,20,6,0.327,BalancedZippelSeparated
fire7_nb0_rank2026,Automatic,1,ok,448.582,78,2,1,0,0,2305843009213693967:75;2305843009213693973:3,Symbolica_default,cached_powers_Q,21,6,0.393,BalancedZippelSeparated
fire7_nb0_rank2027,Automatic,1,ok,323.361,61,2,1,0,0,2305843009213693967:58;2305843009213693973:3,Symbolica_default,cached_powers_Q,24,4,0.318,BalancedZippelSeparated
fire7_nb0_rank2028,Automatic,1,ok,432.102,57,2,1,0,0,2305843009213693967:54;2305843009213693973:3,Symbolica_default,cached_powers_Q,20,4,0.287,BalancedZippelSeparated
fire7_nb0_rank2029,Automatic,1,ok,662.943,59,2,1,0,0,2305843009213693967:56;2305843009213693973:3,Symbolica_default,cached_powers_Q,20,4,0.380,BalancedZippelSeparated
fire7_nb0_rank2030,Automatic,1,ok,557.392,64,2,1,0,0,2305843009213693967:61;2305843009213693973:3,Symbolica_default,cached_powers_Q,20,6,0.329,BalancedZippelSeparated
fire7_nb0_rank2031,Automatic,1,ok,421.651,81,2,1,0,0,2305843009213693967:78;2305843009213693973:3,Symbolica_default,cached_powers_Q,18,12,0.337,BalancedZippelSeparated
fire7_nb0_rank2032,Automatic,1,ok,367.151,57,2,1,0,0,2305843009213693967:54;2305843009213693973:3,Symbolica_default,cached_powers_Q,16,9,0.478,BalancedZippelSeparated
fire7_nb0_rank2033,Automatic,1,ok,328.121,95,2,1,0,0,2305843009213693967:92;2305843009213693973:3,Symbolica_default,cached_powers_Q,5,20,0.460,BalancedZippelSeparated
fire7_nb0_rank2034,Automatic,1,ok,332.152,61,2,1,0,0,2305843009213693967:58;2305843009213693973:3,Symbolica_default,cached_powers_Q,10,15,0.318,BalancedZippelSeparated
fire7_nb0_rank2035,Automatic,1,ok,350.281,63,2,1,0,0,2305843009213693967:60;2305843009213693973:3,Symbolica_default,cached_powers_Q,10,15,0.299,BalancedZippelSeparated
fire7_nb0_rank2036,Automatic,1,ok,558.922,61,2,1,0,0,2305843009213693967:58;2305843009213693973:3,Symbolica_default,cached_powers_Q,10,15,0.336,BalancedZippelSeparated
fire7_nb0_rank2037,Automatic,1,ok,327.271,53,2,1,0,0,2305843009213693967:50;2305843009213693973:3,Symbolica_default,cached_powers_Q,20,6,0.284,BalancedZippelSeparated
fire7_nb0_rank2038,Automatic,1,ok,302.061,55,2,1,0,0,2305843009213693967:52;2305843009213693973:3,Symbolica_default,cached_powers_Q,20,6,0.265,BalancedZippelSeparated
fire7_nb0_rank2039,Automatic,1,ok,554.042,63,2,1,0,0,2305843009213693967:60;2305843009213693973:3,Symbolica_default,cached_powers_Q,10,15,0.331,BalancedZippelSeparated
fire7_nb0_rank2040,Automatic,1,ok,410.982,68,2,1,0,0,2305843009213693967:65;2305843009213693973:3,Symbolica_default,cached_powers_Q,19,8,0.308,BalancedZippelSeparated
fire7_nb0_rank2041,Automatic,1,ok,565.512,84,2,1,0,0,2305843009213693967:81;2305843009213693973:3,Symbolica_default,cached_powers_Q,20,6,0.314,BalancedZippelSeparated
fire7_nb0_rank2042,Automatic,1,ok,540.662,62,2,1,0,0,2305843009213693967:59;2305843009213693973:3,Symbolica_default,cached_powers_Q,20,6,0.317,BalancedZippelSeparated
fire7_nb0_rank2043,Automatic,1,ok,399.561,79,2,1,0,0,2305843009213693967:76;2305843009213693973:3,Symbolica_default,cached_powers_Q,12,18,0.322,BalancedZippelSeparated
fire7_nb0_rank2044,Automatic,1,ok,469.312,65,2,1,0,0,2305843009213693967:62;2305843009213693973:3,Symbolica_default,cached_powers_Q,15,6,0.276,BalancedZippelSeparated
fire7_nb0_rank2045,Automatic,1,ok,539.802,64,2,1,0,0,2305843009213693967:61;2305843009213693973:3,Symbolica_default,cached_powers_Q,16,10,0.304,BalancedZippelSeparated
fire7_nb0_rank2046,Automatic,1,ok,422.561,78,2,1,0,0,2305843009213693967:75;2305843009213693973:3,Symbolica_default,cached_powers_Q,20,6,0.508,BalancedZippelSeparated
fire7_nb0_rank2047,Automatic,1,ok,741.923,113,2,1,0,0,2305843009213693967:110;2305843009213693973:3,Symbolica_default,cached_powers_Q,21,7,0.457,BalancedZippelSeparated
fire7_nb0_rank2048,Automatic,1,ok,663.662,60,2,1,0,0,2305843009213693967:57;2305843009213693973:3,Symbolica_default,cached_powers_Q,12,15,0.597,BalancedZippelSeparated
fire7_nb0_rank2049,Automatic,1,ok,560.442,69,2,1,0,0,2305843009213693967:66;2305843009213693973:3,Symbolica_default,cached_powers_Q,24,4,0.604,BalancedZippelSeparated
fire7_nb0_rank2050,Automatic,1,ok,356.522,65,2,1,0,0,2305843009213693967:62;2305843009213693973:3,Symbolica_default,cached_powers_Q,15,6,0.563,BalancedZippelSeparated
fire7_nb0_rank2051,Automatic,1,ok,325.341,68,2,1,0,0,2305843009213693967:65;2305843009213693973:3,Symbolica_default,cached_powers_Q,19,9,0.308,BalancedZippelSeparated
fire7_nb0_rank2052,Automatic,1,ok,464.142,58,2,1,0,0,2305843009213693967:55;2305843009213693973:3,Symbolica_default,cached_powers_Q,15,12,0.473,BalancedZippelSeparated
fire7_nb0_rank2053,Automatic,1,ok,374.681,78,2,1,0,0,2305843009213693967:75;2305843009213693973:3,Symbolica_default,cached_powers_Q,21,6,0.524,BalancedZippelSeparated
fire7_nb0_rank2054,Automatic,1,ok,519.632,57,2,1,0,0,2305843009213693967:54;2305843009213693973:3,Symbolica_default,cached_powers_Q,20,6,0.275,BalancedZippelSeparated
fire7_nb0_rank2055,Automatic,1,ok,348.831,77,2,1,0,0,2305843009213693967:74;2305843009213693973:3,Symbolica_default,cached_powers_Q,21,4,0.478,BalancedZippelSeparated
fire7_nb0_rank2056,Automatic,1,ok,585.823,72,2,1,0,0,2305843009213693967:69;2305843009213693973:3,Symbolica_default,cached_powers_Q,18,10,0.343,BalancedZippelSeparated
fire7_nb0_rank2057,Automatic,1,ok,661.942,60,2,1,0,0,2305843009213693967:57;2305843009213693973:3,Symbolica_default,cached_powers_Q,16,6,0.442,BalancedZippelSeparated
fire7_nb0_rank2058,Automatic,1,ok,544.902,70,2,1,0,0,2305843009213693967:67;2305843009213693973:3,Symbolica_default,cached_powers_Q,18,10,0.856,BalancedZippelSeparated
fire7_nb0_rank2059,Automatic,1,ok,674.193,72,2,1,0,0,2305843009213693967:69;2305843009213693973:3,Symbolica_default,cached_powers_Q,21,6,0.698,BalancedZippelSeparated
fire7_nb0_rank2060,Automatic,1,ok,320.472,60,2,1,0,0,2305843009213693967:57;2305843009213693973:3,Symbolica_default,cached_powers_Q,19,9,0.332,BalancedZippelSeparated
fire7_nb0_rank2061,Automatic,1,ok,459.942,86,2,1,0,0,2305843009213693967:83;2305843009213693973:3,Symbolica_default,cached_powers_Q,11,18,0.319,BalancedZippelSeparated
fire7_nb0_rank2062,Automatic,1,ok,575.293,107,2,1,0,0,2305843009213693967:104;2305843009213693973:3,Symbolica_default,cached_powers_Q,23,4,0.321,BalancedZippelSeparated
fire7_nb0_rank2063,Automatic,1,ok,741.393,60,2,1,0,0,2305843009213693967:57;2305843009213693973:3,Symbolica_default,cached_powers_Q,20,6,0.394,BalancedZippelSeparated
fire7_nb0_rank2064,Automatic,1,ok,654.123,58,2,1,0,0,2305843009213693967:55;2305843009213693973:3,Symbolica_default,cached_powers_Q,16,9,0.489,BalancedZippelSeparated
fire7_nb0_rank2065,Automatic,1,ok,405.142,56,2,1,0,0,2305843009213693967:53;2305843009213693973:3,Symbolica_default,cached_powers_Q,11,10,0.436,BalancedZippelSeparated
fire7_nb0_rank2066,Automatic,1,ok,606.103,81,2,1,0,0,2305843009213693967:78;2305843009213693973:3,Symbolica_default,cached_powers_Q,12,18,0.314,BalancedZippelSeparated
fire7_nb0_rank2067,Automatic,1,ok,367.551,72,2,1,0,0,2305843009213693967:69;2305843009213693973:3,Symbolica_default,cached_powers_Q,21,6,0.333,BalancedZippelSeparated
fire7_nb0_rank2068,Automatic,1,ok,569.312,78,2,1,0,0,2305843009213693967:75;2305843009213693973:3,Symbolica_default,cached_powers_Q,15,14,0.559,BalancedZippelSeparated
fire7_nb0_rank2069,Automatic,1,ok,326.581,63,2,1,0,0,2305843009213693967:60;2305843009213693973:3,Symbolica_default,cached_powers_Q,10,15,0.321,BalancedZippelSeparated
fire7_nb0_rank2070,Automatic,1,ok,524.811,79,2,1,0,0,2305843009213693967:76;2305843009213693973:3,Symbolica_default,cached_powers_Q,21,6,0.437,BalancedZippelSeparated
fire7_nb0_rank2071,Automatic,1,ok,278.111,56,2,1,0,0,2305843009213693967:53;2305843009213693973:3,Symbolica_default,cached_powers_Q,11,10,0.303,BalancedZippelSeparated
fire7_nb0_rank2072,Automatic,1,ok,569.562,78,2,1,0,0,2305843009213693967:75;2305843009213693973:3,Symbolica_default,cached_powers_Q,20,6,0.658,BalancedZippelSeparated
fire7_nb0_rank2073,Automatic,1,ok,433.951,71,2,1,0,0,2305843009213693967:68;2305843009213693973:3,Symbolica_default,cached_powers_Q,16,12,0.360,BalancedZippelSeparated
fire7_nb0_rank2074,Automatic,1,ok,576.932,60,2,1,0,0,2305843009213693967:57;2305843009213693973:3,Symbolica_default,cached_powers_Q,12,15,0.348,BalancedZippelSeparated
fire7_nb0_rank2075,Automatic,1,ok,320.651,58,2,1,0,0,2305843009213693967:55;2305843009213693973:3,Symbolica_default,cached_powers_Q,15,9,0.347,BalancedZippelSeparated
fire7_nb0_rank2076,Automatic,1,ok,305.531,58,2,1,0,0,2305843009213693967:55;2305843009213693973:3,Symbolica_default,cached_powers_Q,15,9,0.427,BalancedZippelSeparated
fire7_nb0_rank2077,Automatic,1,ok,336.162,70,2,1,0,0,2305843009213693967:67;2305843009213693973:3,Symbolica_default,cached_powers_Q,15,10,0.302,BalancedZippelSeparated
fire7_nb0_rank2078,Automatic,1,ok,417.221,62,2,1,0,0,2305843009213693967:59;2305843009213693973:3,Symbolica_default,cached_powers_Q,12,15,0.302,BalancedZippelSeparated
fire7_nb0_rank2079,Automatic,1,ok,358.492,61,2,1,0,0,2305843009213693967:58;2305843009213693973:3,Symbolica_default,cached_powers_Q,14,9,0.434,BalancedZippelSeparated
fire7_nb0_rank2080,Automatic,1,ok,656.902,61,2,1,0,0,2305843009213693967:58;2305843009213693973:3,Symbolica_default,cached_powers_Q,14,9,0.469,BalancedZippelSeparated
fire7_nb0_rank2081,Automatic,1,ok,276.521,54,2,1,0,0,2305843009213693967:51;2305843009213693973:3,Symbolica_default,cached_powers_Q,20,3,0.291,BalancedZippelSeparated
fire7_nb0_rank2082,Automatic,1,ok,406.472,75,2,1,0,0,2305843009213693967:72;2305843009213693973:3,Symbolica_default,cached_powers_Q,12,14,0.488,BalancedZippelSeparated
fire7_nb0_rank2083,Automatic,1,ok,289.621,56,2,1,0,0,2305843009213693967:53;2305843009213693973:3,Symbolica_default,cached_powers_Q,10,12,0.302,BalancedZippelSeparated
fire7_nb0_rank2084,Automatic,1,ok,470.242,77,2,1,0,0,2305843009213693967:74;2305843009213693973:3,Symbolica_default,cached_powers_Q,21,3,0.313,BalancedZippelSeparated
fire7_nb0_rank2085,Automatic,1,ok,333.011,59,2,1,0,0,2305843009213693967:56;2305843009213693973:3,Symbolica_default,cached_powers_Q,15,9,0.252,BalancedZippelSeparated
fire7_nb0_rank2086,Automatic,1,ok,558.902,65,2,1,0,0,2305843009213693967:62;2305843009213693973:3,Symbolica_default,cached_powers_Q,16,10,0.412,BalancedZippelSeparated
fire7_nb0_rank2087,Automatic,1,ok,602.142,56,2,1,0,0,2305843009213693967:53;2305843009213693973:3,Symbolica_default,cached_powers_Q,20,3,0.376,BalancedZippelSeparated
fire7_nb0_rank2088,Automatic,1,ok,352.271,70,2,1,0,0,2305843009213693967:67;2305843009213693973:3,Symbolica_default,cached_powers_Q,15,10,0.304,BalancedZippelSeparated
fire7_nb0_rank2089,Automatic,1,ok,378.572,71,2,1,0,0,2305843009213693967:68;2305843009213693973:3,Symbolica_default,cached_powers_Q,18,6,0.459,BalancedZippelSeparated
fire7_nb0_rank2090,Automatic,1,ok,299.671,56,2,1,0,0,2305843009213693967:53;2305843009213693973:3,Symbolica_default,cached_powers_Q,10,12,0.318,BalancedZippelSeparated
fire7_nb0_rank2091,Automatic,1,ok,353.171,58,2,1,0,0,2305843009213693967:55;2305843009213693973:3,Symbolica_default,cached_powers_Q,15,9,0.483,BalancedZippelSeparated
fire7_nb0_rank2092,Automatic,1,ok,320.091,58,2,1,0,0,2305843009213693967:55;2305843009213693973:3,Symbolica_default,cached_powers_Q,15,9,0.481,BalancedZippelSeparated
fire7_nb0_rank2093,Automatic,1,ok,339.701,62,2,1,0,0,2305843009213693967:59;2305843009213693973:3,Symbolica_default,cached_powers_Q,12,10,0.471,BalancedZippelSeparated
fire7_nb0_rank2094,Automatic,1,ok,574.292,78,2,1,0,0,2305843009213693967:75;2305843009213693973:3,Symbolica_default,cached_powers_Q,18,10,0.305,BalancedZippelSeparated
fire7_nb0_rank2095,Automatic,1,ok,547.032,56,2,1,0,0,2305843009213693967:53;2305843009213693973:3,Symbolica_default,cached_powers_Q,12,8,0.377,BalancedZippelSeparated
fire7_nb0_rank2096,Automatic,1,ok,483.131,56,2,1,0,0,2305843009213693967:53;2305843009213693973:3,Symbolica_default,cached_powers_Q,12,15,0.328,BalancedZippelSeparated
fire7_nb0_rank2097,Automatic,1,ok,306.752,66,2,1,0,0,2305843009213693967:63;2305843009213693973:3,Symbolica_default,cached_powers_Q,20,5,0.398,BalancedZippelSeparated
fire7_nb0_rank2098,Automatic,1,ok,333.021,54,2,1,0,0,2305843009213693967:51;2305843009213693973:3,Symbolica_default,cached_powers_Q,16,6,0.316,BalancedZippelSeparated
fire7_nb0_rank2099,Automatic,1,ok,395.911,60,2,1,0,0,2305843009213693967:57;2305843009213693973:3,Symbolica_default,cached_powers_Q,12,15,0.305,BalancedZippelSeparated
fire7_nb0_rank2100,Automatic,1,ok,625.902,72,2,1,0,0,2305843009213693967:69;2305843009213693973:3,Symbolica_default,cached_powers_Q,20,6,0.346,BalancedZippelSeparated
fire7_nb0_rank2101,Automatic,1,ok,2597.070,66,2,1,0,0,2305843009213693967:63;2305843009213693973:3,Symbolica_default,cached_powers_Q,15,10,0.335,BalancedZippelSeparated
fire7_nb0_rank2102,Automatic,1,ok,282.391,54,2,1,0,0,2305843009213693967:51;2305843009213693973:3,Symbolica_default,cached_powers_Q,20,3,0.287,BalancedZippelSeparated
fire7_nb0_rank2103,Automatic,1,ok,512.952,57,2,1,0,0,2305843009213693967:54;2305843009213693973:3,Symbolica_default,cached_powers_Q,15,9,0.484,BalancedZippelSeparated
fire7_nb0_rank2104,Automatic,1,ok,644.943,84,2,1,0,0,2305843009213693967:81;2305843009213693973:3,Symbolica_default,cached_powers_Q,18,6,0.295,BalancedZippelSeparated
fire7_nb0_rank2105,Automatic,1,ok,415.141,72,2,1,0,0,2305843009213693967:69;2305843009213693973:3,Symbolica_default,cached_powers_Q,20,6,0.376,BalancedZippelSeparated
fire7_nb0_rank2106,Automatic,1,ok,519.702,70,2,1,0,0,2305843009213693967:67;2305843009213693973:3,Symbolica_default,cached_powers_Q,15,10,0.315,BalancedZippelSeparated
fire7_nb0_rank2107,Automatic,1,ok,334.202,56,2,1,0,0,2305843009213693967:53;2305843009213693973:3,Symbolica_default,cached_powers_Q,15,9,0.291,BalancedZippelSeparated
fire7_nb0_rank2108,Automatic,1,ok,712.633,76,2,1,0,0,2305843009213693967:73;2305843009213693973:3,Symbolica_default,cached_powers_Q,18,10,0.400,BalancedZippelSeparated
fire7_nb0_rank2109,Automatic,1,ok,505.502,76,2,1,0,0,2305843009213693967:73;2305843009213693973:3,Symbolica_default,cached_powers_Q,17,10,0.435,BalancedZippelSeparated
fire7_nb0_rank2110,Automatic,1,ok,377.611,70,2,1,0,0,2305843009213693967:67;2305843009213693973:3,Symbolica_default,cached_powers_Q,12,12,0.309,BalancedZippelSeparated
fire7_nb0_rank2111,Automatic,1,ok,489.422,68,2,1,0,0,2305843009213693967:65;2305843009213693973:3,Symbolica_default,cached_powers_Q,18,9,0.302,BalancedZippelSeparated
fire7_nb0_rank2112,Automatic,1,ok,291.081,55,2,1,0,0,2305843009213693967:52;2305843009213693973:3,Symbolica_default,cached_powers_Q,10,12,0.451,BalancedZippelSeparated
fire7_nb0_rank2113,Automatic,1,ok,634.472,60,2,1,0,0,2305843009213693967:57;2305843009213693973:3,Symbolica_default,cached_powers_Q,12,15,0.325,BalancedZippelSeparated
fire7_nb0_rank2114,Automatic,1,ok,393.501,65,2,1,0,0,2305843009213693967:62;2305843009213693973:3,Symbolica_default,cached_powers_Q,16,10,0.497,BalancedZippelSeparated
fire7_nb0_rank2115,Automatic,1,ok,377.991,66,2,1,0,0,2305843009213693967:63;2305843009213693973:3,Symbolica_default,cached_powers_Q,15,10,0.538,BalancedZippelSeparated
fire7_nb0_rank2116,Automatic,1,ok,507.811,55,2,1,0,0,2305843009213693967:52;2305843009213693973:3,Symbolica_default,cached_powers_Q,10,12,0.321,BalancedZippelSeparated
fire7_nb0_rank2117,Automatic,1,ok,556.082,66,2,1,0,0,2305843009213693967:63;2305843009213693973:3,Symbolica_default,cached_powers_Q,15,10,0.289,BalancedZippelSeparated
fire7_nb0_rank2118,Automatic,1,ok,559.832,66,2,1,0,0,2305843009213693967:63;2305843009213693973:3,Symbolica_default,cached_powers_Q,15,10,0.307,BalancedZippelSeparated
fire7_nb0_rank2119,Automatic,1,ok,302.541,55,2,1,0,0,2305843009213693967:52;2305843009213693973:3,Symbolica_default,cached_powers_Q,10,12,0.290,BalancedZippelSeparated
fire7_nb0_rank2120,Automatic,1,ok,578.522,71,2,1,0,0,2305843009213693967:68;2305843009213693973:3,Symbolica_default,cached_powers_Q,15,12,0.285,BalancedZippelSeparated
fire7_nb0_rank2121,Automatic,1,ok,433.022,69,2,1,0,0,2305843009213693967:66;2305843009213693973:3,Symbolica_default,cached_powers_Q,10,10,0.243,BalancedZippelSeparated
fire7_nb0_rank2122,Automatic,1,ok,636.073,60,2,1,0,0,2305843009213693967:57;2305843009213693973:3,Symbolica_default,cached_powers_Q,12,15,0.277,BalancedZippelSeparated
fire7_nb0_rank2123,Automatic,1,ok,345.321,73,2,1,0,0,2305843009213693967:70;2305843009213693973:3,Symbolica_default,cached_powers_Q,12,14,0.460,BalancedZippelSeparated
fire7_nb0_rank2124,Automatic,1,ok,367.371,62,2,1,0,0,2305843009213693967:59;2305843009213693973:3,Symbolica_default,cached_powers_Q,15,10,0.277,BalancedZippelSeparated
fire7_nb0_rank2125,Automatic,1,ok,399.452,75,2,1,0,0,2305843009213693967:72;2305843009213693973:3,Symbolica_default,cached_powers_Q,12,14,0.245,BalancedZippelSeparated
fire7_nb0_rank2126,Automatic,1,ok,341.931,73,2,1,0,0,2305843009213693967:70;2305843009213693973:3,Symbolica_default,cached_powers_Q,12,14,0.445,BalancedZippelSeparated
fire7_nb0_rank2127,Automatic,1,ok,589.592,66,2,1,0,0,2305843009213693967:63;2305843009213693973:3,Symbolica_default,cached_powers_Q,15,10,0.320,BalancedZippelSeparated
fire7_nb0_rank2128,Automatic,1,ok,788.423,70,2,1,0,0,2305843009213693967:67;2305843009213693973:3,Symbolica_default,cached_powers_Q,15,10,0.622,BalancedZippelSeparated
fire7_nb0_rank2129,Automatic,1,ok,305.701,68,2,1,0,0,2305843009213693967:65;2305843009213693973:3,Symbolica_default,cached_powers_Q,4,21,0.334,BalancedZippelSeparated
fire7_nb0_rank2130,Automatic,1,ok,315.911,67,2,1,0,0,2305843009213693967:64;2305843009213693973:3,Symbolica_default,cached_powers_Q,5,18,0.502,BalancedZippelSeparated
fire7_nb0_rank2131,Automatic,1,ok,639.262,67,2,1,0,0,2305843009213693967:64;2305843009213693973:3,Symbolica_default,cached_powers_Q,5,18,0.659,BalancedZippelSeparated
fire7_nb0_rank2132,Automatic,1,ok,619.422,68,2,1,0,0,2305843009213693967:65;2305843009213693973:3,Symbolica_default,cached_powers_Q,18,6,0.327,BalancedZippelSeparated
fire7_nb0_rank2133,Automatic,1,ok,748.032,66,2,1,0,0,2305843009213693967:63;2305843009213693973:3,Symbolica_default,cached_powers_Q,15,10,0.663,BalancedZippelSeparated
fire7_nb0_rank2134,Automatic,1,ok,292.001,62,2,1,0,0,2305843009213693967:59;2305843009213693973:3,Symbolica_default,cached_powers_Q,4,21,0.573,BalancedZippelSeparated
fire7_nb0_rank2135,Automatic,1,ok,279.711,68,2,1,0,0,2305843009213693967:65;2305843009213693973:3,Symbolica_default,cached_powers_Q,4,21,0.291,BalancedZippelSeparated
fire7_nb0_rank2136,Automatic,1,ok,360.312,70,2,1,0,0,2305843009213693967:67;2305843009213693973:3,Symbolica_default,cached_powers_Q,15,10,0.481,BalancedZippelSeparated
fire7_nb0_rank2137,Automatic,1,ok,559.472,71,2,1,0,0,2305843009213693967:68;2305843009213693973:3,Symbolica_default,cached_powers_Q,18,10,0.320,BalancedZippelSeparated
fire7_nb0_rank2138,Automatic,1,ok,379.271,72,2,1,0,0,2305843009213693967:69;2305843009213693973:3,Symbolica_default,cached_powers_Q,11,14,0.470,BalancedZippelSeparated
fire7_nb0_rank2139,Automatic,1,ok,500.601,56,2,1,0,0,2305843009213693967:53;2305843009213693973:3,Symbolica_default,cached_powers_Q,15,9,0.308,BalancedZippelSeparated
fire7_nb0_rank2140,Automatic,1,ok,332.091,57,2,1,0,0,2305843009213693967:54;2305843009213693973:3,Symbolica_default,cached_powers_Q,15,9,0.248,BalancedZippelSeparated
fire7_nb0_rank2141,Automatic,1,ok,270.931,58,2,1,0,0,2305843009213693967:55;2305843009213693973:3,Symbolica_default,cached_powers_Q,16,5,0.255,BalancedZippelSeparated
fire7_nb0_rank2142,Automatic,1,ok,523.732,68,2,1,0,0,2305843009213693967:65;2305843009213693973:3,Symbolica_default,cached_powers_Q,4,21,0.302,BalancedZippelSeparated
fire7_nb0_rank2143,Automatic,1,ok,590.772,66,2,1,0,0,2305843009213693967:63;2305843009213693973:3,Symbolica_default,cached_powers_Q,18,6,0.326,BalancedZippelSeparated
fire7_nb0_rank2144,Automatic,1,ok,381.781,57,2,1,0,0,2305843009213693967:54;2305843009213693973:3,Symbolica_default,cached_powers_Q,15,9,0.283,BalancedZippelSeparated
fire7_nb0_rank2145,Automatic,1,ok,605.612,78,2,1,0,0,2305843009213693967:75;2305843009213693973:3,Symbolica_default,cached_powers_Q,15,14,0.302,BalancedZippelSeparated
fire7_nb0_rank2146,Automatic,1,ok,298.891,68,2,1,0,0,2305843009213693967:65;2305843009213693973:3,Symbolica_default,cached_powers_Q,4,21,0.288,BalancedZippelSeparated
fire7_nb0_rank2147,Automatic,1,ok,349.621,56,2,1,0,0,2305843009213693967:53;2305843009213693973:3,Symbolica_default,cached_powers_Q,15,9,0.535,BalancedZippelSeparated
fire7_nb0_rank2148,Automatic,1,ok,637.472,65,2,1,0,0,2305843009213693967:62;2305843009213693973:3,Symbolica_default,cached_powers_Q,18,6,0.294,BalancedZippelSeparated
fire7_nb0_rank2149,Automatic,1,ok,484.232,71,2,1,0,0,2305843009213693967:68;2305843009213693973:3,Symbolica_default,cached_powers_Q,18,6,0.332,BalancedZippelSeparated
fire7_nb0_rank2150,Automatic,1,ok,536.892,58,2,1,0,0,2305843009213693967:55;2305843009213693973:3,Symbolica_default,cached_powers_Q,15,9,0.296,BalancedZippelSeparated
fire7_nb0_rank2151,Automatic,1,ok,743.793,114,2,1,0,0,2305843009213693967:111;2305843009213693973:3,Symbolica_default,cached_powers_Q,19,7,0.393,BalancedZippelSeparated
fire7_nb0_rank2152,Automatic,1,ok,338.921,70,2,1,0,0,2305843009213693967:67;2305843009213693973:3,Symbolica_default,cached_powers_Q,18,8,0.404,BalancedZippelSeparated
fire7_nb0_rank2153,Automatic,1,ok,406.802,96,2,1,0,0,2305843009213693967:93;2305843009213693973:3,Symbolica_default,cached_powers_Q,20,4,0.369,BalancedZippelSeparated
fire7_nb0_rank2154,Automatic,1,ok,339.021,61,2,1,0,0,2305843009213693967:58;2305843009213693973:3,Symbolica_default,cached_powers_Q,15,10,0.281,BalancedZippelSeparated
fire7_nb0_rank2155,Automatic,1,ok,495.192,66,2,1,0,0,2305843009213693967:63;2305843009213693973:3,Symbolica_default,cached_powers_Q,18,6,0.309,BalancedZippelSeparated
fire7_nb0_rank2156,Automatic,1,ok,333.391,61,2,1,0,0,2305843009213693967:58;2305843009213693973:3,Symbolica_default,cached_powers_Q,16,6,0.464,BalancedZippelSeparated
fire7_nb0_rank2157,Automatic,1,ok,294.741,59,2,1,0,0,2305843009213693967:56;2305843009213693973:3,Symbolica_default,cached_powers_Q,16,6,0.295,BalancedZippelSeparated
fire7_nb0_rank2158,Automatic,1,ok,492.782,66,2,1,0,0,2305843009213693967:63;2305843009213693973:3,Symbolica_default,cached_powers_Q,18,6,0.249,BalancedZippelSeparated
fire7_nb0_rank2159,Automatic,1,ok,526.742,83,2,1,0,0,2305843009213693967:80;2305843009213693973:3,Symbolica_default,cached_powers_Q,18,6,0.281,BalancedZippelSeparated
fire7_nb0_rank2160,Automatic,1,ok,544.792,65,2,1,0,0,2305843009213693967:62;2305843009213693973:3,Symbolica_default,cached_powers_Q,15,10,0.323,BalancedZippelSeparated
fire7_nb0_rank2161,Automatic,1,ok,382.651,60,2,1,0,0,2305843009213693967:57;2305843009213693973:3,Symbolica_default,cached_powers_Q,11,15,0.479,BalancedZippelSeparated
fire7_nb0_rank2162,Automatic,1,ok,448.501,74,2,1,0,0,2305843009213693967:71;2305843009213693973:3,Symbolica_default,cached_powers_Q,12,14,0.318,BalancedZippelSeparated
fire7_nb0_rank2163,Automatic,1,ok,338.381,59,2,1,0,0,2305843009213693967:56;2305843009213693973:3,Symbolica_default,cached_powers_Q,20,3,0.425,BalancedZippelSeparated
fire7_nb0_rank2164,Automatic,1,ok,587.352,68,2,1,0,0,2305843009213693967:65;2305843009213693973:3,Symbolica_default,cached_powers_Q,12,12,0.325,BalancedZippelSeparated
fire7_nb0_rank2165,Automatic,1,ok,499.011,57,2,1,0,0,2305843009213693967:54;2305843009213693973:3,Symbolica_default,cached_powers_Q,15,9,0.284,BalancedZippelSeparated
fire7_nb0_rank2166,Automatic,1,ok,500.162,65,2,1,0,0,2305843009213693967:62;2305843009213693973:3,Symbolica_default,cached_powers_Q,15,10,0.289,BalancedZippelSeparated
fire7_nb0_rank2167,Automatic,1,ok,401.701,72,2,1,0,0,2305843009213693967:69;2305843009213693973:3,Symbolica_default,cached_powers_Q,12,14,0.416,BalancedZippelSeparated
fire7_nb0_rank2168,Automatic,1,ok,557.182,61,2,1,0,0,2305843009213693967:58;2305843009213693973:3,Symbolica_default,cached_powers_Q,15,10,0.311,BalancedZippelSeparated
fire7_nb0_rank2169,Automatic,1,ok,283.551,59,2,1,0,0,2305843009213693967:56;2305843009213693973:3,Symbolica_default,cached_powers_Q,13,6,0.275,BalancedZippelSeparated
fire7_nb0_rank2170,Automatic,1,ok,319.322,59,2,1,0,0,2305843009213693967:56;2305843009213693973:3,Symbolica_default,cached_powers_Q,13,6,0.368,BalancedZippelSeparated
fire7_nb0_rank2171,Automatic,1,ok,626.812,78,2,1,0,0,2305843009213693967:75;2305843009213693973:3,Symbolica_default,cached_powers_Q,14,14,0.316,BalancedZippelSeparated
fire7_nb0_rank2172,Automatic,1,ok,395.962,68,2,1,0,0,2305843009213693967:65;2305843009213693973:3,Symbolica_default,cached_powers_Q,12,12,0.502,BalancedZippelSeparated
fire7_nb0_rank2173,Automatic,1,ok,566.012,65,2,1,0,0,2305843009213693967:62;2305843009213693973:3,Symbolica_default,cached_powers_Q,15,10,0.335,BalancedZippelSeparated
fire7_nb0_rank2174,Automatic,1,ok,365.421,60,2,1,0,0,2305843009213693967:57;2305843009213693973:3,Symbolica_default,cached_powers_Q,14,5,0.454,BalancedZippelSeparated
fire7_nb0_rank2175,Automatic,1,ok,362.462,66,2,1,0,0,2305843009213693967:63;2305843009213693973:3,Symbolica_default,cached_powers_Q,18,6,0.509,BalancedZippelSeparated
fire7_nb0_rank2176,Automatic,1,ok,677.723,69,2,1,0,0,2305843009213693967:66;2305843009213693973:3,Symbolica_default,cached_powers_Q,18,10,0.333,BalancedZippelSeparated
fire7_nb0_rank2177,Automatic,1,ok,519.392,60,2,1,0,0,2305843009213693967:57;2305843009213693973:3,Symbolica_default,cached_powers_Q,14,5,0.296,BalancedZippelSeparated
fire7_nb0_rank2178,Automatic,1,ok,433.981,56,2,1,0,0,2305843009213693967:53;2305843009213693973:3,Symbolica_default,cached_powers_Q,12,6,0.304,BalancedZippelSeparated
fire7_nb0_rank2179,Automatic,1,ok,334.681,79,2,1,0,0,2305843009213693967:76;2305843009213693973:3,Symbolica_default,cached_powers_Q,5,18,0.433,BalancedZippelSeparated
fire7_nb0_rank2180,Automatic,1,ok,383.612,68,2,1,0,0,2305843009213693967:65;2305843009213693973:3,Symbolica_default,cached_powers_Q,12,12,0.330,BalancedZippelSeparated
fire7_nb0_rank2181,Automatic,1,ok,539.242,57,2,1,0,0,2305843009213693967:54;2305843009213693973:3,Symbolica_default,cached_powers_Q,15,9,0.311,BalancedZippelSeparated
fire7_nb0_rank2182,Automatic,1,ok,419.821,65,2,1,0,0,2305843009213693967:62;2305843009213693973:3,Symbolica_default,cached_powers_Q,15,10,0.339,BalancedZippelSeparated
fire7_nb0_rank2183,Automatic,1,ok,407.991,73,2,1,0,0,2305843009213693967:70;2305843009213693973:3,Symbolica_default,cached_powers_Q,12,14,0.502,BalancedZippelSeparated
fire7_nb0_rank2184,Automatic,1,ok,372.511,66,2,1,0,0,2305843009213693967:63;2305843009213693973:3,Symbolica_default,cached_powers_Q,11,10,0.434,BalancedZippelSeparated
fire7_nb0_rank2185,Automatic,1,ok,418.342,58,2,1,0,0,2305843009213693967:55;2305843009213693973:3,Symbolica_default,cached_powers_Q,12,10,0.543,BalancedZippelSeparated
fire7_nb0_rank2186,Automatic,1,ok,377.042,61,2,1,0,0,2305843009213693967:58;2305843009213693973:3,Symbolica_default,cached_powers_Q,15,10,0.299,BalancedZippelSeparated
fire7_nb0_rank2187,Automatic,1,ok,369.501,65,2,1,0,0,2305843009213693967:62;2305843009213693973:3,Symbolica_default,cached_powers_Q,15,10,0.282,BalancedZippelSeparated
fire7_nb0_rank2188,Automatic,1,ok,467.052,62,2,1,0,0,2305843009213693967:59;2305843009213693973:3,Symbolica_default,cached_powers_Q,18,4,0.263,BalancedZippelSeparated
fire7_nb0_rank2189,Automatic,1,ok,306.541,55,2,1,0,0,2305843009213693967:52;2305843009213693973:3,Symbolica_default,cached_powers_Q,15,6,0.412,BalancedZippelSeparated
fire7_nb0_rank2190,Automatic,1,ok,312.571,55,2,1,0,0,2305843009213693967:52;2305843009213693973:3,Symbolica_default,cached_powers_Q,15,6,0.426,BalancedZippelSeparated
fire7_nb0_rank2191,Automatic,1,ok,571.792,61,2,1,0,0,2305843009213693967:58;2305843009213693973:3,Symbolica_default,cached_powers_Q,15,10,0.334,BalancedZippelSeparated
fire7_nb0_rank2192,Automatic,1,ok,338.292,70,2,1,0,0,2305843009213693967:67;2305843009213693973:3,Symbolica_default,cached_powers_Q,17,9,0.346,BalancedZippelSeparated
fire7_nb0_rank2193,Automatic,1,ok,367.772,63,2,1,0,0,2305843009213693967:60;2305843009213693973:3,Symbolica_default,cached_powers_Q,19,6,0.284,BalancedZippelSeparated
fire7_nb0_rank2194,Automatic,1,ok,325.402,60,2,1,0,0,2305843009213693967:57;2305843009213693973:3,Symbolica_default,cached_powers_Q,12,10,0.471,BalancedZippelSeparated
fire7_nb0_rank2195,Automatic,1,ok,328.451,55,2,1,0,0,2305843009213693967:52;2305843009213693973:3,Symbolica_default,cached_powers_Q,15,6,0.409,BalancedZippelSeparated
fire7_nb0_rank2196,Automatic,1,ok,304.551,55,2,1,0,0,2305843009213693967:52;2305843009213693973:3,Symbolica_default,cached_powers_Q,15,6,0.282,BalancedZippelSeparated
fire7_nb0_rank2197,Automatic,1,ok,310.551,54,2,1,0,0,2305843009213693967:51;2305843009213693973:3,Symbolica_default,cached_powers_Q,10,12,0.342,BalancedZippelSeparated
fire7_nb0_rank2198,Automatic,1,ok,335.041,55,2,1,0,0,2305843009213693967:52;2305843009213693973:3,Symbolica_default,cached_powers_Q,15,6,0.265,BalancedZippelSeparated
fire7_nb0_rank2199,Automatic,1,ok,646.752,55,2,1,0,0,2305843009213693967:52;2305843009213693973:3,Symbolica_default,cached_powers_Q,15,6,0.261,BalancedZippelSeparated
fire7_nb0_rank2200,Automatic,1,ok,284.881,52,2,1,0,0,2305843009213693967:49;2305843009213693973:3,Symbolica_default,cached_powers_Q,10,10,0.489,BalancedZippelSeparated
fire7_nb0_rank2201,Automatic,1,ok,283.671,52,2,1,0,0,2305843009213693967:49;2305843009213693973:3,Symbolica_default,cached_powers_Q,10,10,0.278,BalancedZippelSeparated
fire7_nb0_rank2202,Automatic,1,ok,516.742,55,2,1,0,0,2305843009213693967:52;2305843009213693973:3,Symbolica_default,cached_powers_Q,19,6,0.243,BalancedZippelSeparated
fire7_nb0_rank2203,Automatic,1,ok,295.161,51,2,1,0,0,2305843009213693967:48;2305843009213693973:3,Symbolica_default,cached_powers_Q,15,8,0.301,BalancedZippelSeparated
fire7_nb0_rank2204,Automatic,1,ok,377.892,61,2,1,0,0,2305843009213693967:58;2305843009213693973:3,Symbolica_default,cached_powers_Q,15,10,0.464,BalancedZippelSeparated
fire7_nb0_rank2205,Automatic,1,ok,342.381,56,2,1,0,0,2305843009213693967:53;2305843009213693973:3,Symbolica_default,cached_powers_Q,14,9,0.308,BalancedZippelSeparated
fire7_nb0_rank2206,Automatic,1,ok,366.311,58,2,1,0,0,2305843009213693967:55;2305843009213693973:3,Symbolica_default,cached_powers_Q,14,9,0.345,BalancedZippelSeparated
fire7_nb0_rank2207,Automatic,1,ok,590.362,54,2,1,0,0,2305843009213693967:51;2305843009213693973:3,Symbolica_default,cached_powers_Q,10,12,0.321,BalancedZippelSeparated
fire7_nb0_rank2208,Automatic,1,ok,496.881,54,2,1,0,0,2305843009213693967:51;2305843009213693973:3,Symbolica_default,cached_powers_Q,10,12,0.479,BalancedZippelSeparated
fire7_nb0_rank2209,Automatic,1,ok,268.241,61,2,1,0,0,2305843009213693967:58;2305843009213693973:3,Symbolica_default,cached_powers_Q,5,15,0.297,BalancedZippelSeparated
fire7_nb0_rank2210,Automatic,1,ok,354.391,56,2,1,0,0,2305843009213693967:53;2305843009213693973:3,Symbolica_default,cached_powers_Q,14,9,0.505,BalancedZippelSeparated
fire7_nb0_rank2211,Automatic,1,ok,472.302,56,2,1,0,0,2305843009213693967:53;2305843009213693973:3,Symbolica_default,cached_powers_Q,14,9,0.274,BalancedZippelSeparated
fire7_nb0_rank2212,Automatic,1,ok,313.501,57,2,1,0,0,2305843009213693967:54;2305843009213693973:3,Symbolica_default,cached_powers_Q,8,15,0.281,BalancedZippelSeparated
fire7_nb0_rank2213,Automatic,1,ok,407.851,61,2,1,0,0,2305843009213693967:58;2305843009213693973:3,Symbolica_default,cached_powers_Q,5,15,0.267,BalancedZippelSeparated
fire7_nb0_rank2214,Automatic,1,ok,319.602,58,2,1,0,0,2305843009213693967:55;2305843009213693973:3,Symbolica_default,cached_powers_Q,16,6,0.268,BalancedZippelSeparated
fire7_nb0_rank2215,Automatic,1,ok,338.251,60,2,1,0,0,2305843009213693967:57;2305843009213693973:3,Symbolica_default,cached_powers_Q,8,15,0.279,BalancedZippelSeparated
fire7_nb0_rank2216,Automatic,1,ok,305.971,58,2,1,0,0,2305843009213693967:55;2305843009213693973:3,Symbolica_default,cached_powers_Q,8,15,0.267,BalancedZippelSeparated
fire7_nb0_rank2217,Automatic,1,ok,617.892,53,2,1,0,0,2305843009213693967:50;2305843009213693973:3,Symbolica_default,cached_powers_Q,10,12,0.346,BalancedZippelSeparated
fire7_nb0_rank2218,Automatic,1,ok,336.891,53,2,1,0,0,2305843009213693967:50;2305843009213693973:3,Symbolica_default,cached_powers_Q,10,12,0.508,BalancedZippelSeparated
fire7_nb0_rank2219,Automatic,1,ok,594.332,56,2,1,0,0,2305843009213693967:53;2305843009213693973:3,Symbolica_default,cached_powers_Q,16,6,0.304,BalancedZippelSeparated
fire7_nb0_rank2220,Automatic,1,ok,529.962,56,2,1,0,0,2305843009213693967:53;2305843009213693973:3,Symbolica_default,cached_powers_Q,16,6,0.505,BalancedZippelSeparated
fire7_nb0_rank2221,Automatic,1,ok,541.542,56,2,1,0,0,2305843009213693967:53;2305843009213693973:3,Symbolica_default,cached_powers_Q,11,8,0.320,BalancedZippelSeparated
fire7_nb0_rank2222,Automatic,1,ok,335.212,53,2,1,0,0,2305843009213693967:50;2305843009213693973:3,Symbolica_default,cached_powers_Q,10,12,0.505,BalancedZippelSeparated
fire7_nb0_rank2223,Automatic,1,ok,547.992,78,2,1,0,0,2305843009213693967:75;2305843009213693973:3,Symbolica_default,cached_powers_Q,18,6,0.305,BalancedZippelSeparated
fire7_nb0_rank2224,Automatic,1,ok,376.281,53,2,1,0,0,2305843009213693967:50;2305843009213693973:3,Symbolica_default,cached_powers_Q,15,6,0.427,BalancedZippelSeparated
fire7_nb0_rank2225,Automatic,1,ok,333.931,53,2,1,0,0,2305843009213693967:50;2305843009213693973:3,Symbolica_default,cached_powers_Q,10,12,0.338,BalancedZippelSeparated
fire7_nb0_rank2226,Automatic,1,ok,294.541,53,2,1,0,0,2305843009213693967:50;2305843009213693973:3,Symbolica_default,cached_powers_Q,10,12,0.488,BalancedZippelSeparated
fire7_nb0_rank2227,Automatic,1,ok,291.921,55,2,1,0,0,2305843009213693967:52;2305843009213693973:3,Symbolica_default,cached_powers_Q,15,6,0.281,BalancedZippelSeparated
fire7_nb0_rank2228,Automatic,1,ok,315.481,57,2,1,0,0,2305843009213693967:54;2305843009213693973:3,Symbolica_default,cached_powers_Q,8,15,0.436,BalancedZippelSeparated
fire7_nb0_rank2229,Automatic,1,ok,360.432,53,2,1,0,0,2305843009213693967:50;2305843009213693973:3,Symbolica_default,cached_powers_Q,10,12,0.443,BalancedZippelSeparated
fire7_nb0_rank2230,Automatic,1,ok,292.361,55,2,1,0,0,2305843009213693967:52;2305843009213693973:3,Symbolica_default,cached_powers_Q,15,6,0.270,BalancedZippelSeparated
fire7_nb0_rank2231,Automatic,1,ok,308.621,53,2,1,0,0,2305843009213693967:50;2305843009213693973:3,Symbolica_default,cached_powers_Q,15,6,0.289,BalancedZippelSeparated
fire7_nb0_rank2232,Automatic,1,ok,297.121,53,2,1,0,0,2305843009213693967:50;2305843009213693973:3,Symbolica_default,cached_powers_Q,10,12,0.324,BalancedZippelSeparated
fire7_nb0_rank2233,Automatic,1,ok,631.163,77,2,1,0,0,2305843009213693967:74;2305843009213693973:3,Symbolica_default,cached_powers_Q,11,14,0.269,BalancedZippelSeparated
fire7_nb0_rank2234,Automatic,1,ok,390.481,71,2,1,0,0,2305843009213693967:68;2305843009213693973:3,Symbolica_default,cached_powers_Q,11,14,0.459,BalancedZippelSeparated
fire7_nb0_rank2235,Automatic,1,ok,400.301,68,2,1,0,0,2305843009213693967:65;2305843009213693973:3,Symbolica_default,cached_powers_Q,16,6,0.296,BalancedZippelSeparated
fire7_nb0_rank2236,Automatic,1,ok,593.902,74,2,1,0,0,2305843009213693967:71;2305843009213693973:3,Symbolica_default,cached_powers_Q,17,10,0.349,BalancedZippelSeparated
fire7_nb0_rank2237,Automatic,1,ok,254.381,58,2,1,0,0,2305843009213693967:55;2305843009213693973:3,Symbolica_default,cached_powers_Q,15,2,0.271,BalancedZippelSeparated
fire7_nb0_rank2238,Automatic,1,ok,634.263,74,2,1,0,0,2305843009213693967:71;2305843009213693973:3,Symbolica_default,cached_powers_Q,12,14,0.294,BalancedZippelSeparated
fire7_nb0_rank2239,Automatic,1,ok,359.892,71,2,1,0,0,2305843009213693967:68;2305843009213693973:3,Symbolica_default,cached_powers_Q,12,14,0.346,BalancedZippelSeparated
fire7_nb0_rank2240,Automatic,1,ok,311.212,67,2,1,0,0,2305843009213693967:64;2305843009213693973:3,Symbolica_default,cached_powers_Q,17,6,0.420,BalancedZippelSeparated
fire7_nb0_rank2241,Automatic,1,ok,424.191,85,2,1,0,0,2305843009213693967:82;2305843009213693973:3,Symbolica_default,cached_powers_Q,18,3,0.261,BalancedZippelSeparated
fire7_nb0_rank2242,Automatic,1,ok,293.652,60,2,1,0,0,2305843009213693967:57;2305843009213693973:3,Symbolica_default,cached_powers_Q,14,4,0.245,BalancedZippelSeparated
fire7_nb0_rank2243,Automatic,1,ok,548.172,54,2,1,0,0,2305843009213693967:51;2305843009213693973:3,Symbolica_default,cached_powers_Q,16,6,0.323,BalancedZippelSeparated
fire7_nb0_rank2244,Automatic,1,ok,365.701,56,2,1,0,0,2305843009213693967:53;2305843009213693973:3,Symbolica_default,cached_powers_Q,16,4,0.351,BalancedZippelSeparated
fire7_nb0_rank2245,Automatic,1,ok,525.282,68,2,1,0,0,2305843009213693967:65;2305843009213693973:3,Symbolica_default,cached_powers_Q,15,10,0.285,BalancedZippelSeparated
fire7_nb0_rank2246,Automatic,1,ok,392.551,64,2,1,0,0,2305843009213693967:61;2305843009213693973:3,Symbolica_default,cached_powers_Q,15,10,0.433,BalancedZippelSeparated
fire7_nb0_rank2247,Automatic,1,ok,332.532,57,2,1,0,0,2305843009213693967:54;2305843009213693973:3,Symbolica_default,cached_powers_Q,10,9,0.326,BalancedZippelSeparated
fire7_nb0_rank2248,Automatic,1,ok,327.381,54,2,1,0,0,2305843009213693967:51;2305843009213693973:3,Symbolica_default,cached_powers_Q,16,4,0.493,BalancedZippelSeparated
fire7_nb0_rank2249,Automatic,1,ok,295.501,56,2,1,0,0,2305843009213693967:53;2305843009213693973:3,Symbolica_default,cached_powers_Q,16,4,0.284,BalancedZippelSeparated
fire7_nb0_rank2250,Automatic,1,ok,516.312,66,2,1,0,0,2305843009213693967:63;2305843009213693973:3,Symbolica_default,cached_powers_Q,15,10,0.315,BalancedZippelSeparated
fire7_nb0_rank2251,Automatic,1,ok,520.381,54,2,1,0,0,2305843009213693967:51;2305843009213693973:3,Symbolica_default,cached_powers_Q,16,4,0.283,BalancedZippelSeparated
fire7_nb0_rank2252,Automatic,1,ok,519.502,75,2,1,0,0,2305843009213693967:72;2305843009213693973:3,Symbolica_default,cached_powers_Q,16,6,0.280,BalancedZippelSeparated
fire7_nb0_rank2253,Automatic,1,ok,252.121,57,2,1,0,0,2305843009213693967:54;2305843009213693973:3,Symbolica_default,cached_powers_Q,4,15,0.270,BalancedZippelSeparated
fire7_nb0_rank2254,Automatic,1,ok,400.342,70,2,1,0,0,2305843009213693967:67;2305843009213693973:3,Symbolica_default,cached_powers_Q,12,12,0.333,BalancedZippelSeparated
fire7_nb0_rank2255,Automatic,1,ok,322.112,60,2,1,0,0,2305843009213693967:57;2305843009213693973:3,Symbolica_default,cached_powers_Q,12,10,0.301,BalancedZippelSeparated
fire7_nb0_rank2256,Automatic,1,ok,498.682,58,2,1,0,0,2305843009213693967:55;2305843009213693973:3,Symbolica_default,cached_powers_Q,12,10,0.330,BalancedZippelSeparated
fire7_nb0_rank2257,Automatic,1,ok,296.662,58,2,1,0,0,2305843009213693967:55;2305843009213693973:3,Symbolica_default,cached_powers_Q,10,6,0.313,BalancedZippelSeparated
fire7_nb0_rank2258,Automatic,1,ok,389.201,88,2,1,0,0,2305843009213693967:85;2305843009213693973:3,Symbolica_default,cached_powers_Q,20,4,0.482,BalancedZippelSeparated
fire7_nb0_rank2259,Automatic,1,ok,353.412,66,2,1,0,0,2305843009213693967:63;2305843009213693973:3,Symbolica_default,cached_powers_Q,15,10,0.306,BalancedZippelSeparated
fire7_nb0_rank2260,Automatic,1,ok,559.692,59,2,1,0,0,2305843009213693967:56;2305843009213693973:3,Symbolica_default,cached_powers_Q,12,10,0.263,BalancedZippelSeparated
fire7_nb0_rank2261,Automatic,1,ok,520.442,59,2,1,0,0,2305843009213693967:56;2305843009213693973:3,Symbolica_default,cached_powers_Q,15,10,0.312,BalancedZippelSeparated
fire7_nb0_rank2262,Automatic,1,ok,247.201,52,2,1,0,0,2305843009213693967:49;2305843009213693973:3,Symbolica_default,cached_powers_Q,15,4,0.259,BalancedZippelSeparated
fire7_nb0_rank2263,Automatic,1,ok,577.322,58,2,1,0,0,2305843009213693967:55;2305843009213693973:3,Symbolica_default,cached_powers_Q,15,6,0.295,BalancedZippelSeparated
fire7_nb0_rank2264,Automatic,1,ok,389.831,59,2,1,0,0,2305843009213693967:56;2305843009213693973:3,Symbolica_default,cached_powers_Q,12,10,0.320,BalancedZippelSeparated
fire7_nb0_rank2265,Automatic,1,ok,344.182,70,2,1,0,0,2305843009213693967:67;2305843009213693973:3,Symbolica_default,cached_powers_Q,18,6,0.278,BalancedZippelSeparated
fire7_nb0_rank2266,Automatic,1,ok,281.881,54,2,1,0,0,2305843009213693967:51;2305843009213693973:3,Symbolica_default,cached_powers_Q,10,9,0.267,BalancedZippelSeparated
fire7_nb0_rank2267,Automatic,1,ok,386.672,67,2,1,0,0,2305843009213693967:64;2305843009213693973:3,Symbolica_default,cached_powers_Q,12,12,0.311,BalancedZippelSeparated
fire7_nb0_rank2268,Automatic,1,ok,258.021,49,2,1,0,0,2305843009213693967:46;2305843009213693973:3,Symbolica_default,cached_powers_Q,12,6,0.259,BalancedZippelSeparated
fire7_nb0_rank2269,Automatic,1,ok,396.621,66,2,1,0,0,2305843009213693967:63;2305843009213693973:3,Symbolica_default,cached_powers_Q,18,6,0.452,BalancedZippelSeparated
fire7_nb0_rank2270,Automatic,1,ok,359.331,67,2,1,0,0,2305843009213693967:64;2305843009213693973:3,Symbolica_default,cached_powers_Q,15,10,0.331,BalancedZippelSeparated
fire7_nb0_rank2271,Automatic,1,ok,498.321,66,2,1,0,0,2305843009213693967:63;2305843009213693973:3,Symbolica_default,cached_powers_Q,18,4,0.309,BalancedZippelSeparated
fire7_nb0_rank2272,Automatic,1,ok,351.312,75,2,1,0,0,2305843009213693967:72;2305843009213693973:3,Symbolica_default,cached_powers_Q,16,6,0.455,BalancedZippelSeparated
fire7_nb0_rank2273,Automatic,1,ok,339.411,65,2,1,0,0,2305843009213693967:62;2305843009213693973:3,Symbolica_default,cached_powers_Q,18,6,0.287,BalancedZippelSeparated
fire7_nb0_rank2274,Automatic,1,ok,295.701,54,2,1,0,0,2305843009213693967:51;2305843009213693973:3,Symbolica_default,cached_powers_Q,15,6,0.320,BalancedZippelSeparated
fire7_nb0_rank2275,Automatic,1,ok,258.041,61,2,1,0,0,2305843009213693967:58;2305843009213693973:3,Symbolica_default,cached_powers_Q,4,18,0.283,BalancedZippelSeparated
fire7_nb0_rank2276,Automatic,1,ok,468.941,59,2,1,0,0,2305843009213693967:56;2305843009213693973:3,Symbolica_default,cached_powers_Q,19,2,0.258,BalancedZippelSeparated
fire7_nb0_rank2277,Automatic,1,ok,546.902,75,2,1,0,0,2305843009213693967:72;2305843009213693973:3,Symbolica_default,cached_powers_Q,15,6,0.285,BalancedZippelSeparated
fire7_nb0_rank2278,Automatic,1,ok,352.781,69,2,1,0,0,2305843009213693967:66;2305843009213693973:3,Symbolica_default,cached_powers_Q,9,14,0.511,BalancedZippelSeparated
fire7_nb0_rank2279,Automatic,1,ok,338.222,57,2,1,0,0,2305843009213693967:54;2305843009213693973:3,Symbolica_default,cached_powers_Q,12,10,0.312,BalancedZippelSeparated
fire7_nb0_rank2280,Automatic,1,ok,282.671,60,2,1,0,0,2305843009213693967:57;2305843009213693973:3,Symbolica_default,cached_powers_Q,18,2,0.276,BalancedZippelSeparated
fire7_nb0_rank2281,Automatic,1,ok,307.811,66,2,1,0,0,2305843009213693967:63;2305843009213693973:3,Symbolica_default,cached_powers_Q,18,2,0.270,BalancedZippelSeparated
fire7_nb0_rank2282,Automatic,1,ok,366.121,59,2,1,0,0,2305843009213693967:56;2305843009213693973:3,Symbolica_default,cached_powers_Q,12,10,0.324,BalancedZippelSeparated
fire7_nb0_rank2283,Automatic,1,ok,327.361,55,2,1,0,0,2305843009213693967:52;2305843009213693973:3,Symbolica_default,cached_powers_Q,15,6,0.482,BalancedZippelSeparated
fire7_nb0_rank2284,Automatic,1,ok,283.991,54,2,1,0,0,2305843009213693967:51;2305843009213693973:3,Symbolica_default,cached_powers_Q,15,9,0.268,BalancedZippelSeparated
fire7_nb0_rank2285,Automatic,1,ok,360.741,66,2,1,0,0,2305843009213693967:63;2305843009213693973:3,Symbolica_default,cached_powers_Q,18,6,0.255,BalancedZippelSeparated
fire7_nb0_rank2286,Automatic,1,ok,308.171,53,2,1,0,0,2305843009213693967:50;2305843009213693973:3,Symbolica_default,cached_powers_Q,9,12,0.303,BalancedZippelSeparated
fire7_nb0_rank2287,Automatic,1,ok,477.512,53,2,1,0,0,2305843009213693967:50;2305843009213693973:3,Symbolica_default,cached_powers_Q,9,12,0.337,BalancedZippelSeparated
fire7_nb0_rank2288,Automatic,1,ok,300.971,53,2,1,0,0,2305843009213693967:50;2305843009213693973:3,Symbolica_default,cached_powers_Q,9,12,3.498,BalancedZippelSeparated
fire7_nb0_rank2289,Automatic,1,ok,279.071,52,2,1,0,0,2305843009213693967:49;2305843009213693973:3,Symbolica_default,cached_powers_Q,10,6,0.400,BalancedZippelSeparated
fire7_nb0_rank2290,Automatic,1,ok,581.253,61,2,1,0,0,2305843009213693967:58;2305843009213693973:3,Symbolica_default,cached_powers_Q,12,10,0.324,BalancedZippelSeparated
fire7_nb0_rank2291,Automatic,1,ok,536.622,57,2,1,0,0,2305843009213693967:54;2305843009213693973:3,Symbolica_default,cached_powers_Q,12,10,0.322,BalancedZippelSeparated
fire7_nb0_rank2292,Automatic,1,ok,601.902,59,2,1,0,0,2305843009213693967:56;2305843009213693973:3,Symbolica_default,cached_powers_Q,12,10,0.328,BalancedZippelSeparated
fire7_nb0_rank2293,Automatic,1,ok,291.322,59,2,1,0,0,2305843009213693967:56;2305843009213693973:3,Symbolica_default,cached_powers_Q,19,2,0.282,BalancedZippelSeparated
fire7_nb0_rank2294,Automatic,1,ok,498.841,91,2,1,0,0,2305843009213693967:88;2305843009213693973:3,Symbolica_default,cached_powers_Q,20,3,0.294,BalancedZippelSeparated
fire7_nb0_rank2295,Automatic,1,ok,478.861,57,2,1,0,0,2305843009213693967:54;2305843009213693973:3,Symbolica_default,cached_powers_Q,9,10,0.318,BalancedZippelSeparated
fire7_nb0_rank2296,Automatic,1,ok,280.010,50,2,1,0,0,2305843009213693967:47;2305843009213693973:3,Symbolica_default,cached_powers_Q,10,8,0.470,BalancedZippelSeparated
fire7_nb0_rank2297,Automatic,1,ok,282.121,50,2,1,0,0,2305843009213693967:47;2305843009213693973:3,Symbolica_default,cached_powers_Q,10,8,0.458,BalancedZippelSeparated
fire7_nb0_rank2298,Automatic,1,ok,509.381,62,2,1,0,0,2305843009213693967:59;2305843009213693973:3,Symbolica_default,cached_powers_Q,10,6,0.309,BalancedZippelSeparated
fire7_nb0_rank2299,Automatic,1,ok,282.911,52,2,1,0,0,2305843009213693967:49;2305843009213693973:3,Symbolica_default,cached_powers_Q,10,6,0.267,BalancedZippelSeparated
fire7_nb0_rank2300,Automatic,1,ok,268.031,52,2,1,0,0,2305843009213693967:49;2305843009213693973:3,Symbolica_default,cached_powers_Q,10,6,0.277,BalancedZippelSeparated
fire7_nb0_rank2301,Automatic,1,ok,442.841,74,2,1,0,0,2305843009213693967:71;2305843009213693973:3,Symbolica_default,cached_powers_Q,11,14,0.337,BalancedZippelSeparated
fire7_nb0_rank2302,Automatic,1,ok,395.271,72,2,1,0,0,2305843009213693967:69;2305843009213693973:3,Symbolica_default,cached_powers_Q,18,5,0.541,BalancedZippelSeparated
fire7_nb0_rank2303,Automatic,1,ok,572.072,59,2,1,0,0,2305843009213693967:56;2305843009213693973:3,Symbolica_default,cached_powers_Q,14,6,0.727,BalancedZippelSeparated
fire7_nb0_rank2304,Automatic,1,ok,332.721,60,2,1,0,0,2305843009213693967:57;2305843009213693973:3,Symbolica_default,cached_powers_Q,13,4,0.543,BalancedZippelSeparated
fire7_nb0_rank2305,Automatic,1,ok,417.242,56,2,1,0,0,2305843009213693967:53;2305843009213693973:3,Symbolica_default,cached_powers_Q,16,4,0.442,BalancedZippelSeparated
fire7_nb0_rank2306,Automatic,1,ok,341.461,62,2,1,0,0,2305843009213693967:59;2305843009213693973:3,Symbolica_default,cached_powers_Q,12,10,0.304,BalancedZippelSeparated
fire7_nb0_rank2307,Automatic,1,ok,324.081,55,2,1,0,0,2305843009213693967:52;2305843009213693973:3,Symbolica_default,cached_powers_Q,10,9,0.505,BalancedZippelSeparated
fire7_nb0_rank2308,Automatic,1,ok,321.711,55,2,1,0,0,2305843009213693967:52;2305843009213693973:3,Symbolica_default,cached_powers_Q,10,9,0.490,BalancedZippelSeparated
fire7_nb0_rank2309,Automatic,1,ok,464.772,62,2,1,0,0,2305843009213693967:59;2305843009213693973:3,Symbolica_default,cached_powers_Q,12,10,0.276,BalancedZippelSeparated
fire7_nb0_rank2310,Automatic,1,ok,372.231,55,2,1,0,0,2305843009213693967:52;2305843009213693973:3,Symbolica_default,cached_powers_Q,10,9,0.432,BalancedZippelSeparated
fire7_nb0_rank2311,Automatic,1,ok,559.932,64,2,1,0,0,2305843009213693967:61;2305843009213693973:3,Symbolica_default,cached_powers_Q,12,12,0.307,BalancedZippelSeparated
fire7_nb0_rank2312,Automatic,1,ok,382.071,63,2,1,0,0,2305843009213693967:60;2305843009213693973:3,Symbolica_default,cached_powers_Q,14,10,0.318,BalancedZippelSeparated
fire7_nb0_rank2313,Automatic,1,ok,386.202,63,2,1,0,0,2305843009213693967:60;2305843009213693973:3,Symbolica_default,cached_powers_Q,14,10,0.296,BalancedZippelSeparated
fire7_nb0_rank2314,Automatic,1,ok,309.361,55,2,1,0,0,2305843009213693967:52;2305843009213693973:3,Symbolica_default,cached_powers_Q,10,9,0.285,BalancedZippelSeparated
fire7_nb0_rank2315,Automatic,1,ok,257.321,54,2,1,0,0,2305843009213693967:51;2305843009213693973:3,Symbolica_default,cached_powers_Q,12,5,0.248,BalancedZippelSeparated
fire7_nb0_rank2316,Automatic,1,ok,528.412,66,2,1,0,0,2305843009213693967:63;2305843009213693973:3,Symbolica_default,cached_powers_Q,12,12,0.264,BalancedZippelSeparated
fire7_nb0_rank2317,Automatic,1,ok,291.071,67,2,1,0,0,2305843009213693967:64;2305843009213693973:3,Symbolica_default,cached_powers_Q,9,14,0.255,BalancedZippelSeparated
fire7_nb0_rank2318,Automatic,1,ok,488.591,51,2,1,0,0,2305843009213693967:48;2305843009213693973:3,Symbolica_default,cached_powers_Q,12,6,0.305,BalancedZippelSeparated
fire7_nb0_rank2319,Automatic,1,ok,280.021,54,2,1,0,0,2305843009213693967:51;2305843009213693973:3,Symbolica_default,cached_powers_Q,12,5,0.440,BalancedZippelSeparated
fire7_nb0_rank2320,Automatic,1,ok,505.082,62,2,1,0,0,2305843009213693967:59;2305843009213693973:3,Symbolica_default,cached_powers_Q,9,12,0.530,BalancedZippelSeparated
fire7_nb0_rank2321,Automatic,1,ok,303.261,56,2,1,0,0,2305843009213693967:53;2305843009213693973:3,Symbolica_default,cached_powers_Q,9,10,0.294,BalancedZippelSeparated
fire7_nb0_rank2322,Automatic,1,ok,441.271,53,2,1,0,0,2305843009213693967:50;2305843009213693973:3,Symbolica_default,cached_powers_Q,6,15,0.422,BalancedZippelSeparated
fire7_nb0_rank2323,Automatic,1,ok,328.321,75,2,1,0,0,2305843009213693967:72;2305843009213693973:3,Symbolica_default,cached_powers_Q,18,4,0.485,BalancedZippelSeparated
fire7_nb0_rank2324,Automatic,1,ok,497.221,51,2,1,0,0,2305843009213693967:48;2305843009213693973:3,Symbolica_default,cached_powers_Q,12,9,0.403,BalancedZippelSeparated
fire7_nb0_rank2325,Automatic,1,ok,372.081,48,2,1,0,0,2305843009213693967:45;2305843009213693973:3,Symbolica_default,cached_powers_Q,16,2,0.235,BalancedZippelSeparated
fire7_nb0_rank2326,Automatic,1,ok,284.171,68,2,1,0,0,2305843009213693967:65;2305843009213693973:3,Symbolica_default,cached_powers_Q,18,4,0.292,BalancedZippelSeparated
fire7_nb0_rank2327,Automatic,1,ok,295.051,52,2,1,0,0,2305843009213693967:49;2305843009213693973:3,Symbolica_default,cached_powers_Q,12,9,0.271,BalancedZippelSeparated
fire7_nb0_rank2328,Automatic,1,ok,343.221,66,2,1,0,0,2305843009213693967:63;2305843009213693973:3,Symbolica_default,cached_powers_Q,18,6,0.285,BalancedZippelSeparated
fire7_nb0_rank2329,Automatic,1,ok,647.433,54,2,1,0,0,2305843009213693967:51;2305843009213693973:3,Symbolica_default,cached_powers_Q,6,15,0.387,BalancedZippelSeparated
fire7_nb0_rank2330,Automatic,1,ok,625.623,73,2,1,0,0,2305843009213693967:70;2305843009213693973:3,Symbolica_default,cached_powers_Q,15,6,0.571,BalancedZippelSeparated
fire7_nb0_rank2331,Automatic,1,ok,585.472,52,2,1,0,0,2305843009213693967:49;2305843009213693973:3,Symbolica_default,cached_powers_Q,6,15,0.387,BalancedZippelSeparated
fire7_nb0_rank2332,Automatic,1,ok,525.782,50,2,1,0,0,2305843009213693967:47;2305843009213693973:3,Symbolica_default,cached_powers_Q,16,2,0.363,BalancedZippelSeparated
fire7_nb0_rank2333,Automatic,1,ok,548.232,66,2,1,0,0,2305843009213693967:63;2305843009213693973:3,Symbolica_default,cached_powers_Q,18,6,0.300,BalancedZippelSeparated
fire7_nb0_rank2334,Automatic,1,ok,527.002,66,2,1,0,0,2305843009213693967:63;2305843009213693973:3,Symbolica_default,cached_powers_Q,12,12,0.248,BalancedZippelSeparated
fire7_nb0_rank2335,Automatic,1,ok,353.791,73,2,1,0,0,2305843009213693967:70;2305843009213693973:3,Symbolica_default,cached_powers_Q,15,6,0.246,BalancedZippelSeparated
fire7_nb0_rank2336,Automatic,1,ok,325.171,55,2,1,0,0,2305843009213693967:52;2305843009213693973:3,Symbolica_default,cached_powers_Q,15,6,0.393,BalancedZippelSeparated
fire7_nb0_rank2337,Automatic,1,ok,486.322,52,2,1,0,0,2305843009213693967:49;2305843009213693973:3,Symbolica_default,cached_powers_Q,6,15,0.267,BalancedZippelSeparated
fire7_nb0_rank2338,Automatic,1,ok,326.451,52,2,1,0,0,2305843009213693967:49;2305843009213693973:3,Symbolica_default,cached_powers_Q,16,2,0.382,BalancedZippelSeparated
fire7_nb0_rank2339,Automatic,1,ok,578.672,53,2,1,0,0,2305843009213693967:50;2305843009213693973:3,Symbolica_default,cached_powers_Q,15,6,0.376,BalancedZippelSeparated
fire7_nb0_rank2340,Automatic,1,ok,655.082,52,2,1,0,0,2305843009213693967:49;2305843009213693973:3,Symbolica_default,cached_powers_Q,6,15,0.409,BalancedZippelSeparated
fire7_nb0_rank2341,Automatic,1,ok,457.552,55,2,1,0,0,2305843009213693967:52;2305843009213693973:3,Symbolica_default,cached_powers_Q,4,15,0.352,BalancedZippelSeparated
fire7_nb0_rank2342,Automatic,1,ok,391.822,54,2,1,0,0,2305843009213693967:51;2305843009213693973:3,Symbolica_default,cached_powers_Q,15,4,0.482,BalancedZippelSeparated
fire7_nb0_rank2343,Automatic,1,ok,321.261,55,2,1,0,0,2305843009213693967:52;2305843009213693973:3,Symbolica_default,cached_powers_Q,5,9,0.517,BalancedZippelSeparated
fire7_nb0_rank2344,Automatic,1,ok,264.641,55,2,1,0,0,2305843009213693967:52;2305843009213693973:3,Symbolica_default,cached_powers_Q,4,15,0.297,BalancedZippelSeparated
fire7_nb0_rank2345,Automatic,1,ok,320.731,54,2,1,0,0,2305843009213693967:51;2305843009213693973:3,Symbolica_default,cached_powers_Q,6,15,0.263,BalancedZippelSeparated
fire7_nb0_rank2346,Automatic,1,ok,310.541,54,2,1,0,0,2305843009213693967:51;2305843009213693973:3,Symbolica_default,cached_powers_Q,12,6,0.247,BalancedZippelSeparated
fire7_nb0_rank2347,Automatic,1,ok,278.310,57,2,1,0,0,2305843009213693967:54;2305843009213693973:3,Symbolica_default,cached_powers_Q,15,6,0.276,BalancedZippelSeparated
fire7_nb0_rank2348,Automatic,1,ok,335.962,54,2,1,0,0,2305843009213693967:51;2305843009213693973:3,Symbolica_default,cached_powers_Q,15,4,0.432,BalancedZippelSeparated
fire7_nb0_rank2349,Automatic,1,ok,666.473,49,2,1,0,0,2305843009213693967:46;2305843009213693973:3,Symbolica_default,cached_powers_Q,12,6,0.552,BalancedZippelSeparated
fire7_nb0_rank2350,Automatic,1,ok,555.262,49,2,1,0,0,2305843009213693967:46;2305843009213693973:3,Symbolica_default,cached_powers_Q,12,6,0.344,BalancedZippelSeparated
fire7_nb0_rank2351,Automatic,1,ok,640.093,85,2,1,0,0,2305843009213693967:82;2305843009213693973:3,Symbolica_default,cached_powers_Q,14,7,0.361,BalancedZippelSeparated
fire7_nb0_rank2352,Automatic,1,ok,595.302,60,2,1,0,0,2305843009213693967:57;2305843009213693973:3,Symbolica_default,cached_powers_Q,12,10,0.318,BalancedZippelSeparated
fire7_nb0_rank2353,Automatic,1,ok,306.091,52,2,1,0,0,2305843009213693967:49;2305843009213693973:3,Symbolica_default,cached_powers_Q,10,6,0.296,BalancedZippelSeparated
fire7_nb0_rank2354,Automatic,1,ok,380.221,55,2,1,0,0,2305843009213693967:52;2305843009213693973:3,Symbolica_default,cached_powers_Q,12,6,0.429,BalancedZippelSeparated
fire7_nb0_rank2355,Automatic,1,ok,516.612,52,2,1,0,0,2305843009213693967:49;2305843009213693973:3,Symbolica_default,cached_powers_Q,15,3,0.266,BalancedZippelSeparated
fire7_nb0_rank2356,Automatic,1,ok,585.422,87,2,1,0,0,2305843009213693967:84;2305843009213693973:3,Symbolica_default,cached_powers_Q,12,9,0.268,BalancedZippelSeparated
fire7_nb0_rank2357,Automatic,1,ok,419.112,87,2,1,0,0,2305843009213693967:84;2305843009213693973:3,Symbolica_default,cached_powers_Q,12,9,0.261,BalancedZippelSeparated
fire7_nb0_rank2358,Automatic,1,ok,407.092,51,2,1,0,0,2305843009213693967:48;2305843009213693973:3,Symbolica_default,cached_powers_Q,12,9,0.506,BalancedZippelSeparated
fire7_nb0_rank2359,Automatic,1,ok,655.152,54,2,1,0,0,2305843009213693967:51;2305843009213693973:3,Symbolica_default,cached_powers_Q,12,6,0.394,BalancedZippelSeparated
fire7_nb0_rank2360,Automatic,1,ok,682.642,89,2,1,0,0,2305843009213693967:86;2305843009213693973:3,Symbolica_default,cached_powers_Q,14,7,0.365,BalancedZippelSeparated
fire7_nb0_rank2361,Automatic,1,ok,483.482,62,2,1,0,0,2305843009213693967:59;2305843009213693973:3,Symbolica_default,cached_powers_Q,18,2,0.297,BalancedZippelSeparated
fire7_nb0_rank2362,Automatic,1,ok,518.872,55,2,1,0,0,2305843009213693967:52;2305843009213693973:3,Symbolica_default,cached_powers_Q,15,6,0.303,BalancedZippelSeparated
fire7_nb0_rank2363,Automatic,1,ok,333.681,56,2,1,0,0,2305843009213693967:53;2305843009213693973:3,Symbolica_default,cached_powers_Q,12,6,0.286,BalancedZippelSeparated
fire7_nb0_rank2364,Automatic,1,ok,454.291,65,2,1,0,0,2305843009213693967:62;2305843009213693973:3,Symbolica_default,cached_powers_Q,16,4,0.273,BalancedZippelSeparated
fire7_nb0_rank2365,Automatic,1,ok,437.502,56,2,1,0,0,2305843009213693967:53;2305843009213693973:3,Symbolica_default,cached_powers_Q,10,4,0.245,BalancedZippelSeparated
fire7_nb0_rank2366,Automatic,1,ok,258.281,51,2,1,0,0,2305843009213693967:48;2305843009213693973:3,Symbolica_default,cached_powers_Q,15,3,0.393,BalancedZippelSeparated
fire7_nb0_rank2367,Automatic,1,ok,388.852,47,2,1,0,0,2305843009213693967:44;2305843009213693973:3,Symbolica_default,cached_powers_Q,15,4,0.513,BalancedZippelSeparated
fire7_nb0_rank2368,Automatic,1,ok,660.252,48,2,1,0,0,2305843009213693967:45;2305843009213693973:3,Symbolica_default,cached_powers_Q,10,8,0.376,BalancedZippelSeparated
fire7_nb0_rank2369,Automatic,1,ok,339.252,69,2,1,0,0,2305843009213693967:66;2305843009213693973:3,Symbolica_default,cached_powers_Q,16,3,0.344,BalancedZippelSeparated
fire7_nb0_rank2370,Automatic,1,ok,530.472,57,2,1,0,0,2305843009213693967:54;2305843009213693973:3,Symbolica_default,cached_powers_Q,15,6,0.359,BalancedZippelSeparated
fire7_nb0_rank2371,Automatic,1,ok,352.451,49,2,1,0,0,2305843009213693967:46;2305843009213693973:3,Symbolica_default,cached_powers_Q,15,6,0.503,BalancedZippelSeparated
fire7_nb0_rank2372,Automatic,1,ok,321.132,49,2,1,0,0,2305843009213693967:46;2305843009213693973:3,Symbolica_default,cached_powers_Q,10,8,0.304,BalancedZippelSeparated
fire7_nb0_rank2373,Automatic,1,ok,295.961,49,2,1,0,0,2305843009213693967:46;2305843009213693973:3,Symbolica_default,cached_powers_Q,10,8,0.301,BalancedZippelSeparated
fire7_nb0_rank2374,Automatic,1,ok,323.091,57,2,1,0,0,2305843009213693967:54;2305843009213693973:3,Symbolica_default,cached_powers_Q,13,4,0.279,BalancedZippelSeparated
fire7_nb0_rank2375,Automatic,1,ok,263.711,69,2,1,0,0,2305843009213693967:66;2305843009213693973:3,Symbolica_default,cached_powers_Q,18,3,0.288,BalancedZippelSeparated
fire7_nb0_rank2376,Automatic,1,ok,222.251,58,2,1,0,0,2305843009213693967:55;2305843009213693973:3,Symbolica_default,cached_powers_Q,10,4,0.254,BalancedZippelSeparated
fire7_nb0_rank2377,Automatic,1,ok,395.972,48,2,1,0,0,2305843009213693967:45;2305843009213693973:3,Symbolica_default,cached_powers_Q,16,2,0.348,BalancedZippelSeparated
fire7_nb0_rank2378,Automatic,1,ok,439.572,49,2,1,0,0,2305843009213693967:46;2305843009213693973:3,Symbolica_default,cached_powers_Q,16,2,0.240,BalancedZippelSeparated
fire7_nb0_rank2379,Automatic,1,ok,504.672,51,2,1,0,0,2305843009213693967:48;2305843009213693973:3,Symbolica_default,cached_powers_Q,16,2,0.310,BalancedZippelSeparated
fire7_nb0_rank2380,Automatic,1,ok,346.461,52,2,1,0,0,2305843009213693967:49;2305843009213693973:3,Symbolica_default,cached_powers_Q,11,9,0.537,BalancedZippelSeparated
fire7_nb0_rank2381,Automatic,1,ok,416.111,52,2,1,0,0,2305843009213693967:49;2305843009213693973:3,Symbolica_default,cached_powers_Q,11,9,0.615,BalancedZippelSeparated
fire7_nb0_rank2382,Automatic,1,ok,367.562,50,2,1,0,0,2305843009213693967:47;2305843009213693973:3,Symbolica_default,cached_powers_Q,16,2,0.373,BalancedZippelSeparated
fire7_nb0_rank2383,Automatic,1,ok,396.311,62,2,1,0,0,2305843009213693967:59;2305843009213693973:3,Symbolica_default,cached_powers_Q,9,12,0.290,BalancedZippelSeparated
fire7_nb0_rank2384,Automatic,1,ok,262.671,48,2,1,0,0,2305843009213693967:45;2305843009213693973:3,Symbolica_default,cached_powers_Q,16,2,0.471,BalancedZippelSeparated
fire7_nb0_rank2385,Automatic,1,ok,439.471,78,2,1,0,0,2305843009213693967:75;2305843009213693973:3,Symbolica_default,cached_powers_Q,16,6,0.262,BalancedZippelSeparated
fire7_nb0_rank2386,Automatic,1,ok,389.731,90,2,1,0,0,2305843009213693967:87;2305843009213693973:3,Symbolica_default,cached_powers_Q,12,7,0.398,BalancedZippelSeparated
fire7_nb0_rank2387,Automatic,1,ok,264.631,56,2,1,0,0,2305843009213693967:53;2305843009213693973:3,Symbolica_default,cached_powers_Q,10,4,0.269,BalancedZippelSeparated
fire7_nb0_rank2388,Automatic,1,ok,637.833,78,2,1,0,0,2305843009213693967:75;2305843009213693973:3,Symbolica_default,cached_powers_Q,16,6,0.271,BalancedZippelSeparated
fire7_nb0_rank2389,Automatic,1,ok,504.012,55,2,1,0,0,2305843009213693967:52;2305843009213693973:3,Symbolica_default,cached_powers_Q,4,15,0.358,BalancedZippelSeparated
fire7_nb0_rank2390,Automatic,1,ok,501.812,47,2,1,0,0,2305843009213693967:44;2305843009213693973:3,Symbolica_default,cached_powers_Q,12,6,0.333,BalancedZippelSeparated
fire7_nb0_rank2391,Automatic,1,ok,379.052,47,2,1,0,0,2305843009213693967:44;2305843009213693973:3,Symbolica_default,cached_powers_Q,12,6,0.399,BalancedZippelSeparated
fire7_nb0_rank2392,Automatic,1,ok,623.463,53,2,1,0,0,2305843009213693967:50;2305843009213693973:3,Symbolica_default,cached_powers_Q,4,15,0.391,BalancedZippelSeparated
fire7_nb0_rank2393,Automatic,1,ok,606.883,47,2,1,0,0,2305843009213693967:44;2305843009213693973:3,Symbolica_default,cached_powers_Q,12,6,0.402,BalancedZippelSeparated
fire7_nb0_rank2394,Automatic,1,ok,243.261,55,2,1,0,0,2305843009213693967:52;2305843009213693973:3,Symbolica_default,cached_powers_Q,4,15,0.275,BalancedZippelSeparated
fire7_nb0_rank2395,Automatic,1,ok,272.641,47,2,1,0,0,2305843009213693967:44;2305843009213693973:3,Symbolica_default,cached_powers_Q,12,6,0.280,BalancedZippelSeparated
fire7_nb0_rank2396,Automatic,1,ok,375.441,60,2,1,0,0,2305843009213693967:57;2305843009213693973:3,Symbolica_default,cached_powers_Q,15,6,0.428,BalancedZippelSeparated
fire7_nb0_rank2397,Automatic,1,ok,299.222,58,2,1,0,0,2305843009213693967:55;2305843009213693973:3,Symbolica_default,cached_powers_Q,15,6,0.276,BalancedZippelSeparated
fire7_nb0_rank2398,Automatic,1,ok,308.781,58,2,1,0,0,2305843009213693967:55;2305843009213693973:3,Symbolica_default,cached_powers_Q,15,6,0.274,BalancedZippelSeparated
fire7_nb0_rank2399,Automatic,1,ok,308.491,63,2,1,0,0,2305843009213693967:60;2305843009213693973:3,Symbolica_default,cached_powers_Q,18,3,0.276,BalancedZippelSeparated
fire7_nb0_rank2400,Automatic,1,ok,669.802,55,2,1,0,0,2305843009213693967:52;2305843009213693973:3,Symbolica_default,cached_powers_Q,15,6,0.376,BalancedZippelSeparated
fire7_nb0_rank2401,Automatic,1,ok,395.511,50,2,1,0,0,2305843009213693967:47;2305843009213693973:3,Symbolica_default,cached_powers_Q,10,6,0.659,BalancedZippelSeparated
fire7_nb0_rank2402,Automatic,1,ok,383.012,58,2,1,0,0,2305843009213693967:55;2305843009213693973:3,Symbolica_default,cached_powers_Q,15,3,0.393,BalancedZippelSeparated
fire7_nb0_rank2403,Automatic,1,ok,561.662,59,2,1,0,0,2305843009213693967:56;2305843009213693973:3,Symbolica_default,cached_powers_Q,15,4,0.266,BalancedZippelSeparated
fire7_nb0_rank2404,Automatic,1,ok,480.101,60,2,1,0,0,2305843009213693967:57;2305843009213693973:3,Symbolica_default,cached_powers_Q,11,10,0.533,BalancedZippelSeparated
fire7_nb0_rank2405,Automatic,1,ok,336.181,53,2,1,0,0,2305843009213693967:50;2305843009213693973:3,Symbolica_default,cached_powers_Q,12,6,0.400,BalancedZippelSeparated
fire7_nb0_rank2406,Automatic,1,ok,317.330,58,2,1,0,0,2305843009213693967:55;2305843009213693973:3,Symbolica_default,cached_powers_Q,15,3,0.296,BalancedZippelSeparated
fire7_nb0_rank2407,Automatic,1,ok,314.491,53,2,1,0,0,2305843009213693967:50;2305843009213693973:3,Symbolica_default,cached_powers_Q,12,6,0.425,BalancedZippelSeparated
fire7_nb0_rank2408,Automatic,1,ok,351.042,56,2,1,0,0,2305843009213693967:53;2305843009213693973:3,Symbolica_default,cached_powers_Q,15,3,0.274,BalancedZippelSeparated
fire7_nb0_rank2409,Automatic,1,ok,712.862,49,2,1,0,0,2305843009213693967:46;2305843009213693973:3,Symbolica_default,cached_powers_Q,12,9,0.376,BalancedZippelSeparated
fire7_nb0_rank2410,Automatic,1,ok,451.952,49,2,1,0,0,2305843009213693967:46;2305843009213693973:3,Symbolica_default,cached_powers_Q,12,9,0.624,BalancedZippelSeparated
fire7_nb0_rank2411,Automatic,1,ok,646.412,53,2,1,0,0,2305843009213693967:50;2305843009213693973:3,Symbolica_default,cached_powers_Q,12,6,0.390,BalancedZippelSeparated
fire7_nb0_rank2412,Automatic,1,ok,498.012,52,2,1,0,0,2305843009213693967:49;2305843009213693973:3,Symbolica_default,cached_powers_Q,12,4,0.270,BalancedZippelSeparated
fire7_nb0_rank2413,Automatic,1,ok,369.661,56,2,1,0,0,2305843009213693967:53;2305843009213693973:3,Symbolica_default,cached_powers_Q,15,6,0.267,BalancedZippelSeparated
fire7_nb0_rank2414,Automatic,1,ok,361.581,56,2,1,0,0,2305843009213693967:53;2305843009213693973:3,Symbolica_default,cached_powers_Q,15,6,0.268,BalancedZippelSeparated
fire7_nb0_rank2415,Automatic,1,ok,271.731,50,2,1,0,0,2305843009213693967:47;2305843009213693973:3,Symbolica_default,cached_powers_Q,10,6,0.278,BalancedZippelSeparated
fire7_nb0_rank2416,Automatic,1,ok,288.391,50,2,1,0,0,2305843009213693967:47;2305843009213693973:3,Symbolica_default,cached_powers_Q,10,6,0.421,BalancedZippelSeparated
fire7_nb0_rank2417,Automatic,1,ok,666.952,53,2,1,0,0,2305843009213693967:50;2305843009213693973:3,Symbolica_default,cached_powers_Q,12,6,0.409,BalancedZippelSeparated
fire7_nb0_rank2418,Automatic,1,ok,623.392,51,2,1,0,0,2305843009213693967:48;2305843009213693973:3,Symbolica_default,cached_powers_Q,12,9,0.394,BalancedZippelSeparated
fire7_nb0_rank2419,Automatic,1,ok,545.652,67,2,1,0,0,2305843009213693967:64;2305843009213693973:3,Symbolica_default,cached_powers_Q,5,12,0.385,BalancedZippelSeparated
fire7_nb0_rank2420,Automatic,1,ok,329.721,52,2,1,0,0,2305843009213693967:49;2305843009213693973:3,Symbolica_default,cached_powers_Q,6,10,0.551,BalancedZippelSeparated
fire7_nb0_rank2421,Automatic,1,ok,282.221,52,2,1,0,0,2305843009213693967:49;2305843009213693973:3,Symbolica_default,cached_powers_Q,6,10,0.430,BalancedZippelSeparated
fire7_nb0_rank2422,Automatic,1,ok,304.921,53,2,1,0,0,2305843009213693967:50;2305843009213693973:3,Symbolica_default,cached_powers_Q,12,6,0.269,BalancedZippelSeparated
fire7_nb0_rank2423,Automatic,1,ok,309.311,53,2,1,0,0,2305843009213693967:50;2305843009213693973:3,Symbolica_default,cached_powers_Q,12,6,0.434,BalancedZippelSeparated
fire7_nb0_rank2424,Automatic,1,ok,299.562,57,2,1,0,0,2305843009213693967:54;2305843009213693973:3,Symbolica_default,cached_powers_Q,15,4,0.260,BalancedZippelSeparated
fire7_nb0_rank2425,Automatic,1,ok,568.822,73,2,1,0,0,2305843009213693967:70;2305843009213693973:3,Symbolica_default,cached_powers_Q,16,5,0.288,BalancedZippelSeparated
fire7_nb0_rank2426,Automatic,1,ok,343.231,55,2,1,0,0,2305843009213693967:52;2305843009213693973:3,Symbolica_default,cached_powers_Q,15,6,0.289,BalancedZippelSeparated
fire7_nb0_rank2427,Automatic,1,ok,502.662,53,2,1,0,0,2305843009213693967:50;2305843009213693973:3,Symbolica_default,cached_powers_Q,9,6,0.360,BalancedZippelSeparated
fire7_nb0_rank2428,Automatic,1,ok,342.421,50,2,1,0,0,2305843009213693967:47;2305843009213693973:3,Symbolica_default,cached_powers_Q,15,2,0.533,BalancedZippelSeparated
fire7_nb0_rank2429,Automatic,1,ok,503.072,60,2,1,0,0,2305843009213693967:57;2305843009213693973:3,Symbolica_default,cached_powers_Q,15,6,0.600,BalancedZippelSeparated
fire7_nb0_rank2430,Automatic,1,ok,285.951,57,2,1,0,0,2305843009213693967:54;2305843009213693973:3,Symbolica_default,cached_powers_Q,3,18,0.486,BalancedZippelSeparated
fire7_nb0_rank2431,Automatic,1,ok,646.123,51,2,1,0,0,2305843009213693967:48;2305843009213693973:3,Symbolica_default,cached_powers_Q,15,4,0.399,BalancedZippelSeparated
fire7_nb0_rank2432,Automatic,1,ok,462.832,60,2,1,0,0,2305843009213693967:57;2305843009213693973:3,Symbolica_default,cached_powers_Q,15,6,0.605,BalancedZippelSeparated
fire7_nb0_rank2433,Automatic,1,ok,401.142,58,2,1,0,0,2305843009213693967:55;2305843009213693973:3,Symbolica_default,cached_powers_Q,15,6,0.559,BalancedZippelSeparated
fire7_nb0_rank2434,Automatic,1,ok,264.031,54,2,1,0,0,2305843009213693967:51;2305843009213693973:3,Symbolica_default,cached_powers_Q,11,4,0.411,BalancedZippelSeparated
fire7_nb0_rank2435,Automatic,1,ok,510.162,52,2,1,0,0,2305843009213693967:49;2305843009213693973:3,Symbolica_default,cached_powers_Q,12,6,0.251,BalancedZippelSeparated
fire7_nb0_rank2436,Automatic,1,ok,249.641,51,2,1,0,0,2305843009213693967:48;2305843009213693973:3,Symbolica_default,cached_powers_Q,15,4,0.287,BalancedZippelSeparated
fire7_nb0_rank2437,Automatic,1,ok,224.151,50,2,1,0,0,2305843009213693967:47;2305843009213693973:3,Symbolica_default,cached_powers_Q,5,8,0.232,BalancedZippelSeparated
fire7_nb0_rank2438,Automatic,1,ok,205.071,50,2,1,0,0,2305843009213693967:47;2305843009213693973:3,Symbolica_default,cached_powers_Q,5,8,0.247,BalancedZippelSeparated
fire7_nb0_rank2439,Automatic,1,ok,304.701,52,2,1,0,0,2305843009213693967:49;2305843009213693973:3,Symbolica_default,cached_powers_Q,12,6,0.461,BalancedZippelSeparated
fire7_nb0_rank2440,Automatic,1,ok,298.801,49,2,1,0,0,2305843009213693967:46;2305843009213693973:3,Symbolica_default,cached_powers_Q,12,6,0.424,BalancedZippelSeparated
fire7_nb0_rank2441,Automatic,1,ok,429.522,58,2,1,0,0,2305843009213693967:55;2305843009213693973:3,Symbolica_default,cached_powers_Q,9,10,0.363,BalancedZippelSeparated
fire7_nb0_rank2442,Automatic,1,ok,365.021,56,2,1,0,0,2305843009213693967:53;2305843009213693973:3,Symbolica_default,cached_powers_Q,9,10,0.392,BalancedZippelSeparated
fire7_nb0_rank2443,Automatic,1,ok,325.071,49,2,1,0,0,2305843009213693967:46;2305843009213693973:3,Symbolica_default,cached_powers_Q,4,12,0.407,BalancedZippelSeparated
fire7_nb0_rank2444,Automatic,1,ok,277.601,52,2,1,0,0,2305843009213693967:49;2305843009213693973:3,Symbolica_default,cached_powers_Q,9,6,0.479,BalancedZippelSeparated
fire7_nb0_rank2445,Automatic,1,ok,506.042,58,2,1,0,0,2305843009213693967:55;2305843009213693973:3,Symbolica_default,cached_powers_Q,9,10,0.280,BalancedZippelSeparated
fire7_nb0_rank2446,Automatic,1,ok,281.732,45,2,1,0,0,2305843009213693967:42;2305843009213693973:3,Symbolica_default,cached_powers_Q,12,3,0.444,BalancedZippelSeparated
fire7_nb0_rank2447,Automatic,1,ok,297.291,45,2,1,0,0,2305843009213693967:42;2305843009213693973:3,Symbolica_default,cached_powers_Q,12,6,0.477,BalancedZippelSeparated
fire7_nb0_rank2448,Automatic,1,ok,278.121,45,2,1,0,0,2305843009213693967:42;2305843009213693973:3,Symbolica_default,cached_powers_Q,12,6,0.293,BalancedZippelSeparated
fire7_nb0_rank2449,Automatic,1,ok,384.411,45,2,1,0,0,2305843009213693967:42;2305843009213693973:3,Symbolica_default,cached_powers_Q,12,6,0.393,BalancedZippelSeparated
fire7_nb0_rank2450,Automatic,1,ok,309.541,51,2,1,0,0,2305843009213693967:48;2305843009213693973:3,Symbolica_default,cached_powers_Q,4,15,0.379,BalancedZippelSeparated
fire7_nb0_rank2451,Automatic,1,ok,324.931,53,2,1,0,0,2305843009213693967:50;2305843009213693973:3,Symbolica_default,cached_powers_Q,4,15,0.375,BalancedZippelSeparated
fire7_nb0_rank2452,Automatic,1,ok,633.163,72,2,1,0,0,2305843009213693967:69;2305843009213693973:3,Symbolica_default,cached_powers_Q,14,4,0.353,BalancedZippelSeparated
fire7_nb0_rank2453,Automatic,1,ok,309.181,76,2,1,0,0,2305843009213693967:73;2305843009213693973:3,Symbolica_default,cached_powers_Q,9,9,0.433,BalancedZippelSeparated
fire7_nb0_rank2454,Automatic,1,ok,259.111,62,2,1,0,0,2305843009213693967:59;2305843009213693973:3,Symbolica_default,cached_powers_Q,4,14,0.465,BalancedZippelSeparated
fire7_nb0_rank2455,Automatic,1,ok,318.481,47,2,1,0,0,2305843009213693967:44;2305843009213693973:3,Symbolica_default,cached_powers_Q,12,6,0.421,BalancedZippelSeparated
fire7_nb0_rank2456,Automatic,1,ok,529.082,51,2,1,0,0,2305843009213693967:48;2305843009213693973:3,Symbolica_default,cached_powers_Q,10,9,0.306,BalancedZippelSeparated
fire7_nb0_rank2457,Automatic,1,ok,365.622,71,2,1,0,0,2305843009213693967:68;2305843009213693973:3,Symbolica_default,cached_powers_Q,4,14,0.275,BalancedZippelSeparated
fire7_nb0_rank2458,Automatic,1,ok,308.602,81,2,1,0,0,2305843009213693967:78;2305843009213693973:3,Symbolica_default,cached_powers_Q,17,2,0.266,BalancedZippelSeparated
fire7_nb0_rank2459,Automatic,1,ok,542.382,54,2,1,0,0,2305843009213693967:51;2305843009213693973:3,Symbolica_default,cached_powers_Q,12,6,0.371,BalancedZippelSeparated
fire7_nb0_rank2460,Automatic,1,ok,457.711,63,2,1,0,0,2305843009213693967:60;2305843009213693973:3,Symbolica_default,cached_powers_Q,4,12,0.359,BalancedZippelSeparated
fire7_nb0_rank2461,Automatic,1,ok,403.422,52,2,1,0,0,2305843009213693967:49;2305843009213693973:3,Symbolica_default,cached_powers_Q,6,10,0.395,BalancedZippelSeparated
fire7_nb0_rank2462,Automatic,1,ok,512.062,54,2,1,0,0,2305843009213693967:51;2305843009213693973:3,Symbolica_default,cached_powers_Q,14,6,0.564,BalancedZippelSeparated
fire7_nb0_rank2463,Automatic,1,ok,635.802,49,2,1,0,0,2305843009213693967:46;2305843009213693973:3,Symbolica_default,cached_powers_Q,12,9,0.448,BalancedZippelSeparated
fire7_nb0_rank2464,Automatic,1,ok,340.392,51,2,1,0,0,2305843009213693967:48;2305843009213693973:3,Symbolica_default,cached_powers_Q,4,15,0.599,BalancedZippelSeparated
fire7_nb0_rank2465,Automatic,1,ok,464.711,53,2,1,0,0,2305843009213693967:50;2305843009213693973:3,Symbolica_default,cached_powers_Q,4,15,0.403,BalancedZippelSeparated
fire7_nb0_rank2466,Automatic,1,ok,747.812,60,2,1,0,0,2305843009213693967:57;2305843009213693973:3,Symbolica_default,cached_powers_Q,9,12,0.354,BalancedZippelSeparated
fire7_nb0_rank2467,Automatic,1,ok,570.432,52,2,1,0,0,2305843009213693967:49;2305843009213693973:3,Symbolica_default,cached_powers_Q,10,3,0.334,BalancedZippelSeparated
fire7_nb0_rank2468,Automatic,1,ok,568.112,45,2,1,0,0,2305843009213693967:42;2305843009213693973:3,Symbolica_default,cached_powers_Q,12,6,0.380,BalancedZippelSeparated
fire7_nb0_rank2469,Automatic,1,ok,669.653,70,2,1,0,0,2305843009213693967:67;2305843009213693973:3,Symbolica_default,cached_powers_Q,16,2,0.637,BalancedZippelSeparated
fire7_nb0_rank2470,Automatic,1,ok,689.952,49,2,1,0,0,2305843009213693967:46;2305843009213693973:3,Symbolica_default,cached_powers_Q,10,6,0.367,BalancedZippelSeparated
fire7_nb0_rank2471,Automatic,1,ok,689.492,68,2,1,0,0,2305843009213693967:65;2305843009213693973:3,Symbolica_default,cached_powers_Q,16,3,0.419,BalancedZippelSeparated
fire7_nb0_rank2472,Automatic,1,ok,606.492,62,2,1,0,0,2305843009213693967:59;2305843009213693973:3,Symbolica_default,cached_powers_Q,10,10,0.594,BalancedZippelSeparated
fire7_nb0_rank2473,Automatic,1,ok,378.032,55,2,1,0,0,2305843009213693967:52;2305843009213693973:3,Symbolica_default,cached_powers_Q,10,2,0.559,BalancedZippelSeparated
fire7_nb0_rank2474,Automatic,1,ok,322.682,55,2,1,0,0,2305843009213693967:52;2305843009213693973:3,Symbolica_default,cached_powers_Q,10,2,0.592,BalancedZippelSeparated
fire7_nb0_rank2475,Automatic,1,ok,569.362,52,2,1,0,0,2305843009213693967:49;2305843009213693973:3,Symbolica_default,cached_powers_Q,5,9,0.399,BalancedZippelSeparated
fire7_nb0_rank2476,Automatic,1,ok,678.452,56,2,1,0,0,2305843009213693967:53;2305843009213693973:3,Symbolica_default,cached_powers_Q,9,10,0.374,BalancedZippelSeparated
fire7_nb0_rank2477,Automatic,1,ok,590.522,52,2,1,0,0,2305843009213693967:49;2305843009213693973:3,Symbolica_default,cached_powers_Q,12,6,0.332,BalancedZippelSeparated
fire7_nb0_rank2478,Automatic,1,ok,650.182,54,2,1,0,0,2305843009213693967:51;2305843009213693973:3,Symbolica_default,cached_powers_Q,9,10,0.432,BalancedZippelSeparated
fire7_nb0_rank2479,Automatic,1,ok,318.301,59,2,1,0,0,2305843009213693967:56;2305843009213693973:3,Symbolica_default,cached_powers_Q,4,10,0.610,BalancedZippelSeparated
fire7_nb0_rank2480,Automatic,1,ok,633.012,47,2,1,0,0,2305843009213693967:44;2305843009213693973:3,Symbolica_default,cached_powers_Q,12,6,0.337,BalancedZippelSeparated
fire7_nb0_rank2481,Automatic,1,ok,344.401,49,2,1,0,0,2305843009213693967:46;2305843009213693973:3,Symbolica_default,cached_powers_Q,12,3,0.554,BalancedZippelSeparated
fire7_nb0_rank2482,Automatic,1,ok,548.762,56,2,1,0,0,2305843009213693967:53;2305843009213693973:3,Symbolica_default,cached_powers_Q,9,10,0.546,BalancedZippelSeparated
fire7_nb0_rank2483,Automatic,1,ok,684.273,48,2,1,0,0,2305843009213693967:45;2305843009213693973:3,Symbolica_default,cached_powers_Q,12,4,0.643,BalancedZippelSeparated
fire7_nb0_rank2484,Automatic,1,ok,399.661,65,2,1,0,0,2305843009213693967:62;2305843009213693973:3,Symbolica_default,cached_powers_Q,4,12,0.436,BalancedZippelSeparated
fire7_nb0_rank2485,Automatic,1,ok,671.443,53,2,1,0,0,2305843009213693967:50;2305843009213693973:3,Symbolica_default,cached_powers_Q,15,2,0.373,BalancedZippelSeparated
fire7_nb0_rank2486,Automatic,1,ok,648.842,51,2,1,0,0,2305843009213693967:48;2305843009213693973:3,Symbolica_default,cached_powers_Q,12,4,0.373,BalancedZippelSeparated
fire7_nb0_rank2487,Automatic,1,ok,521.232,55,2,1,0,0,2305843009213693967:52;2305843009213693973:3,Symbolica_default,cached_powers_Q,10,2,0.360,BalancedZippelSeparated
fire7_nb0_rank2488,Automatic,1,ok,673.792,51,2,1,0,0,2305843009213693967:48;2305843009213693973:3,Symbolica_default,cached_powers_Q,8,6,0.445,BalancedZippelSeparated
fire7_nb0_rank2489,Automatic,1,ok,468.081,51,2,1,0,0,2305843009213693967:48;2305843009213693973:3,Symbolica_default,cached_powers_Q,8,6,0.611,BalancedZippelSeparated
fire7_nb0_rank2490,Automatic,1,ok,594.173,61,2,1,0,0,2305843009213693967:58;2305843009213693973:3,Symbolica_default,cached_powers_Q,5,10,0.337,BalancedZippelSeparated
fire7_nb0_rank2491,Automatic,1,ok,708.373,50,2,1,0,0,2305843009213693967:47;2305843009213693973:3,Symbolica_default,cached_powers_Q,12,6,0.610,BalancedZippelSeparated
fire7_nb0_rank2492,Automatic,1,ok,585.562,54,2,1,0,0,2305843009213693967:51;2305843009213693973:3,Symbolica_default,cached_powers_Q,9,10,0.362,BalancedZippelSeparated
fire7_nb0_rank2493,Automatic,1,ok,304.031,44,2,1,0,0,2305843009213693967:41;2305843009213693973:3,Symbolica_default,cached_powers_Q,12,4,0.335,BalancedZippelSeparated
fire7_nb0_rank2494,Automatic,1,ok,414.802,88,2,1,0,0,2305843009213693967:85;2305843009213693973:3,Symbolica_default,cached_powers_Q,16,2,0.352,BalancedZippelSeparated
fire7_nb0_rank2495,Automatic,1,ok,456.091,56,2,1,0,0,2305843009213693967:53;2305843009213693973:3,Symbolica_default,cached_powers_Q,9,10,0.672,BalancedZippelSeparated
fire7_nb0_rank2496,Automatic,1,ok,312.001,48,2,1,0,0,2305843009213693967:45;2305843009213693973:3,Symbolica_default,cached_powers_Q,9,6,0.556,BalancedZippelSeparated
fire7_nb0_rank2497,Automatic,1,ok,417.431,54,2,1,0,0,2305843009213693967:51;2305843009213693973:3,Symbolica_default,cached_powers_Q,9,10,0.657,BalancedZippelSeparated
fire7_nb0_rank2498,Automatic,1,ok,765.903,73,2,1,0,0,2305843009213693967:70;2305843009213693973:3,Symbolica_default,cached_powers_Q,14,5,0.588,BalancedZippelSeparated
fire7_nb0_rank2499,Automatic,1,ok,405.191,48,2,1,0,0,2305843009213693967:45;2305843009213693973:3,Symbolica_default,cached_powers_Q,10,4,0.421,BalancedZippelSeparated
fire7_nb0_rank2500,Automatic,1,ok,737.713,50,2,1,0,0,2305843009213693967:47;2305843009213693973:3,Symbolica_default,cached_powers_Q,12,6,0.429,BalancedZippelSeparated
fire7_nb0_rank2501,Automatic,1,ok,579.283,47,2,1,0,0,2305843009213693967:44;2305843009213693973:3,Symbolica_default,cached_powers_Q,9,9,0.602,BalancedZippelSeparated
fire7_nb0_rank2502,Automatic,1,ok,336.262,44,2,1,0,0,2305843009213693967:41;2305843009213693973:3,Symbolica_default,cached_powers_Q,12,2,0.678,BalancedZippelSeparated
fire7_nb0_rank2503,Automatic,1,ok,844.113,69,2,1,0,0,2305843009213693967:66;2305843009213693973:3,Symbolica_default,cached_powers_Q,14,3,0.422,BalancedZippelSeparated
fire7_nb0_rank2504,Automatic,1,ok,373.951,48,2,1,0,0,2305843009213693967:45;2305843009213693973:3,Symbolica_default,cached_powers_Q,5,8,0.399,BalancedZippelSeparated
fire7_nb0_rank2505,Automatic,1,ok,391.952,48,2,1,0,0,2305843009213693967:45;2305843009213693973:3,Symbolica_default,cached_powers_Q,5,8,0.571,BalancedZippelSeparated
fire7_nb0_rank2506,Automatic,1,ok,327.541,45,2,1,0,0,2305843009213693967:42;2305843009213693973:3,Symbolica_default,cached_powers_Q,12,2,0.375,BalancedZippelSeparated
fire7_nb0_rank2507,Automatic,1,ok,601.462,53,2,1,0,0,2305843009213693967:50;2305843009213693973:3,Symbolica_default,cached_powers_Q,4,15,0.490,BalancedZippelSeparated
fire7_nb0_rank2508,Automatic,1,ok,581.332,51,2,1,0,0,2305843009213693967:48;2305843009213693973:3,Symbolica_default,cached_powers_Q,4,15,0.388,BalancedZippelSeparated
fire7_nb0_rank2509,Automatic,1,ok,334.311,53,2,1,0,0,2305843009213693967:50;2305843009213693973:3,Symbolica_default,cached_powers_Q,4,15,0.378,BalancedZippelSeparated
fire7_nb0_rank2510,Automatic,1,ok,433.412,51,2,1,0,0,2305843009213693967:48;2305843009213693973:3,Symbolica_default,cached_powers_Q,10,8,0.510,BalancedZippelSeparated
fire7_nb0_rank2511,Automatic,1,ok,504.762,49,2,1,0,0,2305843009213693967:46;2305843009213693973:3,Symbolica_default,cached_powers_Q,12,4,0.342,BalancedZippelSeparated
fire7_nb0_rank2512,Automatic,1,ok,647.932,54,2,1,0,0,2305843009213693967:51;2305843009213693973:3,Symbolica_default,cached_powers_Q,9,10,0.299,BalancedZippelSeparated
fire7_nb0_rank2513,Automatic,1,ok,414.911,49,2,1,0,0,2305843009213693967:46;2305843009213693973:3,Symbolica_default,cached_powers_Q,12,3,0.398,BalancedZippelSeparated
fire7_nb0_rank2514,Automatic,1,ok,380.411,54,2,1,0,0,2305843009213693967:51;2305843009213693973:3,Symbolica_default,cached_powers_Q,5,9,0.402,BalancedZippelSeparated
fire7_nb0_rank2515,Automatic,1,ok,420.791,46,2,1,0,0,2305843009213693967:43;2305843009213693973:3,Symbolica_default,cached_powers_Q,12,2,0.571,BalancedZippelSeparated
fire7_nb0_rank2516,Automatic,1,ok,759.393,47,2,1,0,0,2305843009213693967:44;2305843009213693973:3,Symbolica_default,cached_powers_Q,8,9,0.394,BalancedZippelSeparated
fire7_nb0_rank2517,Automatic,1,ok,693.482,54,2,1,0,0,2305843009213693967:51;2305843009213693973:3,Symbolica_default,cached_powers_Q,14,4,0.423,BalancedZippelSeparated
fire7_nb0_rank2518,Automatic,1,ok,755.653,56,2,1,0,0,2305843009213693967:53;2305843009213693973:3,Symbolica_default,cached_powers_Q,9,10,0.421,BalancedZippelSeparated
fire7_nb0_rank2519,Automatic,1,ok,405.122,50,2,1,0,0,2305843009213693967:47;2305843009213693973:3,Symbolica_default,cached_powers_Q,12,4,0.395,BalancedZippelSeparated
fire7_nb0_rank2520,Automatic,1,ok,488.942,54,2,1,0,0,2305843009213693967:51;2305843009213693973:3,Symbolica_default,cached_powers_Q,9,10,0.564,BalancedZippelSeparated
fire7_nb0_rank2521,Automatic,1,ok,661.883,46,2,1,0,0,2305843009213693967:43;2305843009213693973:3,Symbolica_default,cached_powers_Q,12,2,0.374,BalancedZippelSeparated
fire7_nb0_rank2522,Automatic,1,ok,395.361,47,2,1,0,0,2305843009213693967:44;2305843009213693973:3,Symbolica_default,cached_powers_Q,12,4,0.593,BalancedZippelSeparated
fire7_nb0_rank2523,Automatic,1,ok,436.372,50,2,1,0,0,2305843009213693967:47;2305843009213693973:3,Symbolica_default,cached_powers_Q,12,4,0.539,BalancedZippelSeparated
fire7_nb0_rank2524,Automatic,1,ok,346.321,51,2,1,0,0,2305843009213693967:48;2305843009213693973:3,Symbolica_default,cached_powers_Q,10,2,0.377,BalancedZippelSeparated
fire7_nb0_rank2525,Automatic,1,ok,416.302,46,2,1,0,0,2305843009213693967:43;2305843009213693973:3,Symbolica_default,cached_powers_Q,12,4,0.414,BalancedZippelSeparated
fire7_nb0_rank2526,Automatic,1,ok,371.481,55,2,1,0,0,2305843009213693967:52;2305843009213693973:3,Symbolica_default,cached_powers_Q,7,5,0.669,BalancedZippelSeparated
fire7_nb0_rank2527,Automatic,1,ok,510.973,46,2,1,0,0,2305843009213693967:43;2305843009213693973:3,Symbolica_default,cached_powers_Q,9,9,0.672,BalancedZippelSeparated
fire7_nb0_rank2528,Automatic,1,ok,522.552,54,2,1,0,0,2305843009213693967:51;2305843009213693973:3,Symbolica_default,cached_powers_Q,9,10,0.692,BalancedZippelSeparated
fire7_nb0_rank2529,Automatic,1,ok,437.212,47,2,1,0,0,2305843009213693967:44;2305843009213693973:3,Symbolica_default,cached_powers_Q,12,3,0.639,BalancedZippelSeparated
fire7_nb0_rank2530,Automatic,1,ok,473.492,46,2,1,0,0,2305843009213693967:43;2305843009213693973:3,Symbolica_default,cached_powers_Q,10,4,0.611,BalancedZippelSeparated
fire7_nb0_rank2531,Automatic,1,ok,436.662,46,2,1,0,0,2305843009213693967:43;2305843009213693973:3,Symbolica_default,cached_powers_Q,10,4,0.629,BalancedZippelSeparated
fire7_nb0_rank2532,Automatic,1,ok,525.751,46,2,1,0,0,2305843009213693967:43;2305843009213693973:3,Symbolica_default,cached_powers_Q,12,2,0.368,BalancedZippelSeparated
fire7_nb0_rank2533,Automatic,1,ok,400.742,64,2,1,0,0,2305843009213693967:61;2305843009213693973:3,Symbolica_default,cached_powers_Q,3,14,0.497,BalancedZippelSeparated
fire7_nb0_rank2534,Automatic,1,ok,704.982,46,2,1,0,0,2305843009213693967:43;2305843009213693973:3,Symbolica_default,cached_powers_Q,8,6,0.379,BalancedZippelSeparated
fire7_nb0_rank2535,Automatic,1,ok,586.542,64,2,1,0,0,2305843009213693967:61;2305843009213693973:3,Symbolica_default,cached_powers_Q,3,14,0.421,BalancedZippelSeparated
fire7_nb0_rank2536,Automatic,1,ok,416.151,44,2,1,0,0,2305843009213693967:41;2305843009213693973:3,Symbolica_default,cached_powers_Q,9,4,0.640,BalancedZippelSeparated
fire7_nb0_rank2537,Automatic,1,ok,517.282,46,2,1,0,0,2305843009213693967:43;2305843009213693973:3,Symbolica_default,cached_powers_Q,8,6,0.639,BalancedZippelSeparated
fire7_nb0_rank2538,Automatic,1,ok,387.452,57,2,1,0,0,2305843009213693967:54;2305843009213693973:3,Symbolica_default,cached_powers_Q,5,6,0.671,BalancedZippelSeparated
fire7_nb0_rank2539,Automatic,1,ok,487.922,60,2,1,0,0,2305843009213693967:57;2305843009213693973:3,Symbolica_default,cached_powers_Q,12,6,0.385,BalancedZippelSeparated
fire7_nb0_rank2540,Automatic,1,ok,350.891,46,2,1,0,0,2305843009213693967:43;2305843009213693973:3,Symbolica_default,cached_powers_Q,9,4,0.665,BalancedZippelSeparated
fire7_nb0_rank2541,Automatic,1,ok,420.541,57,2,1,0,0,2305843009213693967:54;2305843009213693973:3,Symbolica_default,cached_powers_Q,4,10,0.427,BalancedZippelSeparated
fire7_nb0_rank2542,Automatic,1,ok,443.792,60,2,1,0,0,2305843009213693967:57;2305843009213693973:3,Symbolica_default,cached_powers_Q,12,6,0.682,BalancedZippelSeparated
fire7_nb0_rank2543,Automatic,1,ok,415.532,45,2,1,0,0,2305843009213693967:42;2305843009213693973:3,Symbolica_default,cached_powers_Q,10,4,0.558,BalancedZippelSeparated
fire7_nb0_rank2544,Automatic,1,ok,651.593,45,2,1,0,0,2305843009213693967:42;2305843009213693973:3,Symbolica_default,cached_powers_Q,10,4,0.406,BalancedZippelSeparated
fire7_nb0_rank2545,Automatic,1,ok,405.531,50,2,1,0,0,2305843009213693967:47;2305843009213693973:3,Symbolica_default,cached_powers_Q,8,6,0.636,BalancedZippelSeparated
fire7_nb0_rank2546,Automatic,1,ok,463.662,50,2,1,0,0,2305843009213693967:47;2305843009213693973:3,Symbolica_default,cached_powers_Q,8,6,0.366,BalancedZippelSeparated
fire7_nb0_rank2547,Automatic,1,ok,521.082,54,2,1,0,0,2305843009213693967:51;2305843009213693973:3,Symbolica_default,cached_powers_Q,10,6,0.651,BalancedZippelSeparated
fire7_nb0_rank2548,Automatic,1,ok,466.651,44,2,1,0,0,2305843009213693967:41;2305843009213693973:3,Symbolica_default,cached_powers_Q,8,6,0.405,BalancedZippelSeparated
fire7_nb0_rank2549,Automatic,1,ok,324.031,57,2,1,0,0,2305843009213693967:54;2305843009213693973:3,Symbolica_default,cached_powers_Q,12,3,0.385,BalancedZippelSeparated
fire7_nb0_rank2550,Automatic,1,ok,673.512,73,2,1,0,0,2305843009213693967:70;2305843009213693973:3,Symbolica_default,cached_powers_Q,9,7,0.407,BalancedZippelSeparated
fire7_nb0_rank2551,Automatic,1,ok,747.633,67,2,1,0,0,2305843009213693967:64;2305843009213693973:3,Symbolica_default,cached_powers_Q,9,7,0.437,BalancedZippelSeparated
fire7_nb0_rank2552,Automatic,1,ok,716.712,46,2,1,0,0,2305843009213693967:43;2305843009213693973:3,Symbolica_default,cached_powers_Q,9,6,0.377,BalancedZippelSeparated
fire7_nb0_rank2553,Automatic,1,ok,624.502,47,2,1,0,0,2305843009213693967:44;2305843009213693973:3,Symbolica_default,cached_powers_Q,10,3,0.402,BalancedZippelSeparated
fire7_nb0_rank2554,Automatic,1,ok,368.381,46,2,1,0,0,2305843009213693967:43;2305843009213693973:3,Symbolica_default,cached_powers_Q,11,2,0.645,BalancedZippelSeparated
fire7_nb0_rank2555,Automatic,1,ok,759.833,50,2,1,0,0,2305843009213693967:47;2305843009213693973:3,Symbolica_default,cached_powers_Q,8,6,0.401,BalancedZippelSeparated
fire7_nb0_rank2556,Automatic,1,ok,360.061,47,2,1,0,0,2305843009213693967:44;2305843009213693973:3,Symbolica_default,cached_powers_Q,10,3,0.386,BalancedZippelSeparated
fire7_nb0_rank2557,Automatic,1,ok,354.021,47,2,1,0,0,2305843009213693967:44;2305843009213693973:3,Symbolica_default,cached_powers_Q,10,3,0.399,BalancedZippelSeparated
fire7_nb0_rank2558,Automatic,1,ok,610.923,43,2,1,0,0,2305843009213693967:40;2305843009213693973:3,Symbolica_default,cached_powers_Q,12,3,0.410,BalancedZippelSeparated
fire7_nb0_rank2559,Automatic,1,ok,379.022,43,2,1,0,0,2305843009213693967:40;2305843009213693973:3,Symbolica_default,cached_powers_Q,12,3,0.695,BalancedZippelSeparated
fire7_nb0_rank2560,Automatic,1,ok,631.483,47,2,1,0,0,2305843009213693967:44;2305843009213693973:3,Symbolica_default,cached_powers_Q,10,3,0.406,BalancedZippelSeparated
fire7_nb0_rank2561,Automatic,1,ok,565.452,43,2,1,0,0,2305843009213693967:40;2305843009213693973:3,Symbolica_default,cached_powers_Q,12,3,0.427,BalancedZippelSeparated
fire7_nb0_rank2562,Automatic,1,ok,396.721,47,2,1,0,0,2305843009213693967:44;2305843009213693973:3,Symbolica_default,cached_powers_Q,4,9,0.636,BalancedZippelSeparated
fire7_nb0_rank2563,Automatic,1,ok,630.022,51,2,1,0,0,2305843009213693967:48;2305843009213693973:3,Symbolica_default,cached_powers_Q,6,10,0.625,BalancedZippelSeparated
fire7_nb0_rank2564,Automatic,1,ok,460.012,45,2,1,0,0,2305843009213693967:42;2305843009213693973:3,Symbolica_default,cached_powers_Q,12,4,0.411,BalancedZippelSeparated
fire7_nb0_rank2565,Automatic,1,ok,417.682,51,2,1,0,0,2305843009213693967:48;2305843009213693973:3,Symbolica_default,cached_powers_Q,6,10,0.607,BalancedZippelSeparated
fire7_nb0_rank2566,Automatic,1,ok,383.112,61,2,1,0,0,2305843009213693967:58;2305843009213693973:3,Symbolica_default,cached_powers_Q,4,12,0.595,BalancedZippelSeparated
fire7_nb0_rank2567,Automatic,1,ok,424.592,46,2,1,0,0,2305843009213693967:43;2305843009213693973:3,Symbolica_default,cached_powers_Q,9,6,0.644,BalancedZippelSeparated
fire7_nb0_rank2568,Automatic,1,ok,432.552,46,2,1,0,0,2305843009213693967:43;2305843009213693973:3,Symbolica_default,cached_powers_Q,9,6,0.650,BalancedZippelSeparated
fire7_nb0_rank2569,Automatic,1,ok,472.612,54,2,1,0,0,2305843009213693967:51;2305843009213693973:3,Symbolica_default,cached_powers_Q,10,4,0.528,BalancedZippelSeparated
fire7_nb0_rank2570,Automatic,1,ok,606.313,48,2,1,0,0,2305843009213693967:45;2305843009213693973:3,Symbolica_default,cached_powers_Q,10,3,0.394,BalancedZippelSeparated
fire7_nb0_rank2571,Automatic,1,ok,531.462,54,2,1,0,0,2305843009213693967:51;2305843009213693973:3,Symbolica_default,cached_powers_Q,9,10,0.617,BalancedZippelSeparated
fire7_nb0_rank2572,Automatic,1,ok,713.453,65,2,1,0,0,2305843009213693967:62;2305843009213693973:3,Symbolica_default,cached_powers_Q,9,7,0.421,BalancedZippelSeparated
fire7_nb0_rank2573,Automatic,1,ok,632.192,61,2,1,0,0,2305843009213693967:58;2305843009213693973:3,Symbolica_default,cached_powers_Q,4,12,0.359,BalancedZippelSeparated
fire7_nb0_rank2574,Automatic,1,ok,547.382,47,2,1,0,0,2305843009213693967:44;2305843009213693973:3,Symbolica_default,cached_powers_Q,10,3,0.390,BalancedZippelSeparated
fire7_nb0_rank2575,Automatic,1,ok,324.361,47,2,1,0,0,2305843009213693967:44;2305843009213693973:3,Symbolica_default,cached_powers_Q,10,3,0.397,BalancedZippelSeparated
fire7_nb0_rank2576,Automatic,1,ok,636.042,57,2,1,0,0,2305843009213693967:54;2305843009213693973:3,Symbolica_default,cached_powers_Q,5,6,0.397,BalancedZippelSeparated
fire7_nb0_rank2577,Automatic,1,ok,367.542,57,2,1,0,0,2305843009213693967:54;2305843009213693973:3,Symbolica_default,cached_powers_Q,5,6,0.686,BalancedZippelSeparated
fire7_nb0_rank2578,Automatic,1,ok,419.832,47,2,1,0,0,2305843009213693967:44;2305843009213693973:3,Symbolica_default,cached_powers_Q,9,9,0.420,BalancedZippelSeparated
fire7_nb0_rank2579,Automatic,1,ok,813.123,54,2,1,0,0,2305843009213693967:51;2305843009213693973:3,Symbolica_default,cached_powers_Q,9,10,0.387,BalancedZippelSeparated
fire7_nb0_rank2580,Automatic,1,ok,656.432,47,2,1,0,0,2305843009213693967:44;2305843009213693973:3,Symbolica_default,cached_powers_Q,4,9,0.371,BalancedZippelSeparated
fire7_nb0_rank2581,Automatic,1,ok,750.723,46,2,1,0,0,2305843009213693967:43;2305843009213693973:3,Symbolica_default,cached_powers_Q,9,6,0.381,BalancedZippelSeparated
fire7_nb0_rank2582,Automatic,1,ok,344.631,46,2,1,0,0,2305843009213693967:43;2305843009213693973:3,Symbolica_default,cached_powers_Q,4,9,0.680,BalancedZippelSeparated
fire7_nb0_rank2583,Automatic,1,ok,370.882,46,2,1,0,0,2305843009213693967:43;2305843009213693973:3,Symbolica_default,cached_powers_Q,4,9,0.408,BalancedZippelSeparated
fire7_nb0_rank2584,Automatic,1,ok,354.172,45,2,1,0,0,2305843009213693967:42;2305843009213693973:3,Symbolica_default,cached_powers_Q,10,3,0.678,BalancedZippelSeparated
fire7_nb0_rank2585,Automatic,1,ok,432.872,44,2,1,0,0,2305843009213693967:41;2305843009213693973:3,Symbolica_default,cached_powers_Q,8,6,0.417,BalancedZippelSeparated
fire7_nb0_rank2586,Automatic,1,ok,647.002,47,2,1,0,0,2305843009213693967:44;2305843009213693973:3,Symbolica_default,cached_powers_Q,4,9,0.393,BalancedZippelSeparated
fire7_nb0_rank2587,Automatic,1,ok,552.332,65,2,1,0,0,2305843009213693967:62;2305843009213693973:3,Symbolica_default,cached_powers_Q,12,5,0.647,BalancedZippelSeparated
fire7_nb0_rank2588,Automatic,1,ok,418.681,58,2,1,0,0,2305843009213693967:55;2305843009213693973:3,Symbolica_default,cached_powers_Q,12,4,0.712,BalancedZippelSeparated
fire7_nb0_rank2589,Automatic,1,ok,623.592,61,2,1,0,0,2305843009213693967:58;2305843009213693973:3,Symbolica_default,cached_powers_Q,4,12,0.391,BalancedZippelSeparated
fire7_nb0_rank2590,Automatic,1,ok,360.111,52,2,1,0,0,2305843009213693967:49;2305843009213693973:3,Symbolica_default,cached_powers_Q,5,9,0.684,BalancedZippelSeparated
fire7_nb0_rank2591,Automatic,1,ok,462.642,49,2,1,0,0,2305843009213693967:46;2305843009213693973:3,Symbolica_default,cached_powers_Q,8,6,0.621,BalancedZippelSeparated
fire7_nb0_rank2592,Automatic,1,ok,637.152,52,2,1,0,0,2305843009213693967:49;2305843009213693973:3,Symbolica_default,cached_powers_Q,5,9,0.407,BalancedZippelSeparated
fire7_nb0_rank2593,Automatic,1,ok,376.492,49,2,1,0,0,2305843009213693967:46;2305843009213693973:3,Symbolica_default,cached_powers_Q,8,6,0.424,BalancedZippelSeparated
fire7_nb0_rank2594,Automatic,1,ok,347.821,52,2,1,0,0,2305843009213693967:49;2305843009213693973:3,Symbolica_default,cached_powers_Q,5,9,0.372,BalancedZippelSeparated
fire7_nb0_rank2595,Automatic,1,ok,345.551,52,2,1,0,0,2305843009213693967:49;2305843009213693973:3,Symbolica_default,cached_powers_Q,5,9,0.412,BalancedZippelSeparated
fire7_nb0_rank2596,Automatic,1,ok,384.932,49,2,1,0,0,2305843009213693967:46;2305843009213693973:3,Symbolica_default,cached_powers_Q,8,6,0.641,BalancedZippelSeparated
fire7_nb0_rank2597,Automatic,1,ok,628.802,49,2,1,0,0,2305843009213693967:46;2305843009213693973:3,Symbolica_default,cached_powers_Q,8,6,0.400,BalancedZippelSeparated
fire7_nb0_rank2598,Automatic,1,ok,430.441,57,2,1,0,0,2305843009213693967:54;2305843009213693973:3,Symbolica_default,cached_powers_Q,12,4,0.693,BalancedZippelSeparated
fire7_nb0_rank2599,Automatic,1,ok,390.611,61,2,1,0,0,2305843009213693967:58;2305843009213693973:3,Symbolica_default,cached_powers_Q,4,12,0.594,BalancedZippelSeparated
fire7_nb0_rank2600,Automatic,1,ok,416.291,49,2,1,0,0,2305843009213693967:46;2305843009213693973:3,Symbolica_default,cached_powers_Q,8,6,0.379,BalancedZippelSeparated
fire7_nb0_rank2601,Automatic,1,ok,429.552,48,2,1,0,0,2305843009213693967:45;2305843009213693973:3,Symbolica_default,cached_powers_Q,8,6,0.604,BalancedZippelSeparated
fire7_nb0_rank2602,Automatic,1,ok,631.532,51,2,1,0,0,2305843009213693967:48;2305843009213693973:3,Symbolica_default,cached_powers_Q,3,10,0.376,BalancedZippelSeparated
fire7_nb0_rank2603,Automatic,1,ok,427.821,46,2,1,0,0,2305843009213693967:43;2305843009213693973:3,Symbolica_default,cached_powers_Q,8,3,0.607,BalancedZippelSeparated
fire7_nb0_rank2604,Automatic,1,ok,444.832,49,2,1,0,0,2305843009213693967:46;2305843009213693973:3,Symbolica_default,cached_powers_Q,8,6,0.676,BalancedZippelSeparated
fire7_nb0_rank2605,Automatic,1,ok,421.231,49,2,1,0,0,2305843009213693967:46;2305843009213693973:3,Symbolica_default,cached_powers_Q,8,6,0.653,BalancedZippelSeparated
fire7_nb0_rank2606,Automatic,1,ok,387.501,46,2,1,0,0,2305843009213693967:43;2305843009213693973:3,Symbolica_default,cached_powers_Q,8,3,0.595,BalancedZippelSeparated
fire7_nb0_rank2607,Automatic,1,ok,645.362,45,2,1,0,0,2305843009213693967:42;2305843009213693973:3,Symbolica_default,cached_powers_Q,9,4,0.395,BalancedZippelSeparated
fire7_nb0_rank2608,Automatic,1,ok,366.401,47,2,1,0,0,2305843009213693967:44;2305843009213693973:3,Symbolica_default,cached_powers_Q,8,6,0.410,BalancedZippelSeparated
fire7_nb0_rank2609,Automatic,1,ok,380.451,47,2,1,0,0,2305843009213693967:44;2305843009213693973:3,Symbolica_default,cached_powers_Q,8,6,0.654,BalancedZippelSeparated
fire7_nb0_rank2610,Automatic,1,ok,385.562,46,2,1,0,0,2305843009213693967:43;2305843009213693973:3,Symbolica_default,cached_powers_Q,12,2,0.367,BalancedZippelSeparated
fire7_nb0_rank2611,Automatic,1,ok,637.542,48,2,1,0,0,2305843009213693967:45;2305843009213693973:3,Symbolica_default,cached_powers_Q,12,2,0.396,BalancedZippelSeparated
fire7_nb0_rank2612,Automatic,1,ok,374.232,55,2,1,0,0,2305843009213693967:52;2305843009213693973:3,Symbolica_default,cached_powers_Q,12,2,0.369,BalancedZippelSeparated
fire7_nb0_rank2613,Automatic,1,ok,557.492,50,2,1,0,0,2305843009213693967:47;2305843009213693973:3,Symbolica_default,cached_powers_Q,6,4,0.354,BalancedZippelSeparated
fire7_nb0_rank2614,Automatic,1,ok,574.071,48,2,1,0,0,2305843009213693967:45;2305843009213693973:3,Symbolica_default,cached_powers_Q,4,9,0.353,BalancedZippelSeparated
fire7_nb0_rank2615,Automatic,1,ok,380.441,45,2,1,0,0,2305843009213693967:42;2305843009213693973:3,Symbolica_default,cached_powers_Q,11,3,0.332,BalancedZippelSeparated
fire7_nb0_rank2616,Automatic,1,ok,328.732,44,2,1,0,0,2305843009213693967:41;2305843009213693973:3,Symbolica_default,cached_powers_Q,12,2,0.524,BalancedZippelSeparated
fire7_nb0_rank2617,Automatic,1,ok,280.171,46,2,1,0,0,2305843009213693967:43;2305843009213693973:3,Symbolica_default,cached_powers_Q,4,9,0.525,BalancedZippelSeparated
fire7_nb0_rank2618,Automatic,1,ok,338.091,46,2,1,0,0,2305843009213693967:43;2305843009213693973:3,Symbolica_default,cached_powers_Q,4,9,0.578,BalancedZippelSeparated
fire7_nb0_rank2619,Automatic,1,ok,623.712,51,2,1,0,0,2305843009213693967:48;2305843009213693973:3,Symbolica_default,cached_powers_Q,6,10,0.340,BalancedZippelSeparated
fire7_nb0_rank2620,Automatic,1,ok,598.543,49,2,1,0,0,2305843009213693967:46;2305843009213693973:3,Symbolica_default,cached_powers_Q,6,10,0.332,BalancedZippelSeparated
fire7_nb0_rank2621,Automatic,1,ok,653.343,49,2,1,0,0,2305843009213693967:46;2305843009213693973:3,Symbolica_default,cached_powers_Q,10,8,0.590,BalancedZippelSeparated
fire7_nb0_rank2622,Automatic,1,ok,317.321,55,2,1,0,0,2305843009213693967:52;2305843009213693973:3,Symbolica_default,cached_powers_Q,7,4,0.649,BalancedZippelSeparated
fire7_nb0_rank2623,Automatic,1,ok,621.072,46,2,1,0,0,2305843009213693967:43;2305843009213693973:3,Symbolica_default,cached_powers_Q,4,9,0.365,BalancedZippelSeparated
fire7_nb0_rank2624,Automatic,1,ok,461.361,51,2,1,0,0,2305843009213693967:48;2305843009213693973:3,Symbolica_default,cached_powers_Q,12,4,0.780,BalancedZippelSeparated
fire7_nb0_rank2625,Automatic,1,ok,681.123,47,2,1,0,0,2305843009213693967:44;2305843009213693973:3,Symbolica_default,cached_powers_Q,9,6,0.392,BalancedZippelSeparated
fire7_nb0_rank2626,Automatic,1,ok,532.062,45,2,1,0,0,2305843009213693967:42;2305843009213693973:3,Symbolica_default,cached_powers_Q,9,6,0.381,BalancedZippelSeparated
fire7_nb0_rank2627,Automatic,1,ok,680.992,45,2,1,0,0,2305843009213693967:42;2305843009213693973:3,Symbolica_default,cached_powers_Q,9,6,0.379,BalancedZippelSeparated
fire7_nb0_rank2628,Automatic,1,ok,638.022,45,2,1,0,0,2305843009213693967:42;2305843009213693973:3,Symbolica_default,cached_powers_Q,12,2,0.368,BalancedZippelSeparated
fire7_nb0_rank2629,Automatic,1,ok,628.822,46,2,1,0,0,2305843009213693967:43;2305843009213693973:3,Symbolica_default,cached_powers_Q,6,6,0.369,BalancedZippelSeparated
fire7_nb0_rank2630,Automatic,1,ok,634.833,49,2,1,0,0,2305843009213693967:46;2305843009213693973:3,Symbolica_default,cached_powers_Q,6,8,0.397,BalancedZippelSeparated
fire7_nb0_rank2631,Automatic,1,ok,391.051,55,2,1,0,0,2305843009213693967:52;2305843009213693973:3,Symbolica_default,cached_powers_Q,4,10,0.610,BalancedZippelSeparated
fire7_nb0_rank2632,Automatic,1,ok,358.712,46,2,1,0,0,2305843009213693967:43;2305843009213693973:3,Symbolica_default,cached_powers_Q,7,3,0.639,BalancedZippelSeparated
fire7_nb0_rank2633,Automatic,1,ok,599.552,51,2,1,0,0,2305843009213693967:48;2305843009213693973:3,Symbolica_default,cached_powers_Q,10,4,0.365,BalancedZippelSeparated
fire7_nb0_rank2634,Automatic,1,ok,397.971,60,2,1,0,0,2305843009213693967:57;2305843009213693973:3,Symbolica_default,cached_powers_Q,10,6,0.633,BalancedZippelSeparated
fire7_nb0_rank2635,Automatic,1,ok,468.262,48,2,1,0,0,2305843009213693967:45;2305843009213693973:3,Symbolica_default,cached_powers_Q,10,4,0.651,BalancedZippelSeparated
fire7_nb0_rank2636,Automatic,1,ok,409.762,49,2,1,0,0,2305843009213693967:46;2305843009213693973:3,Symbolica_default,cached_powers_Q,8,4,0.364,BalancedZippelSeparated
fire7_nb0_rank2637,Automatic,1,ok,423.941,46,2,1,0,0,2305843009213693967:43;2305843009213693973:3,Symbolica_default,cached_powers_Q,7,3,0.595,BalancedZippelSeparated
fire7_nb0_rank2638,Automatic,1,ok,624.512,47,2,1,0,0,2305843009213693967:44;2305843009213693973:3,Symbolica_default,cached_powers_Q,8,6,0.390,BalancedZippelSeparated
fire7_nb0_rank2639,Automatic,1,ok,339.801,49,2,1,0,0,2305843009213693967:46;2305843009213693973:3,Symbolica_default,cached_powers_Q,3,10,0.339,BalancedZippelSeparated
fire7_nb0_rank2640,Automatic,1,ok,333.011,46,2,1,0,0,2305843009213693967:43;2305843009213693973:3,Symbolica_default,cached_powers_Q,4,9,0.399,BalancedZippelSeparated
fire7_nb0_rank2641,Automatic,1,ok,632.662,50,2,1,0,0,2305843009213693967:47;2305843009213693973:3,Symbolica_default,cached_powers_Q,4,10,0.391,BalancedZippelSeparated
fire7_nb0_rank2642,Automatic,1,ok,795.503,65,2,1,0,0,2305843009213693967:62;2305843009213693973:3,Symbolica_default,cached_powers_Q,12,3,0.400,BalancedZippelSeparated
fire7_nb0_rank2643,Automatic,1,ok,640.682,50,2,1,0,0,2305843009213693967:47;2305843009213693973:3,Symbolica_default,cached_powers_Q,10,4,0.397,BalancedZippelSeparated
fire7_nb0_rank2644,Automatic,1,ok,710.832,47,2,1,0,0,2305843009213693967:44;2305843009213693973:3,Symbolica_default,cached_powers_Q,9,6,0.389,BalancedZippelSeparated
fire7_nb0_rank2645,Automatic,1,ok,704.812,60,2,1,0,0,2305843009213693967:57;2305843009213693973:3,Symbolica_default,cached_powers_Q,9,5,0.376,BalancedZippelSeparated
fire7_nb0_rank2646,Automatic,1,ok,687.822,63,2,1,0,0,2305843009213693967:60;2305843009213693973:3,Symbolica_default,cached_powers_Q,12,5,0.381,BalancedZippelSeparated
fire7_nb0_rank2647,Automatic,1,ok,607.513,50,2,1,0,0,2305843009213693967:47;2305843009213693973:3,Symbolica_default,cached_powers_Q,4,10,0.340,BalancedZippelSeparated
fire7_nb0_rank2648,Automatic,1,ok,564.282,60,2,1,0,0,2305843009213693967:57;2305843009213693973:3,Symbolica_default,cached_powers_Q,9,5,0.339,BalancedZippelSeparated
fire7_nb0_rank2649,Automatic,1,ok,616.462,45,2,1,0,0,2305843009213693967:42;2305843009213693973:3,Symbolica_default,cached_powers_Q,9,6,0.301,BalancedZippelSeparated
fire7_nb0_rank2650,Automatic,1,ok,639.582,45,2,1,0,0,2305843009213693967:42;2305843009213693973:3,Symbolica_default,cached_powers_Q,9,6,0.372,BalancedZippelSeparated
fire7_nb0_rank2651,Automatic,1,ok,580.443,48,2,1,0,0,2305843009213693967:45;2305843009213693973:3,Symbolica_default,cached_powers_Q,9,3,0.364,BalancedZippelSeparated
fire7_nb0_rank2652,Automatic,1,ok,637.803,45,2,1,0,0,2305843009213693967:42;2305843009213693973:3,Symbolica_default,cached_powers_Q,9,6,0.407,BalancedZippelSeparated
fire7_nb0_rank2653,Automatic,1,ok,457.271,45,2,1,0,0,2305843009213693967:42;2305843009213693973:3,Symbolica_default,cached_powers_Q,9,6,0.376,BalancedZippelSeparated
fire7_nb0_rank2654,Automatic,1,ok,327.151,48,2,1,0,0,2305843009213693967:45;2305843009213693973:3,Symbolica_default,cached_powers_Q,9,3,0.617,BalancedZippelSeparated
fire7_nb0_rank2655,Automatic,1,ok,385.031,45,2,1,0,0,2305843009213693967:42;2305843009213693973:3,Symbolica_default,cached_powers_Q,9,6,0.540,BalancedZippelSeparated
fire7_nb0_rank2656,Automatic,1,ok,594.332,44,2,1,0,0,2305843009213693967:41;2305843009213693973:3,Symbolica_default,cached_powers_Q,6,6,0.310,BalancedZippelSeparated
fire7_nb0_rank2657,Automatic,1,ok,312.781,51,2,1,0,0,2305843009213693967:48;2305843009213693973:3,Symbolica_default,cached_powers_Q,12,4,0.551,BalancedZippelSeparated
fire7_nb0_rank2658,Automatic,1,ok,336.361,51,2,1,0,0,2305843009213693967:48;2305843009213693973:3,Symbolica_default,cached_powers_Q,12,4,0.532,BalancedZippelSeparated
fire7_nb0_rank2659,Automatic,1,ok,320.221,50,2,1,0,0,2305843009213693967:47;2305843009213693973:3,Symbolica_default,cached_powers_Q,4,10,0.338,BalancedZippelSeparated
fire7_nb0_rank2660,Automatic,1,ok,717.833,57,2,1,0,0,2305843009213693967:54;2305843009213693973:3,Symbolica_default,cached_powers_Q,10,5,0.408,BalancedZippelSeparated
fire7_nb0_rank2661,Automatic,1,ok,695.612,50,2,1,0,0,2305843009213693967:47;2305843009213693973:3,Symbolica_default,cached_powers_Q,6,10,0.342,BalancedZippelSeparated
fire7_nb0_rank2662,Automatic,1,ok,330.592,41,2,1,0,0,2305843009213693967:38;2305843009213693973:3,Symbolica_default,cached_powers_Q,9,2,0.380,BalancedZippelSeparated
fire7_nb0_rank2663,Automatic,1,ok,375.062,45,2,1,0,0,2305843009213693967:42;2305843009213693973:3,Symbolica_default,cached_powers_Q,9,2,0.369,BalancedZippelSeparated
fire7_nb0_rank2664,Automatic,1,ok,579.262,44,2,1,0,0,2305843009213693967:41;2305843009213693973:3,Symbolica_default,cached_powers_Q,5,8,0.370,BalancedZippelSeparated
fire7_nb0_rank2665,Automatic,1,ok,634.022,49,2,1,0,0,2305843009213693967:46;2305843009213693973:3,Symbolica_default,cached_powers_Q,9,3,0.387,BalancedZippelSeparated
fire7_nb0_rank2666,Automatic,1,ok,331.392,44,2,1,0,0,2305843009213693967:41;2305843009213693973:3,Symbolica_default,cached_powers_Q,5,8,0.633,BalancedZippelSeparated
fire7_nb0_rank2667,Automatic,1,ok,537.822,59,2,1,0,0,2305843009213693967:56;2305843009213693973:3,Symbolica_default,cached_powers_Q,10,5,0.606,BalancedZippelSeparated
fire7_nb0_rank2668,Automatic,1,ok,573.582,49,2,1,0,0,2305843009213693967:46;2305843009213693973:3,Symbolica_default,cached_powers_Q,9,3,0.367,BalancedZippelSeparated
fire7_nb0_rank2669,Automatic,1,ok,500.362,59,2,1,0,0,2305843009213693967:56;2305843009213693973:3,Symbolica_default,cached_powers_Q,10,5,0.353,BalancedZippelSeparated
fire7_nb0_rank2670,Automatic,1,ok,484.072,55,2,1,0,0,2305843009213693967:52;2305843009213693973:3,Symbolica_default,cached_powers_Q,10,5,0.647,BalancedZippelSeparated
fire7_nb0_rank2671,Automatic,1,ok,309.621,44,2,1,0,0,2305843009213693967:41;2305843009213693973:3,Symbolica_default,cached_powers_Q,10,4,0.338,BalancedZippelSeparated
fire7_nb0_rank2672,Automatic,1,ok,658.292,62,2,1,0,0,2305843009213693967:59;2305843009213693973:3,Symbolica_default,cached_powers_Q,9,6,0.565,BalancedZippelSeparated
fire7_nb0_rank2673,Automatic,1,ok,355.371,44,2,1,0,0,2305843009213693967:41;2305843009213693973:3,Symbolica_default,cached_powers_Q,9,6,0.366,BalancedZippelSeparated
fire7_nb0_rank2674,Automatic,1,ok,338.241,45,2,1,0,0,2305843009213693967:42;2305843009213693973:3,Symbolica_default,cached_powers_Q,8,2,0.370,BalancedZippelSeparated
fire7_nb0_rank2675,Automatic,1,ok,636.932,45,2,1,0,0,2305843009213693967:42;2305843009213693973:3,Symbolica_default,cached_powers_Q,9,6,0.333,BalancedZippelSeparated
fire7_nb0_rank2676,Automatic,1,ok,636.022,55,2,1,0,0,2305843009213693967:52;2305843009213693973:3,Symbolica_default,cached_powers_Q,10,5,0.381,BalancedZippelSeparated
fire7_nb0_rank2677,Automatic,1,ok,280.510,50,2,1,0,0,2305843009213693967:47;2305843009213693973:3,Symbolica_default,cached_powers_Q,6,3,0.364,BalancedZippelSeparated
fire7_nb0_rank2678,Automatic,1,ok,309.911,51,2,1,0,0,2305843009213693967:48;2305843009213693973:3,Symbolica_default,cached_powers_Q,3,10,0.544,BalancedZippelSeparated
fire7_nb0_rank2679,Automatic,1,ok,483.182,46,2,1,0,0,2305843009213693967:43;2305843009213693973:3,Symbolica_default,cached_powers_Q,6,6,0.329,BalancedZippelSeparated
fire7_nb0_rank2680,Automatic,1,ok,310.182,50,2,1,0,0,2305843009213693967:47;2305843009213693973:3,Symbolica_default,cached_powers_Q,10,3,0.275,BalancedZippelSeparated
fire7_nb0_rank2681,Automatic,1,ok,665.043,62,2,1,0,0,2305843009213693967:59;2305843009213693973:3,Symbolica_default,cached_powers_Q,10,5,0.472,BalancedZippelSeparated
fire7_nb0_rank2682,Automatic,1,ok,623.012,67,2,1,0,0,2305843009213693967:64;2305843009213693973:3,Symbolica_default,cached_powers_Q,9,4,0.365,BalancedZippelSeparated
fire7_nb0_rank2683,Automatic,1,ok,618.493,51,2,1,0,0,2305843009213693967:48;2305843009213693973:3,Symbolica_default,cached_powers_Q,3,10,0.395,BalancedZippelSeparated
fire7_nb0_rank2684,Automatic,1,ok,492.352,45,2,1,0,0,2305843009213693967:42;2305843009213693973:3,Symbolica_default,cached_powers_Q,9,6,0.395,BalancedZippelSeparated
fire7_nb0_rank2685,Automatic,1,ok,346.372,43,2,1,0,0,2305843009213693967:40;2305843009213693973:3,Symbolica_default,cached_powers_Q,9,6,0.369,BalancedZippelSeparated
fire7_nb0_rank2686,Automatic,1,ok,340.561,51,2,1,0,0,2305843009213693967:48;2305843009213693973:3,Symbolica_default,cached_powers_Q,12,2,0.368,BalancedZippelSeparated
fire7_nb0_rank2687,Automatic,1,ok,308.801,44,2,1,0,0,2305843009213693967:41;2305843009213693973:3,Symbolica_default,cached_powers_Q,4,9,0.300,BalancedZippelSeparated
fire7_nb0_rank2688,Automatic,1,ok,615.102,49,2,1,0,0,2305843009213693967:46;2305843009213693973:3,Symbolica_default,cached_powers_Q,10,4,0.329,BalancedZippelSeparated
fire7_nb0_rank2689,Automatic,1,ok,331.872,48,2,1,0,0,2305843009213693967:45;2305843009213693973:3,Symbolica_default,cached_powers_Q,8,6,0.523,BalancedZippelSeparated
fire7_nb0_rank2690,Automatic,1,ok,467.601,43,2,1,0,0,2305843009213693967:40;2305843009213693973:3,Symbolica_default,cached_powers_Q,9,6,0.501,BalancedZippelSeparated
fire7_nb0_rank2691,Automatic,1,ok,480.781,44,2,1,0,0,2305843009213693967:41;2305843009213693973:3,Symbolica_default,cached_powers_Q,4,9,0.295,BalancedZippelSeparated
fire7_nb0_rank2692,Automatic,1,ok,526.732,43,2,1,0,0,2305843009213693967:40;2305843009213693973:3,Symbolica_default,cached_powers_Q,9,6,0.328,BalancedZippelSeparated
fire7_nb0_rank2693,Automatic,1,ok,376.001,43,2,1,0,0,2305843009213693967:40;2305843009213693973:3,Symbolica_default,cached_powers_Q,9,6,0.513,BalancedZippelSeparated
fire7_nb0_rank2694,Automatic,1,ok,337.511,43,2,1,0,0,2305843009213693967:40;2305843009213693973:3,Symbolica_default,cached_powers_Q,6,6,0.337,BalancedZippelSeparated
fire7_nb0_rank2695,Automatic,1,ok,400.472,57,2,1,0,0,2305843009213693967:54;2305843009213693973:3,Symbolica_default,cached_powers_Q,12,3,0.533,BalancedZippelSeparated
fire7_nb0_rank2696,Automatic,1,ok,624.513,58,2,1,0,0,2305843009213693967:55;2305843009213693973:3,Symbolica_default,cached_powers_Q,9,5,0.326,BalancedZippelSeparated
fire7_nb0_rank2697,Automatic,1,ok,707.172,49,2,1,0,0,2305843009213693967:46;2305843009213693973:3,Symbolica_default,cached_powers_Q,10,4,0.329,BalancedZippelSeparated
fire7_nb0_rank2698,Automatic,1,ok,327.021,44,2,1,0,0,2305843009213693967:41;2305843009213693973:3,Symbolica_default,cached_powers_Q,4,9,0.598,BalancedZippelSeparated
fire7_nb0_rank2699,Automatic,1,ok,408.061,46,2,1,0,0,2305843009213693967:43;2305843009213693973:3,Symbolica_default,cached_powers_Q,6,6,0.354,BalancedZippelSeparated
fire7_nb0_rank2700,Automatic,1,ok,357.661,58,2,1,0,0,2305843009213693967:55;2305843009213693973:3,Symbolica_default,cached_powers_Q,9,5,0.366,BalancedZippelSeparated
fire7_nb0_rank2701,Automatic,1,ok,308.891,45,2,1,0,0,2305843009213693967:42;2305843009213693973:3,Symbolica_default,cached_powers_Q,9,2,0.311,BalancedZippelSeparated
fire7_nb0_rank2702,Automatic,1,ok,461.072,49,2,1,0,0,2305843009213693967:46;2305843009213693973:3,Symbolica_default,cached_powers_Q,6,4,0.289,BalancedZippelSeparated
fire7_nb0_rank2703,Automatic,1,ok,546.432,46,2,1,0,0,2305843009213693967:43;2305843009213693973:3,Symbolica_default,cached_powers_Q,6,6,0.322,BalancedZippelSeparated
fire7_nb0_rank2704,Automatic,1,ok,473.082,61,2,1,0,0,2305843009213693967:58;2305843009213693973:3,Symbolica_default,cached_powers_Q,10,5,0.601,BalancedZippelSeparated
fire7_nb0_rank2705,Automatic,1,ok,369.811,52,2,1,0,0,2305843009213693967:49;2305843009213693973:3,Symbolica_default,cached_powers_Q,9,3,0.634,BalancedZippelSeparated
fire7_nb0_rank2706,Automatic,1,ok,615.232,41,2,1,0,0,2305843009213693967:38;2305843009213693973:3,Symbolica_default,cached_powers_Q,8,3,0.360,BalancedZippelSeparated
fire7_nb0_rank2707,Automatic,1,ok,322.321,41,2,1,0,0,2305843009213693967:38;2305843009213693973:3,Symbolica_default,cached_powers_Q,8,3,0.387,BalancedZippelSeparated
fire7_nb0_rank2708,Automatic,1,ok,725.773,41,2,1,0,0,2305843009213693967:38;2305843009213693973:3,Symbolica_default,cached_powers_Q,9,4,0.377,BalancedZippelSeparated
fire7_nb0_rank2709,Automatic,1,ok,669.372,41,2,1,0,0,2305843009213693967:38;2305843009213693973:3,Symbolica_default,cached_powers_Q,9,4,0.390,BalancedZippelSeparated
fire7_nb0_rank2710,Automatic,1,ok,342.791,43,2,1,0,0,2305843009213693967:40;2305843009213693973:3,Symbolica_default,cached_powers_Q,9,3,0.650,BalancedZippelSeparated
fire7_nb0_rank2711,Automatic,1,ok,676.482,43,2,1,0,0,2305843009213693967:40;2305843009213693973:3,Symbolica_default,cached_powers_Q,6,6,0.370,BalancedZippelSeparated
fire7_nb0_rank2712,Automatic,1,ok,327.421,48,2,1,0,0,2305843009213693967:45;2305843009213693973:3,Symbolica_default,cached_powers_Q,4,6,0.392,BalancedZippelSeparated
fire7_nb0_rank2713,Automatic,1,ok,767.602,41,2,1,0,0,2305843009213693967:38;2305843009213693973:3,Symbolica_default,cached_powers_Q,9,4,0.355,BalancedZippelSeparated
fire7_nb0_rank2714,Automatic,1,ok,400.352,43,2,1,0,0,2305843009213693967:40;2305843009213693973:3,Symbolica_default,cached_powers_Q,9,6,0.707,BalancedZippelSeparated
fire7_nb0_rank2715,Automatic,1,ok,450.902,46,2,1,0,0,2305843009213693967:43;2305843009213693973:3,Symbolica_default,cached_powers_Q,6,6,0.594,BalancedZippelSeparated
fire7_nb0_rank2716,Automatic,1,ok,524.232,57,2,1,0,0,2305843009213693967:54;2305843009213693973:3,Symbolica_default,cached_powers_Q,8,5,0.399,BalancedZippelSeparated
fire7_nb0_rank2717,Automatic,1,ok,750.223,57,2,1,0,0,2305843009213693967:54;2305843009213693973:3,Symbolica_default,cached_powers_Q,8,5,0.410,BalancedZippelSeparated
fire7_nb0_rank2718,Automatic,1,ok,649.952,43,2,1,0,0,2305843009213693967:40;2305843009213693973:3,Symbolica_default,cached_powers_Q,9,6,0.365,BalancedZippelSeparated
fire7_nb0_rank2719,Automatic,1,ok,489.791,48,2,1,0,0,2305843009213693967:45;2305843009213693973:3,Symbolica_default,cached_powers_Q,4,6,0.345,BalancedZippelSeparated
fire7_nb0_rank2720,Automatic,1,ok,278.671,48,2,1,0,0,2305843009213693967:45;2305843009213693973:3,Symbolica_default,cached_powers_Q,4,6,0.464,BalancedZippelSeparated
fire7_nb0_rank2721,Automatic,1,ok,250.571,41,2,1,0,0,2305843009213693967:38;2305843009213693973:3,Symbolica_default,cached_powers_Q,9,2,0.329,BalancedZippelSeparated
fire7_nb0_rank2722,Automatic,1,ok,283.751,41,2,1,0,0,2305843009213693967:38;2305843009213693973:3,Symbolica_default,cached_powers_Q,9,2,0.377,BalancedZippelSeparated
fire7_nb0_rank2723,Automatic,1,ok,337.431,48,2,1,0,0,2305843009213693967:45;2305843009213693973:3,Symbolica_default,cached_powers_Q,4,6,0.377,BalancedZippelSeparated
fire7_nb0_rank2724,Automatic,1,ok,425.462,49,2,1,0,0,2305843009213693967:46;2305843009213693973:3,Symbolica_default,cached_powers_Q,8,3,0.354,BalancedZippelSeparated
fire7_nb0_rank2725,Automatic,1,ok,362.111,39,2,1,0,0,2305843009213693967:36;2305843009213693973:3,Symbolica_default,cached_powers_Q,9,4,0.339,BalancedZippelSeparated
fire7_nb0_rank2726,Automatic,1,ok,312.902,48,2,1,0,0,2305843009213693967:45;2305843009213693973:3,Symbolica_default,cached_powers_Q,4,6,0.601,BalancedZippelSeparated
fire7_nb0_rank2727,Automatic,1,ok,649.033,43,2,1,0,0,2305843009213693967:40;2305843009213693973:3,Symbolica_default,cached_powers_Q,9,6,0.384,BalancedZippelSeparated
fire7_nb0_rank2728,Automatic,1,ok,343.761,39,2,1,0,0,2305843009213693967:36;2305843009213693973:3,Symbolica_default,cached_powers_Q,9,4,0.369,BalancedZippelSeparated
fire7_nb0_rank2729,Automatic,1,ok,379.821,46,2,1,0,0,2305843009213693967:43;2305843009213693973:3,Symbolica_default,cached_powers_Q,6,6,0.346,BalancedZippelSeparated
fire7_nb0_rank2730,Automatic,1,ok,562.592,46,2,1,0,0,2305843009213693967:43;2305843009213693973:3,Symbolica_default,cached_powers_Q,6,6,0.327,BalancedZippelSeparated
fire7_nb0_rank2731,Automatic,1,ok,439.971,49,2,1,0,0,2305843009213693967:46;2305843009213693973:3,Symbolica_default,cached_powers_Q,10,4,0.513,BalancedZippelSeparated
fire7_nb0_rank2732,Automatic,1,ok,551.262,46,2,1,0,0,2305843009213693967:43;2305843009213693973:3,Symbolica_default,cached_powers_Q,6,6,0.391,BalancedZippelSeparated
fire7_nb0_rank2733,Automatic,1,ok,611.432,41,2,1,0,0,2305843009213693967:38;2305843009213693973:3,Symbolica_default,cached_powers_Q,8,2,0.365,BalancedZippelSeparated
fire7_nb0_rank2734,Automatic,1,ok,313.581,49,2,1,0,0,2305843009213693967:46;2305843009213693973:3,Symbolica_default,cached_powers_Q,3,10,0.418,BalancedZippelSeparated
fire7_nb0_rank2735,Automatic,1,ok,330.151,49,2,1,0,0,2305843009213693967:46;2305843009213693973:3,Symbolica_default,cached_powers_Q,3,10,0.390,BalancedZippelSeparated
fire7_nb0_rank2736,Automatic,1,ok,362.471,57,2,1,0,0,2305843009213693967:54;2305843009213693973:3,Symbolica_default,cached_powers_Q,11,3,0.377,BalancedZippelSeparated
fire7_nb0_rank2737,Automatic,1,ok,279.241,43,2,1,0,0,2305843009213693967:40;2305843009213693973:3,Symbolica_default,cached_powers_Q,3,9,0.532,BalancedZippelSeparated
fire7_nb0_rank2738,Automatic,1,ok,439.952,42,2,1,0,0,2305843009213693967:39;2305843009213693973:3,Symbolica_default,cached_powers_Q,8,2,0.316,BalancedZippelSeparated
fire7_nb0_rank2739,Automatic,1,ok,371.842,43,2,1,0,0,2305843009213693967:40;2305843009213693973:3,Symbolica_default,cached_powers_Q,3,9,0.447,BalancedZippelSeparated
fire7_nb0_rank2740,Automatic,1,ok,636.303,43,2,1,0,0,2305843009213693967:40;2305843009213693973:3,Symbolica_default,cached_powers_Q,3,9,0.360,BalancedZippelSeparated
fire7_nb0_rank2741,Automatic,1,ok,705.863,70,2,1,0,0,2305843009213693967:67;2305843009213693973:3,Symbolica_default,cached_powers_Q,8,4,0.361,BalancedZippelSeparated
fire7_nb0_rank2742,Automatic,1,ok,438.841,49,2,1,0,0,2305843009213693967:46;2305843009213693973:3,Symbolica_default,cached_powers_Q,10,2,0.575,BalancedZippelSeparated
fire7_nb0_rank2743,Automatic,1,ok,360.672,41,2,1,0,0,2305843009213693967:38;2305843009213693973:3,Symbolica_default,cached_powers_Q,8,2,0.648,BalancedZippelSeparated
fire7_nb0_rank2744,Automatic,1,ok,329.472,42,2,1,0,0,2305843009213693967:39;2305843009213693973:3,Symbolica_default,cached_powers_Q,8,2,0.357,BalancedZippelSeparated
fire7_nb0_rank2745,Automatic,1,ok,321.861,49,2,1,0,0,2305843009213693967:46;2305843009213693973:3,Symbolica_default,cached_powers_Q,3,10,0.364,BalancedZippelSeparated
fire7_nb0_rank2746,Automatic,1,ok,330.322,42,2,1,0,0,2305843009213693967:39;2305843009213693973:3,Symbolica_default,cached_powers_Q,4,6,0.344,BalancedZippelSeparated
fire7_nb0_rank2747,Automatic,1,ok,274.501,42,2,1,0,0,2305843009213693967:39;2305843009213693973:3,Symbolica_default,cached_powers_Q,4,6,0.351,BalancedZippelSeparated
fire7_nb0_rank2748,Automatic,1,ok,501.362,42,2,1,0,0,2305843009213693967:39;2305843009213693973:3,Symbolica_default,cached_powers_Q,4,6,0.327,BalancedZippelSeparated
fire7_nb0_rank2749,Automatic,1,ok,260.691,42,2,1,0,0,2305843009213693967:39;2305843009213693973:3,Symbolica_default,cached_powers_Q,4,6,0.468,BalancedZippelSeparated
fire7_nb0_rank2750,Automatic,1,ok,253.151,42,2,1,0,0,2305843009213693967:39;2305843009213693973:3,Symbolica_default,cached_powers_Q,4,6,0.314,BalancedZippelSeparated
fire7_nb0_rank2751,Automatic,1,ok,314.272,41,2,1,0,0,2305843009213693967:38;2305843009213693973:3,Symbolica_default,cached_powers_Q,8,2,0.343,BalancedZippelSeparated
fire7_nb0_rank2752,Automatic,1,ok,249.291,40,2,1,0,0,2305843009213693967:37;2305843009213693973:3,Symbolica_default,cached_powers_Q,9,1,0.304,BalancedZippelSeparated
fire7_nb0_rank2753,Automatic,1,ok,205.211,40,2,1,0,0,2305843009213693967:37;2305843009213693973:3,Symbolica_default,cached_powers_Q,9,1,0.323,BalancedZippelSeparated
fire7_nb0_rank2754,Automatic,1,ok,559.992,40,2,1,0,0,2305843009213693967:37;2305843009213693973:3,Symbolica_default,cached_powers_Q,8,4,0.514,BalancedZippelSeparated
fire7_nb0_rank2755,Automatic,1,ok,398.672,42,2,1,0,0,2305843009213693967:39;2305843009213693973:3,Symbolica_default,cached_powers_Q,9,4,0.313,BalancedZippelSeparated
fire7_nb0_rank2756,Automatic,1,ok,579.802,46,2,1,0,0,2305843009213693967:43;2305843009213693973:3,Symbolica_default,cached_powers_Q,5,3,0.395,BalancedZippelSeparated
fire7_nb0_rank2757,Automatic,1,ok,535.262,49,2,1,0,0,2305843009213693967:46;2305843009213693973:3,Symbolica_default,cached_powers_Q,3,10,0.611,BalancedZippelSeparated
fire7_nb0_rank2758,Automatic,1,ok,327.902,47,2,1,0,0,2305843009213693967:44;2305843009213693973:3,Symbolica_default,cached_powers_Q,3,10,0.613,BalancedZippelSeparated
fire7_nb0_rank2759,Automatic,1,ok,524.142,41,2,1,0,0,2305843009213693967:38;2305843009213693973:3,Symbolica_default,cached_powers_Q,8,2,0.316,BalancedZippelSeparated
fire7_nb0_rank2760,Automatic,1,ok,314.371,49,2,1,0,0,2305843009213693967:46;2305843009213693973:3,Symbolica_default,cached_powers_Q,3,10,0.309,BalancedZippelSeparated
fire7_nb0_rank2761,Automatic,1,ok,553.721,43,2,1,0,0,2305843009213693967:40;2305843009213693973:3,Symbolica_default,cached_powers_Q,6,6,0.503,BalancedZippelSeparated
fire7_nb0_rank2762,Automatic,1,ok,344.031,52,2,1,0,0,2305843009213693967:49;2305843009213693973:3,Symbolica_default,cached_powers_Q,10,3,0.553,BalancedZippelSeparated
fire7_nb0_rank2763,Automatic,1,ok,416.772,43,2,1,0,0,2305843009213693967:40;2305843009213693973:3,Symbolica_default,cached_powers_Q,6,6,0.350,BalancedZippelSeparated
fire7_nb0_rank2764,Automatic,1,ok,590.692,43,2,1,0,0,2305843009213693967:40;2305843009213693973:3,Symbolica_default,cached_powers_Q,6,6,0.335,BalancedZippelSeparated
fire7_nb0_rank2765,Automatic,1,ok,429.171,51,2,1,0,0,2305843009213693967:48;2305843009213693973:3,Symbolica_default,cached_powers_Q,8,5,0.413,BalancedZippelSeparated
fire7_nb0_rank2766,Automatic,1,ok,632.863,43,2,1,0,0,2305843009213693967:40;2305843009213693973:3,Symbolica_default,cached_powers_Q,6,6,0.370,BalancedZippelSeparated
fire7_nb0_rank2767,Automatic,1,ok,605.232,43,2,1,0,0,2305843009213693967:40;2305843009213693973:3,Symbolica_default,cached_powers_Q,6,6,0.379,BalancedZippelSeparated
fire7_nb0_rank2768,Automatic,1,ok,315.381,40,2,1,0,0,2305843009213693967:37;2305843009213693973:3,Symbolica_default,cached_powers_Q,8,4,0.360,BalancedZippelSeparated
fire7_nb0_rank2769,Automatic,1,ok,460.251,45,2,1,0,0,2305843009213693967:42;2305843009213693973:3,Symbolica_default,cached_powers_Q,8,6,0.387,BalancedZippelSeparated
fire7_nb0_rank2770,Automatic,1,ok,322.831,47,2,1,0,0,2305843009213693967:44;2305843009213693973:3,Symbolica_default,cached_powers_Q,4,4,0.329,BalancedZippelSeparated
fire7_nb0_rank2771,Automatic,1,ok,271.381,47,2,1,0,0,2305843009213693967:44;2305843009213693973:3,Symbolica_default,cached_powers_Q,4,4,0.294,BalancedZippelSeparated
fire7_nb0_rank2772,Automatic,1,ok,471.602,41,2,1,0,0,2305843009213693967:38;2305843009213693973:3,Symbolica_default,cached_powers_Q,8,2,0.322,BalancedZippelSeparated
fire7_nb0_rank2773,Automatic,1,ok,692.402,53,2,1,0,0,2305843009213693967:50;2305843009213693973:3,Symbolica_default,cached_powers_Q,8,5,0.327,BalancedZippelSeparated
fire7_nb0_rank2774,Automatic,1,ok,544.452,45,2,1,0,0,2305843009213693967:42;2305843009213693973:3,Symbolica_default,cached_powers_Q,9,6,0.371,BalancedZippelSeparated
fire7_nb0_rank2775,Automatic,1,ok,369.202,40,2,1,0,0,2305843009213693967:37;2305843009213693973:3,Symbolica_default,cached_powers_Q,9,4,0.575,BalancedZippelSeparated
fire7_nb0_rank2776,Automatic,1,ok,313.751,42,2,1,0,0,2305843009213693967:39;2305843009213693973:3,Symbolica_default,cached_powers_Q,6,6,0.560,BalancedZippelSeparated
fire7_nb0_rank2777,Automatic,1,ok,572.962,41,2,1,0,0,2305843009213693967:38;2305843009213693973:3,Symbolica_default,cached_powers_Q,8,2,0.314,BalancedZippelSeparated
fire7_nb0_rank2778,Automatic,1,ok,308.851,41,2,1,0,0,2305843009213693967:38;2305843009213693973:3,Symbolica_default,cached_powers_Q,6,6,0.364,BalancedZippelSeparated
fire7_nb0_rank2779,Automatic,1,ok,357.682,41,2,1,0,0,2305843009213693967:38;2305843009213693973:3,Symbolica_default,cached_powers_Q,6,6,0.516,BalancedZippelSeparated
fire7_nb0_rank2780,Automatic,1,ok,250.871,45,2,1,0,0,2305843009213693967:42;2305843009213693973:3,Symbolica_default,cached_powers_Q,5,4,0.347,BalancedZippelSeparated
fire7_nb0_rank2781,Automatic,1,ok,263.021,45,2,1,0,0,2305843009213693967:42;2305843009213693973:3,Symbolica_default,cached_powers_Q,5,4,0.557,BalancedZippelSeparated
fire7_nb0_rank2782,Automatic,1,ok,568.802,50,2,1,0,0,2305843009213693967:47;2305843009213693973:3,Symbolica_default,cached_powers_Q,5,2,0.374,BalancedZippelSeparated
fire7_nb0_rank2783,Automatic,1,ok,328.701,42,2,1,0,0,2305843009213693967:39;2305843009213693973:3,Symbolica_default,cached_powers_Q,4,6,0.591,BalancedZippelSeparated
fire7_nb0_rank2784,Automatic,1,ok,377.782,40,2,1,0,0,2305843009213693967:37;2305843009213693973:3,Symbolica_default,cached_powers_Q,9,4,0.534,BalancedZippelSeparated
fire7_nb0_rank2785,Automatic,1,ok,420.242,40,2,1,0,0,2305843009213693967:37;2305843009213693973:3,Symbolica_default,cached_powers_Q,9,4,0.369,BalancedZippelSeparated
fire7_nb0_rank2786,Automatic,1,ok,543.792,41,2,1,0,0,2305843009213693967:38;2305843009213693973:3,Symbolica_default,cached_powers_Q,8,2,0.373,BalancedZippelSeparated
fire7_nb0_rank2787,Automatic,1,ok,266.690,42,2,1,0,0,2305843009213693967:39;2305843009213693973:3,Symbolica_default,cached_powers_Q,10,1,0.331,BalancedZippelSeparated
fire7_nb0_rank2788,Automatic,1,ok,281.621,46,2,1,0,0,2305843009213693967:43;2305843009213693973:3,Symbolica_default,cached_powers_Q,4,3,0.410,BalancedZippelSeparated
fire7_nb0_rank2789,Automatic,1,ok,584.651,42,2,1,0,0,2305843009213693967:39;2305843009213693973:3,Symbolica_default,cached_powers_Q,9,3,0.338,BalancedZippelSeparated
fire7_nb0_rank2790,Automatic,1,ok,625.772,45,2,1,0,0,2305843009213693967:42;2305843009213693973:3,Symbolica_default,cached_powers_Q,8,6,0.365,BalancedZippelSeparated
fire7_nb0_rank2791,Automatic,1,ok,438.012,41,2,1,0,0,2305843009213693967:38;2305843009213693973:3,Symbolica_default,cached_powers_Q,8,2,0.356,BalancedZippelSeparated
fire7_nb0_rank2792,Automatic,1,ok,558.462,42,2,1,0,0,2305843009213693967:39;2305843009213693973:3,Symbolica_default,cached_powers_Q,8,2,0.355,BalancedZippelSeparated
fire7_nb0_rank2793,Automatic,1,ok,307.162,42,2,1,0,0,2305843009213693967:39;2305843009213693973:3,Symbolica_default,cached_powers_Q,8,2,0.369,BalancedZippelSeparated
fire7_nb0_rank2794,Automatic,1,ok,262.401,37,2,1,0,0,2305843009213693967:34;2305843009213693973:3,Symbolica_default,cached_powers_Q,9,2,0.543,BalancedZippelSeparated
fire7_nb0_rank2795,Automatic,1,ok,543.412,39,2,1,0,0,2305843009213693967:36;2305843009213693973:3,Symbolica_default,cached_powers_Q,8,2,0.402,BalancedZippelSeparated
fire7_nb0_rank2796,Automatic,1,ok,333.601,41,2,1,0,0,2305843009213693967:38;2305843009213693973:3,Symbolica_default,cached_powers_Q,4,6,0.478,BalancedZippelSeparated
fire7_nb0_rank2797,Automatic,1,ok,274.161,50,2,1,0,0,2305843009213693967:47;2305843009213693973:3,Symbolica_default,cached_powers_Q,5,2,0.373,BalancedZippelSeparated
fire7_nb0_rank2798,Automatic,1,ok,599.482,50,2,1,0,0,2305843009213693967:47;2305843009213693973:3,Symbolica_default,cached_powers_Q,5,2,0.390,BalancedZippelSeparated
fire7_nb0_rank2799,Automatic,1,ok,424.352,43,2,1,0,0,2305843009213693967:40;2305843009213693973:3,Symbolica_default,cached_powers_Q,6,6,0.407,BalancedZippelSeparated
fire7_nb0_rank2800,Automatic,1,ok,376.001,42,2,1,0,0,2305843009213693967:39;2305843009213693973:3,Symbolica_default,cached_powers_Q,8,2,0.412,BalancedZippelSeparated
fire7_nb0_rank2801,Automatic,1,ok,353.031,42,2,1,0,0,2305843009213693967:39;2305843009213693973:3,Symbolica_default,cached_powers_Q,6,6,0.523,BalancedZippelSeparated
fire7_nb0_rank2802,Automatic,1,ok,354.882,42,2,1,0,0,2305843009213693967:39;2305843009213693973:3,Symbolica_default,cached_powers_Q,8,2,0.538,BalancedZippelSeparated
fire7_nb0_rank2803,Automatic,1,ok,263.271,41,2,1,0,0,2305843009213693967:38;2305843009213693973:3,Symbolica_default,cached_powers_Q,8,2,0.740,BalancedZippelSeparated
fire7_nb0_rank2804,Automatic,1,ok,279.901,52,2,1,0,0,2305843009213693967:49;2305843009213693973:3,Symbolica_default,cached_powers_Q,5,2,0.339,BalancedZippelSeparated
fire7_nb0_rank2805,Automatic,1,ok,287.081,49,2,1,0,0,2305843009213693967:46;2305843009213693973:3,Symbolica_default,cached_powers_Q,3,10,0.367,BalancedZippelSeparated
fire7_nb0_rank2806,Automatic,1,ok,580.362,41,2,1,0,0,2305843009213693967:38;2305843009213693973:3,Symbolica_default,cached_powers_Q,9,4,0.395,BalancedZippelSeparated
fire7_nb0_rank2807,Automatic,1,ok,311.741,40,2,1,0,0,2305843009213693967:37;2305843009213693973:3,Symbolica_default,cached_powers_Q,8,2,0.371,BalancedZippelSeparated
fire7_nb0_rank2808,Automatic,1,ok,275.171,41,2,1,0,0,2305843009213693967:38;2305843009213693973:3,Symbolica_default,cached_powers_Q,8,2,0.546,BalancedZippelSeparated
fire7_nb0_rank2809,Automatic,1,ok,298.291,40,2,1,0,0,2305843009213693967:37;2305843009213693973:3,Symbolica_default,cached_powers_Q,8,2,0.374,BalancedZippelSeparated
fire7_nb0_rank2810,Automatic,1,ok,354.142,40,2,1,0,0,2305843009213693967:37;2305843009213693973:3,Symbolica_default,cached_powers_Q,9,2,0.356,BalancedZippelSeparated
fire7_nb0_rank2811,Automatic,1,ok,469.551,43,2,1,0,0,2305843009213693967:40;2305843009213693973:3,Symbolica_default,cached_powers_Q,9,2,0.348,BalancedZippelSeparated
fire7_nb0_rank2812,Automatic,1,ok,303.261,44,2,1,0,0,2305843009213693967:41;2305843009213693973:3,Symbolica_default,cached_powers_Q,3,6,0.396,BalancedZippelSeparated
fire7_nb0_rank2813,Automatic,1,ok,739.673,40,2,1,0,0,2305843009213693967:37;2305843009213693973:3,Symbolica_default,cached_powers_Q,9,4,0.427,BalancedZippelSeparated
fire7_nb0_rank2814,Automatic,1,ok,594.983,41,2,1,0,0,2305843009213693967:38;2305843009213693973:3,Symbolica_default,cached_powers_Q,6,2,0.360,BalancedZippelSeparated
fire7_nb0_rank2815,Automatic,1,ok,292.521,41,2,1,0,0,2305843009213693967:38;2305843009213693973:3,Symbolica_default,cached_powers_Q,6,2,0.406,BalancedZippelSeparated
fire7_nb0_rank2816,Automatic,1,ok,321.511,49,2,1,0,0,2305843009213693967:46;2305843009213693973:3,Symbolica_default,cached_powers_Q,3,10,0.496,BalancedZippelSeparated
fire7_nb0_rank2817,Automatic,1,ok,290.741,65,2,1,0,0,2305843009213693967:62;2305843009213693973:3,Symbolica_default,cached_powers_Q,9,2,0.551,BalancedZippelSeparated
fire7_nb0_rank2818,Automatic,1,ok,569.213,40,2,1,0,0,2305843009213693967:37;2305843009213693973:3,Symbolica_default,cached_powers_Q,9,4,0.379,BalancedZippelSeparated
fire7_nb0_rank2819,Automatic,1,ok,353.101,38,2,1,0,0,2305843009213693967:35;2305843009213693973:3,Symbolica_default,cached_powers_Q,9,4,0.337,BalancedZippelSeparated
fire7_nb0_rank2820,Automatic,1,ok,586.342,38,2,1,0,0,2305843009213693967:35;2305843009213693973:3,Symbolica_default,cached_powers_Q,9,4,0.419,BalancedZippelSeparated
fire7_nb0_rank2821,Automatic,1,ok,510.362,37,2,1,0,0,2305843009213693967:34;2305843009213693973:3,Symbolica_default,cached_powers_Q,9,2,0.401,BalancedZippelSeparated
fire7_nb0_rank2822,Automatic,1,ok,330.681,40,2,1,0,0,2305843009213693967:37;2305843009213693973:3,Symbolica_default,cached_powers_Q,4,6,0.434,BalancedZippelSeparated
fire7_nb0_rank2823,Automatic,1,ok,521.081,48,2,1,0,0,2305843009213693967:45;2305843009213693973:3,Symbolica_default,cached_powers_Q,4,6,0.415,BalancedZippelSeparated
fire7_nb0_rank2824,Automatic,1,ok,359.791,48,2,1,0,0,2305843009213693967:45;2305843009213693973:3,Symbolica_default,cached_powers_Q,4,6,0.409,BalancedZippelSeparated
fire7_nb0_rank2825,Automatic,1,ok,648.732,42,2,1,0,0,2305843009213693967:39;2305843009213693973:3,Symbolica_default,cached_powers_Q,4,6,0.419,BalancedZippelSeparated
fire7_nb0_rank2826,Automatic,1,ok,718.723,48,2,1,0,0,2305843009213693967:45;2305843009213693973:3,Symbolica_default,cached_powers_Q,4,6,0.398,BalancedZippelSeparated
fire7_nb0_rank2827,Automatic,1,ok,463.502,40,2,1,0,0,2305843009213693967:37;2305843009213693973:3,Symbolica_default,cached_powers_Q,4,6,0.394,BalancedZippelSeparated
fire7_nb0_rank2828,Automatic,1,ok,522.482,40,2,1,0,0,2305843009213693967:37;2305843009213693973:3,Symbolica_default,cached_powers_Q,4,6,0.353,BalancedZippelSeparated
fire7_nb0_rank2829,Automatic,1,ok,295.130,40,2,1,0,0,2305843009213693967:37;2305843009213693973:3,Symbolica_default,cached_powers_Q,4,6,0.396,BalancedZippelSeparated
fire7_nb0_rank2830,Automatic,1,ok,546.612,48,2,1,0,0,2305843009213693967:45;2305843009213693973:3,Symbolica_default,cached_powers_Q,4,6,0.368,BalancedZippelSeparated
fire7_nb0_rank2831,Automatic,1,ok,274.052,53,2,1,0,0,2305843009213693967:50;2305843009213693973:3,Symbolica_default,cached_powers_Q,3,5,0.308,BalancedZippelSeparated
fire7_nb0_rank2832,Automatic,1,ok,284.801,53,2,1,0,0,2305843009213693967:50;2305843009213693973:3,Symbolica_default,cached_powers_Q,3,5,0.382,BalancedZippelSeparated
fire7_nb0_rank2833,Automatic,1,ok,300.391,40,2,1,0,0,2305843009213693967:37;2305843009213693973:3,Symbolica_default,cached_powers_Q,4,6,0.569,BalancedZippelSeparated
fire7_nb0_rank2834,Automatic,1,ok,379.452,48,2,1,0,0,2305843009213693967:45;2305843009213693973:3,Symbolica_default,cached_powers_Q,4,6,0.582,BalancedZippelSeparated
fire7_nb0_rank2835,Automatic,1,ok,492.082,40,2,1,0,0,2305843009213693967:37;2305843009213693973:3,Symbolica_default,cached_powers_Q,4,6,0.380,BalancedZippelSeparated
fire7_nb0_rank2836,Automatic,1,ok,274.370,40,2,1,0,0,2305843009213693967:37;2305843009213693973:3,Symbolica_default,cached_powers_Q,4,6,0.375,BalancedZippelSeparated
fire7_nb0_rank2837,Automatic,1,ok,531.132,39,2,1,0,0,2305843009213693967:36;2305843009213693973:3,Symbolica_default,cached_powers_Q,9,2,0.379,BalancedZippelSeparated
fire7_nb0_rank2838,Automatic,1,ok,391.302,40,2,1,0,0,2305843009213693967:37;2305843009213693973:3,Symbolica_default,cached_powers_Q,9,2,0.522,BalancedZippelSeparated
fire7_nb0_rank2839,Automatic,1,ok,380.871,42,2,1,0,0,2305843009213693967:39;2305843009213693973:3,Symbolica_default,cached_powers_Q,4,6,0.686,BalancedZippelSeparated
fire7_nb0_rank2840,Automatic,1,ok,627.502,39,2,1,0,0,2305843009213693967:36;2305843009213693973:3,Symbolica_default,cached_powers_Q,9,2,0.433,BalancedZippelSeparated
fire7_nb0_rank2841,Automatic,1,ok,424.632,39,2,1,0,0,2305843009213693967:36;2305843009213693973:3,Symbolica_default,cached_powers_Q,9,2,0.537,BalancedZippelSeparated
fire7_nb0_rank2842,Automatic,1,ok,335.211,39,2,1,0,0,2305843009213693967:36;2305843009213693973:3,Symbolica_default,cached_powers_Q,9,2,0.356,BalancedZippelSeparated
fire7_nb0_rank2843,Automatic,1,ok,291.951,57,2,1,0,0,2305843009213693967:54;2305843009213693973:3,Symbolica_default,cached_powers_Q,4,5,0.309,BalancedZippelSeparated
fire7_nb0_rank2844,Automatic,1,ok,312.051,42,2,1,0,0,2305843009213693967:39;2305843009213693973:3,Symbolica_default,cached_powers_Q,4,6,0.383,BalancedZippelSeparated
fire7_nb0_rank2845,Automatic,1,ok,262.021,37,2,1,0,0,2305843009213693967:34;2305843009213693973:3,Symbolica_default,cached_powers_Q,9,2,0.359,BalancedZippelSeparated
fire7_nb0_rank2846,Automatic,1,ok,315.171,37,2,1,0,0,2305843009213693967:34;2305843009213693973:3,Symbolica_default,cached_powers_Q,6,4,0.376,BalancedZippelSeparated
fire7_nb0_rank2847,Automatic,1,ok,320.052,37,2,1,0,0,2305843009213693967:34;2305843009213693973:3,Symbolica_default,cached_powers_Q,6,4,0.349,BalancedZippelSeparated
fire7_nb0_rank2848,Automatic,1,ok,462.352,52,2,1,0,0,2305843009213693967:49;2305843009213693973:3,Symbolica_default,cached_powers_Q,8,3,0.502,BalancedZippelSeparated
fire7_nb0_rank2849,Automatic,1,ok,408.562,39,2,1,0,0,2305843009213693967:36;2305843009213693973:3,Symbolica_default,cached_powers_Q,9,2,0.694,BalancedZippelSeparated
fire7_nb0_rank2850,Automatic,1,ok,355.732,37,2,1,0,0,2305843009213693967:34;2305843009213693973:3,Symbolica_default,cached_powers_Q,9,2,0.616,BalancedZippelSeparated
fire7_nb0_rank2851,Automatic,1,ok,409.241,46,2,1,0,0,2305843009213693967:43;2305843009213693973:3,Symbolica_default,cached_powers_Q,8,4,0.435,BalancedZippelSeparated
fire7_nb0_rank2852,Automatic,1,ok,309.981,43,2,1,0,0,2305843009213693967:40;2305843009213693973:3,Symbolica_default,cached_powers_Q,5,3,0.663,BalancedZippelSeparated
fire7_nb0_rank2853,Automatic,1,ok,387.931,40,2,1,0,0,2305843009213693967:37;2305843009213693973:3,Symbolica_default,cached_powers_Q,4,6,0.577,BalancedZippelSeparated
fire7_nb0_rank2854,Automatic,1,ok,334.991,40,2,1,0,0,2305843009213693967:37;2305843009213693973:3,Symbolica_default,cached_powers_Q,4,6,0.608,BalancedZippelSeparated
fire7_nb0_rank2855,Automatic,1,ok,276.671,43,2,1,0,0,2305843009213693967:40;2305843009213693973:3,Symbolica_default,cached_powers_Q,5,3,0.376,BalancedZippelSeparated
fire7_nb0_rank2856,Automatic,1,ok,333.611,38,2,1,0,0,2305843009213693967:35;2305843009213693973:3,Symbolica_default,cached_powers_Q,9,2,0.340,BalancedZippelSeparated
fire7_nb0_rank2857,Automatic,1,ok,329.761,37,2,1,0,0,2305843009213693967:34;2305843009213693973:3,Symbolica_default,cached_powers_Q,9,2,0.480,BalancedZippelSeparated
fire7_nb0_rank2858,Automatic,1,ok,377.331,52,2,1,0,0,2305843009213693967:49;2305843009213693973:3,Symbolica_default,cached_powers_Q,8,3,0.517,BalancedZippelSeparated
fire7_nb0_rank2859,Automatic,1,ok,382.532,52,2,1,0,0,2305843009213693967:49;2305843009213693973:3,Symbolica_default,cached_powers_Q,8,3,0.589,BalancedZippelSeparated
fire7_nb0_rank2860,Automatic,1,ok,625.922,50,2,1,0,0,2305843009213693967:47;2305843009213693973:3,Symbolica_default,cached_powers_Q,8,3,0.543,BalancedZippelSeparated
fire7_nb0_rank2861,Automatic,1,ok,406.272,50,2,1,0,0,2305843009213693967:47;2305843009213693973:3,Symbolica_default,cached_powers_Q,8,3,0.391,BalancedZippelSeparated
fire7_nb0_rank2862,Automatic,1,ok,399.542,43,2,1,0,0,2305843009213693967:40;2305843009213693973:3,Symbolica_default,cached_powers_Q,9,6,0.350,BalancedZippelSeparated
fire7_nb0_rank2863,Automatic,1,ok,461.701,42,2,1,0,0,2305843009213693967:39;2305843009213693973:3,Symbolica_default,cached_powers_Q,3,6,0.333,BalancedZippelSeparated
fire7_nb0_rank2864,Automatic,1,ok,670.763,47,2,1,0,0,2305843009213693967:44;2305843009213693973:3,Symbolica_default,cached_powers_Q,5,6,0.431,BalancedZippelSeparated
fire7_nb0_rank2865,Automatic,1,ok,367.091,42,2,1,0,0,2305843009213693967:39;2305843009213693973:3,Symbolica_default,cached_powers_Q,4,4,0.385,BalancedZippelSeparated
fire7_nb0_rank2866,Automatic,1,ok,328.942,37,2,1,0,0,2305843009213693967:34;2305843009213693973:3,Symbolica_default,cached_powers_Q,6,4,0.603,BalancedZippelSeparated
fire7_nb0_rank2867,Automatic,1,ok,379.461,39,2,1,0,0,2305843009213693967:36;2305843009213693973:3,Symbolica_default,cached_powers_Q,9,2,0.639,BalancedZippelSeparated
fire7_nb0_rank2868,Automatic,1,ok,309.931,40,2,1,0,0,2305843009213693967:37;2305843009213693973:3,Symbolica_default,cached_powers_Q,4,6,0.571,BalancedZippelSeparated
fire7_nb0_rank2869,Automatic,1,ok,308.181,40,2,1,0,0,2305843009213693967:37;2305843009213693973:3,Symbolica_default,cached_powers_Q,4,6,0.621,BalancedZippelSeparated
fire7_nb0_rank2870,Automatic,1,ok,490.052,37,2,1,0,0,2305843009213693967:34;2305843009213693973:3,Symbolica_default,cached_powers_Q,6,4,0.365,BalancedZippelSeparated
fire7_nb0_rank2871,Automatic,1,ok,396.952,39,2,1,0,0,2305843009213693967:36;2305843009213693973:3,Symbolica_default,cached_powers_Q,9,2,0.365,BalancedZippelSeparated
fire7_nb0_rank2872,Automatic,1,ok,333.511,38,2,1,0,0,2305843009213693967:35;2305843009213693973:3,Symbolica_default,cached_powers_Q,9,2,0.406,BalancedZippelSeparated
fire7_nb0_rank2873,Automatic,1,ok,306.691,41,2,1,0,0,2305843009213693967:38;2305843009213693973:3,Symbolica_default,cached_powers_Q,4,6,0.580,BalancedZippelSeparated
fire7_nb0_rank2874,Automatic,1,ok,499.622,40,2,1,0,0,2305843009213693967:37;2305843009213693973:3,Symbolica_default,cached_powers_Q,4,6,0.401,BalancedZippelSeparated
fire7_nb0_rank2875,Automatic,1,ok,386.982,40,2,1,0,0,2305843009213693967:37;2305843009213693973:3,Symbolica_default,cached_powers_Q,4,6,0.559,BalancedZippelSeparated
fire7_nb0_rank2876,Automatic,1,ok,360.661,40,2,1,0,0,2305843009213693967:37;2305843009213693973:3,Symbolica_default,cached_powers_Q,4,6,0.546,BalancedZippelSeparated
fire7_nb0_rank2877,Automatic,1,ok,514.532,38,2,1,0,0,2305843009213693967:35;2305843009213693973:3,Symbolica_default,cached_powers_Q,9,2,0.316,BalancedZippelSeparated
fire7_nb0_rank2878,Automatic,1,ok,491.362,37,2,1,0,0,2305843009213693967:34;2305843009213693973:3,Symbolica_default,cached_powers_Q,6,3,0.377,BalancedZippelSeparated
fire7_nb0_rank2879,Automatic,1,ok,265.901,45,2,1,0,0,2305843009213693967:42;2305843009213693973:3,Symbolica_default,cached_powers_Q,5,3,0.387,BalancedZippelSeparated
fire7_nb0_rank2880,Automatic,1,ok,445.531,45,2,1,0,0,2305843009213693967:42;2305843009213693973:3,Symbolica_default,cached_powers_Q,5,3,0.365,BalancedZippelSeparated
fire7_nb0_rank2881,Automatic,1,ok,380.622,38,2,1,0,0,2305843009213693967:35;2305843009213693973:3,Symbolica_default,cached_powers_Q,9,2,0.345,BalancedZippelSeparated
fire7_nb0_rank2882,Automatic,1,ok,305.151,45,2,1,0,0,2305843009213693967:42;2305843009213693973:3,Symbolica_default,cached_powers_Q,6,3,0.594,BalancedZippelSeparated
fire7_nb0_rank2883,Automatic,1,ok,496.062,45,2,1,0,0,2305843009213693967:42;2305843009213693973:3,Symbolica_default,cached_powers_Q,4,6,0.409,BalancedZippelSeparated
fire7_nb0_rank2884,Automatic,1,ok,547.252,45,2,1,0,0,2305843009213693967:42;2305843009213693973:3,Symbolica_default,cached_powers_Q,4,6,0.348,BalancedZippelSeparated
fire7_nb0_rank2885,Automatic,1,ok,517.781,45,2,1,0,0,2305843009213693967:42;2305843009213693973:3,Symbolica_default,cached_powers_Q,4,6,0.352,BalancedZippelSeparated
fire7_nb0_rank2886,Automatic,1,ok,557.712,45,2,1,0,0,2305843009213693967:42;2305843009213693973:3,Symbolica_default,cached_powers_Q,4,6,0.400,BalancedZippelSeparated
fire7_nb0_rank2887,Automatic,1,ok,545.693,46,2,1,0,0,2305843009213693967:43;2305843009213693973:3,Symbolica_default,cached_powers_Q,4,6,0.365,BalancedZippelSeparated
fire7_nb0_rank2888,Automatic,1,ok,514.471,45,2,1,0,0,2305843009213693967:42;2305843009213693973:3,Symbolica_default,cached_powers_Q,6,3,0.413,BalancedZippelSeparated
fire7_nb0_rank2889,Automatic,1,ok,601.323,47,2,1,0,0,2305843009213693967:44;2305843009213693973:3,Symbolica_default,cached_powers_Q,8,3,0.374,BalancedZippelSeparated
fire7_nb0_rank2890,Automatic,1,ok,297.441,46,2,1,0,0,2305843009213693967:43;2305843009213693973:3,Symbolica_default,cached_powers_Q,6,3,0.364,BalancedZippelSeparated
fire7_nb0_rank2891,Automatic,1,ok,410.222,40,2,1,0,0,2305843009213693967:37;2305843009213693973:3,Symbolica_default,cached_powers_Q,8,4,0.353,BalancedZippelSeparated
fire7_nb0_rank2892,Automatic,1,ok,311.882,45,2,1,0,0,2305843009213693967:42;2305843009213693973:3,Symbolica_default,cached_powers_Q,5,3,0.362,BalancedZippelSeparated
fire7_nb0_rank2893,Automatic,1,ok,260.581,45,2,1,0,0,2305843009213693967:42;2305843009213693973:3,Symbolica_default,cached_powers_Q,5,3,0.581,BalancedZippelSeparated
fire7_nb0_rank2894,Automatic,1,ok,428.622,45,2,1,0,0,2305843009213693967:42;2305843009213693973:3,Symbolica_default,cached_powers_Q,5,3,0.384,BalancedZippelSeparated
fire7_nb0_rank2895,Automatic,1,ok,275.971,46,2,1,0,0,2305843009213693967:43;2305843009213693973:3,Symbolica_default,cached_powers_Q,5,2,0.387,BalancedZippelSeparated
fire7_nb0_rank2896,Automatic,1,ok,296.441,41,2,1,0,0,2305843009213693967:38;2305843009213693973:3,Symbolica_default,cached_powers_Q,5,4,0.554,BalancedZippelSeparated
fire7_nb0_rank2897,Automatic,1,ok,470.382,41,2,1,0,0,2305843009213693967:38;2305843009213693973:3,Symbolica_default,cached_powers_Q,5,4,0.361,BalancedZippelSeparated
fire7_nb0_rank2898,Automatic,1,ok,272.371,41,2,1,0,0,2305843009213693967:38;2305843009213693973:3,Symbolica_default,cached_powers_Q,5,4,0.566,BalancedZippelSeparated
fire7_nb0_rank2899,Automatic,1,ok,515.602,45,2,1,0,0,2305843009213693967:42;2305843009213693973:3,Symbolica_default,cached_powers_Q,5,3,0.369,BalancedZippelSeparated
fire7_nb0_rank2900,Automatic,1,ok,335.421,45,2,1,0,0,2305843009213693967:42;2305843009213693973:3,Symbolica_default,cached_powers_Q,5,3,0.388,BalancedZippelSeparated
fire7_nb0_rank2901,Automatic,1,ok,319.232,45,2,1,0,0,2305843009213693967:42;2305843009213693973:3,Symbolica_default,cached_powers_Q,5,3,0.413,BalancedZippelSeparated
fire7_nb0_rank2902,Automatic,1,ok,496.532,42,2,1,0,0,2305843009213693967:39;2305843009213693973:3,Symbolica_default,cached_powers_Q,3,6,0.379,BalancedZippelSeparated
fire7_nb0_rank2903,Automatic,1,ok,274.290,57,2,1,0,0,2305843009213693967:54;2305843009213693973:3,Symbolica_default,cached_powers_Q,7,2,0.369,BalancedZippelSeparated
fire7_nb0_rank2904,Automatic,1,ok,290.171,42,2,1,0,0,2305843009213693967:39;2305843009213693973:3,Symbolica_default,cached_powers_Q,4,4,0.394,BalancedZippelSeparated
fire7_nb0_rank2905,Automatic,1,ok,386.161,45,2,1,0,0,2305843009213693967:42;2305843009213693973:3,Symbolica_default,cached_powers_Q,8,3,0.580,BalancedZippelSeparated
fire7_nb0_rank2906,Automatic,1,ok,331.351,40,2,1,0,0,2305843009213693967:37;2305843009213693973:3,Symbolica_default,cached_powers_Q,6,4,0.588,BalancedZippelSeparated
fire7_nb0_rank2907,Automatic,1,ok,531.662,38,2,1,0,0,2305843009213693967:35;2305843009213693973:3,Symbolica_default,cached_powers_Q,6,4,0.330,BalancedZippelSeparated
fire7_nb0_rank2908,Automatic,1,ok,320.971,41,2,1,0,0,2305843009213693967:38;2305843009213693973:3,Symbolica_default,cached_powers_Q,5,4,0.660,BalancedZippelSeparated
fire7_nb0_rank2909,Automatic,1,ok,556.492,41,2,1,0,0,2305843009213693967:38;2305843009213693973:3,Symbolica_default,cached_powers_Q,5,4,0.461,BalancedZippelSeparated
fire7_nb0_rank2910,Automatic,1,ok,384.222,42,2,1,0,0,2305843009213693967:39;2305843009213693973:3,Symbolica_default,cached_powers_Q,6,3,0.369,BalancedZippelSeparated
fire7_nb0_rank2911,Automatic,1,ok,285.161,43,2,1,0,0,2305843009213693967:40;2305843009213693973:3,Symbolica_default,cached_powers_Q,5,3,0.522,BalancedZippelSeparated
fire7_nb0_rank2912,Automatic,1,ok,389.442,38,2,1,0,0,2305843009213693967:35;2305843009213693973:3,Symbolica_default,cached_powers_Q,9,2,0.539,BalancedZippelSeparated
fire7_nb0_rank2913,Automatic,1,ok,356.161,38,2,1,0,0,2305843009213693967:35;2305843009213693973:3,Symbolica_default,cached_powers_Q,9,2,0.599,BalancedZippelSeparated
fire7_nb0_rank2914,Automatic,1,ok,348.252,38,2,1,0,0,2305843009213693967:35;2305843009213693973:3,Symbolica_default,cached_powers_Q,9,2,0.363,BalancedZippelSeparated
fire7_nb0_rank2915,Automatic,1,ok,428.512,38,2,1,0,0,2305843009213693967:35;2305843009213693973:3,Symbolica_default,cached_powers_Q,9,2,0.358,BalancedZippelSeparated
fire7_nb0_rank2916,Automatic,1,ok,346.571,40,2,1,0,0,2305843009213693967:37;2305843009213693973:3,Symbolica_default,cached_powers_Q,3,4,0.419,BalancedZippelSeparated
fire7_nb0_rank2917,Automatic,1,ok,321.101,40,2,1,0,0,2305843009213693967:37;2305843009213693973:3,Symbolica_default,cached_powers_Q,3,4,0.408,BalancedZippelSeparated
fire7_nb0_rank2918,Automatic,1,ok,399.691,38,2,1,0,0,2305843009213693967:35;2305843009213693973:3,Symbolica_default,cached_powers_Q,9,2,0.550,BalancedZippelSeparated
fire7_nb0_rank2919,Automatic,1,ok,554.972,42,2,1,0,0,2305843009213693967:39;2305843009213693973:3,Symbolica_default,cached_powers_Q,6,3,0.385,BalancedZippelSeparated
fire7_nb0_rank2920,Automatic,1,ok,401.072,48,2,1,0,0,2305843009213693967:45;2305843009213693973:3,Symbolica_default,cached_powers_Q,6,5,0.564,BalancedZippelSeparated
fire7_nb0_rank2921,Automatic,1,ok,322.461,38,2,1,0,0,2305843009213693967:35;2305843009213693973:3,Symbolica_default,cached_powers_Q,4,6,0.329,BalancedZippelSeparated
fire7_nb0_rank2922,Automatic,1,ok,528.842,38,2,1,0,0,2305843009213693967:35;2305843009213693973:3,Symbolica_default,cached_powers_Q,4,6,0.638,BalancedZippelSeparated
fire7_nb0_rank2923,Automatic,1,ok,376.291,48,2,1,0,0,2305843009213693967:45;2305843009213693973:3,Symbolica_default,cached_powers_Q,6,5,0.395,BalancedZippelSeparated
fire7_nb0_rank2924,Automatic,1,ok,312.542,38,2,1,0,0,2305843009213693967:35;2305843009213693973:3,Symbolica_default,cached_powers_Q,4,4,0.409,BalancedZippelSeparated
fire7_nb0_rank2925,Automatic,1,ok,339.741,38,2,1,0,0,2305843009213693967:35;2305843009213693973:3,Symbolica_default,cached_powers_Q,4,4,0.413,BalancedZippelSeparated
fire7_nb0_rank2926,Automatic,1,ok,352.681,43,2,1,0,0,2305843009213693967:40;2305843009213693973:3,Symbolica_default,cached_powers_Q,8,3,0.618,BalancedZippelSeparated
fire7_nb0_rank2927,Automatic,1,ok,252.701,46,2,1,0,0,2305843009213693967:43;2305843009213693973:3,Symbolica_default,cached_powers_Q,4,2,0.551,BalancedZippelSeparated
fire7_nb0_rank2928,Automatic,1,ok,404.091,38,2,1,0,0,2305843009213693967:35;2305843009213693973:3,Symbolica_default,cached_powers_Q,6,2,0.359,BalancedZippelSeparated
fire7_nb0_rank2929,Automatic,1,ok,294.551,43,2,1,0,0,2305843009213693967:40;2305843009213693973:3,Symbolica_default,cached_powers_Q,5,3,0.533,BalancedZippelSeparated
fire7_nb0_rank2930,Automatic,1,ok,292.712,40,2,1,0,0,2305843009213693967:37;2305843009213693973:3,Symbolica_default,cached_powers_Q,8,1,0.370,BalancedZippelSeparated
fire7_nb0_rank2931,Automatic,1,ok,392.181,38,2,1,0,0,2305843009213693967:35;2305843009213693973:3,Symbolica_default,cached_powers_Q,9,2,0.577,BalancedZippelSeparated
fire7_nb0_rank2932,Automatic,1,ok,395.262,45,2,1,0,0,2305843009213693967:42;2305843009213693973:3,Symbolica_default,cached_powers_Q,8,3,0.513,BalancedZippelSeparated
fire7_nb0_rank2933,Automatic,1,ok,324.811,43,2,1,0,0,2305843009213693967:40;2305843009213693973:3,Symbolica_default,cached_powers_Q,5,3,0.652,BalancedZippelSeparated
fire7_nb0_rank2934,Automatic,1,ok,597.582,40,2,1,0,0,2305843009213693967:37;2305843009213693973:3,Symbolica_default,cached_powers_Q,9,2,0.394,BalancedZippelSeparated
fire7_nb0_rank2935,Automatic,1,ok,413.292,38,2,1,0,0,2305843009213693967:35;2305843009213693973:3,Symbolica_default,cached_powers_Q,9,2,0.538,BalancedZippelSeparated
fire7_nb0_rank2936,Automatic,1,ok,591.172,40,2,1,0,0,2305843009213693967:37;2305843009213693973:3,Symbolica_default,cached_powers_Q,3,6,0.380,BalancedZippelSeparated
fire7_nb0_rank2937,Automatic,1,ok,314.281,49,2,1,0,0,2305843009213693967:46;2305843009213693973:3,Symbolica_default,cached_powers_Q,3,5,0.645,BalancedZippelSeparated
fire7_nb0_rank2938,Automatic,1,ok,623.133,52,2,1,0,0,2305843009213693967:49;2305843009213693973:3,Symbolica_default,cached_powers_Q,8,3,0.387,BalancedZippelSeparated
fire7_nb0_rank2939,Automatic,1,ok,315.921,36,2,1,0,0,2305843009213693967:33;2305843009213693973:3,Symbolica_default,cached_powers_Q,6,2,0.338,BalancedZippelSeparated
fire7_nb0_rank2940,Automatic,1,ok,275.431,37,2,1,0,0,2305843009213693967:34;2305843009213693973:3,Symbolica_default,cached_powers_Q,6,2,0.331,BalancedZippelSeparated
fire7_nb0_rank2941,Automatic,1,ok,256.811,37,2,1,0,0,2305843009213693967:34;2305843009213693973:3,Symbolica_default,cached_powers_Q,6,2,0.375,BalancedZippelSeparated
fire7_nb0_rank2942,Automatic,1,ok,341.581,43,2,1,0,0,2305843009213693967:40;2305843009213693973:3,Symbolica_default,cached_powers_Q,5,3,0.414,BalancedZippelSeparated
fire7_nb0_rank2943,Automatic,1,ok,283.221,43,2,1,0,0,2305843009213693967:40;2305843009213693973:3,Symbolica_default,cached_powers_Q,5,3,0.523,BalancedZippelSeparated
fire7_nb0_rank2944,Automatic,1,ok,507.581,43,2,1,0,0,2305843009213693967:40;2305843009213693973:3,Symbolica_default,cached_powers_Q,5,3,0.360,BalancedZippelSeparated
fire7_nb0_rank2945,Automatic,1,ok,540.202,38,2,1,0,0,2305843009213693967:35;2305843009213693973:3,Symbolica_default,cached_powers_Q,9,2,0.306,BalancedZippelSeparated
fire7_nb0_rank2946,Automatic,1,ok,402.221,42,2,1,0,0,2305843009213693967:39;2305843009213693973:3,Symbolica_default,cached_powers_Q,8,4,0.775,BalancedZippelSeparated
fire7_nb0_rank2947,Automatic,1,ok,273.461,38,2,1,0,0,2305843009213693967:35;2305843009213693973:3,Symbolica_default,cached_powers_Q,3,4,0.333,BalancedZippelSeparated
fire7_nb0_rank2948,Automatic,1,ok,395.501,42,2,1,0,0,2305843009213693967:39;2305843009213693973:3,Symbolica_default,cached_powers_Q,6,3,0.597,BalancedZippelSeparated
fire7_nb0_rank2949,Automatic,1,ok,291.441,40,2,1,0,0,2305843009213693967:37;2305843009213693973:3,Symbolica_default,cached_powers_Q,3,6,0.385,BalancedZippelSeparated
fire7_nb0_rank2950,Automatic,1,ok,341.371,39,2,1,0,0,2305843009213693967:36;2305843009213693973:3,Symbolica_default,cached_powers_Q,6,3,0.484,BalancedZippelSeparated
fire7_nb0_rank2951,Automatic,1,ok,492.442,38,2,1,0,0,2305843009213693967:35;2305843009213693973:3,Symbolica_default,cached_powers_Q,3,4,0.386,BalancedZippelSeparated
fire7_nb0_rank2952,Automatic,1,ok,304.361,38,2,1,0,0,2305843009213693967:35;2305843009213693973:3,Symbolica_default,cached_powers_Q,3,4,0.335,BalancedZippelSeparated
fire7_nb0_rank2953,Automatic,1,ok,310.032,41,2,1,0,0,2305843009213693967:38;2305843009213693973:3,Symbolica_default,cached_powers_Q,3,6,0.565,BalancedZippelSeparated
fire7_nb0_rank2954,Automatic,1,ok,309.911,40,2,1,0,0,2305843009213693967:37;2305843009213693973:3,Symbolica_default,cached_powers_Q,3,6,0.359,BalancedZippelSeparated
fire7_nb0_rank2955,Automatic,1,ok,316.461,38,2,1,0,0,2305843009213693967:35;2305843009213693973:3,Symbolica_default,cached_powers_Q,6,4,0.586,BalancedZippelSeparated
fire7_nb0_rank2956,Automatic,1,ok,304.281,42,2,1,0,0,2305843009213693967:39;2305843009213693973:3,Symbolica_default,cached_powers_Q,4,4,0.501,BalancedZippelSeparated
fire7_nb0_rank2957,Automatic,1,ok,410.192,42,2,1,0,0,2305843009213693967:39;2305843009213693973:3,Symbolica_default,cached_powers_Q,4,4,0.375,BalancedZippelSeparated
fire7_nb0_rank2958,Automatic,1,ok,458.442,39,2,1,0,0,2305843009213693967:36;2305843009213693973:3,Symbolica_default,cached_powers_Q,4,3,0.598,BalancedZippelSeparated
fire7_nb0_rank2959,Automatic,1,ok,476.832,36,2,1,0,0,2305843009213693967:33;2305843009213693973:3,Symbolica_default,cached_powers_Q,6,4,0.307,BalancedZippelSeparated
fire7_nb0_rank2960,Automatic,1,ok,519.562,38,2,1,0,0,2305843009213693967:35;2305843009213693973:3,Symbolica_default,cached_powers_Q,4,6,0.540,BalancedZippelSeparated
fire7_nb0_rank2961,Automatic,1,ok,494.272,40,2,1,0,0,2305843009213693967:37;2305843009213693973:3,Symbolica_default,cached_powers_Q,3,6,0.530,BalancedZippelSeparated
fire7_nb0_rank2962,Automatic,1,ok,377.062,40,2,1,0,0,2305843009213693967:37;2305843009213693973:3,Symbolica_default,cached_powers_Q,8,2,0.474,BalancedZippelSeparated
fire7_nb0_rank2963,Automatic,1,ok,306.582,40,2,1,0,0,2305843009213693967:37;2305843009213693973:3,Symbolica_default,cached_powers_Q,3,6,0.598,BalancedZippelSeparated
fire7_nb0_rank2964,Automatic,1,ok,358.211,35,2,1,0,0,2305843009213693967:32;2305843009213693973:3,Symbolica_default,cached_powers_Q,6,2,0.359,BalancedZippelSeparated
fire7_nb0_rank2965,Automatic,1,ok,277.961,40,2,1,0,0,2305843009213693967:37;2305843009213693973:3,Symbolica_default,cached_powers_Q,3,6,0.396,BalancedZippelSeparated
fire7_nb0_rank2966,Automatic,1,ok,482.332,40,2,1,0,0,2305843009213693967:37;2305843009213693973:3,Symbolica_default,cached_powers_Q,3,6,0.324,BalancedZippelSeparated
fire7_nb0_rank2967,Automatic,1,ok,321.832,36,2,1,0,0,2305843009213693967:33;2305843009213693973:3,Symbolica_default,cached_powers_Q,6,2,0.359,BalancedZippelSeparated
fire7_nb0_rank2968,Automatic,1,ok,518.682,37,2,1,0,0,2305843009213693967:34;2305843009213693973:3,Symbolica_default,cached_powers_Q,6,2,0.412,BalancedZippelSeparated
fire7_nb0_rank2969,Automatic,1,ok,478.772,46,2,1,0,0,2305843009213693967:43;2305843009213693973:3,Symbolica_default,cached_powers_Q,7,3,0.501,BalancedZippelSeparated
fire7_nb0_rank2970,Automatic,1,ok,522.131,38,2,1,0,0,2305843009213693967:35;2305843009213693973:3,Symbolica_default,cached_powers_Q,3,4,0.400,BalancedZippelSeparated
fire7_nb0_rank2971,Automatic,1,ok,611.372,35,2,1,0,0,2305843009213693967:32;2305843009213693973:3,Symbolica_default,cached_powers_Q,6,2,0.387,BalancedZippelSeparated
fire7_nb0_rank2972,Automatic,1,ok,284.891,40,2,1,0,0,2305843009213693967:37;2305843009213693973:3,Symbolica_default,cached_powers_Q,3,6,0.597,BalancedZippelSeparated
fire7_nb0_rank2973,Automatic,1,ok,341.291,40,2,1,0,0,2305843009213693967:37;2305843009213693973:3,Symbolica_default,cached_powers_Q,8,2,0.570,BalancedZippelSeparated
fire7_nb0_rank2974,Automatic,1,ok,435.022,40,2,1,0,0,2305843009213693967:37;2305843009213693973:3,Symbolica_default,cached_powers_Q,3,6,0.362,BalancedZippelSeparated
fire7_nb0_rank2975,Automatic,1,ok,291.071,34,2,1,0,0,2305843009213693967:31;2305843009213693973:3,Symbolica_default,cached_powers_Q,6,2,0.312,BalancedZippelSeparated
fire7_nb0_rank2976,Automatic,1,ok,601.122,53,2,1,0,0,2305843009213693967:50;2305843009213693973:3,Symbolica_default,cached_powers_Q,4,5,0.336,BalancedZippelSeparated
fire7_nb0_rank2977,Automatic,1,ok,381.082,51,2,1,0,0,2305843009213693967:48;2305843009213693973:3,Symbolica_default,cached_powers_Q,4,5,0.327,BalancedZippelSeparated
fire7_nb0_rank2978,Automatic,1,ok,372.291,36,2,1,0,0,2305843009213693967:33;2305843009213693973:3,Symbolica_default,cached_powers_Q,6,2,0.577,BalancedZippelSeparated
fire7_nb0_rank2979,Automatic,1,ok,313.721,35,2,1,0,0,2305843009213693967:32;2305843009213693973:3,Symbolica_default,cached_powers_Q,6,2,0.371,BalancedZippelSeparated
fire7_nb0_rank2980,Automatic,1,ok,368.571,36,2,1,0,0,2305843009213693967:33;2305843009213693973:3,Symbolica_default,cached_powers_Q,6,2,0.615,BalancedZippelSeparated
fire7_nb0_rank2981,Automatic,1,ok,255.700,39,2,1,0,0,2305843009213693967:36;2305843009213693973:3,Symbolica_default,cached_powers_Q,4,3,0.534,BalancedZippelSeparated
fire7_nb0_rank2982,Automatic,1,ok,248.760,39,2,1,0,0,2305843009213693967:36;2305843009213693973:3,Symbolica_default,cached_powers_Q,4,3,0.346,BalancedZippelSeparated
fire7_nb0_rank2983,Automatic,1,ok,245.181,39,2,1,0,0,2305843009213693967:36;2305843009213693973:3,Symbolica_default,cached_powers_Q,4,3,0.572,BalancedZippelSeparated
fire7_nb0_rank2984,Automatic,1,ok,266.550,39,2,1,0,0,2305843009213693967:36;2305843009213693973:3,Symbolica_default,cached_powers_Q,4,3,0.282,BalancedZippelSeparated
fire7_nb0_rank2985,Automatic,1,ok,437.632,34,2,1,0,0,2305843009213693967:31;2305843009213693973:3,Symbolica_default,cached_powers_Q,6,2,0.384,BalancedZippelSeparated
fire7_nb0_rank2986,Automatic,1,ok,254.190,39,2,1,0,0,2305843009213693967:36;2305843009213693973:3,Symbolica_default,cached_powers_Q,4,3,0.395,BalancedZippelSeparated
fire7_nb0_rank2987,Automatic,1,ok,288.421,39,2,1,0,0,2305843009213693967:36;2305843009213693973:3,Symbolica_default,cached_powers_Q,4,3,0.564,BalancedZippelSeparated
fire7_nb0_rank2988,Automatic,1,ok,530.102,49,2,1,0,0,2305843009213693967:46;2305843009213693973:3,Symbolica_default,cached_powers_Q,3,5,0.390,BalancedZippelSeparated
fire7_nb0_rank2989,Automatic,1,ok,493.832,35,2,1,0,0,2305843009213693967:32;2305843009213693973:3,Symbolica_default,cached_powers_Q,6,2,0.383,BalancedZippelSeparated
fire7_nb0_rank2990,Automatic,1,ok,289.541,34,2,1,0,0,2305843009213693967:31;2305843009213693973:3,Symbolica_default,cached_powers_Q,6,2,0.517,BalancedZippelSeparated
fire7_nb0_rank2991,Automatic,1,ok,591.882,51,2,1,0,0,2305843009213693967:48;2305843009213693973:3,Symbolica_default,cached_powers_Q,6,4,0.407,BalancedZippelSeparated
fire7_nb0_rank2992,Automatic,1,ok,297.172,36,2,1,0,0,2305843009213693967:33;2305843009213693973:3,Symbolica_default,cached_powers_Q,6,4,0.525,BalancedZippelSeparated
fire7_nb0_rank2993,Automatic,1,ok,555.922,51,2,1,0,0,2305843009213693967:48;2305843009213693973:3,Symbolica_default,cached_powers_Q,6,4,0.387,BalancedZippelSeparated
fire7_nb0_rank2994,Automatic,1,ok,305.121,37,2,1,0,0,2305843009213693967:34;2305843009213693973:3,Symbolica_default,cached_powers_Q,4,3,0.560,BalancedZippelSeparated
fire7_nb0_rank2995,Automatic,1,ok,345.271,41,2,1,0,0,2305843009213693967:38;2305843009213693973:3,Symbolica_default,cached_powers_Q,6,3,0.406,BalancedZippelSeparated
fire7_nb0_rank2996,Automatic,1,ok,336.041,41,2,1,0,0,2305843009213693967:38;2305843009213693973:3,Symbolica_default,cached_powers_Q,6,3,0.560,BalancedZippelSeparated
fire7_nb0_rank2997,Automatic,1,ok,323.171,35,2,1,0,0,2305843009213693967:32;2305843009213693973:3,Symbolica_default,cached_powers_Q,6,2,0.523,BalancedZippelSeparated
fire7_nb0_rank2998,Automatic,1,ok,243.371,35,2,1,0,0,2305843009213693967:32;2305843009213693973:3,Symbolica_default,cached_powers_Q,6,2,0.359,BalancedZippelSeparated
fire7_nb0_rank2999,Automatic,1,ok,313.761,35,2,1,0,0,2305843009213693967:32;2305843009213693973:3,Symbolica_default,cached_powers_Q,6,2,0.459,BalancedZippelSeparated
fire7_nb0_rank3000,Automatic,1,ok,277.291,35,2,1,0,0,2305843009213693967:32;2305843009213693973:3,Symbolica_default,cached_powers_Q,6,2,0.363,BalancedZippelSeparated
fire7_nb0_rank3001,Automatic,1,ok,527.993,41,2,1,0,0,2305843009213693967:38;2305843009213693973:3,Symbolica_default,cached_powers_Q,6,3,0.279,BalancedZippelSeparated
fire7_nb0_rank3002,Automatic,1,ok,321.982,41,2,1,0,0,2305843009213693967:38;2305843009213693973:3,Symbolica_default,cached_powers_Q,6,3,0.301,BalancedZippelSeparated
fire7_nb0_rank3003,Automatic,1,ok,625.813,41,2,1,0,0,2305843009213693967:38;2305843009213693973:3,Symbolica_default,cached_powers_Q,6,3,0.329,BalancedZippelSeparated
fire7_nb0_rank3004,Automatic,1,ok,314.531,40,2,1,0,0,2305843009213693967:37;2305843009213693973:3,Symbolica_default,cached_powers_Q,4,4,0.355,BalancedZippelSeparated
fire7_nb0_rank3005,Automatic,1,ok,354.882,40,2,1,0,0,2305843009213693967:37;2305843009213693973:3,Symbolica_default,cached_powers_Q,6,4,0.521,BalancedZippelSeparated
fire7_nb0_rank3006,Automatic,1,ok,368.032,40,2,1,0,0,2305843009213693967:37;2305843009213693973:3,Symbolica_default,cached_powers_Q,6,4,0.363,BalancedZippelSeparated
fire7_nb0_rank3007,Automatic,1,ok,299.251,40,2,1,0,0,2305843009213693967:37;2305843009213693973:3,Symbolica_default,cached_powers_Q,3,6,0.328,BalancedZippelSeparated
fire7_nb0_rank3008,Automatic,1,ok,482.212,57,2,1,0,0,2305843009213693967:54;2305843009213693973:3,Symbolica_default,cached_powers_Q,3,6,0.354,BalancedZippelSeparated
fire7_nb0_rank3009,Automatic,1,ok,477.332,41,2,1,0,0,2305843009213693967:38;2305843009213693973:3,Symbolica_default,cached_powers_Q,6,3,0.384,BalancedZippelSeparated
fire7_nb0_rank3010,Automatic,1,ok,485.002,35,2,1,0,0,2305843009213693967:32;2305843009213693973:3,Symbolica_default,cached_powers_Q,6,2,0.322,BalancedZippelSeparated
fire7_nb0_rank3011,Automatic,1,ok,270.061,40,2,1,0,0,2305843009213693967:37;2305843009213693973:3,Symbolica_default,cached_powers_Q,4,4,0.330,BalancedZippelSeparated
fire7_nb0_rank3012,Automatic,1,ok,480.222,36,2,1,0,0,2305843009213693967:33;2305843009213693973:3,Symbolica_default,cached_powers_Q,6,4,0.520,BalancedZippelSeparated
fire7_nb0_rank3013,Automatic,1,ok,260.692,36,2,1,0,0,2305843009213693967:33;2305843009213693973:3,Symbolica_default,cached_powers_Q,6,4,0.348,BalancedZippelSeparated
fire7_nb0_rank3014,Automatic,1,ok,342.971,40,2,1,0,0,2305843009213693967:37;2305843009213693973:3,Symbolica_default,cached_powers_Q,3,6,0.366,BalancedZippelSeparated
fire7_nb0_rank3015,Automatic,1,ok,546.772,37,2,1,0,0,2305843009213693967:34;2305843009213693973:3,Symbolica_default,cached_powers_Q,4,3,0.371,BalancedZippelSeparated
fire7_nb0_rank3016,Automatic,1,ok,302.131,37,2,1,0,0,2305843009213693967:34;2305843009213693973:3,Symbolica_default,cached_powers_Q,4,3,0.381,BalancedZippelSeparated
fire7_nb0_rank3017,Automatic,1,ok,249.781,37,2,1,0,0,2305843009213693967:34;2305843009213693973:3,Symbolica_default,cached_powers_Q,4,3,0.300,BalancedZippelSeparated
fire7_nb0_rank3018,Automatic,1,ok,304.561,37,2,1,0,0,2305843009213693967:34;2305843009213693973:3,Symbolica_default,cached_powers_Q,4,3,0.443,BalancedZippelSeparated
fire7_nb0_rank3019,Automatic,1,ok,437.551,40,2,1,0,0,2305843009213693967:37;2305843009213693973:3,Symbolica_default,cached_powers_Q,3,6,0.339,BalancedZippelSeparated
fire7_nb0_rank3020,Automatic,1,ok,438.641,40,2,1,0,0,2305843009213693967:37;2305843009213693973:3,Symbolica_default,cached_powers_Q,3,6,0.310,BalancedZippelSeparated
fire7_nb0_rank3021,Automatic,1,ok,251.551,37,2,1,0,0,2305843009213693967:34;2305843009213693973:3,Symbolica_default,cached_powers_Q,4,3,0.307,BalancedZippelSeparated
fire7_nb0_rank3022,Automatic,1,ok,255.651,39,2,1,0,0,2305843009213693967:36;2305843009213693973:3,Symbolica_default,cached_powers_Q,4,3,0.379,BalancedZippelSeparated
fire7_nb0_rank3023,Automatic,1,ok,538.781,39,2,1,0,0,2305843009213693967:36;2305843009213693973:3,Symbolica_default,cached_powers_Q,4,3,0.566,BalancedZippelSeparated
fire7_nb0_rank3024,Automatic,1,ok,286.721,39,2,1,0,0,2305843009213693967:36;2305843009213693973:3,Symbolica_default,cached_powers_Q,4,3,0.362,BalancedZippelSeparated
fire7_nb0_rank3025,Automatic,1,ok,344.541,48,2,1,0,0,2305843009213693967:45;2305843009213693973:3,Symbolica_default,cached_powers_Q,4,4,0.340,BalancedZippelSeparated
fire7_nb0_rank3026,Automatic,1,ok,533.642,38,2,1,0,0,2305843009213693967:35;2305843009213693973:3,Symbolica_default,cached_powers_Q,6,4,0.600,BalancedZippelSeparated
fire7_nb0_rank3027,Automatic,1,ok,508.473,37,2,1,0,0,2305843009213693967:34;2305843009213693973:3,Symbolica_default,cached_powers_Q,4,3,0.304,BalancedZippelSeparated
fire7_nb0_rank3028,Automatic,1,ok,455.072,37,2,1,0,0,2305843009213693967:34;2305843009213693973:3,Symbolica_default,cached_powers_Q,4,3,0.411,BalancedZippelSeparated
fire7_nb0_rank3029,Automatic,1,ok,265.341,37,2,1,0,0,2305843009213693967:34;2305843009213693973:3,Symbolica_default,cached_powers_Q,4,3,0.405,BalancedZippelSeparated
fire7_nb0_rank3030,Automatic,1,ok,291.001,37,2,1,0,0,2305843009213693967:34;2305843009213693973:3,Symbolica_default,cached_powers_Q,4,3,0.452,BalancedZippelSeparated
fire7_nb0_rank3031,Automatic,1,ok,302.361,37,2,1,0,0,2305843009213693967:34;2305843009213693973:3,Symbolica_default,cached_powers_Q,4,3,0.356,BalancedZippelSeparated
fire7_nb0_rank3032,Automatic,1,ok,250.081,37,2,1,0,0,2305843009213693967:34;2305843009213693973:3,Symbolica_default,cached_powers_Q,4,3,0.378,BalancedZippelSeparated
fire7_nb0_rank3033,Automatic,1,ok,341.961,34,2,1,0,0,2305843009213693967:31;2305843009213693973:3,Symbolica_default,cached_powers_Q,6,2,0.324,BalancedZippelSeparated
fire7_nb0_rank3034,Automatic,1,ok,231.461,40,2,1,0,0,2305843009213693967:37;2305843009213693973:3,Symbolica_default,cached_powers_Q,4,2,0.543,BalancedZippelSeparated
fire7_nb0_rank3035,Automatic,1,ok,259.792,37,2,1,0,0,2305843009213693967:34;2305843009213693973:3,Symbolica_default,cached_powers_Q,4,3,0.308,BalancedZippelSeparated
fire7_nb0_rank3036,Automatic,1,ok,218.161,36,2,1,0,0,2305843009213693967:33;2305843009213693973:3,Symbolica_default,cached_powers_Q,6,1,0.494,BalancedZippelSeparated
fire7_nb0_rank3037,Automatic,1,ok,480.362,42,2,1,0,0,2305843009213693967:39;2305843009213693973:3,Symbolica_default,cached_powers_Q,6,3,0.311,BalancedZippelSeparated
fire7_nb0_rank3038,Automatic,1,ok,400.741,36,2,1,0,0,2305843009213693967:33;2305843009213693973:3,Symbolica_default,cached_powers_Q,5,4,0.420,BalancedZippelSeparated
fire7_nb0_rank3039,Automatic,1,ok,475.382,40,2,1,0,0,2305843009213693967:37;2305843009213693973:3,Symbolica_default,cached_powers_Q,3,2,0.399,BalancedZippelSeparated
fire7_nb0_rank3040,Automatic,1,ok,598.632,35,2,1,0,0,2305843009213693967:32;2305843009213693973:3,Symbolica_default,cached_powers_Q,6,2,0.619,BalancedZippelSeparated
fire7_nb0_rank3041,Automatic,1,ok,295.261,37,2,1,0,0,2305843009213693967:34;2305843009213693973:3,Symbolica_default,cached_powers_Q,4,3,0.377,BalancedZippelSeparated
fire7_nb0_rank3042,Automatic,1,ok,477.502,37,2,1,0,0,2305843009213693967:34;2305843009213693973:3,Symbolica_default,cached_powers_Q,4,3,0.373,BalancedZippelSeparated
fire7_nb0_rank3043,Automatic,1,ok,241.571,36,2,1,0,0,2305843009213693967:33;2305843009213693973:3,Symbolica_default,cached_powers_Q,6,1,0.537,BalancedZippelSeparated
fire7_nb0_rank3044,Automatic,1,ok,298.101,36,2,1,0,0,2305843009213693967:33;2305843009213693973:3,Symbolica_default,cached_powers_Q,4,4,0.560,BalancedZippelSeparated
fire7_nb0_rank3045,Automatic,1,ok,631.912,48,2,1,0,0,2305843009213693967:45;2305843009213693973:3,Symbolica_default,cached_powers_Q,6,3,0.443,BalancedZippelSeparated
fire7_nb0_rank3046,Automatic,1,ok,363.811,36,2,1,0,0,2305843009213693967:33;2305843009213693973:3,Symbolica_default,cached_powers_Q,6,4,0.691,BalancedZippelSeparated
fire7_nb0_rank3047,Automatic,1,ok,614.452,36,2,1,0,0,2305843009213693967:33;2305843009213693973:3,Symbolica_default,cached_powers_Q,6,4,0.410,BalancedZippelSeparated
fire7_nb0_rank3048,Automatic,1,ok,295.301,55,2,1,0,0,2305843009213693967:52;2305843009213693973:3,Symbolica_default,cached_powers_Q,3,6,0.388,BalancedZippelSeparated
fire7_nb0_rank3049,Automatic,1,ok,346.752,37,2,1,0,0,2305843009213693967:34;2305843009213693973:3,Symbolica_default,cached_powers_Q,4,3,0.488,BalancedZippelSeparated
fire7_nb0_rank3050,Automatic,1,ok,220.510,38,2,1,0,0,2305843009213693967:35;2305843009213693973:3,Symbolica_default,cached_powers_Q,6,1,0.339,BalancedZippelSeparated
fire7_nb0_rank3051,Automatic,1,ok,300.082,36,2,1,0,0,2305843009213693967:33;2305843009213693973:3,Symbolica_default,cached_powers_Q,2,6,0.352,BalancedZippelSeparated
fire7_nb0_rank3052,Automatic,1,ok,313.352,35,2,1,0,0,2305843009213693967:32;2305843009213693973:3,Symbolica_default,cached_powers_Q,4,4,0.305,BalancedZippelSeparated
fire7_nb0_rank3053,Automatic,1,ok,259.431,36,2,1,0,0,2305843009213693967:33;2305843009213693973:3,Symbolica_default,cached_powers_Q,4,4,0.348,BalancedZippelSeparated
fire7_nb0_rank3054,Automatic,1,ok,242.121,39,2,1,0,0,2305843009213693967:36;2305843009213693973:3,Symbolica_default,cached_powers_Q,4,2,0.338,BalancedZippelSeparated
fire7_nb0_rank3055,Automatic,1,ok,264.711,37,2,1,0,0,2305843009213693967:34;2305843009213693973:3,Symbolica_default,cached_powers_Q,4,3,0.492,BalancedZippelSeparated
fire7_nb0_rank3056,Automatic,1,ok,425.221,37,2,1,0,0,2305843009213693967:34;2305843009213693973:3,Symbolica_default,cached_powers_Q,4,3,0.353,BalancedZippelSeparated
fire7_nb0_rank3057,Automatic,1,ok,342.641,37,2,1,0,0,2305843009213693967:34;2305843009213693973:3,Symbolica_default,cached_powers_Q,4,3,0.510,BalancedZippelSeparated
fire7_nb0_rank3058,Automatic,1,ok,332.341,51,2,1,0,0,2305843009213693967:48;2305843009213693973:3,Symbolica_default,cached_powers_Q,6,2,0.673,BalancedZippelSeparated
fire7_nb0_rank3059,Automatic,1,ok,356.182,35,2,1,0,0,2305843009213693967:32;2305843009213693973:3,Symbolica_default,cached_powers_Q,6,2,0.594,BalancedZippelSeparated
fire7_nb0_rank3060,Automatic,1,ok,571.372,37,2,1,0,0,2305843009213693967:34;2305843009213693973:3,Symbolica_default,cached_powers_Q,6,2,0.398,BalancedZippelSeparated
fire7_nb0_rank3061,Automatic,1,ok,360.532,46,2,1,0,0,2305843009213693967:43;2305843009213693973:3,Symbolica_default,cached_powers_Q,5,4,0.614,BalancedZippelSeparated
fire7_nb0_rank3062,Automatic,1,ok,550.202,41,2,1,0,0,2305843009213693967:38;2305843009213693973:3,Symbolica_default,cached_powers_Q,6,3,0.417,BalancedZippelSeparated
fire7_nb0_rank3063,Automatic,1,ok,309.561,36,2,1,0,0,2305843009213693967:33;2305843009213693973:3,Symbolica_default,cached_powers_Q,4,2,0.584,BalancedZippelSeparated
fire7_nb0_rank3064,Automatic,1,ok,253.671,39,2,1,0,0,2305843009213693967:36;2305843009213693973:3,Symbolica_default,cached_powers_Q,4,2,0.550,BalancedZippelSeparated
fire7_nb0_rank3065,Automatic,1,ok,262.391,39,2,1,0,0,2305843009213693967:36;2305843009213693973:3,Symbolica_default,cached_powers_Q,4,2,0.448,BalancedZippelSeparated
fire7_nb0_rank3066,Automatic,1,ok,239.451,36,2,1,0,0,2305843009213693967:33;2305843009213693973:3,Symbolica_default,cached_powers_Q,3,4,0.342,BalancedZippelSeparated
fire7_nb0_rank3067,Automatic,1,ok,303.152,35,2,1,0,0,2305843009213693967:32;2305843009213693973:3,Symbolica_default,cached_powers_Q,6,2,0.362,BalancedZippelSeparated
fire7_nb0_rank3068,Automatic,1,ok,311.171,49,2,1,0,0,2305843009213693967:46;2305843009213693973:3,Symbolica_default,cached_powers_Q,3,5,0.472,BalancedZippelSeparated
fire7_nb0_rank3069,Automatic,1,ok,381.051,47,2,1,0,0,2305843009213693967:44;2305843009213693973:3,Symbolica_default,cached_powers_Q,3,5,0.353,BalancedZippelSeparated
fire7_nb0_rank3070,Automatic,1,ok,500.281,39,2,1,0,0,2305843009213693967:36;2305843009213693973:3,Symbolica_default,cached_powers_Q,4,2,0.358,BalancedZippelSeparated
fire7_nb0_rank3071,Automatic,1,ok,285.090,39,2,1,0,0,2305843009213693967:36;2305843009213693973:3,Symbolica_default,cached_powers_Q,4,2,0.413,BalancedZippelSeparated
fire7_nb0_rank3072,Automatic,1,ok,265.641,39,2,1,0,0,2305843009213693967:36;2305843009213693973:3,Symbolica_default,cached_powers_Q,4,2,0.617,BalancedZippelSeparated
fire7_nb0_rank3073,Automatic,1,ok,274.901,39,2,1,0,0,2305843009213693967:36;2305843009213693973:3,Symbolica_default,cached_powers_Q,4,2,0.413,BalancedZippelSeparated
fire7_nb0_rank3074,Automatic,1,ok,273.861,35,2,1,0,0,2305843009213693967:32;2305843009213693973:3,Symbolica_default,cached_powers_Q,4,3,0.318,BalancedZippelSeparated
fire7_nb0_rank3075,Automatic,1,ok,331.611,39,2,1,0,0,2305843009213693967:36;2305843009213693973:3,Symbolica_default,cached_powers_Q,6,3,0.312,BalancedZippelSeparated
fire7_nb0_rank3076,Automatic,1,ok,243.541,36,2,1,0,0,2305843009213693967:33;2305843009213693973:3,Symbolica_default,cached_powers_Q,3,4,0.537,BalancedZippelSeparated
fire7_nb0_rank3077,Automatic,1,ok,264.161,36,2,1,0,0,2305843009213693967:33;2305843009213693973:3,Symbolica_default,cached_powers_Q,3,4,0.299,BalancedZippelSeparated
fire7_nb0_rank3078,Automatic,1,ok,255.441,50,2,1,0,0,2305843009213693967:47;2305843009213693973:3,Symbolica_default,cached_powers_Q,6,2,0.479,BalancedZippelSeparated
fire7_nb0_rank3079,Automatic,1,ok,388.212,50,2,1,0,0,2305843009213693967:47;2305843009213693973:3,Symbolica_default,cached_powers_Q,6,2,0.515,BalancedZippelSeparated
fire7_nb0_rank3080,Automatic,1,ok,277.221,34,2,1,0,0,2305843009213693967:31;2305843009213693973:3,Symbolica_default,cached_powers_Q,6,2,0.298,BalancedZippelSeparated
fire7_nb0_rank3081,Automatic,1,ok,306.231,36,2,1,0,0,2305843009213693967:33;2305843009213693973:3,Symbolica_default,cached_powers_Q,3,4,0.403,BalancedZippelSeparated
fire7_nb0_rank3082,Automatic,1,ok,319.931,36,2,1,0,0,2305843009213693967:33;2305843009213693973:3,Symbolica_default,cached_powers_Q,3,4,0.533,BalancedZippelSeparated
fire7_nb0_rank3083,Automatic,1,ok,358.582,41,2,1,0,0,2305843009213693967:38;2305843009213693973:3,Symbolica_default,cached_powers_Q,6,3,0.596,BalancedZippelSeparated
fire7_nb0_rank3084,Automatic,1,ok,348.171,39,2,1,0,0,2305843009213693967:36;2305843009213693973:3,Symbolica_default,cached_powers_Q,6,3,0.342,BalancedZippelSeparated
fire7_nb0_rank3085,Automatic,1,ok,523.232,36,2,1,0,0,2305843009213693967:33;2305843009213693973:3,Symbolica_default,cached_powers_Q,6,2,0.370,BalancedZippelSeparated
fire7_nb0_rank3086,Automatic,1,ok,322.752,34,2,1,0,0,2305843009213693967:31;2305843009213693973:3,Symbolica_default,cached_powers_Q,6,2,0.514,BalancedZippelSeparated
fire7_nb0_rank3087,Automatic,1,ok,310.932,36,2,1,0,0,2305843009213693967:33;2305843009213693973:3,Symbolica_default,cached_powers_Q,3,4,0.352,BalancedZippelSeparated
fire7_nb0_rank3088,Automatic,1,ok,237.790,35,2,1,0,0,2305843009213693967:32;2305843009213693973:3,Symbolica_default,cached_powers_Q,3,3,0.363,BalancedZippelSeparated
fire7_nb0_rank3089,Automatic,1,ok,310.991,36,2,1,0,0,2305843009213693967:33;2305843009213693973:3,Symbolica_default,cached_powers_Q,6,2,0.414,BalancedZippelSeparated
fire7_nb0_rank3090,Automatic,1,ok,323.711,36,2,1,0,0,2305843009213693967:33;2305843009213693973:3,Symbolica_default,cached_powers_Q,3,4,0.371,BalancedZippelSeparated
fire7_nb0_rank3091,Automatic,1,ok,271.511,35,2,1,0,0,2305843009213693967:32;2305843009213693973:3,Symbolica_default,cached_powers_Q,3,3,0.603,BalancedZippelSeparated
fire7_nb0_rank3092,Automatic,1,ok,220.651,35,2,1,0,0,2305843009213693967:32;2305843009213693973:3,Symbolica_default,cached_powers_Q,6,1,0.512,BalancedZippelSeparated
fire7_nb0_rank3093,Automatic,1,ok,470.112,33,2,1,0,0,2305843009213693967:30;2305843009213693973:3,Symbolica_default,cached_powers_Q,6,2,0.349,BalancedZippelSeparated
fire7_nb0_rank3094,Automatic,1,ok,450.092,33,2,1,0,0,2305843009213693967:30;2305843009213693973:3,Symbolica_default,cached_powers_Q,6,2,0.340,BalancedZippelSeparated
fire7_nb0_rank3095,Automatic,1,ok,269.101,33,2,1,0,0,2305843009213693967:30;2305843009213693973:3,Symbolica_default,cached_powers_Q,6,2,0.331,BalancedZippelSeparated
fire7_nb0_rank3096,Automatic,1,ok,233.741,33,2,1,0,0,2305843009213693967:30;2305843009213693973:3,Symbolica_default,cached_powers_Q,6,2,0.361,BalancedZippelSeparated
fire7_nb0_rank3097,Automatic,1,ok,275.641,37,2,1,0,0,2305843009213693967:34;2305843009213693973:3,Symbolica_default,cached_powers_Q,4,3,0.332,BalancedZippelSeparated
fire7_nb0_rank3098,Automatic,1,ok,597.482,34,2,1,0,0,2305843009213693967:31;2305843009213693973:3,Symbolica_default,cached_powers_Q,6,2,0.378,BalancedZippelSeparated
fire7_nb0_rank3099,Automatic,1,ok,472.682,34,2,1,0,0,2305843009213693967:31;2305843009213693973:3,Symbolica_default,cached_powers_Q,6,2,0.400,BalancedZippelSeparated
fire7_nb0_rank3100,Automatic,1,ok,398.331,45,2,1,0,0,2305843009213693967:42;2305843009213693973:3,Symbolica_default,cached_powers_Q,5,4,0.416,BalancedZippelSeparated
fire7_nb0_rank3101,Automatic,1,ok,520.992,33,2,1,0,0,2305843009213693967:30;2305843009213693973:3,Symbolica_default,cached_powers_Q,6,1,0.354,BalancedZippelSeparated
fire7_nb0_rank3102,Automatic,1,ok,276.691,33,2,1,0,0,2305843009213693967:30;2305843009213693973:3,Symbolica_default,cached_powers_Q,6,1,0.320,BalancedZippelSeparated
fire7_nb0_rank3103,Automatic,1,ok,289.791,39,2,1,0,0,2305843009213693967:36;2305843009213693973:3,Symbolica_default,cached_powers_Q,4,2,0.408,BalancedZippelSeparated
fire7_nb0_rank3104,Automatic,1,ok,502.642,39,2,1,0,0,2305843009213693967:36;2305843009213693973:3,Symbolica_default,cached_powers_Q,4,2,0.372,BalancedZippelSeparated
fire7_nb0_rank3105,Automatic,1,ok,357.842,39,2,1,0,0,2305843009213693967:36;2305843009213693973:3,Symbolica_default,cached_powers_Q,4,2,0.524,BalancedZippelSeparated
fire7_nb0_rank3106,Automatic,1,ok,291.471,39,2,1,0,0,2305843009213693967:36;2305843009213693973:3,Symbolica_default,cached_powers_Q,4,2,0.375,BalancedZippelSeparated
fire7_nb0_rank3107,Automatic,1,ok,287.232,36,2,1,0,0,2305843009213693967:33;2305843009213693973:3,Symbolica_default,cached_powers_Q,3,4,0.412,BalancedZippelSeparated
fire7_nb0_rank3108,Automatic,1,ok,296.821,37,2,1,0,0,2305843009213693967:34;2305843009213693973:3,Symbolica_default,cached_powers_Q,4,2,0.366,BalancedZippelSeparated
fire7_nb0_rank3109,Automatic,1,ok,330.731,36,2,1,0,0,2305843009213693967:33;2305843009213693973:3,Symbolica_default,cached_powers_Q,2,6,0.388,BalancedZippelSeparated
fire7_nb0_rank3110,Automatic,1,ok,299.471,36,2,1,0,0,2305843009213693967:33;2305843009213693973:3,Symbolica_default,cached_powers_Q,2,6,0.516,BalancedZippelSeparated
fire7_nb0_rank3111,Automatic,1,ok,258.641,37,2,1,0,0,2305843009213693967:34;2305843009213693973:3,Symbolica_default,cached_powers_Q,4,2,0.329,BalancedZippelSeparated
fire7_nb0_rank3112,Automatic,1,ok,331.801,36,2,1,0,0,2305843009213693967:33;2305843009213693973:3,Symbolica_default,cached_powers_Q,6,2,0.542,BalancedZippelSeparated
fire7_nb0_rank3113,Automatic,1,ok,346.191,36,2,1,0,0,2305843009213693967:33;2305843009213693973:3,Symbolica_default,cached_powers_Q,6,2,0.353,BalancedZippelSeparated
fire7_nb0_rank3114,Automatic,1,ok,328.631,38,2,1,0,0,2305843009213693967:35;2305843009213693973:3,Symbolica_default,cached_powers_Q,3,6,0.352,BalancedZippelSeparated
fire7_nb0_rank3115,Automatic,1,ok,293.101,36,2,1,0,0,2305843009213693967:33;2305843009213693973:3,Symbolica_default,cached_powers_Q,3,4,0.659,BalancedZippelSeparated
fire7_nb0_rank3116,Automatic,1,ok,389.851,40,2,1,0,0,2305843009213693967:37;2305843009213693973:3,Symbolica_default,cached_powers_Q,4,3,0.628,BalancedZippelSeparated
fire7_nb0_rank3117,Automatic,1,ok,306.821,38,2,1,0,0,2305843009213693967:35;2305843009213693973:3,Symbolica_default,cached_powers_Q,3,2,0.486,BalancedZippelSeparated
fire7_nb0_rank3118,Automatic,1,ok,284.581,34,2,1,0,0,2305843009213693967:31;2305843009213693973:3,Symbolica_default,cached_powers_Q,6,1,0.258,BalancedZippelSeparated
fire7_nb0_rank3119,Automatic,1,ok,249.241,34,2,1,0,0,2305843009213693967:31;2305843009213693973:3,Symbolica_default,cached_powers_Q,6,1,0.295,BalancedZippelSeparated
fire7_nb0_rank3120,Automatic,1,ok,475.872,36,2,1,0,0,2305843009213693967:33;2305843009213693973:3,Symbolica_default,cached_powers_Q,3,4,0.272,BalancedZippelSeparated
fire7_nb0_rank3121,Automatic,1,ok,266.911,35,2,1,0,0,2305843009213693967:32;2305843009213693973:3,Symbolica_default,cached_powers_Q,3,3,0.351,BalancedZippelSeparated
fire7_nb0_rank3122,Automatic,1,ok,317.951,39,2,1,0,0,2305843009213693967:36;2305843009213693973:3,Symbolica_default,cached_powers_Q,6,3,0.383,BalancedZippelSeparated
fire7_nb0_rank3123,Automatic,1,ok,543.232,37,2,1,0,0,2305843009213693967:34;2305843009213693973:3,Symbolica_default,cached_powers_Q,6,3,0.391,BalancedZippelSeparated
fire7_nb0_rank3124,Automatic,1,ok,452.462,39,2,1,0,0,2305843009213693967:36;2305843009213693973:3,Symbolica_default,cached_powers_Q,4,2,0.385,BalancedZippelSeparated
fire7_nb0_rank3125,Automatic,1,ok,300.301,35,2,1,0,0,2305843009213693967:32;2305843009213693973:3,Symbolica_default,cached_powers_Q,3,3,0.569,BalancedZippelSeparated
fire7_nb0_rank3126,Automatic,1,ok,285.371,43,2,1,0,0,2305843009213693967:40;2305843009213693973:3,Symbolica_default,cached_powers_Q,5,2,0.332,BalancedZippelSeparated
fire7_nb0_rank3127,Automatic,1,ok,272.501,36,2,1,0,0,2305843009213693967:33;2305843009213693973:3,Symbolica_default,cached_powers_Q,3,2,0.527,BalancedZippelSeparated
fire7_nb0_rank3128,Automatic,1,ok,276.721,36,2,1,0,0,2305843009213693967:33;2305843009213693973:3,Symbolica_default,cached_powers_Q,3,2,0.343,BalancedZippelSeparated
fire7_nb0_rank3129,Automatic,1,ok,244.001,38,2,1,0,0,2305843009213693967:35;2305843009213693973:3,Symbolica_default,cached_powers_Q,3,2,0.265,BalancedZippelSeparated
fire7_nb0_rank3130,Automatic,1,ok,298.411,34,2,1,0,0,2305843009213693967:31;2305843009213693973:3,Symbolica_default,cached_powers_Q,6,1,0.222,BalancedZippelSeparated
fire7_nb0_rank3131,Automatic,1,ok,260.941,34,2,1,0,0,2305843009213693967:31;2305843009213693973:3,Symbolica_default,cached_powers_Q,3,4,0.355,BalancedZippelSeparated
fire7_nb0_rank3132,Automatic,1,ok,466.961,34,2,1,0,0,2305843009213693967:31;2305843009213693973:3,Symbolica_default,cached_powers_Q,3,4,0.308,BalancedZippelSeparated
fire7_nb0_rank3133,Automatic,1,ok,338.132,34,2,1,0,0,2305843009213693967:31;2305843009213693973:3,Symbolica_default,cached_powers_Q,3,4,0.379,BalancedZippelSeparated
fire7_nb0_rank3134,Automatic,1,ok,316.761,34,2,1,0,0,2305843009213693967:31;2305843009213693973:3,Symbolica_default,cached_powers_Q,3,4,0.592,BalancedZippelSeparated
fire7_nb0_rank3135,Automatic,1,ok,522.322,35,2,1,0,0,2305843009213693967:32;2305843009213693973:3,Symbolica_default,cached_powers_Q,3,2,0.370,BalancedZippelSeparated
fire7_nb0_rank3136,Automatic,1,ok,462.621,35,2,1,0,0,2305843009213693967:32;2305843009213693973:3,Symbolica_default,cached_powers_Q,3,2,0.310,BalancedZippelSeparated
fire7_nb0_rank3137,Automatic,1,ok,276.871,34,2,1,0,0,2305843009213693967:31;2305843009213693973:3,Symbolica_default,cached_powers_Q,6,1,0.382,BalancedZippelSeparated
fire7_nb0_rank3138,Automatic,1,ok,510.202,33,2,1,0,0,2305843009213693967:30;2305843009213693973:3,Symbolica_default,cached_powers_Q,6,2,0.307,BalancedZippelSeparated
fire7_nb0_rank3139,Automatic,1,ok,323.381,34,2,1,0,0,2305843009213693967:31;2305843009213693973:3,Symbolica_default,cached_powers_Q,3,4,0.485,BalancedZippelSeparated
fire7_nb0_rank3140,Automatic,1,ok,288.491,36,2,1,0,0,2305843009213693967:33;2305843009213693973:3,Symbolica_default,cached_powers_Q,6,2,0.548,BalancedZippelSeparated
fire7_nb0_rank3141,Automatic,1,ok,632.322,33,2,1,0,0,2305843009213693967:30;2305843009213693973:3,Symbolica_default,cached_powers_Q,4,4,0.404,BalancedZippelSeparated
fire7_nb0_rank3142,Automatic,1,ok,354.251,32,2,1,0,0,2305843009213693967:29;2305843009213693973:3,Symbolica_default,cached_powers_Q,6,1,0.336,BalancedZippelSeparated
fire7_nb0_rank3143,Automatic,1,ok,438.931,34,2,1,0,0,2305843009213693967:31;2305843009213693973:3,Symbolica_default,cached_powers_Q,6,1,0.307,BalancedZippelSeparated
fire7_nb0_rank3144,Automatic,1,ok,283.601,34,2,1,0,0,2305843009213693967:31;2305843009213693973:3,Symbolica_default,cached_powers_Q,6,1,0.526,BalancedZippelSeparated
fire7_nb0_rank3145,Automatic,1,ok,256.981,34,2,1,0,0,2305843009213693967:31;2305843009213693973:3,Symbolica_default,cached_powers_Q,3,4,0.343,BalancedZippelSeparated
fire7_nb0_rank3146,Automatic,1,ok,255.301,34,2,1,0,0,2305843009213693967:31;2305843009213693973:3,Symbolica_default,cached_powers_Q,3,4,0.559,BalancedZippelSeparated
fire7_nb0_rank3147,Automatic,1,ok,286.931,35,2,1,0,0,2305843009213693967:32;2305843009213693973:3,Symbolica_default,cached_powers_Q,4,2,0.295,BalancedZippelSeparated
fire7_nb0_rank3148,Automatic,1,ok,235.060,33,2,1,0,0,2305843009213693967:30;2305843009213693973:3,Symbolica_default,cached_powers_Q,4,1,0.541,BalancedZippelSeparated
fire7_nb0_rank3149,Automatic,1,ok,222.601,33,2,1,0,0,2305843009213693967:30;2305843009213693973:3,Symbolica_default,cached_powers_Q,4,1,0.369,BalancedZippelSeparated
fire7_nb0_rank3150,Automatic,1,ok,372.391,34,2,1,0,0,2305843009213693967:31;2305843009213693973:3,Symbolica_default,cached_powers_Q,5,2,0.388,BalancedZippelSeparated
fire7_nb0_rank3151,Automatic,1,ok,275.181,34,2,1,0,0,2305843009213693967:31;2305843009213693973:3,Symbolica_default,cached_powers_Q,3,4,0.591,BalancedZippelSeparated
fire7_nb0_rank3152,Automatic,1,ok,487.321,34,2,1,0,0,2305843009213693967:31;2305843009213693973:3,Symbolica_default,cached_powers_Q,3,4,0.393,BalancedZippelSeparated
fire7_nb0_rank3153,Automatic,1,ok,290.191,34,2,1,0,0,2305843009213693967:31;2305843009213693973:3,Symbolica_default,cached_powers_Q,3,4,0.490,BalancedZippelSeparated
fire7_nb0_rank3154,Automatic,1,ok,268.850,33,2,1,0,0,2305843009213693967:30;2305843009213693973:3,Symbolica_default,cached_powers_Q,3,2,0.318,BalancedZippelSeparated
fire7_nb0_rank3155,Automatic,1,ok,537.192,33,2,1,0,0,2305843009213693967:30;2305843009213693973:3,Symbolica_default,cached_powers_Q,3,2,0.392,BalancedZippelSeparated
fire7_nb0_rank3156,Automatic,1,ok,345.022,34,2,1,0,0,2305843009213693967:31;2305843009213693973:3,Symbolica_default,cached_powers_Q,4,4,0.661,BalancedZippelSeparated
fire7_nb0_rank3157,Automatic,1,ok,516.751,31,2,1,0,0,2305843009213693967:28;2305843009213693973:3,Symbolica_default,cached_powers_Q,4,2,0.385,BalancedZippelSeparated
fire7_nb0_rank3158,Automatic,1,ok,239.161,42,2,1,0,0,2305843009213693967:39;2305843009213693973:3,Symbolica_default,cached_powers_Q,3,3,0.571,BalancedZippelSeparated
fire7_nb0_rank3159,Automatic,1,ok,432.521,33,2,1,0,0,2305843009213693967:30;2305843009213693973:3,Symbolica_default,cached_powers_Q,6,2,0.312,BalancedZippelSeparated
fire7_nb0_rank3160,Automatic,1,ok,223.871,34,2,1,0,0,2305843009213693967:31;2305843009213693973:3,Symbolica_default,cached_powers_Q,5,1,0.466,BalancedZippelSeparated
fire7_nb0_rank3161,Automatic,1,ok,259.321,34,2,1,0,0,2305843009213693967:31;2305843009213693973:3,Symbolica_default,cached_powers_Q,5,1,0.308,BalancedZippelSeparated
fire7_nb0_rank3162,Automatic,1,ok,238.361,34,2,1,0,0,2305843009213693967:31;2305843009213693973:3,Symbolica_default,cached_powers_Q,5,1,0.315,BalancedZippelSeparated
fire7_nb0_rank3163,Automatic,1,ok,248.051,38,2,1,0,0,2305843009213693967:35;2305843009213693973:3,Symbolica_default,cached_powers_Q,3,2,0.545,BalancedZippelSeparated
fire7_nb0_rank3164,Automatic,1,ok,550.372,34,2,1,0,0,2305843009213693967:31;2305843009213693973:3,Symbolica_default,cached_powers_Q,3,4,0.360,BalancedZippelSeparated
fire7_nb0_rank3165,Automatic,1,ok,406.232,34,2,1,0,0,2305843009213693967:31;2305843009213693973:3,Symbolica_default,cached_powers_Q,3,4,0.513,BalancedZippelSeparated
fire7_nb0_rank3166,Automatic,1,ok,317.181,36,2,1,0,0,2305843009213693967:33;2305843009213693973:3,Symbolica_default,cached_powers_Q,6,2,0.580,BalancedZippelSeparated
fire7_nb0_rank3167,Automatic,1,ok,512.042,36,2,1,0,0,2305843009213693967:33;2305843009213693973:3,Symbolica_default,cached_powers_Q,6,2,0.370,BalancedZippelSeparated
fire7_nb0_rank3168,Automatic,1,ok,234.681,41,2,1,0,0,2305843009213693967:38;2305843009213693973:3,Symbolica_default,cached_powers_Q,3,3,0.286,BalancedZippelSeparated
fire7_nb0_rank3169,Automatic,1,ok,253.191,34,2,1,0,0,2305843009213693967:31;2305843009213693973:3,Symbolica_default,cached_powers_Q,5,1,0.330,BalancedZippelSeparated
fire7_nb0_rank3170,Automatic,1,ok,235.191,36,2,1,0,0,2305843009213693967:33;2305843009213693973:3,Symbolica_default,cached_powers_Q,2,3,0.476,BalancedZippelSeparated
fire7_nb0_rank3171,Automatic,1,ok,210.251,36,2,1,0,0,2305843009213693967:33;2305843009213693973:3,Symbolica_default,cached_powers_Q,2,3,0.334,BalancedZippelSeparated
fire7_nb0_rank3172,Automatic,1,ok,232.641,33,2,1,0,0,2305843009213693967:30;2305843009213693973:3,Symbolica_default,cached_powers_Q,3,2,0.305,BalancedZippelSeparated
fire7_nb0_rank3173,Automatic,1,ok,535.522,39,2,1,0,0,2305843009213693967:36;2305843009213693973:3,Symbolica_default,cached_powers_Q,4,3,0.345,BalancedZippelSeparated
fire7_nb0_rank3174,Automatic,1,ok,493.882,33,2,1,0,0,2305843009213693967:30;2305843009213693973:3,Symbolica_default,cached_powers_Q,3,2,0.389,BalancedZippelSeparated
fire7_nb0_rank3175,Automatic,1,ok,444.632,33,2,1,0,0,2305843009213693967:30;2305843009213693973:3,Symbolica_default,cached_powers_Q,3,2,0.398,BalancedZippelSeparated
fire7_nb0_rank3176,Automatic,1,ok,328.431,35,2,1,0,0,2305843009213693967:32;2305843009213693973:3,Symbolica_default,cached_powers_Q,4,3,0.575,BalancedZippelSeparated
fire7_nb0_rank3177,Automatic,1,ok,225.930,33,2,1,0,0,2305843009213693967:30;2305843009213693973:3,Symbolica_default,cached_powers_Q,3,2,0.361,BalancedZippelSeparated
fire7_nb0_rank3178,Automatic,1,ok,232.610,33,2,1,0,0,2305843009213693967:30;2305843009213693973:3,Symbolica_default,cached_powers_Q,3,2,0.372,BalancedZippelSeparated
fire7_nb0_rank3179,Automatic,1,ok,240.731,33,2,1,0,0,2305843009213693967:30;2305843009213693973:3,Symbolica_default,cached_powers_Q,3,2,0.308,BalancedZippelSeparated
fire7_nb0_rank3180,Automatic,1,ok,370.612,32,2,1,0,0,2305843009213693967:29;2305843009213693973:3,Symbolica_default,cached_powers_Q,4,1,0.319,BalancedZippelSeparated
fire7_nb0_rank3181,Automatic,1,ok,224.211,33,2,1,0,0,2305843009213693967:30;2305843009213693973:3,Symbolica_default,cached_powers_Q,3,2,0.344,BalancedZippelSeparated
fire7_nb0_rank3182,Automatic,1,ok,406.141,33,2,1,0,0,2305843009213693967:30;2305843009213693973:3,Symbolica_default,cached_powers_Q,3,2,0.331,BalancedZippelSeparated
fire7_nb0_rank3183,Automatic,1,ok,326.731,35,2,1,0,0,2305843009213693967:32;2305843009213693973:3,Symbolica_default,cached_powers_Q,4,3,0.371,BalancedZippelSeparated
fire7_nb0_rank3184,Automatic,1,ok,320.981,35,2,1,0,0,2305843009213693967:32;2305843009213693973:3,Symbolica_default,cached_powers_Q,4,3,0.414,BalancedZippelSeparated
fire7_nb0_rank3185,Automatic,1,ok,248.910,41,2,1,0,0,2305843009213693967:38;2305843009213693973:3,Symbolica_default,cached_powers_Q,3,3,0.670,BalancedZippelSeparated
fire7_nb0_rank3186,Automatic,1,ok,285.901,33,2,1,0,0,2305843009213693967:30;2305843009213693973:3,Symbolica_default,cached_powers_Q,3,2,0.620,BalancedZippelSeparated
fire7_nb0_rank3187,Automatic,1,ok,244.131,32,2,1,0,0,2305843009213693967:29;2305843009213693973:3,Symbolica_default,cached_powers_Q,4,1,0.531,BalancedZippelSeparated
fire7_nb0_rank3188,Automatic,1,ok,308.191,31,2,1,0,0,2305843009213693967:28;2305843009213693973:3,Symbolica_default,cached_powers_Q,4,1,0.465,BalancedZippelSeparated
fire7_nb0_rank3189,Automatic,1,ok,258.351,33,2,1,0,0,2305843009213693967:30;2305843009213693973:3,Symbolica_default,cached_powers_Q,3,2,0.498,BalancedZippelSeparated
fire7_nb0_rank3190,Automatic,1,ok,478.601,34,2,1,0,0,2305843009213693967:31;2305843009213693973:3,Symbolica_default,cached_powers_Q,6,1,0.335,BalancedZippelSeparated
fire7_nb0_rank3191,Automatic,1,ok,394.411,33,2,1,0,0,2305843009213693967:30;2305843009213693973:3,Symbolica_default,cached_powers_Q,3,2,0.352,BalancedZippelSeparated
fire7_nb0_rank3192,Automatic,1,ok,217.021,32,2,1,0,0,2305843009213693967:29;2305843009213693973:3,Symbolica_default,cached_powers_Q,6,1,0.295,BalancedZippelSeparated
fire7_nb0_rank3193,Automatic,1,ok,255.751,30,2,1,0,0,2305843009213693967:27;2305843009213693973:3,Symbolica_default,cached_powers_Q,4,1,0.445,BalancedZippelSeparated
fire7_nb0_rank3194,Automatic,1,ok,419.811,33,2,1,0,0,2305843009213693967:30;2305843009213693973:3,Symbolica_default,cached_powers_Q,3,2,0.363,BalancedZippelSeparated
fire7_nb0_rank3195,Automatic,1,ok,451.161,30,2,1,0,0,2305843009213693967:27;2305843009213693973:3,Symbolica_default,cached_powers_Q,4,1,0.373,BalancedZippelSeparated
fire7_nb0_rank3196,Automatic,1,ok,305.701,33,2,1,0,0,2305843009213693967:30;2305843009213693973:3,Symbolica_default,cached_powers_Q,3,2,0.595,BalancedZippelSeparated
fire7_nb0_rank3197,Automatic,1,ok,557.652,32,2,1,0,0,2305843009213693967:29;2305843009213693973:3,Symbolica_default,cached_powers_Q,6,1,0.340,BalancedZippelSeparated
fire7_nb0_rank3198,Automatic,1,ok,288.822,30,2,1,0,0,2305843009213693967:27;2305843009213693973:3,Symbolica_default,cached_powers_Q,4,1,0.342,BalancedZippelSeparated
fire7_nb0_rank3199,Automatic,1,ok,429.722,33,2,1,0,0,2305843009213693967:30;2305843009213693973:3,Symbolica_default,cached_powers_Q,3,2,0.364,BalancedZippelSeparated
fire7_nb0_rank3200,Automatic,1,ok,422.681,30,2,1,0,0,2305843009213693967:27;2305843009213693973:3,Symbolica_default,cached_powers_Q,4,1,0.278,BalancedZippelSeparated
fire7_nb0_rank3201,Automatic,1,ok,245.592,31,2,1,0,0,2305843009213693967:28;2305843009213693973:3,Symbolica_default,cached_powers_Q,4,1,0.262,BalancedZippelSeparated
fire7_nb0_rank3202,Automatic,1,ok,404.051,29,2,1,0,0,2305843009213693967:26;2305843009213693973:3,Symbolica_default,cached_powers_Q,4,1,0.415,BalancedZippelSeparated
fire7_nb0_rank3203,Automatic,1,ok,253.341,30,2,1,0,0,2305843009213693967:27;2305843009213693973:3,Symbolica_default,cached_powers_Q,4,1,0.312,BalancedZippelSeparated
fire7_nb0_rank3204,Automatic,1,ok,299.132,33,2,1,0,0,2305843009213693967:30;2305843009213693973:3,Symbolica_default,cached_powers_Q,3,2,0.577,BalancedZippelSeparated
fire7_nb0_rank3205,Automatic,1,ok,274.991,33,2,1,0,0,2305843009213693967:30;2305843009213693973:3,Symbolica_default,cached_powers_Q,3,2,0.362,BalancedZippelSeparated
fire7_nb0_rank3206,Automatic,1,ok,404.782,33,2,1,0,0,2305843009213693967:30;2305843009213693973:3,Symbolica_default,cached_powers_Q,3,2,0.390,BalancedZippelSeparated
fire7_nb0_rank3207,Automatic,1,ok,240.781,30,2,1,0,0,2305843009213693967:27;2305843009213693973:3,Symbolica_default,cached_powers_Q,4,1,0.604,BalancedZippelSeparated
fire7_nb0_rank3208,Automatic,1,ok,242.512,31,2,1,0,0,2305843009213693967:28;2305843009213693973:3,Symbolica_default,cached_powers_Q,3,2,0.554,BalancedZippelSeparated
fire7_nb0_rank3209,Automatic,1,ok,239.601,30,2,1,0,0,2305843009213693967:27;2305843009213693973:3,Symbolica_default,cached_powers_Q,4,1,0.518,BalancedZippelSeparated
fire7_nb0_rank3210,Automatic,1,ok,219.101,33,2,1,0,0,2305843009213693967:30;2305843009213693973:3,Symbolica_default,cached_powers_Q,3,2,0.617,BalancedZippelSeparated
fire7_nb0_rank3211,Automatic,1,ok,270.101,33,2,1,0,0,2305843009213693967:30;2305843009213693973:3,Symbolica_default,cached_powers_Q,3,2,0.360,BalancedZippelSeparated
fire7_nb0_rank3212,Automatic,1,ok,214.101,30,2,1,0,0,2305843009213693967:27;2305843009213693973:3,Symbolica_default,cached_powers_Q,4,1,0.264,BalancedZippelSeparated
fire7_nb0_rank3213,Automatic,1,ok,235.400,31,2,1,0,0,2305843009213693967:28;2305843009213693973:3,Symbolica_default,cached_powers_Q,3,2,0.547,BalancedZippelSeparated
fire7_nb0_rank3214,Automatic,1,ok,267.661,31,2,1,0,0,2305843009213693967:28;2305843009213693973:3,Symbolica_default,cached_powers_Q,3,2,0.570,BalancedZippelSeparated
fire7_nb0_rank3215,Automatic,1,ok,292.391,31,2,1,0,0,2305843009213693967:28;2305843009213693973:3,Symbolica_default,cached_powers_Q,3,2,0.603,BalancedZippelSeparated
fire7_nb0_rank3216,Automatic,1,ok,260.151,31,2,1,0,0,2305843009213693967:28;2305843009213693973:3,Symbolica_default,cached_powers_Q,3,2,0.427,BalancedZippelSeparated
fire7_nb0_rank3217,Automatic,1,ok,252.031,31,2,1,0,0,2305843009213693967:28;2305843009213693973:3,Symbolica_default,cached_powers_Q,3,2,0.514,BalancedZippelSeparated
fire7_nb0_rank3218,Automatic,1,ok,294.550,36,2,1,0,0,2305843009213693967:33;2305843009213693973:3,Symbolica_default,cached_powers_Q,2,3,0.394,BalancedZippelSeparated
fire7_nb0_rank3219,Automatic,1,ok,479.081,31,2,1,0,0,2305843009213693967:28;2305843009213693973:3,Symbolica_default,cached_powers_Q,3,2,0.407,BalancedZippelSeparated
fire7_nb0_rank3220,Automatic,1,ok,392.021,32,2,1,0,0,2305843009213693967:29;2305843009213693973:3,Symbolica_default,cached_powers_Q,3,2,0.367,BalancedZippelSeparated
fire7_nb0_rank3221,Automatic,1,ok,442.402,32,2,1,0,0,2305843009213693967:29;2305843009213693973:3,Symbolica_default,cached_powers_Q,3,2,0.352,BalancedZippelSeparated
fire7_nb0_rank3222,Automatic,1,ok,233.241,32,2,1,0,0,2305843009213693967:29;2305843009213693973:3,Symbolica_default,cached_powers_Q,3,2,0.402,BalancedZippelSeparated
fire7_nb0_rank3223,Automatic,1,ok,212.930,31,2,1,0,0,2305843009213693967:28;2305843009213693973:3,Symbolica_default,cached_powers_Q,3,2,0.545,BalancedZippelSeparated
fire7_nb0_rank3224,Automatic,1,ok,243.221,34,2,1,0,0,2305843009213693967:31;2305843009213693973:3,Symbolica_default,cached_powers_Q,5,1,0.351,BalancedZippelSeparated
fire7_nb0_rank3225,Automatic,1,ok,352.531,39,2,1,0,0,2305843009213693967:36;2305843009213693973:3,Symbolica_default,cached_powers_Q,5,3,0.364,BalancedZippelSeparated
fire7_nb0_rank3226,Automatic,1,ok,456.812,29,2,1,0,0,2305843009213693967:26;2305843009213693973:3,Symbolica_default,cached_powers_Q,4,1,0.297,BalancedZippelSeparated
fire7_nb0_rank3227,Automatic,1,ok,453.271,31,2,1,0,0,2305843009213693967:28;2305843009213693973:3,Symbolica_default,cached_powers_Q,3,2,0.372,BalancedZippelSeparated
fire7_nb0_rank3228,Automatic,1,ok,271.031,31,2,1,0,0,2305843009213693967:28;2305843009213693973:3,Symbolica_default,cached_powers_Q,3,2,0.582,BalancedZippelSeparated
fire7_nb0_rank3229,Automatic,1,ok,261.161,31,2,1,0,0,2305843009213693967:28;2305843009213693973:3,Symbolica_default,cached_powers_Q,3,2,0.660,BalancedZippelSeparated
fire7_nb0_rank3230,Automatic,1,ok,447.791,31,2,1,0,0,2305843009213693967:28;2305843009213693973:3,Symbolica_default,cached_powers_Q,3,2,0.401,BalancedZippelSeparated
fire7_nb0_rank3231,Automatic,1,ok,459.281,31,2,1,0,0,2305843009213693967:28;2305843009213693973:3,Symbolica_default,cached_powers_Q,3,2,0.326,BalancedZippelSeparated
fire7_nb0_rank3232,Automatic,1,ok,253.101,40,2,1,0,0,2305843009213693967:37;2305843009213693973:3,Symbolica_default,cached_powers_Q,3,3,0.597,BalancedZippelSeparated
fire7_nb0_rank3233,Automatic,1,ok,284.981,31,2,1,0,0,2305843009213693967:28;2305843009213693973:3,Symbolica_default,cached_powers_Q,3,2,0.368,BalancedZippelSeparated
fire7_nb0_rank3234,Automatic,1,ok,324.411,31,2,1,0,0,2305843009213693967:28;2305843009213693973:3,Symbolica_default,cached_powers_Q,3,2,0.501,BalancedZippelSeparated
fire7_nb0_rank3235,Automatic,1,ok,261.640,31,2,1,0,0,2305843009213693967:28;2305843009213693973:3,Symbolica_default,cached_powers_Q,3,2,0.392,BalancedZippelSeparated
fire7_nb0_rank3236,Automatic,1,ok,313.761,31,2,1,0,0,2305843009213693967:28;2305843009213693973:3,Symbolica_default,cached_powers_Q,3,2,0.374,BalancedZippelSeparated
fire7_nb0_rank3237,Automatic,1,ok,200.241,31,2,1,0,0,2305843009213693967:28;2305843009213693973:3,Symbolica_default,cached_powers_Q,3,2,0.535,BalancedZippelSeparated
fire7_nb0_rank3238,Automatic,1,ok,356.501,35,2,1,0,0,2305843009213693967:32;2305843009213693973:3,Symbolica_default,cached_powers_Q,3,1,0.311,BalancedZippelSeparated
fire7_nb0_rank3239,Automatic,1,ok,296.172,36,2,1,0,0,2305843009213693967:33;2305843009213693973:3,Symbolica_default,cached_powers_Q,5,2,0.316,BalancedZippelSeparated
fire7_nb0_rank3240,Automatic,1,ok,227.071,37,2,1,0,0,2305843009213693967:34;2305843009213693973:3,Symbolica_default,cached_powers_Q,3,3,0.272,BalancedZippelSeparated
fire7_nb0_rank3241,Automatic,1,ok,232.231,31,2,1,0,0,2305843009213693967:28;2305843009213693973:3,Symbolica_default,cached_powers_Q,3,2,0.570,BalancedZippelSeparated
fire7_nb0_rank3242,Automatic,1,ok,218.921,31,2,1,0,0,2305843009213693967:28;2305843009213693973:3,Symbolica_default,cached_powers_Q,3,2,0.348,BalancedZippelSeparated
fire7_nb0_rank3243,Automatic,1,ok,190.830,31,2,1,0,0,2305843009213693967:28;2305843009213693973:3,Symbolica_default,cached_powers_Q,3,2,0.541,BalancedZippelSeparated
fire7_nb0_rank3244,Automatic,1,ok,310.271,37,2,1,0,0,2305843009213693967:34;2305843009213693973:3,Symbolica_default,cached_powers_Q,2,3,0.387,BalancedZippelSeparated
fire7_nb0_rank3245,Automatic,1,ok,239.710,33,2,1,0,0,2305843009213693967:30;2305843009213693973:3,Symbolica_default,cached_powers_Q,3,1,0.611,BalancedZippelSeparated
fire7_nb0_rank3246,Automatic,1,ok,269.171,34,2,1,0,0,2305843009213693967:31;2305843009213693973:3,Symbolica_default,cached_powers_Q,5,1,0.329,BalancedZippelSeparated
fire7_nb0_rank3247,Automatic,1,ok,234.101,34,2,1,0,0,2305843009213693967:31;2305843009213693973:3,Symbolica_default,cached_powers_Q,5,1,0.303,BalancedZippelSeparated
fire7_nb0_rank3248,Automatic,1,ok,191.341,31,2,1,0,0,2305843009213693967:28;2305843009213693973:3,Symbolica_default,cached_powers_Q,4,1,0.438,BalancedZippelSeparated
fire7_nb0_rank3249,Automatic,1,ok,201.871,33,2,1,0,0,2305843009213693967:30;2305843009213693973:3,Symbolica_default,cached_powers_Q,3,1,0.297,BalancedZippelSeparated
fire7_nb0_rank3250,Automatic,1,ok,219.761,34,2,1,0,0,2305843009213693967:31;2305843009213693973:3,Symbolica_default,cached_powers_Q,2,3,0.320,BalancedZippelSeparated
fire7_nb0_rank3251,Automatic,1,ok,215.411,20,2,1,0,0,2305843009213693967:17;2305843009213693973:3,Symbolica_default,cached_powers_Q,3,2,0.531,BalancedZippelSeparated
fire7_nb0_rank3252,Automatic,1,ok,313.902,32,2,1,0,0,2305843009213693967:29;2305843009213693973:3,Symbolica_default,cached_powers_Q,4,2,0.396,BalancedZippelSeparated
fire7_nb0_rank3253,Automatic,1,ok,260.021,34,2,1,0,0,2305843009213693967:31;2305843009213693973:3,Symbolica_default,cached_powers_Q,2,3,0.594,BalancedZippelSeparated
fire7_nb0_rank3254,Automatic,1,ok,536.702,29,2,1,0,0,2305843009213693967:26;2305843009213693973:3,Symbolica_default,cached_powers_Q,4,1,0.361,BalancedZippelSeparated
fire7_nb0_rank3255,Automatic,1,ok,244.361,34,2,1,0,0,2305843009213693967:31;2305843009213693973:3,Symbolica_default,cached_powers_Q,2,3,0.357,BalancedZippelSeparated
fire7_nb0_rank3256,Automatic,1,ok,211.640,34,2,1,0,0,2305843009213693967:31;2305843009213693973:3,Symbolica_default,cached_powers_Q,2,3,0.329,BalancedZippelSeparated
fire7_nb0_rank3257,Automatic,1,ok,452.602,34,2,1,0,0,2305843009213693967:31;2305843009213693973:3,Symbolica_default,cached_powers_Q,5,1,0.313,BalancedZippelSeparated
fire7_nb0_rank3258,Automatic,1,ok,535.602,30,2,1,0,0,2305843009213693967:27;2305843009213693973:3,Symbolica_default,cached_powers_Q,2,2,0.405,BalancedZippelSeparated
fire7_nb0_rank3259,Automatic,1,ok,263.821,35,2,1,0,0,2305843009213693967:32;2305843009213693973:3,Symbolica_default,cached_powers_Q,1,3,0.558,BalancedZippelSeparated
fire7_nb0_rank3260,Automatic,1,ok,446.841,33,2,1,0,0,2305843009213693967:30;2305843009213693973:3,Symbolica_default,cached_powers_Q,3,1,0.346,BalancedZippelSeparated
fire7_nb0_rank3261,Automatic,1,ok,377.201,20,2,1,0,0,2305843009213693967:17;2305843009213693973:3,Symbolica_default,cached_powers_Q,3,2,0.378,BalancedZippelSeparated
fire7_nb0_rank3262,Automatic,1,ok,201.501,33,2,1,0,0,2305843009213693967:30;2305843009213693973:3,Symbolica_default,cached_powers_Q,3,1,0.352,BalancedZippelSeparated
fire7_nb0_rank3263,Automatic,1,ok,222.000,34,2,1,0,0,2305843009213693967:31;2305843009213693973:3,Symbolica_default,cached_powers_Q,2,3,0.547,BalancedZippelSeparated
fire7_nb0_rank3264,Automatic,1,ok,409.841,34,2,1,0,0,2305843009213693967:31;2305843009213693973:3,Symbolica_default,cached_powers_Q,3,2,0.333,BalancedZippelSeparated
fire7_nb0_rank3265,Automatic,1,ok,385.531,34,2,1,0,0,2305843009213693967:31;2305843009213693973:3,Symbolica_default,cached_powers_Q,2,3,0.317,BalancedZippelSeparated
fire7_nb0_rank3266,Automatic,1,ok,370.091,28,2,1,0,0,2305843009213693967:25;2305843009213693973:3,Symbolica_default,cached_powers_Q,2,2,0.303,BalancedZippelSeparated
fire7_nb0_rank3267,Automatic,1,ok,217.141,34,2,1,0,0,2305843009213693967:31;2305843009213693973:3,Symbolica_default,cached_powers_Q,1,3,0.299,BalancedZippelSeparated
fire7_nb0_rank3268,Automatic,1,ok,215.481,29,2,1,0,0,2305843009213693967:26;2305843009213693973:3,Symbolica_default,cached_powers_Q,2,2,0.546,BalancedZippelSeparated
fire7_nb0_rank3269,Automatic,1,ok,247.191,28,2,1,0,0,2305843009213693967:25;2305843009213693973:3,Symbolica_default,cached_powers_Q,2,2,0.331,BalancedZippelSeparated
fire7_nb0_rank3270,Automatic,1,ok,154.630,30,2,1,0,0,2305843009213693967:27;2305843009213693973:3,Symbolica_default,cached_powers_Q,2,1,0.329,BalancedZippelSeparated
fire7_nb0_rank3271,Automatic,1,ok,478.192,28,2,1,0,0,2305843009213693967:25;2305843009213693973:3,Symbolica_default,cached_powers_Q,2,2,0.609,BalancedZippelSeparated
fire7_nb0_rank3272,Automatic,1,ok,264.311,28,2,1,0,0,2305843009213693967:25;2305843009213693973:3,Symbolica_default,cached_powers_Q,2,2,0.416,BalancedZippelSeparated
fire7_nb0_rank3273,Automatic,1,ok,450.701,32,2,1,0,0,2305843009213693967:29;2305843009213693973:3,Symbolica_default,cached_powers_Q,1,3,0.373,BalancedZippelSeparated
fire7_nb0_rank3274,Automatic,1,ok,210.181,20,2,1,0,0,2305843009213693967:17;2305843009213693973:3,Symbolica_default,cached_powers_Q,3,2,0.530,BalancedZippelSeparated
fire7_nb0_rank3275,Automatic,1,ok,204.361,32,2,1,0,0,2305843009213693967:29;2305843009213693973:3,Symbolica_default,cached_powers_Q,1,3,0.249,BalancedZippelSeparated
fire7_nb0_rank3276,Automatic,1,ok,214.220,33,2,1,0,0,2305843009213693967:30;2305843009213693973:3,Symbolica_default,cached_powers_Q,3,2,0.549,BalancedZippelSeparated
fire7_nb0_rank3277,Automatic,1,ok,271.551,33,2,1,0,0,2305843009213693967:30;2305843009213693973:3,Symbolica_default,cached_powers_Q,3,2,0.382,BalancedZippelSeparated
fire7_nb0_rank3278,Automatic,1,ok,246.411,28,2,1,0,0,2305843009213693967:25;2305843009213693973:3,Symbolica_default,cached_powers_Q,2,2,0.384,BalancedZippelSeparated
fire7_nb0_rank3279,Automatic,1,ok,235.191,28,2,1,0,0,2305843009213693967:25;2305843009213693973:3,Symbolica_default,cached_powers_Q,2,2,0.385,BalancedZippelSeparated
fire7_nb0_rank3280,Automatic,1,ok,199.881,20,2,1,0,0,2305843009213693967:17;2305843009213693973:3,Symbolica_default,cached_powers_Q,3,2,0.379,BalancedZippelSeparated
fire7_nb0_rank3281,Automatic,1,ok,193.421,30,2,1,0,0,2305843009213693967:27;2305843009213693973:3,Symbolica_default,cached_powers_Q,2,2,0.496,BalancedZippelSeparated
fire7_nb0_rank3282,Automatic,1,ok,342.081,18,2,1,0,0,2305843009213693967:15;2305843009213693973:3,Symbolica_default,cached_powers_Q,2,2,0.347,BalancedZippelSeparated
fire7_nb0_rank3283,Automatic,1,ok,175.301,27,2,1,0,0,2305843009213693967:24;2305843009213693973:3,Symbolica_default,cached_powers_Q,2,1,0.297,BalancedZippelSeparated
fire7_nb0_rank3284,Automatic,1,ok,159.111,27,2,1,0,0,2305843009213693967:24;2305843009213693973:3,Symbolica_default,cached_powers_Q,2,1,0.307,BalancedZippelSeparated
fire7_nb0_rank3285,Automatic,1,ok,531.213,34,2,1,0,0,2305843009213693967:31;2305843009213693973:3,Symbolica_default,cached_powers_Q,2,3,0.273,BalancedZippelSeparated
fire7_nb0_rank3286,Automatic,1,ok,191.060,18,2,1,0,0,2305843009213693967:15;2305843009213693973:3,Symbolica_default,cached_powers_Q,2,2,0.294,BalancedZippelSeparated
fire7_nb0_rank3287,Automatic,1,ok,377.952,30,2,1,0,0,2305843009213693967:27;2305843009213693973:3,Symbolica_default,cached_powers_Q,2,2,0.273,BalancedZippelSeparated
fire7_nb0_rank3288,Automatic,1,ok,210.721,34,2,1,0,0,2305843009213693967:31;2305843009213693973:3,Symbolica_default,cached_powers_Q,2,3,0.320,BalancedZippelSeparated
fire7_nb0_rank3289,Automatic,1,ok,190.681,18,2,1,0,0,2305843009213693967:15;2305843009213693973:3,Symbolica_default,cached_powers_Q,2,2,0.330,BalancedZippelSeparated
fire7_nb0_rank3290,Automatic,1,ok,275.461,18,2,1,0,0,2305843009213693967:15;2305843009213693973:3,Symbolica_default,cached_powers_Q,2,2,0.515,BalancedZippelSeparated
fire7_nb0_rank3291,Automatic,1,ok,278.381,27,2,1,0,0,2305843009213693967:24;2305843009213693973:3,Symbolica_default,cached_powers_Q,2,1,0.484,BalancedZippelSeparated
fire7_nb0_rank3292,Automatic,1,ok,474.012,34,2,1,0,0,2305843009213693967:31;2305843009213693973:3,Symbolica_default,cached_powers_Q,2,3,0.305,BalancedZippelSeparated
fire7_nb0_rank3293,Automatic,1,ok,179.970,27,2,1,0,0,2305843009213693967:24;2305843009213693973:3,Symbolica_default,cached_powers_Q,2,1,0.328,BalancedZippelSeparated
fire7_nb0_rank3294,Automatic,1,ok,233.271,27,2,1,0,0,2305843009213693967:24;2305843009213693973:3,Symbolica_default,cached_powers_Q,2,1,0.429,BalancedZippelSeparated
fire7_nb0_rank3295,Automatic,1,ok,202.210,30,2,1,0,0,2305843009213693967:27;2305843009213693973:3,Symbolica_default,cached_powers_Q,2,2,0.325,BalancedZippelSeparated
fire7_nb0_rank3296,Automatic,1,ok,140.221,18,2,1,0,0,2305843009213693967:15;2305843009213693973:3,Symbolica_default,cached_powers_Q,1,2,0.250,BalancedZippelSeparated
fire7_nb0_rank3297,Automatic,1,ok,161.811,27,2,1,0,0,2305843009213693967:24;2305843009213693973:3,Symbolica_default,cached_powers_Q,2,1,0.300,BalancedZippelSeparated
fire7_nb0_rank3298,Automatic,1,ok,185.551,27,2,1,0,0,2305843009213693967:24;2305843009213693973:3,Symbolica_default,cached_powers_Q,2,1,0.345,BalancedZippelSeparated
fire7_nb0_rank3299,Automatic,1,ok,277.861,30,2,1,0,0,2305843009213693967:27;2305843009213693973:3,Symbolica_default,cached_powers_Q,2,2,0.598,BalancedZippelSeparated
fire7_nb0_rank3300,Automatic,1,ok,180.510,27,2,1,0,0,2305843009213693967:24;2305843009213693973:3,Symbolica_default,cached_powers_Q,1,1,0.517,BalancedZippelSeparated
fire7_nb0_rank3301,Automatic,1,ok,234.251,27,2,1,0,0,2305843009213693967:24;2305843009213693973:3,Symbolica_default,cached_powers_Q,2,1,0.475,BalancedZippelSeparated
fire7_nb0_rank3302,Automatic,1,ok,425.301,27,2,1,0,0,2305843009213693967:24;2305843009213693973:3,Symbolica_default,cached_powers_Q,2,1,0.308,BalancedZippelSeparated
fire7_nb0_rank3303,Automatic,1,ok,162.161,27,2,1,0,0,2305843009213693967:24;2305843009213693973:3,Symbolica_default,cached_powers_Q,2,1,0.500,BalancedZippelSeparated
fire7_nb0_rank3304,Automatic,1,ok,171.651,27,2,1,0,0,2305843009213693967:24;2305843009213693973:3,Symbolica_default,cached_powers_Q,2,1,0.382,BalancedZippelSeparated
fire7_nb0_rank3305,Automatic,1,ok,160.891,16,2,1,0,0,2305843009213693967:13;2305843009213693973:3,Symbolica_default,cached_powers_Q,2,1,0.594,BalancedZippelSeparated
fire7_nb0_rank3306,Automatic,1,ok,180.100,27,2,1,0,0,2305843009213693967:24;2305843009213693973:3,Symbolica_default,cached_powers_Q,2,1,0.264,BalancedZippelSeparated
fire7_nb0_rank3307,Automatic,1,ok,140.371,16,2,1,0,0,2305843009213693967:13;2305843009213693973:3,Symbolica_default,cached_powers_Q,2,1,0.237,BalancedZippelSeparated
fire7_nb0_rank3308,Automatic,1,ok,171.951,24,2,1,0,0,2305843009213693967:21;2305843009213693973:3,Symbolica_default,cached_powers_Q,1,1,0.390,BalancedZippelSeparated
fire7_nb0_rank3309,Automatic,1,ok,197.301,24,2,1,0,0,2305843009213693967:21;2305843009213693973:3,Symbolica_default,cached_powers_Q,1,1,0.394,BalancedZippelSeparated
fire7_nb0_rank3310,Automatic,1,ok,192.351,24,2,1,0,0,2305843009213693967:21;2305843009213693973:3,Symbolica_default,cached_powers_Q,1,1,0.249,BalancedZippelSeparated
fire7_nb0_rank3311,Automatic,1,ok,396.562,16,2,1,0,0,2305843009213693967:13;2305843009213693973:3,Symbolica_default,cached_powers_Q,2,1,0.206,BalancedZippelSeparated
fire7_nb0_rank3312,Automatic,1,ok,182.891,16,2,1,0,0,2305843009213693967:13;2305843009213693973:3,Symbolica_default,cached_powers_Q,2,1,0.207,BalancedZippelSeparated
fire7_nb0_rank3313,Automatic,1,ok,170.171,16,2,1,0,0,2305843009213693967:13;2305843009213693973:3,Symbolica_default,cached_powers_Q,2,1,0.407,BalancedZippelSeparated
fire7_nb0_rank3314,Automatic,1,ok,391.232,16,2,1,0,0,2305843009213693967:13;2305843009213693973:3,Symbolica_default,cached_powers_Q,2,1,0.197,BalancedZippelSeparated
fire7_nb0_rank3315,Automatic,1,ok,288.091,16,2,1,0,0,2305843009213693967:13;2305843009213693973:3,Symbolica_default,cached_powers_Q,2,1,0.172,BalancedZippelSeparated
fire7_nb0_rank3316,Automatic,1,ok,178.610,16,2,1,0,0,2305843009213693967:13;2305843009213693973:3,Symbolica_default,cached_powers_Q,2,1,0.172,BalancedZippelSeparated
fire7_nb0_rank3317,Automatic,1,ok,145.360,16,2,1,0,0,2305843009213693967:13;2305843009213693973:3,Symbolica_default,cached_powers_Q,2,1,0.338,BalancedZippelSeparated
fire7_nb0_rank3318,Automatic,1,ok,136.170,14,2,1,0,0,2305843009213693967:11;2305843009213693973:3,Symbolica_default,cached_powers_Q,1,1,0.101,BalancedZippelSeparated
fire7_nb0_rank3319,Automatic,1,ok,126.521,14,2,1,0,0,2305843009213693967:11;2305843009213693973:3,Symbolica_default,cached_powers_Q,1,1,0.125,BalancedZippelSeparated
