case,method,seed,status,elapsed_us,probes,primes,images,support_reuses,support_fallbacks,probes_by_prime,prime_policy,oracle,num_terms,den_terms,setup_ms,selected_methods,factor_reductions
fire7_graph5_rank0001,Automatic,1,ok,620.492,51,2,1,0,0,2305843009213693967:48;2305843009213693973:3,Symbolica_default,cached_powers_Q,26,14,0.866,BalancedZippelSeparated,0
fire7_graph5_rank0002,Automatic,1,ok,435.332,55,2,1,0,0,2305843009213693967:52;2305843009213693973:3,Symbolica_default,cached_powers_Q,29,16,3.834,BalancedZippelSeparated,0
fire7_graph5_rank0003,Automatic,1,ok,377.601,48,2,1,0,0,2305843009213693967:45;2305843009213693973:3,Symbolica_default,cached_powers_Q,24,14,0.512,BalancedZippelSeparated,0
fire7_graph5_rank0004,Automatic,1,ok,426.181,50,2,1,0,0,2305843009213693967:47;2305843009213693973:3,Symbolica_default,cached_powers_Q,22,14,0.741,BalancedZippelSeparated,0
fire7_graph5_rank0005,Automatic,1,ok,870.873,43,2,1,0,0,2305843009213693967:40;2305843009213693973:3,Symbolica_default,cached_powers_Q,20,12,0.689,BalancedZippelSeparated,0
fire7_graph5_rank0006,Automatic,1,ok,515.753,48,2,1,0,0,2305843009213693967:45;2305843009213693973:3,Symbolica_default,cached_powers_Q,24,14,0.461,BalancedZippelSeparated,0
fire7_graph5_rank0007,Automatic,1,ok,288.332,46,2,1,0,0,2305843009213693967:43;2305843009213693973:3,Symbolica_default,cached_powers_Q,19,12,0.587,BalancedZippelSeparated,0
fire7_graph5_rank0008,Automatic,1,ok,577.192,37,2,1,0,0,2305843009213693967:34;2305843009213693973:3,Symbolica_default,cached_powers_Q,16,14,0.539,BalancedZippelSeparated,0
fire7_graph5_rank0009,Automatic,1,ok,351.952,37,2,1,0,0,2305843009213693967:34;2305843009213693973:3,Symbolica_default,cached_powers_Q,16,14,0.736,BalancedZippelSeparated,0
fire7_graph5_rank0010,Automatic,1,ok,326.241,40,2,1,0,0,2305843009213693967:37;2305843009213693973:3,Symbolica_default,cached_powers_Q,18,12,0.511,BalancedZippelSeparated,0
fire7_graph5_rank0011,Automatic,1,ok,264.201,40,2,1,0,0,2305843009213693967:37;2305843009213693973:3,Symbolica_default,cached_powers_Q,16,12,0.650,BalancedZippelSeparated,0
fire7_graph5_rank0012,Automatic,1,ok,596.742,40,2,1,0,0,2305843009213693967:37;2305843009213693973:3,Symbolica_default,cached_powers_Q,17,10,0.492,BalancedZippelSeparated,0
fire7_graph5_rank0013,Automatic,1,ok,553.462,34,2,1,0,0,2305843009213693967:31;2305843009213693973:3,Symbolica_default,cached_powers_Q,13,6,0.725,BalancedZippelSeparated,0
fire7_graph5_rank0014,Automatic,1,ok,361.322,40,2,1,0,0,2305843009213693967:37;2305843009213693973:3,Symbolica_default,cached_powers_Q,17,12,0.736,BalancedZippelSeparated,0
fire7_graph5_rank0015,Automatic,1,ok,370.842,37,2,1,0,0,2305843009213693967:34;2305843009213693973:3,Symbolica_default,cached_powers_Q,16,14,0.776,BalancedZippelSeparated,0
fire7_graph5_rank0016,Automatic,1,ok,419.971,37,2,1,0,0,2305843009213693967:34;2305843009213693973:3,Symbolica_default,cached_powers_Q,16,14,0.485,BalancedZippelSeparated,0
fire7_graph5_rank0017,Automatic,1,ok,465.012,40,2,1,0,0,2305843009213693967:37;2305843009213693973:3,Symbolica_default,cached_powers_Q,16,12,0.380,BalancedZippelSeparated,0
fire7_graph5_rank0018,Automatic,1,ok,354.611,36,2,1,0,0,2305843009213693967:33;2305843009213693973:3,Symbolica_default,cached_powers_Q,14,10,0.460,BalancedZippelSeparated,0
fire7_graph5_rank0019,Automatic,1,ok,379.002,36,2,1,0,0,2305843009213693967:33;2305843009213693973:3,Symbolica_default,cached_powers_Q,14,10,0.751,BalancedZippelSeparated,0
fire7_graph5_rank0020,Automatic,1,ok,447.211,32,2,1,0,0,2305843009213693967:29;2305843009213693973:3,Symbolica_default,cached_powers_Q,12,12,0.500,BalancedZippelSeparated,0
fire7_graph5_rank0021,Automatic,1,ok,389.012,38,2,1,0,0,2305843009213693967:35;2305843009213693973:3,Symbolica_default,cached_powers_Q,13,10,0.631,BalancedZippelSeparated,0
fire7_graph5_rank0022,Automatic,1,ok,374.101,38,2,1,0,0,2305843009213693967:35;2305843009213693973:3,Symbolica_default,cached_powers_Q,13,10,0.746,BalancedZippelSeparated,0
fire7_graph5_rank0023,Automatic,1,ok,353.922,36,2,1,0,0,2305843009213693967:33;2305843009213693973:3,Symbolica_default,cached_powers_Q,14,10,0.874,BalancedZippelSeparated,0
fire7_graph5_rank0024,Automatic,1,ok,455.792,38,2,1,0,0,2305843009213693967:35;2305843009213693973:3,Symbolica_default,cached_powers_Q,14,10,0.459,BalancedZippelSeparated,0
fire7_graph5_rank0025,Automatic,1,ok,591.142,33,2,1,0,0,2305843009213693967:30;2305843009213693973:3,Symbolica_default,cached_powers_Q,12,10,0.450,BalancedZippelSeparated,0
fire7_graph5_rank0026,Automatic,1,ok,380.781,38,2,1,0,0,2305843009213693967:35;2305843009213693973:3,Symbolica_default,cached_powers_Q,14,10,0.455,BalancedZippelSeparated,0
fire7_graph5_rank0027,Automatic,1,ok,315.881,40,2,1,0,0,2305843009213693967:37;2305843009213693973:3,Symbolica_default,cached_powers_Q,13,10,0.462,BalancedZippelSeparated,0
fire7_graph5_rank0028,Automatic,1,ok,365.791,40,2,1,0,0,2305843009213693967:37;2305843009213693973:3,Symbolica_default,cached_powers_Q,13,10,0.473,BalancedZippelSeparated,0
fire7_graph5_rank0029,Automatic,1,ok,267.951,40,2,1,0,0,2305843009213693967:37;2305843009213693973:3,Symbolica_default,cached_powers_Q,17,10,0.490,BalancedZippelSeparated,0
fire7_graph5_rank0030,Automatic,1,ok,611.672,36,2,1,0,0,2305843009213693967:33;2305843009213693973:3,Symbolica_default,cached_powers_Q,14,8,0.459,BalancedZippelSeparated,0
fire7_graph5_rank0031,Automatic,1,ok,623.303,31,2,1,0,0,2305843009213693967:28;2305843009213693973:3,Symbolica_default,cached_powers_Q,12,10,0.477,BalancedZippelSeparated,0
fire7_graph5_rank0032,Automatic,1,ok,359.322,31,2,1,0,0,2305843009213693967:28;2305843009213693973:3,Symbolica_default,cached_powers_Q,10,12,0.487,BalancedZippelSeparated,0
fire7_graph5_rank0033,Automatic,1,ok,686.773,36,2,1,0,0,2305843009213693967:33;2305843009213693973:3,Symbolica_default,cached_powers_Q,14,10,0.522,BalancedZippelSeparated,0
fire7_graph5_rank0034,Automatic,1,ok,388.762,34,2,1,0,0,2305843009213693967:31;2305843009213693973:3,Symbolica_default,cached_powers_Q,13,12,0.500,BalancedZippelSeparated,0
fire7_graph5_rank0035,Automatic,1,ok,370.842,32,2,1,0,0,2305843009213693967:29;2305843009213693973:3,Symbolica_default,cached_powers_Q,9,10,0.437,BalancedZippelSeparated,0
fire7_graph5_rank0036,Automatic,1,ok,351.802,33,2,1,0,0,2305843009213693967:30;2305843009213693973:3,Symbolica_default,cached_powers_Q,12,10,0.425,BalancedZippelSeparated,0
fire7_graph5_rank0037,Automatic,1,ok,228.151,27,2,1,0,0,2305843009213693967:24;2305843009213693973:3,Symbolica_default,cached_powers_Q,6,12,0.514,BalancedZippelSeparated,0
fire7_graph5_rank0038,Automatic,1,ok,316.981,30,2,1,0,0,2305843009213693967:27;2305843009213693973:3,Symbolica_default,cached_powers_Q,10,10,0.454,BalancedZippelSeparated,0
fire7_graph5_rank0039,Automatic,1,ok,297.061,34,2,1,0,0,2305843009213693967:31;2305843009213693973:3,Symbolica_default,cached_powers_Q,10,10,0.448,BalancedZippelSeparated,0
fire7_graph5_rank0040,Automatic,1,ok,264.492,29,2,1,0,0,2305843009213693967:26;2305843009213693973:3,Symbolica_default,cached_powers_Q,9,8,0.431,BalancedZippelSeparated,0
fire7_graph5_rank0041,Automatic,1,ok,530.011,29,2,1,0,0,2305843009213693967:26;2305843009213693973:3,Symbolica_default,cached_powers_Q,9,8,0.363,BalancedZippelSeparated,0
fire7_graph5_rank0042,Automatic,1,ok,263.070,33,2,1,0,0,2305843009213693967:30;2305843009213693973:3,Symbolica_default,cached_powers_Q,13,6,0.523,BalancedZippelSeparated,0
fire7_graph5_rank0043,Automatic,1,ok,286.261,38,2,1,0,0,2305843009213693967:35;2305843009213693973:3,Symbolica_default,cached_powers_Q,14,10,0.346,BalancedZippelSeparated,0
fire7_graph5_rank0044,Automatic,1,ok,287.761,32,2,1,0,0,2305843009213693967:29;2305843009213693973:3,Symbolica_default,cached_powers_Q,12,12,0.369,BalancedZippelSeparated,0
fire7_graph5_rank0045,Automatic,1,ok,228.591,31,2,1,0,0,2305843009213693967:28;2305843009213693973:3,Symbolica_default,cached_powers_Q,12,6,0.382,BalancedZippelSeparated,0
fire7_graph5_rank0046,Automatic,1,ok,1388.895,29,2,1,0,0,2305843009213693967:26;2305843009213693973:3,Symbolica_default,cached_powers_Q,9,10,0.334,BalancedZippelSeparated,0
fire7_graph5_rank0047,Automatic,1,ok,320.651,42,2,1,0,0,2305843009213693967:39;2305843009213693973:3,Symbolica_default,cached_powers_Q,14,5,0.481,BalancedZippelSeparated,0
fire7_graph5_rank0048,Automatic,1,ok,1125.995,29,2,1,0,0,2305843009213693967:26;2305843009213693973:3,Symbolica_default,cached_powers_Q,10,10,0.333,BalancedZippelSeparated,0
fire7_graph5_rank0049,Automatic,1,ok,373.412,31,2,1,0,0,2305843009213693967:28;2305843009213693973:3,Symbolica_default,cached_powers_Q,12,6,0.612,BalancedZippelSeparated,0
fire7_graph5_rank0050,Automatic,1,ok,322.971,30,2,1,0,0,2305843009213693967:27;2305843009213693973:3,Symbolica_default,cached_powers_Q,10,10,0.494,BalancedZippelSeparated,0
fire7_graph5_rank0051,Automatic,1,ok,498.352,29,2,1,0,0,2305843009213693967:26;2305843009213693973:3,Symbolica_default,cached_powers_Q,9,8,0.367,BalancedZippelSeparated,0
fire7_graph5_rank0052,Automatic,1,ok,529.562,28,2,1,0,0,2305843009213693967:25;2305843009213693973:3,Symbolica_default,cached_powers_Q,9,8,0.415,BalancedZippelSeparated,0
fire7_graph5_rank0053,Automatic,1,ok,350.401,28,2,1,0,0,2305843009213693967:25;2305843009213693973:3,Symbolica_default,cached_powers_Q,10,8,0.465,BalancedZippelSeparated,0
fire7_graph5_rank0054,Automatic,1,ok,324.841,28,2,1,0,0,2305843009213693967:25;2305843009213693973:3,Symbolica_default,cached_powers_Q,10,8,0.626,BalancedZippelSeparated,0
fire7_graph5_rank0055,Automatic,1,ok,342.252,31,2,1,0,0,2305843009213693967:28;2305843009213693973:3,Symbolica_default,cached_powers_Q,12,6,0.405,BalancedZippelSeparated,0
fire7_graph5_rank0056,Automatic,1,ok,310.061,28,2,1,0,0,2305843009213693967:25;2305843009213693973:3,Symbolica_default,cached_powers_Q,10,8,0.722,BalancedZippelSeparated,0
fire7_graph5_rank0057,Automatic,1,ok,523.862,31,2,1,0,0,2305843009213693967:28;2305843009213693973:3,Symbolica_default,cached_powers_Q,12,10,0.471,BalancedZippelSeparated,0
fire7_graph5_rank0058,Automatic,1,ok,320.631,31,2,1,0,0,2305843009213693967:28;2305843009213693973:3,Symbolica_default,cached_powers_Q,12,6,0.433,BalancedZippelSeparated,0
fire7_graph5_rank0059,Automatic,1,ok,316.201,30,2,1,0,0,2305843009213693967:27;2305843009213693973:3,Symbolica_default,cached_powers_Q,9,10,0.397,BalancedZippelSeparated,0
fire7_graph5_rank0060,Automatic,1,ok,372.082,28,2,1,0,0,2305843009213693967:25;2305843009213693973:3,Symbolica_default,cached_powers_Q,10,8,0.414,BalancedZippelSeparated,0
fire7_graph5_rank0061,Automatic,1,ok,320.962,32,2,1,0,0,2305843009213693967:29;2305843009213693973:3,Symbolica_default,cached_powers_Q,10,5,0.462,BalancedZippelSeparated,0
fire7_graph5_rank0062,Automatic,1,ok,340.422,31,2,1,0,0,2305843009213693967:28;2305843009213693973:3,Symbolica_default,cached_powers_Q,11,10,0.764,BalancedZippelSeparated,0
fire7_graph5_rank0063,Automatic,1,ok,326.561,28,2,1,0,0,2305843009213693967:25;2305843009213693973:3,Symbolica_default,cached_powers_Q,10,8,0.532,BalancedZippelSeparated,0
fire7_graph5_rank0064,Automatic,1,ok,290.431,26,2,1,0,0,2305843009213693967:23;2305843009213693973:3,Symbolica_default,cached_powers_Q,8,8,0.726,BalancedZippelSeparated,0
fire7_graph5_rank0065,Automatic,1,ok,347.351,28,2,1,0,0,2305843009213693967:25;2305843009213693973:3,Symbolica_default,cached_powers_Q,10,8,0.432,BalancedZippelSeparated,0
fire7_graph5_rank0066,Automatic,1,ok,371.522,31,2,1,0,0,2305843009213693967:28;2305843009213693973:3,Symbolica_default,cached_powers_Q,12,10,0.522,BalancedZippelSeparated,0
fire7_graph5_rank0067,Automatic,1,ok,425.202,28,2,1,0,0,2305843009213693967:25;2305843009213693973:3,Symbolica_default,cached_powers_Q,9,8,0.561,BalancedZippelSeparated,0
fire7_graph5_rank0068,Automatic,1,ok,332.551,32,2,1,0,0,2305843009213693967:29;2305843009213693973:3,Symbolica_default,cached_powers_Q,11,8,0.495,BalancedZippelSeparated,0
fire7_graph5_rank0069,Automatic,1,ok,460.982,29,2,1,0,0,2305843009213693967:26;2305843009213693973:3,Symbolica_default,cached_powers_Q,9,6,0.824,BalancedZippelSeparated,0
fire7_graph5_rank0070,Automatic,1,ok,325.961,29,2,1,0,0,2305843009213693967:26;2305843009213693973:3,Symbolica_default,cached_powers_Q,7,10,0.662,BalancedZippelSeparated,0
fire7_graph5_rank0071,Automatic,1,ok,340.341,32,2,1,0,0,2305843009213693967:29;2305843009213693973:3,Symbolica_default,cached_powers_Q,11,8,0.448,BalancedZippelSeparated,0
fire7_graph5_rank0072,Automatic,1,ok,317.651,28,2,1,0,0,2305843009213693967:25;2305843009213693973:3,Symbolica_default,cached_powers_Q,10,8,0.744,BalancedZippelSeparated,0
fire7_graph5_rank0073,Automatic,1,ok,353.471,30,2,1,0,0,2305843009213693967:27;2305843009213693973:3,Symbolica_default,cached_powers_Q,11,5,0.417,BalancedZippelSeparated,0
fire7_graph5_rank0074,Automatic,1,ok,355.602,32,2,1,0,0,2305843009213693967:29;2305843009213693973:3,Symbolica_default,cached_powers_Q,9,10,0.671,BalancedZippelSeparated,0
fire7_graph5_rank0075,Automatic,1,ok,371.972,32,2,1,0,0,2305843009213693967:29;2305843009213693973:3,Symbolica_default,cached_powers_Q,11,8,0.508,BalancedZippelSeparated,0
fire7_graph5_rank0076,Automatic,1,ok,387.791,28,2,1,0,0,2305843009213693967:25;2305843009213693973:3,Symbolica_default,cached_powers_Q,10,5,0.451,BalancedZippelSeparated,0
fire7_graph5_rank0077,Automatic,1,ok,551.482,26,2,1,0,0,2305843009213693967:23;2305843009213693973:3,Symbolica_default,cached_powers_Q,8,8,0.600,BalancedZippelSeparated,0
fire7_graph5_rank0078,Automatic,1,ok,309.381,27,2,1,0,0,2305843009213693967:24;2305843009213693973:3,Symbolica_default,cached_powers_Q,7,8,0.554,BalancedZippelSeparated,0
fire7_graph5_rank0079,Automatic,1,ok,575.362,27,2,1,0,0,2305843009213693967:24;2305843009213693973:3,Symbolica_default,cached_powers_Q,7,8,0.489,BalancedZippelSeparated,0
fire7_graph5_rank0080,Automatic,1,ok,297.381,25,2,1,0,0,2305843009213693967:22;2305843009213693973:3,Symbolica_default,cached_powers_Q,8,6,0.573,BalancedZippelSeparated,0
fire7_graph5_rank0081,Automatic,1,ok,312.291,26,2,1,0,0,2305843009213693967:23;2305843009213693973:3,Symbolica_default,cached_powers_Q,7,6,0.730,BalancedZippelSeparated,0
fire7_graph5_rank0082,Automatic,1,ok,318.541,26,2,1,0,0,2305843009213693967:23;2305843009213693973:3,Symbolica_default,cached_powers_Q,8,8,0.493,BalancedZippelSeparated,0
fire7_graph5_rank0083,Automatic,1,ok,335.581,26,2,1,0,0,2305843009213693967:23;2305843009213693973:3,Symbolica_default,cached_powers_Q,8,8,0.592,BalancedZippelSeparated,0
fire7_graph5_rank0084,Automatic,1,ok,329.331,26,2,1,0,0,2305843009213693967:23;2305843009213693973:3,Symbolica_default,cached_powers_Q,8,8,0.506,BalancedZippelSeparated,0
fire7_graph5_rank0085,Automatic,1,ok,366.941,29,2,1,0,0,2305843009213693967:26;2305843009213693973:3,Symbolica_default,cached_powers_Q,8,5,0.494,BalancedZippelSeparated,0
fire7_graph5_rank0086,Automatic,1,ok,284.852,24,2,1,0,0,2305843009213693967:21;2305843009213693973:3,Symbolica_default,cached_powers_Q,5,8,0.886,BalancedZippelSeparated,0
fire7_graph5_rank0087,Automatic,1,ok,428.942,26,2,1,0,0,2305843009213693967:23;2305843009213693973:3,Symbolica_default,cached_powers_Q,7,6,0.493,BalancedZippelSeparated,0
fire7_graph5_rank0088,Automatic,1,ok,304.591,25,2,1,0,0,2305843009213693967:22;2305843009213693973:3,Symbolica_default,cached_powers_Q,8,6,0.604,BalancedZippelSeparated,0
fire7_graph5_rank0089,Automatic,1,ok,354.781,31,2,1,0,0,2305843009213693967:28;2305843009213693973:3,Symbolica_default,cached_powers_Q,10,12,0.452,BalancedZippelSeparated,0
fire7_graph5_rank0090,Automatic,1,ok,299.101,27,2,1,0,0,2305843009213693967:24;2305843009213693973:3,Symbolica_default,cached_powers_Q,7,8,0.464,BalancedZippelSeparated,0
fire7_graph5_rank0091,Automatic,1,ok,369.662,31,2,1,0,0,2305843009213693967:28;2305843009213693973:3,Symbolica_default,cached_powers_Q,12,5,0.297,BalancedZippelSeparated,0
fire7_graph5_rank0092,Automatic,1,ok,274.752,28,2,1,0,0,2305843009213693967:25;2305843009213693973:3,Symbolica_default,cached_powers_Q,10,5,0.399,BalancedZippelSeparated,0
fire7_graph5_rank0093,Automatic,1,ok,320.661,30,2,1,0,0,2305843009213693967:27;2305843009213693973:3,Symbolica_default,cached_powers_Q,10,5,0.429,BalancedZippelSeparated,0
fire7_graph5_rank0094,Automatic,1,ok,269.970,28,2,1,0,0,2305843009213693967:25;2305843009213693973:3,Symbolica_default,cached_powers_Q,10,5,0.364,BalancedZippelSeparated,0
fire7_graph5_rank0095,Automatic,1,ok,529.422,28,2,1,0,0,2305843009213693967:25;2305843009213693973:3,Symbolica_default,cached_powers_Q,8,10,0.350,BalancedZippelSeparated,0
fire7_graph5_rank0096,Automatic,1,ok,336.341,29,2,1,0,0,2305843009213693967:26;2305843009213693973:3,Symbolica_default,cached_powers_Q,7,10,0.442,BalancedZippelSeparated,0
fire7_graph5_rank0097,Automatic,1,ok,241.021,26,2,1,0,0,2305843009213693967:23;2305843009213693973:3,Symbolica_default,cached_powers_Q,8,8,0.321,BalancedZippelSeparated,0
fire7_graph5_rank0098,Automatic,1,ok,198.591,25,2,1,0,0,2305843009213693967:22;2305843009213693973:3,Symbolica_default,cached_powers_Q,4,10,0.299,BalancedZippelSeparated,0
fire7_graph5_rank0099,Automatic,1,ok,210.811,29,2,1,0,0,2305843009213693967:26;2305843009213693973:3,Symbolica_default,cached_powers_Q,7,10,0.332,BalancedZippelSeparated,0
fire7_graph5_rank0100,Automatic,1,ok,225.361,28,2,1,0,0,2305843009213693967:25;2305843009213693973:3,Symbolica_default,cached_powers_Q,6,10,0.423,BalancedZippelSeparated,0
fire7_graph5_rank0101,Automatic,1,ok,431.131,30,2,1,0,0,2305843009213693967:27;2305843009213693973:3,Symbolica_default,cached_powers_Q,9,6,0.352,BalancedZippelSeparated,0
fire7_graph5_rank0102,Automatic,1,ok,283.011,25,2,1,0,0,2305843009213693967:22;2305843009213693973:3,Symbolica_default,cached_powers_Q,5,10,0.390,BalancedZippelSeparated,0
fire7_graph5_rank0103,Automatic,1,ok,286.781,28,2,1,0,0,2305843009213693967:25;2305843009213693973:3,Symbolica_default,cached_powers_Q,8,6,0.473,BalancedZippelSeparated,0
fire7_graph5_rank0104,Automatic,1,ok,285.951,28,2,1,0,0,2305843009213693967:25;2305843009213693973:3,Symbolica_default,cached_powers_Q,8,6,0.580,BalancedZippelSeparated,0
fire7_graph5_rank0105,Automatic,1,ok,512.972,28,2,1,0,0,2305843009213693967:25;2305843009213693973:3,Symbolica_default,cached_powers_Q,8,10,0.393,BalancedZippelSeparated,0
fire7_graph5_rank0106,Automatic,1,ok,287.492,28,2,1,0,0,2305843009213693967:25;2305843009213693973:3,Symbolica_default,cached_powers_Q,10,5,0.604,BalancedZippelSeparated,0
fire7_graph5_rank0107,Automatic,1,ok,320.991,28,2,1,0,0,2305843009213693967:25;2305843009213693973:3,Symbolica_default,cached_powers_Q,8,6,0.492,BalancedZippelSeparated,0
fire7_graph5_rank0108,Automatic,1,ok,261.861,24,2,1,0,0,2305843009213693967:21;2305843009213693973:3,Symbolica_default,cached_powers_Q,5,8,0.402,BalancedZippelSeparated,0
fire7_graph5_rank0109,Automatic,1,ok,304.311,26,2,1,0,0,2305843009213693967:23;2305843009213693973:3,Symbolica_default,cached_powers_Q,8,8,0.576,BalancedZippelSeparated,0
fire7_graph5_rank0110,Automatic,1,ok,270.971,28,2,1,0,0,2305843009213693967:25;2305843009213693973:3,Symbolica_default,cached_powers_Q,10,5,0.384,BalancedZippelSeparated,0
fire7_graph5_rank0111,Automatic,1,ok,199.941,28,2,1,0,0,2305843009213693967:25;2305843009213693973:3,Symbolica_default,cached_powers_Q,10,5,0.307,BalancedZippelSeparated,0
fire7_graph5_rank0112,Automatic,1,ok,227.291,27,2,1,0,0,2305843009213693967:24;2305843009213693973:3,Symbolica_default,cached_powers_Q,8,5,0.360,BalancedZippelSeparated,0
fire7_graph5_rank0113,Automatic,1,ok,511.992,27,2,1,0,0,2305843009213693967:24;2305843009213693973:3,Symbolica_default,cached_powers_Q,8,4,0.440,BalancedZippelSeparated,0
fire7_graph5_rank0114,Automatic,1,ok,269.851,26,2,1,0,0,2305843009213693967:23;2305843009213693973:3,Symbolica_default,cached_powers_Q,6,8,0.652,BalancedZippelSeparated,0
fire7_graph5_rank0115,Automatic,1,ok,265.810,25,2,1,0,0,2305843009213693967:22;2305843009213693973:3,Symbolica_default,cached_powers_Q,5,10,0.581,BalancedZippelSeparated,0
fire7_graph5_rank0116,Automatic,1,ok,562.793,26,2,1,0,0,2305843009213693967:23;2305843009213693973:3,Symbolica_default,cached_powers_Q,7,8,0.388,BalancedZippelSeparated,0
fire7_graph5_rank0117,Automatic,1,ok,295.691,30,2,1,0,0,2305843009213693967:27;2305843009213693973:3,Symbolica_default,cached_powers_Q,9,10,0.511,BalancedZippelSeparated,0
fire7_graph5_rank0118,Automatic,1,ok,324.051,26,2,1,0,0,2305843009213693967:23;2305843009213693973:3,Symbolica_default,cached_powers_Q,7,6,0.564,BalancedZippelSeparated,0
fire7_graph5_rank0119,Automatic,1,ok,346.312,29,2,1,0,0,2305843009213693967:26;2305843009213693973:3,Symbolica_default,cached_powers_Q,8,6,0.437,BalancedZippelSeparated,0
fire7_graph5_rank0120,Automatic,1,ok,282.041,28,2,1,0,0,2305843009213693967:25;2305843009213693973:3,Symbolica_default,cached_powers_Q,10,5,0.426,BalancedZippelSeparated,0
fire7_graph5_rank0121,Automatic,1,ok,215.681,24,2,1,0,0,2305843009213693967:21;2305843009213693973:3,Symbolica_default,cached_powers_Q,6,6,0.366,BalancedZippelSeparated,0
fire7_graph5_rank0122,Automatic,1,ok,372.721,24,2,1,0,0,2305843009213693967:21;2305843009213693973:3,Symbolica_default,cached_powers_Q,6,6,0.354,BalancedZippelSeparated,0
fire7_graph5_rank0123,Automatic,1,ok,272.452,26,2,1,0,0,2305843009213693967:23;2305843009213693973:3,Symbolica_default,cached_powers_Q,7,8,0.563,BalancedZippelSeparated,0
fire7_graph5_rank0124,Automatic,1,ok,254.341,28,2,1,0,0,2305843009213693967:25;2305843009213693973:3,Symbolica_default,cached_powers_Q,10,5,0.343,BalancedZippelSeparated,0
fire7_graph5_rank0125,Automatic,1,ok,272.751,24,2,1,0,0,2305843009213693967:21;2305843009213693973:3,Symbolica_default,cached_powers_Q,6,6,1.001,BalancedZippelSeparated,0
fire7_graph5_rank0126,Automatic,1,ok,544.842,30,2,1,0,0,2305843009213693967:27;2305843009213693973:3,Symbolica_default,cached_powers_Q,9,5,0.405,BalancedZippelSeparated,0
fire7_graph5_rank0127,Automatic,1,ok,293.211,28,2,1,0,0,2305843009213693967:25;2305843009213693973:3,Symbolica_default,cached_powers_Q,9,5,0.389,BalancedZippelSeparated,0
fire7_graph5_rank0128,Automatic,1,ok,420.152,26,2,1,0,0,2305843009213693967:23;2305843009213693973:3,Symbolica_default,cached_powers_Q,8,8,0.477,BalancedZippelSeparated,0
fire7_graph5_rank0129,Automatic,1,ok,292.001,27,2,1,0,0,2305843009213693967:24;2305843009213693973:3,Symbolica_default,cached_powers_Q,8,5,0.431,BalancedZippelSeparated,0
fire7_graph5_rank0130,Automatic,1,ok,326.511,34,2,1,0,0,2305843009213693967:31;2305843009213693973:3,Symbolica_default,cached_powers_Q,11,10,0.508,BalancedZippelSeparated,0
fire7_graph5_rank0131,Automatic,1,ok,310.611,26,2,1,0,0,2305843009213693967:23;2305843009213693973:3,Symbolica_default,cached_powers_Q,6,8,0.462,BalancedZippelSeparated,0
fire7_graph5_rank0132,Automatic,1,ok,276.201,26,2,1,0,0,2305843009213693967:23;2305843009213693973:3,Symbolica_default,cached_powers_Q,6,4,0.573,BalancedZippelSeparated,0
fire7_graph5_rank0133,Automatic,1,ok,292.181,29,2,1,0,0,2305843009213693967:26;2305843009213693973:3,Symbolica_default,cached_powers_Q,8,5,0.429,BalancedZippelSeparated,0
fire7_graph5_rank0134,Automatic,1,ok,307.272,28,2,1,0,0,2305843009213693967:25;2305843009213693973:3,Symbolica_default,cached_powers_Q,9,5,0.442,BalancedZippelSeparated,0
fire7_graph5_rank0135,Automatic,1,ok,298.032,25,2,1,0,0,2305843009213693967:22;2305843009213693973:3,Symbolica_default,cached_powers_Q,8,6,0.678,BalancedZippelSeparated,0
fire7_graph5_rank0136,Automatic,1,ok,596.142,26,2,1,0,0,2305843009213693967:23;2305843009213693973:3,Symbolica_default,cached_powers_Q,7,6,0.497,BalancedZippelSeparated,0
fire7_graph5_rank0137,Automatic,1,ok,328.971,25,2,1,0,0,2305843009213693967:22;2305843009213693973:3,Symbolica_default,cached_powers_Q,8,6,0.484,BalancedZippelSeparated,0
fire7_graph5_rank0138,Automatic,1,ok,531.383,24,2,1,0,0,2305843009213693967:21;2305843009213693973:3,Symbolica_default,cached_powers_Q,5,6,0.777,BalancedZippelSeparated,0
fire7_graph5_rank0139,Automatic,1,ok,308.992,36,2,1,0,0,2305843009213693967:33;2305843009213693973:3,Symbolica_default,cached_powers_Q,10,5,0.349,BalancedZippelSeparated,0
fire7_graph5_rank0140,Automatic,1,ok,542.913,30,2,1,0,0,2305843009213693967:27;2305843009213693973:3,Symbolica_default,cached_powers_Q,8,12,0.663,BalancedZippelSeparated,0
fire7_graph5_rank0141,Automatic,1,ok,299.331,23,2,1,0,0,2305843009213693967:20;2305843009213693973:3,Symbolica_default,cached_powers_Q,6,6,0.707,BalancedZippelSeparated,0
fire7_graph5_rank0142,Automatic,1,ok,333.051,25,2,1,0,0,2305843009213693967:22;2305843009213693973:3,Symbolica_default,cached_powers_Q,7,6,0.473,BalancedZippelSeparated,0
fire7_graph5_rank0143,Automatic,1,ok,319.181,30,2,1,0,0,2305843009213693967:27;2305843009213693973:3,Symbolica_default,cached_powers_Q,9,8,0.433,BalancedZippelSeparated,0
fire7_graph5_rank0144,Automatic,1,ok,285.701,27,2,1,0,0,2305843009213693967:24;2305843009213693973:3,Symbolica_default,cached_powers_Q,7,4,0.387,BalancedZippelSeparated,0
fire7_graph5_rank0145,Automatic,1,ok,296.521,26,2,1,0,0,2305843009213693967:23;2305843009213693973:3,Symbolica_default,cached_powers_Q,7,6,0.632,BalancedZippelSeparated,0
fire7_graph5_rank0146,Automatic,1,ok,317.991,26,2,1,0,0,2305843009213693967:23;2305843009213693973:3,Symbolica_default,cached_powers_Q,7,6,0.651,BalancedZippelSeparated,0
fire7_graph5_rank0147,Automatic,1,ok,272.891,24,2,1,0,0,2305843009213693967:21;2305843009213693973:3,Symbolica_default,cached_powers_Q,5,6,0.519,BalancedZippelSeparated,0
fire7_graph5_rank0148,Automatic,1,ok,320.842,25,2,1,0,0,2305843009213693967:22;2305843009213693973:3,Symbolica_default,cached_powers_Q,8,6,0.623,BalancedZippelSeparated,0
fire7_graph5_rank0149,Automatic,1,ok,291.101,27,2,1,0,0,2305843009213693967:24;2305843009213693973:3,Symbolica_default,cached_powers_Q,5,12,0.432,BalancedZippelSeparated,0
fire7_graph5_rank0150,Automatic,1,ok,328.122,26,2,1,0,0,2305843009213693967:23;2305843009213693973:3,Symbolica_default,cached_powers_Q,8,8,0.470,BalancedZippelSeparated,0
fire7_graph5_rank0151,Automatic,1,ok,488.012,31,2,1,0,0,2305843009213693967:28;2305843009213693973:3,Symbolica_default,cached_powers_Q,8,6,0.442,BalancedZippelSeparated,0
fire7_graph5_rank0152,Automatic,1,ok,300.981,25,2,1,0,0,2305843009213693967:22;2305843009213693973:3,Symbolica_default,cached_powers_Q,5,10,0.629,BalancedZippelSeparated,0
fire7_graph5_rank0153,Automatic,1,ok,360.372,25,2,1,0,0,2305843009213693967:22;2305843009213693973:3,Symbolica_default,cached_powers_Q,6,6,0.703,BalancedZippelSeparated,0
fire7_graph5_rank0154,Automatic,1,ok,334.841,28,2,1,0,0,2305843009213693967:25;2305843009213693973:3,Symbolica_default,cached_powers_Q,8,8,0.493,BalancedZippelSeparated,0
fire7_graph5_rank0155,Automatic,1,ok,357.812,26,2,1,0,0,2305843009213693967:23;2305843009213693973:3,Symbolica_default,cached_powers_Q,6,8,0.605,BalancedZippelSeparated,0
fire7_graph5_rank0156,Automatic,1,ok,319.351,27,2,1,0,0,2305843009213693967:24;2305843009213693973:3,Symbolica_default,cached_powers_Q,9,4,0.620,BalancedZippelSeparated,0
fire7_graph5_rank0157,Automatic,1,ok,270.441,26,2,1,0,0,2305843009213693967:23;2305843009213693973:3,Symbolica_default,cached_powers_Q,6,5,0.646,BalancedZippelSeparated,0
fire7_graph5_rank0158,Automatic,1,ok,457.042,22,2,1,0,0,2305843009213693967:19;2305843009213693973:3,Symbolica_default,cached_powers_Q,5,5,0.398,BalancedZippelSeparated,0
fire7_graph5_rank0159,Automatic,1,ok,377.742,30,2,1,0,0,2305843009213693967:27;2305843009213693973:3,Symbolica_default,cached_powers_Q,8,8,0.585,BalancedZippelSeparated,0
fire7_graph5_rank0160,Automatic,1,ok,318.721,27,2,1,0,0,2305843009213693967:24;2305843009213693973:3,Symbolica_default,cached_powers_Q,9,4,0.413,BalancedZippelSeparated,0
fire7_graph5_rank0161,Automatic,1,ok,305.342,23,2,1,0,0,2305843009213693967:20;2305843009213693973:3,Symbolica_default,cached_powers_Q,4,8,0.441,BalancedZippelSeparated,0
fire7_graph5_rank0162,Automatic,1,ok,325.101,25,2,1,0,0,2305843009213693967:22;2305843009213693973:3,Symbolica_default,cached_powers_Q,8,6,0.455,BalancedZippelSeparated,0
fire7_graph5_rank0163,Automatic,1,ok,282.141,21,2,1,0,0,2305843009213693967:18;2305843009213693973:3,Symbolica_default,cached_powers_Q,3,6,0.526,BalancedZippelSeparated,0
fire7_graph5_rank0164,Automatic,1,ok,318.871,31,2,1,0,0,2305843009213693967:28;2305843009213693973:3,Symbolica_default,cached_powers_Q,7,6,0.552,BalancedZippelSeparated,0
fire7_graph5_rank0165,Automatic,1,ok,285.831,25,2,1,0,0,2305843009213693967:22;2305843009213693973:3,Symbolica_default,cached_powers_Q,5,10,0.632,BalancedZippelSeparated,0
fire7_graph5_rank0166,Automatic,1,ok,541.753,27,2,1,0,0,2305843009213693967:24;2305843009213693973:3,Symbolica_default,cached_powers_Q,9,4,0.385,BalancedZippelSeparated,0
fire7_graph5_rank0167,Automatic,1,ok,325.241,28,2,1,0,0,2305843009213693967:25;2305843009213693973:3,Symbolica_default,cached_powers_Q,9,6,0.413,BalancedZippelSeparated,0
fire7_graph5_rank0168,Automatic,1,ok,333.731,23,2,1,0,0,2305843009213693967:20;2305843009213693973:3,Symbolica_default,cached_powers_Q,6,6,0.421,BalancedZippelSeparated,0
fire7_graph5_rank0169,Automatic,1,ok,327.102,29,2,1,0,0,2305843009213693967:26;2305843009213693973:3,Symbolica_default,cached_powers_Q,8,6,0.617,BalancedZippelSeparated,0
fire7_graph5_rank0170,Automatic,1,ok,299.661,28,2,1,0,0,2305843009213693967:25;2305843009213693973:3,Symbolica_default,cached_powers_Q,8,10,0.455,BalancedZippelSeparated,0
fire7_graph5_rank0171,Automatic,1,ok,195.861,22,2,1,0,0,2305843009213693967:19;2305843009213693973:3,Symbolica_default,cached_powers_Q,4,6,0.326,BalancedZippelSeparated,0
fire7_graph5_rank0172,Automatic,1,ok,229.711,27,2,1,0,0,2305843009213693967:24;2305843009213693973:3,Symbolica_default,cached_powers_Q,6,3,0.423,BalancedZippelSeparated,0
fire7_graph5_rank0173,Automatic,1,ok,361.211,25,2,1,0,0,2305843009213693967:22;2305843009213693973:3,Symbolica_default,cached_powers_Q,6,8,0.387,BalancedZippelSeparated,0
fire7_graph5_rank0174,Automatic,1,ok,243.901,24,2,1,0,0,2305843009213693967:21;2305843009213693973:3,Symbolica_default,cached_powers_Q,4,6,0.469,BalancedZippelSeparated,0
fire7_graph5_rank0175,Automatic,1,ok,505.982,25,2,1,0,0,2305843009213693967:22;2305843009213693973:3,Symbolica_default,cached_powers_Q,8,4,0.389,BalancedZippelSeparated,0
fire7_graph5_rank0176,Automatic,1,ok,292.051,28,2,1,0,0,2305843009213693967:25;2305843009213693973:3,Symbolica_default,cached_powers_Q,8,6,0.406,BalancedZippelSeparated,0
fire7_graph5_rank0177,Automatic,1,ok,262.241,23,2,1,0,0,2305843009213693967:20;2305843009213693973:3,Symbolica_default,cached_powers_Q,6,6,0.458,BalancedZippelSeparated,0
fire7_graph5_rank0178,Automatic,1,ok,316.471,27,2,1,0,0,2305843009213693967:24;2305843009213693973:3,Symbolica_default,cached_powers_Q,8,6,0.427,BalancedZippelSeparated,0
fire7_graph5_rank0179,Automatic,1,ok,302.161,26,2,1,0,0,2305843009213693967:23;2305843009213693973:3,Symbolica_default,cached_powers_Q,5,8,0.475,BalancedZippelSeparated,0
fire7_graph5_rank0180,Automatic,1,ok,292.621,30,2,1,0,0,2305843009213693967:27;2305843009213693973:3,Symbolica_default,cached_powers_Q,8,8,0.493,BalancedZippelSeparated,0
fire7_graph5_rank0181,Automatic,1,ok,309.972,30,2,1,0,0,2305843009213693967:27;2305843009213693973:3,Symbolica_default,cached_powers_Q,8,8,0.435,BalancedZippelSeparated,0
fire7_graph5_rank0182,Automatic,1,ok,421.482,30,2,1,0,0,2305843009213693967:27;2305843009213693973:3,Symbolica_default,cached_powers_Q,8,8,0.464,BalancedZippelSeparated,0
fire7_graph5_rank0183,Automatic,1,ok,528.182,25,2,1,0,0,2305843009213693967:22;2305843009213693973:3,Symbolica_default,cached_powers_Q,7,4,0.465,BalancedZippelSeparated,0
fire7_graph5_rank0184,Automatic,1,ok,272.251,26,2,1,0,0,2305843009213693967:23;2305843009213693973:3,Symbolica_default,cached_powers_Q,6,3,0.481,BalancedZippelSeparated,0
fire7_graph5_rank0185,Automatic,1,ok,465.522,20,2,1,0,0,2305843009213693967:17;2305843009213693973:3,Symbolica_default,cached_powers_Q,4,4,0.465,BalancedZippelSeparated,0
fire7_graph5_rank0186,Automatic,1,ok,541.363,25,2,1,0,0,2305843009213693967:22;2305843009213693973:3,Symbolica_default,cached_powers_Q,8,4,0.464,BalancedZippelSeparated,0
fire7_graph5_rank0187,Automatic,1,ok,273.011,25,2,1,0,0,2305843009213693967:22;2305843009213693973:3,Symbolica_default,cached_powers_Q,7,4,0.690,BalancedZippelSeparated,0
fire7_graph5_rank0188,Automatic,1,ok,283.221,25,2,1,0,0,2305843009213693967:22;2305843009213693973:3,Symbolica_default,cached_powers_Q,7,4,0.653,BalancedZippelSeparated,0
fire7_graph5_rank0189,Automatic,1,ok,321.481,27,2,1,0,0,2305843009213693967:24;2305843009213693973:3,Symbolica_default,cached_powers_Q,8,6,0.424,BalancedZippelSeparated,0
fire7_graph5_rank0190,Automatic,1,ok,322.961,25,2,1,0,0,2305843009213693967:22;2305843009213693973:3,Symbolica_default,cached_powers_Q,5,8,0.438,BalancedZippelSeparated,0
fire7_graph5_rank0191,Automatic,1,ok,285.701,26,2,1,0,0,2305843009213693967:23;2305843009213693973:3,Symbolica_default,cached_powers_Q,6,4,0.771,BalancedZippelSeparated,0
fire7_graph5_rank0192,Automatic,1,ok,267.731,22,2,1,0,0,2305843009213693967:19;2305843009213693973:3,Symbolica_default,cached_powers_Q,4,6,0.436,BalancedZippelSeparated,0
fire7_graph5_rank0193,Automatic,1,ok,291.441,22,2,1,0,0,2305843009213693967:19;2305843009213693973:3,Symbolica_default,cached_powers_Q,4,6,0.582,BalancedZippelSeparated,0
fire7_graph5_rank0194,Automatic,1,ok,330.171,22,2,1,0,0,2305843009213693967:19;2305843009213693973:3,Symbolica_default,cached_powers_Q,4,6,0.594,BalancedZippelSeparated,0
fire7_graph5_rank0195,Automatic,1,ok,524.522,22,2,1,0,0,2305843009213693967:19;2305843009213693973:3,Symbolica_default,cached_powers_Q,4,6,0.450,BalancedZippelSeparated,0
fire7_graph5_rank0196,Automatic,1,ok,547.183,24,2,1,0,0,2305843009213693967:21;2305843009213693973:3,Symbolica_default,cached_powers_Q,6,6,0.450,BalancedZippelSeparated,0
fire7_graph5_rank0197,Automatic,1,ok,254.311,24,2,1,0,0,2305843009213693967:21;2305843009213693973:3,Symbolica_default,cached_powers_Q,4,6,0.494,BalancedZippelSeparated,0
fire7_graph5_rank0198,Automatic,1,ok,400.631,24,2,1,0,0,2305843009213693967:21;2305843009213693973:3,Symbolica_default,cached_powers_Q,6,6,0.430,BalancedZippelSeparated,0
fire7_graph5_rank0199,Automatic,1,ok,289.371,24,2,1,0,0,2305843009213693967:21;2305843009213693973:3,Symbolica_default,cached_powers_Q,5,8,0.636,BalancedZippelSeparated,0
fire7_graph5_rank0200,Automatic,1,ok,289.111,23,2,1,0,0,2305843009213693967:20;2305843009213693973:3,Symbolica_default,cached_powers_Q,6,6,0.943,BalancedZippelSeparated,0
fire7_graph5_rank0201,Automatic,1,ok,284.721,32,2,1,0,0,2305843009213693967:29;2305843009213693973:3,Symbolica_default,cached_powers_Q,7,4,0.474,BalancedZippelSeparated,0
fire7_graph5_rank0202,Automatic,1,ok,286.231,25,2,1,0,0,2305843009213693967:22;2305843009213693973:3,Symbolica_default,cached_powers_Q,4,10,0.553,BalancedZippelSeparated,0
fire7_graph5_rank0203,Automatic,1,ok,319.901,25,2,1,0,0,2305843009213693967:22;2305843009213693973:3,Symbolica_default,cached_powers_Q,6,8,0.581,BalancedZippelSeparated,0
fire7_graph5_rank0204,Automatic,1,ok,308.491,22,2,1,0,0,2305843009213693967:19;2305843009213693973:3,Symbolica_default,cached_powers_Q,6,4,0.526,BalancedZippelSeparated,0
fire7_graph5_rank0205,Automatic,1,ok,337.772,26,2,1,0,0,2305843009213693967:23;2305843009213693973:3,Symbolica_default,cached_powers_Q,8,8,0.405,BalancedZippelSeparated,0
fire7_graph5_rank0206,Automatic,1,ok,331.301,23,2,1,0,0,2305843009213693967:20;2305843009213693973:3,Symbolica_default,cached_powers_Q,6,6,0.692,BalancedZippelSeparated,0
fire7_graph5_rank0207,Automatic,1,ok,586.522,23,2,1,0,0,2305843009213693967:20;2305843009213693973:3,Symbolica_default,cached_powers_Q,6,6,0.473,BalancedZippelSeparated,0
fire7_graph5_rank0208,Automatic,1,ok,339.931,26,2,1,0,0,2305843009213693967:23;2305843009213693973:3,Symbolica_default,cached_powers_Q,6,8,0.389,BalancedZippelSeparated,0
fire7_graph5_rank0209,Automatic,1,ok,254.361,22,2,1,0,0,2305843009213693967:19;2305843009213693973:3,Symbolica_default,cached_powers_Q,4,6,0.640,BalancedZippelSeparated,0
fire7_graph5_rank0210,Automatic,1,ok,247.221,23,2,1,0,0,2305843009213693967:20;2305843009213693973:3,Symbolica_default,cached_powers_Q,4,6,0.695,BalancedZippelSeparated,0
fire7_graph5_rank0211,Automatic,1,ok,530.532,24,2,1,0,0,2305843009213693967:21;2305843009213693973:3,Symbolica_default,cached_powers_Q,6,6,0.384,BalancedZippelSeparated,0
fire7_graph5_rank0212,Automatic,1,ok,313.591,24,2,1,0,0,2305843009213693967:21;2305843009213693973:3,Symbolica_default,cached_powers_Q,6,6,0.579,BalancedZippelSeparated,0
fire7_graph5_rank0213,Automatic,1,ok,289.461,25,2,1,0,0,2305843009213693967:22;2305843009213693973:3,Symbolica_default,cached_powers_Q,8,4,0.586,BalancedZippelSeparated,0
fire7_graph5_rank0214,Automatic,1,ok,457.502,22,2,1,0,0,2305843009213693967:19;2305843009213693973:3,Symbolica_default,cached_powers_Q,4,6,0.437,BalancedZippelSeparated,0
fire7_graph5_rank0215,Automatic,1,ok,301.322,25,2,1,0,0,2305843009213693967:22;2305843009213693973:3,Symbolica_default,cached_powers_Q,6,8,0.443,BalancedZippelSeparated,0
fire7_graph5_rank0216,Automatic,1,ok,307.921,26,2,1,0,0,2305843009213693967:23;2305843009213693973:3,Symbolica_default,cached_powers_Q,5,8,0.526,BalancedZippelSeparated,0
fire7_graph5_rank0217,Automatic,1,ok,409.512,26,2,1,0,0,2305843009213693967:23;2305843009213693973:3,Symbolica_default,cached_powers_Q,5,8,0.453,BalancedZippelSeparated,0
fire7_graph5_rank0218,Automatic,1,ok,905.704,25,2,1,0,0,2305843009213693967:22;2305843009213693973:3,Symbolica_default,cached_powers_Q,7,4,0.429,BalancedZippelSeparated,0
fire7_graph5_rank0219,Automatic,1,ok,530.282,25,2,1,0,0,2305843009213693967:22;2305843009213693973:3,Symbolica_default,cached_powers_Q,8,4,0.391,BalancedZippelSeparated,0
fire7_graph5_rank0220,Automatic,1,ok,527.022,23,2,1,0,0,2305843009213693967:20;2305843009213693973:3,Symbolica_default,cached_powers_Q,3,8,0.395,BalancedZippelSeparated,0
fire7_graph5_rank0221,Automatic,1,ok,275.111,25,2,1,0,0,2305843009213693967:22;2305843009213693973:3,Symbolica_default,cached_powers_Q,8,4,0.416,BalancedZippelSeparated,0
fire7_graph5_rank0222,Automatic,1,ok,383.902,25,2,1,0,0,2305843009213693967:22;2305843009213693973:3,Symbolica_default,cached_powers_Q,8,4,0.432,BalancedZippelSeparated,0
fire7_graph5_rank0223,Automatic,1,ok,300.301,25,2,1,0,0,2305843009213693967:22;2305843009213693973:3,Symbolica_default,cached_powers_Q,8,4,0.421,BalancedZippelSeparated,0
fire7_graph5_rank0224,Automatic,1,ok,624.742,23,2,1,0,0,2305843009213693967:20;2305843009213693973:3,Symbolica_default,cached_powers_Q,6,6,0.434,BalancedZippelSeparated,0
fire7_graph5_rank0225,Automatic,1,ok,271.301,24,2,1,0,0,2305843009213693967:21;2305843009213693973:3,Symbolica_default,cached_powers_Q,6,4,0.696,BalancedZippelSeparated,0
fire7_graph5_rank0226,Automatic,1,ok,283.951,23,2,1,0,0,2305843009213693967:20;2305843009213693973:3,Symbolica_default,cached_powers_Q,5,4,0.461,BalancedZippelSeparated,0
fire7_graph5_rank0227,Automatic,1,ok,528.882,25,2,1,0,0,2305843009213693967:22;2305843009213693973:3,Symbolica_default,cached_powers_Q,7,4,0.441,BalancedZippelSeparated,0
fire7_graph5_rank0228,Automatic,1,ok,284.431,27,2,1,0,0,2305843009213693967:24;2305843009213693973:3,Symbolica_default,cached_powers_Q,6,4,0.408,BalancedZippelSeparated,0
fire7_graph5_rank0229,Automatic,1,ok,269.051,27,2,1,0,0,2305843009213693967:24;2305843009213693973:3,Symbolica_default,cached_powers_Q,6,4,0.387,BalancedZippelSeparated,0
fire7_graph5_rank0230,Automatic,1,ok,294.941,23,2,1,0,0,2305843009213693967:20;2305843009213693973:3,Symbolica_default,cached_powers_Q,6,6,0.541,BalancedZippelSeparated,0
fire7_graph5_rank0231,Automatic,1,ok,391.302,24,2,1,0,0,2305843009213693967:21;2305843009213693973:3,Symbolica_default,cached_powers_Q,5,6,0.672,BalancedZippelSeparated,0
fire7_graph5_rank0232,Automatic,1,ok,317.571,27,2,1,0,0,2305843009213693967:24;2305843009213693973:3,Symbolica_default,cached_powers_Q,7,4,0.397,BalancedZippelSeparated,0
fire7_graph5_rank0233,Automatic,1,ok,521.113,25,2,1,0,0,2305843009213693967:22;2305843009213693973:3,Symbolica_default,cached_powers_Q,8,4,0.417,BalancedZippelSeparated,0
fire7_graph5_rank0234,Automatic,1,ok,295.521,23,2,1,0,0,2305843009213693967:20;2305843009213693973:3,Symbolica_default,cached_powers_Q,6,6,0.534,BalancedZippelSeparated,0
fire7_graph5_rank0235,Automatic,1,ok,285.681,22,2,1,0,0,2305843009213693967:19;2305843009213693973:3,Symbolica_default,cached_powers_Q,4,6,0.678,BalancedZippelSeparated,0
fire7_graph5_rank0236,Automatic,1,ok,292.231,30,2,1,0,0,2305843009213693967:27;2305843009213693973:3,Symbolica_default,cached_powers_Q,6,3,0.779,BalancedZippelSeparated,0
fire7_graph5_rank0237,Automatic,1,ok,292.571,24,2,1,0,0,2305843009213693967:21;2305843009213693973:3,Symbolica_default,cached_powers_Q,5,6,0.715,BalancedZippelSeparated,0
fire7_graph5_rank0238,Automatic,1,ok,419.101,25,2,1,0,0,2305843009213693967:22;2305843009213693973:3,Symbolica_default,cached_powers_Q,8,4,0.399,BalancedZippelSeparated,0
fire7_graph5_rank0239,Automatic,1,ok,381.492,28,2,1,0,0,2305843009213693967:25;2305843009213693973:3,Symbolica_default,cached_powers_Q,6,5,0.404,BalancedZippelSeparated,0
fire7_graph5_rank0240,Automatic,1,ok,277.191,27,2,1,0,0,2305843009213693967:24;2305843009213693973:3,Symbolica_default,cached_powers_Q,7,5,0.413,BalancedZippelSeparated,0
fire7_graph5_rank0241,Automatic,1,ok,291.341,25,2,1,0,0,2305843009213693967:22;2305843009213693973:3,Symbolica_default,cached_powers_Q,6,6,0.507,BalancedZippelSeparated,0
fire7_graph5_rank0242,Automatic,1,ok,249.361,21,2,1,0,0,2305843009213693967:18;2305843009213693973:3,Symbolica_default,cached_powers_Q,3,6,0.683,BalancedZippelSeparated,0
fire7_graph5_rank0243,Automatic,1,ok,295.491,23,2,1,0,0,2305843009213693967:20;2305843009213693973:3,Symbolica_default,cached_powers_Q,6,6,0.464,BalancedZippelSeparated,0
fire7_graph5_rank0244,Automatic,1,ok,266.981,27,2,1,0,0,2305843009213693967:24;2305843009213693973:3,Symbolica_default,cached_powers_Q,7,4,0.390,BalancedZippelSeparated,0
fire7_graph5_rank0245,Automatic,1,ok,317.071,30,2,1,0,0,2305843009213693967:27;2305843009213693973:3,Symbolica_default,cached_powers_Q,8,3,0.425,BalancedZippelSeparated,0
fire7_graph5_rank0246,Automatic,1,ok,324.931,25,2,1,0,0,2305843009213693967:22;2305843009213693973:3,Symbolica_default,cached_powers_Q,5,6,0.539,BalancedZippelSeparated,0
fire7_graph5_rank0247,Automatic,1,ok,398.731,23,2,1,0,0,2305843009213693967:20;2305843009213693973:3,Symbolica_default,cached_powers_Q,6,6,0.408,BalancedZippelSeparated,0
fire7_graph5_rank0248,Automatic,1,ok,281.092,25,2,1,0,0,2305843009213693967:22;2305843009213693973:3,Symbolica_default,cached_powers_Q,6,4,0.659,BalancedZippelSeparated,0
fire7_graph5_rank0249,Automatic,1,ok,271.210,22,2,1,0,0,2305843009213693967:19;2305843009213693973:3,Symbolica_default,cached_powers_Q,4,6,0.561,BalancedZippelSeparated,0
fire7_graph5_rank0250,Automatic,1,ok,276.621,23,2,1,0,0,2305843009213693967:20;2305843009213693973:3,Symbolica_default,cached_powers_Q,4,6,0.709,BalancedZippelSeparated,0
fire7_graph5_rank0251,Automatic,1,ok,383.882,22,2,1,0,0,2305843009213693967:19;2305843009213693973:3,Symbolica_default,cached_powers_Q,4,6,0.581,BalancedZippelSeparated,0
fire7_graph5_rank0252,Automatic,1,ok,337.691,25,2,1,0,0,2305843009213693967:22;2305843009213693973:3,Symbolica_default,cached_powers_Q,7,4,0.399,BalancedZippelSeparated,0
fire7_graph5_rank0253,Automatic,1,ok,312.111,24,2,1,0,0,2305843009213693967:21;2305843009213693973:3,Symbolica_default,cached_powers_Q,6,6,0.733,BalancedZippelSeparated,0
fire7_graph5_rank0254,Automatic,1,ok,261.681,21,2,1,0,0,2305843009213693967:18;2305843009213693973:3,Symbolica_default,cached_powers_Q,3,6,0.419,BalancedZippelSeparated,0
fire7_graph5_rank0255,Automatic,1,ok,291.412,26,2,1,0,0,2305843009213693967:23;2305843009213693973:3,Symbolica_default,cached_powers_Q,6,4,0.637,BalancedZippelSeparated,0
fire7_graph5_rank0256,Automatic,1,ok,220.650,20,2,1,0,0,2305843009213693967:17;2305843009213693973:3,Symbolica_default,cached_powers_Q,5,4,0.584,BalancedZippelSeparated,0
fire7_graph5_rank0257,Automatic,1,ok,491.912,26,2,1,0,0,2305843009213693967:23;2305843009213693973:3,Symbolica_default,cached_powers_Q,6,5,0.375,BalancedZippelSeparated,0
fire7_graph5_rank0258,Automatic,1,ok,283.290,25,2,1,0,0,2305843009213693967:22;2305843009213693973:3,Symbolica_default,cached_powers_Q,7,4,0.370,BalancedZippelSeparated,0
fire7_graph5_rank0259,Automatic,1,ok,237.651,20,2,1,0,0,2305843009213693967:17;2305843009213693973:3,Symbolica_default,cached_powers_Q,4,4,0.445,BalancedZippelSeparated,0
fire7_graph5_rank0260,Automatic,1,ok,572.573,26,2,1,0,0,2305843009213693967:23;2305843009213693973:3,Symbolica_default,cached_powers_Q,6,4,0.432,BalancedZippelSeparated,0
fire7_graph5_rank0261,Automatic,1,ok,266.232,21,2,1,0,0,2305843009213693967:18;2305843009213693973:3,Symbolica_default,cached_powers_Q,3,6,0.513,BalancedZippelSeparated,0
fire7_graph5_rank0262,Automatic,1,ok,303.691,23,2,1,0,0,2305843009213693967:20;2305843009213693973:3,Symbolica_default,cached_powers_Q,6,6,0.410,BalancedZippelSeparated,0
fire7_graph5_rank0263,Automatic,1,ok,269.901,26,2,1,0,0,2305843009213693967:23;2305843009213693973:3,Symbolica_default,cached_powers_Q,6,4,0.385,BalancedZippelSeparated,0
fire7_graph5_rank0264,Automatic,1,ok,284.872,26,2,1,0,0,2305843009213693967:23;2305843009213693973:3,Symbolica_default,cached_powers_Q,6,4,0.391,BalancedZippelSeparated,0
fire7_graph5_rank0265,Automatic,1,ok,274.350,25,2,1,0,0,2305843009213693967:22;2305843009213693973:3,Symbolica_default,cached_powers_Q,6,4,0.402,BalancedZippelSeparated,0
fire7_graph5_rank0266,Automatic,1,ok,269.641,26,2,1,0,0,2305843009213693967:23;2305843009213693973:3,Symbolica_default,cached_powers_Q,6,5,0.377,BalancedZippelSeparated,0
fire7_graph5_rank0267,Automatic,1,ok,256.721,27,2,1,0,0,2305843009213693967:24;2305843009213693973:3,Symbolica_default,cached_powers_Q,7,4,0.434,BalancedZippelSeparated,0
fire7_graph5_rank0268,Automatic,1,ok,297.461,30,2,1,0,0,2305843009213693967:27;2305843009213693973:3,Symbolica_default,cached_powers_Q,7,4,0.408,BalancedZippelSeparated,0
fire7_graph5_rank0269,Automatic,1,ok,295.071,25,2,1,0,0,2305843009213693967:22;2305843009213693973:3,Symbolica_default,cached_powers_Q,7,4,0.396,BalancedZippelSeparated,0
fire7_graph5_rank0270,Automatic,1,ok,514.972,22,2,1,0,0,2305843009213693967:19;2305843009213693973:3,Symbolica_default,cached_powers_Q,6,4,0.415,BalancedZippelSeparated,0
fire7_graph5_rank0271,Automatic,1,ok,373.492,22,2,1,0,0,2305843009213693967:19;2305843009213693973:3,Symbolica_default,cached_powers_Q,6,4,0.636,BalancedZippelSeparated,0
fire7_graph5_rank0272,Automatic,1,ok,324.411,23,2,1,0,0,2305843009213693967:20;2305843009213693973:3,Symbolica_default,cached_powers_Q,6,6,0.677,BalancedZippelSeparated,0
fire7_graph5_rank0273,Automatic,1,ok,632.633,28,2,1,0,0,2305843009213693967:25;2305843009213693973:3,Symbolica_default,cached_powers_Q,6,5,0.424,BalancedZippelSeparated,0
fire7_graph5_rank0274,Automatic,1,ok,315.811,36,2,1,0,0,2305843009213693967:33;2305843009213693973:3,Symbolica_default,cached_powers_Q,7,3,0.636,BalancedZippelSeparated,0
fire7_graph5_rank0275,Automatic,1,ok,479.711,25,2,1,0,0,2305843009213693967:22;2305843009213693973:3,Symbolica_default,cached_powers_Q,5,8,0.422,BalancedZippelSeparated,0
fire7_graph5_rank0276,Automatic,1,ok,222.040,20,2,1,0,0,2305843009213693967:17;2305843009213693973:3,Symbolica_default,cached_powers_Q,4,4,0.447,BalancedZippelSeparated,0
fire7_graph5_rank0277,Automatic,1,ok,350.632,20,2,1,0,0,2305843009213693967:17;2305843009213693973:3,Symbolica_default,cached_powers_Q,4,4,0.483,BalancedZippelSeparated,0
fire7_graph5_rank0278,Automatic,1,ok,278.161,21,2,1,0,0,2305843009213693967:18;2305843009213693973:3,Symbolica_default,cached_powers_Q,3,6,0.409,BalancedZippelSeparated,0
fire7_graph5_rank0279,Automatic,1,ok,313.711,28,2,1,0,0,2305843009213693967:25;2305843009213693973:3,Symbolica_default,cached_powers_Q,6,5,0.353,BalancedZippelSeparated,0
fire7_graph5_rank0280,Automatic,1,ok,517.192,23,2,1,0,0,2305843009213693967:20;2305843009213693973:3,Symbolica_default,cached_powers_Q,3,8,0.421,BalancedZippelSeparated,0
fire7_graph5_rank0281,Automatic,1,ok,281.762,23,2,1,0,0,2305843009213693967:20;2305843009213693973:3,Symbolica_default,cached_powers_Q,3,8,0.498,BalancedZippelSeparated,0
fire7_graph5_rank0282,Automatic,1,ok,268.311,21,2,1,0,0,2305843009213693967:18;2305843009213693973:3,Symbolica_default,cached_powers_Q,3,6,0.459,BalancedZippelSeparated,0
fire7_graph5_rank0283,Automatic,1,ok,494.412,24,2,1,0,0,2305843009213693967:21;2305843009213693973:3,Symbolica_default,cached_powers_Q,7,3,0.381,BalancedZippelSeparated,0
fire7_graph5_rank0284,Automatic,1,ok,472.112,25,2,1,0,0,2305843009213693967:22;2305843009213693973:3,Symbolica_default,cached_powers_Q,7,4,0.382,BalancedZippelSeparated,0
fire7_graph5_rank0285,Automatic,1,ok,255.401,20,2,1,0,0,2305843009213693967:17;2305843009213693973:3,Symbolica_default,cached_powers_Q,4,4,0.377,BalancedZippelSeparated,0
fire7_graph5_rank0286,Automatic,1,ok,294.721,22,2,1,0,0,2305843009213693967:19;2305843009213693973:3,Symbolica_default,cached_powers_Q,6,4,0.360,BalancedZippelSeparated,0
fire7_graph5_rank0287,Automatic,1,ok,367.342,22,2,1,0,0,2305843009213693967:19;2305843009213693973:3,Symbolica_default,cached_powers_Q,6,4,0.593,BalancedZippelSeparated,0
fire7_graph5_rank0288,Automatic,1,ok,312.011,20,2,1,0,0,2305843009213693967:17;2305843009213693973:3,Symbolica_default,cached_powers_Q,4,4,0.625,BalancedZippelSeparated,0
fire7_graph5_rank0289,Automatic,1,ok,314.061,22,2,1,0,0,2305843009213693967:19;2305843009213693973:3,Symbolica_default,cached_powers_Q,6,4,0.366,BalancedZippelSeparated,0
fire7_graph5_rank0290,Automatic,1,ok,312.211,21,2,1,0,0,2305843009213693967:18;2305843009213693973:3,Symbolica_default,cached_powers_Q,3,6,0.434,BalancedZippelSeparated,0
fire7_graph5_rank0291,Automatic,1,ok,277.991,23,2,1,0,0,2305843009213693967:20;2305843009213693973:3,Symbolica_default,cached_powers_Q,4,8,0.492,BalancedZippelSeparated,0
fire7_graph5_rank0292,Automatic,1,ok,222.561,20,2,1,0,0,2305843009213693967:17;2305843009213693973:3,Symbolica_default,cached_powers_Q,4,4,0.687,BalancedZippelSeparated,0
fire7_graph5_rank0293,Automatic,1,ok,217.161,19,2,1,0,0,2305843009213693967:16;2305843009213693973:3,Symbolica_default,cached_powers_Q,2,4,0.723,BalancedZippelSeparated,0
fire7_graph5_rank0294,Automatic,1,ok,268.301,23,2,1,0,0,2305843009213693967:20;2305843009213693973:3,Symbolica_default,cached_powers_Q,4,8,0.390,BalancedZippelSeparated,0
fire7_graph5_rank0295,Automatic,1,ok,510.222,25,2,1,0,0,2305843009213693967:22;2305843009213693973:3,Symbolica_default,cached_powers_Q,6,8,0.429,BalancedZippelSeparated,0
fire7_graph5_rank0296,Automatic,1,ok,282.381,22,2,1,0,0,2305843009213693967:19;2305843009213693973:3,Symbolica_default,cached_powers_Q,4,6,0.748,BalancedZippelSeparated,0
fire7_graph5_rank0297,Automatic,1,ok,551.142,24,2,1,0,0,2305843009213693967:21;2305843009213693973:3,Symbolica_default,cached_powers_Q,6,4,0.391,BalancedZippelSeparated,0
fire7_graph5_rank0298,Automatic,1,ok,293.911,24,2,1,0,0,2305843009213693967:21;2305843009213693973:3,Symbolica_default,cached_powers_Q,5,4,0.465,BalancedZippelSeparated,0
fire7_graph5_rank0299,Automatic,1,ok,302.942,26,2,1,0,0,2305843009213693967:23;2305843009213693973:3,Symbolica_default,cached_powers_Q,6,3,0.464,BalancedZippelSeparated,0
fire7_graph5_rank0300,Automatic,1,ok,519.852,22,2,1,0,0,2305843009213693967:19;2305843009213693973:3,Symbolica_default,cached_powers_Q,4,6,0.421,BalancedZippelSeparated,0
fire7_graph5_rank0301,Automatic,1,ok,264.021,21,2,1,0,0,2305843009213693967:18;2305843009213693973:3,Symbolica_default,cached_powers_Q,2,6,0.670,BalancedZippelSeparated,0
fire7_graph5_rank0302,Automatic,1,ok,317.051,24,2,1,0,0,2305843009213693967:21;2305843009213693973:3,Symbolica_default,cached_powers_Q,5,6,0.675,BalancedZippelSeparated,0
fire7_graph5_rank0303,Automatic,1,ok,235.341,26,2,1,0,0,2305843009213693967:23;2305843009213693973:3,Symbolica_default,cached_powers_Q,5,3,0.729,BalancedZippelSeparated,0
fire7_graph5_rank0304,Automatic,1,ok,288.211,26,2,1,0,0,2305843009213693967:23;2305843009213693973:3,Symbolica_default,cached_powers_Q,6,4,0.432,BalancedZippelSeparated,0
fire7_graph5_rank0305,Automatic,1,ok,480.512,23,2,1,0,0,2305843009213693967:20;2305843009213693973:3,Symbolica_default,cached_powers_Q,4,3,0.466,BalancedZippelSeparated,0
fire7_graph5_rank0306,Automatic,1,ok,313.241,25,2,1,0,0,2305843009213693967:22;2305843009213693973:3,Symbolica_default,cached_powers_Q,6,8,0.433,BalancedZippelSeparated,0
fire7_graph5_rank0307,Automatic,1,ok,618.142,21,2,1,0,0,2305843009213693967:18;2305843009213693973:3,Symbolica_default,cached_powers_Q,3,6,0.408,BalancedZippelSeparated,0
fire7_graph5_rank0308,Automatic,1,ok,253.981,21,2,1,0,0,2305843009213693967:18;2305843009213693973:3,Symbolica_default,cached_powers_Q,3,6,0.475,BalancedZippelSeparated,0
fire7_graph5_rank0309,Automatic,1,ok,331.141,25,2,1,0,0,2305843009213693967:22;2305843009213693973:3,Symbolica_default,cached_powers_Q,6,6,0.692,BalancedZippelSeparated,0
fire7_graph5_rank0310,Automatic,1,ok,305.011,24,2,1,0,0,2305843009213693967:21;2305843009213693973:3,Symbolica_default,cached_powers_Q,5,6,0.431,BalancedZippelSeparated,0
fire7_graph5_rank0311,Automatic,1,ok,507.671,24,2,1,0,0,2305843009213693967:21;2305843009213693973:3,Symbolica_default,cached_powers_Q,5,6,0.428,BalancedZippelSeparated,0
fire7_graph5_rank0312,Automatic,1,ok,263.101,21,2,1,0,0,2305843009213693967:18;2305843009213693973:3,Symbolica_default,cached_powers_Q,3,6,0.416,BalancedZippelSeparated,0
fire7_graph5_rank0313,Automatic,1,ok,281.101,26,2,1,0,0,2305843009213693967:23;2305843009213693973:3,Symbolica_default,cached_powers_Q,6,5,0.638,BalancedZippelSeparated,0
fire7_graph5_rank0314,Automatic,1,ok,349.202,28,2,1,0,0,2305843009213693967:25;2305843009213693973:3,Symbolica_default,cached_powers_Q,6,5,0.545,BalancedZippelSeparated,0
fire7_graph5_rank0315,Automatic,1,ok,279.681,24,2,1,0,0,2305843009213693967:21;2305843009213693973:3,Symbolica_default,cached_powers_Q,6,4,0.573,BalancedZippelSeparated,0
fire7_graph5_rank0316,Automatic,1,ok,230.970,18,2,1,0,0,2305843009213693967:15;2305843009213693973:3,Symbolica_default,cached_powers_Q,3,3,0.660,BalancedZippelSeparated,0
fire7_graph5_rank0317,Automatic,1,ok,268.601,24,2,1,0,0,2305843009213693967:21;2305843009213693973:3,Symbolica_default,cached_powers_Q,6,4,0.614,BalancedZippelSeparated,0
fire7_graph5_rank0318,Automatic,1,ok,307.861,22,2,1,0,0,2305843009213693967:19;2305843009213693973:3,Symbolica_default,cached_powers_Q,6,4,0.397,BalancedZippelSeparated,0
fire7_graph5_rank0319,Automatic,1,ok,236.331,20,2,1,0,0,2305843009213693967:17;2305843009213693973:3,Symbolica_default,cached_powers_Q,4,4,0.541,BalancedZippelSeparated,0
fire7_graph5_rank0320,Automatic,1,ok,307.331,23,2,1,0,0,2305843009213693967:20;2305843009213693973:3,Symbolica_default,cached_powers_Q,6,6,0.438,BalancedZippelSeparated,0
fire7_graph5_rank0321,Automatic,1,ok,300.871,24,2,1,0,0,2305843009213693967:21;2305843009213693973:3,Symbolica_default,cached_powers_Q,5,6,0.445,BalancedZippelSeparated,0
fire7_graph5_rank0322,Automatic,1,ok,279.481,24,2,1,0,0,2305843009213693967:21;2305843009213693973:3,Symbolica_default,cached_powers_Q,5,6,0.404,BalancedZippelSeparated,0
fire7_graph5_rank0323,Automatic,1,ok,362.961,24,2,1,0,0,2305843009213693967:21;2305843009213693973:3,Symbolica_default,cached_powers_Q,4,6,0.407,BalancedZippelSeparated,0
fire7_graph5_rank0324,Automatic,1,ok,243.571,19,2,1,0,0,2305843009213693967:16;2305843009213693973:3,Symbolica_default,cached_powers_Q,4,3,0.363,BalancedZippelSeparated,0
fire7_graph5_rank0325,Automatic,1,ok,528.882,22,2,1,0,0,2305843009213693967:19;2305843009213693973:3,Symbolica_default,cached_powers_Q,6,4,0.368,BalancedZippelSeparated,0
fire7_graph5_rank0326,Automatic,1,ok,227.171,20,2,1,0,0,2305843009213693967:17;2305843009213693973:3,Symbolica_default,cached_powers_Q,4,4,0.353,BalancedZippelSeparated,0
fire7_graph5_rank0327,Automatic,1,ok,247.581,23,2,1,0,0,2305843009213693967:20;2305843009213693973:3,Symbolica_default,cached_powers_Q,3,8,0.441,BalancedZippelSeparated,0
fire7_graph5_rank0328,Automatic,1,ok,192.891,22,2,1,0,0,2305843009213693967:19;2305843009213693973:3,Symbolica_default,cached_powers_Q,4,6,0.486,BalancedZippelSeparated,0
fire7_graph5_rank0329,Automatic,1,ok,295.341,23,2,1,0,0,2305843009213693967:20;2305843009213693973:3,Symbolica_default,cached_powers_Q,6,6,0.637,BalancedZippelSeparated,0
fire7_graph5_rank0330,Automatic,1,ok,246.631,23,2,1,0,0,2305843009213693967:20;2305843009213693973:3,Symbolica_default,cached_powers_Q,6,6,0.501,BalancedZippelSeparated,0
fire7_graph5_rank0331,Automatic,1,ok,204.151,19,2,1,0,0,2305843009213693967:16;2305843009213693973:3,Symbolica_default,cached_powers_Q,4,4,0.391,BalancedZippelSeparated,0
fire7_graph5_rank0332,Automatic,1,ok,199.711,22,2,1,0,0,2305843009213693967:19;2305843009213693973:3,Symbolica_default,cached_powers_Q,4,6,0.309,BalancedZippelSeparated,0
fire7_graph5_rank0333,Automatic,1,ok,242.141,28,2,1,0,0,2305843009213693967:25;2305843009213693973:3,Symbolica_default,cached_powers_Q,7,3,0.292,BalancedZippelSeparated,0
fire7_graph5_rank0334,Automatic,1,ok,291.301,23,2,1,0,0,2305843009213693967:20;2305843009213693973:3,Symbolica_default,cached_powers_Q,6,6,0.388,BalancedZippelSeparated,0
fire7_graph5_rank0335,Automatic,1,ok,228.490,26,2,1,0,0,2305843009213693967:23;2305843009213693973:3,Symbolica_default,cached_powers_Q,5,2,0.444,BalancedZippelSeparated,0
fire7_graph5_rank0336,Automatic,1,ok,310.541,21,2,1,0,0,2305843009213693967:18;2305843009213693973:3,Symbolica_default,cached_powers_Q,2,6,0.592,BalancedZippelSeparated,0
fire7_graph5_rank0337,Automatic,1,ok,268.421,23,2,1,0,0,2305843009213693967:20;2305843009213693973:3,Symbolica_default,cached_powers_Q,4,8,0.655,BalancedZippelSeparated,0
fire7_graph5_rank0338,Automatic,1,ok,465.022,36,2,1,0,0,2305843009213693967:33;2305843009213693973:3,Symbolica_default,cached_powers_Q,7,3,0.381,BalancedZippelSeparated,0
fire7_graph5_rank0339,Automatic,1,ok,295.051,24,2,1,0,0,2305843009213693967:21;2305843009213693973:3,Symbolica_default,cached_powers_Q,6,4,0.429,BalancedZippelSeparated,0
fire7_graph5_rank0340,Automatic,1,ok,179.121,18,2,1,0,0,2305843009213693967:15;2305843009213693973:3,Symbolica_default,cached_powers_Q,3,3,0.746,BalancedZippelSeparated,0
fire7_graph5_rank0341,Automatic,1,ok,243.551,24,2,1,0,0,2305843009213693967:21;2305843009213693973:3,Symbolica_default,cached_powers_Q,2,4,0.323,BalancedZippelSeparated,0
fire7_graph5_rank0342,Automatic,1,ok,213.950,20,2,1,0,0,2305843009213693967:17;2305843009213693973:3,Symbolica_default,cached_powers_Q,4,4,0.411,BalancedZippelSeparated,0
fire7_graph5_rank0343,Automatic,1,ok,200.531,20,2,1,0,0,2305843009213693967:17;2305843009213693973:3,Symbolica_default,cached_powers_Q,3,4,0.360,BalancedZippelSeparated,0
fire7_graph5_rank0344,Automatic,1,ok,177.481,20,2,1,0,0,2305843009213693967:17;2305843009213693973:3,Symbolica_default,cached_powers_Q,5,4,0.264,BalancedZippelSeparated,0
fire7_graph5_rank0345,Automatic,1,ok,165.630,19,2,1,0,0,2305843009213693967:16;2305843009213693973:3,Symbolica_default,cached_powers_Q,4,4,0.314,BalancedZippelSeparated,0
fire7_graph5_rank0346,Automatic,1,ok,434.271,21,2,1,0,0,2305843009213693967:18;2305843009213693973:3,Symbolica_default,cached_powers_Q,4,2,0.441,BalancedZippelSeparated,0
fire7_graph5_rank0347,Automatic,1,ok,229.080,23,2,1,0,0,2305843009213693967:20;2305843009213693973:3,Symbolica_default,cached_powers_Q,4,3,0.430,BalancedZippelSeparated,0
fire7_graph5_rank0348,Automatic,1,ok,218.901,21,2,1,0,0,2305843009213693967:18;2305843009213693973:3,Symbolica_default,cached_powers_Q,4,3,0.669,BalancedZippelSeparated,0
fire7_graph5_rank0349,Automatic,1,ok,282.001,24,2,1,0,0,2305843009213693967:21;2305843009213693973:3,Symbolica_default,cached_powers_Q,6,4,0.388,BalancedZippelSeparated,0
fire7_graph5_rank0350,Automatic,1,ok,225.751,20,2,1,0,0,2305843009213693967:17;2305843009213693973:3,Symbolica_default,cached_powers_Q,4,4,0.456,BalancedZippelSeparated,0
fire7_graph5_rank0351,Automatic,1,ok,229.911,20,2,1,0,0,2305843009213693967:17;2305843009213693973:3,Symbolica_default,cached_powers_Q,4,4,0.368,BalancedZippelSeparated,0
fire7_graph5_rank0352,Automatic,1,ok,283.570,28,2,1,0,0,2305843009213693967:25;2305843009213693973:3,Symbolica_default,cached_powers_Q,5,3,0.392,BalancedZippelSeparated,0
fire7_graph5_rank0353,Automatic,1,ok,394.691,20,2,1,0,0,2305843009213693967:17;2305843009213693973:3,Symbolica_default,cached_powers_Q,5,4,0.347,BalancedZippelSeparated,0
fire7_graph5_rank0354,Automatic,1,ok,188.060,20,2,1,0,0,2305843009213693967:17;2305843009213693973:3,Symbolica_default,cached_powers_Q,3,4,0.583,BalancedZippelSeparated,0
fire7_graph5_rank0355,Automatic,1,ok,268.541,22,2,1,0,0,2305843009213693967:19;2305843009213693973:3,Symbolica_default,cached_powers_Q,6,3,0.487,BalancedZippelSeparated,0
fire7_graph5_rank0356,Automatic,1,ok,245.311,21,2,1,0,0,2305843009213693967:18;2305843009213693973:3,Symbolica_default,cached_powers_Q,4,3,0.402,BalancedZippelSeparated,0
fire7_graph5_rank0357,Automatic,1,ok,264.191,22,2,1,0,0,2305843009213693967:19;2305843009213693973:3,Symbolica_default,cached_powers_Q,5,3,0.626,BalancedZippelSeparated,0
fire7_graph5_rank0358,Automatic,1,ok,379.741,24,2,1,0,0,2305843009213693967:21;2305843009213693973:3,Symbolica_default,cached_powers_Q,5,4,0.322,BalancedZippelSeparated,0
fire7_graph5_rank0359,Automatic,1,ok,229.161,24,2,1,0,0,2305843009213693967:21;2305843009213693973:3,Symbolica_default,cached_powers_Q,6,4,0.361,BalancedZippelSeparated,0
fire7_graph5_rank0360,Automatic,1,ok,377.211,19,2,1,0,0,2305843009213693967:16;2305843009213693973:3,Symbolica_default,cached_powers_Q,4,3,0.362,BalancedZippelSeparated,0
fire7_graph5_rank0361,Automatic,1,ok,263.272,23,2,1,0,0,2305843009213693967:20;2305843009213693973:3,Symbolica_default,cached_powers_Q,4,4,0.363,BalancedZippelSeparated,0
fire7_graph5_rank0362,Automatic,1,ok,279.031,22,2,1,0,0,2305843009213693967:19;2305843009213693973:3,Symbolica_default,cached_powers_Q,6,3,0.370,BalancedZippelSeparated,0
fire7_graph5_rank0363,Automatic,1,ok,264.581,22,2,1,0,0,2305843009213693967:19;2305843009213693973:3,Symbolica_default,cached_powers_Q,6,3,0.348,BalancedZippelSeparated,0
fire7_graph5_rank0364,Automatic,1,ok,419.112,23,2,1,0,0,2305843009213693967:20;2305843009213693973:3,Symbolica_default,cached_powers_Q,4,4,0.305,BalancedZippelSeparated,0
fire7_graph5_rank0365,Automatic,1,ok,221.901,20,2,1,0,0,2305843009213693967:17;2305843009213693973:3,Symbolica_default,cached_powers_Q,3,4,0.252,BalancedZippelSeparated,0
fire7_graph5_rank0366,Automatic,1,ok,309.301,24,2,1,0,0,2305843009213693967:21;2305843009213693973:3,Symbolica_default,cached_powers_Q,5,3,0.317,BalancedZippelSeparated,0
fire7_graph5_rank0367,Automatic,1,ok,284.052,24,2,1,0,0,2305843009213693967:21;2305843009213693973:3,Symbolica_default,cached_powers_Q,5,3,0.289,BalancedZippelSeparated,0
fire7_graph5_rank0368,Automatic,1,ok,207.031,18,2,1,0,0,2305843009213693967:15;2305843009213693973:3,Symbolica_default,cached_powers_Q,3,3,0.397,BalancedZippelSeparated,0
fire7_graph5_rank0369,Automatic,1,ok,314.431,22,2,1,0,0,2305843009213693967:19;2305843009213693973:3,Symbolica_default,cached_powers_Q,4,6,0.328,BalancedZippelSeparated,0
fire7_graph5_rank0370,Automatic,1,ok,214.311,21,2,1,0,0,2305843009213693967:18;2305843009213693973:3,Symbolica_default,cached_powers_Q,2,6,0.704,BalancedZippelSeparated,0
fire7_graph5_rank0371,Automatic,1,ok,252.241,23,2,1,0,0,2305843009213693967:20;2305843009213693973:3,Symbolica_default,cached_powers_Q,4,4,0.381,BalancedZippelSeparated,0
fire7_graph5_rank0372,Automatic,1,ok,473.612,21,2,1,0,0,2305843009213693967:18;2305843009213693973:3,Symbolica_default,cached_powers_Q,3,6,0.358,BalancedZippelSeparated,0
fire7_graph5_rank0373,Automatic,1,ok,502.442,24,2,1,0,0,2305843009213693967:21;2305843009213693973:3,Symbolica_default,cached_powers_Q,5,3,0.384,BalancedZippelSeparated,0
fire7_graph5_rank0374,Automatic,1,ok,419.701,24,2,1,0,0,2305843009213693967:21;2305843009213693973:3,Symbolica_default,cached_powers_Q,5,4,0.372,BalancedZippelSeparated,0
fire7_graph5_rank0375,Automatic,1,ok,257.081,22,2,1,0,0,2305843009213693967:19;2305843009213693973:3,Symbolica_default,cached_powers_Q,5,3,0.508,BalancedZippelSeparated,0
fire7_graph5_rank0376,Automatic,1,ok,231.761,21,2,1,0,0,2305843009213693967:18;2305843009213693973:3,Symbolica_default,cached_powers_Q,2,6,0.585,BalancedZippelSeparated,0
fire7_graph5_rank0377,Automatic,1,ok,335.411,21,2,1,0,0,2305843009213693967:18;2305843009213693973:3,Symbolica_default,cached_powers_Q,4,4,0.448,BalancedZippelSeparated,0
fire7_graph5_rank0378,Automatic,1,ok,296.741,23,2,1,0,0,2305843009213693967:20;2305843009213693973:3,Symbolica_default,cached_powers_Q,4,6,0.476,BalancedZippelSeparated,0
fire7_graph5_rank0379,Automatic,1,ok,253.151,20,2,1,0,0,2305843009213693967:17;2305843009213693973:3,Symbolica_default,cached_powers_Q,2,4,0.580,BalancedZippelSeparated,0
fire7_graph5_rank0380,Automatic,1,ok,251.651,20,2,1,0,0,2305843009213693967:17;2305843009213693973:3,Symbolica_default,cached_powers_Q,3,4,0.425,BalancedZippelSeparated,0
fire7_graph5_rank0381,Automatic,1,ok,292.441,24,2,1,0,0,2305843009213693967:21;2305843009213693973:3,Symbolica_default,cached_powers_Q,5,3,0.354,BalancedZippelSeparated,0
fire7_graph5_rank0382,Automatic,1,ok,203.671,19,2,1,0,0,2305843009213693967:16;2305843009213693973:3,Symbolica_default,cached_powers_Q,2,4,0.442,BalancedZippelSeparated,0
fire7_graph5_rank0383,Automatic,1,ok,190.461,20,2,1,0,0,2305843009213693967:17;2305843009213693973:3,Symbolica_default,cached_powers_Q,3,4,0.361,BalancedZippelSeparated,0
fire7_graph5_rank0384,Automatic,1,ok,508.732,20,2,1,0,0,2305843009213693967:17;2305843009213693973:3,Symbolica_default,cached_powers_Q,3,4,0.388,BalancedZippelSeparated,0
fire7_graph5_rank0385,Automatic,1,ok,213.801,18,2,1,0,0,2305843009213693967:15;2305843009213693973:3,Symbolica_default,cached_powers_Q,3,3,1.622,BalancedZippelSeparated,0
fire7_graph5_rank0386,Automatic,1,ok,270.521,22,2,1,0,0,2305843009213693967:19;2305843009213693973:3,Symbolica_default,cached_powers_Q,6,3,0.686,BalancedZippelSeparated,0
fire7_graph5_rank0387,Automatic,1,ok,228.871,24,2,1,0,0,2305843009213693967:21;2305843009213693973:3,Symbolica_default,cached_powers_Q,5,3,0.498,BalancedZippelSeparated,0
fire7_graph5_rank0388,Automatic,1,ok,310.141,20,2,1,0,0,2305843009213693967:17;2305843009213693973:3,Symbolica_default,cached_powers_Q,2,4,0.603,BalancedZippelSeparated,0
fire7_graph5_rank0389,Automatic,1,ok,389.602,24,2,1,0,0,2305843009213693967:21;2305843009213693973:3,Symbolica_default,cached_powers_Q,5,4,0.296,BalancedZippelSeparated,0
fire7_graph5_rank0390,Automatic,1,ok,187.411,22,2,1,0,0,2305843009213693967:19;2305843009213693973:3,Symbolica_default,cached_powers_Q,2,4,0.622,BalancedZippelSeparated,0
fire7_graph5_rank0391,Automatic,1,ok,165.580,20,2,1,0,0,2305843009213693967:17;2305843009213693973:3,Symbolica_default,cached_powers_Q,3,4,0.308,BalancedZippelSeparated,0
fire7_graph5_rank0392,Automatic,1,ok,167.531,21,2,1,0,0,2305843009213693967:18;2305843009213693973:3,Symbolica_default,cached_powers_Q,4,3,0.467,BalancedZippelSeparated,0
fire7_graph5_rank0393,Automatic,1,ok,242.231,21,2,1,0,0,2305843009213693967:18;2305843009213693973:3,Symbolica_default,cached_powers_Q,2,6,0.395,BalancedZippelSeparated,0
fire7_graph5_rank0394,Automatic,1,ok,332.911,21,2,1,0,0,2305843009213693967:18;2305843009213693973:3,Symbolica_default,cached_powers_Q,2,6,0.362,BalancedZippelSeparated,0
fire7_graph5_rank0395,Automatic,1,ok,240.041,21,2,1,0,0,2305843009213693967:18;2305843009213693973:3,Symbolica_default,cached_powers_Q,4,4,0.611,BalancedZippelSeparated,0
fire7_graph5_rank0396,Automatic,1,ok,186.640,21,2,1,0,0,2305843009213693967:18;2305843009213693973:3,Symbolica_default,cached_powers_Q,3,6,0.293,BalancedZippelSeparated,0
fire7_graph5_rank0397,Automatic,1,ok,194.871,21,2,1,0,0,2305843009213693967:18;2305843009213693973:3,Symbolica_default,cached_powers_Q,3,6,0.504,BalancedZippelSeparated,0
fire7_graph5_rank0398,Automatic,1,ok,192.700,23,2,1,0,0,2305843009213693967:20;2305843009213693973:3,Symbolica_default,cached_powers_Q,4,4,0.314,BalancedZippelSeparated,0
fire7_graph5_rank0399,Automatic,1,ok,226.640,19,2,1,0,0,2305843009213693967:16;2305843009213693973:3,Symbolica_default,cached_powers_Q,4,3,1.475,BalancedZippelSeparated,0
fire7_graph5_rank0400,Automatic,1,ok,168.240,21,2,1,0,0,2305843009213693967:18;2305843009213693973:3,Symbolica_default,cached_powers_Q,2,6,0.379,BalancedZippelSeparated,0
fire7_graph5_rank0401,Automatic,1,ok,215.081,21,2,1,0,0,2305843009213693967:18;2305843009213693973:3,Symbolica_default,cached_powers_Q,3,2,0.423,BalancedZippelSeparated,0
fire7_graph5_rank0402,Automatic,1,ok,275.761,28,2,1,0,0,2305843009213693967:25;2305843009213693973:3,Symbolica_default,cached_powers_Q,6,3,0.381,BalancedZippelSeparated,0
fire7_graph5_rank0403,Automatic,1,ok,243.471,20,2,1,0,0,2305843009213693967:17;2305843009213693973:3,Symbolica_default,cached_powers_Q,4,4,0.562,BalancedZippelSeparated,0
fire7_graph5_rank0404,Automatic,1,ok,174.721,20,2,1,0,0,2305843009213693967:17;2305843009213693973:3,Symbolica_default,cached_powers_Q,3,4,0.307,BalancedZippelSeparated,0
fire7_graph5_rank0405,Automatic,1,ok,236.461,21,2,1,0,0,2305843009213693967:18;2305843009213693973:3,Symbolica_default,cached_powers_Q,3,6,0.394,BalancedZippelSeparated,0
fire7_graph5_rank0406,Automatic,1,ok,211.971,24,2,1,0,0,2305843009213693967:21;2305843009213693973:3,Symbolica_default,cached_powers_Q,6,4,0.315,BalancedZippelSeparated,0
fire7_graph5_rank0407,Automatic,1,ok,191.920,23,2,1,0,0,2305843009213693967:20;2305843009213693973:3,Symbolica_default,cached_powers_Q,3,8,0.502,BalancedZippelSeparated,0
fire7_graph5_rank0408,Automatic,1,ok,211.121,24,2,1,0,0,2305843009213693967:21;2305843009213693973:3,Symbolica_default,cached_powers_Q,5,3,0.268,BalancedZippelSeparated,0
fire7_graph5_rank0409,Automatic,1,ok,412.772,22,2,1,0,0,2305843009213693967:19;2305843009213693973:3,Symbolica_default,cached_powers_Q,5,3,0.286,BalancedZippelSeparated,0
fire7_graph5_rank0410,Automatic,1,ok,169.301,19,2,1,0,0,2305843009213693967:16;2305843009213693973:3,Symbolica_default,cached_powers_Q,3,4,0.302,BalancedZippelSeparated,0
fire7_graph5_rank0411,Automatic,1,ok,199.701,21,2,1,0,0,2305843009213693967:18;2305843009213693973:3,Symbolica_default,cached_powers_Q,4,4,0.402,BalancedZippelSeparated,0
fire7_graph5_rank0412,Automatic,1,ok,465.992,20,2,1,0,0,2305843009213693967:17;2305843009213693973:3,Symbolica_default,cached_powers_Q,3,4,0.271,BalancedZippelSeparated,0
fire7_graph5_rank0413,Automatic,1,ok,276.791,28,2,1,0,0,2305843009213693967:25;2305843009213693973:3,Symbolica_default,cached_powers_Q,6,2,0.359,BalancedZippelSeparated,0
fire7_graph5_rank0414,Automatic,1,ok,150.751,19,2,1,0,0,2305843009213693967:16;2305843009213693973:3,Symbolica_default,cached_powers_Q,2,4,0.300,BalancedZippelSeparated,0
fire7_graph5_rank0415,Automatic,1,ok,164.971,19,2,1,0,0,2305843009213693967:16;2305843009213693973:3,Symbolica_default,cached_powers_Q,2,4,0.513,BalancedZippelSeparated,0
fire7_graph5_rank0416,Automatic,1,ok,166.401,23,2,1,0,0,2305843009213693967:20;2305843009213693973:3,Symbolica_default,cached_powers_Q,4,4,0.284,BalancedZippelSeparated,0
fire7_graph5_rank0417,Automatic,1,ok,233.111,18,2,1,0,0,2305843009213693967:15;2305843009213693973:3,Symbolica_default,cached_powers_Q,4,3,0.358,BalancedZippelSeparated,0
fire7_graph5_rank0418,Automatic,1,ok,304.261,22,2,1,0,0,2305843009213693967:19;2305843009213693973:3,Symbolica_default,cached_powers_Q,5,3,0.371,BalancedZippelSeparated,0
fire7_graph5_rank0419,Automatic,1,ok,209.620,21,2,1,0,0,2305843009213693967:18;2305843009213693973:3,Symbolica_default,cached_powers_Q,2,6,0.496,BalancedZippelSeparated,0
fire7_graph5_rank0420,Automatic,1,ok,266.301,19,2,1,0,0,2305843009213693967:16;2305843009213693973:3,Symbolica_default,cached_powers_Q,4,4,0.435,BalancedZippelSeparated,0
fire7_graph5_rank0421,Automatic,1,ok,186.640,20,2,1,0,0,2305843009213693967:17;2305843009213693973:3,Symbolica_default,cached_powers_Q,3,4,1.537,BalancedZippelSeparated,0
fire7_graph5_rank0422,Automatic,1,ok,204.221,19,2,1,0,0,2305843009213693967:16;2305843009213693973:3,Symbolica_default,cached_powers_Q,2,4,0.455,BalancedZippelSeparated,0
fire7_graph5_rank0423,Automatic,1,ok,235.130,21,2,1,0,0,2305843009213693967:18;2305843009213693973:3,Symbolica_default,cached_powers_Q,4,4,0.384,BalancedZippelSeparated,0
fire7_graph5_rank0424,Automatic,1,ok,333.382,21,2,1,0,0,2305843009213693967:18;2305843009213693973:3,Symbolica_default,cached_powers_Q,4,4,0.375,BalancedZippelSeparated,0
fire7_graph5_rank0425,Automatic,1,ok,151.630,19,2,1,0,0,2305843009213693967:16;2305843009213693973:3,Symbolica_default,cached_powers_Q,2,4,0.433,BalancedZippelSeparated,0
fire7_graph5_rank0426,Automatic,1,ok,312.342,24,2,1,0,0,2305843009213693967:21;2305843009213693973:3,Symbolica_default,cached_powers_Q,5,4,0.443,BalancedZippelSeparated,0
fire7_graph5_rank0427,Automatic,1,ok,310.071,21,2,1,0,0,2305843009213693967:18;2305843009213693973:3,Symbolica_default,cached_powers_Q,3,6,0.355,BalancedZippelSeparated,0
fire7_graph5_rank0428,Automatic,1,ok,225.441,19,2,1,0,0,2305843009213693967:16;2305843009213693973:3,Symbolica_default,cached_powers_Q,2,4,0.422,BalancedZippelSeparated,0
fire7_graph5_rank0429,Automatic,1,ok,197.771,19,2,1,0,0,2305843009213693967:16;2305843009213693973:3,Symbolica_default,cached_powers_Q,2,4,0.425,BalancedZippelSeparated,0
fire7_graph5_rank0430,Automatic,1,ok,230.351,21,2,1,0,0,2305843009213693967:18;2305843009213693973:3,Symbolica_default,cached_powers_Q,3,6,0.419,BalancedZippelSeparated,0
fire7_graph5_rank0431,Automatic,1,ok,242.491,21,2,1,0,0,2305843009213693967:18;2305843009213693973:3,Symbolica_default,cached_powers_Q,3,6,0.369,BalancedZippelSeparated,0
fire7_graph5_rank0432,Automatic,1,ok,270.751,21,2,1,0,0,2305843009213693967:18;2305843009213693973:3,Symbolica_default,cached_powers_Q,3,6,0.383,BalancedZippelSeparated,0
fire7_graph5_rank0433,Automatic,1,ok,155.061,19,2,1,0,0,2305843009213693967:16;2305843009213693973:3,Symbolica_default,cached_powers_Q,2,4,0.328,BalancedZippelSeparated,0
fire7_graph5_rank0434,Automatic,1,ok,190.730,19,2,1,0,0,2305843009213693967:16;2305843009213693973:3,Symbolica_default,cached_powers_Q,2,4,0.318,BalancedZippelSeparated,0
fire7_graph5_rank0435,Automatic,1,ok,226.321,22,2,1,0,0,2305843009213693967:19;2305843009213693973:3,Symbolica_default,cached_powers_Q,4,3,0.340,BalancedZippelSeparated,0
fire7_graph5_rank0436,Automatic,1,ok,206.241,24,2,1,0,0,2305843009213693967:21;2305843009213693973:3,Symbolica_default,cached_powers_Q,5,4,0.458,BalancedZippelSeparated,0
fire7_graph5_rank0437,Automatic,1,ok,466.222,24,2,1,0,0,2305843009213693967:21;2305843009213693973:3,Symbolica_default,cached_powers_Q,5,4,0.295,BalancedZippelSeparated,0
fire7_graph5_rank0438,Automatic,1,ok,183.211,21,2,1,0,0,2305843009213693967:18;2305843009213693973:3,Symbolica_default,cached_powers_Q,4,4,0.229,BalancedZippelSeparated,0
fire7_graph5_rank0439,Automatic,1,ok,239.551,20,2,1,0,0,2305843009213693967:17;2305843009213693973:3,Symbolica_default,cached_powers_Q,3,4,0.329,BalancedZippelSeparated,0
fire7_graph5_rank0440,Automatic,1,ok,199.070,19,2,1,0,0,2305843009213693967:16;2305843009213693973:3,Symbolica_default,cached_powers_Q,2,4,0.597,BalancedZippelSeparated,0
fire7_graph5_rank0441,Automatic,1,ok,258.401,24,2,1,0,0,2305843009213693967:21;2305843009213693973:3,Symbolica_default,cached_powers_Q,5,4,0.437,BalancedZippelSeparated,0
fire7_graph5_rank0442,Automatic,1,ok,372.201,20,2,1,0,0,2305843009213693967:17;2305843009213693973:3,Symbolica_default,cached_powers_Q,3,4,0.350,BalancedZippelSeparated,0
fire7_graph5_rank0443,Automatic,1,ok,195.781,19,2,1,0,0,2305843009213693967:16;2305843009213693973:3,Symbolica_default,cached_powers_Q,3,2,0.455,BalancedZippelSeparated,0
fire7_graph5_rank0444,Automatic,1,ok,230.201,22,2,1,0,0,2305843009213693967:19;2305843009213693973:3,Symbolica_default,cached_powers_Q,4,3,0.299,BalancedZippelSeparated,0
fire7_graph5_rank0445,Automatic,1,ok,192.610,20,2,1,0,0,2305843009213693967:17;2305843009213693973:3,Symbolica_default,cached_powers_Q,3,4,0.344,BalancedZippelSeparated,0
fire7_graph5_rank0446,Automatic,1,ok,206.051,18,2,1,0,0,2305843009213693967:15;2305843009213693973:3,Symbolica_default,cached_powers_Q,2,3,0.380,BalancedZippelSeparated,0
fire7_graph5_rank0447,Automatic,1,ok,301.071,22,2,1,0,0,2305843009213693967:19;2305843009213693973:3,Symbolica_default,cached_powers_Q,6,3,0.372,BalancedZippelSeparated,0
fire7_graph5_rank0448,Automatic,1,ok,179.581,18,2,1,0,0,2305843009213693967:15;2305843009213693973:3,Symbolica_default,cached_powers_Q,2,2,0.499,BalancedZippelSeparated,0
fire7_graph5_rank0449,Automatic,1,ok,264.821,22,2,1,0,0,2305843009213693967:19;2305843009213693973:3,Symbolica_default,cached_powers_Q,4,3,0.479,BalancedZippelSeparated,0
fire7_graph5_rank0450,Automatic,1,ok,398.981,22,2,1,0,0,2305843009213693967:19;2305843009213693973:3,Symbolica_default,cached_powers_Q,4,3,0.281,BalancedZippelSeparated,0
fire7_graph5_rank0451,Automatic,1,ok,171.660,18,2,1,0,0,2305843009213693967:15;2305843009213693973:3,Symbolica_default,cached_powers_Q,3,3,0.302,BalancedZippelSeparated,0
fire7_graph5_rank0452,Automatic,1,ok,164.571,18,2,1,0,0,2305843009213693967:15;2305843009213693973:3,Symbolica_default,cached_powers_Q,4,3,0.278,BalancedZippelSeparated,0
fire7_graph5_rank0453,Automatic,1,ok,414.291,17,2,1,0,0,2305843009213693967:14;2305843009213693973:3,Symbolica_default,cached_powers_Q,3,2,0.360,BalancedZippelSeparated,0
fire7_graph5_rank0454,Automatic,1,ok,187.390,21,2,1,0,0,2305843009213693967:18;2305843009213693973:3,Symbolica_default,cached_powers_Q,3,2,0.537,BalancedZippelSeparated,0
fire7_graph5_rank0455,Automatic,1,ok,216.661,21,2,1,0,0,2305843009213693967:18;2305843009213693973:3,Symbolica_default,cached_powers_Q,4,4,0.356,BalancedZippelSeparated,0
fire7_graph5_rank0456,Automatic,1,ok,236.981,20,2,1,0,0,2305843009213693967:17;2305843009213693973:3,Symbolica_default,cached_powers_Q,3,4,0.320,BalancedZippelSeparated,0
fire7_graph5_rank0457,Automatic,1,ok,197.371,22,2,1,0,0,2305843009213693967:19;2305843009213693973:3,Symbolica_default,cached_powers_Q,5,3,0.278,BalancedZippelSeparated,0
fire7_graph5_rank0458,Automatic,1,ok,366.051,20,2,1,0,0,2305843009213693967:17;2305843009213693973:3,Symbolica_default,cached_powers_Q,3,4,0.264,BalancedZippelSeparated,0
fire7_graph5_rank0459,Automatic,1,ok,353.061,20,2,1,0,0,2305843009213693967:17;2305843009213693973:3,Symbolica_default,cached_powers_Q,4,4,0.258,BalancedZippelSeparated,0
fire7_graph5_rank0460,Automatic,1,ok,236.130,18,2,1,0,0,2305843009213693967:15;2305843009213693973:3,Symbolica_default,cached_powers_Q,3,3,0.344,BalancedZippelSeparated,0
fire7_graph5_rank0461,Automatic,1,ok,244.131,25,2,1,0,0,2305843009213693967:22;2305843009213693973:3,Symbolica_default,cached_powers_Q,4,4,0.564,BalancedZippelSeparated,0
fire7_graph5_rank0462,Automatic,1,ok,246.101,22,2,1,0,0,2305843009213693967:19;2305843009213693973:3,Symbolica_default,cached_powers_Q,4,6,0.336,BalancedZippelSeparated,0
fire7_graph5_rank0463,Automatic,1,ok,238.611,21,2,1,0,0,2305843009213693967:18;2305843009213693973:3,Symbolica_default,cached_powers_Q,4,3,0.401,BalancedZippelSeparated,0
fire7_graph5_rank0464,Automatic,1,ok,300.281,22,2,1,0,0,2305843009213693967:19;2305843009213693973:3,Symbolica_default,cached_powers_Q,5,3,0.426,BalancedZippelSeparated,0
fire7_graph5_rank0465,Automatic,1,ok,215.411,24,2,1,0,0,2305843009213693967:21;2305843009213693973:3,Symbolica_default,cached_powers_Q,5,3,0.300,BalancedZippelSeparated,0
fire7_graph5_rank0466,Automatic,1,ok,180.231,20,2,1,0,0,2305843009213693967:17;2305843009213693973:3,Symbolica_default,cached_powers_Q,4,4,0.270,BalancedZippelSeparated,0
fire7_graph5_rank0467,Automatic,1,ok,481.862,24,2,1,0,0,2305843009213693967:21;2305843009213693973:3,Symbolica_default,cached_powers_Q,4,6,1.496,BalancedZippelSeparated,0
fire7_graph5_rank0468,Automatic,1,ok,261.311,19,2,1,0,0,2305843009213693967:16;2305843009213693973:3,Symbolica_default,cached_powers_Q,4,4,0.354,BalancedZippelSeparated,0
fire7_graph5_rank0469,Automatic,1,ok,373.132,23,2,1,0,0,2305843009213693967:20;2305843009213693973:3,Symbolica_default,cached_powers_Q,4,3,0.286,BalancedZippelSeparated,0
fire7_graph5_rank0470,Automatic,1,ok,193.391,22,2,1,0,0,2305843009213693967:19;2305843009213693973:3,Symbolica_default,cached_powers_Q,4,6,0.495,BalancedZippelSeparated,0
fire7_graph5_rank0471,Automatic,1,ok,353.451,22,2,1,0,0,2305843009213693967:19;2305843009213693973:3,Symbolica_default,cached_powers_Q,5,3,0.386,BalancedZippelSeparated,0
fire7_graph5_rank0472,Automatic,1,ok,268.901,20,2,1,0,0,2305843009213693967:17;2305843009213693973:3,Symbolica_default,cached_powers_Q,4,4,0.447,BalancedZippelSeparated,0
fire7_graph5_rank0473,Automatic,1,ok,169.441,18,2,1,0,0,2305843009213693967:15;2305843009213693973:3,Symbolica_default,cached_powers_Q,4,3,0.549,BalancedZippelSeparated,0
fire7_graph5_rank0474,Automatic,1,ok,240.701,18,2,1,0,0,2305843009213693967:15;2305843009213693973:3,Symbolica_default,cached_powers_Q,4,3,0.383,BalancedZippelSeparated,0
fire7_graph5_rank0475,Automatic,1,ok,485.102,21,2,1,0,0,2305843009213693967:18;2305843009213693973:3,Symbolica_default,cached_powers_Q,4,3,0.298,BalancedZippelSeparated,0
fire7_graph5_rank0476,Automatic,1,ok,212.731,20,2,1,0,0,2305843009213693967:17;2305843009213693973:3,Symbolica_default,cached_powers_Q,4,4,0.335,BalancedZippelSeparated,0
fire7_graph5_rank0477,Automatic,1,ok,247.421,20,2,1,0,0,2305843009213693967:17;2305843009213693973:3,Symbolica_default,cached_powers_Q,4,4,0.366,BalancedZippelSeparated,0
fire7_graph5_rank0478,Automatic,1,ok,178.551,20,2,1,0,0,2305843009213693967:17;2305843009213693973:3,Symbolica_default,cached_powers_Q,4,4,0.310,BalancedZippelSeparated,0
fire7_graph5_rank0479,Automatic,1,ok,379.192,20,2,1,0,0,2305843009213693967:17;2305843009213693973:3,Symbolica_default,cached_powers_Q,4,4,0.295,BalancedZippelSeparated,0
fire7_graph5_rank0480,Automatic,1,ok,268.892,22,2,1,0,0,2305843009213693967:19;2305843009213693973:3,Symbolica_default,cached_powers_Q,4,3,0.281,BalancedZippelSeparated,0
fire7_graph5_rank0481,Automatic,1,ok,231.191,26,2,1,0,0,2305843009213693967:23;2305843009213693973:3,Symbolica_default,cached_powers_Q,5,3,0.375,BalancedZippelSeparated,0
fire7_graph5_rank0482,Automatic,1,ok,317.181,17,2,1,0,0,2305843009213693967:14;2305843009213693973:3,Symbolica_default,cached_powers_Q,3,3,0.337,BalancedZippelSeparated,0
fire7_graph5_rank0483,Automatic,1,ok,213.530,20,2,1,0,0,2305843009213693967:17;2305843009213693973:3,Symbolica_default,cached_powers_Q,4,4,0.554,BalancedZippelSeparated,0
fire7_graph5_rank0484,Automatic,1,ok,201.810,22,2,1,0,0,2305843009213693967:19;2305843009213693973:3,Symbolica_default,cached_powers_Q,3,1,0.464,BalancedZippelSeparated,0
fire7_graph5_rank0485,Automatic,1,ok,424.982,17,2,1,0,0,2305843009213693967:14;2305843009213693973:3,Symbolica_default,cached_powers_Q,3,3,0.408,BalancedZippelSeparated,0
fire7_graph5_rank0486,Automatic,1,ok,162.321,19,2,1,0,0,2305843009213693967:16;2305843009213693973:3,Symbolica_default,cached_powers_Q,2,4,0.339,BalancedZippelSeparated,0
fire7_graph5_rank0487,Automatic,1,ok,532.852,23,2,1,0,0,2305843009213693967:20;2305843009213693973:3,Symbolica_default,cached_powers_Q,4,4,0.346,BalancedZippelSeparated,0
fire7_graph5_rank0488,Automatic,1,ok,229.651,23,2,1,0,0,2305843009213693967:20;2305843009213693973:3,Symbolica_default,cached_powers_Q,2,8,0.537,BalancedZippelSeparated,0
fire7_graph5_rank0489,Automatic,1,ok,287.961,20,2,1,0,0,2305843009213693967:17;2305843009213693973:3,Symbolica_default,cached_powers_Q,3,4,0.352,BalancedZippelSeparated,0
fire7_graph5_rank0490,Automatic,1,ok,206.441,18,2,1,0,0,2305843009213693967:15;2305843009213693973:3,Symbolica_default,cached_powers_Q,2,3,0.452,BalancedZippelSeparated,0
fire7_graph5_rank0491,Automatic,1,ok,163.740,20,2,1,0,0,2305843009213693967:17;2305843009213693973:3,Symbolica_default,cached_powers_Q,3,4,0.444,BalancedZippelSeparated,0
fire7_graph5_rank0492,Automatic,1,ok,158.751,18,2,1,0,0,2305843009213693967:15;2305843009213693973:3,Symbolica_default,cached_powers_Q,4,3,0.274,BalancedZippelSeparated,0
fire7_graph5_rank0493,Automatic,1,ok,303.411,18,2,1,0,0,2305843009213693967:15;2305843009213693973:3,Symbolica_default,cached_powers_Q,4,3,0.251,BalancedZippelSeparated,0
fire7_graph5_rank0494,Automatic,1,ok,197.291,22,2,1,0,0,2305843009213693967:19;2305843009213693973:3,Symbolica_default,cached_powers_Q,5,3,0.228,BalancedZippelSeparated,0
fire7_graph5_rank0495,Automatic,1,ok,179.411,22,2,1,0,0,2305843009213693967:19;2305843009213693973:3,Symbolica_default,cached_powers_Q,5,3,0.195,BalancedZippelSeparated,0
fire7_graph5_rank0496,Automatic,1,ok,161.821,20,2,1,0,0,2305843009213693967:17;2305843009213693973:3,Symbolica_default,cached_powers_Q,3,4,0.335,BalancedZippelSeparated,0
fire7_graph5_rank0497,Automatic,1,ok,178.961,21,2,1,0,0,2305843009213693967:18;2305843009213693973:3,Symbolica_default,cached_powers_Q,3,6,0.325,BalancedZippelSeparated,0
fire7_graph5_rank0498,Automatic,1,ok,190.670,21,2,1,0,0,2305843009213693967:18;2305843009213693973:3,Symbolica_default,cached_powers_Q,3,6,0.413,BalancedZippelSeparated,0
fire7_graph5_rank0499,Automatic,1,ok,222.281,19,2,1,0,0,2305843009213693967:16;2305843009213693973:3,Symbolica_default,cached_powers_Q,2,4,0.433,BalancedZippelSeparated,0
fire7_graph5_rank0500,Automatic,1,ok,432.732,22,2,1,0,0,2305843009213693967:19;2305843009213693973:3,Symbolica_default,cached_powers_Q,5,3,0.372,BalancedZippelSeparated,0
fire7_graph5_rank0501,Automatic,1,ok,395.541,19,2,1,0,0,2305843009213693967:16;2305843009213693973:3,Symbolica_default,cached_powers_Q,1,4,0.418,BalancedZippelSeparated,0
fire7_graph5_rank0502,Automatic,1,ok,221.741,17,2,1,0,0,2305843009213693967:14;2305843009213693973:3,Symbolica_default,cached_powers_Q,3,3,0.360,BalancedZippelSeparated,0
fire7_graph5_rank0503,Automatic,1,ok,249.521,18,2,1,0,0,2305843009213693967:15;2305843009213693973:3,Symbolica_default,cached_powers_Q,4,3,0.375,BalancedZippelSeparated,0
fire7_graph5_rank0504,Automatic,1,ok,192.570,18,2,1,0,0,2305843009213693967:15;2305843009213693973:3,Symbolica_default,cached_powers_Q,3,3,0.287,BalancedZippelSeparated,0
fire7_graph5_rank0505,Automatic,1,ok,238.191,18,2,1,0,0,2305843009213693967:15;2305843009213693973:3,Symbolica_default,cached_powers_Q,3,3,0.315,BalancedZippelSeparated,0
fire7_graph5_rank0506,Automatic,1,ok,192.511,18,2,1,0,0,2305843009213693967:15;2305843009213693973:3,Symbolica_default,cached_powers_Q,3,3,0.521,BalancedZippelSeparated,0
fire7_graph5_rank0507,Automatic,1,ok,224.171,18,2,1,0,0,2305843009213693967:15;2305843009213693973:3,Symbolica_default,cached_powers_Q,3,3,0.364,BalancedZippelSeparated,0
fire7_graph5_rank0508,Automatic,1,ok,219.081,18,2,1,0,0,2305843009213693967:15;2305843009213693973:3,Symbolica_default,cached_powers_Q,4,3,0.362,BalancedZippelSeparated,0
fire7_graph5_rank0509,Automatic,1,ok,238.781,26,2,1,0,0,2305843009213693967:23;2305843009213693973:3,Symbolica_default,cached_powers_Q,5,3,0.381,BalancedZippelSeparated,0
fire7_graph5_rank0510,Automatic,1,ok,188.531,22,2,1,0,0,2305843009213693967:19;2305843009213693973:3,Symbolica_default,cached_powers_Q,4,4,0.317,BalancedZippelSeparated,0
fire7_graph5_rank0511,Automatic,1,ok,169.000,23,2,1,0,0,2305843009213693967:20;2305843009213693973:3,Symbolica_default,cached_powers_Q,4,3,0.234,BalancedZippelSeparated,0
fire7_graph5_rank0512,Automatic,1,ok,167.270,19,2,1,0,0,2305843009213693967:16;2305843009213693973:3,Symbolica_default,cached_powers_Q,1,4,0.222,BalancedZippelSeparated,0
fire7_graph5_rank0513,Automatic,1,ok,348.121,22,2,1,0,0,2305843009213693967:19;2305843009213693973:3,Symbolica_default,cached_powers_Q,5,3,0.205,BalancedZippelSeparated,0
fire7_graph5_rank0514,Automatic,1,ok,343.042,23,2,1,0,0,2305843009213693967:20;2305843009213693973:3,Symbolica_default,cached_powers_Q,4,3,0.249,BalancedZippelSeparated,0
fire7_graph5_rank0515,Automatic,1,ok,638.382,17,2,1,0,0,2305843009213693967:14;2305843009213693973:3,Symbolica_default,cached_powers_Q,3,3,0.360,BalancedZippelSeparated,0
fire7_graph5_rank0516,Automatic,1,ok,189.641,22,2,1,0,0,2305843009213693967:19;2305843009213693973:3,Symbolica_default,cached_powers_Q,3,4,0.314,BalancedZippelSeparated,0
fire7_graph5_rank0517,Automatic,1,ok,315.832,18,2,1,0,0,2305843009213693967:15;2305843009213693973:3,Symbolica_default,cached_powers_Q,3,3,0.329,BalancedZippelSeparated,0
fire7_graph5_rank0518,Automatic,1,ok,400.992,18,2,1,0,0,2305843009213693967:15;2305843009213693973:3,Symbolica_default,cached_powers_Q,4,3,0.329,BalancedZippelSeparated,0
fire7_graph5_rank0519,Automatic,1,ok,176.681,18,2,1,0,0,2305843009213693967:15;2305843009213693973:3,Symbolica_default,cached_powers_Q,4,3,0.271,BalancedZippelSeparated,0
fire7_graph5_rank0520,Automatic,1,ok,205.641,19,2,1,0,0,2305843009213693967:16;2305843009213693973:3,Symbolica_default,cached_powers_Q,2,4,0.511,BalancedZippelSeparated,0
fire7_graph5_rank0521,Automatic,1,ok,284.811,18,2,1,0,0,2305843009213693967:15;2305843009213693973:3,Symbolica_default,cached_powers_Q,3,3,0.298,BalancedZippelSeparated,0
fire7_graph5_rank0522,Automatic,1,ok,203.151,20,2,1,0,0,2305843009213693967:17;2305843009213693973:3,Symbolica_default,cached_powers_Q,2,3,0.379,BalancedZippelSeparated,0
fire7_graph5_rank0523,Automatic,1,ok,244.021,19,2,1,0,0,2305843009213693967:16;2305843009213693973:3,Symbolica_default,cached_powers_Q,1,4,0.395,BalancedZippelSeparated,0
fire7_graph5_rank0524,Automatic,1,ok,167.490,18,2,1,0,0,2305843009213693967:15;2305843009213693973:3,Symbolica_default,cached_powers_Q,1,3,0.355,BalancedZippelSeparated,0
fire7_graph5_rank0525,Automatic,1,ok,193.841,17,2,1,0,0,2305843009213693967:14;2305843009213693973:3,Symbolica_default,cached_powers_Q,2,3,0.500,BalancedZippelSeparated,0
fire7_graph5_rank0526,Automatic,1,ok,178.620,18,2,1,0,0,2305843009213693967:15;2305843009213693973:3,Symbolica_default,cached_powers_Q,3,3,0.257,BalancedZippelSeparated,0
fire7_graph5_rank0527,Automatic,1,ok,207.031,18,2,1,0,0,2305843009213693967:15;2305843009213693973:3,Symbolica_default,cached_powers_Q,4,3,0.295,BalancedZippelSeparated,0
fire7_graph5_rank0528,Automatic,1,ok,165.061,18,2,1,0,0,2305843009213693967:15;2305843009213693973:3,Symbolica_default,cached_powers_Q,2,3,0.286,BalancedZippelSeparated,0
fire7_graph5_rank0529,Automatic,1,ok,192.530,18,2,1,0,0,2305843009213693967:15;2305843009213693973:3,Symbolica_default,cached_powers_Q,4,3,0.268,BalancedZippelSeparated,0
fire7_graph5_rank0530,Automatic,1,ok,201.111,19,2,1,0,0,2305843009213693967:16;2305843009213693973:3,Symbolica_default,cached_powers_Q,2,4,0.279,BalancedZippelSeparated,0
fire7_graph5_rank0531,Automatic,1,ok,178.091,18,2,1,0,0,2305843009213693967:15;2305843009213693973:3,Symbolica_default,cached_powers_Q,3,3,0.259,BalancedZippelSeparated,0
fire7_graph5_rank0532,Automatic,1,ok,160.041,18,2,1,0,0,2305843009213693967:15;2305843009213693973:3,Symbolica_default,cached_powers_Q,4,3,0.218,BalancedZippelSeparated,0
fire7_graph5_rank0533,Automatic,1,ok,159.260,20,2,1,0,0,2305843009213693967:17;2305843009213693973:3,Symbolica_default,cached_powers_Q,3,4,0.464,BalancedZippelSeparated,0
fire7_graph5_rank0534,Automatic,1,ok,195.811,16,2,1,0,0,2305843009213693967:13;2305843009213693973:3,Symbolica_default,cached_powers_Q,2,2,0.383,BalancedZippelSeparated,0
fire7_graph5_rank0535,Automatic,1,ok,241.701,18,2,1,0,0,2305843009213693967:15;2305843009213693973:3,Symbolica_default,cached_powers_Q,3,3,0.333,BalancedZippelSeparated,0
fire7_graph5_rank0536,Automatic,1,ok,384.842,19,2,1,0,0,2305843009213693967:16;2305843009213693973:3,Symbolica_default,cached_powers_Q,4,4,0.318,BalancedZippelSeparated,0
fire7_graph5_rank0537,Automatic,1,ok,157.120,18,2,1,0,0,2305843009213693967:15;2305843009213693973:3,Symbolica_default,cached_powers_Q,2,3,1.487,BalancedZippelSeparated,0
fire7_graph5_rank0538,Automatic,1,ok,235.760,18,2,1,0,0,2305843009213693967:15;2305843009213693973:3,Symbolica_default,cached_powers_Q,4,3,0.342,BalancedZippelSeparated,0
fire7_graph5_rank0539,Automatic,1,ok,223.291,18,2,1,0,0,2305843009213693967:15;2305843009213693973:3,Symbolica_default,cached_powers_Q,4,3,0.331,BalancedZippelSeparated,0
fire7_graph5_rank0540,Automatic,1,ok,401.451,18,2,1,0,0,2305843009213693967:15;2305843009213693973:3,Symbolica_default,cached_powers_Q,3,3,0.333,BalancedZippelSeparated,0
fire7_graph5_rank0541,Automatic,1,ok,246.521,21,2,1,0,0,2305843009213693967:18;2305843009213693973:3,Symbolica_default,cached_powers_Q,3,6,0.503,BalancedZippelSeparated,0
fire7_graph5_rank0542,Automatic,1,ok,300.592,20,2,1,0,0,2305843009213693967:17;2305843009213693973:3,Symbolica_default,cached_powers_Q,2,4,0.384,BalancedZippelSeparated,0
fire7_graph5_rank0543,Automatic,1,ok,364.502,18,2,1,0,0,2305843009213693967:15;2305843009213693973:3,Symbolica_default,cached_powers_Q,4,3,0.274,BalancedZippelSeparated,0
fire7_graph5_rank0544,Automatic,1,ok,178.501,20,2,1,0,0,2305843009213693967:17;2305843009213693973:3,Symbolica_default,cached_powers_Q,3,4,0.275,BalancedZippelSeparated,0
fire7_graph5_rank0545,Automatic,1,ok,171.211,20,2,1,0,0,2305843009213693967:17;2305843009213693973:3,Symbolica_default,cached_powers_Q,3,4,0.548,BalancedZippelSeparated,0
fire7_graph5_rank0546,Automatic,1,ok,327.611,21,2,1,0,0,2305843009213693967:18;2305843009213693973:3,Symbolica_default,cached_powers_Q,4,3,0.211,BalancedZippelSeparated,0
fire7_graph5_rank0547,Automatic,1,ok,134.030,19,2,1,0,0,2305843009213693967:16;2305843009213693973:3,Symbolica_default,cached_powers_Q,1,4,0.299,BalancedZippelSeparated,0
fire7_graph5_rank0548,Automatic,1,ok,167.800,16,2,1,0,0,2305843009213693967:13;2305843009213693973:3,Symbolica_default,cached_powers_Q,2,2,2.624,BalancedZippelSeparated,0
fire7_graph5_rank0549,Automatic,1,ok,169.330,18,2,1,0,0,2305843009213693967:15;2305843009213693973:3,Symbolica_default,cached_powers_Q,2,2,0.591,BalancedZippelSeparated,0
fire7_graph5_rank0550,Automatic,1,ok,215.421,20,2,1,0,0,2305843009213693967:17;2305843009213693973:3,Symbolica_default,cached_powers_Q,3,4,0.358,BalancedZippelSeparated,0
fire7_graph5_rank0551,Automatic,1,ok,235.571,18,2,1,0,0,2305843009213693967:15;2305843009213693973:3,Symbolica_default,cached_powers_Q,4,3,0.400,BalancedZippelSeparated,0
fire7_graph5_rank0552,Automatic,1,ok,230.721,18,2,1,0,0,2305843009213693967:15;2305843009213693973:3,Symbolica_default,cached_powers_Q,3,3,0.322,BalancedZippelSeparated,0
fire7_graph5_rank0553,Automatic,1,ok,235.161,18,2,1,0,0,2305843009213693967:15;2305843009213693973:3,Symbolica_default,cached_powers_Q,3,3,0.395,BalancedZippelSeparated,0
fire7_graph5_rank0554,Automatic,1,ok,253.341,21,2,1,0,0,2305843009213693967:18;2305843009213693973:3,Symbolica_default,cached_powers_Q,2,6,0.421,BalancedZippelSeparated,0
fire7_graph5_rank0555,Automatic,1,ok,427.912,20,2,1,0,0,2305843009213693967:17;2305843009213693973:3,Symbolica_default,cached_powers_Q,3,4,0.392,BalancedZippelSeparated,0
fire7_graph5_rank0556,Automatic,1,ok,179.240,20,2,1,0,0,2305843009213693967:17;2305843009213693973:3,Symbolica_default,cached_powers_Q,3,4,0.312,BalancedZippelSeparated,0
fire7_graph5_rank0557,Automatic,1,ok,246.011,24,2,1,0,0,2305843009213693967:21;2305843009213693973:3,Symbolica_default,cached_powers_Q,5,2,0.364,BalancedZippelSeparated,0
fire7_graph5_rank0558,Automatic,1,ok,153.741,16,2,1,0,0,2305843009213693967:13;2305843009213693973:3,Symbolica_default,cached_powers_Q,2,2,0.467,BalancedZippelSeparated,0
fire7_graph5_rank0559,Automatic,1,ok,134.440,18,2,1,0,0,2305843009213693967:15;2305843009213693973:3,Symbolica_default,cached_powers_Q,1,3,0.274,BalancedZippelSeparated,0
fire7_graph5_rank0560,Automatic,1,ok,182.301,18,2,1,0,0,2305843009213693967:15;2305843009213693973:3,Symbolica_default,cached_powers_Q,3,3,0.264,BalancedZippelSeparated,0
fire7_graph5_rank0561,Automatic,1,ok,224.641,18,2,1,0,0,2305843009213693967:15;2305843009213693973:3,Symbolica_default,cached_powers_Q,3,3,0.355,BalancedZippelSeparated,0
fire7_graph5_rank0562,Automatic,1,ok,474.822,18,2,1,0,0,2305843009213693967:15;2305843009213693973:3,Symbolica_default,cached_powers_Q,3,3,0.391,BalancedZippelSeparated,0
fire7_graph5_rank0563,Automatic,1,ok,157.951,20,2,1,0,0,2305843009213693967:17;2305843009213693973:3,Symbolica_default,cached_powers_Q,2,4,0.278,BalancedZippelSeparated,0
fire7_graph5_rank0564,Automatic,1,ok,193.711,21,2,1,0,0,2305843009213693967:18;2305843009213693973:3,Symbolica_default,cached_powers_Q,2,6,0.533,BalancedZippelSeparated,0
fire7_graph5_rank0565,Automatic,1,ok,171.640,19,2,1,0,0,2305843009213693967:16;2305843009213693973:3,Symbolica_default,cached_powers_Q,1,4,0.327,BalancedZippelSeparated,0
fire7_graph5_rank0566,Automatic,1,ok,404.652,22,2,1,0,0,2305843009213693967:19;2305843009213693973:3,Symbolica_default,cached_powers_Q,2,4,0.299,BalancedZippelSeparated,0
fire7_graph5_rank0567,Automatic,1,ok,198.231,18,2,1,0,0,2305843009213693967:15;2305843009213693973:3,Symbolica_default,cached_powers_Q,2,3,0.352,BalancedZippelSeparated,0
fire7_graph5_rank0568,Automatic,1,ok,254.201,26,2,1,0,0,2305843009213693967:23;2305843009213693973:3,Symbolica_default,cached_powers_Q,4,3,0.362,BalancedZippelSeparated,0
fire7_graph5_rank0569,Automatic,1,ok,167.730,15,2,1,0,0,2305843009213693967:12;2305843009213693973:3,Symbolica_default,cached_powers_Q,1,2,0.291,BalancedZippelSeparated,0
fire7_graph5_rank0570,Automatic,1,ok,210.361,17,2,1,0,0,2305843009213693967:14;2305843009213693973:3,Symbolica_default,cached_powers_Q,3,3,0.468,BalancedZippelSeparated,0
fire7_graph5_rank0571,Automatic,1,ok,212.500,17,2,1,0,0,2305843009213693967:14;2305843009213693973:3,Symbolica_default,cached_powers_Q,3,3,0.376,BalancedZippelSeparated,0
fire7_graph5_rank0572,Automatic,1,ok,190.101,24,2,1,0,0,2305843009213693967:21;2305843009213693973:3,Symbolica_default,cached_powers_Q,4,2,0.286,BalancedZippelSeparated,0
fire7_graph5_rank0573,Automatic,1,ok,175.111,21,2,1,0,0,2305843009213693967:18;2305843009213693973:3,Symbolica_default,cached_powers_Q,4,2,0.369,BalancedZippelSeparated,0
fire7_graph5_rank0574,Automatic,1,ok,174.971,19,2,1,0,0,2305843009213693967:16;2305843009213693973:3,Symbolica_default,cached_powers_Q,2,4,0.339,BalancedZippelSeparated,0
fire7_graph5_rank0575,Automatic,1,ok,296.551,19,2,1,0,0,2305843009213693967:16;2305843009213693973:3,Symbolica_default,cached_powers_Q,2,4,0.449,BalancedZippelSeparated,0
fire7_graph5_rank0576,Automatic,1,ok,199.271,16,2,1,0,0,2305843009213693967:13;2305843009213693973:3,Symbolica_default,cached_powers_Q,2,2,0.459,BalancedZippelSeparated,0
fire7_graph5_rank0577,Automatic,1,ok,196.631,16,2,1,0,0,2305843009213693967:13;2305843009213693973:3,Symbolica_default,cached_powers_Q,2,2,0.294,BalancedZippelSeparated,0
fire7_graph5_rank0578,Automatic,1,ok,381.911,16,2,1,0,0,2305843009213693967:13;2305843009213693973:3,Symbolica_default,cached_powers_Q,2,2,0.292,BalancedZippelSeparated,0
fire7_graph5_rank0579,Automatic,1,ok,138.430,15,2,1,0,0,2305843009213693967:12;2305843009213693973:3,Symbolica_default,cached_powers_Q,2,2,0.453,BalancedZippelSeparated,0
fire7_graph5_rank0580,Automatic,1,ok,186.991,21,2,1,0,0,2305843009213693967:18;2305843009213693973:3,Symbolica_default,cached_powers_Q,2,6,0.393,BalancedZippelSeparated,0
fire7_graph5_rank0581,Automatic,1,ok,135.681,20,2,1,0,0,2305843009213693967:17;2305843009213693973:3,Symbolica_default,cached_powers_Q,2,2,0.673,BalancedZippelSeparated,0
fire7_graph5_rank0582,Automatic,1,ok,197.931,21,2,1,0,0,2305843009213693967:18;2305843009213693973:3,Symbolica_default,cached_powers_Q,4,3,0.379,BalancedZippelSeparated,0
fire7_graph5_rank0583,Automatic,1,ok,361.211,21,2,1,0,0,2305843009213693967:18;2305843009213693973:3,Symbolica_default,cached_powers_Q,3,3,0.302,BalancedZippelSeparated,0
fire7_graph5_rank0584,Automatic,1,ok,190.931,21,2,1,0,0,2305843009213693967:18;2305843009213693973:3,Symbolica_default,cached_powers_Q,1,4,0.375,BalancedZippelSeparated,0
fire7_graph5_rank0585,Automatic,1,ok,177.360,19,2,1,0,0,2305843009213693967:16;2305843009213693973:3,Symbolica_default,cached_powers_Q,3,2,0.456,BalancedZippelSeparated,0
fire7_graph5_rank0586,Automatic,1,ok,325.761,21,2,1,0,0,2305843009213693967:18;2305843009213693973:3,Symbolica_default,cached_powers_Q,3,3,0.274,BalancedZippelSeparated,0
fire7_graph5_rank0587,Automatic,1,ok,151.110,19,2,1,0,0,2305843009213693967:16;2305843009213693973:3,Symbolica_default,cached_powers_Q,1,4,0.307,BalancedZippelSeparated,0
fire7_graph5_rank0588,Automatic,1,ok,201.991,21,2,1,0,0,2305843009213693967:18;2305843009213693973:3,Symbolica_default,cached_powers_Q,3,2,0.313,BalancedZippelSeparated,0
fire7_graph5_rank0589,Automatic,1,ok,350.052,19,2,1,0,0,2305843009213693967:16;2305843009213693973:3,Symbolica_default,cached_powers_Q,4,2,0.302,BalancedZippelSeparated,0
fire7_graph5_rank0590,Automatic,1,ok,116.460,18,2,1,0,0,2305843009213693967:15;2305843009213693973:3,Symbolica_default,cached_powers_Q,2,2,0.446,BalancedZippelSeparated,0
fire7_graph5_rank0591,Automatic,1,ok,166.490,19,2,1,0,0,2305843009213693967:16;2305843009213693973:3,Symbolica_default,cached_powers_Q,3,2,0.253,BalancedZippelSeparated,0
fire7_graph5_rank0592,Automatic,1,ok,250.311,21,2,1,0,0,2305843009213693967:18;2305843009213693973:3,Symbolica_default,cached_powers_Q,4,3,0.361,BalancedZippelSeparated,0
fire7_graph5_rank0593,Automatic,1,ok,182.501,20,2,1,0,0,2305843009213693967:17;2305843009213693973:3,Symbolica_default,cached_powers_Q,2,2,0.420,BalancedZippelSeparated,0
fire7_graph5_rank0594,Automatic,1,ok,193.201,16,2,1,0,0,2305843009213693967:13;2305843009213693973:3,Symbolica_default,cached_powers_Q,2,2,0.429,BalancedZippelSeparated,0
fire7_graph5_rank0595,Automatic,1,ok,171.801,19,2,1,0,0,2305843009213693967:16;2305843009213693973:3,Symbolica_default,cached_powers_Q,1,4,0.372,BalancedZippelSeparated,0
fire7_graph5_rank0596,Automatic,1,ok,239.101,28,2,1,0,0,2305843009213693967:25;2305843009213693973:3,Symbolica_default,cached_powers_Q,4,3,0.604,BalancedZippelSeparated,0
fire7_graph5_rank0597,Automatic,1,ok,196.991,17,2,1,0,0,2305843009213693967:14;2305843009213693973:3,Symbolica_default,cached_powers_Q,3,3,0.329,BalancedZippelSeparated,0
fire7_graph5_rank0598,Automatic,1,ok,324.892,19,2,1,0,0,2305843009213693967:16;2305843009213693973:3,Symbolica_default,cached_powers_Q,1,4,0.377,BalancedZippelSeparated,0
fire7_graph5_rank0599,Automatic,1,ok,157.381,15,2,1,0,0,2305843009213693967:12;2305843009213693973:3,Symbolica_default,cached_powers_Q,1,1,0.294,BalancedZippelSeparated,0
fire7_graph5_rank0600,Automatic,1,ok,171.581,18,2,1,0,0,2305843009213693967:15;2305843009213693973:3,Symbolica_default,cached_powers_Q,2,2,0.390,BalancedZippelSeparated,0
fire7_graph5_rank0601,Automatic,1,ok,237.811,16,2,1,0,0,2305843009213693967:13;2305843009213693973:3,Symbolica_default,cached_powers_Q,3,2,0.667,BalancedZippelSeparated,0
fire7_graph5_rank0602,Automatic,1,ok,173.471,21,2,1,0,0,2305843009213693967:18;2305843009213693973:3,Symbolica_default,cached_powers_Q,2,6,0.313,BalancedZippelSeparated,0
fire7_graph5_rank0603,Automatic,1,ok,153.910,17,2,1,0,0,2305843009213693967:14;2305843009213693973:3,Symbolica_default,cached_powers_Q,1,3,0.380,BalancedZippelSeparated,0
fire7_graph5_rank0604,Automatic,1,ok,240.421,19,2,1,0,0,2305843009213693967:16;2305843009213693973:3,Symbolica_default,cached_powers_Q,4,2,0.285,BalancedZippelSeparated,0
fire7_graph5_rank0605,Automatic,1,ok,251.801,19,2,1,0,0,2305843009213693967:16;2305843009213693973:3,Symbolica_default,cached_powers_Q,4,2,0.331,BalancedZippelSeparated,0
fire7_graph5_rank0606,Automatic,1,ok,213.631,17,2,1,0,0,2305843009213693967:14;2305843009213693973:3,Symbolica_default,cached_powers_Q,2,3,0.313,BalancedZippelSeparated,0
fire7_graph5_rank0607,Automatic,1,ok,242.810,21,2,1,0,0,2305843009213693967:18;2305843009213693973:3,Symbolica_default,cached_powers_Q,2,6,0.580,BalancedZippelSeparated,0
fire7_graph5_rank0608,Automatic,1,ok,186.310,21,2,1,0,0,2305843009213693967:18;2305843009213693973:3,Symbolica_default,cached_powers_Q,2,6,0.299,BalancedZippelSeparated,0
fire7_graph5_rank0609,Automatic,1,ok,173.030,20,2,1,0,0,2305843009213693967:17;2305843009213693973:3,Symbolica_default,cached_powers_Q,4,4,0.216,BalancedZippelSeparated,0
fire7_graph5_rank0610,Automatic,1,ok,144.340,17,2,1,0,0,2305843009213693967:14;2305843009213693973:3,Symbolica_default,cached_powers_Q,2,3,0.279,BalancedZippelSeparated,0
fire7_graph5_rank0611,Automatic,1,ok,174.011,16,2,1,0,0,2305843009213693967:13;2305843009213693973:3,Symbolica_default,cached_powers_Q,2,2,0.346,BalancedZippelSeparated,0
fire7_graph5_rank0612,Automatic,1,ok,204.101,17,2,1,0,0,2305843009213693967:14;2305843009213693973:3,Symbolica_default,cached_powers_Q,3,3,0.351,BalancedZippelSeparated,0
fire7_graph5_rank0613,Automatic,1,ok,223.361,21,2,1,0,0,2305843009213693967:18;2305843009213693973:3,Symbolica_default,cached_powers_Q,4,3,0.357,BalancedZippelSeparated,0
fire7_graph5_rank0614,Automatic,1,ok,263.051,21,2,1,0,0,2305843009213693967:18;2305843009213693973:3,Symbolica_default,cached_powers_Q,4,3,0.492,BalancedZippelSeparated,0
fire7_graph5_rank0615,Automatic,1,ok,230.281,20,2,1,0,0,2305843009213693967:17;2305843009213693973:3,Symbolica_default,cached_powers_Q,4,4,0.573,BalancedZippelSeparated,0
fire7_graph5_rank0616,Automatic,1,ok,244.301,20,2,1,0,0,2305843009213693967:17;2305843009213693973:3,Symbolica_default,cached_powers_Q,4,4,0.397,BalancedZippelSeparated,0
fire7_graph5_rank0617,Automatic,1,ok,202.201,18,2,1,0,0,2305843009213693967:15;2305843009213693973:3,Symbolica_default,cached_powers_Q,2,2,0.440,BalancedZippelSeparated,0
fire7_graph5_rank0618,Automatic,1,ok,281.571,16,2,1,0,0,2305843009213693967:13;2305843009213693973:3,Symbolica_default,cached_powers_Q,3,2,0.405,BalancedZippelSeparated,0
fire7_graph5_rank0619,Automatic,1,ok,289.312,17,2,1,0,0,2305843009213693967:14;2305843009213693973:3,Symbolica_default,cached_powers_Q,3,3,0.458,BalancedZippelSeparated,0
fire7_graph5_rank0620,Automatic,1,ok,291.981,20,2,1,0,0,2305843009213693967:17;2305843009213693973:3,Symbolica_default,cached_powers_Q,2,4,0.377,BalancedZippelSeparated,0
fire7_graph5_rank0621,Automatic,1,ok,180.371,18,2,1,0,0,2305843009213693967:15;2305843009213693973:3,Symbolica_default,cached_powers_Q,2,2,0.481,BalancedZippelSeparated,0
fire7_graph5_rank0622,Automatic,1,ok,541.102,19,2,1,0,0,2305843009213693967:16;2305843009213693973:3,Symbolica_default,cached_powers_Q,4,2,0.309,BalancedZippelSeparated,0
fire7_graph5_rank0623,Automatic,1,ok,133.340,18,2,1,0,0,2305843009213693967:15;2305843009213693973:3,Symbolica_default,cached_powers_Q,2,2,0.375,BalancedZippelSeparated,0
fire7_graph5_rank0624,Automatic,1,ok,115.790,15,2,1,0,0,2305843009213693967:12;2305843009213693973:3,Symbolica_default,cached_powers_Q,2,1,0.277,BalancedZippelSeparated,0
fire7_graph5_rank0625,Automatic,1,ok,178.921,21,2,1,0,0,2305843009213693967:18;2305843009213693973:3,Symbolica_default,cached_powers_Q,3,3,0.218,BalancedZippelSeparated,0
fire7_graph5_rank0626,Automatic,1,ok,141.450,19,2,1,0,0,2305843009213693967:16;2305843009213693973:3,Symbolica_default,cached_powers_Q,1,4,0.242,BalancedZippelSeparated,0
fire7_graph5_rank0627,Automatic,1,ok,177.180,17,2,1,0,0,2305843009213693967:14;2305843009213693973:3,Symbolica_default,cached_powers_Q,3,3,0.264,BalancedZippelSeparated,0
fire7_graph5_rank0628,Automatic,1,ok,226.640,17,2,1,0,0,2305843009213693967:14;2305843009213693973:3,Symbolica_default,cached_powers_Q,3,3,0.517,BalancedZippelSeparated,0
fire7_graph5_rank0629,Automatic,1,ok,195.651,17,2,1,0,0,2305843009213693967:14;2305843009213693973:3,Symbolica_default,cached_powers_Q,2,2,0.397,BalancedZippelSeparated,0
fire7_graph5_rank0630,Automatic,1,ok,244.701,26,2,1,0,0,2305843009213693967:23;2305843009213693973:3,Symbolica_default,cached_powers_Q,4,3,0.674,BalancedZippelSeparated,0
fire7_graph5_rank0631,Automatic,1,ok,186.811,20,2,1,0,0,2305843009213693967:17;2305843009213693973:3,Symbolica_default,cached_powers_Q,4,4,0.299,BalancedZippelSeparated,0
fire7_graph5_rank0632,Automatic,1,ok,226.981,19,2,1,0,0,2305843009213693967:16;2305843009213693973:3,Symbolica_default,cached_powers_Q,3,2,0.579,BalancedZippelSeparated,0
fire7_graph5_rank0633,Automatic,1,ok,184.391,26,2,1,0,0,2305843009213693967:23;2305843009213693973:3,Symbolica_default,cached_powers_Q,4,3,0.299,BalancedZippelSeparated,0
fire7_graph5_rank0634,Automatic,1,ok,376.492,22,2,1,0,0,2305843009213693967:19;2305843009213693973:3,Symbolica_default,cached_powers_Q,2,4,0.349,BalancedZippelSeparated,0
fire7_graph5_rank0635,Automatic,1,ok,162.791,17,2,1,0,0,2305843009213693967:14;2305843009213693973:3,Symbolica_default,cached_powers_Q,1,3,0.317,BalancedZippelSeparated,0
fire7_graph5_rank0636,Automatic,1,ok,423.671,24,2,1,0,0,2305843009213693967:21;2305843009213693973:3,Symbolica_default,cached_powers_Q,4,2,0.347,BalancedZippelSeparated,0
fire7_graph5_rank0637,Automatic,1,ok,158.010,15,2,1,0,0,2305843009213693967:12;2305843009213693973:3,Symbolica_default,cached_powers_Q,2,1,0.348,BalancedZippelSeparated,0
fire7_graph5_rank0638,Automatic,1,ok,263.821,20,2,1,0,0,2305843009213693967:17;2305843009213693973:3,Symbolica_default,cached_powers_Q,4,4,0.463,BalancedZippelSeparated,0
fire7_graph5_rank0639,Automatic,1,ok,240.491,23,2,1,0,0,2305843009213693967:20;2305843009213693973:3,Symbolica_default,cached_powers_Q,2,3,0.390,BalancedZippelSeparated,0
fire7_graph5_rank0640,Automatic,1,ok,212.451,21,2,1,0,0,2305843009213693967:18;2305843009213693973:3,Symbolica_default,cached_powers_Q,3,3,0.360,BalancedZippelSeparated,0
fire7_graph5_rank0641,Automatic,1,ok,182.470,21,2,1,0,0,2305843009213693967:18;2305843009213693973:3,Symbolica_default,cached_powers_Q,1,6,0.441,BalancedZippelSeparated,0
fire7_graph5_rank0642,Automatic,1,ok,181.531,19,2,1,0,0,2305843009213693967:16;2305843009213693973:3,Symbolica_default,cached_powers_Q,3,2,0.479,BalancedZippelSeparated,0
fire7_graph5_rank0643,Automatic,1,ok,219.641,16,2,1,0,0,2305843009213693967:13;2305843009213693973:3,Symbolica_default,cached_powers_Q,3,2,0.327,BalancedZippelSeparated,0
fire7_graph5_rank0644,Automatic,1,ok,227.871,17,2,1,0,0,2305843009213693967:14;2305843009213693973:3,Symbolica_default,cached_powers_Q,3,3,0.336,BalancedZippelSeparated,0
fire7_graph5_rank0645,Automatic,1,ok,140.300,19,2,1,0,0,2305843009213693967:16;2305843009213693973:3,Symbolica_default,cached_powers_Q,1,4,0.287,BalancedZippelSeparated,0
fire7_graph5_rank0646,Automatic,1,ok,191.711,18,2,1,0,0,2305843009213693967:15;2305843009213693973:3,Symbolica_default,cached_powers_Q,2,2,0.548,BalancedZippelSeparated,0
fire7_graph5_rank0647,Automatic,1,ok,170.731,17,2,1,0,0,2305843009213693967:14;2305843009213693973:3,Symbolica_default,cached_powers_Q,1,3,0.395,BalancedZippelSeparated,0
fire7_graph5_rank0648,Automatic,1,ok,167.771,16,2,1,0,0,2305843009213693967:13;2305843009213693973:3,Symbolica_default,cached_powers_Q,1,2,0.480,BalancedZippelSeparated,0
fire7_graph5_rank0649,Automatic,1,ok,223.251,21,2,1,0,0,2305843009213693967:18;2305843009213693973:3,Symbolica_default,cached_powers_Q,3,2,0.333,BalancedZippelSeparated,0
fire7_graph5_rank0650,Automatic,1,ok,105.411,15,2,1,0,0,2305843009213693967:12;2305843009213693973:3,Symbolica_default,cached_powers_Q,2,1,0.302,BalancedZippelSeparated,0
fire7_graph5_rank0651,Automatic,1,ok,173.070,23,2,1,0,0,2305843009213693967:20;2305843009213693973:3,Symbolica_default,cached_powers_Q,2,2,0.307,BalancedZippelSeparated,0
fire7_graph5_rank0652,Automatic,1,ok,159.751,21,2,1,0,0,2305843009213693967:18;2305843009213693973:3,Symbolica_default,cached_powers_Q,3,3,0.281,BalancedZippelSeparated,0
fire7_graph5_rank0653,Automatic,1,ok,131.910,18,2,1,0,0,2305843009213693967:15;2305843009213693973:3,Symbolica_default,cached_powers_Q,2,2,0.279,BalancedZippelSeparated,0
fire7_graph5_rank0654,Automatic,1,ok,148.830,18,2,1,0,0,2305843009213693967:15;2305843009213693973:3,Symbolica_default,cached_powers_Q,1,3,0.485,BalancedZippelSeparated,0
fire7_graph5_rank0655,Automatic,1,ok,427.892,18,2,1,0,0,2305843009213693967:15;2305843009213693973:3,Symbolica_default,cached_powers_Q,3,2,0.308,BalancedZippelSeparated,0
fire7_graph5_rank0656,Automatic,1,ok,213.440,19,2,1,0,0,2305843009213693967:16;2305843009213693973:3,Symbolica_default,cached_powers_Q,3,2,0.313,BalancedZippelSeparated,0
fire7_graph5_rank0657,Automatic,1,ok,235.121,19,2,1,0,0,2305843009213693967:16;2305843009213693973:3,Symbolica_default,cached_powers_Q,3,2,0.298,BalancedZippelSeparated,0
fire7_graph5_rank0658,Automatic,1,ok,240.811,19,2,1,0,0,2305843009213693967:16;2305843009213693973:3,Symbolica_default,cached_powers_Q,4,2,0.343,BalancedZippelSeparated,0
fire7_graph5_rank0659,Automatic,1,ok,336.502,19,2,1,0,0,2305843009213693967:16;2305843009213693973:3,Symbolica_default,cached_powers_Q,3,2,0.341,BalancedZippelSeparated,0
fire7_graph5_rank0660,Automatic,1,ok,292.530,22,2,1,0,0,2305843009213693967:19;2305843009213693973:3,Symbolica_default,cached_powers_Q,2,3,0.335,BalancedZippelSeparated,0
fire7_graph5_rank0661,Automatic,1,ok,249.490,19,2,1,0,0,2305843009213693967:16;2305843009213693973:3,Symbolica_default,cached_powers_Q,4,2,0.336,BalancedZippelSeparated,0
fire7_graph5_rank0662,Automatic,1,ok,232.011,20,2,1,0,0,2305843009213693967:17;2305843009213693973:3,Symbolica_default,cached_powers_Q,3,4,0.373,BalancedZippelSeparated,0
fire7_graph5_rank0663,Automatic,1,ok,179.821,18,2,1,0,0,2305843009213693967:15;2305843009213693973:3,Symbolica_default,cached_powers_Q,2,2,0.358,BalancedZippelSeparated,0
fire7_graph5_rank0664,Automatic,1,ok,177.610,18,2,1,0,0,2305843009213693967:15;2305843009213693973:3,Symbolica_default,cached_powers_Q,2,2,0.395,BalancedZippelSeparated,0
fire7_graph5_rank0665,Automatic,1,ok,222.401,17,2,1,0,0,2305843009213693967:14;2305843009213693973:3,Symbolica_default,cached_powers_Q,3,3,0.329,BalancedZippelSeparated,0
fire7_graph5_rank0666,Automatic,1,ok,151.351,15,2,1,0,0,2305843009213693967:12;2305843009213693973:3,Symbolica_default,cached_powers_Q,2,2,0.332,BalancedZippelSeparated,0
fire7_graph5_rank0667,Automatic,1,ok,191.931,15,2,1,0,0,2305843009213693967:12;2305843009213693973:3,Symbolica_default,cached_powers_Q,2,2,0.426,BalancedZippelSeparated,0
fire7_graph5_rank0668,Automatic,1,ok,183.591,19,2,1,0,0,2305843009213693967:16;2305843009213693973:3,Symbolica_default,cached_powers_Q,4,2,0.451,BalancedZippelSeparated,0
fire7_graph5_rank0669,Automatic,1,ok,344.331,21,2,1,0,0,2305843009213693967:18;2305843009213693973:3,Symbolica_default,cached_powers_Q,4,2,0.328,BalancedZippelSeparated,0
fire7_graph5_rank0670,Automatic,1,ok,224.701,18,2,1,0,0,2305843009213693967:15;2305843009213693973:3,Symbolica_default,cached_powers_Q,2,3,0.371,BalancedZippelSeparated,0
fire7_graph5_rank0671,Automatic,1,ok,261.661,19,2,1,0,0,2305843009213693967:16;2305843009213693973:3,Symbolica_default,cached_powers_Q,2,4,0.358,BalancedZippelSeparated,0
fire7_graph5_rank0672,Automatic,1,ok,238.970,20,2,1,0,0,2305843009213693967:17;2305843009213693973:3,Symbolica_default,cached_powers_Q,3,4,0.389,BalancedZippelSeparated,0
fire7_graph5_rank0673,Automatic,1,ok,223.771,20,2,1,0,0,2305843009213693967:17;2305843009213693973:3,Symbolica_default,cached_powers_Q,3,4,0.363,BalancedZippelSeparated,0
fire7_graph5_rank0674,Automatic,1,ok,188.921,17,2,1,0,0,2305843009213693967:14;2305843009213693973:3,Symbolica_default,cached_powers_Q,2,3,0.343,BalancedZippelSeparated,0
fire7_graph5_rank0675,Automatic,1,ok,217.941,20,2,1,0,0,2305843009213693967:17;2305843009213693973:3,Symbolica_default,cached_powers_Q,3,4,0.376,BalancedZippelSeparated,0
fire7_graph5_rank0676,Automatic,1,ok,222.420,16,2,1,0,0,2305843009213693967:13;2305843009213693973:3,Symbolica_default,cached_powers_Q,2,2,0.348,BalancedZippelSeparated,0
fire7_graph5_rank0677,Automatic,1,ok,224.301,15,2,1,0,0,2305843009213693967:12;2305843009213693973:3,Symbolica_default,cached_powers_Q,2,2,0.692,BalancedZippelSeparated,0
fire7_graph5_rank0678,Automatic,1,ok,169.851,15,2,1,0,0,2305843009213693967:12;2305843009213693973:3,Symbolica_default,cached_powers_Q,2,2,0.515,BalancedZippelSeparated,0
fire7_graph5_rank0679,Automatic,1,ok,205.291,15,2,1,0,0,2305843009213693967:12;2305843009213693973:3,Symbolica_default,cached_powers_Q,2,2,0.408,BalancedZippelSeparated,0
fire7_graph5_rank0680,Automatic,1,ok,212.261,15,2,1,0,0,2305843009213693967:12;2305843009213693973:3,Symbolica_default,cached_powers_Q,2,2,0.626,BalancedZippelSeparated,0
fire7_graph5_rank0681,Automatic,1,ok,297.431,15,2,1,0,0,2305843009213693967:12;2305843009213693973:3,Symbolica_default,cached_powers_Q,2,2,0.367,BalancedZippelSeparated,0
fire7_graph5_rank0682,Automatic,1,ok,211.220,16,2,1,0,0,2305843009213693967:13;2305843009213693973:3,Symbolica_default,cached_powers_Q,2,2,0.504,BalancedZippelSeparated,0
fire7_graph5_rank0683,Automatic,1,ok,188.641,15,2,1,0,0,2305843009213693967:12;2305843009213693973:3,Symbolica_default,cached_powers_Q,2,2,0.336,BalancedZippelSeparated,0
fire7_graph5_rank0684,Automatic,1,ok,391.232,21,2,1,0,0,2305843009213693967:18;2305843009213693973:3,Symbolica_default,cached_powers_Q,1,6,0.299,BalancedZippelSeparated,0
fire7_graph5_rank0685,Automatic,1,ok,224.421,20,2,1,0,0,2305843009213693967:17;2305843009213693973:3,Symbolica_default,cached_powers_Q,2,4,0.355,BalancedZippelSeparated,0
fire7_graph5_rank0686,Automatic,1,ok,125.810,17,2,1,0,0,2305843009213693967:14;2305843009213693973:3,Symbolica_default,cached_powers_Q,1,2,0.518,BalancedZippelSeparated,0
fire7_graph5_rank0687,Automatic,1,ok,155.281,17,2,1,0,0,2305843009213693967:14;2305843009213693973:3,Symbolica_default,cached_powers_Q,1,2,0.387,BalancedZippelSeparated,0
fire7_graph5_rank0688,Automatic,1,ok,198.040,20,2,1,0,0,2305843009213693967:17;2305843009213693973:3,Symbolica_default,cached_powers_Q,2,3,0.312,BalancedZippelSeparated,0
fire7_graph5_rank0689,Automatic,1,ok,210.811,22,2,1,0,0,2305843009213693967:19;2305843009213693973:3,Symbolica_default,cached_powers_Q,2,3,0.408,BalancedZippelSeparated,0
fire7_graph5_rank0690,Automatic,1,ok,210.311,16,2,1,0,0,2305843009213693967:13;2305843009213693973:3,Symbolica_default,cached_powers_Q,2,2,0.415,BalancedZippelSeparated,0
fire7_graph5_rank0691,Automatic,1,ok,145.350,17,2,1,0,0,2305843009213693967:14;2305843009213693973:3,Symbolica_default,cached_powers_Q,1,2,0.430,BalancedZippelSeparated,0
fire7_graph5_rank0692,Automatic,1,ok,478.132,19,2,1,0,0,2305843009213693967:16;2305843009213693973:3,Symbolica_default,cached_powers_Q,2,4,0.364,BalancedZippelSeparated,0
fire7_graph5_rank0693,Automatic,1,ok,216.280,17,2,1,0,0,2305843009213693967:14;2305843009213693973:3,Symbolica_default,cached_powers_Q,3,3,0.368,BalancedZippelSeparated,0
fire7_graph5_rank0694,Automatic,1,ok,140.110,15,2,1,0,0,2305843009213693967:12;2305843009213693973:3,Symbolica_default,cached_powers_Q,1,2,0.327,BalancedZippelSeparated,0
fire7_graph5_rank0695,Automatic,1,ok,170.371,18,2,1,0,0,2305843009213693967:15;2305843009213693973:3,Symbolica_default,cached_powers_Q,1,3,0.307,BalancedZippelSeparated,0
fire7_graph5_rank0696,Automatic,1,ok,164.121,16,2,1,0,0,2305843009213693967:13;2305843009213693973:3,Symbolica_default,cached_powers_Q,1,2,0.547,BalancedZippelSeparated,0
fire7_graph5_rank0697,Automatic,1,ok,200.630,16,2,1,0,0,2305843009213693967:13;2305843009213693973:3,Symbolica_default,cached_powers_Q,2,2,0.564,BalancedZippelSeparated,0
fire7_graph5_rank0698,Automatic,1,ok,229.561,19,2,1,0,0,2305843009213693967:16;2305843009213693973:3,Symbolica_default,cached_powers_Q,2,4,0.343,BalancedZippelSeparated,0
fire7_graph5_rank0699,Automatic,1,ok,237.941,19,2,1,0,0,2305843009213693967:16;2305843009213693973:3,Symbolica_default,cached_powers_Q,3,2,0.362,BalancedZippelSeparated,0
fire7_graph5_rank0700,Automatic,1,ok,204.331,16,2,1,0,0,2305843009213693967:13;2305843009213693973:3,Symbolica_default,cached_powers_Q,2,2,0.444,BalancedZippelSeparated,0
fire7_graph5_rank0701,Automatic,1,ok,229.651,15,2,1,0,0,2305843009213693967:12;2305843009213693973:3,Symbolica_default,cached_powers_Q,2,2,0.347,BalancedZippelSeparated,0
fire7_graph5_rank0702,Automatic,1,ok,272.171,19,2,1,0,0,2305843009213693967:16;2305843009213693973:3,Symbolica_default,cached_powers_Q,2,4,0.386,BalancedZippelSeparated,0
fire7_graph5_rank0703,Automatic,1,ok,181.040,19,2,1,0,0,2305843009213693967:16;2305843009213693973:3,Symbolica_default,cached_powers_Q,2,4,0.295,BalancedZippelSeparated,0
fire7_graph5_rank0704,Automatic,1,ok,174.471,20,2,1,0,0,2305843009213693967:17;2305843009213693973:3,Symbolica_default,cached_powers_Q,2,4,0.460,BalancedZippelSeparated,0
fire7_graph5_rank0705,Automatic,1,ok,226.641,16,2,1,0,0,2305843009213693967:13;2305843009213693973:3,Symbolica_default,cached_powers_Q,2,2,0.336,BalancedZippelSeparated,0
fire7_graph5_rank0706,Automatic,1,ok,202.651,15,2,1,0,0,2305843009213693967:12;2305843009213693973:3,Symbolica_default,cached_powers_Q,2,2,0.539,BalancedZippelSeparated,0
fire7_graph5_rank0707,Automatic,1,ok,205.731,19,2,1,0,0,2305843009213693967:16;2305843009213693973:3,Symbolica_default,cached_powers_Q,2,4,0.350,BalancedZippelSeparated,0
fire7_graph5_rank0708,Automatic,1,ok,151.010,17,2,1,0,0,2305843009213693967:14;2305843009213693973:3,Symbolica_default,cached_powers_Q,1,2,0.389,BalancedZippelSeparated,0
fire7_graph5_rank0709,Automatic,1,ok,156.711,15,2,1,0,0,2305843009213693967:12;2305843009213693973:3,Symbolica_default,cached_powers_Q,1,2,0.318,BalancedZippelSeparated,0
fire7_graph5_rank0710,Automatic,1,ok,255.851,15,2,1,0,0,2305843009213693967:12;2305843009213693973:3,Symbolica_default,cached_powers_Q,2,2,0.527,BalancedZippelSeparated,0
fire7_graph5_rank0711,Automatic,1,ok,195.670,15,2,1,0,0,2305843009213693967:12;2305843009213693973:3,Symbolica_default,cached_powers_Q,2,2,0.486,BalancedZippelSeparated,0
fire7_graph5_rank0712,Automatic,1,ok,166.870,17,2,1,0,0,2305843009213693967:14;2305843009213693973:3,Symbolica_default,cached_powers_Q,3,3,0.218,BalancedZippelSeparated,0
fire7_graph5_rank0713,Automatic,1,ok,331.361,17,2,1,0,0,2305843009213693967:14;2305843009213693973:3,Symbolica_default,cached_powers_Q,3,3,0.260,BalancedZippelSeparated,0
fire7_graph5_rank0714,Automatic,1,ok,191.181,16,2,1,0,0,2305843009213693967:13;2305843009213693973:3,Symbolica_default,cached_powers_Q,2,2,0.273,BalancedZippelSeparated,0
fire7_graph5_rank0715,Automatic,1,ok,138.901,15,2,1,0,0,2305843009213693967:12;2305843009213693973:3,Symbolica_default,cached_powers_Q,2,2,0.294,BalancedZippelSeparated,0
fire7_graph5_rank0716,Automatic,1,ok,213.421,20,2,1,0,0,2305843009213693967:17;2305843009213693973:3,Symbolica_default,cached_powers_Q,2,3,0.356,BalancedZippelSeparated,0
fire7_graph5_rank0717,Automatic,1,ok,580.802,19,2,1,0,0,2305843009213693967:16;2305843009213693973:3,Symbolica_default,cached_powers_Q,4,2,0.321,BalancedZippelSeparated,0
fire7_graph5_rank0718,Automatic,1,ok,234.081,19,2,1,0,0,2305843009213693967:16;2305843009213693973:3,Symbolica_default,cached_powers_Q,2,4,0.425,BalancedZippelSeparated,0
fire7_graph5_rank0719,Automatic,1,ok,232.650,16,2,1,0,0,2305843009213693967:13;2305843009213693973:3,Symbolica_default,cached_powers_Q,3,2,0.342,BalancedZippelSeparated,0
fire7_graph5_rank0720,Automatic,1,ok,157.170,18,2,1,0,0,2305843009213693967:15;2305843009213693973:3,Symbolica_default,cached_powers_Q,2,2,0.354,BalancedZippelSeparated,0
fire7_graph5_rank0721,Automatic,1,ok,361.441,15,2,1,0,0,2305843009213693967:12;2305843009213693973:3,Symbolica_default,cached_powers_Q,2,2,0.292,BalancedZippelSeparated,0
fire7_graph5_rank0722,Automatic,1,ok,161.991,18,2,1,0,0,2305843009213693967:15;2305843009213693973:3,Symbolica_default,cached_powers_Q,2,3,0.460,BalancedZippelSeparated,0
fire7_graph5_rank0723,Automatic,1,ok,315.671,16,2,1,0,0,2305843009213693967:13;2305843009213693973:3,Symbolica_default,cached_powers_Q,3,2,0.189,BalancedZippelSeparated,0
fire7_graph5_rank0724,Automatic,1,ok,149.181,16,2,1,0,0,2305843009213693967:13;2305843009213693973:3,Symbolica_default,cached_powers_Q,3,2,0.183,BalancedZippelSeparated,0
fire7_graph5_rank0725,Automatic,1,ok,208.581,16,2,1,0,0,2305843009213693967:13;2305843009213693973:3,Symbolica_default,cached_powers_Q,2,2,0.344,BalancedZippelSeparated,0
fire7_graph5_rank0726,Automatic,1,ok,232.501,16,2,1,0,0,2305843009213693967:13;2305843009213693973:3,Symbolica_default,cached_powers_Q,2,2,0.267,BalancedZippelSeparated,0
fire7_graph5_rank0727,Automatic,1,ok,166.540,16,2,1,0,0,2305843009213693967:13;2305843009213693973:3,Symbolica_default,cached_powers_Q,3,2,0.251,BalancedZippelSeparated,0
fire7_graph5_rank0728,Automatic,1,ok,235.251,20,2,1,0,0,2305843009213693967:17;2305843009213693973:3,Symbolica_default,cached_powers_Q,2,4,0.459,BalancedZippelSeparated,0
fire7_graph5_rank0729,Automatic,1,ok,151.801,16,2,1,0,0,2305843009213693967:13;2305843009213693973:3,Symbolica_default,cached_powers_Q,3,2,0.395,BalancedZippelSeparated,0
fire7_graph5_rank0730,Automatic,1,ok,383.111,16,2,1,0,0,2305843009213693967:13;2305843009213693973:3,Symbolica_default,cached_powers_Q,2,2,0.217,BalancedZippelSeparated,0
fire7_graph5_rank0731,Automatic,1,ok,203.810,16,2,1,0,0,2305843009213693967:13;2305843009213693973:3,Symbolica_default,cached_powers_Q,2,2,0.297,BalancedZippelSeparated,0
fire7_graph5_rank0732,Automatic,1,ok,199.601,15,2,1,0,0,2305843009213693967:12;2305843009213693973:3,Symbolica_default,cached_powers_Q,2,2,0.505,BalancedZippelSeparated,0
fire7_graph5_rank0733,Automatic,1,ok,335.991,15,2,1,0,0,2305843009213693967:12;2305843009213693973:3,Symbolica_default,cached_powers_Q,2,2,0.366,BalancedZippelSeparated,0
fire7_graph5_rank0734,Automatic,1,ok,320.862,16,2,1,0,0,2305843009213693967:13;2305843009213693973:3,Symbolica_default,cached_powers_Q,3,2,0.287,BalancedZippelSeparated,0
fire7_graph5_rank0735,Automatic,1,ok,224.771,16,2,1,0,0,2305843009213693967:13;2305843009213693973:3,Symbolica_default,cached_powers_Q,3,2,0.378,BalancedZippelSeparated,0
fire7_graph5_rank0736,Automatic,1,ok,170.340,16,2,1,0,0,2305843009213693967:13;2305843009213693973:3,Symbolica_default,cached_powers_Q,3,2,0.273,BalancedZippelSeparated,0
fire7_graph5_rank0737,Automatic,1,ok,177.921,16,2,1,0,0,2305843009213693967:13;2305843009213693973:3,Symbolica_default,cached_powers_Q,3,2,0.268,BalancedZippelSeparated,0
fire7_graph5_rank0738,Automatic,1,ok,202.260,18,2,1,0,0,2305843009213693967:15;2305843009213693973:3,Symbolica_default,cached_powers_Q,2,3,0.688,BalancedZippelSeparated,0
fire7_graph5_rank0739,Automatic,1,ok,153.011,20,2,1,0,0,2305843009213693967:17;2305843009213693973:3,Symbolica_default,cached_powers_Q,2,2,0.678,BalancedZippelSeparated,0
fire7_graph5_rank0740,Automatic,1,ok,201.160,15,2,1,0,0,2305843009213693967:12;2305843009213693973:3,Symbolica_default,cached_powers_Q,2,2,0.392,BalancedZippelSeparated,0
fire7_graph5_rank0741,Automatic,1,ok,348.732,16,2,1,0,0,2305843009213693967:13;2305843009213693973:3,Symbolica_default,cached_powers_Q,2,2,0.233,BalancedZippelSeparated,0
fire7_graph5_rank0742,Automatic,1,ok,327.832,16,2,1,0,0,2305843009213693967:13;2305843009213693973:3,Symbolica_default,cached_powers_Q,2,2,0.258,BalancedZippelSeparated,0
fire7_graph5_rank0743,Automatic,1,ok,190.101,16,2,1,0,0,2305843009213693967:13;2305843009213693973:3,Symbolica_default,cached_powers_Q,3,2,0.237,BalancedZippelSeparated,0
fire7_graph5_rank0744,Automatic,1,ok,235.481,19,2,1,0,0,2305843009213693967:16;2305843009213693973:3,Symbolica_default,cached_powers_Q,2,4,0.540,BalancedZippelSeparated,0
fire7_graph5_rank0745,Automatic,1,ok,208.421,16,2,1,0,0,2305843009213693967:13;2305843009213693973:3,Symbolica_default,cached_powers_Q,2,2,0.224,BalancedZippelSeparated,0
fire7_graph5_rank0746,Automatic,1,ok,170.290,20,2,1,0,0,2305843009213693967:17;2305843009213693973:3,Symbolica_default,cached_powers_Q,2,3,0.289,BalancedZippelSeparated,0
fire7_graph5_rank0747,Automatic,1,ok,242.981,21,2,1,0,0,2305843009213693967:18;2305843009213693973:3,Symbolica_default,cached_powers_Q,3,2,0.311,BalancedZippelSeparated,0
fire7_graph5_rank0748,Automatic,1,ok,219.611,19,2,1,0,0,2305843009213693967:16;2305843009213693973:3,Symbolica_default,cached_powers_Q,2,4,0.281,BalancedZippelSeparated,0
fire7_graph5_rank0749,Automatic,1,ok,260.841,16,2,1,0,0,2305843009213693967:13;2305843009213693973:3,Symbolica_default,cached_powers_Q,2,2,0.373,BalancedZippelSeparated,0
fire7_graph5_rank0750,Automatic,1,ok,529.912,16,2,1,0,0,2305843009213693967:13;2305843009213693973:3,Symbolica_default,cached_powers_Q,3,2,0.332,BalancedZippelSeparated,0
fire7_graph5_rank0751,Automatic,1,ok,222.551,17,2,1,0,0,2305843009213693967:14;2305843009213693973:3,Symbolica_default,cached_powers_Q,2,3,0.337,BalancedZippelSeparated,0
fire7_graph5_rank0752,Automatic,1,ok,224.481,18,2,1,0,0,2305843009213693967:15;2305843009213693973:3,Symbolica_default,cached_powers_Q,2,3,0.355,BalancedZippelSeparated,0
fire7_graph5_rank0753,Automatic,1,ok,277.111,15,2,1,0,0,2305843009213693967:12;2305843009213693973:3,Symbolica_default,cached_powers_Q,2,2,0.380,BalancedZippelSeparated,0
fire7_graph5_rank0754,Automatic,1,ok,198.801,15,2,1,0,0,2305843009213693967:12;2305843009213693973:3,Symbolica_default,cached_powers_Q,2,2,0.601,BalancedZippelSeparated,0
fire7_graph5_rank0755,Automatic,1,ok,196.821,18,2,1,0,0,2305843009213693967:15;2305843009213693973:3,Symbolica_default,cached_powers_Q,2,2,0.439,BalancedZippelSeparated,0
fire7_graph5_rank0756,Automatic,1,ok,369.191,16,2,1,0,0,2305843009213693967:13;2305843009213693973:3,Symbolica_default,cached_powers_Q,2,2,0.292,BalancedZippelSeparated,0
fire7_graph5_rank0757,Automatic,1,ok,217.581,16,2,1,0,0,2305843009213693967:13;2305843009213693973:3,Symbolica_default,cached_powers_Q,2,2,0.235,BalancedZippelSeparated,0
fire7_graph5_rank0758,Automatic,1,ok,177.451,19,2,1,0,0,2305843009213693967:16;2305843009213693973:3,Symbolica_default,cached_powers_Q,2,4,0.423,BalancedZippelSeparated,0
fire7_graph5_rank0759,Automatic,1,ok,237.772,19,2,1,0,0,2305843009213693967:16;2305843009213693973:3,Symbolica_default,cached_powers_Q,2,4,0.373,BalancedZippelSeparated,0
fire7_graph5_rank0760,Automatic,1,ok,214.941,16,2,1,0,0,2305843009213693967:13;2305843009213693973:3,Symbolica_default,cached_powers_Q,2,2,0.322,BalancedZippelSeparated,0
fire7_graph5_rank0761,Automatic,1,ok,160.681,16,2,1,0,0,2305843009213693967:13;2305843009213693973:3,Symbolica_default,cached_powers_Q,2,2,0.259,BalancedZippelSeparated,0
fire7_graph5_rank0762,Automatic,1,ok,141.810,15,2,1,0,0,2305843009213693967:12;2305843009213693973:3,Symbolica_default,cached_powers_Q,2,2,0.476,BalancedZippelSeparated,0
fire7_graph5_rank0763,Automatic,1,ok,149.730,15,2,1,0,0,2305843009213693967:12;2305843009213693973:3,Symbolica_default,cached_powers_Q,1,2,0.413,BalancedZippelSeparated,0
fire7_graph5_rank0764,Automatic,1,ok,256.661,16,2,1,0,0,2305843009213693967:13;2305843009213693973:3,Symbolica_default,cached_powers_Q,2,2,0.502,BalancedZippelSeparated,0
fire7_graph5_rank0765,Automatic,1,ok,203.561,16,2,1,0,0,2305843009213693967:13;2305843009213693973:3,Symbolica_default,cached_powers_Q,2,2,0.405,BalancedZippelSeparated,0
fire7_graph5_rank0766,Automatic,1,ok,180.411,19,2,1,0,0,2305843009213693967:16;2305843009213693973:3,Symbolica_default,cached_powers_Q,2,4,0.308,BalancedZippelSeparated,0
fire7_graph5_rank0767,Automatic,1,ok,214.401,19,2,1,0,0,2305843009213693967:16;2305843009213693973:3,Symbolica_default,cached_powers_Q,3,2,0.346,BalancedZippelSeparated,0
fire7_graph5_rank0768,Automatic,1,ok,235.161,15,2,1,0,0,2305843009213693967:12;2305843009213693973:3,Symbolica_default,cached_powers_Q,1,2,0.390,BalancedZippelSeparated,0
fire7_graph5_rank0769,Automatic,1,ok,158.770,17,2,1,0,0,2305843009213693967:14;2305843009213693973:3,Symbolica_default,cached_powers_Q,2,2,0.412,BalancedZippelSeparated,0
fire7_graph5_rank0770,Automatic,1,ok,188.500,16,2,1,0,0,2305843009213693967:13;2305843009213693973:3,Symbolica_default,cached_powers_Q,2,2,0.413,BalancedZippelSeparated,0
fire7_graph5_rank0771,Automatic,1,ok,257.171,17,2,1,0,0,2305843009213693967:14;2305843009213693973:3,Symbolica_default,cached_powers_Q,2,2,0.452,BalancedZippelSeparated,0
fire7_graph5_rank0772,Automatic,1,ok,253.361,16,2,1,0,0,2305843009213693967:13;2305843009213693973:3,Symbolica_default,cached_powers_Q,2,2,0.480,BalancedZippelSeparated,0
fire7_graph5_rank0773,Automatic,1,ok,247.591,21,2,1,0,0,2305843009213693967:18;2305843009213693973:3,Symbolica_default,cached_powers_Q,2,4,0.456,BalancedZippelSeparated,0
fire7_graph5_rank0774,Automatic,1,ok,158.371,17,2,1,0,0,2305843009213693967:14;2305843009213693973:3,Symbolica_default,cached_powers_Q,1,2,0.463,BalancedZippelSeparated,0
fire7_graph5_rank0775,Automatic,1,ok,148.091,20,2,1,0,0,2305843009213693967:17;2305843009213693973:3,Symbolica_default,cached_powers_Q,2,2,0.255,BalancedZippelSeparated,0
fire7_graph5_rank0776,Automatic,1,ok,166.940,18,2,1,0,0,2305843009213693967:15;2305843009213693973:3,Symbolica_default,cached_powers_Q,3,1,0.258,BalancedZippelSeparated,0
fire7_graph5_rank0777,Automatic,1,ok,192.590,19,2,1,0,0,2305843009213693967:16;2305843009213693973:3,Symbolica_default,cached_powers_Q,2,4,0.504,BalancedZippelSeparated,0
fire7_graph5_rank0778,Automatic,1,ok,274.531,16,2,1,0,0,2305843009213693967:13;2305843009213693973:3,Symbolica_default,cached_powers_Q,2,2,0.248,BalancedZippelSeparated,0
fire7_graph5_rank0779,Automatic,1,ok,151.771,16,2,1,0,0,2305843009213693967:13;2305843009213693973:3,Symbolica_default,cached_powers_Q,3,2,0.242,BalancedZippelSeparated,0
fire7_graph5_rank0780,Automatic,1,ok,197.611,20,2,1,0,0,2305843009213693967:17;2305843009213693973:3,Symbolica_default,cached_powers_Q,2,3,0.406,BalancedZippelSeparated,0
fire7_graph5_rank0781,Automatic,1,ok,214.921,20,2,1,0,0,2305843009213693967:17;2305843009213693973:3,Symbolica_default,cached_powers_Q,2,2,0.304,BalancedZippelSeparated,0
fire7_graph5_rank0782,Automatic,1,ok,225.330,19,2,1,0,0,2305843009213693967:16;2305843009213693973:3,Symbolica_default,cached_powers_Q,2,4,0.288,BalancedZippelSeparated,0
fire7_graph5_rank0783,Automatic,1,ok,202.960,16,2,1,0,0,2305843009213693967:13;2305843009213693973:3,Symbolica_default,cached_powers_Q,2,2,0.315,BalancedZippelSeparated,0
fire7_graph5_rank0784,Automatic,1,ok,154.141,15,2,1,0,0,2305843009213693967:12;2305843009213693973:3,Symbolica_default,cached_powers_Q,2,2,0.257,BalancedZippelSeparated,0
fire7_graph5_rank0785,Automatic,1,ok,170.320,20,2,1,0,0,2305843009213693967:17;2305843009213693973:3,Symbolica_default,cached_powers_Q,2,3,0.347,BalancedZippelSeparated,0
fire7_graph5_rank0786,Automatic,1,ok,151.510,18,2,1,0,0,2305843009213693967:15;2305843009213693973:3,Symbolica_default,cached_powers_Q,2,2,0.321,BalancedZippelSeparated,0
fire7_graph5_rank0787,Automatic,1,ok,124.981,16,2,1,0,0,2305843009213693967:13;2305843009213693973:3,Symbolica_default,cached_powers_Q,1,1,0.335,BalancedZippelSeparated,0
fire7_graph5_rank0788,Automatic,1,ok,154.030,17,2,1,0,0,2305843009213693967:14;2305843009213693973:3,Symbolica_default,cached_powers_Q,2,3,0.235,BalancedZippelSeparated,0
fire7_graph5_rank0789,Automatic,1,ok,116.771,17,2,1,0,0,2305843009213693967:14;2305843009213693973:3,Symbolica_default,cached_powers_Q,1,2,0.364,BalancedZippelSeparated,0
fire7_graph5_rank0790,Automatic,1,ok,166.201,15,2,1,0,0,2305843009213693967:12;2305843009213693973:3,Symbolica_default,cached_powers_Q,2,2,0.379,BalancedZippelSeparated,0
fire7_graph5_rank0791,Automatic,1,ok,166.301,15,2,1,0,0,2305843009213693967:12;2305843009213693973:3,Symbolica_default,cached_powers_Q,1,2,0.404,BalancedZippelSeparated,0
fire7_graph5_rank0792,Automatic,1,ok,162.050,15,2,1,0,0,2305843009213693967:12;2305843009213693973:3,Symbolica_default,cached_powers_Q,1,2,0.308,BalancedZippelSeparated,0
fire7_graph5_rank0793,Automatic,1,ok,209.540,17,2,1,0,0,2305843009213693967:14;2305843009213693973:3,Symbolica_default,cached_powers_Q,2,2,0.541,BalancedZippelSeparated,0
fire7_graph5_rank0794,Automatic,1,ok,124.661,19,2,1,0,0,2305843009213693967:16;2305843009213693973:3,Symbolica_default,cached_powers_Q,1,4,0.266,BalancedZippelSeparated,0
fire7_graph5_rank0795,Automatic,1,ok,259.501,14,2,1,0,0,2305843009213693967:11;2305843009213693973:3,Symbolica_default,cached_powers_Q,1,1,0.274,BalancedZippelSeparated,0
fire7_graph5_rank0796,Automatic,1,ok,191.421,17,2,1,0,0,2305843009213693967:14;2305843009213693973:3,Symbolica_default,cached_powers_Q,2,2,0.358,BalancedZippelSeparated,0
fire7_graph5_rank0797,Automatic,1,ok,189.310,17,2,1,0,0,2305843009213693967:14;2305843009213693973:3,Symbolica_default,cached_powers_Q,2,3,0.318,BalancedZippelSeparated,0
fire7_graph5_rank0798,Automatic,1,ok,150.880,19,2,1,0,0,2305843009213693967:16;2305843009213693973:3,Symbolica_default,cached_powers_Q,1,4,0.377,BalancedZippelSeparated,0
fire7_graph5_rank0799,Automatic,1,ok,155.060,15,2,1,0,0,2305843009213693967:12;2305843009213693973:3,Symbolica_default,cached_powers_Q,2,2,0.250,BalancedZippelSeparated,0
fire7_graph5_rank0800,Automatic,1,ok,180.591,15,2,1,0,0,2305843009213693967:12;2305843009213693973:3,Symbolica_default,cached_powers_Q,2,2,0.286,BalancedZippelSeparated,0
fire7_graph5_rank0801,Automatic,1,ok,170.960,19,2,1,0,0,2305843009213693967:16;2305843009213693973:3,Symbolica_default,cached_powers_Q,1,4,0.478,BalancedZippelSeparated,0
fire7_graph5_rank0802,Automatic,1,ok,177.631,19,2,1,0,0,2305843009213693967:16;2305843009213693973:3,Symbolica_default,cached_powers_Q,1,4,0.348,BalancedZippelSeparated,0
fire7_graph5_rank0803,Automatic,1,ok,173.471,15,2,1,0,0,2305843009213693967:12;2305843009213693973:3,Symbolica_default,cached_powers_Q,1,2,0.525,BalancedZippelSeparated,0
fire7_graph5_rank0804,Automatic,1,ok,174.900,15,2,1,0,0,2305843009213693967:12;2305843009213693973:3,Symbolica_default,cached_powers_Q,1,1,0.342,BalancedZippelSeparated,0
fire7_graph5_rank0805,Automatic,1,ok,142.240,14,2,1,0,0,2305843009213693967:11;2305843009213693973:3,Symbolica_default,cached_powers_Q,1,1,0.608,BalancedZippelSeparated,0
fire7_graph5_rank0806,Automatic,1,ok,158.441,14,2,1,0,0,2305843009213693967:11;2305843009213693973:3,Symbolica_default,cached_powers_Q,1,1,0.368,BalancedZippelSeparated,0
fire7_graph5_rank0807,Automatic,1,ok,148.380,14,2,1,0,0,2305843009213693967:11;2305843009213693973:3,Symbolica_default,cached_powers_Q,1,1,0.381,BalancedZippelSeparated,0
fire7_graph5_rank0808,Automatic,1,ok,420.812,15,2,1,0,0,2305843009213693967:12;2305843009213693973:3,Symbolica_default,cached_powers_Q,1,1,0.341,BalancedZippelSeparated,0
fire7_graph5_rank0809,Automatic,1,ok,169.690,16,2,1,0,0,2305843009213693967:13;2305843009213693973:3,Symbolica_default,cached_powers_Q,1,1,0.357,BalancedZippelSeparated,0
fire7_graph5_rank0810,Automatic,1,ok,193.391,18,2,1,0,0,2305843009213693967:15;2305843009213693973:3,Symbolica_default,cached_powers_Q,3,1,0.259,BalancedZippelSeparated,0
fire7_graph5_rank0811,Automatic,1,ok,158.020,14,2,1,0,0,2305843009213693967:11;2305843009213693973:3,Symbolica_default,cached_powers_Q,1,1,0.658,BalancedZippelSeparated,0
fire7_graph5_rank0812,Automatic,1,ok,198.541,18,2,1,0,0,2305843009213693967:15;2305843009213693973:3,Symbolica_default,cached_powers_Q,2,2,0.308,BalancedZippelSeparated,0
fire7_graph5_rank0813,Automatic,1,ok,164.741,17,2,1,0,0,2305843009213693967:14;2305843009213693973:3,Symbolica_default,cached_powers_Q,1,2,0.505,BalancedZippelSeparated,0
fire7_graph5_rank0814,Automatic,1,ok,173.051,19,2,1,0,0,2305843009213693967:16;2305843009213693973:3,Symbolica_default,cached_powers_Q,1,4,0.333,BalancedZippelSeparated,0
fire7_graph5_rank0815,Automatic,1,ok,224.171,19,2,1,0,0,2305843009213693967:16;2305843009213693973:3,Symbolica_default,cached_powers_Q,2,2,0.338,BalancedZippelSeparated,0
fire7_graph5_rank0816,Automatic,1,ok,163.091,17,2,1,0,0,2305843009213693967:14;2305843009213693973:3,Symbolica_default,cached_powers_Q,1,2,0.285,BalancedZippelSeparated,0
fire7_graph5_rank0817,Automatic,1,ok,225.011,15,2,1,0,0,2305843009213693967:12;2305843009213693973:3,Symbolica_default,cached_powers_Q,2,2,0.485,BalancedZippelSeparated,0
fire7_graph5_rank0818,Automatic,1,ok,194.741,17,2,1,0,0,2305843009213693967:14;2305843009213693973:3,Symbolica_default,cached_powers_Q,1,3,0.281,BalancedZippelSeparated,0
fire7_graph5_rank0819,Automatic,1,ok,224.821,15,2,1,0,0,2305843009213693967:12;2305843009213693973:3,Symbolica_default,cached_powers_Q,2,2,0.323,BalancedZippelSeparated,0
fire7_graph5_rank0820,Automatic,1,ok,200.311,18,2,1,0,0,2305843009213693967:15;2305843009213693973:3,Symbolica_default,cached_powers_Q,2,2,0.518,BalancedZippelSeparated,0
fire7_graph5_rank0821,Automatic,1,ok,163.471,14,2,1,0,0,2305843009213693967:11;2305843009213693973:3,Symbolica_default,cached_powers_Q,1,1,0.344,BalancedZippelSeparated,0
fire7_graph5_rank0822,Automatic,1,ok,201.551,20,2,1,0,0,2305843009213693967:17;2305843009213693973:3,Symbolica_default,cached_powers_Q,2,3,0.606,BalancedZippelSeparated,0
fire7_graph5_rank0823,Automatic,1,ok,308.542,22,2,1,0,0,2305843009213693967:19;2305843009213693973:3,Symbolica_default,cached_powers_Q,2,3,0.355,BalancedZippelSeparated,0
fire7_graph5_rank0824,Automatic,1,ok,185.731,18,2,1,0,0,2305843009213693967:15;2305843009213693973:3,Symbolica_default,cached_powers_Q,2,2,0.455,BalancedZippelSeparated,0
fire7_graph5_rank0825,Automatic,1,ok,217.551,15,2,1,0,0,2305843009213693967:12;2305843009213693973:3,Symbolica_default,cached_powers_Q,2,2,0.320,BalancedZippelSeparated,0
fire7_graph5_rank0826,Automatic,1,ok,200.521,18,2,1,0,0,2305843009213693967:15;2305843009213693973:3,Symbolica_default,cached_powers_Q,2,2,0.322,BalancedZippelSeparated,0
fire7_graph5_rank0827,Automatic,1,ok,151.101,14,2,1,0,0,2305843009213693967:11;2305843009213693973:3,Symbolica_default,cached_powers_Q,1,1,0.359,BalancedZippelSeparated,0
fire7_graph5_rank0828,Automatic,1,ok,242.611,21,2,1,0,0,2305843009213693967:18;2305843009213693973:3,Symbolica_default,cached_powers_Q,2,2,0.346,BalancedZippelSeparated,0
fire7_graph5_rank0829,Automatic,1,ok,437.461,15,2,1,0,0,2305843009213693967:12;2305843009213693973:3,Symbolica_default,cached_powers_Q,2,2,0.328,BalancedZippelSeparated,0
fire7_graph5_rank0830,Automatic,1,ok,173.120,17,2,1,0,0,2305843009213693967:14;2305843009213693973:3,Symbolica_default,cached_powers_Q,1,2,0.545,BalancedZippelSeparated,0
fire7_graph5_rank0831,Automatic,1,ok,181.731,19,2,1,0,0,2305843009213693967:16;2305843009213693973:3,Symbolica_default,cached_powers_Q,1,4,0.340,BalancedZippelSeparated,0
fire7_graph5_rank0832,Automatic,1,ok,157.010,18,2,1,0,0,2305843009213693967:15;2305843009213693973:3,Symbolica_default,cached_powers_Q,1,3,0.336,BalancedZippelSeparated,0
fire7_graph5_rank0833,Automatic,1,ok,207.131,18,2,1,0,0,2305843009213693967:15;2305843009213693973:3,Symbolica_default,cached_powers_Q,2,2,0.343,BalancedZippelSeparated,0
fire7_graph5_rank0834,Automatic,1,ok,230.751,15,2,1,0,0,2305843009213693967:12;2305843009213693973:3,Symbolica_default,cached_powers_Q,2,2,0.346,BalancedZippelSeparated,0
fire7_graph5_rank0835,Automatic,1,ok,231.731,15,2,1,0,0,2305843009213693967:12;2305843009213693973:3,Symbolica_default,cached_powers_Q,2,2,0.335,BalancedZippelSeparated,0
fire7_graph5_rank0836,Automatic,1,ok,184.231,17,2,1,0,0,2305843009213693967:14;2305843009213693973:3,Symbolica_default,cached_powers_Q,2,1,0.265,BalancedZippelSeparated,0
fire7_graph5_rank0837,Automatic,1,ok,154.790,14,2,1,0,0,2305843009213693967:11;2305843009213693973:3,Symbolica_default,cached_powers_Q,1,1,0.380,BalancedZippelSeparated,0
fire7_graph5_rank0838,Automatic,1,ok,309.622,15,2,1,0,0,2305843009213693967:12;2305843009213693973:3,Symbolica_default,cached_powers_Q,2,2,0.358,BalancedZippelSeparated,0
fire7_graph5_rank0839,Automatic,1,ok,158.411,14,2,1,0,0,2305843009213693967:11;2305843009213693973:3,Symbolica_default,cached_powers_Q,1,1,0.498,BalancedZippelSeparated,0
fire7_graph5_rank0840,Automatic,1,ok,163.470,18,2,1,0,0,2305843009213693967:15;2305843009213693973:3,Symbolica_default,cached_powers_Q,1,3,0.338,BalancedZippelSeparated,0
fire7_graph5_rank0841,Automatic,1,ok,198.341,20,2,1,0,0,2305843009213693967:17;2305843009213693973:3,Symbolica_default,cached_powers_Q,2,2,0.342,BalancedZippelSeparated,0
fire7_graph5_rank0842,Automatic,1,ok,176.291,18,2,1,0,0,2305843009213693967:15;2305843009213693973:3,Symbolica_default,cached_powers_Q,2,2,0.276,BalancedZippelSeparated,0
fire7_graph5_rank0843,Automatic,1,ok,401.021,15,2,1,0,0,2305843009213693967:12;2305843009213693973:3,Symbolica_default,cached_powers_Q,2,1,0.263,BalancedZippelSeparated,0
fire7_graph5_rank0844,Automatic,1,ok,161.741,16,2,1,0,0,2305843009213693967:13;2305843009213693973:3,Symbolica_default,cached_powers_Q,1,2,0.294,BalancedZippelSeparated,0
fire7_graph5_rank0845,Automatic,1,ok,194.811,16,2,1,0,0,2305843009213693967:13;2305843009213693973:3,Symbolica_default,cached_powers_Q,2,2,0.496,BalancedZippelSeparated,0
fire7_graph5_rank0846,Automatic,1,ok,391.742,18,2,1,0,0,2305843009213693967:15;2305843009213693973:3,Symbolica_default,cached_powers_Q,2,2,0.287,BalancedZippelSeparated,0
fire7_graph5_rank0847,Automatic,1,ok,145.941,14,2,1,0,0,2305843009213693967:11;2305843009213693973:3,Symbolica_default,cached_powers_Q,1,1,0.350,BalancedZippelSeparated,0
fire7_graph5_rank0848,Automatic,1,ok,135.421,13,2,1,0,0,2305843009213693967:10;2305843009213693973:3,Symbolica_default,cached_powers_Q,1,1,0.538,BalancedZippelSeparated,0
fire7_graph5_rank0849,Automatic,1,ok,209.591,14,2,1,0,0,2305843009213693967:11;2305843009213693973:3,Symbolica_default,cached_powers_Q,1,1,0.561,BalancedZippelSeparated,0
fire7_graph5_rank0850,Automatic,1,ok,186.101,15,2,1,0,0,2305843009213693967:12;2305843009213693973:3,Symbolica_default,cached_powers_Q,2,1,0.289,BalancedZippelSeparated,0
fire7_graph5_rank0851,Automatic,1,ok,207.321,18,2,1,0,0,2305843009213693967:15;2305843009213693973:3,Symbolica_default,cached_powers_Q,2,2,0.358,BalancedZippelSeparated,0
fire7_graph5_rank0852,Automatic,1,ok,492.282,17,2,1,0,0,2305843009213693967:14;2305843009213693973:3,Symbolica_default,cached_powers_Q,2,2,0.362,BalancedZippelSeparated,0
fire7_graph5_rank0853,Automatic,1,ok,204.621,18,2,1,0,0,2305843009213693967:15;2305843009213693973:3,Symbolica_default,cached_powers_Q,2,2,0.313,BalancedZippelSeparated,0
fire7_graph5_rank0854,Automatic,1,ok,157.791,15,2,1,0,0,2305843009213693967:12;2305843009213693973:3,Symbolica_default,cached_powers_Q,1,1,0.375,BalancedZippelSeparated,0
fire7_graph5_rank0855,Automatic,1,ok,254.891,14,2,1,0,0,2305843009213693967:11;2305843009213693973:3,Symbolica_default,cached_powers_Q,2,1,0.269,BalancedZippelSeparated,0
fire7_graph5_rank0856,Automatic,1,ok,170.241,17,2,1,0,0,2305843009213693967:14;2305843009213693973:3,Symbolica_default,cached_powers_Q,2,1,0.520,BalancedZippelSeparated,0
fire7_graph5_rank0857,Automatic,1,ok,136.101,14,2,1,0,0,2305843009213693967:11;2305843009213693973:3,Symbolica_default,cached_powers_Q,1,1,0.469,BalancedZippelSeparated,0
fire7_graph5_rank0858,Automatic,1,ok,158.731,14,2,1,0,0,2305843009213693967:11;2305843009213693973:3,Symbolica_default,cached_powers_Q,1,1,0.324,BalancedZippelSeparated,0
fire7_graph5_rank0859,Automatic,1,ok,240.300,17,2,1,0,0,2305843009213693967:14;2305843009213693973:3,Symbolica_default,cached_powers_Q,2,2,0.356,BalancedZippelSeparated,0
fire7_graph5_rank0860,Automatic,1,ok,257.452,21,2,1,0,0,2305843009213693967:18;2305843009213693973:3,Symbolica_default,cached_powers_Q,2,2,0.353,BalancedZippelSeparated,0
fire7_graph5_rank0861,Automatic,1,ok,138.660,13,2,1,0,0,2305843009213693967:10;2305843009213693973:3,Symbolica_default,cached_powers_Q,1,1,0.349,BalancedZippelSeparated,0
fire7_graph5_rank0862,Automatic,1,ok,219.321,16,2,1,0,0,2305843009213693967:13;2305843009213693973:3,Symbolica_default,cached_powers_Q,2,2,0.331,BalancedZippelSeparated,0
fire7_graph5_rank0863,Automatic,1,ok,191.611,20,2,1,0,0,2305843009213693967:17;2305843009213693973:3,Symbolica_default,cached_powers_Q,2,1,0.239,BalancedZippelSeparated,0
fire7_graph5_rank0864,Automatic,1,ok,219.301,14,2,1,0,0,2305843009213693967:11;2305843009213693973:3,Symbolica_default,cached_powers_Q,1,1,0.578,BalancedZippelSeparated,0
fire7_graph5_rank0865,Automatic,1,ok,145.831,14,2,1,0,0,2305843009213693967:11;2305843009213693973:3,Symbolica_default,cached_powers_Q,1,1,0.549,BalancedZippelSeparated,0
fire7_graph5_rank0866,Automatic,1,ok,218.381,17,2,1,0,0,2305843009213693967:14;2305843009213693973:3,Symbolica_default,cached_powers_Q,2,2,0.586,BalancedZippelSeparated,0
fire7_graph5_rank0867,Automatic,1,ok,158.420,13,2,1,0,0,2305843009213693967:10;2305843009213693973:3,Symbolica_default,cached_powers_Q,1,1,0.199,BalancedZippelSeparated,0
fire7_graph5_rank0868,Automatic,1,ok,232.121,13,2,1,0,0,2305843009213693967:10;2305843009213693973:3,Symbolica_default,cached_powers_Q,1,1,0.339,BalancedZippelSeparated,0
fire7_graph5_rank0869,Automatic,1,ok,166.300,17,2,1,0,0,2305843009213693967:14;2305843009213693973:3,Symbolica_default,cached_powers_Q,1,3,0.291,BalancedZippelSeparated,0
fire7_graph5_rank0870,Automatic,1,ok,171.131,15,2,1,0,0,2305843009213693967:12;2305843009213693973:3,Symbolica_default,cached_powers_Q,1,2,0.255,BalancedZippelSeparated,0
fire7_graph5_rank0871,Automatic,1,ok,168.350,16,2,1,0,0,2305843009213693967:13;2305843009213693973:3,Symbolica_default,cached_powers_Q,2,1,0.301,BalancedZippelSeparated,0
fire7_graph5_rank0872,Automatic,1,ok,165.120,14,2,1,0,0,2305843009213693967:11;2305843009213693973:3,Symbolica_default,cached_powers_Q,1,1,0.397,BalancedZippelSeparated,0
fire7_graph5_rank0873,Automatic,1,ok,187.091,18,2,1,0,0,2305843009213693967:15;2305843009213693973:3,Symbolica_default,cached_powers_Q,2,2,0.345,BalancedZippelSeparated,0
fire7_graph5_rank0874,Automatic,1,ok,556.973,15,2,1,0,0,2305843009213693967:12;2305843009213693973:3,Symbolica_default,cached_powers_Q,2,2,0.348,BalancedZippelSeparated,0
fire7_graph5_rank0875,Automatic,1,ok,159.791,16,2,1,0,0,2305843009213693967:13;2305843009213693973:3,Symbolica_default,cached_powers_Q,1,2,0.338,BalancedZippelSeparated,0
fire7_graph5_rank0876,Automatic,1,ok,180.071,16,2,1,0,0,2305843009213693967:13;2305843009213693973:3,Symbolica_default,cached_powers_Q,2,1,0.567,BalancedZippelSeparated,0
fire7_graph5_rank0877,Automatic,1,ok,172.641,15,2,1,0,0,2305843009213693967:12;2305843009213693973:3,Symbolica_default,cached_powers_Q,2,1,0.244,BalancedZippelSeparated,0
fire7_graph5_rank0878,Automatic,1,ok,209.631,18,2,1,0,0,2305843009213693967:15;2305843009213693973:3,Symbolica_default,cached_powers_Q,2,2,0.316,BalancedZippelSeparated,0
fire7_graph5_rank0879,Automatic,1,ok,199.761,18,2,1,0,0,2305843009213693967:15;2305843009213693973:3,Symbolica_default,cached_powers_Q,2,2,0.316,BalancedZippelSeparated,0
fire7_graph5_rank0880,Automatic,1,ok,168.590,15,2,1,0,0,2305843009213693967:12;2305843009213693973:3,Symbolica_default,cached_powers_Q,2,1,0.267,BalancedZippelSeparated,0
fire7_graph5_rank0881,Automatic,1,ok,220.830,18,2,1,0,0,2305843009213693967:15;2305843009213693973:3,Symbolica_default,cached_powers_Q,2,2,0.341,BalancedZippelSeparated,0
fire7_graph5_rank0882,Automatic,1,ok,189.381,16,2,1,0,0,2305843009213693967:13;2305843009213693973:3,Symbolica_default,cached_powers_Q,1,2,0.287,BalancedZippelSeparated,0
fire7_graph5_rank0883,Automatic,1,ok,183.571,16,2,1,0,0,2305843009213693967:13;2305843009213693973:3,Symbolica_default,cached_powers_Q,1,2,0.297,BalancedZippelSeparated,0
fire7_graph5_rank0884,Automatic,1,ok,186.340,16,2,1,0,0,2305843009213693967:13;2305843009213693973:3,Symbolica_default,cached_powers_Q,1,2,0.456,BalancedZippelSeparated,0
fire7_graph5_rank0885,Automatic,1,ok,161.041,16,2,1,0,0,2305843009213693967:13;2305843009213693973:3,Symbolica_default,cached_powers_Q,2,1,0.292,BalancedZippelSeparated,0
fire7_graph5_rank0886,Automatic,1,ok,368.961,14,2,1,0,0,2305843009213693967:11;2305843009213693973:3,Symbolica_default,cached_powers_Q,2,1,0.193,BalancedZippelSeparated,0
fire7_graph5_rank0887,Automatic,1,ok,145.090,17,2,1,0,0,2305843009213693967:14;2305843009213693973:3,Symbolica_default,cached_powers_Q,1,2,0.268,BalancedZippelSeparated,0
fire7_graph5_rank0888,Automatic,1,ok,135.831,13,2,1,0,0,2305843009213693967:10;2305843009213693973:3,Symbolica_default,cached_powers_Q,1,1,0.342,BalancedZippelSeparated,0
fire7_graph5_rank0889,Automatic,1,ok,204.811,18,2,1,0,0,2305843009213693967:15;2305843009213693973:3,Symbolica_default,cached_powers_Q,2,2,0.542,BalancedZippelSeparated,0
fire7_graph5_rank0890,Automatic,1,ok,179.061,14,2,1,0,0,2305843009213693967:11;2305843009213693973:3,Symbolica_default,cached_powers_Q,2,1,0.241,BalancedZippelSeparated,0
fire7_graph5_rank0891,Automatic,1,ok,236.911,15,2,1,0,0,2305843009213693967:12;2305843009213693973:3,Symbolica_default,cached_powers_Q,2,2,0.417,BalancedZippelSeparated,0
fire7_graph5_rank0892,Automatic,1,ok,161.790,16,2,1,0,0,2305843009213693967:13;2305843009213693973:3,Symbolica_default,cached_powers_Q,2,1,0.274,BalancedZippelSeparated,0
fire7_graph5_rank0893,Automatic,1,ok,153.930,14,2,1,0,0,2305843009213693967:11;2305843009213693973:3,Symbolica_default,cached_powers_Q,2,1,0.283,BalancedZippelSeparated,0
fire7_graph5_rank0894,Automatic,1,ok,175.751,16,2,1,0,0,2305843009213693967:13;2305843009213693973:3,Symbolica_default,cached_powers_Q,2,1,0.526,BalancedZippelSeparated,0
fire7_graph5_rank0895,Automatic,1,ok,147.271,14,2,1,0,0,2305843009213693967:11;2305843009213693973:3,Symbolica_default,cached_powers_Q,2,1,0.297,BalancedZippelSeparated,0
fire7_graph5_rank0896,Automatic,1,ok,231.441,15,2,1,0,0,2305843009213693967:12;2305843009213693973:3,Symbolica_default,cached_powers_Q,2,2,0.327,BalancedZippelSeparated,0
fire7_graph5_rank0897,Automatic,1,ok,177.681,15,2,1,0,0,2305843009213693967:12;2305843009213693973:3,Symbolica_default,cached_powers_Q,1,2,0.305,BalancedZippelSeparated,0
fire7_graph5_rank0898,Automatic,1,ok,165.490,16,2,1,0,0,2305843009213693967:13;2305843009213693973:3,Symbolica_default,cached_powers_Q,1,2,0.284,BalancedZippelSeparated,0
fire7_graph5_rank0899,Automatic,1,ok,168.141,17,2,1,0,0,2305843009213693967:14;2305843009213693973:3,Symbolica_default,cached_powers_Q,1,2,0.264,BalancedZippelSeparated,0
fire7_graph5_rank0900,Automatic,1,ok,163.521,16,2,1,0,0,2305843009213693967:13;2305843009213693973:3,Symbolica_default,cached_powers_Q,1,1,0.209,BalancedZippelSeparated,0
fire7_graph5_rank0901,Automatic,1,ok,162.101,14,2,1,0,0,2305843009213693967:11;2305843009213693973:3,Symbolica_default,cached_powers_Q,2,1,0.527,BalancedZippelSeparated,0
fire7_graph5_rank0902,Automatic,1,ok,197.601,16,2,1,0,0,2305843009213693967:13;2305843009213693973:3,Symbolica_default,cached_powers_Q,1,2,0.305,BalancedZippelSeparated,0
fire7_graph5_rank0903,Automatic,1,ok,181.231,15,2,1,0,0,2305843009213693967:12;2305843009213693973:3,Symbolica_default,cached_powers_Q,1,2,0.307,BalancedZippelSeparated,0
fire7_graph5_rank0904,Automatic,1,ok,170.710,15,2,1,0,0,2305843009213693967:12;2305843009213693973:3,Symbolica_default,cached_powers_Q,1,1,0.343,BalancedZippelSeparated,0
fire7_graph5_rank0905,Automatic,1,ok,175.970,17,2,1,0,0,2305843009213693967:14;2305843009213693973:3,Symbolica_default,cached_powers_Q,1,2,0.316,BalancedZippelSeparated,0
fire7_graph5_rank0906,Automatic,1,ok,177.731,14,2,1,0,0,2305843009213693967:11;2305843009213693973:3,Symbolica_default,cached_powers_Q,1,1,0.217,BalancedZippelSeparated,0
fire7_graph5_rank0907,Automatic,1,ok,156.101,14,2,1,0,0,2305843009213693967:11;2305843009213693973:3,Symbolica_default,cached_powers_Q,1,1,0.212,BalancedZippelSeparated,0
fire7_graph5_rank0908,Automatic,1,ok,164.610,14,2,1,0,0,2305843009213693967:11;2305843009213693973:3,Symbolica_default,cached_powers_Q,1,1,0.189,BalancedZippelSeparated,0
fire7_graph5_rank0909,Automatic,1,ok,186.281,15,2,1,0,0,2305843009213693967:12;2305843009213693973:3,Symbolica_default,cached_powers_Q,2,2,0.585,BalancedZippelSeparated,0
fire7_graph5_rank0910,Automatic,1,ok,164.881,14,2,1,0,0,2305843009213693967:11;2305843009213693973:3,Symbolica_default,cached_powers_Q,1,1,0.230,BalancedZippelSeparated,0
fire7_graph5_rank0911,Automatic,1,ok,209.660,14,2,1,0,0,2305843009213693967:11;2305843009213693973:3,Symbolica_default,cached_powers_Q,1,1,0.210,BalancedZippelSeparated,0
fire7_graph5_rank0912,Automatic,1,ok,169.891,14,2,1,0,0,2305843009213693967:11;2305843009213693973:3,Symbolica_default,cached_powers_Q,2,1,0.270,BalancedZippelSeparated,0
fire7_graph5_rank0913,Automatic,1,ok,411.032,14,2,1,0,0,2305843009213693967:11;2305843009213693973:3,Symbolica_default,cached_powers_Q,2,1,0.268,BalancedZippelSeparated,0
fire7_graph5_rank0914,Automatic,1,ok,160.311,15,2,1,0,0,2305843009213693967:12;2305843009213693973:3,Symbolica_default,cached_powers_Q,1,2,0.256,BalancedZippelSeparated,0
fire7_graph5_rank0915,Automatic,1,ok,176.660,14,2,1,0,0,2305843009213693967:11;2305843009213693973:3,Symbolica_default,cached_powers_Q,1,1,0.184,BalancedZippelSeparated,0
fire7_graph5_rank0916,Automatic,1,ok,269.831,15,2,1,0,0,2305843009213693967:12;2305843009213693973:3,Symbolica_default,cached_powers_Q,1,2,0.277,BalancedZippelSeparated,0
fire7_graph5_rank0917,Automatic,1,ok,180.881,13,2,1,0,0,2305843009213693967:10;2305843009213693973:3,Symbolica_default,cached_powers_Q,1,1,0.269,BalancedZippelSeparated,0
fire7_graph5_rank0918,Automatic,1,ok,164.401,15,2,1,0,0,2305843009213693967:12;2305843009213693973:3,Symbolica_default,cached_powers_Q,1,1,0.276,BalancedZippelSeparated,0
fire7_graph5_rank0919,Automatic,1,ok,228.950,15,2,1,0,0,2305843009213693967:12;2305843009213693973:3,Symbolica_default,cached_powers_Q,1,2,0.239,BalancedZippelSeparated,0
fire7_graph5_rank0920,Automatic,1,ok,633.912,13,2,1,0,0,2305843009213693967:10;2305843009213693973:3,Symbolica_default,cached_powers_Q,1,1,0.230,BalancedZippelSeparated,0
fire7_graph5_rank0921,Automatic,1,ok,168.831,16,2,1,0,0,2305843009213693967:13;2305843009213693973:3,Symbolica_default,cached_powers_Q,1,2,0.261,BalancedZippelSeparated,0
fire7_graph5_rank0922,Automatic,1,ok,155.011,15,2,1,0,0,2305843009213693967:12;2305843009213693973:3,Symbolica_default,cached_powers_Q,1,1,0.319,BalancedZippelSeparated,0
fire7_graph5_rank0923,Automatic,1,ok,153.810,14,2,1,0,0,2305843009213693967:11;2305843009213693973:3,Symbolica_default,cached_powers_Q,2,1,0.251,BalancedZippelSeparated,0
fire7_graph5_rank0924,Automatic,1,ok,146.111,14,2,1,0,0,2305843009213693967:11;2305843009213693973:3,Symbolica_default,cached_powers_Q,2,1,0.207,BalancedZippelSeparated,0
fire7_graph5_rank0925,Automatic,1,ok,170.881,14,2,1,0,0,2305843009213693967:11;2305843009213693973:3,Symbolica_default,cached_powers_Q,1,1,0.227,BalancedZippelSeparated,0
fire7_graph5_rank0926,Automatic,1,ok,133.390,13,2,1,0,0,2305843009213693967:10;2305843009213693973:3,Symbolica_default,cached_powers_Q,1,1,0.180,BalancedZippelSeparated,0
fire7_graph5_rank0927,Automatic,1,ok,165.041,14,2,1,0,0,2305843009213693967:11;2305843009213693973:3,Symbolica_default,cached_powers_Q,1,1,0.208,BalancedZippelSeparated,0
fire7_graph5_rank0928,Automatic,1,ok,150.091,15,2,1,0,0,2305843009213693967:12;2305843009213693973:3,Symbolica_default,cached_powers_Q,1,2,0.405,BalancedZippelSeparated,0
fire7_graph5_rank0929,Automatic,1,ok,111.790,15,2,1,0,0,2305843009213693967:12;2305843009213693973:3,Symbolica_default,cached_powers_Q,1,2,0.206,BalancedZippelSeparated,0
fire7_graph5_rank0930,Automatic,1,ok,202.611,15,2,1,0,0,2305843009213693967:12;2305843009213693973:3,Symbolica_default,cached_powers_Q,1,2,0.415,BalancedZippelSeparated,0
fire7_graph5_rank0931,Automatic,1,ok,196.540,16,2,1,0,0,2305843009213693967:13;2305843009213693973:3,Symbolica_default,cached_powers_Q,1,2,0.362,BalancedZippelSeparated,0
fire7_graph5_rank0932,Automatic,1,ok,137.661,14,2,1,0,0,2305843009213693967:11;2305843009213693973:3,Symbolica_default,cached_powers_Q,2,1,0.210,BalancedZippelSeparated,0
fire7_graph5_rank0933,Automatic,1,ok,123.110,13,2,1,0,0,2305843009213693967:10;2305843009213693973:3,Symbolica_default,cached_powers_Q,1,1,0.137,BalancedZippelSeparated,0
fire7_graph5_rank0934,Automatic,1,ok,142.991,13,2,1,0,0,2305843009213693967:10;2305843009213693973:3,Symbolica_default,cached_powers_Q,1,1,0.198,BalancedZippelSeparated,0
fire7_graph5_rank0935,Automatic,1,ok,243.721,14,2,1,0,0,2305843009213693967:11;2305843009213693973:3,Symbolica_default,cached_powers_Q,1,1,0.189,BalancedZippelSeparated,0
fire7_graph5_rank0936,Automatic,1,ok,164.631,14,2,1,0,0,2305843009213693967:11;2305843009213693973:3,Symbolica_default,cached_powers_Q,1,1,0.215,BalancedZippelSeparated,0
fire7_graph5_rank0937,Automatic,1,ok,155.371,14,2,1,0,0,2305843009213693967:11;2305843009213693973:3,Symbolica_default,cached_powers_Q,1,1,0.180,BalancedZippelSeparated,0
fire7_graph5_rank0938,Automatic,1,ok,283.611,13,2,1,0,0,2305843009213693967:10;2305843009213693973:3,Symbolica_default,cached_powers_Q,1,1,0.144,BalancedZippelSeparated,0
fire7_graph5_rank0939,Automatic,1,ok,148.791,13,2,1,0,0,2305843009213693967:10;2305843009213693973:3,Symbolica_default,cached_powers_Q,1,1,0.180,BalancedZippelSeparated,0
fire7_graph5_rank0940,Automatic,1,ok,229.971,13,2,1,0,0,2305843009213693967:10;2305843009213693973:3,Symbolica_default,cached_powers_Q,1,1,0.194,BalancedZippelSeparated,0
fire7_graph5_rank0941,Automatic,1,ok,144.760,14,2,1,0,0,2305843009213693967:11;2305843009213693973:3,Symbolica_default,cached_powers_Q,1,1,0.193,BalancedZippelSeparated,0
fire7_graph5_rank0942,Automatic,1,ok,157.661,13,2,1,0,0,2305843009213693967:10;2305843009213693973:3,Symbolica_default,cached_powers_Q,1,1,0.178,BalancedZippelSeparated,0
fire7_graph5_rank0943,Automatic,1,ok,158.811,13,2,1,0,0,2305843009213693967:10;2305843009213693973:3,Symbolica_default,cached_powers_Q,1,1,0.220,BalancedZippelSeparated,0
fire7_graph5_rank0944,Automatic,1,ok,131.831,13,2,1,0,0,2305843009213693967:10;2305843009213693973:3,Symbolica_default,cached_powers_Q,1,1,0.129,BalancedZippelSeparated,0
fire7_graph5_rank0945,Automatic,1,ok,118.871,13,2,1,0,0,2305843009213693967:10;2305843009213693973:3,Symbolica_default,cached_powers_Q,1,1,0.089,BalancedZippelSeparated,0
