case,method,seed,status,elapsed_us,probes,primes,images,support_reuses,support_fallbacks,probes_by_prime,prime_policy,oracle,num_terms,den_terms,setup_ms,selected_methods
fire7_nb0_rank0001,Automatic,1,ok,36495.643,1963,2,1,0,0,2305843009213693967:1960;2305843009213693973:3,Symbolica_default,cached_powers_Q,858,414,4.692,BalancedZippelSeparated
fire7_nb0_rank0002,Automatic,1,ok,40599.918,2171,2,1,0,0,2305843009213693967:2168;2305843009213693973:3,Symbolica_default,cached_powers_Q,877,414,4.671,BalancedZippelSeparated
fire7_nb0_rank0003,Automatic,1,ok,25138.483,1656,2,1,0,0,2305843009213693967:1653;2305843009213693973:3,Symbolica_default,cached_powers_Q,753,243,3.713,BalancedZippelSeparated
fire7_nb0_rank0004,Automatic,1,ok,21676.362,1472,2,1,0,0,2305843009213693967:1469;2305843009213693973:3,Symbolica_default,cached_powers_Q,722,243,3.918,BalancedZippelSeparated
fire7_nb0_rank0005,Automatic,1,ok,24231.698,1630,2,1,0,0,2305843009213693967:1627;2305843009213693973:3,Symbolica_default,cached_powers_Q,739,224,3.738,BalancedZippelSeparated
fire7_nb0_rank0006,Automatic,1,ok,22834.799,1568,2,1,0,0,2305843009213693967:1565;2305843009213693973:3,Symbolica_default,cached_powers_Q,720,224,3.633,BalancedZippelSeparated
fire7_nb0_rank0007,Automatic,1,ok,19179.218,1339,2,1,0,0,2305843009213693967:1336;2305843009213693973:3,Symbolica_default,cached_powers_Q,648,261,3.715,BalancedZippelSeparated
fire7_nb0_rank0008,Automatic,1,ok,18756.664,1339,2,1,0,0,2305843009213693967:1336;2305843009213693973:3,Symbolica_default,cached_powers_Q,645,261,3.473,BalancedZippelSeparated
fire7_nb0_rank0009,Automatic,1,ok,17200.205,1307,2,1,0,0,2305843009213693967:1304;2305843009213693973:3,Symbolica_default,cached_powers_Q,578,261,3.407,BalancedZippelSeparated
fire7_nb0_rank0010,Automatic,1,ok,19632.710,1464,2,1,0,0,2305843009213693967:1461;2305843009213693973:3,Symbolica_default,cached_powers_Q,639,196,3.069,BalancedZippelSeparated
fire7_nb0_rank0011,Automatic,1,ok,19754.411,1480,2,1,0,0,2305843009213693967:1477;2305843009213693973:3,Symbolica_default,cached_powers_Q,640,196,3.161,BalancedZippelSeparated
fire7_nb0_rank0012,Automatic,1,ok,13455.622,1094,2,1,0,0,2305843009213693967:1091;2305843009213693973:3,Symbolica_default,cached_powers_Q,431,369,3.041,BalancedZippelSeparated
fire7_nb0_rank0013,Automatic,1,ok,15522.705,1268,2,1,0,0,2305843009213693967:1265;2305843009213693973:3,Symbolica_default,cached_powers_Q,534,232,2.952,BalancedZippelSeparated
fire7_nb0_rank0014,Automatic,1,ok,14508.878,1117,2,1,0,0,2305843009213693967:1114;2305843009213693973:3,Symbolica_default,cached_powers_Q,572,198,2.902,BalancedZippelSeparated
fire7_nb0_rank0015,Automatic,1,ok,14007.736,1135,2,1,0,0,2305843009213693967:1132;2305843009213693973:3,Symbolica_default,cached_powers_Q,530,232,2.879,BalancedZippelSeparated
fire7_nb0_rank0016,Automatic,1,ok,15291.313,1259,2,1,0,0,2305843009213693967:1256;2305843009213693973:3,Symbolica_default,cached_powers_Q,530,232,2.968,BalancedZippelSeparated
fire7_nb0_rank0017,Automatic,1,ok,15609.065,1266,2,1,0,0,2305843009213693967:1263;2305843009213693973:3,Symbolica_default,cached_powers_Q,567,189,2.948,BalancedZippelSeparated
fire7_nb0_rank0018,Automatic,1,ok,16256.029,1335,2,1,0,0,2305843009213693967:1332;2305843009213693973:3,Symbolica_default,cached_powers_Q,566,189,2.997,BalancedZippelSeparated
fire7_nb0_rank0019,Automatic,1,ok,14999.652,1258,2,1,0,0,2305843009213693967:1255;2305843009213693973:3,Symbolica_default,cached_powers_Q,567,168,2.858,BalancedZippelSeparated
fire7_nb0_rank0020,Automatic,1,ok,11946.183,1023,2,1,0,0,2305843009213693967:1020;2305843009213693973:3,Symbolica_default,cached_powers_Q,539,189,2.755,BalancedZippelSeparated
fire7_nb0_rank0021,Automatic,1,ok,12986.690,1150,2,1,0,0,2305843009213693967:1147;2305843009213693973:3,Symbolica_default,cached_powers_Q,407,312,2.699,BalancedZippelSeparated
fire7_nb0_rank0022,Automatic,1,ok,14486.148,1232,2,1,0,0,2305843009213693967:1229;2305843009213693973:3,Symbolica_default,cached_powers_Q,550,168,2.812,BalancedZippelSeparated
fire7_nb0_rank0023,Automatic,1,ok,12462.456,1075,2,1,0,0,2305843009213693967:1072;2305843009213693973:3,Symbolica_default,cached_powers_Q,482,240,2.916,BalancedZippelSeparated
fire7_nb0_rank0024,Automatic,1,ok,13646.073,1133,2,1,0,0,2305843009213693967:1130;2305843009213693973:3,Symbolica_default,cached_powers_Q,497,240,2.804,BalancedZippelSeparated
fire7_nb0_rank0025,Automatic,1,ok,11805.852,1018,2,1,0,0,2305843009213693967:1015;2305843009213693973:3,Symbolica_default,cached_powers_Q,395,328,2.730,BalancedZippelSeparated
fire7_nb0_rank0026,Automatic,1,ok,13430.342,1189,2,1,0,0,2305843009213693967:1186;2305843009213693973:3,Symbolica_default,cached_powers_Q,532,168,2.696,BalancedZippelSeparated
fire7_nb0_rank0027,Automatic,1,ok,10605.034,946,2,1,0,0,2305843009213693967:943;2305843009213693973:3,Symbolica_default,cached_powers_Q,451,232,2.665,BalancedZippelSeparated
fire7_nb0_rank0028,Automatic,1,ok,11267.349,1028,2,1,0,0,2305843009213693967:1025;2305843009213693973:3,Symbolica_default,cached_powers_Q,482,147,2.528,BalancedZippelSeparated
fire7_nb0_rank0029,Automatic,1,ok,9008.475,885,2,1,0,0,2305843009213693967:882;2305843009213693973:3,Symbolica_default,cached_powers_Q,451,162,2.459,BalancedZippelSeparated
fire7_nb0_rank0030,Automatic,1,ok,11895.343,1128,2,1,0,0,2305843009213693967:1125;2305843009213693973:3,Symbolica_default,cached_powers_Q,504,126,2.519,BalancedZippelSeparated
fire7_nb0_rank0031,Automatic,1,ok,11570.331,1105,2,1,0,0,2305843009213693967:1102;2305843009213693973:3,Symbolica_default,cached_powers_Q,471,147,2.472,BalancedZippelSeparated
fire7_nb0_rank0032,Automatic,1,ok,9621.928,960,2,1,0,0,2305843009213693967:957;2305843009213693973:3,Symbolica_default,cached_powers_Q,449,153,2.330,BalancedZippelSeparated
fire7_nb0_rank0033,Automatic,1,ok,8631.063,869,2,1,0,0,2305843009213693967:866;2305843009213693973:3,Symbolica_default,cached_powers_Q,404,192,2.381,BalancedZippelSeparated
fire7_nb0_rank0034,Automatic,1,ok,10740.955,1051,2,1,0,0,2305843009213693967:1048;2305843009213693973:3,Symbolica_default,cached_powers_Q,458,144,2.422,BalancedZippelSeparated
fire7_nb0_rank0035,Automatic,1,ok,10395.503,1016,2,1,0,0,2305843009213693967:1013;2305843009213693973:3,Symbolica_default,cached_powers_Q,445,154,2.411,BalancedZippelSeparated
fire7_nb0_rank0036,Automatic,1,ok,10360.714,1009,2,1,0,0,2305843009213693967:1006;2305843009213693973:3,Symbolica_default,cached_powers_Q,431,168,2.366,BalancedZippelSeparated
fire7_nb0_rank0037,Automatic,1,ok,9328.166,931,2,1,0,0,2305843009213693967:928;2305843009213693973:3,Symbolica_default,cached_powers_Q,405,168,2.286,BalancedZippelSeparated
fire7_nb0_rank0038,Automatic,1,ok,10979.757,1107,2,1,0,0,2305843009213693967:1104;2305843009213693973:3,Symbolica_default,cached_powers_Q,466,119,2.323,BalancedZippelSeparated
fire7_nb0_rank0039,Automatic,1,ok,7780.887,836,2,1,0,0,2305843009213693967:833;2305843009213693973:3,Symbolica_default,cached_powers_Q,308,240,2.180,BalancedZippelSeparated
fire7_nb0_rank0040,Automatic,1,ok,9692.979,987,2,1,0,0,2305843009213693967:984;2305843009213693973:3,Symbolica_default,cached_powers_Q,443,119,2.306,BalancedZippelSeparated
fire7_nb0_rank0041,Automatic,1,ok,6751.281,717,2,1,0,0,2305843009213693967:714;2305843009213693973:3,Symbolica_default,cached_powers_Q,362,176,2.132,BalancedZippelSeparated
fire7_nb0_rank0042,Automatic,1,ok,9681.360,994,2,1,0,0,2305843009213693967:991;2305843009213693973:3,Symbolica_default,cached_powers_Q,400,147,2.177,BalancedZippelSeparated
fire7_nb0_rank0043,Automatic,1,ok,10444.063,1073,2,1,0,0,2305843009213693967:1070;2305843009213693973:3,Symbolica_default,cached_powers_Q,432,126,2.243,BalancedZippelSeparated
fire7_nb0_rank0044,Automatic,1,ok,10098.271,1049,2,1,0,0,2305843009213693967:1046;2305843009213693973:3,Symbolica_default,cached_powers_Q,418,126,2.305,BalancedZippelSeparated
fire7_nb0_rank0045,Automatic,1,ok,8864.974,910,2,1,0,0,2305843009213693967:907;2305843009213693973:3,Symbolica_default,cached_powers_Q,407,126,2.127,BalancedZippelSeparated
fire7_nb0_rank0046,Automatic,1,ok,9859.610,1005,2,1,0,0,2305843009213693967:1002;2305843009213693973:3,Symbolica_default,cached_powers_Q,422,132,2.182,BalancedZippelSeparated
fire7_nb0_rank0047,Automatic,1,ok,8742.773,936,2,1,0,0,2305843009213693967:933;2305843009213693973:3,Symbolica_default,cached_powers_Q,452,77,2.161,BalancedZippelSeparated
fire7_nb0_rank0048,Automatic,1,ok,7279.854,832,2,1,0,0,2305843009213693967:829;2305843009213693973:3,Symbolica_default,cached_powers_Q,280,224,2.028,BalancedZippelSeparated
fire7_nb0_rank0049,Automatic,1,ok,7279.284,832,2,1,0,0,2305843009213693967:829;2305843009213693973:3,Symbolica_default,cached_powers_Q,280,224,2.055,BalancedZippelSeparated
fire7_nb0_rank0050,Automatic,1,ok,6984.602,777,2,1,0,0,2305843009213693967:774;2305843009213693973:3,Symbolica_default,cached_powers_Q,340,176,2.137,BalancedZippelSeparated
fire7_nb0_rank0051,Automatic,1,ok,9522.438,968,2,1,0,0,2305843009213693967:965;2305843009213693973:3,Symbolica_default,cached_powers_Q,383,162,2.187,BalancedZippelSeparated
fire7_nb0_rank0052,Automatic,1,ok,7898.338,859,2,1,0,0,2305843009213693967:856;2305843009213693973:3,Symbolica_default,cached_powers_Q,299,224,1.986,BalancedZippelSeparated
fire7_nb0_rank0053,Automatic,1,ok,7794.877,859,2,1,0,0,2305843009213693967:856;2305843009213693973:3,Symbolica_default,cached_powers_Q,351,180,2.075,BalancedZippelSeparated
fire7_nb0_rank0054,Automatic,1,ok,8868.014,918,2,1,0,0,2305843009213693967:915;2305843009213693973:3,Symbolica_default,cached_powers_Q,407,126,2.087,BalancedZippelSeparated
fire7_nb0_rank0055,Automatic,1,ok,6486.489,723,2,1,0,0,2305843009213693967:720;2305843009213693973:3,Symbolica_default,cached_powers_Q,330,168,1.991,BalancedZippelSeparated
fire7_nb0_rank0056,Automatic,1,ok,6470.470,707,2,1,0,0,2305843009213693967:704;2305843009213693973:3,Symbolica_default,cached_powers_Q,407,81,2.302,BalancedZippelSeparated
fire7_nb0_rank0057,Automatic,1,ok,7536.095,826,2,1,0,0,2305843009213693967:823;2305843009213693973:3,Symbolica_default,cached_powers_Q,359,152,1.998,BalancedZippelSeparated
fire7_nb0_rank0058,Automatic,1,ok,7559.586,835,2,1,0,0,2305843009213693967:832;2305843009213693973:3,Symbolica_default,cached_powers_Q,337,168,2.113,BalancedZippelSeparated
fire7_nb0_rank0059,Automatic,1,ok,7982.948,883,2,1,0,0,2305843009213693967:880;2305843009213693973:3,Symbolica_default,cached_powers_Q,360,147,2.051,BalancedZippelSeparated
fire7_nb0_rank0060,Automatic,1,ok,7672.227,856,2,1,0,0,2305843009213693967:853;2305843009213693973:3,Symbolica_default,cached_powers_Q,380,119,2.056,BalancedZippelSeparated
fire7_nb0_rank0061,Automatic,1,ok,6630.750,793,2,1,0,0,2305843009213693967:790;2305843009213693973:3,Symbolica_default,cached_powers_Q,270,210,2.014,BalancedZippelSeparated
fire7_nb0_rank0062,Automatic,1,ok,6854.972,793,2,1,0,0,2305843009213693967:790;2305843009213693973:3,Symbolica_default,cached_powers_Q,270,210,1.695,BalancedZippelSeparated
fire7_nb0_rank0063,Automatic,1,ok,8190.840,917,2,1,0,0,2305843009213693967:914;2305843009213693973:3,Symbolica_default,cached_powers_Q,376,126,2.002,BalancedZippelSeparated
fire7_nb0_rank0064,Automatic,1,ok,8148.960,909,2,1,0,0,2305843009213693967:906;2305843009213693973:3,Symbolica_default,cached_powers_Q,375,132,2.076,BalancedZippelSeparated
fire7_nb0_rank0065,Automatic,1,ok,6449.720,707,2,1,0,0,2305843009213693967:704;2305843009213693973:3,Symbolica_default,cached_powers_Q,401,81,2.368,BalancedZippelSeparated
fire7_nb0_rank0066,Automatic,1,ok,6495.760,738,2,1,0,0,2305843009213693967:735;2305843009213693973:3,Symbolica_default,cached_powers_Q,306,192,1.960,BalancedZippelSeparated
fire7_nb0_rank0067,Automatic,1,ok,6332.369,724,2,1,0,0,2305843009213693967:721;2305843009213693973:3,Symbolica_default,cached_powers_Q,297,192,2.038,BalancedZippelSeparated
fire7_nb0_rank0068,Automatic,1,ok,6803.722,783,2,1,0,0,2305843009213693967:780;2305843009213693973:3,Symbolica_default,cached_powers_Q,257,231,2.106,BalancedZippelSeparated
fire7_nb0_rank0069,Automatic,1,ok,7559.486,853,2,1,0,0,2305843009213693967:850;2305843009213693973:3,Symbolica_default,cached_powers_Q,359,126,2.071,BalancedZippelSeparated
fire7_nb0_rank0070,Automatic,1,ok,5970.506,713,2,1,0,0,2305843009213693967:710;2305843009213693973:3,Symbolica_default,cached_powers_Q,319,168,2.197,BalancedZippelSeparated
fire7_nb0_rank0071,Automatic,1,ok,7481.936,871,2,1,0,0,2305843009213693967:868;2305843009213693973:3,Symbolica_default,cached_powers_Q,376,102,2.059,BalancedZippelSeparated
fire7_nb0_rank0072,Automatic,1,ok,8222.750,941,2,1,0,0,2305843009213693967:938;2305843009213693973:3,Symbolica_default,cached_powers_Q,350,126,1.957,BalancedZippelSeparated
fire7_nb0_rank0073,Automatic,1,ok,5660.385,690,2,1,0,0,2305843009213693967:687;2305843009213693973:3,Symbolica_default,cached_powers_Q,315,136,1.852,BalancedZippelSeparated
fire7_nb0_rank0074,Automatic,1,ok,5703.835,681,2,1,0,0,2305843009213693967:678;2305843009213693973:3,Symbolica_default,cached_powers_Q,364,88,1.881,BalancedZippelSeparated
fire7_nb0_rank0075,Automatic,1,ok,6746.591,815,2,1,0,0,2305843009213693967:812;2305843009213693973:3,Symbolica_default,cached_powers_Q,269,192,1.922,BalancedZippelSeparated
fire7_nb0_rank0076,Automatic,1,ok,6349.588,749,2,1,0,0,2305843009213693967:746;2305843009213693973:3,Symbolica_default,cached_powers_Q,296,168,2.019,BalancedZippelSeparated
fire7_nb0_rank0077,Automatic,1,ok,8597.792,1005,2,1,0,0,2305843009213693967:1002;2305843009213693973:3,Symbolica_default,cached_powers_Q,288,195,1.956,BalancedZippelSeparated
fire7_nb0_rank0078,Automatic,1,ok,5125.662,630,2,1,0,0,2305843009213693967:627;2305843009213693973:3,Symbolica_default,cached_powers_Q,242,192,1.735,BalancedZippelSeparated
fire7_nb0_rank0079,Automatic,1,ok,6229.458,747,2,1,0,0,2305843009213693967:744;2305843009213693973:3,Symbolica_default,cached_powers_Q,341,114,1.751,BalancedZippelSeparated
fire7_nb0_rank0080,Automatic,1,ok,5204.431,611,2,1,0,0,2305843009213693967:608;2305843009213693973:3,Symbolica_default,cached_powers_Q,240,200,1.729,BalancedZippelSeparated
fire7_nb0_rank0081,Automatic,1,ok,6073.447,786,2,1,0,0,2305843009213693967:783;2305843009213693973:3,Symbolica_default,cached_powers_Q,385,56,1.836,BalancedZippelSeparated
fire7_nb0_rank0082,Automatic,1,ok,5877.905,735,2,1,0,0,2305843009213693967:732;2305843009213693973:3,Symbolica_default,cached_powers_Q,312,119,1.795,BalancedZippelSeparated
fire7_nb0_rank0083,Automatic,1,ok,5989.626,731,2,1,0,0,2305843009213693967:728;2305843009213693973:3,Symbolica_default,cached_powers_Q,341,108,1.750,BalancedZippelSeparated
fire7_nb0_rank0084,Automatic,1,ok,6017.166,778,2,1,0,0,2305843009213693967:775;2305843009213693973:3,Symbolica_default,cached_powers_Q,260,180,1.873,BalancedZippelSeparated
fire7_nb0_rank0085,Automatic,1,ok,5823.086,722,2,1,0,0,2305843009213693967:719;2305843009213693973:3,Symbolica_default,cached_powers_Q,311,119,1.816,BalancedZippelSeparated
fire7_nb0_rank0086,Automatic,1,ok,5542.274,693,2,1,0,0,2305843009213693967:690;2305843009213693973:3,Symbolica_default,cached_powers_Q,306,133,1.909,BalancedZippelSeparated
fire7_nb0_rank0087,Automatic,1,ok,6279.398,786,2,1,0,0,2305843009213693967:783;2305843009213693973:3,Symbolica_default,cached_powers_Q,331,102,1.810,BalancedZippelSeparated
fire7_nb0_rank0088,Automatic,1,ok,6176.437,778,2,1,0,0,2305843009213693967:775;2305843009213693973:3,Symbolica_default,cached_powers_Q,260,180,1.801,BalancedZippelSeparated
fire7_nb0_rank0089,Automatic,1,ok,6111.078,749,2,1,0,0,2305843009213693967:746;2305843009213693973:3,Symbolica_default,cached_powers_Q,303,145,1.725,BalancedZippelSeparated
fire7_nb0_rank0090,Automatic,1,ok,4787.358,600,2,1,0,0,2305843009213693967:597;2305843009213693973:3,Symbolica_default,cached_powers_Q,227,200,1.681,BalancedZippelSeparated
fire7_nb0_rank0091,Automatic,1,ok,5995.106,727,2,1,0,0,2305843009213693967:724;2305843009213693973:3,Symbolica_default,cached_powers_Q,272,168,1.804,BalancedZippelSeparated
fire7_nb0_rank0092,Automatic,1,ok,6300.588,780,2,1,0,0,2305843009213693967:777;2305843009213693973:3,Symbolica_default,cached_powers_Q,243,192,1.865,BalancedZippelSeparated
fire7_nb0_rank0093,Automatic,1,ok,5878.006,701,2,1,0,0,2305843009213693967:698;2305843009213693973:3,Symbolica_default,cached_powers_Q,272,168,1.884,BalancedZippelSeparated
fire7_nb0_rank0094,Automatic,1,ok,6230.447,751,2,1,0,0,2305843009213693967:748;2305843009213693973:3,Symbolica_default,cached_powers_Q,295,144,1.900,BalancedZippelSeparated
fire7_nb0_rank0095,Automatic,1,ok,4871.870,580,2,1,0,0,2305843009213693967:577;2305843009213693973:3,Symbolica_default,cached_powers_Q,218,208,1.482,BalancedZippelSeparated
fire7_nb0_rank0096,Automatic,1,ok,5305.192,697,2,1,0,0,2305843009213693967:694;2305843009213693973:3,Symbolica_default,cached_powers_Q,332,91,1.740,BalancedZippelSeparated
fire7_nb0_rank0097,Automatic,1,ok,6914.352,586,2,1,0,0,2305843009213693967:583;2305843009213693973:3,Symbolica_default,cached_powers_Q,218,200,1.670,BalancedZippelSeparated
fire7_nb0_rank0098,Automatic,1,ok,17952.319,550,2,1,0,0,2305843009213693967:547;2305843009213693973:3,Symbolica_default,cached_powers_Q,218,200,1.807,BalancedZippelSeparated
fire7_nb0_rank0099,Automatic,1,ok,6477.530,790,2,1,0,0,2305843009213693967:787;2305843009213693973:3,Symbolica_default,cached_powers_Q,301,135,1.873,BalancedZippelSeparated
fire7_nb0_rank0100,Automatic,1,ok,4906.160,645,2,1,0,0,2305843009213693967:642;2305843009213693973:3,Symbolica_default,cached_powers_Q,306,104,1.735,BalancedZippelSeparated
fire7_nb0_rank0101,Automatic,1,ok,4709.648,629,2,1,0,0,2305843009213693967:626;2305843009213693973:3,Symbolica_default,cached_powers_Q,250,168,1.795,BalancedZippelSeparated
fire7_nb0_rank0102,Automatic,1,ok,5997.827,754,2,1,0,0,2305843009213693967:751;2305843009213693973:3,Symbolica_default,cached_powers_Q,243,180,1.731,BalancedZippelSeparated
fire7_nb0_rank0103,Automatic,1,ok,4762.789,605,2,1,0,0,2305843009213693967:602;2305843009213693973:3,Symbolica_default,cached_powers_Q,220,192,1.642,BalancedZippelSeparated
fire7_nb0_rank0104,Automatic,1,ok,4443.317,593,2,1,0,0,2305843009213693967:590;2305843009213693973:3,Symbolica_default,cached_powers_Q,270,136,1.731,BalancedZippelSeparated
fire7_nb0_rank0105,Automatic,1,ok,5579.344,687,2,1,0,0,2305843009213693967:684;2305843009213693973:3,Symbolica_default,cached_powers_Q,178,238,1.722,BalancedZippelSeparated
fire7_nb0_rank0106,Automatic,1,ok,6209.297,823,2,1,0,0,2305843009213693967:820;2305843009213693973:3,Symbolica_default,cached_powers_Q,350,66,1.795,BalancedZippelSeparated
fire7_nb0_rank0107,Automatic,1,ok,5433.573,700,2,1,0,0,2305843009213693967:697;2305843009213693973:3,Symbolica_default,cached_powers_Q,288,119,1.648,BalancedZippelSeparated
fire7_nb0_rank0108,Automatic,1,ok,5775.524,724,2,1,0,0,2305843009213693967:721;2305843009213693973:3,Symbolica_default,cached_powers_Q,309,102,15.963,BalancedZippelSeparated
fire7_nb0_rank0109,Automatic,1,ok,4215.655,539,2,1,0,0,2305843009213693967:536;2305843009213693973:3,Symbolica_default,cached_powers_Q,260,136,1.692,BalancedZippelSeparated
fire7_nb0_rank0110,Automatic,1,ok,5285.762,703,2,1,0,0,2305843009213693967:700;2305843009213693973:3,Symbolica_default,cached_powers_Q,335,66,1.748,BalancedZippelSeparated
fire7_nb0_rank0111,Automatic,1,ok,6269.958,760,2,1,0,0,2305843009213693967:757;2305843009213693973:3,Symbolica_default,cached_powers_Q,301,108,1.437,BalancedZippelSeparated
fire7_nb0_rank0112,Automatic,1,ok,4443.727,576,2,1,0,0,2305843009213693967:573;2305843009213693973:3,Symbolica_default,cached_powers_Q,215,182,1.546,BalancedZippelSeparated
fire7_nb0_rank0113,Automatic,1,ok,5012.980,638,2,1,0,0,2305843009213693967:635;2305843009213693973:3,Symbolica_default,cached_powers_Q,264,133,1.616,BalancedZippelSeparated
fire7_nb0_rank0114,Automatic,1,ok,5573.394,769,2,1,0,0,2305843009213693967:766;2305843009213693973:3,Symbolica_default,cached_powers_Q,322,66,1.737,BalancedZippelSeparated
fire7_nb0_rank0115,Automatic,1,ok,5064.001,656,2,1,0,0,2305843009213693967:653;2305843009213693973:3,Symbolica_default,cached_powers_Q,295,91,1.487,BalancedZippelSeparated
fire7_nb0_rank0116,Automatic,1,ok,20248.213,702,2,1,0,0,2305843009213693967:699;2305843009213693973:3,Symbolica_default,cached_powers_Q,271,126,1.618,BalancedZippelSeparated
fire7_nb0_rank0117,Automatic,1,ok,5108.831,672,2,1,0,0,2305843009213693967:669;2305843009213693973:3,Symbolica_default,cached_powers_Q,271,119,1.635,BalancedZippelSeparated
fire7_nb0_rank0118,Automatic,1,ok,4004.625,569,2,1,0,0,2305843009213693967:566;2305843009213693973:3,Symbolica_default,cached_powers_Q,310,64,1.645,BalancedZippelSeparated
fire7_nb0_rank0119,Automatic,1,ok,4003.124,537,2,1,0,0,2305843009213693967:534;2305843009213693973:3,Symbolica_default,cached_powers_Q,250,133,1.528,BalancedZippelSeparated
fire7_nb0_rank0120,Automatic,1,ok,4522.667,623,2,1,0,0,2305843009213693967:620;2305843009213693973:3,Symbolica_default,cached_powers_Q,308,77,1.691,BalancedZippelSeparated
fire7_nb0_rank0121,Automatic,1,ok,5414.983,754,2,1,0,0,2305843009213693967:751;2305843009213693973:3,Symbolica_default,cached_powers_Q,316,66,1.644,BalancedZippelSeparated
fire7_nb0_rank0122,Automatic,1,ok,4156.015,584,2,1,0,0,2305843009213693967:581;2305843009213693973:3,Symbolica_default,cached_powers_Q,247,126,1.637,BalancedZippelSeparated
fire7_nb0_rank0123,Automatic,1,ok,4502.327,611,2,1,0,0,2305843009213693967:608;2305843009213693973:3,Symbolica_default,cached_powers_Q,280,91,1.598,BalancedZippelSeparated
fire7_nb0_rank0124,Automatic,1,ok,4417.417,526,2,1,0,0,2305843009213693967:523;2305843009213693973:3,Symbolica_default,cached_powers_Q,210,175,1.349,BalancedZippelSeparated
fire7_nb0_rank0125,Automatic,1,ok,4735.949,610,2,1,0,0,2305843009213693967:607;2305843009213693973:3,Symbolica_default,cached_powers_Q,300,77,2.007,BalancedZippelSeparated
fire7_nb0_rank0126,Automatic,1,ok,4470.657,603,2,1,0,0,2305843009213693967:600;2305843009213693973:3,Symbolica_default,cached_powers_Q,196,175,1.564,BalancedZippelSeparated
fire7_nb0_rank0127,Automatic,1,ok,4389.267,590,2,1,0,0,2305843009213693967:587;2305843009213693973:3,Symbolica_default,cached_powers_Q,205,175,1.530,BalancedZippelSeparated
fire7_nb0_rank0128,Automatic,1,ok,4009.674,566,2,1,0,0,2305843009213693967:563;2305843009213693973:3,Symbolica_default,cached_powers_Q,210,154,1.457,BalancedZippelSeparated
fire7_nb0_rank0129,Automatic,1,ok,4256.886,566,2,1,0,0,2305843009213693967:563;2305843009213693973:3,Symbolica_default,cached_powers_Q,210,154,1.416,BalancedZippelSeparated
fire7_nb0_rank0130,Automatic,1,ok,4709.889,637,2,1,0,0,2305843009213693967:634;2305843009213693973:3,Symbolica_default,cached_powers_Q,256,132,1.534,BalancedZippelSeparated
fire7_nb0_rank0131,Automatic,1,ok,3757.802,520,2,1,0,0,2305843009213693967:517;2305843009213693973:3,Symbolica_default,cached_powers_Q,249,126,1.655,BalancedZippelSeparated
fire7_nb0_rank0132,Automatic,1,ok,5671.254,724,2,1,0,0,2305843009213693967:721;2305843009213693973:3,Symbolica_default,cached_powers_Q,282,110,1.621,BalancedZippelSeparated
fire7_nb0_rank0133,Automatic,1,ok,4397.176,607,2,1,0,0,2305843009213693967:604;2305843009213693973:3,Symbolica_default,cached_powers_Q,288,77,1.541,BalancedZippelSeparated
fire7_nb0_rank0134,Automatic,1,ok,5705.805,720,2,1,0,0,2305843009213693967:717;2305843009213693973:3,Symbolica_default,cached_powers_Q,288,105,1.639,BalancedZippelSeparated
fire7_nb0_rank0135,Automatic,1,ok,5085.471,684,2,1,0,0,2305843009213693967:681;2305843009213693973:3,Symbolica_default,cached_powers_Q,266,102,1.407,BalancedZippelSeparated
fire7_nb0_rank0136,Automatic,1,ok,4809.919,633,2,1,0,0,2305843009213693967:630;2305843009213693973:3,Symbolica_default,cached_powers_Q,288,78,1.321,BalancedZippelSeparated
fire7_nb0_rank0137,Automatic,1,ok,5714.395,742,2,1,0,0,2305843009213693967:739;2305843009213693973:3,Symbolica_default,cached_powers_Q,273,105,1.297,BalancedZippelSeparated
fire7_nb0_rank0138,Automatic,1,ok,3799.434,511,2,1,0,0,2305843009213693967:508;2305843009213693973:3,Symbolica_default,cached_powers_Q,280,72,1.789,BalancedZippelSeparated
fire7_nb0_rank0139,Automatic,1,ok,3563.711,515,2,1,0,0,2305843009213693967:512;2305843009213693973:3,Symbolica_default,cached_powers_Q,268,88,1.745,BalancedZippelSeparated
fire7_nb0_rank0140,Automatic,1,ok,3808.763,560,2,1,0,0,2305843009213693967:557;2305843009213693973:3,Symbolica_default,cached_powers_Q,247,105,1.552,BalancedZippelSeparated
fire7_nb0_rank0141,Automatic,1,ok,5488.604,740,2,1,0,0,2305843009213693967:737;2305843009213693973:3,Symbolica_default,cached_powers_Q,266,105,1.615,BalancedZippelSeparated
fire7_nb0_rank0142,Automatic,1,ok,4623.588,637,2,1,0,0,2305843009213693967:634;2305843009213693973:3,Symbolica_default,cached_powers_Q,259,102,1.542,BalancedZippelSeparated
fire7_nb0_rank0143,Automatic,1,ok,4036.485,585,2,1,0,0,2305843009213693967:582;2305843009213693973:3,Symbolica_default,cached_powers_Q,274,77,1.616,BalancedZippelSeparated
fire7_nb0_rank0144,Automatic,1,ok,4337.797,596,2,1,0,0,2305843009213693967:593;2305843009213693973:3,Symbolica_default,cached_powers_Q,272,77,1.367,BalancedZippelSeparated
fire7_nb0_rank0145,Automatic,1,ok,4348.067,622,2,1,0,0,2305843009213693967:619;2305843009213693973:3,Symbolica_default,cached_powers_Q,272,77,1.509,BalancedZippelSeparated
fire7_nb0_rank0146,Automatic,1,ok,4805.370,550,2,1,0,0,2305843009213693967:547;2305843009213693973:3,Symbolica_default,cached_powers_Q,279,77,1.465,BalancedZippelSeparated
fire7_nb0_rank0147,Automatic,1,ok,3445.921,474,2,1,0,0,2305843009213693967:471;2305843009213693973:3,Symbolica_default,cached_powers_Q,237,105,1.323,BalancedZippelSeparated
fire7_nb0_rank0148,Automatic,1,ok,4669.218,614,2,1,0,0,2305843009213693967:611;2305843009213693973:3,Symbolica_default,cached_powers_Q,304,54,1.970,BalancedZippelSeparated
fire7_nb0_rank0149,Automatic,1,ok,3931.424,563,2,1,0,0,2305843009213693967:560;2305843009213693973:3,Symbolica_default,cached_powers_Q,243,102,1.397,BalancedZippelSeparated
fire7_nb0_rank0150,Automatic,1,ok,3595.471,537,2,1,0,0,2305843009213693967:534;2305843009213693973:3,Symbolica_default,cached_powers_Q,249,84,1.385,BalancedZippelSeparated
fire7_nb0_rank0151,Automatic,1,ok,3859.013,571,2,1,0,0,2305843009213693967:568;2305843009213693973:3,Symbolica_default,cached_powers_Q,266,77,1.537,BalancedZippelSeparated
fire7_nb0_rank0152,Automatic,1,ok,3161.069,460,2,1,0,0,2305843009213693967:457;2305843009213693973:3,Symbolica_default,cached_powers_Q,186,144,1.387,BalancedZippelSeparated
fire7_nb0_rank0153,Automatic,1,ok,3956.155,546,2,1,0,0,2305843009213693967:543;2305843009213693973:3,Symbolica_default,cached_powers_Q,249,102,1.529,BalancedZippelSeparated
fire7_nb0_rank0154,Automatic,1,ok,4028.664,575,2,1,0,0,2305843009213693967:572;2305843009213693973:3,Symbolica_default,cached_powers_Q,267,63,1.896,BalancedZippelSeparated
fire7_nb0_rank0155,Automatic,1,ok,3474.711,488,2,1,0,0,2305843009213693967:485;2305843009213693973:3,Symbolica_default,cached_powers_Q,225,112,1.459,BalancedZippelSeparated
fire7_nb0_rank0156,Automatic,1,ok,4561.938,614,2,1,0,0,2305843009213693967:611;2305843009213693973:3,Symbolica_default,cached_powers_Q,299,54,1.907,BalancedZippelSeparated
fire7_nb0_rank0157,Automatic,1,ok,3384.780,499,2,1,0,0,2305843009213693967:496;2305843009213693973:3,Symbolica_default,cached_powers_Q,261,77,1.495,BalancedZippelSeparated
fire7_nb0_rank0158,Automatic,1,ok,3685.252,533,2,1,0,0,2305843009213693967:530;2305843009213693973:3,Symbolica_default,cached_powers_Q,233,102,1.416,BalancedZippelSeparated
fire7_nb0_rank0159,Automatic,1,ok,4910.270,653,2,1,0,0,2305843009213693967:650;2305843009213693973:3,Symbolica_default,cached_powers_Q,259,105,1.364,BalancedZippelSeparated
fire7_nb0_rank0160,Automatic,1,ok,4483.088,635,2,1,0,0,2305843009213693967:632;2305843009213693973:3,Symbolica_default,cached_powers_Q,223,125,1.492,BalancedZippelSeparated
fire7_nb0_rank0161,Automatic,1,ok,4047.654,612,2,1,0,0,2305843009213693967:609;2305843009213693973:3,Symbolica_default,cached_powers_Q,280,56,1.643,BalancedZippelSeparated
fire7_nb0_rank0162,Automatic,1,ok,3703.982,509,2,1,0,0,2305843009213693967:506;2305843009213693973:3,Symbolica_default,cached_powers_Q,208,133,1.420,BalancedZippelSeparated
fire7_nb0_rank0163,Automatic,1,ok,4243.916,649,2,1,0,0,2305843009213693967:646;2305843009213693973:3,Symbolica_default,cached_powers_Q,294,48,1.584,BalancedZippelSeparated
fire7_nb0_rank0164,Automatic,1,ok,3366.281,482,2,1,0,0,2305843009213693967:479;2305843009213693973:3,Symbolica_default,cached_powers_Q,243,88,1.380,BalancedZippelSeparated
fire7_nb0_rank0165,Automatic,1,ok,4366.647,639,2,1,0,0,2305843009213693967:636;2305843009213693973:3,Symbolica_default,cached_powers_Q,259,85,1.564,BalancedZippelSeparated
fire7_nb0_rank0166,Automatic,1,ok,4417.827,599,2,1,0,0,2305843009213693967:596;2305843009213693973:3,Symbolica_default,cached_powers_Q,245,105,1.415,BalancedZippelSeparated
fire7_nb0_rank0167,Automatic,1,ok,3515.241,490,2,1,0,0,2305843009213693967:487;2305843009213693973:3,Symbolica_default,cached_powers_Q,169,175,1.432,BalancedZippelSeparated
fire7_nb0_rank0168,Automatic,1,ok,4161.175,606,2,1,0,0,2305843009213693967:603;2305843009213693973:3,Symbolica_default,cached_powers_Q,259,78,1.608,BalancedZippelSeparated
fire7_nb0_rank0169,Automatic,1,ok,3935.354,563,2,1,0,0,2305843009213693967:560;2305843009213693973:3,Symbolica_default,cached_powers_Q,189,144,1.487,BalancedZippelSeparated
fire7_nb0_rank0170,Automatic,1,ok,4067.224,563,2,1,0,0,2305843009213693967:560;2305843009213693973:3,Symbolica_default,cached_powers_Q,189,144,1.287,BalancedZippelSeparated
fire7_nb0_rank0171,Automatic,1,ok,8340.941,499,2,1,0,0,2305843009213693967:496;2305843009213693973:3,Symbolica_default,cached_powers_Q,199,133,1.428,BalancedZippelSeparated
fire7_nb0_rank0172,Automatic,1,ok,3825.733,536,2,1,0,0,2305843009213693967:533;2305843009213693973:3,Symbolica_default,cached_powers_Q,185,156,1.436,BalancedZippelSeparated
fire7_nb0_rank0173,Automatic,1,ok,4738.669,657,2,1,0,0,2305843009213693967:654;2305843009213693973:3,Symbolica_default,cached_powers_Q,153,198,1.440,BalancedZippelSeparated
fire7_nb0_rank0174,Automatic,1,ok,3099.219,462,2,1,0,0,2305843009213693967:459;2305843009213693973:3,Symbolica_default,cached_powers_Q,219,96,1.383,BalancedZippelSeparated
fire7_nb0_rank0175,Automatic,1,ok,2962.318,433,2,1,0,0,2305843009213693967:430;2305843009213693973:3,Symbolica_default,cached_powers_Q,219,96,1.440,BalancedZippelSeparated
fire7_nb0_rank0176,Automatic,1,ok,4439.947,646,2,1,0,0,2305843009213693967:643;2305843009213693973:3,Symbolica_default,cached_powers_Q,294,55,1.657,BalancedZippelSeparated
fire7_nb0_rank0177,Automatic,1,ok,3977.574,539,2,1,0,0,2305843009213693967:536;2305843009213693973:3,Symbolica_default,cached_powers_Q,231,110,1.219,BalancedZippelSeparated
fire7_nb0_rank0178,Automatic,1,ok,3735.273,563,2,1,0,0,2305843009213693967:560;2305843009213693973:3,Symbolica_default,cached_powers_Q,265,66,1.557,BalancedZippelSeparated
fire7_nb0_rank0179,Automatic,1,ok,3123.449,468,2,1,0,0,2305843009213693967:465;2305843009213693973:3,Symbolica_default,cached_powers_Q,225,88,1.390,BalancedZippelSeparated
fire7_nb0_rank0180,Automatic,1,ok,4576.288,653,2,1,0,0,2305843009213693967:650;2305843009213693973:3,Symbolica_default,cached_powers_Q,280,60,1.234,BalancedZippelSeparated
fire7_nb0_rank0181,Automatic,1,ok,3779.783,568,2,1,0,0,2305843009213693967:565;2305843009213693973:3,Symbolica_default,cached_powers_Q,270,48,1.319,BalancedZippelSeparated
fire7_nb0_rank0182,Automatic,1,ok,3364.210,496,2,1,0,0,2305843009213693967:493;2305843009213693973:3,Symbolica_default,cached_powers_Q,223,91,1.426,BalancedZippelSeparated
fire7_nb0_rank0183,Automatic,1,ok,4086.554,616,2,1,0,0,2305843009213693967:613;2305843009213693973:3,Symbolica_default,cached_powers_Q,273,65,1.623,BalancedZippelSeparated
fire7_nb0_rank0184,Automatic,1,ok,3647.212,547,2,1,0,0,2305843009213693967:544;2305843009213693973:3,Symbolica_default,cached_powers_Q,240,95,1.527,BalancedZippelSeparated
fire7_nb0_rank0185,Automatic,1,ok,2902.857,430,2,1,0,0,2305843009213693967:427;2305843009213693973:3,Symbolica_default,cached_powers_Q,160,144,1.336,BalancedZippelSeparated
fire7_nb0_rank0186,Automatic,1,ok,3719.953,561,2,1,0,0,2305843009213693967:558;2305843009213693973:3,Symbolica_default,cached_powers_Q,245,66,1.372,BalancedZippelSeparated
fire7_nb0_rank0187,Automatic,1,ok,3063.509,463,2,1,0,0,2305843009213693967:460;2305843009213693973:3,Symbolica_default,cached_powers_Q,216,90,1.356,BalancedZippelSeparated
fire7_nb0_rank0188,Automatic,1,ok,6425.879,414,2,1,0,0,2305843009213693967:411;2305843009213693973:3,Symbolica_default,cached_powers_Q,180,126,1.227,BalancedZippelSeparated
fire7_nb0_rank0189,Automatic,1,ok,3159.889,462,2,1,0,0,2305843009213693967:459;2305843009213693973:3,Symbolica_default,cached_powers_Q,219,84,1.335,BalancedZippelSeparated
fire7_nb0_rank0190,Automatic,1,ok,3734.943,556,2,1,0,0,2305843009213693967:553;2305843009213693973:3,Symbolica_default,cached_powers_Q,217,102,1.408,BalancedZippelSeparated
fire7_nb0_rank0191,Automatic,1,ok,3796.603,545,2,1,0,0,2305843009213693967:542;2305843009213693973:3,Symbolica_default,cached_powers_Q,239,90,1.501,BalancedZippelSeparated
fire7_nb0_rank0192,Automatic,1,ok,2814.787,416,2,1,0,0,2305843009213693967:413;2305843009213693973:3,Symbolica_default,cached_powers_Q,161,144,1.376,BalancedZippelSeparated
fire7_nb0_rank0193,Automatic,1,ok,5167.562,737,2,1,0,0,2305843009213693967:734;2305843009213693973:3,Symbolica_default,cached_powers_Q,203,128,1.307,BalancedZippelSeparated
fire7_nb0_rank0194,Automatic,1,ok,3519.981,491,2,1,0,0,2305843009213693967:488;2305843009213693973:3,Symbolica_default,cached_powers_Q,216,98,2.246,BalancedZippelSeparated
fire7_nb0_rank0195,Automatic,1,ok,3507.632,531,2,1,0,0,2305843009213693967:528;2305843009213693973:3,Symbolica_default,cached_powers_Q,240,90,2.540,BalancedZippelSeparated
fire7_nb0_rank0196,Automatic,1,ok,2586.735,394,2,1,0,0,2305843009213693967:391;2305843009213693973:3,Symbolica_default,cached_powers_Q,200,96,1.307,BalancedZippelSeparated
fire7_nb0_rank0197,Automatic,1,ok,2817.157,445,2,1,0,0,2305843009213693967:442;2305843009213693973:3,Symbolica_default,cached_powers_Q,179,126,1.351,BalancedZippelSeparated
fire7_nb0_rank0198,Automatic,1,ok,5349.073,594,2,1,0,0,2305843009213693967:591;2305843009213693973:3,Symbolica_default,cached_powers_Q,238,85,1.961,BalancedZippelSeparated
fire7_nb0_rank0199,Automatic,1,ok,4831.370,606,2,1,0,0,2305843009213693967:603;2305843009213693973:3,Symbolica_default,cached_powers_Q,244,55,1.884,BalancedZippelSeparated
fire7_nb0_rank0200,Automatic,1,ok,4646.048,559,2,1,0,0,2305843009213693967:556;2305843009213693973:3,Symbolica_default,cached_powers_Q,232,65,1.880,BalancedZippelSeparated
fire7_nb0_rank0201,Automatic,1,ok,3526.902,514,2,1,0,0,2305843009213693967:511;2305843009213693973:3,Symbolica_default,cached_powers_Q,232,72,1.298,BalancedZippelSeparated
fire7_nb0_rank0202,Automatic,1,ok,3914.534,585,2,1,0,0,2305843009213693967:582;2305843009213693973:3,Symbolica_default,cached_powers_Q,238,66,1.249,BalancedZippelSeparated
fire7_nb0_rank0203,Automatic,1,ok,3172.429,445,2,1,0,0,2305843009213693967:442;2305843009213693973:3,Symbolica_default,cached_powers_Q,170,154,1.249,BalancedZippelSeparated
fire7_nb0_rank0204,Automatic,1,ok,3984.504,614,2,1,0,0,2305843009213693967:611;2305843009213693973:3,Symbolica_default,cached_powers_Q,250,60,1.366,BalancedZippelSeparated
fire7_nb0_rank0205,Automatic,1,ok,4435.707,519,2,1,0,0,2305843009213693967:516;2305843009213693973:3,Symbolica_default,cached_powers_Q,144,150,1.737,BalancedZippelSeparated
fire7_nb0_rank0206,Automatic,1,ok,4442.797,519,2,1,0,0,2305843009213693967:516;2305843009213693973:3,Symbolica_default,cached_powers_Q,144,150,1.842,BalancedZippelSeparated
fire7_nb0_rank0207,Automatic,1,ok,3313.960,473,2,1,0,0,2305843009213693967:470;2305843009213693973:3,Symbolica_default,cached_powers_Q,243,56,1.595,BalancedZippelSeparated
fire7_nb0_rank0208,Automatic,1,ok,4303.116,529,2,1,0,0,2305843009213693967:526;2305843009213693973:3,Symbolica_default,cached_powers_Q,192,120,1.823,BalancedZippelSeparated
fire7_nb0_rank0209,Automatic,1,ok,2803.437,441,2,1,0,0,2305843009213693967:438;2305843009213693973:3,Symbolica_default,cached_powers_Q,225,64,1.332,BalancedZippelSeparated
fire7_nb0_rank0210,Automatic,1,ok,3548.121,533,2,1,0,0,2305843009213693967:530;2305843009213693973:3,Symbolica_default,cached_powers_Q,162,150,1.359,BalancedZippelSeparated
fire7_nb0_rank0211,Automatic,1,ok,2945.538,451,2,1,0,0,2305843009213693967:448;2305843009213693973:3,Symbolica_default,cached_powers_Q,200,91,1.292,BalancedZippelSeparated
fire7_nb0_rank0212,Automatic,1,ok,3880.113,552,2,1,0,0,2305843009213693967:549;2305843009213693973:3,Symbolica_default,cached_powers_Q,243,48,1.568,BalancedZippelSeparated
fire7_nb0_rank0213,Automatic,1,ok,4690.759,516,2,1,0,0,2305843009213693967:513;2305843009213693973:3,Symbolica_default,cached_powers_Q,149,150,1.896,BalancedZippelSeparated
fire7_nb0_rank0214,Automatic,1,ok,3840.524,465,2,1,0,0,2305843009213693967:462;2305843009213693973:3,Symbolica_default,cached_powers_Q,234,56,1.792,BalancedZippelSeparated
fire7_nb0_rank0215,Automatic,1,ok,3953.254,452,2,1,0,0,2305843009213693967:449;2305843009213693973:3,Symbolica_default,cached_powers_Q,216,77,1.864,BalancedZippelSeparated
fire7_nb0_rank0216,Automatic,1,ok,3475.481,543,2,1,0,0,2305843009213693967:540;2305843009213693973:3,Symbolica_default,cached_powers_Q,245,48,1.367,BalancedZippelSeparated
fire7_nb0_rank0217,Automatic,1,ok,2825.207,410,2,1,0,0,2305843009213693967:407;2305843009213693973:3,Symbolica_default,cached_powers_Q,148,140,1.179,BalancedZippelSeparated
fire7_nb0_rank0218,Automatic,1,ok,3166.559,489,2,1,0,0,2305843009213693967:486;2305843009213693973:3,Symbolica_default,cached_powers_Q,232,60,1.321,BalancedZippelSeparated
fire7_nb0_rank0219,Automatic,1,ok,2812.337,445,2,1,0,0,2305843009213693967:442;2305843009213693973:3,Symbolica_default,cached_powers_Q,228,56,1.287,BalancedZippelSeparated
fire7_nb0_rank0220,Automatic,1,ok,3490.271,543,2,1,0,0,2305843009213693967:540;2305843009213693973:3,Symbolica_default,cached_powers_Q,176,120,1.280,BalancedZippelSeparated
fire7_nb0_rank0221,Automatic,1,ok,3545.331,464,2,1,0,0,2305843009213693967:461;2305843009213693973:3,Symbolica_default,cached_powers_Q,192,102,1.196,BalancedZippelSeparated
fire7_nb0_rank0222,Automatic,1,ok,3865.094,478,2,1,0,0,2305843009213693967:475;2305843009213693973:3,Symbolica_default,cached_powers_Q,176,108,1.773,BalancedZippelSeparated
fire7_nb0_rank0223,Automatic,1,ok,3845.933,478,2,1,0,0,2305843009213693967:475;2305843009213693973:3,Symbolica_default,cached_powers_Q,176,108,1.806,BalancedZippelSeparated
fire7_nb0_rank0224,Automatic,1,ok,4240.186,656,2,1,0,0,2305843009213693967:653;2305843009213693973:3,Symbolica_default,cached_powers_Q,209,100,1.412,BalancedZippelSeparated
fire7_nb0_rank0225,Automatic,1,ok,3889.253,564,2,1,0,0,2305843009213693967:561;2305843009213693973:3,Symbolica_default,cached_powers_Q,209,96,1.232,BalancedZippelSeparated
fire7_nb0_rank0226,Automatic,1,ok,3338.581,515,2,1,0,0,2305843009213693967:512;2305843009213693973:3,Symbolica_default,cached_powers_Q,216,70,1.185,BalancedZippelSeparated
fire7_nb0_rank0227,Automatic,1,ok,3466.201,549,2,1,0,0,2305843009213693967:546;2305843009213693973:3,Symbolica_default,cached_powers_Q,259,40,1.325,BalancedZippelSeparated
fire7_nb0_rank0228,Automatic,1,ok,3575.212,543,2,1,0,0,2305843009213693967:540;2305843009213693973:3,Symbolica_default,cached_powers_Q,176,120,1.312,BalancedZippelSeparated
fire7_nb0_rank0229,Automatic,1,ok,3582.922,461,2,1,0,0,2305843009213693967:458;2305843009213693973:3,Symbolica_default,cached_powers_Q,205,66,1.759,BalancedZippelSeparated
fire7_nb0_rank0230,Automatic,1,ok,4045.245,558,2,1,0,0,2305843009213693967:555;2305843009213693973:3,Symbolica_default,cached_powers_Q,225,75,1.901,BalancedZippelSeparated
fire7_nb0_rank0231,Automatic,1,ok,2794.277,425,2,1,0,0,2305843009213693967:422;2305843009213693973:3,Symbolica_default,cached_powers_Q,189,78,1.786,BalancedZippelSeparated
fire7_nb0_rank0232,Automatic,1,ok,3329.160,523,2,1,0,0,2305843009213693967:520;2305843009213693973:3,Symbolica_default,cached_powers_Q,176,110,1.160,BalancedZippelSeparated
fire7_nb0_rank0233,Automatic,1,ok,2568.115,395,2,1,0,0,2305843009213693967:392;2305843009213693973:3,Symbolica_default,cached_powers_Q,148,126,1.275,BalancedZippelSeparated
fire7_nb0_rank0234,Automatic,1,ok,2577.585,397,2,1,0,0,2305843009213693967:394;2305843009213693973:3,Symbolica_default,cached_powers_Q,179,91,1.090,BalancedZippelSeparated
fire7_nb0_rank0235,Automatic,1,ok,2619.676,433,2,1,0,0,2305843009213693967:430;2305843009213693973:3,Symbolica_default,cached_powers_Q,188,84,1.220,BalancedZippelSeparated
fire7_nb0_rank0236,Automatic,1,ok,3124.979,440,2,1,0,0,2305843009213693967:437;2305843009213693973:3,Symbolica_default,cached_powers_Q,200,77,1.522,BalancedZippelSeparated
fire7_nb0_rank0237,Automatic,1,ok,3385.220,414,2,1,0,0,2305843009213693967:411;2305843009213693973:3,Symbolica_default,cached_powers_Q,153,126,1.772,BalancedZippelSeparated
fire7_nb0_rank0238,Automatic,1,ok,3292.770,455,2,1,0,0,2305843009213693967:452;2305843009213693973:3,Symbolica_default,cached_powers_Q,196,78,1.354,BalancedZippelSeparated
fire7_nb0_rank0239,Automatic,1,ok,3037.528,455,2,1,0,0,2305843009213693967:452;2305843009213693973:3,Symbolica_default,cached_powers_Q,207,72,1.277,BalancedZippelSeparated
fire7_nb0_rank0240,Automatic,1,ok,2917.388,464,2,1,0,0,2305843009213693967:461;2305843009213693973:3,Symbolica_default,cached_powers_Q,192,85,1.241,BalancedZippelSeparated
fire7_nb0_rank0241,Automatic,1,ok,2582.246,388,2,1,0,0,2305843009213693967:385;2305843009213693973:3,Symbolica_default,cached_powers_Q,180,90,1.022,BalancedZippelSeparated
fire7_nb0_rank0242,Automatic,1,ok,3176.309,507,2,1,0,0,2305843009213693967:504;2305843009213693973:3,Symbolica_default,cached_powers_Q,223,55,1.278,BalancedZippelSeparated
fire7_nb0_rank0243,Automatic,1,ok,2615.876,426,2,1,0,0,2305843009213693967:423;2305843009213693973:3,Symbolica_default,cached_powers_Q,140,140,1.202,BalancedZippelSeparated
fire7_nb0_rank0244,Automatic,1,ok,3024.688,426,2,1,0,0,2305843009213693967:423;2305843009213693973:3,Symbolica_default,cached_powers_Q,140,140,1.367,BalancedZippelSeparated
fire7_nb0_rank0245,Automatic,1,ok,4019.014,504,2,1,0,0,2305843009213693967:501;2305843009213693973:3,Symbolica_default,cached_powers_Q,223,55,1.822,BalancedZippelSeparated
fire7_nb0_rank0246,Automatic,1,ok,3177.979,398,2,1,0,0,2305843009213693967:395;2305843009213693973:3,Symbolica_default,cached_powers_Q,207,56,1.753,BalancedZippelSeparated
fire7_nb0_rank0247,Automatic,1,ok,3165.400,496,2,1,0,0,2305843009213693967:493;2305843009213693973:3,Symbolica_default,cached_powers_Q,218,55,1.381,BalancedZippelSeparated
fire7_nb0_rank0248,Automatic,1,ok,2712.577,436,2,1,0,0,2305843009213693967:433;2305843009213693973:3,Symbolica_default,cached_powers_Q,200,56,1.092,BalancedZippelSeparated
fire7_nb0_rank0249,Automatic,1,ok,3052.198,487,2,1,0,0,2305843009213693967:484;2305843009213693973:3,Symbolica_default,cached_powers_Q,205,60,1.118,BalancedZippelSeparated
fire7_nb0_rank0250,Automatic,1,ok,2590.836,407,2,1,0,0,2305843009213693967:404;2305843009213693973:3,Symbolica_default,cached_powers_Q,185,78,1.094,BalancedZippelSeparated
fire7_nb0_rank0251,Automatic,1,ok,2887.877,415,2,1,0,0,2305843009213693967:412;2305843009213693973:3,Symbolica_default,cached_powers_Q,203,56,1.188,BalancedZippelSeparated
fire7_nb0_rank0252,Automatic,1,ok,3654.422,447,2,1,0,0,2305843009213693967:444;2305843009213693973:3,Symbolica_default,cached_powers_Q,170,102,1.786,BalancedZippelSeparated
fire7_nb0_rank0253,Automatic,1,ok,3208.670,495,2,1,0,0,2305843009213693967:492;2305843009213693973:3,Symbolica_default,cached_powers_Q,189,95,1.812,BalancedZippelSeparated
fire7_nb0_rank0254,Automatic,1,ok,2899.977,468,2,1,0,0,2305843009213693967:465;2305843009213693973:3,Symbolica_default,cached_powers_Q,208,70,1.748,BalancedZippelSeparated
fire7_nb0_rank0255,Automatic,1,ok,2807.688,436,2,1,0,0,2305843009213693967:433;2305843009213693973:3,Symbolica_default,cached_powers_Q,192,85,1.118,BalancedZippelSeparated
fire7_nb0_rank0256,Automatic,1,ok,2634.996,410,2,1,0,0,2305843009213693967:407;2305843009213693973:3,Symbolica_default,cached_powers_Q,144,108,1.034,BalancedZippelSeparated
fire7_nb0_rank0257,Automatic,1,ok,3247.150,505,2,1,0,0,2305843009213693967:502;2305843009213693973:3,Symbolica_default,cached_powers_Q,144,125,1.100,BalancedZippelSeparated
fire7_nb0_rank0258,Automatic,1,ok,2374.614,377,2,1,0,0,2305843009213693967:374;2305843009213693973:3,Symbolica_default,cached_powers_Q,133,126,1.175,BalancedZippelSeparated
fire7_nb0_rank0259,Automatic,1,ok,2346.054,353,2,1,0,0,2305843009213693967:350;2305843009213693973:3,Symbolica_default,cached_powers_Q,133,126,1.278,BalancedZippelSeparated
fire7_nb0_rank0260,Automatic,1,ok,2734.896,352,2,1,0,0,2305843009213693967:349;2305843009213693973:3,Symbolica_default,cached_powers_Q,160,84,1.653,BalancedZippelSeparated
fire7_nb0_rank0261,Automatic,1,ok,3092.969,382,2,1,0,0,2305843009213693967:379;2305843009213693973:3,Symbolica_default,cached_powers_Q,180,78,1.698,BalancedZippelSeparated
fire7_nb0_rank0262,Automatic,1,ok,2490.215,361,2,1,0,0,2305843009213693967:358;2305843009213693973:3,Symbolica_default,cached_powers_Q,171,84,1.088,BalancedZippelSeparated
fire7_nb0_rank0263,Automatic,1,ok,2917.228,488,2,1,0,0,2305843009213693967:485;2305843009213693973:3,Symbolica_default,cached_powers_Q,224,45,1.103,BalancedZippelSeparated
fire7_nb0_rank0264,Automatic,1,ok,3264.439,518,2,1,0,0,2305843009213693967:515;2305843009213693973:3,Symbolica_default,cached_powers_Q,154,120,1.296,BalancedZippelSeparated
fire7_nb0_rank0265,Automatic,1,ok,2390.365,402,2,1,0,0,2305843009213693967:399;2305843009213693973:3,Symbolica_default,cached_powers_Q,169,90,1.242,BalancedZippelSeparated
fire7_nb0_rank0266,Automatic,1,ok,3083.248,505,2,1,0,0,2305843009213693967:502;2305843009213693973:3,Symbolica_default,cached_powers_Q,143,125,1.187,BalancedZippelSeparated
fire7_nb0_rank0267,Automatic,1,ok,3067.088,386,2,1,0,0,2305843009213693967:383;2305843009213693973:3,Symbolica_default,cached_powers_Q,142,108,1.681,BalancedZippelSeparated
fire7_nb0_rank0268,Automatic,1,ok,2799.867,355,2,1,0,0,2305843009213693967:352;2305843009213693973:3,Symbolica_default,cached_powers_Q,171,72,1.640,BalancedZippelSeparated
fire7_nb0_rank0269,Automatic,1,ok,3993.214,486,2,1,0,0,2305843009213693967:483;2305843009213693973:3,Symbolica_default,cached_powers_Q,99,162,1.749,BalancedZippelSeparated
fire7_nb0_rank0270,Automatic,1,ok,3118.619,486,2,1,0,0,2305843009213693967:483;2305843009213693973:3,Symbolica_default,cached_powers_Q,99,162,1.224,BalancedZippelSeparated
fire7_nb0_rank0271,Automatic,1,ok,2290.414,379,2,1,0,0,2305843009213693967:376;2305843009213693973:3,Symbolica_default,cached_powers_Q,179,63,1.008,BalancedZippelSeparated
fire7_nb0_rank0272,Automatic,1,ok,2671.816,425,2,1,0,0,2305843009213693967:422;2305843009213693973:3,Symbolica_default,cached_powers_Q,184,70,1.117,BalancedZippelSeparated
fire7_nb0_rank0273,Automatic,1,ok,2824.067,433,2,1,0,0,2305843009213693967:430;2305843009213693973:3,Symbolica_default,cached_powers_Q,207,35,1.387,BalancedZippelSeparated
fire7_nb0_rank0274,Automatic,1,ok,3860.743,489,2,1,0,0,2305843009213693967:486;2305843009213693973:3,Symbolica_default,cached_powers_Q,227,35,1.397,BalancedZippelSeparated
fire7_nb0_rank0275,Automatic,1,ok,4254.235,521,2,1,0,0,2305843009213693967:518;2305843009213693973:3,Symbolica_default,cached_powers_Q,216,55,1.787,BalancedZippelSeparated
fire7_nb0_rank0276,Automatic,1,ok,2735.667,352,2,1,0,0,2305843009213693967:349;2305843009213693973:3,Symbolica_default,cached_powers_Q,179,63,1.633,BalancedZippelSeparated
fire7_nb0_rank0277,Automatic,1,ok,3206.660,415,2,1,0,0,2305843009213693967:412;2305843009213693973:3,Symbolica_default,cached_powers_Q,178,63,1.820,BalancedZippelSeparated
fire7_nb0_rank0278,Automatic,1,ok,3063.479,494,2,1,0,0,2305843009213693967:491;2305843009213693973:3,Symbolica_default,cached_powers_Q,198,65,1.437,BalancedZippelSeparated
fire7_nb0_rank0279,Automatic,1,ok,2949.518,445,2,1,0,0,2305843009213693967:442;2305843009213693973:3,Symbolica_default,cached_powers_Q,209,45,1.414,BalancedZippelSeparated
fire7_nb0_rank0280,Automatic,1,ok,2276.484,382,2,1,0,0,2305843009213693967:379;2305843009213693973:3,Symbolica_default,cached_powers_Q,192,56,1.164,BalancedZippelSeparated
fire7_nb0_rank0281,Automatic,1,ok,2480.785,374,2,1,0,0,2305843009213693967:371;2305843009213693973:3,Symbolica_default,cached_powers_Q,162,84,1.191,BalancedZippelSeparated
fire7_nb0_rank0282,Automatic,1,ok,3208.779,488,2,1,0,0,2305843009213693967:485;2305843009213693973:3,Symbolica_default,cached_powers_Q,96,162,1.031,BalancedZippelSeparated
fire7_nb0_rank0283,Automatic,1,ok,2938.408,447,2,1,0,0,2305843009213693967:444;2305843009213693973:3,Symbolica_default,cached_powers_Q,174,95,1.081,BalancedZippelSeparated
fire7_nb0_rank0284,Automatic,1,ok,3024.889,387,2,1,0,0,2305843009213693967:384;2305843009213693973:3,Symbolica_default,cached_powers_Q,139,108,1.704,BalancedZippelSeparated
fire7_nb0_rank0285,Automatic,1,ok,3061.148,418,2,1,0,0,2305843009213693967:415;2305843009213693973:3,Symbolica_default,cached_powers_Q,166,85,1.082,BalancedZippelSeparated
fire7_nb0_rank0286,Automatic,1,ok,3385.790,431,2,1,0,0,2305843009213693967:428;2305843009213693973:3,Symbolica_default,cached_powers_Q,175,90,1.731,BalancedZippelSeparated
fire7_nb0_rank0287,Automatic,1,ok,2221.503,333,2,1,0,0,2305843009213693967:330;2305843009213693973:3,Symbolica_default,cached_powers_Q,171,64,0.917,BalancedZippelSeparated
fire7_nb0_rank0288,Automatic,1,ok,3165.929,517,2,1,0,0,2305843009213693967:514;2305843009213693973:3,Symbolica_default,cached_powers_Q,198,60,0.995,BalancedZippelSeparated
fire7_nb0_rank0289,Automatic,1,ok,2785.417,450,2,1,0,0,2305843009213693967:447;2305843009213693973:3,Symbolica_default,cached_powers_Q,196,48,1.022,BalancedZippelSeparated
fire7_nb0_rank0290,Automatic,1,ok,3085.659,495,2,1,0,0,2305843009213693967:492;2305843009213693973:3,Symbolica_default,cached_powers_Q,198,65,1.086,BalancedZippelSeparated
fire7_nb0_rank0291,Automatic,1,ok,2746.067,431,2,1,0,0,2305843009213693967:428;2305843009213693973:3,Symbolica_default,cached_powers_Q,175,90,1.242,BalancedZippelSeparated
fire7_nb0_rank0292,Automatic,1,ok,2893.098,373,2,1,0,0,2305843009213693967:370;2305843009213693973:3,Symbolica_default,cached_powers_Q,162,72,1.427,BalancedZippelSeparated
fire7_nb0_rank0293,Automatic,1,ok,2649.416,377,2,1,0,0,2305843009213693967:374;2305843009213693973:3,Symbolica_default,cached_powers_Q,198,40,1.365,BalancedZippelSeparated
fire7_nb0_rank0294,Automatic,1,ok,2916.917,385,2,1,0,0,2305843009213693967:382;2305843009213693973:3,Symbolica_default,cached_powers_Q,173,66,1.623,BalancedZippelSeparated
fire7_nb0_rank0295,Automatic,1,ok,2169.963,372,2,1,0,0,2305843009213693967:369;2305843009213693973:3,Symbolica_default,cached_powers_Q,171,72,1.132,BalancedZippelSeparated
fire7_nb0_rank0296,Automatic,1,ok,2313.374,394,2,1,0,0,2305843009213693967:391;2305843009213693973:3,Symbolica_default,cached_powers_Q,144,102,1.137,BalancedZippelSeparated
fire7_nb0_rank0297,Automatic,1,ok,2301.044,356,2,1,0,0,2305843009213693967:353;2305843009213693973:3,Symbolica_default,cached_powers_Q,179,54,1.357,BalancedZippelSeparated
fire7_nb0_rank0298,Automatic,1,ok,2426.355,395,2,1,0,0,2305843009213693967:392;2305843009213693973:3,Symbolica_default,cached_powers_Q,184,54,1.017,BalancedZippelSeparated
fire7_nb0_rank0299,Automatic,1,ok,3436.780,516,2,1,0,0,2305843009213693967:513;2305843009213693973:3,Symbolica_default,cached_powers_Q,198,60,1.094,BalancedZippelSeparated
fire7_nb0_rank0300,Automatic,1,ok,2912.928,390,2,1,0,0,2305843009213693967:387;2305843009213693973:3,Symbolica_default,cached_powers_Q,184,54,1.442,BalancedZippelSeparated
fire7_nb0_rank0301,Automatic,1,ok,3289.620,445,2,1,0,0,2305843009213693967:442;2305843009213693973:3,Symbolica_default,cached_powers_Q,148,95,1.685,BalancedZippelSeparated
fire7_nb0_rank0302,Automatic,1,ok,3252.840,445,2,1,0,0,2305843009213693967:442;2305843009213693973:3,Symbolica_default,cached_powers_Q,148,95,1.754,BalancedZippelSeparated
fire7_nb0_rank0303,Automatic,1,ok,2517.525,409,2,1,0,0,2305843009213693967:406;2305843009213693973:3,Symbolica_default,cached_powers_Q,168,85,1.300,BalancedZippelSeparated
fire7_nb0_rank0304,Automatic,1,ok,2430.934,374,2,1,0,0,2305843009213693967:371;2305843009213693973:3,Symbolica_default,cached_powers_Q,184,56,1.033,BalancedZippelSeparated
fire7_nb0_rank0305,Automatic,1,ok,1899.972,325,2,1,0,0,2305843009213693967:322;2305843009213693973:3,Symbolica_default,cached_powers_Q,162,64,1.112,BalancedZippelSeparated
fire7_nb0_rank0306,Automatic,1,ok,2452.435,412,2,1,0,0,2305843009213693967:409;2305843009213693973:3,Symbolica_default,cached_powers_Q,165,72,0.997,BalancedZippelSeparated
fire7_nb0_rank0307,Automatic,1,ok,2183.273,375,2,1,0,0,2305843009213693967:372;2305843009213693973:3,Symbolica_default,cached_powers_Q,167,65,1.143,BalancedZippelSeparated
fire7_nb0_rank0308,Automatic,1,ok,3190.160,412,2,1,0,0,2305843009213693967:409;2305843009213693973:3,Symbolica_default,cached_powers_Q,90,154,1.618,BalancedZippelSeparated
fire7_nb0_rank0309,Automatic,1,ok,3010.529,404,2,1,0,0,2305843009213693967:401;2305843009213693973:3,Symbolica_default,cached_powers_Q,152,90,1.606,BalancedZippelSeparated
fire7_nb0_rank0310,Automatic,1,ok,3205.649,446,2,1,0,0,2305843009213693967:443;2305843009213693973:3,Symbolica_default,cached_powers_Q,181,48,1.671,BalancedZippelSeparated
fire7_nb0_rank0311,Automatic,1,ok,2276.614,381,2,1,0,0,2305843009213693967:378;2305843009213693973:3,Symbolica_default,cached_powers_Q,120,108,1.186,BalancedZippelSeparated
fire7_nb0_rank0312,Automatic,1,ok,2352.344,381,2,1,0,0,2305843009213693967:378;2305843009213693973:3,Symbolica_default,cached_powers_Q,120,108,1.004,BalancedZippelSeparated
fire7_nb0_rank0313,Automatic,1,ok,2699.277,451,2,1,0,0,2305843009213693967:448;2305843009213693973:3,Symbolica_default,cached_powers_Q,196,40,1.017,BalancedZippelSeparated
fire7_nb0_rank0314,Automatic,1,ok,2141.903,350,2,1,0,0,2305843009213693967:347;2305843009213693973:3,Symbolica_default,cached_powers_Q,131,108,1.140,BalancedZippelSeparated
fire7_nb0_rank0315,Automatic,1,ok,2654.625,450,2,1,0,0,2305843009213693967:447;2305843009213693973:3,Symbolica_default,cached_powers_Q,153,80,1.080,BalancedZippelSeparated
fire7_nb0_rank0316,Automatic,1,ok,2537.505,403,2,1,0,0,2305843009213693967:400;2305843009213693973:3,Symbolica_default,cached_powers_Q,144,90,0.902,BalancedZippelSeparated
fire7_nb0_rank0317,Automatic,1,ok,3333.600,450,2,1,0,0,2305843009213693967:447;2305843009213693973:3,Symbolica_default,cached_powers_Q,152,80,1.571,BalancedZippelSeparated
fire7_nb0_rank0318,Automatic,1,ok,2578.835,400,2,1,0,0,2305843009213693967:397;2305843009213693973:3,Symbolica_default,cached_powers_Q,175,45,1.475,BalancedZippelSeparated
fire7_nb0_rank0319,Automatic,1,ok,2650.606,395,2,1,0,0,2305843009213693967:392;2305843009213693973:3,Symbolica_default,cached_powers_Q,184,45,1.650,BalancedZippelSeparated
fire7_nb0_rank0320,Automatic,1,ok,2997.288,506,2,1,0,0,2305843009213693967:503;2305843009213693973:3,Symbolica_default,cached_powers_Q,147,96,1.168,BalancedZippelSeparated
fire7_nb0_rank0321,Automatic,1,ok,2625.786,421,2,1,0,0,2305843009213693967:418;2305843009213693973:3,Symbolica_default,cached_powers_Q,150,85,1.028,BalancedZippelSeparated
fire7_nb0_rank0322,Automatic,1,ok,2516.506,421,2,1,0,0,2305843009213693967:418;2305843009213693973:3,Symbolica_default,cached_powers_Q,150,85,1.133,BalancedZippelSeparated
fire7_nb0_rank0323,Automatic,1,ok,2509.535,444,2,1,0,0,2305843009213693967:441;2305843009213693973:3,Symbolica_default,cached_powers_Q,161,72,1.105,BalancedZippelSeparated
fire7_nb0_rank0324,Automatic,1,ok,2290.743,404,2,1,0,0,2305843009213693967:401;2305843009213693973:3,Symbolica_default,cached_powers_Q,195,40,1.115,BalancedZippelSeparated
fire7_nb0_rank0325,Automatic,1,ok,4240.026,534,2,1,0,0,2305843009213693967:531;2305843009213693973:3,Symbolica_default,cached_powers_Q,150,100,1.168,BalancedZippelSeparated
fire7_nb0_rank0326,Automatic,1,ok,3400.381,456,2,1,0,0,2305843009213693967:453;2305843009213693973:3,Symbolica_default,cached_powers_Q,153,80,1.583,BalancedZippelSeparated
fire7_nb0_rank0327,Automatic,1,ok,3600.142,486,2,1,0,0,2305843009213693967:483;2305843009213693973:3,Symbolica_default,cached_powers_Q,147,88,1.606,BalancedZippelSeparated
fire7_nb0_rank0328,Automatic,1,ok,2111.232,332,2,1,0,0,2305843009213693967:329;2305843009213693973:3,Symbolica_default,cached_powers_Q,159,49,1.099,BalancedZippelSeparated
fire7_nb0_rank0329,Automatic,1,ok,2518.335,409,2,1,0,0,2305843009213693967:406;2305843009213693973:3,Symbolica_default,cached_powers_Q,144,85,1.004,BalancedZippelSeparated
fire7_nb0_rank0330,Automatic,1,ok,2209.183,350,2,1,0,0,2305843009213693967:347;2305843009213693973:3,Symbolica_default,cached_powers_Q,152,72,0.846,BalancedZippelSeparated
fire7_nb0_rank0331,Automatic,1,ok,2052.882,321,2,1,0,0,2305843009213693967:318;2305843009213693973:3,Symbolica_default,cached_powers_Q,171,40,1.300,BalancedZippelSeparated
fire7_nb0_rank0332,Automatic,1,ok,2217.573,369,2,1,0,0,2305843009213693967:366;2305843009213693973:3,Symbolica_default,cached_powers_Q,135,90,0.949,BalancedZippelSeparated
fire7_nb0_rank0333,Automatic,1,ok,3478.321,454,2,1,0,0,2305843009213693967:451;2305843009213693973:3,Symbolica_default,cached_powers_Q,122,120,1.601,BalancedZippelSeparated
fire7_nb0_rank0334,Automatic,1,ok,2710.056,375,2,1,0,0,2305843009213693967:372;2305843009213693973:3,Symbolica_default,cached_powers_Q,156,65,1.594,BalancedZippelSeparated
fire7_nb0_rank0335,Automatic,1,ok,2793.317,378,2,1,0,0,2305843009213693967:375;2305843009213693973:3,Symbolica_default,cached_powers_Q,120,90,1.546,BalancedZippelSeparated
fire7_nb0_rank0336,Automatic,1,ok,2446.915,393,2,1,0,0,2305843009213693967:390;2305843009213693973:3,Symbolica_default,cached_powers_Q,174,60,1.007,BalancedZippelSeparated
fire7_nb0_rank0337,Automatic,1,ok,3373.571,522,2,1,0,0,2305843009213693967:519;2305843009213693973:3,Symbolica_default,cached_powers_Q,144,100,1.185,BalancedZippelSeparated
fire7_nb0_rank0338,Automatic,1,ok,23936.715,323,2,1,0,0,2305843009213693967:320;2305843009213693973:3,Symbolica_default,cached_powers_Q,135,78,1.568,BalancedZippelSeparated
fire7_nb0_rank0339,Automatic,1,ok,15503.574,330,2,1,0,0,2305843009213693967:327;2305843009213693973:3,Symbolica_default,cached_powers_Q,160,56,1.211,BalancedZippelSeparated
fire7_nb0_rank0340,Automatic,1,ok,21655.531,413,2,1,0,0,2305843009213693967:410;2305843009213693973:3,Symbolica_default,cached_powers_Q,175,55,1.630,BalancedZippelSeparated
fire7_nb0_rank0341,Automatic,1,ok,18065.730,378,2,1,0,0,2305843009213693967:375;2305843009213693973:3,Symbolica_default,cached_powers_Q,166,42,1.177,BalancedZippelSeparated
fire7_nb0_rank0342,Automatic,1,ok,3090.469,432,2,1,0,0,2305843009213693967:429;2305843009213693973:3,Symbolica_default,cached_powers_Q,186,40,1.528,BalancedZippelSeparated
fire7_nb0_rank0343,Automatic,1,ok,17444.245,406,2,1,0,0,2305843009213693967:403;2305843009213693973:3,Symbolica_default,cached_powers_Q,181,30,1.392,BalancedZippelSeparated
fire7_nb0_rank0344,Automatic,1,ok,2782.056,367,2,1,0,0,2305843009213693967:364;2305843009213693973:3,Symbolica_default,cached_powers_Q,80,140,1.573,BalancedZippelSeparated
fire7_nb0_rank0345,Automatic,1,ok,3072.398,420,2,1,0,0,2305843009213693967:417;2305843009213693973:3,Symbolica_default,cached_powers_Q,147,72,1.540,BalancedZippelSeparated
fire7_nb0_rank0346,Automatic,1,ok,1952.892,308,2,1,0,0,2305843009213693967:305;2305843009213693973:3,Symbolica_default,cached_powers_Q,162,40,1.332,BalancedZippelSeparated
fire7_nb0_rank0347,Automatic,1,ok,2589.286,432,2,1,0,0,2305843009213693967:429;2305843009213693973:3,Symbolica_default,cached_powers_Q,186,40,0.962,BalancedZippelSeparated
fire7_nb0_rank0348,Automatic,1,ok,1919.341,334,2,1,0,0,2305843009213693967:331;2305843009213693973:3,Symbolica_default,cached_powers_Q,152,56,0.914,BalancedZippelSeparated
fire7_nb0_rank0349,Automatic,1,ok,1957.392,325,2,1,0,0,2305843009213693967:322;2305843009213693973:3,Symbolica_default,cached_powers_Q,152,54,0.792,BalancedZippelSeparated
fire7_nb0_rank0350,Automatic,1,ok,1794.541,322,2,1,0,0,2305843009213693967:319;2305843009213693973:3,Symbolica_default,cached_powers_Q,152,56,0.999,BalancedZippelSeparated
fire7_nb0_rank0351,Automatic,1,ok,2356.754,410,2,1,0,0,2305843009213693967:407;2305843009213693973:3,Symbolica_default,cached_powers_Q,154,75,1.471,BalancedZippelSeparated
fire7_nb0_rank0352,Automatic,1,ok,3050.248,426,2,1,0,0,2305843009213693967:423;2305843009213693973:3,Symbolica_default,cached_powers_Q,157,68,1.517,BalancedZippelSeparated
fire7_nb0_rank0353,Automatic,1,ok,2955.918,373,2,1,0,0,2305843009213693967:370;2305843009213693973:3,Symbolica_default,cached_powers_Q,120,90,1.326,BalancedZippelSeparated
fire7_nb0_rank0354,Automatic,1,ok,2517.475,329,2,1,0,0,2305843009213693967:326;2305843009213693973:3,Symbolica_default,cached_powers_Q,171,35,1.722,BalancedZippelSeparated
fire7_nb0_rank0355,Automatic,1,ok,2857.638,466,2,1,0,0,2305843009213693967:463;2305843009213693973:3,Symbolica_default,cached_powers_Q,119,100,0.951,BalancedZippelSeparated
fire7_nb0_rank0356,Automatic,1,ok,2502.455,423,2,1,0,0,2305843009213693967:420;2305843009213693973:3,Symbolica_default,cached_powers_Q,150,68,0.949,BalancedZippelSeparated
fire7_nb0_rank0357,Automatic,1,ok,1666.790,302,2,1,0,0,2305843009213693967:299;2305843009213693973:3,Symbolica_default,cached_powers_Q,126,84,1.025,BalancedZippelSeparated
fire7_nb0_rank0358,Automatic,1,ok,2248.674,388,2,1,0,0,2305843009213693967:385;2305843009213693973:3,Symbolica_default,cached_powers_Q,174,24,1.072,BalancedZippelSeparated
fire7_nb0_rank0359,Automatic,1,ok,2014.662,377,2,1,0,0,2305843009213693967:374;2305843009213693973:3,Symbolica_default,cached_powers_Q,144,60,1.012,BalancedZippelSeparated
fire7_nb0_rank0360,Automatic,1,ok,2099.583,363,2,1,0,0,2305843009213693967:360;2305843009213693973:3,Symbolica_default,cached_powers_Q,158,45,1.196,BalancedZippelSeparated
fire7_nb0_rank0361,Automatic,1,ok,2532.886,337,2,1,0,0,2305843009213693967:334;2305843009213693973:3,Symbolica_default,cached_powers_Q,135,70,0.779,BalancedZippelSeparated
fire7_nb0_rank0362,Automatic,1,ok,2355.504,330,2,1,0,0,2305843009213693967:327;2305843009213693973:3,Symbolica_default,cached_powers_Q,144,60,1.469,BalancedZippelSeparated
fire7_nb0_rank0363,Automatic,1,ok,2977.348,411,2,1,0,0,2305843009213693967:408;2305843009213693973:3,Symbolica_default,cached_powers_Q,144,68,1.530,BalancedZippelSeparated
fire7_nb0_rank0364,Automatic,1,ok,2791.156,362,2,1,0,0,2305843009213693967:359;2305843009213693973:3,Symbolica_default,cached_powers_Q,154,52,1.260,BalancedZippelSeparated
fire7_nb0_rank0365,Automatic,1,ok,2328.124,400,2,1,0,0,2305843009213693967:397;2305843009213693973:3,Symbolica_default,cached_powers_Q,187,25,1.364,BalancedZippelSeparated
fire7_nb0_rank0366,Automatic,1,ok,2223.323,356,2,1,0,0,2305843009213693967:353;2305843009213693973:3,Symbolica_default,cached_powers_Q,72,140,0.844,BalancedZippelSeparated
fire7_nb0_rank0367,Automatic,1,ok,1829.861,339,2,1,0,0,2305843009213693967:336;2305843009213693973:3,Symbolica_default,cached_powers_Q,144,60,0.964,BalancedZippelSeparated
fire7_nb0_rank0368,Automatic,1,ok,2567.336,438,2,1,0,0,2305843009213693967:435;2305843009213693973:3,Symbolica_default,cached_powers_Q,186,28,1.261,BalancedZippelSeparated
fire7_nb0_rank0369,Automatic,1,ok,1891.791,356,2,1,0,0,2305843009213693967:353;2305843009213693973:3,Symbolica_default,cached_powers_Q,139,65,0.996,BalancedZippelSeparated
fire7_nb0_rank0370,Automatic,1,ok,1990.702,351,2,1,0,0,2305843009213693967:348;2305843009213693973:3,Symbolica_default,cached_powers_Q,164,40,0.909,BalancedZippelSeparated
fire7_nb0_rank0371,Automatic,1,ok,2290.084,357,2,1,0,0,2305843009213693967:354;2305843009213693973:3,Symbolica_default,cached_powers_Q,148,55,0.819,BalancedZippelSeparated
fire7_nb0_rank0372,Automatic,1,ok,2705.887,372,2,1,0,0,2305843009213693967:369;2305843009213693973:3,Symbolica_default,cached_powers_Q,119,90,1.451,BalancedZippelSeparated
fire7_nb0_rank0373,Automatic,1,ok,2289.204,323,2,1,0,0,2305843009213693967:320;2305843009213693973:3,Symbolica_default,cached_powers_Q,152,48,1.444,BalancedZippelSeparated
fire7_nb0_rank0374,Automatic,1,ok,3383.380,428,2,1,0,0,2305843009213693967:425;2305843009213693973:3,Symbolica_default,cached_powers_Q,179,36,2.115,BalancedZippelSeparated
fire7_nb0_rank0375,Automatic,1,ok,2515.175,343,2,1,0,0,2305843009213693967:340;2305843009213693973:3,Symbolica_default,cached_powers_Q,147,60,1.502,BalancedZippelSeparated
fire7_nb0_rank0376,Automatic,1,ok,1911.362,360,2,1,0,0,2305843009213693967:357;2305843009213693973:3,Symbolica_default,cached_powers_Q,151,45,1.021,BalancedZippelSeparated
fire7_nb0_rank0377,Automatic,1,ok,2568.966,430,2,1,0,0,2305843009213693967:427;2305843009213693973:3,Symbolica_default,cached_powers_Q,180,28,1.266,BalancedZippelSeparated
fire7_nb0_rank0378,Automatic,1,ok,2296.214,353,2,1,0,0,2305843009213693967:350;2305843009213693973:3,Symbolica_default,cached_powers_Q,147,60,0.998,BalancedZippelSeparated
fire7_nb0_rank0379,Automatic,1,ok,1847.971,321,2,1,0,0,2305843009213693967:318;2305843009213693973:3,Symbolica_default,cached_powers_Q,152,48,0.924,BalancedZippelSeparated
fire7_nb0_rank0380,Automatic,1,ok,1884.881,315,2,1,0,0,2305843009213693967:312;2305843009213693973:3,Symbolica_default,cached_powers_Q,144,60,0.888,BalancedZippelSeparated
fire7_nb0_rank0381,Automatic,1,ok,2179.713,371,2,1,0,0,2305843009213693967:368;2305843009213693973:3,Symbolica_default,cached_powers_Q,125,85,0.911,BalancedZippelSeparated
fire7_nb0_rank0382,Automatic,1,ok,1590.500,286,2,1,0,0,2305843009213693967:283;2305843009213693973:3,Symbolica_default,cached_powers_Q,97,98,0.945,BalancedZippelSeparated
fire7_nb0_rank0383,Automatic,1,ok,1761.561,299,2,1,0,0,2305843009213693967:296;2305843009213693973:3,Symbolica_default,cached_powers_Q,140,54,1.006,BalancedZippelSeparated
fire7_nb0_rank0384,Automatic,1,ok,3299.480,444,2,1,0,0,2305843009213693967:441;2305843009213693973:3,Symbolica_default,cached_powers_Q,179,36,1.747,BalancedZippelSeparated
fire7_nb0_rank0385,Automatic,1,ok,3319.291,428,2,1,0,0,2305843009213693967:425;2305843009213693973:3,Symbolica_default,cached_powers_Q,87,125,1.147,BalancedZippelSeparated
fire7_nb0_rank0386,Automatic,1,ok,2340.824,315,2,1,0,0,2305843009213693967:312;2305843009213693973:3,Symbolica_default,cached_powers_Q,148,42,1.415,BalancedZippelSeparated
fire7_nb0_rank0387,Automatic,1,ok,3176.769,428,2,1,0,0,2305843009213693967:425;2305843009213693973:3,Symbolica_default,cached_powers_Q,87,125,1.480,BalancedZippelSeparated
fire7_nb0_rank0388,Automatic,1,ok,2111.953,368,2,1,0,0,2305843009213693967:365;2305843009213693973:3,Symbolica_default,cached_powers_Q,101,100,1.096,BalancedZippelSeparated
fire7_nb0_rank0389,Automatic,1,ok,2022.352,354,2,1,0,0,2305843009213693967:351;2305843009213693973:3,Symbolica_default,cached_powers_Q,101,100,1.026,BalancedZippelSeparated
fire7_nb0_rank0390,Automatic,1,ok,2269.484,382,2,1,0,0,2305843009213693967:379;2305843009213693973:3,Symbolica_default,cached_powers_Q,112,100,0.905,BalancedZippelSeparated
fire7_nb0_rank0391,Automatic,1,ok,3321.401,541,2,1,0,0,2305843009213693967:538;2305843009213693973:3,Symbolica_default,cached_powers_Q,164,66,0.847,BalancedZippelSeparated
fire7_nb0_rank0392,Automatic,1,ok,1689.410,321,2,1,0,0,2305843009213693967:318;2305843009213693973:3,Symbolica_default,cached_powers_Q,144,45,1.012,BalancedZippelSeparated
fire7_nb0_rank0393,Automatic,1,ok,2773.076,405,2,1,0,0,2305843009213693967:402;2305843009213693973:3,Symbolica_default,cached_powers_Q,161,32,1.263,BalancedZippelSeparated
fire7_nb0_rank0394,Automatic,1,ok,2507.375,315,2,1,0,0,2305843009213693967:312;2305843009213693973:3,Symbolica_default,cached_powers_Q,160,35,1.703,BalancedZippelSeparated
fire7_nb0_rank0395,Automatic,1,ok,2663.226,383,2,1,0,0,2305843009213693967:380;2305843009213693973:3,Symbolica_default,cached_powers_Q,169,35,1.474,BalancedZippelSeparated
fire7_nb0_rank0396,Automatic,1,ok,2320.304,327,2,1,0,0,2305843009213693967:324;2305843009213693973:3,Symbolica_default,cached_powers_Q,135,60,1.428,BalancedZippelSeparated
fire7_nb0_rank0397,Automatic,1,ok,2447.634,420,2,1,0,0,2305843009213693967:417;2305843009213693973:3,Symbolica_default,cached_powers_Q,175,28,1.279,BalancedZippelSeparated
fire7_nb0_rank0398,Automatic,1,ok,2219.824,378,2,1,0,0,2305843009213693967:375;2305843009213693973:3,Symbolica_default,cached_powers_Q,173,30,0.780,BalancedZippelSeparated
fire7_nb0_rank0399,Automatic,1,ok,2083.622,368,2,1,0,0,2305843009213693967:365;2305843009213693973:3,Symbolica_default,cached_powers_Q,152,48,0.897,BalancedZippelSeparated
fire7_nb0_rank0400,Automatic,1,ok,1649.550,285,2,1,0,0,2305843009213693967:282;2305843009213693973:3,Symbolica_default,cached_powers_Q,136,56,0.848,BalancedZippelSeparated
fire7_nb0_rank0401,Automatic,1,ok,1598.150,272,2,1,0,0,2305843009213693967:269;2305843009213693973:3,Symbolica_default,cached_powers_Q,126,63,0.814,BalancedZippelSeparated
fire7_nb0_rank0402,Automatic,1,ok,1971.372,384,2,1,0,0,2305843009213693967:381;2305843009213693973:3,Symbolica_default,cached_powers_Q,126,72,0.948,BalancedZippelSeparated
fire7_nb0_rank0403,Automatic,1,ok,1591.050,271,2,1,0,0,2305843009213693967:268;2305843009213693973:3,Symbolica_default,cached_powers_Q,134,49,1.095,BalancedZippelSeparated
fire7_nb0_rank0404,Automatic,1,ok,1863.651,348,2,1,0,0,2305843009213693967:345;2305843009213693973:3,Symbolica_default,cached_powers_Q,154,48,1.023,BalancedZippelSeparated
fire7_nb0_rank0405,Automatic,1,ok,1939.902,286,2,1,0,0,2305843009213693967:283;2305843009213693973:3,Symbolica_default,cached_powers_Q,134,49,0.836,BalancedZippelSeparated
fire7_nb0_rank0406,Automatic,1,ok,2567.906,364,2,1,0,0,2305843009213693967:361;2305843009213693973:3,Symbolica_default,cached_powers_Q,160,36,1.271,BalancedZippelSeparated
fire7_nb0_rank0407,Automatic,1,ok,1880.451,266,2,1,0,0,2305843009213693967:263;2305843009213693973:3,Symbolica_default,cached_powers_Q,126,63,1.369,BalancedZippelSeparated
fire7_nb0_rank0408,Automatic,1,ok,2438.205,358,2,1,0,0,2305843009213693967:355;2305843009213693973:3,Symbolica_default,cached_powers_Q,125,75,1.205,BalancedZippelSeparated
fire7_nb0_rank0409,Automatic,1,ok,2518.465,301,2,1,0,0,2305843009213693967:298;2305843009213693973:3,Symbolica_default,cached_powers_Q,152,35,1.487,BalancedZippelSeparated
fire7_nb0_rank0410,Automatic,1,ok,3126.699,466,2,1,0,0,2305843009213693967:463;2305843009213693973:3,Symbolica_default,cached_powers_Q,143,60,0.796,BalancedZippelSeparated
fire7_nb0_rank0411,Automatic,1,ok,1772.561,270,2,1,0,0,2305843009213693967:267;2305843009213693973:3,Symbolica_default,cached_powers_Q,99,84,0.730,BalancedZippelSeparated
fire7_nb0_rank0412,Automatic,1,ok,2106.033,340,2,1,0,0,2305843009213693967:337;2305843009213693973:3,Symbolica_default,cached_powers_Q,154,48,0.763,BalancedZippelSeparated
fire7_nb0_rank0413,Automatic,1,ok,1767.591,329,2,1,0,0,2305843009213693967:326;2305843009213693973:3,Symbolica_default,cached_powers_Q,143,40,0.973,BalancedZippelSeparated
fire7_nb0_rank0414,Automatic,1,ok,2625.626,382,2,1,0,0,2305843009213693967:379;2305843009213693973:3,Symbolica_default,cached_powers_Q,119,76,1.434,BalancedZippelSeparated
fire7_nb0_rank0415,Automatic,1,ok,2216.744,289,2,1,0,0,2305843009213693967:286;2305843009213693973:3,Symbolica_default,cached_powers_Q,144,35,1.676,BalancedZippelSeparated
fire7_nb0_rank0416,Automatic,1,ok,2251.874,295,2,1,0,0,2305843009213693967:292;2305843009213693973:3,Symbolica_default,cached_powers_Q,152,28,1.659,BalancedZippelSeparated
fire7_nb0_rank0417,Automatic,1,ok,2101.753,358,2,1,0,0,2305843009213693967:355;2305843009213693973:3,Symbolica_default,cached_powers_Q,161,28,1.211,BalancedZippelSeparated
fire7_nb0_rank0418,Automatic,1,ok,1684.120,287,2,1,0,0,2305843009213693967:284;2305843009213693973:3,Symbolica_default,cached_powers_Q,128,45,0.946,BalancedZippelSeparated
fire7_nb0_rank0419,Automatic,1,ok,1499.929,268,2,1,0,0,2305843009213693967:265;2305843009213693973:3,Symbolica_default,cached_powers_Q,97,84,0.981,BalancedZippelSeparated
fire7_nb0_rank0420,Automatic,1,ok,1790.411,337,2,1,0,0,2305843009213693967:334;2305843009213693973:3,Symbolica_default,cached_powers_Q,125,68,0.976,BalancedZippelSeparated
fire7_nb0_rank0421,Automatic,1,ok,2230.284,328,2,1,0,0,2305843009213693967:325;2305843009213693973:3,Symbolica_default,cached_powers_Q,146,35,1.268,BalancedZippelSeparated
fire7_nb0_rank0422,Automatic,1,ok,20133.502,264,2,1,0,0,2305843009213693967:261;2305843009213693973:3,Symbolica_default,cached_powers_Q,104,72,1.231,BalancedZippelSeparated
fire7_nb0_rank0423,Automatic,1,ok,14424.238,304,2,1,0,0,2305843009213693967:301;2305843009213693973:3,Symbolica_default,cached_powers_Q,112,70,1.074,BalancedZippelSeparated
fire7_nb0_rank0424,Automatic,1,ok,21844.832,283,2,1,0,0,2305843009213693967:280;2305843009213693973:3,Symbolica_default,cached_powers_Q,144,28,1.686,BalancedZippelSeparated
fire7_nb0_rank0425,Automatic,1,ok,16649.531,449,2,1,0,0,2305843009213693967:446;2305843009213693973:3,Symbolica_default,cached_powers_Q,143,54,1.118,BalancedZippelSeparated
fire7_nb0_rank0426,Automatic,1,ok,21960.983,325,2,1,0,0,2305843009213693967:322;2305843009213693973:3,Symbolica_default,cached_powers_Q,119,72,1.261,BalancedZippelSeparated
fire7_nb0_rank0427,Automatic,1,ok,14685.439,269,2,1,0,0,2305843009213693967:266;2305843009213693973:3,Symbolica_default,cached_powers_Q,99,72,0.917,BalancedZippelSeparated
fire7_nb0_rank0428,Automatic,1,ok,21361.470,301,2,1,0,0,2305843009213693967:298;2305843009213693973:3,Symbolica_default,cached_powers_Q,147,30,1.302,BalancedZippelSeparated
fire7_nb0_rank0429,Automatic,1,ok,17856.988,442,2,1,0,0,2305843009213693967:439;2305843009213693973:3,Symbolica_default,cached_powers_Q,131,60,0.970,BalancedZippelSeparated
fire7_nb0_rank0430,Automatic,1,ok,17403.365,388,2,1,0,0,2305843009213693967:385;2305843009213693973:3,Symbolica_default,cached_powers_Q,114,80,1.406,BalancedZippelSeparated
fire7_nb0_rank0431,Automatic,1,ok,18047.840,347,2,1,0,0,2305843009213693967:344;2305843009213693973:3,Symbolica_default,cached_powers_Q,85,100,0.976,BalancedZippelSeparated
fire7_nb0_rank0432,Automatic,1,ok,17072.033,350,2,1,0,0,2305843009213693967:347;2305843009213693973:3,Symbolica_default,cached_powers_Q,137,35,1.104,BalancedZippelSeparated
fire7_nb0_rank0433,Automatic,1,ok,20319.383,325,2,1,0,0,2305843009213693967:322;2305843009213693973:3,Symbolica_default,cached_powers_Q,140,36,0.975,BalancedZippelSeparated
fire7_nb0_rank0434,Automatic,1,ok,17373.745,428,2,1,0,0,2305843009213693967:425;2305843009213693973:3,Symbolica_default,cached_powers_Q,126,60,0.755,BalancedZippelSeparated
fire7_nb0_rank0435,Automatic,1,ok,35986.127,365,2,1,0,0,2305843009213693967:362;2305843009213693973:3,Symbolica_default,cached_powers_Q,143,44,1.261,BalancedZippelSeparated
fire7_nb0_rank0436,Automatic,1,ok,17731.897,283,2,1,0,0,2305843009213693967:280;2305843009213693973:3,Symbolica_default,cached_powers_Q,112,65,0.851,BalancedZippelSeparated
fire7_nb0_rank0437,Automatic,1,ok,22962.068,340,2,1,0,0,2305843009213693967:337;2305843009213693973:3,Symbolica_default,cached_powers_Q,156,28,1.394,BalancedZippelSeparated
fire7_nb0_rank0438,Automatic,1,ok,17150.714,256,2,1,0,0,2305843009213693967:253;2305843009213693973:3,Symbolica_default,cached_powers_Q,119,48,0.929,BalancedZippelSeparated
fire7_nb0_rank0439,Automatic,1,ok,19021.665,354,2,1,0,0,2305843009213693967:351;2305843009213693973:3,Symbolica_default,cached_powers_Q,131,56,1.083,BalancedZippelSeparated
fire7_nb0_rank0440,Automatic,1,ok,16215.118,352,2,1,0,0,2305843009213693967:349;2305843009213693973:3,Symbolica_default,cached_powers_Q,126,60,0.751,BalancedZippelSeparated
fire7_nb0_rank0441,Automatic,1,ok,16770.591,289,2,1,0,0,2305843009213693967:286;2305843009213693973:3,Symbolica_default,cached_powers_Q,119,60,0.903,BalancedZippelSeparated
fire7_nb0_rank0442,Automatic,1,ok,20590.174,283,2,1,0,0,2305843009213693967:280;2305843009213693973:3,Symbolica_default,cached_powers_Q,112,65,1.201,BalancedZippelSeparated
fire7_nb0_rank0443,Automatic,1,ok,16967.043,306,2,1,0,0,2305843009213693967:303;2305843009213693973:3,Symbolica_default,cached_powers_Q,139,30,1.226,BalancedZippelSeparated
fire7_nb0_rank0444,Automatic,1,ok,22064.013,320,2,1,0,0,2305843009213693967:317;2305843009213693973:3,Symbolica_default,cached_powers_Q,126,56,1.243,BalancedZippelSeparated
fire7_nb0_rank0445,Automatic,1,ok,17585.486,423,2,1,0,0,2305843009213693967:420;2305843009213693973:3,Symbolica_default,cached_powers_Q,132,54,0.942,BalancedZippelSeparated
fire7_nb0_rank0446,Automatic,1,ok,22734.398,269,2,1,0,0,2305843009213693967:266;2305843009213693973:3,Symbolica_default,cached_powers_Q,117,49,1.638,BalancedZippelSeparated
fire7_nb0_rank0447,Automatic,1,ok,17268.344,365,2,1,0,0,2305843009213693967:362;2305843009213693973:3,Symbolica_default,cached_powers_Q,138,42,0.792,BalancedZippelSeparated
fire7_nb0_rank0448,Automatic,1,ok,18836.183,325,2,1,0,0,2305843009213693967:322;2305843009213693973:3,Symbolica_default,cached_powers_Q,133,52,0.761,BalancedZippelSeparated
fire7_nb0_rank0449,Automatic,1,ok,15987.987,337,2,1,0,0,2305843009213693967:334;2305843009213693973:3,Symbolica_default,cached_powers_Q,93,90,0.929,BalancedZippelSeparated
fire7_nb0_rank0450,Automatic,1,ok,15138.191,278,2,1,0,0,2305843009213693967:275;2305843009213693973:3,Symbolica_default,cached_powers_Q,119,60,0.945,BalancedZippelSeparated
fire7_nb0_rank0451,Automatic,1,ok,4120.564,297,2,1,0,0,2305843009213693967:294;2305843009213693973:3,Symbolica_default,cached_powers_Q,80,108,0.983,BalancedZippelSeparated
fire7_nb0_rank0452,Automatic,1,ok,17330.065,380,2,1,0,0,2305843009213693967:377;2305843009213693973:3,Symbolica_default,cached_powers_Q,108,80,0.777,BalancedZippelSeparated
fire7_nb0_rank0453,Automatic,1,ok,20914.616,242,2,1,0,0,2305843009213693967:239;2305843009213693973:3,Symbolica_default,cached_powers_Q,79,84,0.887,BalancedZippelSeparated
fire7_nb0_rank0454,Automatic,1,ok,14827.309,352,2,1,0,0,2305843009213693967:349;2305843009213693973:3,Symbolica_default,cached_powers_Q,138,36,0.952,BalancedZippelSeparated
fire7_nb0_rank0455,Automatic,1,ok,1819.130,311,2,1,0,0,2305843009213693967:308;2305843009213693973:3,Symbolica_default,cached_powers_Q,126,56,0.928,BalancedZippelSeparated
fire7_nb0_rank0456,Automatic,1,ok,1553.470,268,2,1,0,0,2305843009213693967:265;2305843009213693973:3,Symbolica_default,cached_powers_Q,122,42,1.036,BalancedZippelSeparated
fire7_nb0_rank0457,Automatic,1,ok,1696.021,270,2,1,0,0,2305843009213693967:267;2305843009213693973:3,Symbolica_default,cached_powers_Q,88,78,0.687,BalancedZippelSeparated
fire7_nb0_rank0458,Automatic,1,ok,1823.281,303,2,1,0,0,2305843009213693967:300;2305843009213693973:3,Symbolica_default,cached_powers_Q,97,90,0.714,BalancedZippelSeparated
fire7_nb0_rank0459,Automatic,1,ok,1851.291,322,2,1,0,0,2305843009213693967:319;2305843009213693973:3,Symbolica_default,cached_powers_Q,124,52,0.898,BalancedZippelSeparated
fire7_nb0_rank0460,Automatic,1,ok,2143.793,316,2,1,0,0,2305843009213693967:313;2305843009213693973:3,Symbolica_default,cached_powers_Q,111,65,1.281,BalancedZippelSeparated
fire7_nb0_rank0461,Automatic,1,ok,1573.940,227,2,1,0,0,2305843009213693967:224;2305843009213693973:3,Symbolica_default,cached_powers_Q,90,70,1.110,BalancedZippelSeparated
fire7_nb0_rank0462,Automatic,1,ok,2558.005,364,2,1,0,0,2305843009213693967:361;2305843009213693973:3,Symbolica_default,cached_powers_Q,113,68,0.807,BalancedZippelSeparated
fire7_nb0_rank0463,Automatic,1,ok,1850.611,266,2,1,0,0,2305843009213693967:263;2305843009213693973:3,Symbolica_default,cached_powers_Q,88,78,1.266,BalancedZippelSeparated
fire7_nb0_rank0464,Automatic,1,ok,2042.143,322,2,1,0,0,2305843009213693967:319;2305843009213693973:3,Symbolica_default,cached_powers_Q,119,52,0.703,BalancedZippelSeparated
fire7_nb0_rank0465,Automatic,1,ok,1888.122,348,2,1,0,0,2305843009213693967:345;2305843009213693973:3,Symbolica_default,cached_powers_Q,133,44,0.877,BalancedZippelSeparated
fire7_nb0_rank0466,Automatic,1,ok,1742.590,328,2,1,0,0,2305843009213693967:325;2305843009213693973:3,Symbolica_default,cached_powers_Q,90,95,0.953,BalancedZippelSeparated
fire7_nb0_rank0467,Automatic,1,ok,1719.691,267,2,1,0,0,2305843009213693967:264;2305843009213693973:3,Symbolica_default,cached_powers_Q,111,54,0.968,BalancedZippelSeparated
fire7_nb0_rank0468,Automatic,1,ok,1852.301,263,2,1,0,0,2305843009213693967:260;2305843009213693973:3,Symbolica_default,cached_powers_Q,119,42,0.820,BalancedZippelSeparated
fire7_nb0_rank0469,Automatic,1,ok,2738.297,422,2,1,0,0,2305843009213693967:419;2305843009213693973:3,Symbolica_default,cached_powers_Q,130,63,0.837,BalancedZippelSeparated
fire7_nb0_rank0470,Automatic,1,ok,2007.242,281,2,1,0,0,2305843009213693967:278;2305843009213693973:3,Symbolica_default,cached_powers_Q,126,45,1.093,BalancedZippelSeparated
fire7_nb0_rank0471,Automatic,1,ok,2154.093,334,2,1,0,0,2305843009213693967:331;2305843009213693973:3,Symbolica_default,cached_powers_Q,144,32,1.310,BalancedZippelSeparated
fire7_nb0_rank0472,Automatic,1,ok,2865.057,425,2,1,0,0,2305843009213693967:422;2305843009213693973:3,Symbolica_default,cached_powers_Q,124,66,1.288,BalancedZippelSeparated
fire7_nb0_rank0473,Automatic,1,ok,2059.122,308,2,1,0,0,2305843009213693967:305;2305843009213693973:3,Symbolica_default,cached_powers_Q,119,56,1.285,BalancedZippelSeparated
fire7_nb0_rank0474,Automatic,1,ok,1647.640,285,2,1,0,0,2305843009213693967:282;2305843009213693973:3,Symbolica_default,cached_powers_Q,111,60,0.872,BalancedZippelSeparated
fire7_nb0_rank0475,Automatic,1,ok,1735.681,334,2,1,0,0,2305843009213693967:331;2305843009213693973:3,Symbolica_default,cached_powers_Q,126,45,0.922,BalancedZippelSeparated
fire7_nb0_rank0476,Automatic,1,ok,1744.720,305,2,1,0,0,2305843009213693967:302;2305843009213693973:3,Symbolica_default,cached_powers_Q,125,48,0.668,BalancedZippelSeparated
fire7_nb0_rank0477,Automatic,1,ok,1746.701,318,2,1,0,0,2305843009213693967:315;2305843009213693973:3,Symbolica_default,cached_powers_Q,91,90,0.952,BalancedZippelSeparated
fire7_nb0_rank0478,Automatic,1,ok,2114.003,294,2,1,0,0,2305843009213693967:291;2305843009213693973:3,Symbolica_default,cached_powers_Q,91,90,1.315,BalancedZippelSeparated
fire7_nb0_rank0479,Automatic,1,ok,2215.953,318,2,1,0,0,2305843009213693967:315;2305843009213693973:3,Symbolica_default,cached_powers_Q,91,90,1.351,BalancedZippelSeparated
fire7_nb0_rank0480,Automatic,1,ok,19518.597,259,2,1,0,0,2305843009213693967:256;2305843009213693973:3,Symbolica_default,cached_powers_Q,96,72,0.693,BalancedZippelSeparated
fire7_nb0_rank0481,Automatic,1,ok,1715.400,258,2,1,0,0,2305843009213693967:255;2305843009213693973:3,Symbolica_default,cached_powers_Q,104,65,0.706,BalancedZippelSeparated
fire7_nb0_rank0482,Automatic,1,ok,1950.502,339,2,1,0,0,2305843009213693967:336;2305843009213693973:3,Symbolica_default,cached_powers_Q,67,100,0.774,BalancedZippelSeparated
fire7_nb0_rank0483,Automatic,1,ok,1907.171,339,2,1,0,0,2305843009213693967:336;2305843009213693973:3,Symbolica_default,cached_powers_Q,67,100,0.803,BalancedZippelSeparated
fire7_nb0_rank0484,Automatic,1,ok,1933.512,346,2,1,0,0,2305843009213693967:343;2305843009213693973:3,Symbolica_default,cached_powers_Q,126,42,0.801,BalancedZippelSeparated
fire7_nb0_rank0485,Automatic,1,ok,1540.989,289,2,1,0,0,2305843009213693967:286;2305843009213693973:3,Symbolica_default,cached_powers_Q,114,60,0.914,BalancedZippelSeparated
fire7_nb0_rank0486,Automatic,1,ok,1751.290,305,2,1,0,0,2305843009213693967:302;2305843009213693973:3,Symbolica_default,cached_powers_Q,120,60,0.793,BalancedZippelSeparated
fire7_nb0_rank0487,Automatic,1,ok,1334.878,252,2,1,0,0,2305843009213693967:249;2305843009213693973:3,Symbolica_default,cached_powers_Q,96,66,0.943,BalancedZippelSeparated
fire7_nb0_rank0488,Automatic,1,ok,1906.902,252,2,1,0,0,2305843009213693967:249;2305843009213693973:3,Symbolica_default,cached_powers_Q,96,66,1.042,BalancedZippelSeparated
fire7_nb0_rank0489,Automatic,1,ok,2174.143,320,2,1,0,0,2305843009213693967:317;2305843009213693973:3,Symbolica_default,cached_powers_Q,84,90,1.273,BalancedZippelSeparated
fire7_nb0_rank0490,Automatic,1,ok,2197.834,315,2,1,0,0,2305843009213693967:312;2305843009213693973:3,Symbolica_default,cached_powers_Q,144,25,1.372,BalancedZippelSeparated
fire7_nb0_rank0491,Automatic,1,ok,1837.541,276,2,1,0,0,2305843009213693967:273;2305843009213693973:3,Symbolica_default,cached_powers_Q,126,45,1.254,BalancedZippelSeparated
fire7_nb0_rank0492,Automatic,1,ok,1792.811,320,2,1,0,0,2305843009213693967:317;2305843009213693973:3,Symbolica_default,cached_powers_Q,84,90,1.203,BalancedZippelSeparated
fire7_nb0_rank0493,Automatic,1,ok,17805.417,290,2,1,0,0,2305843009213693967:287;2305843009213693973:3,Symbolica_default,cached_powers_Q,134,25,1.068,BalancedZippelSeparated
fire7_nb0_rank0494,Automatic,1,ok,2172.543,308,2,1,0,0,2305843009213693967:305;2305843009213693973:3,Symbolica_default,cached_powers_Q,139,28,1.202,BalancedZippelSeparated
fire7_nb0_rank0495,Automatic,1,ok,2104.993,291,2,1,0,0,2305843009213693967:288;2305843009213693973:3,Symbolica_default,cached_powers_Q,115,45,0.943,BalancedZippelSeparated
fire7_nb0_rank0496,Automatic,1,ok,1807.721,257,2,1,0,0,2305843009213693967:254;2305843009213693973:3,Symbolica_default,cached_powers_Q,80,78,1.301,BalancedZippelSeparated
fire7_nb0_rank0497,Automatic,1,ok,2562.815,362,2,1,0,0,2305843009213693967:359;2305843009213693973:3,Symbolica_default,cached_powers_Q,70,110,1.176,BalancedZippelSeparated
fire7_nb0_rank0498,Automatic,1,ok,2304.344,333,2,1,0,0,2305843009213693967:330;2305843009213693973:3,Symbolica_default,cached_powers_Q,150,20,1.389,BalancedZippelSeparated
fire7_nb0_rank0499,Automatic,1,ok,1553.449,267,2,1,0,0,2305843009213693967:264;2305843009213693973:3,Symbolica_default,cached_powers_Q,118,40,0.643,BalancedZippelSeparated
fire7_nb0_rank0500,Automatic,1,ok,1636.280,252,2,1,0,0,2305843009213693967:249;2305843009213693973:3,Symbolica_default,cached_powers_Q,126,30,0.928,BalancedZippelSeparated
fire7_nb0_rank0501,Automatic,1,ok,2477.385,421,2,1,0,0,2305843009213693967:418;2305843009213693973:3,Symbolica_default,cached_powers_Q,128,63,0.732,BalancedZippelSeparated
fire7_nb0_rank0502,Automatic,1,ok,1856.121,326,2,1,0,0,2305843009213693967:323;2305843009213693973:3,Symbolica_default,cached_powers_Q,136,36,1.109,BalancedZippelSeparated
fire7_nb0_rank0503,Automatic,1,ok,1786.801,347,2,1,0,0,2305843009213693967:344;2305843009213693973:3,Symbolica_default,cached_powers_Q,120,56,0.944,BalancedZippelSeparated
fire7_nb0_rank0504,Automatic,1,ok,2351.514,320,2,1,0,0,2305843009213693967:317;2305843009213693973:3,Symbolica_default,cached_powers_Q,138,32,1.551,BalancedZippelSeparated
fire7_nb0_rank0505,Automatic,1,ok,2071.973,284,2,1,0,0,2305843009213693967:281;2305843009213693973:3,Symbolica_default,cached_powers_Q,125,35,1.473,BalancedZippelSeparated
fire7_nb0_rank0506,Automatic,1,ok,2063.213,311,2,1,0,0,2305843009213693967:308;2305843009213693973:3,Symbolica_default,cached_powers_Q,113,60,1.310,BalancedZippelSeparated
fire7_nb0_rank0507,Automatic,1,ok,1773.990,267,2,1,0,0,2305843009213693967:264;2305843009213693973:3,Symbolica_default,cached_powers_Q,81,84,0.872,BalancedZippelSeparated
fire7_nb0_rank0508,Automatic,1,ok,1549.039,272,2,1,0,0,2305843009213693967:269;2305843009213693973:3,Symbolica_default,cached_powers_Q,119,45,0.799,BalancedZippelSeparated
fire7_nb0_rank0509,Automatic,1,ok,1725.300,287,2,1,0,0,2305843009213693967:284;2305843009213693973:3,Symbolica_default,cached_powers_Q,120,40,0.666,BalancedZippelSeparated
fire7_nb0_rank0510,Automatic,1,ok,2092.443,331,2,1,0,0,2305843009213693967:328;2305843009213693973:3,Symbolica_default,cached_powers_Q,36,126,0.866,BalancedZippelSeparated
fire7_nb0_rank0511,Automatic,1,ok,1936.902,324,2,1,0,0,2305843009213693967:321;2305843009213693973:3,Symbolica_default,cached_powers_Q,117,60,0.697,BalancedZippelSeparated
fire7_nb0_rank0512,Automatic,1,ok,1532.279,301,2,1,0,0,2305843009213693967:298;2305843009213693973:3,Symbolica_default,cached_powers_Q,114,52,0.878,BalancedZippelSeparated
fire7_nb0_rank0513,Automatic,1,ok,1788.700,337,2,1,0,0,2305843009213693967:334;2305843009213693973:3,Symbolica_default,cached_powers_Q,104,68,0.795,BalancedZippelSeparated
fire7_nb0_rank0514,Automatic,1,ok,2006.802,310,2,1,0,0,2305843009213693967:307;2305843009213693973:3,Symbolica_default,cached_powers_Q,113,60,0.717,BalancedZippelSeparated
fire7_nb0_rank0515,Automatic,1,ok,1431.169,268,2,1,0,0,2305843009213693967:265;2305843009213693973:3,Symbolica_default,cached_powers_Q,119,40,0.914,BalancedZippelSeparated
fire7_nb0_rank0516,Automatic,1,ok,2548.395,391,2,1,0,0,2305843009213693967:388;2305843009213693973:3,Symbolica_default,cached_powers_Q,112,60,1.259,BalancedZippelSeparated
fire7_nb0_rank0517,Automatic,1,ok,2240.824,296,2,1,0,0,2305843009213693967:293;2305843009213693973:3,Symbolica_default,cached_powers_Q,115,55,0.960,BalancedZippelSeparated
fire7_nb0_rank0518,Automatic,1,ok,1787.481,342,2,1,0,0,2305843009213693967:339;2305843009213693973:3,Symbolica_default,cached_powers_Q,131,24,1.013,BalancedZippelSeparated
fire7_nb0_rank0519,Automatic,1,ok,2299.894,336,2,1,0,0,2305843009213693967:333;2305843009213693973:3,Symbolica_default,cached_powers_Q,101,68,1.128,BalancedZippelSeparated
fire7_nb0_rank0520,Automatic,1,ok,1959.352,268,2,1,0,0,2305843009213693967:265;2305843009213693973:3,Symbolica_default,cached_powers_Q,131,25,1.455,BalancedZippelSeparated
fire7_nb0_rank0521,Automatic,1,ok,1858.851,334,2,1,0,0,2305843009213693967:331;2305843009213693973:3,Symbolica_default,cached_powers_Q,90,72,0.808,BalancedZippelSeparated
fire7_nb0_rank0522,Automatic,1,ok,1293.448,249,2,1,0,0,2305843009213693967:246;2305843009213693973:3,Symbolica_default,cached_powers_Q,79,72,0.906,BalancedZippelSeparated
fire7_nb0_rank0523,Automatic,1,ok,1386.498,246,2,1,0,0,2305843009213693967:243;2305843009213693973:3,Symbolica_default,cached_powers_Q,112,40,0.722,BalancedZippelSeparated
fire7_nb0_rank0524,Automatic,1,ok,1375.298,289,2,1,0,0,2305843009213693967:286;2305843009213693973:3,Symbolica_default,cached_powers_Q,119,32,0.893,BalancedZippelSeparated
fire7_nb0_rank0525,Automatic,1,ok,1526.369,255,2,1,0,0,2305843009213693967:252;2305843009213693973:3,Symbolica_default,cached_powers_Q,112,45,0.635,BalancedZippelSeparated
fire7_nb0_rank0526,Automatic,1,ok,1912.642,314,2,1,0,0,2305843009213693967:311;2305843009213693973:3,Symbolica_default,cached_powers_Q,126,40,1.066,BalancedZippelSeparated
fire7_nb0_rank0527,Automatic,1,ok,2148.962,331,2,1,0,0,2305843009213693967:328;2305843009213693973:3,Symbolica_default,cached_powers_Q,125,40,1.285,BalancedZippelSeparated
fire7_nb0_rank0528,Automatic,1,ok,1655.910,249,2,1,0,0,2305843009213693967:246;2305843009213693973:3,Symbolica_default,cached_powers_Q,112,45,0.834,BalancedZippelSeparated
fire7_nb0_rank0529,Automatic,1,ok,1925.392,383,2,1,0,0,2305843009213693967:380;2305843009213693973:3,Symbolica_default,cached_powers_Q,26,150,1.019,BalancedZippelSeparated
fire7_nb0_rank0530,Automatic,1,ok,15801.016,281,2,1,0,0,2305843009213693967:278;2305843009213693973:3,Symbolica_default,cached_powers_Q,126,36,0.914,BalancedZippelSeparated
fire7_nb0_rank0531,Automatic,1,ok,1833.571,252,2,1,0,0,2305843009213693967:249;2305843009213693973:3,Symbolica_default,cached_powers_Q,103,45,1.147,BalancedZippelSeparated
fire7_nb0_rank0532,Automatic,1,ok,1562.339,292,2,1,0,0,2305843009213693967:289;2305843009213693973:3,Symbolica_default,cached_powers_Q,120,28,1.059,BalancedZippelSeparated
fire7_nb0_rank0533,Automatic,1,ok,1577.500,245,2,1,0,0,2305843009213693967:242;2305843009213693973:3,Symbolica_default,cached_powers_Q,90,65,0.644,BalancedZippelSeparated
fire7_nb0_rank0534,Automatic,1,ok,1636.380,266,2,1,0,0,2305843009213693967:263;2305843009213693973:3,Symbolica_default,cached_powers_Q,85,70,0.639,BalancedZippelSeparated
fire7_nb0_rank0535,Automatic,1,ok,1594.830,321,2,1,0,0,2305843009213693967:318;2305843009213693973:3,Symbolica_default,cached_powers_Q,114,44,0.852,BalancedZippelSeparated
fire7_nb0_rank0536,Automatic,1,ok,1846.082,321,2,1,0,0,2305843009213693967:318;2305843009213693973:3,Symbolica_default,cached_powers_Q,114,44,0.650,BalancedZippelSeparated
fire7_nb0_rank0537,Automatic,1,ok,1466.959,251,2,1,0,0,2305843009213693967:248;2305843009213693973:3,Symbolica_default,cached_powers_Q,111,35,0.949,BalancedZippelSeparated
fire7_nb0_rank0538,Automatic,1,ok,1606.000,259,2,1,0,0,2305843009213693967:256;2305843009213693973:3,Symbolica_default,cached_powers_Q,112,32,0.636,BalancedZippelSeparated
fire7_nb0_rank0539,Automatic,1,ok,1572.449,233,2,1,0,0,2305843009213693967:230;2305843009213693973:3,Symbolica_default,cached_powers_Q,105,40,1.212,BalancedZippelSeparated
fire7_nb0_rank0540,Automatic,1,ok,1828.821,266,2,1,0,0,2305843009213693967:263;2305843009213693973:3,Symbolica_default,cached_powers_Q,85,70,1.301,BalancedZippelSeparated
fire7_nb0_rank0541,Automatic,1,ok,2133.503,251,2,1,0,0,2305843009213693967:248;2305843009213693973:3,Symbolica_default,cached_powers_Q,85,70,0.951,BalancedZippelSeparated
fire7_nb0_rank0542,Automatic,1,ok,1728.100,319,2,1,0,0,2305843009213693967:316;2305843009213693973:3,Symbolica_default,cached_powers_Q,126,27,0.819,BalancedZippelSeparated
fire7_nb0_rank0543,Automatic,1,ok,17865.068,505,2,1,0,0,2305843009213693967:502;2305843009213693973:3,Symbolica_default,cached_powers_Q,136,42,1.342,BalancedZippelSeparated
fire7_nb0_rank0544,Automatic,1,ok,1526.919,269,2,1,0,0,2305843009213693967:266;2305843009213693973:3,Symbolica_default,cached_powers_Q,118,30,1.052,BalancedZippelSeparated
fire7_nb0_rank0545,Automatic,1,ok,1638.750,308,2,1,0,0,2305843009213693967:305;2305843009213693973:3,Symbolica_default,cached_powers_Q,102,56,0.761,BalancedZippelSeparated
fire7_nb0_rank0546,Automatic,1,ok,1953.422,301,2,1,0,0,2305843009213693967:298;2305843009213693973:3,Symbolica_default,cached_powers_Q,133,20,1.255,BalancedZippelSeparated
fire7_nb0_rank0547,Automatic,1,ok,2182.933,323,2,1,0,0,2305843009213693967:320;2305843009213693973:3,Symbolica_default,cached_powers_Q,113,48,1.090,BalancedZippelSeparated
fire7_nb0_rank0548,Automatic,1,ok,1546.339,238,2,1,0,0,2305843009213693967:235;2305843009213693973:3,Symbolica_default,cached_powers_Q,104,45,1.186,BalancedZippelSeparated
fire7_nb0_rank0549,Automatic,1,ok,2227.913,296,2,1,0,0,2305843009213693967:293;2305843009213693973:3,Symbolica_default,cached_powers_Q,126,25,1.296,BalancedZippelSeparated
fire7_nb0_rank0550,Automatic,1,ok,1434.978,243,2,1,0,0,2305843009213693967:240;2305843009213693973:3,Symbolica_default,cached_powers_Q,98,48,0.834,BalancedZippelSeparated
fire7_nb0_rank0551,Automatic,1,ok,2219.494,394,2,1,0,0,2305843009213693967:391;2305843009213693973:3,Symbolica_default,cached_powers_Q,124,51,0.694,BalancedZippelSeparated
fire7_nb0_rank0552,Automatic,1,ok,1726.150,352,2,1,0,0,2305843009213693967:349;2305843009213693973:3,Symbolica_default,cached_powers_Q,101,54,0.847,BalancedZippelSeparated
fire7_nb0_rank0553,Automatic,1,ok,1705.490,317,2,1,0,0,2305843009213693967:314;2305843009213693973:3,Symbolica_default,cached_powers_Q,125,40,0.776,BalancedZippelSeparated
fire7_nb0_rank0554,Automatic,1,ok,1344.398,269,2,1,0,0,2305843009213693967:266;2305843009213693973:3,Symbolica_default,cached_powers_Q,118,32,0.879,BalancedZippelSeparated
fire7_nb0_rank0555,Automatic,1,ok,2042.633,339,2,1,0,0,2305843009213693967:336;2305843009213693973:3,Symbolica_default,cached_powers_Q,42,110,0.865,BalancedZippelSeparated
fire7_nb0_rank0556,Automatic,1,ok,1321.118,222,2,1,0,0,2305843009213693967:219;2305843009213693973:3,Symbolica_default,cached_powers_Q,96,45,1.245,BalancedZippelSeparated
fire7_nb0_rank0557,Automatic,1,ok,2308.754,339,2,1,0,0,2305843009213693967:336;2305843009213693973:3,Symbolica_default,cached_powers_Q,42,110,1.049,BalancedZippelSeparated
fire7_nb0_rank0558,Automatic,1,ok,1729.160,230,2,1,0,0,2305843009213693967:227;2305843009213693973:3,Symbolica_default,cached_powers_Q,88,54,1.454,BalancedZippelSeparated
fire7_nb0_rank0559,Automatic,1,ok,1643.990,230,2,1,0,0,2305843009213693967:227;2305843009213693973:3,Symbolica_default,cached_powers_Q,88,54,0.756,BalancedZippelSeparated
fire7_nb0_rank0560,Automatic,1,ok,1321.799,216,2,1,0,0,2305843009213693967:213;2305843009213693973:3,Symbolica_default,cached_powers_Q,104,35,0.863,BalancedZippelSeparated
fire7_nb0_rank0561,Automatic,1,ok,1365.888,268,2,1,0,0,2305843009213693967:265;2305843009213693973:3,Symbolica_default,cached_powers_Q,108,48,0.817,BalancedZippelSeparated
fire7_nb0_rank0562,Automatic,1,ok,1817.761,316,2,1,0,0,2305843009213693967:313;2305843009213693973:3,Symbolica_default,cached_powers_Q,84,72,0.601,BalancedZippelSeparated
fire7_nb0_rank0563,Automatic,1,ok,1749.101,316,2,1,0,0,2305843009213693967:313;2305843009213693973:3,Symbolica_default,cached_powers_Q,84,72,0.806,BalancedZippelSeparated
fire7_nb0_rank0564,Automatic,1,ok,1955.882,334,2,1,0,0,2305843009213693967:331;2305843009213693973:3,Symbolica_default,cached_powers_Q,125,28,0.750,BalancedZippelSeparated
fire7_nb0_rank0565,Automatic,1,ok,2968.558,505,2,1,0,0,2305843009213693967:502;2305843009213693973:3,Symbolica_default,cached_powers_Q,135,42,0.849,BalancedZippelSeparated
fire7_nb0_rank0566,Automatic,1,ok,1712.900,255,2,1,0,0,2305843009213693967:252;2305843009213693973:3,Symbolica_default,cached_powers_Q,72,84,1.202,BalancedZippelSeparated
fire7_nb0_rank0567,Automatic,1,ok,1408.958,217,2,1,0,0,2305843009213693967:214;2305843009213693973:3,Symbolica_default,cached_powers_Q,96,42,1.318,BalancedZippelSeparated
fire7_nb0_rank0568,Automatic,1,ok,1699.421,267,2,1,0,0,2305843009213693967:264;2305843009213693973:3,Symbolica_default,cached_powers_Q,115,25,1.399,BalancedZippelSeparated
fire7_nb0_rank0569,Automatic,1,ok,1894.581,329,2,1,0,0,2305843009213693967:326;2305843009213693973:3,Symbolica_default,cached_powers_Q,124,35,0.953,BalancedZippelSeparated
fire7_nb0_rank0570,Automatic,1,ok,1644.369,281,2,1,0,0,2305843009213693967:278;2305843009213693973:3,Symbolica_default,cached_powers_Q,101,48,0.640,BalancedZippelSeparated
fire7_nb0_rank0571,Automatic,1,ok,1614.180,285,2,1,0,0,2305843009213693967:282;2305843009213693973:3,Symbolica_default,cached_powers_Q,118,20,0.833,BalancedZippelSeparated
fire7_nb0_rank0572,Automatic,1,ok,1710.760,220,2,1,0,0,2305843009213693967:217;2305843009213693973:3,Symbolica_default,cached_powers_Q,104,35,1.197,BalancedZippelSeparated
fire7_nb0_rank0573,Automatic,1,ok,2014.732,252,2,1,0,0,2305843009213693967:249;2305843009213693973:3,Symbolica_default,cached_powers_Q,119,25,1.249,BalancedZippelSeparated
fire7_nb0_rank0574,Automatic,1,ok,1815.321,248,2,1,0,0,2305843009213693967:245;2305843009213693973:3,Symbolica_default,cached_powers_Q,76,65,1.018,BalancedZippelSeparated
fire7_nb0_rank0575,Automatic,1,ok,1805.751,248,2,1,0,0,2305843009213693967:245;2305843009213693973:3,Symbolica_default,cached_powers_Q,76,65,0.993,BalancedZippelSeparated
fire7_nb0_rank0576,Automatic,1,ok,1608.890,303,2,1,0,0,2305843009213693967:300;2305843009213693973:3,Symbolica_default,cached_powers_Q,120,28,1.071,BalancedZippelSeparated
fire7_nb0_rank0577,Automatic,1,ok,1546.390,238,2,1,0,0,2305843009213693967:235;2305843009213693973:3,Symbolica_default,cached_powers_Q,95,45,1.151,BalancedZippelSeparated
fire7_nb0_rank0578,Automatic,1,ok,1854.181,238,2,1,0,0,2305843009213693967:235;2305843009213693973:3,Symbolica_default,cached_powers_Q,115,25,1.217,BalancedZippelSeparated
fire7_nb0_rank0579,Automatic,1,ok,1715.151,295,2,1,0,0,2305843009213693967:292;2305843009213693973:3,Symbolica_default,cached_powers_Q,95,52,0.770,BalancedZippelSeparated
fire7_nb0_rank0580,Automatic,1,ok,1959.161,378,2,1,0,0,2305843009213693967:375;2305843009213693973:3,Symbolica_default,cached_powers_Q,100,60,0.787,BalancedZippelSeparated
fire7_nb0_rank0581,Automatic,1,ok,4442.987,244,2,1,0,0,2305843009213693967:241;2305843009213693973:3,Symbolica_default,cached_powers_Q,85,60,3.721,BalancedZippelSeparated
fire7_nb0_rank0582,Automatic,1,ok,3492.441,248,2,1,0,0,2305843009213693967:245;2305843009213693973:3,Symbolica_default,cached_powers_Q,83,65,1.880,BalancedZippelSeparated
fire7_nb0_rank0583,Automatic,1,ok,1632.500,327,2,1,0,0,2305843009213693967:324;2305843009213693973:3,Symbolica_default,cached_powers_Q,120,28,2.982,BalancedZippelSeparated
fire7_nb0_rank0584,Automatic,1,ok,1391.048,268,2,1,0,0,2305843009213693967:265;2305843009213693973:3,Symbolica_default,cached_powers_Q,108,48,0.829,BalancedZippelSeparated
fire7_nb0_rank0585,Automatic,1,ok,1898.211,365,2,1,0,0,2305843009213693967:362;2305843009213693973:3,Symbolica_default,cached_powers_Q,95,60,0.739,BalancedZippelSeparated
fire7_nb0_rank0586,Automatic,1,ok,1637.790,274,2,1,0,0,2305843009213693967:271;2305843009213693973:3,Symbolica_default,cached_powers_Q,126,20,0.893,BalancedZippelSeparated
fire7_nb0_rank0587,Automatic,1,ok,2180.333,312,2,1,0,0,2305843009213693967:309;2305843009213693973:3,Symbolica_default,cached_powers_Q,89,68,1.055,BalancedZippelSeparated
fire7_nb0_rank0588,Automatic,1,ok,2424.725,352,2,1,0,0,2305843009213693967:349;2305843009213693973:3,Symbolica_default,cached_powers_Q,96,57,1.087,BalancedZippelSeparated
fire7_nb0_rank0589,Automatic,1,ok,1868.961,328,2,1,0,0,2305843009213693967:325;2305843009213693973:3,Symbolica_default,cached_powers_Q,119,28,0.936,BalancedZippelSeparated
fire7_nb0_rank0590,Automatic,1,ok,2438.594,300,2,1,0,0,2305843009213693967:297;2305843009213693973:3,Symbolica_default,cached_powers_Q,115,36,1.028,BalancedZippelSeparated
fire7_nb0_rank0591,Automatic,1,ok,1348.178,231,2,1,0,0,2305843009213693967:228;2305843009213693973:3,Symbolica_default,cached_powers_Q,92,45,0.759,BalancedZippelSeparated
fire7_nb0_rank0592,Automatic,1,ok,1385.349,246,2,1,0,0,2305843009213693967:243;2305843009213693973:3,Symbolica_default,cached_powers_Q,91,55,0.751,BalancedZippelSeparated
fire7_nb0_rank0593,Automatic,1,ok,1688.820,333,2,1,0,0,2305843009213693967:330;2305843009213693973:3,Symbolica_default,cached_powers_Q,107,45,0.729,BalancedZippelSeparated
fire7_nb0_rank0594,Automatic,1,ok,1220.027,215,2,1,0,0,2305843009213693967:212;2305843009213693973:3,Symbolica_default,cached_powers_Q,79,54,0.565,BalancedZippelSeparated
fire7_nb0_rank0595,Automatic,1,ok,1906.842,319,2,1,0,0,2305843009213693967:316;2305843009213693973:3,Symbolica_default,cached_powers_Q,116,28,0.760,BalancedZippelSeparated
fire7_nb0_rank0596,Automatic,1,ok,1454.918,244,2,1,0,0,2305843009213693967:241;2305843009213693973:3,Symbolica_default,cached_powers_Q,111,25,0.869,BalancedZippelSeparated
fire7_nb0_rank0597,Automatic,1,ok,1579.800,281,2,1,0,0,2305843009213693967:278;2305843009213693973:3,Symbolica_default,cached_powers_Q,124,20,0.854,BalancedZippelSeparated
fire7_nb0_rank0598,Automatic,1,ok,1357.818,243,2,1,0,0,2305843009213693967:240;2305843009213693973:3,Symbolica_default,cached_powers_Q,112,25,0.745,BalancedZippelSeparated
fire7_nb0_rank0599,Automatic,1,ok,1835.561,270,2,1,0,0,2305843009213693967:267;2305843009213693973:3,Symbolica_default,cached_powers_Q,97,48,0.978,BalancedZippelSeparated
fire7_nb0_rank0600,Automatic,1,ok,1602.860,200,2,1,0,0,2305843009213693967:197;2305843009213693973:3,Symbolica_default,cached_powers_Q,79,54,0.812,BalancedZippelSeparated
fire7_nb0_rank0601,Automatic,1,ok,2157.193,303,2,1,0,0,2305843009213693967:300;2305843009213693973:3,Symbolica_default,cached_powers_Q,72,76,1.020,BalancedZippelSeparated
fire7_nb0_rank0602,Automatic,1,ok,1759.781,297,2,1,0,0,2305843009213693967:294;2305843009213693973:3,Symbolica_default,cached_powers_Q,72,76,0.783,BalancedZippelSeparated
fire7_nb0_rank0603,Automatic,1,ok,1553.799,238,2,1,0,0,2305843009213693967:235;2305843009213693973:3,Symbolica_default,cached_powers_Q,76,60,1.228,BalancedZippelSeparated
fire7_nb0_rank0604,Automatic,1,ok,2106.763,344,2,1,0,0,2305843009213693967:341;2305843009213693973:3,Symbolica_default,cached_powers_Q,99,63,0.657,BalancedZippelSeparated
fire7_nb0_rank0605,Automatic,1,ok,1304.158,238,2,1,0,0,2305843009213693967:235;2305843009213693973:3,Symbolica_default,cached_powers_Q,76,60,0.747,BalancedZippelSeparated
fire7_nb0_rank0606,Automatic,1,ok,17919.928,248,2,1,0,0,2305843009213693967:245;2305843009213693973:3,Symbolica_default,cached_powers_Q,69,70,0.788,BalancedZippelSeparated
fire7_nb0_rank0607,Automatic,1,ok,2014.402,275,2,1,0,0,2305843009213693967:272;2305843009213693973:3,Symbolica_default,cached_powers_Q,101,45,0.994,BalancedZippelSeparated
fire7_nb0_rank0608,Automatic,1,ok,1716.930,264,2,1,0,0,2305843009213693967:261;2305843009213693973:3,Symbolica_default,cached_powers_Q,70,75,1.087,BalancedZippelSeparated
fire7_nb0_rank0609,Automatic,1,ok,2193.893,357,2,1,0,0,2305843009213693967:354;2305843009213693973:3,Symbolica_default,cached_powers_Q,90,60,1.195,BalancedZippelSeparated
fire7_nb0_rank0610,Automatic,1,ok,1867.051,318,2,1,0,0,2305843009213693967:315;2305843009213693973:3,Symbolica_default,cached_powers_Q,116,28,0.714,BalancedZippelSeparated
fire7_nb0_rank0611,Automatic,1,ok,1707.830,299,2,1,0,0,2305843009213693967:296;2305843009213693973:3,Symbolica_default,cached_powers_Q,102,36,0.727,BalancedZippelSeparated
fire7_nb0_rank0612,Automatic,1,ok,1181.697,250,2,1,0,0,2305843009213693967:247;2305843009213693973:3,Symbolica_default,cached_powers_Q,103,32,0.574,BalancedZippelSeparated
fire7_nb0_rank0613,Automatic,1,ok,1522.018,295,2,1,0,0,2305843009213693967:292;2305843009213693973:3,Symbolica_default,cached_powers_Q,114,27,0.742,BalancedZippelSeparated
fire7_nb0_rank0614,Automatic,1,ok,1376.118,218,2,1,0,0,2305843009213693967:215;2305843009213693973:3,Symbolica_default,cached_powers_Q,96,35,0.700,BalancedZippelSeparated
fire7_nb0_rank0615,Automatic,1,ok,1624.960,314,2,1,0,0,2305843009213693967:311;2305843009213693973:3,Symbolica_default,cached_powers_Q,114,36,0.964,BalancedZippelSeparated
fire7_nb0_rank0616,Automatic,1,ok,1363.628,233,2,1,0,0,2305843009213693967:230;2305843009213693973:3,Symbolica_default,cached_powers_Q,107,25,0.825,BalancedZippelSeparated
fire7_nb0_rank0617,Automatic,1,ok,1278.627,266,2,1,0,0,2305843009213693967:263;2305843009213693973:3,Symbolica_default,cached_powers_Q,70,75,0.830,BalancedZippelSeparated
fire7_nb0_rank0618,Automatic,1,ok,1507.849,269,2,1,0,0,2305843009213693967:266;2305843009213693973:3,Symbolica_default,cached_powers_Q,113,32,0.607,BalancedZippelSeparated
fire7_nb0_rank0619,Automatic,1,ok,1485.348,238,2,1,0,0,2305843009213693967:235;2305843009213693973:3,Symbolica_default,cached_powers_Q,90,48,0.600,BalancedZippelSeparated
fire7_nb0_rank0620,Automatic,1,ok,1641.200,265,2,1,0,0,2305843009213693967:262;2305843009213693973:3,Symbolica_default,cached_powers_Q,104,28,0.939,BalancedZippelSeparated
fire7_nb0_rank0621,Automatic,1,ok,1880.822,322,2,1,0,0,2305843009213693967:319;2305843009213693973:3,Symbolica_default,cached_powers_Q,110,33,0.619,BalancedZippelSeparated
fire7_nb0_rank0622,Automatic,1,ok,1682.250,264,2,1,0,0,2305843009213693967:261;2305843009213693973:3,Symbolica_default,cached_powers_Q,110,28,0.708,BalancedZippelSeparated
fire7_nb0_rank0623,Automatic,1,ok,1521.379,266,2,1,0,0,2305843009213693967:263;2305843009213693973:3,Symbolica_default,cached_powers_Q,70,75,0.784,BalancedZippelSeparated
fire7_nb0_rank0624,Automatic,1,ok,1457.358,232,2,1,0,0,2305843009213693967:229;2305843009213693973:3,Symbolica_default,cached_powers_Q,98,35,0.927,BalancedZippelSeparated
fire7_nb0_rank0625,Automatic,1,ok,1392.308,241,2,1,0,0,2305843009213693967:238;2305843009213693973:3,Symbolica_default,cached_powers_Q,109,20,0.760,BalancedZippelSeparated
fire7_nb0_rank0626,Automatic,1,ok,1862.701,387,2,1,0,0,2305843009213693967:384;2305843009213693973:3,Symbolica_default,cached_powers_Q,105,36,1.018,BalancedZippelSeparated
fire7_nb0_rank0627,Automatic,1,ok,1431.738,290,2,1,0,0,2305843009213693967:287;2305843009213693973:3,Symbolica_default,cached_powers_Q,102,27,0.709,BalancedZippelSeparated
fire7_nb0_rank0628,Automatic,1,ok,1378.579,256,2,1,0,0,2305843009213693967:253;2305843009213693973:3,Symbolica_default,cached_powers_Q,99,28,0.992,BalancedZippelSeparated
fire7_nb0_rank0629,Automatic,1,ok,1754.320,254,2,1,0,0,2305843009213693967:251;2305843009213693973:3,Symbolica_default,cached_powers_Q,84,56,1.071,BalancedZippelSeparated
fire7_nb0_rank0630,Automatic,1,ok,1539.299,245,2,1,0,0,2305843009213693967:242;2305843009213693973:3,Symbolica_default,cached_powers_Q,84,56,0.690,BalancedZippelSeparated
fire7_nb0_rank0631,Automatic,1,ok,1618.750,296,2,1,0,0,2305843009213693967:293;2305843009213693973:3,Symbolica_default,cached_powers_Q,90,45,0.579,BalancedZippelSeparated
fire7_nb0_rank0632,Automatic,1,ok,1525.729,266,2,1,0,0,2305843009213693967:263;2305843009213693973:3,Symbolica_default,cached_powers_Q,110,28,0.864,BalancedZippelSeparated
fire7_nb0_rank0633,Automatic,1,ok,2061.833,277,2,1,0,0,2305843009213693967:274;2305843009213693973:3,Symbolica_default,cached_powers_Q,115,20,1.137,BalancedZippelSeparated
fire7_nb0_rank0634,Automatic,1,ok,1637.290,236,2,1,0,0,2305843009213693967:233;2305843009213693973:3,Symbolica_default,cached_powers_Q,108,25,1.344,BalancedZippelSeparated
fire7_nb0_rank0635,Automatic,1,ok,2219.134,336,2,1,0,0,2305843009213693967:333;2305843009213693973:3,Symbolica_default,cached_powers_Q,90,54,1.026,BalancedZippelSeparated
fire7_nb0_rank0636,Automatic,1,ok,2045.353,336,2,1,0,0,2305843009213693967:333;2305843009213693973:3,Symbolica_default,cached_powers_Q,90,54,1.207,BalancedZippelSeparated
fire7_nb0_rank0637,Automatic,1,ok,14356.626,261,2,1,0,0,2305843009213693967:258;2305843009213693973:3,Symbolica_default,cached_powers_Q,84,56,0.800,BalancedZippelSeparated
fire7_nb0_rank0638,Automatic,1,ok,1900.152,250,2,1,0,0,2305843009213693967:247;2305843009213693973:3,Symbolica_default,cached_powers_Q,49,90,1.115,BalancedZippelSeparated
fire7_nb0_rank0639,Automatic,1,ok,1793.751,255,2,1,0,0,2305843009213693967:252;2305843009213693973:3,Symbolica_default,cached_powers_Q,108,27,1.008,BalancedZippelSeparated
fire7_nb0_rank0640,Automatic,1,ok,1364.208,213,2,1,0,0,2305843009213693967:210;2305843009213693973:3,Symbolica_default,cached_powers_Q,96,25,0.769,BalancedZippelSeparated
fire7_nb0_rank0641,Automatic,1,ok,1640.830,244,2,1,0,0,2305843009213693967:241;2305843009213693973:3,Symbolica_default,cached_powers_Q,102,28,0.749,BalancedZippelSeparated
fire7_nb0_rank0642,Automatic,1,ok,1584.880,267,2,1,0,0,2305843009213693967:264;2305843009213693973:3,Symbolica_default,cached_powers_Q,102,36,0.584,BalancedZippelSeparated
fire7_nb0_rank0643,Automatic,1,ok,1619.870,336,2,1,0,0,2305843009213693967:333;2305843009213693973:3,Symbolica_default,cached_powers_Q,90,54,0.931,BalancedZippelSeparated
fire7_nb0_rank0644,Automatic,1,ok,1415.348,238,2,1,0,0,2305843009213693967:235;2305843009213693973:3,Symbolica_default,cached_powers_Q,84,52,0.687,BalancedZippelSeparated
fire7_nb0_rank0645,Automatic,1,ok,1374.528,219,2,1,0,0,2305843009213693967:216;2305843009213693973:3,Symbolica_default,cached_powers_Q,102,20,0.717,BalancedZippelSeparated
fire7_nb0_rank0646,Automatic,1,ok,1290.918,245,2,1,0,0,2305843009213693967:242;2305843009213693973:3,Symbolica_default,cached_powers_Q,84,56,0.681,BalancedZippelSeparated
fire7_nb0_rank0647,Automatic,1,ok,1138.347,221,2,1,0,0,2305843009213693967:218;2305843009213693973:3,Symbolica_default,cached_powers_Q,98,35,0.965,BalancedZippelSeparated
fire7_nb0_rank0648,Automatic,1,ok,2721.857,407,2,1,0,0,2305843009213693967:404;2305843009213693973:3,Symbolica_default,cached_powers_Q,108,42,1.170,BalancedZippelSeparated
fire7_nb0_rank0649,Automatic,1,ok,1821.211,236,2,1,0,0,2305843009213693967:233;2305843009213693973:3,Symbolica_default,cached_powers_Q,98,28,1.187,BalancedZippelSeparated
fire7_nb0_rank0650,Automatic,1,ok,1290.517,221,2,1,0,0,2305843009213693967:218;2305843009213693973:3,Symbolica_default,cached_powers_Q,91,36,1.148,BalancedZippelSeparated
fire7_nb0_rank0651,Automatic,1,ok,1491.929,224,2,1,0,0,2305843009213693967:221;2305843009213693973:3,Symbolica_default,cached_powers_Q,83,45,0.706,BalancedZippelSeparated
fire7_nb0_rank0652,Automatic,1,ok,1474.109,270,2,1,0,0,2305843009213693967:267;2305843009213693973:3,Symbolica_default,cached_powers_Q,93,39,0.696,BalancedZippelSeparated
fire7_nb0_rank0653,Automatic,1,ok,1090.197,192,2,1,0,0,2305843009213693967:189;2305843009213693973:3,Symbolica_default,cached_powers_Q,89,30,0.771,BalancedZippelSeparated
fire7_nb0_rank0654,Automatic,1,ok,966.556,195,2,1,0,0,2305843009213693967:192;2305843009213693973:3,Symbolica_default,cached_powers_Q,89,30,0.873,BalancedZippelSeparated
fire7_nb0_rank0655,Automatic,1,ok,1284.118,249,2,1,0,0,2305843009213693967:246;2305843009213693973:3,Symbolica_default,cached_powers_Q,95,35,0.895,BalancedZippelSeparated
fire7_nb0_rank0656,Automatic,1,ok,1249.318,208,2,1,0,0,2305843009213693967:205;2305843009213693973:3,Symbolica_default,cached_powers_Q,91,35,0.766,BalancedZippelSeparated
fire7_nb0_rank0657,Automatic,1,ok,1232.367,261,2,1,0,0,2305843009213693967:258;2305843009213693973:3,Symbolica_default,cached_powers_Q,83,56,0.767,BalancedZippelSeparated
fire7_nb0_rank0658,Automatic,1,ok,1156.527,202,2,1,0,0,2305843009213693967:199;2305843009213693973:3,Symbolica_default,cached_powers_Q,84,40,0.565,BalancedZippelSeparated
fire7_nb0_rank0659,Automatic,1,ok,1370.098,202,2,1,0,0,2305843009213693967:199;2305843009213693973:3,Symbolica_default,cached_powers_Q,72,50,0.984,BalancedZippelSeparated
fire7_nb0_rank0660,Automatic,1,ok,1921.302,245,2,1,0,0,2305843009213693967:242;2305843009213693973:3,Symbolica_default,cached_powers_Q,107,28,1.198,BalancedZippelSeparated
fire7_nb0_rank0661,Automatic,1,ok,1551.200,228,2,1,0,0,2305843009213693967:225;2305843009213693973:3,Symbolica_default,cached_powers_Q,88,35,1.264,BalancedZippelSeparated
fire7_nb0_rank0662,Automatic,1,ok,1413.869,235,2,1,0,0,2305843009213693967:232;2305843009213693973:3,Symbolica_default,cached_powers_Q,90,36,1.005,BalancedZippelSeparated
fire7_nb0_rank0663,Automatic,1,ok,1286.008,239,2,1,0,0,2305843009213693967:236;2305843009213693973:3,Symbolica_default,cached_powers_Q,90,45,0.690,BalancedZippelSeparated
fire7_nb0_rank0664,Automatic,1,ok,1483.129,307,2,1,0,0,2305843009213693967:304;2305843009213693973:3,Symbolica_default,cached_powers_Q,90,51,0.812,BalancedZippelSeparated
fire7_nb0_rank0665,Automatic,1,ok,1478.259,262,2,1,0,0,2305843009213693967:259;2305843009213693973:3,Symbolica_default,cached_powers_Q,100,36,0.554,BalancedZippelSeparated
fire7_nb0_rank0666,Automatic,1,ok,1181.157,211,2,1,0,0,2305843009213693967:208;2305843009213693973:3,Symbolica_default,cached_powers_Q,91,35,0.790,BalancedZippelSeparated
fire7_nb0_rank0667,Automatic,1,ok,1515.170,258,2,1,0,0,2305843009213693967:255;2305843009213693973:3,Symbolica_default,cached_powers_Q,90,44,0.584,BalancedZippelSeparated
fire7_nb0_rank0668,Automatic,1,ok,1332.618,251,2,1,0,0,2305843009213693967:248;2305843009213693973:3,Symbolica_default,cached_powers_Q,102,27,0.636,BalancedZippelSeparated
fire7_nb0_rank0669,Automatic,1,ok,1425.499,242,2,1,0,0,2305843009213693967:239;2305843009213693973:3,Symbolica_default,cached_powers_Q,36,90,0.758,BalancedZippelSeparated
fire7_nb0_rank0670,Automatic,1,ok,1494.368,235,2,1,0,0,2305843009213693967:232;2305843009213693973:3,Symbolica_default,cached_powers_Q,77,48,0.538,BalancedZippelSeparated
fire7_nb0_rank0671,Automatic,1,ok,1568.009,264,2,1,0,0,2305843009213693967:261;2305843009213693973:3,Symbolica_default,cached_powers_Q,109,20,0.866,BalancedZippelSeparated
fire7_nb0_rank0672,Automatic,1,ok,1431.568,218,2,1,0,0,2305843009213693967:215;2305843009213693973:3,Symbolica_default,cached_powers_Q,98,25,0.998,BalancedZippelSeparated
fire7_nb0_rank0673,Automatic,1,ok,1391.928,224,2,1,0,0,2305843009213693967:221;2305843009213693973:3,Symbolica_default,cached_powers_Q,84,36,0.986,BalancedZippelSeparated
fire7_nb0_rank0674,Automatic,1,ok,1541.210,325,2,1,0,0,2305843009213693967:322;2305843009213693973:3,Symbolica_default,cached_powers_Q,91,51,0.824,BalancedZippelSeparated
fire7_nb0_rank0675,Automatic,1,ok,1568.299,257,2,1,0,0,2305843009213693967:254;2305843009213693973:3,Symbolica_default,cached_powers_Q,110,20,0.796,BalancedZippelSeparated
fire7_nb0_rank0676,Automatic,1,ok,1930.642,230,2,1,0,0,2305843009213693967:227;2305843009213693973:3,Symbolica_default,cached_powers_Q,96,27,0.726,BalancedZippelSeparated
fire7_nb0_rank0677,Automatic,1,ok,1417.479,225,2,1,0,0,2305843009213693967:222;2305843009213693973:3,Symbolica_default,cached_powers_Q,98,30,0.987,BalancedZippelSeparated
fire7_nb0_rank0678,Automatic,1,ok,1498.658,246,2,1,0,0,2305843009213693967:243;2305843009213693973:3,Symbolica_default,cached_powers_Q,95,32,0.592,BalancedZippelSeparated
fire7_nb0_rank0679,Automatic,1,ok,1416.469,210,2,1,0,0,2305843009213693967:207;2305843009213693973:3,Symbolica_default,cached_powers_Q,84,45,0.979,BalancedZippelSeparated
fire7_nb0_rank0680,Automatic,1,ok,1406.218,252,2,1,0,0,2305843009213693967:249;2305843009213693973:3,Symbolica_default,cached_powers_Q,86,44,1.215,BalancedZippelSeparated
fire7_nb0_rank0681,Automatic,1,ok,1647.180,215,2,1,0,0,2305843009213693967:212;2305843009213693973:3,Symbolica_default,cached_powers_Q,84,45,0.822,BalancedZippelSeparated
fire7_nb0_rank0682,Automatic,1,ok,1211.548,231,2,1,0,0,2305843009213693967:228;2305843009213693973:3,Symbolica_default,cached_powers_Q,92,25,1.026,BalancedZippelSeparated
fire7_nb0_rank0683,Automatic,1,ok,1204.608,211,2,1,0,0,2305843009213693967:208;2305843009213693973:3,Symbolica_default,cached_powers_Q,92,25,0.832,BalancedZippelSeparated
fire7_nb0_rank0684,Automatic,1,ok,997.535,194,2,1,0,0,2305843009213693967:191;2305843009213693973:3,Symbolica_default,cached_powers_Q,77,40,0.658,BalancedZippelSeparated
fire7_nb0_rank0685,Automatic,1,ok,1362.528,255,2,1,0,0,2305843009213693967:252;2305843009213693973:3,Symbolica_default,cached_powers_Q,88,52,0.663,BalancedZippelSeparated
fire7_nb0_rank0686,Automatic,1,ok,1573.489,302,2,1,0,0,2305843009213693967:299;2305843009213693973:3,Symbolica_default,cached_powers_Q,90,51,0.699,BalancedZippelSeparated
fire7_nb0_rank0687,Automatic,1,ok,1471.739,269,2,1,0,0,2305843009213693967:266;2305843009213693973:3,Symbolica_default,cached_powers_Q,84,42,1.159,BalancedZippelSeparated
fire7_nb0_rank0688,Automatic,1,ok,1977.602,269,2,1,0,0,2305843009213693967:266;2305843009213693973:3,Symbolica_default,cached_powers_Q,84,42,0.751,BalancedZippelSeparated
fire7_nb0_rank0689,Automatic,1,ok,1819.691,247,2,1,0,0,2305843009213693967:244;2305843009213693973:3,Symbolica_default,cached_powers_Q,106,20,1.079,BalancedZippelSeparated
fire7_nb0_rank0690,Automatic,1,ok,1685.550,242,2,1,0,0,2305843009213693967:239;2305843009213693973:3,Symbolica_default,cached_powers_Q,75,52,0.900,BalancedZippelSeparated
fire7_nb0_rank0691,Automatic,1,ok,1637.570,251,2,1,0,0,2305843009213693967:248;2305843009213693973:3,Symbolica_default,cached_powers_Q,81,60,1.238,BalancedZippelSeparated
fire7_nb0_rank0692,Automatic,1,ok,1518.549,221,2,1,0,0,2305843009213693967:218;2305843009213693973:3,Symbolica_default,cached_powers_Q,88,35,1.074,BalancedZippelSeparated
fire7_nb0_rank0693,Automatic,1,ok,1836.241,324,2,1,0,0,2305843009213693967:321;2305843009213693973:3,Symbolica_default,cached_powers_Q,85,54,0.549,BalancedZippelSeparated
fire7_nb0_rank0694,Automatic,1,ok,1198.287,210,2,1,0,0,2305843009213693967:207;2305843009213693973:3,Symbolica_default,cached_powers_Q,84,36,0.533,BalancedZippelSeparated
fire7_nb0_rank0695,Automatic,1,ok,2893.248,235,2,1,0,0,2305843009213693967:232;2305843009213693973:3,Symbolica_default,cached_powers_Q,32,90,0.832,BalancedZippelSeparated
fire7_nb0_rank0696,Automatic,1,ok,1733.221,253,2,1,0,0,2305843009213693967:250;2305843009213693973:3,Symbolica_default,cached_powers_Q,95,32,1.035,BalancedZippelSeparated
fire7_nb0_rank0697,Automatic,1,ok,1415.179,210,2,1,0,0,2305843009213693967:207;2305843009213693973:3,Symbolica_default,cached_powers_Q,84,45,0.943,BalancedZippelSeparated
fire7_nb0_rank0698,Automatic,1,ok,1405.829,210,2,1,0,0,2305843009213693967:207;2305843009213693973:3,Symbolica_default,cached_powers_Q,84,35,0.840,BalancedZippelSeparated
fire7_nb0_rank0699,Automatic,1,ok,1611.230,267,2,1,0,0,2305843009213693967:264;2305843009213693973:3,Symbolica_default,cached_powers_Q,102,15,1.177,BalancedZippelSeparated
fire7_nb0_rank0700,Automatic,1,ok,1245.937,252,2,1,0,0,2305843009213693967:249;2305843009213693973:3,Symbolica_default,cached_powers_Q,101,27,0.974,BalancedZippelSeparated
fire7_nb0_rank0701,Automatic,1,ok,930.246,211,2,1,0,0,2305843009213693967:208;2305843009213693973:3,Symbolica_default,cached_powers_Q,90,32,0.806,BalancedZippelSeparated
fire7_nb0_rank0702,Automatic,1,ok,1619.210,301,2,1,0,0,2305843009213693967:298;2305843009213693973:3,Symbolica_default,cached_powers_Q,85,51,0.735,BalancedZippelSeparated
fire7_nb0_rank0703,Automatic,1,ok,965.306,186,2,1,0,0,2305843009213693967:183;2305843009213693973:3,Symbolica_default,cached_powers_Q,72,45,0.662,BalancedZippelSeparated
fire7_nb0_rank0704,Automatic,1,ok,1199.588,215,2,1,0,0,2305843009213693967:212;2305843009213693973:3,Symbolica_default,cached_powers_Q,102,15,0.779,BalancedZippelSeparated
fire7_nb0_rank0705,Automatic,1,ok,1394.828,252,2,1,0,0,2305843009213693967:249;2305843009213693973:3,Symbolica_default,cached_powers_Q,95,32,0.722,BalancedZippelSeparated
fire7_nb0_rank0706,Automatic,1,ok,1235.958,226,2,1,0,0,2305843009213693967:223;2305843009213693973:3,Symbolica_default,cached_powers_Q,84,40,0.921,BalancedZippelSeparated
fire7_nb0_rank0707,Automatic,1,ok,1704.730,243,2,1,0,0,2305843009213693967:240;2305843009213693973:3,Symbolica_default,cached_powers_Q,72,52,0.960,BalancedZippelSeparated
fire7_nb0_rank0708,Automatic,1,ok,1239.118,214,2,1,0,0,2305843009213693967:211;2305843009213693973:3,Symbolica_default,cached_powers_Q,63,60,1.087,BalancedZippelSeparated
fire7_nb0_rank0709,Automatic,1,ok,1810.421,260,2,1,0,0,2305843009213693967:257;2305843009213693973:3,Symbolica_default,cached_powers_Q,78,45,0.903,BalancedZippelSeparated
fire7_nb0_rank0710,Automatic,1,ok,1553.319,227,2,1,0,0,2305843009213693967:224;2305843009213693973:3,Symbolica_default,cached_powers_Q,36,84,0.710,BalancedZippelSeparated
fire7_nb0_rank0711,Automatic,1,ok,1328.438,239,2,1,0,0,2305843009213693967:236;2305843009213693973:3,Symbolica_default,cached_powers_Q,83,48,0.673,BalancedZippelSeparated
fire7_nb0_rank0712,Automatic,1,ok,972.696,196,2,1,0,0,2305843009213693967:193;2305843009213693973:3,Symbolica_default,cached_powers_Q,88,21,0.687,BalancedZippelSeparated
fire7_nb0_rank0713,Automatic,1,ok,1389.438,244,2,1,0,0,2305843009213693967:241;2305843009213693973:3,Symbolica_default,cached_powers_Q,90,48,0.710,BalancedZippelSeparated
fire7_nb0_rank0714,Automatic,1,ok,1453.959,241,2,1,0,0,2305843009213693967:238;2305843009213693973:3,Symbolica_default,cached_powers_Q,42,90,0.549,BalancedZippelSeparated
fire7_nb0_rank0715,Automatic,1,ok,1715.991,251,2,1,0,0,2305843009213693967:248;2305843009213693973:3,Symbolica_default,cached_powers_Q,112,12,0.847,BalancedZippelSeparated
fire7_nb0_rank0716,Automatic,1,ok,1323.288,212,2,1,0,0,2305843009213693967:209;2305843009213693973:3,Symbolica_default,cached_powers_Q,96,24,1.329,BalancedZippelSeparated
fire7_nb0_rank0717,Automatic,1,ok,950.006,181,2,1,0,0,2305843009213693967:178;2305843009213693973:3,Symbolica_default,cached_powers_Q,72,45,0.684,BalancedZippelSeparated
fire7_nb0_rank0718,Automatic,1,ok,14555.407,295,2,1,0,0,2305843009213693967:292;2305843009213693973:3,Symbolica_default,cached_powers_Q,94,36,0.745,BalancedZippelSeparated
fire7_nb0_rank0719,Automatic,1,ok,1455.569,218,2,1,0,0,2305843009213693967:215;2305843009213693973:3,Symbolica_default,cached_powers_Q,84,44,0.988,BalancedZippelSeparated
fire7_nb0_rank0720,Automatic,1,ok,1040.966,240,2,1,0,0,2305843009213693967:237;2305843009213693973:3,Symbolica_default,cached_powers_Q,95,27,0.597,BalancedZippelSeparated
fire7_nb0_rank0721,Automatic,1,ok,908.186,179,2,1,0,0,2305843009213693967:176;2305843009213693973:3,Symbolica_default,cached_powers_Q,79,30,0.786,BalancedZippelSeparated
fire7_nb0_rank0722,Automatic,1,ok,1042.816,189,2,1,0,0,2305843009213693967:186;2305843009213693973:3,Symbolica_default,cached_powers_Q,69,45,0.563,BalancedZippelSeparated
fire7_nb0_rank0723,Automatic,1,ok,1203.367,214,2,1,0,0,2305843009213693967:211;2305843009213693973:3,Symbolica_default,cached_powers_Q,91,25,0.823,BalancedZippelSeparated
fire7_nb0_rank0724,Automatic,1,ok,19749.129,236,2,1,0,0,2305843009213693967:233;2305843009213693973:3,Symbolica_default,cached_powers_Q,95,25,1.104,BalancedZippelSeparated
fire7_nb0_rank0725,Automatic,1,ok,1228.517,173,2,1,0,0,2305843009213693967:170;2305843009213693973:3,Symbolica_default,cached_powers_Q,64,48,0.832,BalancedZippelSeparated
fire7_nb0_rank0726,Automatic,1,ok,1251.268,189,2,1,0,0,2305843009213693967:186;2305843009213693973:3,Symbolica_default,cached_powers_Q,69,45,0.856,BalancedZippelSeparated
fire7_nb0_rank0727,Automatic,1,ok,1089.916,212,2,1,0,0,2305843009213693967:209;2305843009213693973:3,Symbolica_default,cached_powers_Q,65,52,0.706,BalancedZippelSeparated
fire7_nb0_rank0728,Automatic,1,ok,1075.416,182,2,1,0,0,2305843009213693967:179;2305843009213693973:3,Symbolica_default,cached_powers_Q,79,30,0.794,BalancedZippelSeparated
fire7_nb0_rank0729,Automatic,1,ok,992.836,199,2,1,0,0,2305843009213693967:196;2305843009213693973:3,Symbolica_default,cached_powers_Q,84,25,0.894,BalancedZippelSeparated
fire7_nb0_rank0730,Automatic,1,ok,996.566,225,2,1,0,0,2305843009213693967:222;2305843009213693973:3,Symbolica_default,cached_powers_Q,98,24,0.859,BalancedZippelSeparated
fire7_nb0_rank0731,Automatic,1,ok,1065.657,184,2,1,0,0,2305843009213693967:181;2305843009213693973:3,Symbolica_default,cached_powers_Q,69,45,0.521,BalancedZippelSeparated
fire7_nb0_rank0732,Automatic,1,ok,1436.818,239,2,1,0,0,2305843009213693967:236;2305843009213693973:3,Symbolica_default,cached_powers_Q,48,75,0.524,BalancedZippelSeparated
fire7_nb0_rank0733,Automatic,1,ok,1350.648,220,2,1,0,0,2305843009213693967:217;2305843009213693973:3,Symbolica_default,cached_powers_Q,32,84,0.634,BalancedZippelSeparated
fire7_nb0_rank0734,Automatic,1,ok,2534.516,228,2,1,0,0,2305843009213693967:225;2305843009213693973:3,Symbolica_default,cached_powers_Q,96,21,0.793,BalancedZippelSeparated
fire7_nb0_rank0735,Automatic,1,ok,1657.970,239,2,1,0,0,2305843009213693967:236;2305843009213693973:3,Symbolica_default,cached_powers_Q,90,36,0.893,BalancedZippelSeparated
fire7_nb0_rank0736,Automatic,1,ok,1490.138,227,2,1,0,0,2305843009213693967:224;2305843009213693973:3,Symbolica_default,cached_powers_Q,70,48,0.843,BalancedZippelSeparated
fire7_nb0_rank0737,Automatic,1,ok,1481.659,251,2,1,0,0,2305843009213693967:248;2305843009213693973:3,Symbolica_default,cached_powers_Q,100,20,0.894,BalancedZippelSeparated
fire7_nb0_rank0738,Automatic,1,ok,772.064,173,2,1,0,0,2305843009213693967:170;2305843009213693973:3,Symbolica_default,cached_powers_Q,63,48,0.790,BalancedZippelSeparated
fire7_nb0_rank0739,Automatic,1,ok,975.166,211,2,1,0,0,2305843009213693967:208;2305843009213693973:3,Symbolica_default,cached_powers_Q,97,20,0.904,BalancedZippelSeparated
fire7_nb0_rank0740,Automatic,1,ok,899.465,202,2,1,0,0,2305843009213693967:199;2305843009213693973:3,Symbolica_default,cached_powers_Q,62,60,0.773,BalancedZippelSeparated
fire7_nb0_rank0741,Automatic,1,ok,875.105,191,2,1,0,0,2305843009213693967:188;2305843009213693973:3,Symbolica_default,cached_powers_Q,72,45,0.787,BalancedZippelSeparated
fire7_nb0_rank0742,Automatic,1,ok,958.156,216,2,1,0,0,2305843009213693967:213;2305843009213693973:3,Symbolica_default,cached_powers_Q,62,60,0.635,BalancedZippelSeparated
fire7_nb0_rank0743,Automatic,1,ok,2050.252,369,2,1,0,0,2305843009213693967:366;2305843009213693973:3,Symbolica_default,cached_powers_Q,100,34,0.650,BalancedZippelSeparated
fire7_nb0_rank0744,Automatic,1,ok,1805.481,312,2,1,0,0,2305843009213693967:309;2305843009213693973:3,Symbolica_default,cached_powers_Q,95,28,0.614,BalancedZippelSeparated
fire7_nb0_rank0745,Automatic,1,ok,1716.421,313,2,1,0,0,2305843009213693967:310;2305843009213693973:3,Symbolica_default,cached_powers_Q,69,60,0.654,BalancedZippelSeparated
fire7_nb0_rank0746,Automatic,1,ok,1094.647,227,2,1,0,0,2305843009213693967:224;2305843009213693973:3,Symbolica_default,cached_powers_Q,72,48,0.668,BalancedZippelSeparated
fire7_nb0_rank0747,Automatic,1,ok,1301.298,229,2,1,0,0,2305843009213693967:226;2305843009213693973:3,Symbolica_default,cached_powers_Q,66,52,0.699,BalancedZippelSeparated
fire7_nb0_rank0748,Automatic,1,ok,1455.079,227,2,1,0,0,2305843009213693967:224;2305843009213693973:3,Symbolica_default,cached_powers_Q,72,48,0.924,BalancedZippelSeparated
fire7_nb0_rank0749,Automatic,1,ok,1402.069,227,2,1,0,0,2305843009213693967:224;2305843009213693973:3,Symbolica_default,cached_powers_Q,72,48,0.770,BalancedZippelSeparated
fire7_nb0_rank0750,Automatic,1,ok,1693.660,250,2,1,0,0,2305843009213693967:247;2305843009213693973:3,Symbolica_default,cached_powers_Q,100,20,0.993,BalancedZippelSeparated
fire7_nb0_rank0751,Automatic,1,ok,1699.840,244,2,1,0,0,2305843009213693967:241;2305843009213693973:3,Symbolica_default,cached_powers_Q,70,56,0.964,BalancedZippelSeparated
fire7_nb0_rank0752,Automatic,1,ok,1206.997,227,2,1,0,0,2305843009213693967:224;2305843009213693973:3,Symbolica_default,cached_powers_Q,66,52,1.118,BalancedZippelSeparated
fire7_nb0_rank0753,Automatic,1,ok,1295.528,227,2,1,0,0,2305843009213693967:224;2305843009213693973:3,Symbolica_default,cached_powers_Q,89,28,0.604,BalancedZippelSeparated
fire7_nb0_rank0754,Automatic,1,ok,1287.358,214,2,1,0,0,2305843009213693967:211;2305843009213693973:3,Symbolica_default,cached_powers_Q,63,60,0.525,BalancedZippelSeparated
fire7_nb0_rank0755,Automatic,1,ok,975.316,169,2,1,0,0,2305843009213693967:166;2305843009213693973:3,Symbolica_default,cached_powers_Q,64,42,0.718,BalancedZippelSeparated
fire7_nb0_rank0756,Automatic,1,ok,1086.007,226,2,1,0,0,2305843009213693967:223;2305843009213693973:3,Symbolica_default,cached_powers_Q,78,39,0.616,BalancedZippelSeparated
fire7_nb0_rank0757,Automatic,1,ok,1270.668,213,2,1,0,0,2305843009213693967:210;2305843009213693973:3,Symbolica_default,cached_powers_Q,63,48,0.505,BalancedZippelSeparated
fire7_nb0_rank0758,Automatic,1,ok,971.836,190,2,1,0,0,2305843009213693967:187;2305843009213693973:3,Symbolica_default,cached_powers_Q,77,30,0.506,BalancedZippelSeparated
fire7_nb0_rank0759,Automatic,1,ok,998.026,198,2,1,0,0,2305843009213693967:195;2305843009213693973:3,Symbolica_default,cached_powers_Q,81,28,0.900,BalancedZippelSeparated
fire7_nb0_rank0760,Automatic,1,ok,1372.458,213,2,1,0,0,2305843009213693967:210;2305843009213693973:3,Symbolica_default,cached_powers_Q,63,48,0.935,BalancedZippelSeparated
fire7_nb0_rank0761,Automatic,1,ok,1403.438,228,2,1,0,0,2305843009213693967:225;2305843009213693973:3,Symbolica_default,cached_powers_Q,78,39,1.095,BalancedZippelSeparated
fire7_nb0_rank0762,Automatic,1,ok,1284.248,211,2,1,0,0,2305843009213693967:208;2305843009213693973:3,Symbolica_default,cached_powers_Q,66,48,0.931,BalancedZippelSeparated
fire7_nb0_rank0763,Automatic,1,ok,1167.387,182,2,1,0,0,2305843009213693967:179;2305843009213693973:3,Symbolica_default,cached_powers_Q,63,54,1.243,BalancedZippelSeparated
fire7_nb0_rank0764,Automatic,1,ok,1329.178,236,2,1,0,0,2305843009213693967:233;2305843009213693973:3,Symbolica_default,cached_powers_Q,102,12,0.939,BalancedZippelSeparated
fire7_nb0_rank0765,Automatic,1,ok,1268.407,236,2,1,0,0,2305843009213693967:233;2305843009213693973:3,Symbolica_default,cached_powers_Q,48,75,0.682,BalancedZippelSeparated
fire7_nb0_rank0766,Automatic,1,ok,1233.727,219,2,1,0,0,2305843009213693967:216;2305843009213693973:3,Symbolica_default,cached_powers_Q,66,48,0.515,BalancedZippelSeparated
fire7_nb0_rank0767,Automatic,1,ok,1295.618,229,2,1,0,0,2305843009213693967:226;2305843009213693973:3,Symbolica_default,cached_powers_Q,66,52,0.680,BalancedZippelSeparated
fire7_nb0_rank0768,Automatic,1,ok,1194.517,217,2,1,0,0,2305843009213693967:214;2305843009213693973:3,Symbolica_default,cached_powers_Q,100,12,0.719,BalancedZippelSeparated
fire7_nb0_rank0769,Automatic,1,ok,1215.617,209,2,1,0,0,2305843009213693967:206;2305843009213693973:3,Symbolica_default,cached_powers_Q,84,28,0.825,BalancedZippelSeparated
fire7_nb0_rank0770,Automatic,1,ok,1299.758,236,2,1,0,0,2305843009213693967:233;2305843009213693973:3,Symbolica_default,cached_powers_Q,65,56,0.668,BalancedZippelSeparated
fire7_nb0_rank0771,Automatic,1,ok,1228.867,215,2,1,0,0,2305843009213693967:212;2305843009213693973:3,Symbolica_default,cached_powers_Q,84,36,0.544,BalancedZippelSeparated
fire7_nb0_rank0772,Automatic,1,ok,1326.338,178,2,1,0,0,2305843009213693967:175;2305843009213693973:3,Symbolica_default,cached_powers_Q,70,35,7.103,BalancedZippelSeparated
fire7_nb0_rank0773,Automatic,1,ok,1296.397,207,2,1,0,0,2305843009213693967:204;2305843009213693973:3,Symbolica_default,cached_powers_Q,78,32,0.879,BalancedZippelSeparated
fire7_nb0_rank0774,Automatic,1,ok,1175.807,212,2,1,0,0,2305843009213693967:209;2305843009213693973:3,Symbolica_default,cached_powers_Q,80,32,0.631,BalancedZippelSeparated
fire7_nb0_rank0775,Automatic,1,ok,1107.207,190,2,1,0,0,2305843009213693967:187;2305843009213693973:3,Symbolica_default,cached_powers_Q,54,60,0.995,BalancedZippelSeparated
fire7_nb0_rank0776,Automatic,1,ok,1896.741,362,2,1,0,0,2305843009213693967:359;2305843009213693973:3,Symbolica_default,cached_powers_Q,95,34,0.803,BalancedZippelSeparated
fire7_nb0_rank0777,Automatic,1,ok,1455.469,246,2,1,0,0,2305843009213693967:243;2305843009213693973:3,Symbolica_default,cached_powers_Q,60,60,0.537,BalancedZippelSeparated
fire7_nb0_rank0778,Automatic,1,ok,1070.886,227,2,1,0,0,2305843009213693967:224;2305843009213693973:3,Symbolica_default,cached_powers_Q,84,36,0.884,BalancedZippelSeparated
fire7_nb0_rank0779,Automatic,1,ok,1057.107,200,2,1,0,0,2305843009213693967:197;2305843009213693973:3,Symbolica_default,cached_powers_Q,84,20,0.702,BalancedZippelSeparated
fire7_nb0_rank0780,Automatic,1,ok,1502.039,234,2,1,0,0,2305843009213693967:231;2305843009213693973:3,Symbolica_default,cached_powers_Q,95,20,0.596,BalancedZippelSeparated
fire7_nb0_rank0781,Automatic,1,ok,1149.757,191,2,1,0,0,2305843009213693967:188;2305843009213693973:3,Symbolica_default,cached_powers_Q,69,35,0.584,BalancedZippelSeparated
fire7_nb0_rank0782,Automatic,1,ok,1047.126,191,2,1,0,0,2305843009213693967:188;2305843009213693973:3,Symbolica_default,cached_powers_Q,69,35,0.731,BalancedZippelSeparated
fire7_nb0_rank0783,Automatic,1,ok,1342.418,232,2,1,0,0,2305843009213693967:229;2305843009213693973:3,Symbolica_default,cached_powers_Q,72,44,0.930,BalancedZippelSeparated
fire7_nb0_rank0784,Automatic,1,ok,1529.980,221,2,1,0,0,2305843009213693967:218;2305843009213693973:3,Symbolica_default,cached_powers_Q,85,32,0.981,BalancedZippelSeparated
fire7_nb0_rank0785,Automatic,1,ok,995.746,178,2,1,0,0,2305843009213693967:175;2305843009213693973:3,Symbolica_default,cached_powers_Q,63,45,1.073,BalancedZippelSeparated
fire7_nb0_rank0786,Automatic,1,ok,1506.309,232,2,1,0,0,2305843009213693967:229;2305843009213693973:3,Symbolica_default,cached_powers_Q,72,44,1.051,BalancedZippelSeparated
fire7_nb0_rank0787,Automatic,1,ok,1497.369,189,2,1,0,0,2305843009213693967:186;2305843009213693973:3,Symbolica_default,cached_powers_Q,69,36,0.736,BalancedZippelSeparated
fire7_nb0_rank0788,Automatic,1,ok,1087.566,183,2,1,0,0,2305843009213693967:180;2305843009213693973:3,Symbolica_default,cached_powers_Q,62,40,0.526,BalancedZippelSeparated
fire7_nb0_rank0789,Automatic,1,ok,933.416,183,2,1,0,0,2305843009213693967:180;2305843009213693973:3,Symbolica_default,cached_powers_Q,62,40,0.514,BalancedZippelSeparated
fire7_nb0_rank0790,Automatic,1,ok,1125.057,227,2,1,0,0,2305843009213693967:224;2305843009213693973:3,Symbolica_default,cached_powers_Q,97,12,0.705,BalancedZippelSeparated
fire7_nb0_rank0791,Automatic,1,ok,1139.887,180,2,1,0,0,2305843009213693967:177;2305843009213693973:3,Symbolica_default,cached_powers_Q,78,25,0.593,BalancedZippelSeparated
fire7_nb0_rank0792,Automatic,1,ok,1031.436,178,2,1,0,0,2305843009213693967:175;2305843009213693973:3,Symbolica_default,cached_powers_Q,70,40,0.502,BalancedZippelSeparated
fire7_nb0_rank0793,Automatic,1,ok,1072.006,215,2,1,0,0,2305843009213693967:212;2305843009213693973:3,Symbolica_default,cached_powers_Q,88,24,0.729,BalancedZippelSeparated
fire7_nb0_rank0794,Automatic,1,ok,983.456,162,2,1,0,0,2305843009213693967:159;2305843009213693973:3,Symbolica_default,cached_powers_Q,56,48,0.486,BalancedZippelSeparated
fire7_nb0_rank0795,Automatic,1,ok,1251.347,216,2,1,0,0,2305843009213693967:213;2305843009213693973:3,Symbolica_default,cached_powers_Q,90,20,0.764,BalancedZippelSeparated
fire7_nb0_rank0796,Automatic,1,ok,1340.588,174,2,1,0,0,2305843009213693967:171;2305843009213693973:3,Symbolica_default,cached_powers_Q,78,25,1.058,BalancedZippelSeparated
fire7_nb0_rank0797,Automatic,1,ok,1606.080,229,2,1,0,0,2305843009213693967:226;2305843009213693973:3,Symbolica_default,cached_powers_Q,72,36,0.901,BalancedZippelSeparated
fire7_nb0_rank0798,Automatic,1,ok,1636.739,222,2,1,0,0,2305843009213693967:219;2305843009213693973:3,Symbolica_default,cached_powers_Q,85,27,1.112,BalancedZippelSeparated
fire7_nb0_rank0799,Automatic,1,ok,1205.987,206,2,1,0,0,2305843009213693967:203;2305843009213693973:3,Symbolica_default,cached_powers_Q,83,28,0.775,BalancedZippelSeparated
fire7_nb0_rank0800,Automatic,1,ok,1764.820,290,2,1,0,0,2305843009213693967:287;2305843009213693973:3,Symbolica_default,cached_powers_Q,85,28,0.643,BalancedZippelSeparated
fire7_nb0_rank0801,Automatic,1,ok,757.375,162,2,1,0,0,2305843009213693967:159;2305843009213693973:3,Symbolica_default,cached_powers_Q,52,54,0.757,BalancedZippelSeparated
fire7_nb0_rank0802,Automatic,1,ok,965.276,208,2,1,0,0,2305843009213693967:205;2305843009213693973:3,Symbolica_default,cached_powers_Q,89,15,0.637,BalancedZippelSeparated
fire7_nb0_rank0803,Automatic,1,ok,1211.378,182,2,1,0,0,2305843009213693967:179;2305843009213693973:3,Symbolica_default,cached_powers_Q,79,25,0.568,BalancedZippelSeparated
fire7_nb0_rank0804,Automatic,1,ok,766.775,167,2,1,0,0,2305843009213693967:164;2305843009213693973:3,Symbolica_default,cached_powers_Q,52,54,0.514,BalancedZippelSeparated
fire7_nb0_rank0805,Automatic,1,ok,1140.357,203,2,1,0,0,2305843009213693967:200;2305843009213693973:3,Symbolica_default,cached_powers_Q,84,20,0.710,BalancedZippelSeparated
fire7_nb0_rank0806,Automatic,1,ok,1077.926,209,2,1,0,0,2305843009213693967:206;2305843009213693973:3,Symbolica_default,cached_powers_Q,78,27,0.690,BalancedZippelSeparated
fire7_nb0_rank0807,Automatic,1,ok,1339.528,201,2,1,0,0,2305843009213693967:198;2305843009213693973:3,Symbolica_default,cached_powers_Q,48,60,0.890,BalancedZippelSeparated
fire7_nb0_rank0808,Automatic,1,ok,1424.009,223,2,1,0,0,2305843009213693967:220;2305843009213693973:3,Symbolica_default,cached_powers_Q,84,18,0.580,BalancedZippelSeparated
fire7_nb0_rank0809,Automatic,1,ok,1272.298,215,2,1,0,0,2305843009213693967:212;2305843009213693973:3,Symbolica_default,cached_powers_Q,90,20,0.709,BalancedZippelSeparated
fire7_nb0_rank0810,Automatic,1,ok,1174.147,211,2,1,0,0,2305843009213693967:208;2305843009213693973:3,Symbolica_default,cached_powers_Q,72,40,0.533,BalancedZippelSeparated
fire7_nb0_rank0811,Automatic,1,ok,1019.686,208,2,1,0,0,2305843009213693967:205;2305843009213693973:3,Symbolica_default,cached_powers_Q,65,44,0.621,BalancedZippelSeparated
fire7_nb0_rank0812,Automatic,1,ok,1045.396,194,2,1,0,0,2305843009213693967:191;2305843009213693973:3,Symbolica_default,cached_powers_Q,60,48,0.685,BalancedZippelSeparated
fire7_nb0_rank0813,Automatic,1,ok,1337.408,240,2,1,0,0,2305843009213693967:237;2305843009213693973:3,Symbolica_default,cached_powers_Q,85,24,0.720,BalancedZippelSeparated
fire7_nb0_rank0814,Automatic,1,ok,1128.037,222,2,1,0,0,2305843009213693967:219;2305843009213693973:3,Symbolica_default,cached_powers_Q,86,20,1.128,BalancedZippelSeparated
fire7_nb0_rank0815,Automatic,1,ok,2210.103,327,2,1,0,0,2305843009213693967:324;2305843009213693973:3,Symbolica_default,cached_powers_Q,20,100,0.812,BalancedZippelSeparated
fire7_nb0_rank0816,Automatic,1,ok,1043.587,158,2,1,0,0,2305843009213693967:155;2305843009213693973:3,Symbolica_default,cached_powers_Q,56,42,1.132,BalancedZippelSeparated
fire7_nb0_rank0817,Automatic,1,ok,1612.859,233,2,1,0,0,2305843009213693967:230;2305843009213693973:3,Symbolica_default,cached_powers_Q,97,15,1.102,BalancedZippelSeparated
fire7_nb0_rank0818,Automatic,1,ok,1252.448,213,2,1,0,0,2305843009213693967:210;2305843009213693973:3,Symbolica_default,cached_powers_Q,91,12,0.715,BalancedZippelSeparated
fire7_nb0_rank0819,Automatic,1,ok,1128.097,207,2,1,0,0,2305843009213693967:204;2305843009213693973:3,Symbolica_default,cached_powers_Q,85,20,0.732,BalancedZippelSeparated
fire7_nb0_rank0820,Automatic,1,ok,1061.327,186,2,1,0,0,2305843009213693967:183;2305843009213693973:3,Symbolica_default,cached_powers_Q,66,36,0.537,BalancedZippelSeparated
fire7_nb0_rank0821,Automatic,1,ok,1461.769,222,2,1,0,0,2305843009213693967:219;2305843009213693973:3,Symbolica_default,cached_powers_Q,86,20,0.988,BalancedZippelSeparated
fire7_nb0_rank0822,Automatic,1,ok,1336.028,206,2,1,0,0,2305843009213693967:203;2305843009213693973:3,Symbolica_default,cached_powers_Q,72,30,0.889,BalancedZippelSeparated
fire7_nb0_rank0823,Automatic,1,ok,1627.700,216,2,1,0,0,2305843009213693967:213;2305843009213693973:3,Symbolica_default,cached_powers_Q,82,27,0.722,BalancedZippelSeparated
fire7_nb0_rank0824,Automatic,1,ok,1250.987,210,2,1,0,0,2305843009213693967:207;2305843009213693973:3,Symbolica_default,cached_powers_Q,54,56,0.540,BalancedZippelSeparated
fire7_nb0_rank0825,Automatic,1,ok,1153.627,168,2,1,0,0,2305843009213693967:165;2305843009213693973:3,Symbolica_default,cached_powers_Q,56,45,0.858,BalancedZippelSeparated
fire7_nb0_rank0826,Automatic,1,ok,1167.757,173,2,1,0,0,2305843009213693967:170;2305843009213693973:3,Symbolica_default,cached_powers_Q,68,30,0.814,BalancedZippelSeparated
fire7_nb0_rank0827,Automatic,1,ok,952.775,166,2,1,0,0,2305843009213693967:163;2305843009213693973:3,Symbolica_default,cached_powers_Q,63,40,1.057,BalancedZippelSeparated
fire7_nb0_rank0828,Automatic,1,ok,1271.797,230,2,1,0,0,2305843009213693967:227;2305843009213693973:3,Symbolica_default,cached_powers_Q,70,39,0.699,BalancedZippelSeparated
fire7_nb0_rank0829,Automatic,1,ok,1424.079,185,2,1,0,0,2305843009213693967:182;2305843009213693973:3,Symbolica_default,cached_powers_Q,65,36,0.694,BalancedZippelSeparated
fire7_nb0_rank0830,Automatic,1,ok,1402.209,218,2,1,0,0,2305843009213693967:215;2305843009213693973:3,Symbolica_default,cached_powers_Q,82,27,0.512,BalancedZippelSeparated
fire7_nb0_rank0831,Automatic,1,ok,1368.148,239,2,1,0,0,2305843009213693967:236;2305843009213693973:3,Symbolica_default,cached_powers_Q,70,39,0.849,BalancedZippelSeparated
fire7_nb0_rank0832,Automatic,1,ok,1135.587,217,2,1,0,0,2305843009213693967:214;2305843009213693973:3,Symbolica_default,cached_powers_Q,90,15,0.716,BalancedZippelSeparated
fire7_nb0_rank0833,Automatic,1,ok,1474.169,207,2,1,0,0,2305843009213693967:204;2305843009213693973:3,Symbolica_default,cached_powers_Q,85,20,0.991,BalancedZippelSeparated
fire7_nb0_rank0834,Automatic,1,ok,1158.947,183,2,1,0,0,2305843009213693967:180;2305843009213693973:3,Symbolica_default,cached_powers_Q,72,28,0.852,BalancedZippelSeparated
fire7_nb0_rank0835,Automatic,1,ok,1262.757,214,2,1,0,0,2305843009213693967:211;2305843009213693973:3,Symbolica_default,cached_powers_Q,78,27,0.761,BalancedZippelSeparated
fire7_nb0_rank0836,Automatic,1,ok,960.155,191,2,1,0,0,2305843009213693967:188;2305843009213693973:3,Symbolica_default,cached_powers_Q,72,32,0.494,BalancedZippelSeparated
fire7_nb0_rank0837,Automatic,1,ok,1327.838,210,2,1,0,0,2305843009213693967:207;2305843009213693973:3,Symbolica_default,cached_powers_Q,32,70,0.594,BalancedZippelSeparated
fire7_nb0_rank0838,Automatic,1,ok,1521.109,198,2,1,0,0,2305843009213693967:195;2305843009213693973:3,Symbolica_default,cached_powers_Q,66,36,0.982,BalancedZippelSeparated
fire7_nb0_rank0839,Automatic,1,ok,1862.081,260,2,1,0,0,2305843009213693967:257;2305843009213693973:3,Symbolica_default,cached_powers_Q,54,54,0.735,BalancedZippelSeparated
fire7_nb0_rank0840,Automatic,1,ok,1241.958,198,2,1,0,0,2305843009213693967:195;2305843009213693973:3,Symbolica_default,cached_powers_Q,48,56,1.070,BalancedZippelSeparated
fire7_nb0_rank0841,Automatic,1,ok,1417.089,173,2,1,0,0,2305843009213693967:170;2305843009213693973:3,Symbolica_default,cached_powers_Q,72,28,1.030,BalancedZippelSeparated
fire7_nb0_rank0842,Automatic,1,ok,1091.676,220,2,1,0,0,2305843009213693967:217;2305843009213693973:3,Symbolica_default,cached_powers_Q,66,36,0.625,BalancedZippelSeparated
fire7_nb0_rank0843,Automatic,1,ok,1205.597,215,2,1,0,0,2305843009213693967:212;2305843009213693973:3,Symbolica_default,cached_powers_Q,59,52,0.694,BalancedZippelSeparated
fire7_nb0_rank0844,Automatic,1,ok,1334.968,193,2,1,0,0,2305843009213693967:190;2305843009213693973:3,Symbolica_default,cached_powers_Q,83,15,0.549,BalancedZippelSeparated
fire7_nb0_rank0845,Automatic,1,ok,1307.828,227,2,1,0,0,2305843009213693967:224;2305843009213693973:3,Symbolica_default,cached_powers_Q,76,28,0.587,BalancedZippelSeparated
fire7_nb0_rank0846,Automatic,1,ok,973.106,201,2,1,0,0,2305843009213693967:198;2305843009213693973:3,Symbolica_default,cached_powers_Q,77,27,0.673,BalancedZippelSeparated
fire7_nb0_rank0847,Automatic,1,ok,1292.298,180,2,1,0,0,2305843009213693967:177;2305843009213693973:3,Symbolica_default,cached_powers_Q,72,28,0.892,BalancedZippelSeparated
fire7_nb0_rank0848,Automatic,1,ok,1199.017,178,2,1,0,0,2305843009213693967:175;2305843009213693973:3,Symbolica_default,cached_powers_Q,60,36,0.852,BalancedZippelSeparated
fire7_nb0_rank0849,Automatic,1,ok,1644.100,260,2,1,0,0,2305843009213693967:257;2305843009213693973:3,Symbolica_default,cached_powers_Q,60,51,1.039,BalancedZippelSeparated
fire7_nb0_rank0850,Automatic,1,ok,1459.969,231,2,1,0,0,2305843009213693967:228;2305843009213693973:3,Symbolica_default,cached_powers_Q,69,45,0.524,BalancedZippelSeparated
fire7_nb0_rank0851,Automatic,1,ok,1340.088,214,2,1,0,0,2305843009213693967:211;2305843009213693973:3,Symbolica_default,cached_powers_Q,77,24,0.891,BalancedZippelSeparated
fire7_nb0_rank0852,Automatic,1,ok,1675.361,315,2,1,0,0,2305843009213693967:312;2305843009213693973:3,Symbolica_default,cached_powers_Q,72,36,0.756,BalancedZippelSeparated
fire7_nb0_rank0853,Automatic,1,ok,1008.426,199,2,1,0,0,2305843009213693967:196;2305843009213693973:3,Symbolica_default,cached_powers_Q,54,48,0.626,BalancedZippelSeparated
fire7_nb0_rank0854,Automatic,1,ok,1047.036,163,2,1,0,0,2305843009213693967:160;2305843009213693973:3,Symbolica_default,cached_powers_Q,68,25,0.578,BalancedZippelSeparated
fire7_nb0_rank0855,Automatic,1,ok,1446.558,234,2,1,0,0,2305843009213693967:231;2305843009213693973:3,Symbolica_default,cached_powers_Q,85,18,0.554,BalancedZippelSeparated
fire7_nb0_rank0856,Automatic,1,ok,968.065,176,2,1,0,0,2305843009213693967:173;2305843009213693973:3,Symbolica_default,cached_powers_Q,77,15,0.681,BalancedZippelSeparated
fire7_nb0_rank0857,Automatic,1,ok,1242.988,200,2,1,0,0,2305843009213693967:197;2305843009213693973:3,Symbolica_default,cached_powers_Q,72,28,0.619,BalancedZippelSeparated
fire7_nb0_rank0858,Automatic,1,ok,941.276,156,2,1,0,0,2305843009213693967:153;2305843009213693973:3,Symbolica_default,cached_powers_Q,63,35,0.710,BalancedZippelSeparated
fire7_nb0_rank0859,Automatic,1,ok,1157.067,168,2,1,0,0,2305843009213693967:165;2305843009213693973:3,Symbolica_default,cached_powers_Q,32,60,0.584,BalancedZippelSeparated
fire7_nb0_rank0860,Automatic,1,ok,1116.756,174,2,1,0,0,2305843009213693967:171;2305843009213693973:3,Symbolica_default,cached_powers_Q,72,20,1.202,BalancedZippelSeparated
fire7_nb0_rank0861,Automatic,1,ok,1199.907,184,2,1,0,0,2305843009213693967:181;2305843009213693973:3,Symbolica_default,cached_powers_Q,72,24,0.870,BalancedZippelSeparated
fire7_nb0_rank0862,Automatic,1,ok,1342.858,242,2,1,0,0,2305843009213693967:239;2305843009213693973:3,Symbolica_default,cached_powers_Q,80,18,0.709,BalancedZippelSeparated
fire7_nb0_rank0863,Automatic,1,ok,1332.348,171,2,1,0,0,2305843009213693967:168;2305843009213693973:3,Symbolica_default,cached_powers_Q,72,24,0.999,BalancedZippelSeparated
fire7_nb0_rank0864,Automatic,1,ok,1420.828,263,2,1,0,0,2305843009213693967:260;2305843009213693973:3,Symbolica_default,cached_powers_Q,72,39,0.659,BalancedZippelSeparated
fire7_nb0_rank0865,Automatic,1,ok,1011.336,217,2,1,0,0,2305843009213693967:214;2305843009213693973:3,Symbolica_default,cached_powers_Q,64,39,0.609,BalancedZippelSeparated
fire7_nb0_rank0866,Automatic,1,ok,1020.947,195,2,1,0,0,2305843009213693967:192;2305843009213693973:3,Symbolica_default,cached_powers_Q,72,21,0.715,BalancedZippelSeparated
fire7_nb0_rank0867,Automatic,1,ok,1230.897,231,2,1,0,0,2305843009213693967:228;2305843009213693973:3,Symbolica_default,cached_powers_Q,68,45,0.633,BalancedZippelSeparated
fire7_nb0_rank0868,Automatic,1,ok,876.616,206,2,1,0,0,2305843009213693967:203;2305843009213693973:3,Symbolica_default,cached_powers_Q,42,56,0.720,BalancedZippelSeparated
fire7_nb0_rank0869,Automatic,1,ok,1153.396,206,2,1,0,0,2305843009213693967:203;2305843009213693973:3,Symbolica_default,cached_powers_Q,74,28,0.569,BalancedZippelSeparated
fire7_nb0_rank0870,Automatic,1,ok,1190.787,171,2,1,0,0,2305843009213693967:168;2305843009213693973:3,Symbolica_default,cached_powers_Q,67,24,0.876,BalancedZippelSeparated
fire7_nb0_rank0871,Automatic,1,ok,1542.220,207,2,1,0,0,2305843009213693967:204;2305843009213693973:3,Symbolica_default,cached_powers_Q,70,36,0.728,BalancedZippelSeparated
fire7_nb0_rank0872,Automatic,1,ok,1336.678,195,2,1,0,0,2305843009213693967:192;2305843009213693973:3,Symbolica_default,cached_powers_Q,84,15,0.912,BalancedZippelSeparated
fire7_nb0_rank0873,Automatic,1,ok,1411.809,158,2,1,0,0,2305843009213693967:155;2305843009213693973:3,Symbolica_default,cached_powers_Q,56,35,0.749,BalancedZippelSeparated
fire7_nb0_rank0874,Automatic,1,ok,1223.797,209,2,1,0,0,2305843009213693967:206;2305843009213693973:3,Symbolica_default,cached_powers_Q,69,36,0.520,BalancedZippelSeparated
fire7_nb0_rank0875,Automatic,1,ok,1015.406,184,2,1,0,0,2305843009213693967:181;2305843009213693973:3,Symbolica_default,cached_powers_Q,72,27,0.583,BalancedZippelSeparated
fire7_nb0_rank0876,Automatic,1,ok,1007.966,209,2,1,0,0,2305843009213693967:206;2305843009213693973:3,Symbolica_default,cached_powers_Q,69,36,0.621,BalancedZippelSeparated
fire7_nb0_rank0877,Automatic,1,ok,1055.006,225,2,1,0,0,2305843009213693967:222;2305843009213693973:3,Symbolica_default,cached_powers_Q,37,60,0.572,BalancedZippelSeparated
fire7_nb0_rank0878,Automatic,1,ok,942.386,201,2,1,0,0,2305843009213693967:198;2305843009213693973:3,Symbolica_default,cached_powers_Q,28,70,0.840,BalancedZippelSeparated
fire7_nb0_rank0879,Automatic,1,ok,1192.647,201,2,1,0,0,2305843009213693967:198;2305843009213693973:3,Symbolica_default,cached_powers_Q,28,70,0.572,BalancedZippelSeparated
fire7_nb0_rank0880,Automatic,1,ok,998.746,173,2,1,0,0,2305843009213693967:170;2305843009213693973:3,Symbolica_default,cached_powers_Q,65,28,0.701,BalancedZippelSeparated
fire7_nb0_rank0881,Automatic,1,ok,937.305,178,2,1,0,0,2305843009213693967:175;2305843009213693973:3,Symbolica_default,cached_powers_Q,69,20,0.669,BalancedZippelSeparated
fire7_nb0_rank0882,Automatic,1,ok,1188.647,231,2,1,0,0,2305843009213693967:228;2305843009213693973:3,Symbolica_default,cached_powers_Q,68,33,0.613,BalancedZippelSeparated
fire7_nb0_rank0883,Automatic,1,ok,1134.857,223,2,1,0,0,2305843009213693967:220;2305843009213693973:3,Symbolica_default,cached_powers_Q,20,90,0.873,BalancedZippelSeparated
fire7_nb0_rank0884,Automatic,1,ok,1407.348,232,2,1,0,0,2305843009213693967:229;2305843009213693973:3,Symbolica_default,cached_powers_Q,68,36,1.055,BalancedZippelSeparated
fire7_nb0_rank0885,Automatic,1,ok,1322.667,169,2,1,0,0,2305843009213693967:166;2305843009213693973:3,Symbolica_default,cached_powers_Q,63,28,1.037,BalancedZippelSeparated
fire7_nb0_rank0886,Automatic,1,ok,1063.237,212,2,1,0,0,2305843009213693967:209;2305843009213693973:3,Symbolica_default,cached_powers_Q,65,36,0.672,BalancedZippelSeparated
fire7_nb0_rank0887,Automatic,1,ok,1108.637,186,2,1,0,0,2305843009213693967:183;2305843009213693973:3,Symbolica_default,cached_powers_Q,70,32,0.488,BalancedZippelSeparated
fire7_nb0_rank0888,Automatic,1,ok,1180.047,214,2,1,0,0,2305843009213693967:211;2305843009213693973:3,Symbolica_default,cached_powers_Q,60,39,0.463,BalancedZippelSeparated
fire7_nb0_rank0889,Automatic,1,ok,1011.716,213,2,1,0,0,2305843009213693967:210;2305843009213693973:3,Symbolica_default,cached_powers_Q,60,39,0.614,BalancedZippelSeparated
fire7_nb0_rank0890,Automatic,1,ok,973.926,192,2,1,0,0,2305843009213693967:189;2305843009213693973:3,Symbolica_default,cached_powers_Q,48,48,0.566,BalancedZippelSeparated
fire7_nb0_rank0891,Automatic,1,ok,965.736,170,2,1,0,0,2305843009213693967:167;2305843009213693973:3,Symbolica_default,cached_powers_Q,54,45,0.719,BalancedZippelSeparated
fire7_nb0_rank0892,Automatic,1,ok,1101.696,183,2,1,0,0,2305843009213693967:180;2305843009213693973:3,Symbolica_default,cached_powers_Q,66,28,0.844,BalancedZippelSeparated
fire7_nb0_rank0893,Automatic,1,ok,1181.296,181,2,1,0,0,2305843009213693967:178;2305843009213693973:3,Symbolica_default,cached_powers_Q,66,27,0.845,BalancedZippelSeparated
fire7_nb0_rank0894,Automatic,1,ok,1370.578,217,2,1,0,0,2305843009213693967:214;2305843009213693973:3,Symbolica_default,cached_powers_Q,64,39,0.884,BalancedZippelSeparated
fire7_nb0_rank0895,Automatic,1,ok,1190.077,181,2,1,0,0,2305843009213693967:178;2305843009213693973:3,Symbolica_default,cached_powers_Q,66,28,1.235,BalancedZippelSeparated
fire7_nb0_rank0896,Automatic,1,ok,864.115,185,2,1,0,0,2305843009213693967:182;2305843009213693973:3,Symbolica_default,cached_powers_Q,6,100,0.476,BalancedZippelSeparated
fire7_nb0_rank0897,Automatic,1,ok,1107.226,185,2,1,0,0,2305843009213693967:182;2305843009213693973:3,Symbolica_default,cached_powers_Q,6,100,0.481,BalancedZippelSeparated
fire7_nb0_rank0898,Automatic,1,ok,1191.257,207,2,1,0,0,2305843009213693967:204;2305843009213693973:3,Symbolica_default,cached_powers_Q,72,27,0.505,BalancedZippelSeparated
fire7_nb0_rank0899,Automatic,1,ok,962.946,207,2,1,0,0,2305843009213693967:204;2305843009213693973:3,Symbolica_default,cached_powers_Q,70,27,0.604,BalancedZippelSeparated
fire7_nb0_rank0900,Automatic,1,ok,1108.787,169,2,1,0,0,2305843009213693967:166;2305843009213693973:3,Symbolica_default,cached_powers_Q,65,28,0.593,BalancedZippelSeparated
fire7_nb0_rank0901,Automatic,1,ok,1084.707,169,2,1,0,0,2305843009213693967:166;2305843009213693973:3,Symbolica_default,cached_powers_Q,63,28,0.572,BalancedZippelSeparated
fire7_nb0_rank0902,Automatic,1,ok,892.825,212,2,1,0,0,2305843009213693967:209;2305843009213693973:3,Symbolica_default,cached_powers_Q,65,36,0.464,BalancedZippelSeparated
fire7_nb0_rank0903,Automatic,1,ok,1228.547,186,2,1,0,0,2305843009213693967:183;2305843009213693973:3,Symbolica_default,cached_powers_Q,69,28,0.589,BalancedZippelSeparated
fire7_nb0_rank0904,Automatic,1,ok,1327.008,212,2,1,0,0,2305843009213693967:209;2305843009213693973:3,Symbolica_default,cached_powers_Q,65,36,0.864,BalancedZippelSeparated
fire7_nb0_rank0905,Automatic,1,ok,1268.808,198,2,1,0,0,2305843009213693967:195;2305843009213693973:3,Symbolica_default,cached_powers_Q,65,36,0.922,BalancedZippelSeparated
fire7_nb0_rank0906,Automatic,1,ok,1263.097,196,2,1,0,0,2305843009213693967:193;2305843009213693973:3,Symbolica_default,cached_powers_Q,70,36,0.854,BalancedZippelSeparated
fire7_nb0_rank0907,Automatic,1,ok,1556.039,214,2,1,0,0,2305843009213693967:211;2305843009213693973:3,Symbolica_default,cached_powers_Q,54,42,0.661,BalancedZippelSeparated
fire7_nb0_rank0908,Automatic,1,ok,1275.488,176,2,1,0,0,2305843009213693967:173;2305843009213693973:3,Symbolica_default,cached_powers_Q,70,25,0.860,BalancedZippelSeparated
fire7_nb0_rank0909,Automatic,1,ok,903.316,173,2,1,0,0,2305843009213693967:170;2305843009213693973:3,Symbolica_default,cached_powers_Q,77,10,0.661,BalancedZippelSeparated
fire7_nb0_rank0910,Automatic,1,ok,1578.290,287,2,1,0,0,2305843009213693967:284;2305843009213693973:3,Symbolica_default,cached_powers_Q,36,66,0.471,BalancedZippelSeparated
fire7_nb0_rank0911,Automatic,1,ok,1282.408,287,2,1,0,0,2305843009213693967:284;2305843009213693973:3,Symbolica_default,cached_powers_Q,36,66,0.538,BalancedZippelSeparated
fire7_nb0_rank0912,Automatic,1,ok,942.645,171,2,1,0,0,2305843009213693967:168;2305843009213693973:3,Symbolica_default,cached_powers_Q,77,15,0.658,BalancedZippelSeparated
fire7_nb0_rank0913,Automatic,1,ok,1107.256,199,2,1,0,0,2305843009213693967:196;2305843009213693973:3,Symbolica_default,cached_powers_Q,54,48,0.486,BalancedZippelSeparated
fire7_nb0_rank0914,Automatic,1,ok,1020.756,184,2,1,0,0,2305843009213693967:181;2305843009213693973:3,Symbolica_default,cached_powers_Q,35,60,0.686,BalancedZippelSeparated
fire7_nb0_rank0915,Automatic,1,ok,1117.697,216,2,1,0,0,2305843009213693967:213;2305843009213693973:3,Symbolica_default,cached_powers_Q,30,75,0.657,BalancedZippelSeparated
fire7_nb0_rank0916,Automatic,1,ok,936.846,207,2,1,0,0,2305843009213693967:204;2305843009213693973:3,Symbolica_default,cached_powers_Q,70,27,0.614,BalancedZippelSeparated
fire7_nb0_rank0917,Automatic,1,ok,1355.698,259,2,1,0,0,2305843009213693967:256;2305843009213693973:3,Symbolica_default,cached_powers_Q,70,30,1.058,BalancedZippelSeparated
fire7_nb0_rank0918,Automatic,1,ok,1335.179,216,2,1,0,0,2305843009213693967:213;2305843009213693973:3,Symbolica_default,cached_powers_Q,30,75,1.141,BalancedZippelSeparated
fire7_nb0_rank0919,Automatic,1,ok,1842.951,249,2,1,0,0,2305843009213693967:246;2305843009213693973:3,Symbolica_default,cached_powers_Q,68,36,0.697,BalancedZippelSeparated
fire7_nb0_rank0920,Automatic,1,ok,1240.757,182,2,1,0,0,2305843009213693967:179;2305843009213693973:3,Symbolica_default,cached_powers_Q,78,12,0.891,BalancedZippelSeparated
fire7_nb0_rank0921,Automatic,1,ok,1059.377,163,2,1,0,0,2305843009213693967:160;2305843009213693973:3,Symbolica_default,cached_powers_Q,42,54,0.829,BalancedZippelSeparated
fire7_nb0_rank0922,Automatic,1,ok,958.506,182,2,1,0,0,2305843009213693967:179;2305843009213693973:3,Symbolica_default,cached_powers_Q,72,15,0.646,BalancedZippelSeparated
fire7_nb0_rank0923,Automatic,1,ok,1011.136,198,2,1,0,0,2305843009213693967:195;2305843009213693973:3,Symbolica_default,cached_powers_Q,64,33,0.666,BalancedZippelSeparated
fire7_nb0_rank0924,Automatic,1,ok,1019.736,193,2,1,0,0,2305843009213693967:190;2305843009213693973:3,Symbolica_default,cached_powers_Q,70,27,0.463,BalancedZippelSeparated
fire7_nb0_rank0925,Automatic,1,ok,1066.517,166,2,1,0,0,2305843009213693967:163;2305843009213693973:3,Symbolica_default,cached_powers_Q,72,20,0.499,BalancedZippelSeparated
fire7_nb0_rank0926,Automatic,1,ok,1141.176,184,2,1,0,0,2305843009213693967:181;2305843009213693973:3,Symbolica_default,cached_powers_Q,35,60,0.526,BalancedZippelSeparated
fire7_nb0_rank0927,Automatic,1,ok,1007.026,184,2,1,0,0,2305843009213693967:181;2305843009213693973:3,Symbolica_default,cached_powers_Q,35,60,0.674,BalancedZippelSeparated
fire7_nb0_rank0928,Automatic,1,ok,1071.066,196,2,1,0,0,2305843009213693967:193;2305843009213693973:3,Symbolica_default,cached_powers_Q,64,33,0.449,BalancedZippelSeparated
fire7_nb0_rank0929,Automatic,1,ok,1033.926,183,2,1,0,0,2305843009213693967:180;2305843009213693973:3,Symbolica_default,cached_powers_Q,70,28,0.707,BalancedZippelSeparated
fire7_nb0_rank0930,Automatic,1,ok,1006.196,217,2,1,0,0,2305843009213693967:214;2305843009213693973:3,Symbolica_default,cached_powers_Q,72,27,0.564,BalancedZippelSeparated
fire7_nb0_rank0931,Automatic,1,ok,1005.157,188,2,1,0,0,2305843009213693967:185;2305843009213693973:3,Symbolica_default,cached_powers_Q,61,28,0.691,BalancedZippelSeparated
fire7_nb0_rank0932,Automatic,1,ok,1104.356,164,2,1,0,0,2305843009213693967:161;2305843009213693973:3,Symbolica_default,cached_powers_Q,65,25,0.571,BalancedZippelSeparated
fire7_nb0_rank0933,Automatic,1,ok,1665.530,216,2,1,0,0,2305843009213693967:213;2305843009213693973:3,Symbolica_default,cached_powers_Q,30,75,0.806,BalancedZippelSeparated
fire7_nb0_rank0934,Automatic,1,ok,1332.548,209,2,1,0,0,2305843009213693967:206;2305843009213693973:3,Symbolica_default,cached_powers_Q,65,36,0.836,BalancedZippelSeparated
fire7_nb0_rank0935,Automatic,1,ok,1354.778,184,2,1,0,0,2305843009213693967:181;2305843009213693973:3,Symbolica_default,cached_powers_Q,34,60,0.947,BalancedZippelSeparated
fire7_nb0_rank0936,Automatic,1,ok,1228.728,201,2,1,0,0,2305843009213693967:198;2305843009213693973:3,Symbolica_default,cached_powers_Q,64,36,0.501,BalancedZippelSeparated
fire7_nb0_rank0937,Automatic,1,ok,885.156,164,2,1,0,0,2305843009213693967:161;2305843009213693973:3,Symbolica_default,cached_powers_Q,63,24,0.706,BalancedZippelSeparated
fire7_nb0_rank0938,Automatic,1,ok,1409.098,269,2,1,0,0,2305843009213693967:266;2305843009213693973:3,Symbolica_default,cached_powers_Q,80,26,0.689,BalancedZippelSeparated
fire7_nb0_rank0939,Automatic,1,ok,904.415,171,2,1,0,0,2305843009213693967:168;2305843009213693973:3,Symbolica_default,cached_powers_Q,72,18,0.511,BalancedZippelSeparated
fire7_nb0_rank0940,Automatic,1,ok,982.316,152,2,1,0,0,2305843009213693967:149;2305843009213693973:3,Symbolica_default,cached_powers_Q,63,25,0.518,BalancedZippelSeparated
fire7_nb0_rank0941,Automatic,1,ok,948.656,193,2,1,0,0,2305843009213693967:190;2305843009213693973:3,Symbolica_default,cached_powers_Q,70,27,0.462,BalancedZippelSeparated
fire7_nb0_rank0942,Automatic,1,ok,1109.637,170,2,1,0,0,2305843009213693967:167;2305843009213693973:3,Symbolica_default,cached_powers_Q,65,28,0.570,BalancedZippelSeparated
fire7_nb0_rank0943,Automatic,1,ok,1076.386,209,2,1,0,0,2305843009213693967:206;2305843009213693973:3,Symbolica_default,cached_powers_Q,70,27,0.468,BalancedZippelSeparated
fire7_nb0_rank0944,Automatic,1,ok,1088.926,205,2,1,0,0,2305843009213693967:202;2305843009213693973:3,Symbolica_default,cached_powers_Q,72,20,0.712,BalancedZippelSeparated
fire7_nb0_rank0945,Automatic,1,ok,1023.366,153,2,1,0,0,2305843009213693967:150;2305843009213693973:3,Symbolica_default,cached_powers_Q,54,35,1.166,BalancedZippelSeparated
fire7_nb0_rank0946,Automatic,1,ok,1556.040,194,2,1,0,0,2305843009213693967:191;2305843009213693973:3,Symbolica_default,cached_powers_Q,71,20,0.733,BalancedZippelSeparated
fire7_nb0_rank0947,Automatic,1,ok,1183.227,148,2,1,0,0,2305843009213693967:145;2305843009213693973:3,Symbolica_default,cached_powers_Q,49,35,0.933,BalancedZippelSeparated
fire7_nb0_rank0948,Automatic,1,ok,1465.829,204,2,1,0,0,2305843009213693967:201;2305843009213693973:3,Symbolica_default,cached_powers_Q,55,36,0.597,BalancedZippelSeparated
fire7_nb0_rank0949,Automatic,1,ok,988.586,190,2,1,0,0,2305843009213693967:187;2305843009213693973:3,Symbolica_default,cached_powers_Q,65,27,0.636,BalancedZippelSeparated
fire7_nb0_rank0950,Automatic,1,ok,794.435,158,2,1,0,0,2305843009213693967:155;2305843009213693973:3,Symbolica_default,cached_powers_Q,68,15,0.695,BalancedZippelSeparated
fire7_nb0_rank0951,Automatic,1,ok,1589.959,266,2,1,0,0,2305843009213693967:263;2305843009213693973:3,Symbolica_default,cached_powers_Q,74,30,0.728,BalancedZippelSeparated
fire7_nb0_rank0952,Automatic,1,ok,920.036,176,2,1,0,0,2305843009213693967:173;2305843009213693973:3,Symbolica_default,cached_powers_Q,70,20,0.645,BalancedZippelSeparated
fire7_nb0_rank0953,Automatic,1,ok,784.875,204,2,1,0,0,2305843009213693967:201;2305843009213693973:3,Symbolica_default,cached_powers_Q,70,24,0.464,BalancedZippelSeparated
fire7_nb0_rank0954,Automatic,1,ok,1023.707,156,2,1,0,0,2305843009213693967:153;2305843009213693973:3,Symbolica_default,cached_powers_Q,72,15,0.499,BalancedZippelSeparated
fire7_nb0_rank0955,Automatic,1,ok,1168.267,195,2,1,0,0,2305843009213693967:192;2305843009213693973:3,Symbolica_default,cached_powers_Q,85,10,0.501,BalancedZippelSeparated
fire7_nb0_rank0956,Automatic,1,ok,1269.667,229,2,1,0,0,2305843009213693967:226;2305843009213693973:3,Symbolica_default,cached_powers_Q,79,20,0.636,BalancedZippelSeparated
fire7_nb0_rank0957,Automatic,1,ok,893.166,182,2,1,0,0,2305843009213693967:179;2305843009213693973:3,Symbolica_default,cached_powers_Q,65,27,0.589,BalancedZippelSeparated
fire7_nb0_rank0958,Automatic,1,ok,999.197,172,2,1,0,0,2305843009213693967:169;2305843009213693973:3,Symbolica_default,cached_powers_Q,42,48,0.433,BalancedZippelSeparated
fire7_nb0_rank0959,Automatic,1,ok,1041.806,162,2,1,0,0,2305843009213693967:159;2305843009213693973:3,Symbolica_default,cached_powers_Q,66,15,0.485,BalancedZippelSeparated
fire7_nb0_rank0960,Automatic,1,ok,1330.097,195,2,1,0,0,2305843009213693967:192;2305843009213693973:3,Symbolica_default,cached_powers_Q,72,20,0.997,BalancedZippelSeparated
fire7_nb0_rank0961,Automatic,1,ok,1073.597,172,2,1,0,0,2305843009213693967:169;2305843009213693973:3,Symbolica_default,cached_powers_Q,7,90,0.839,BalancedZippelSeparated
fire7_nb0_rank0962,Automatic,1,ok,1250.138,197,2,1,0,0,2305843009213693967:194;2305843009213693973:3,Symbolica_default,cached_powers_Q,65,27,0.822,BalancedZippelSeparated
fire7_nb0_rank0963,Automatic,1,ok,1369.348,218,2,1,0,0,2305843009213693967:215;2305843009213693973:3,Symbolica_default,cached_powers_Q,55,42,0.843,BalancedZippelSeparated
fire7_nb0_rank0964,Automatic,1,ok,1300.207,218,2,1,0,0,2305843009213693967:215;2305843009213693973:3,Symbolica_default,cached_powers_Q,55,42,0.491,BalancedZippelSeparated
fire7_nb0_rank0965,Automatic,1,ok,904.995,178,2,1,0,0,2305843009213693967:175;2305843009213693973:3,Symbolica_default,cached_powers_Q,60,27,0.461,BalancedZippelSeparated
fire7_nb0_rank0966,Automatic,1,ok,1347.537,146,2,1,0,0,2305843009213693967:143;2305843009213693973:3,Symbolica_default,cached_powers_Q,60,20,0.675,BalancedZippelSeparated
fire7_nb0_rank0967,Automatic,1,ok,903.835,171,2,1,0,0,2305843009213693967:168;2305843009213693973:3,Symbolica_default,cached_powers_Q,60,27,0.683,BalancedZippelSeparated
fire7_nb0_rank0968,Automatic,1,ok,1176.377,228,2,1,0,0,2305843009213693967:225;2305843009213693973:3,Symbolica_default,cached_powers_Q,50,45,0.585,BalancedZippelSeparated
fire7_nb0_rank0969,Automatic,1,ok,904.785,181,2,1,0,0,2305843009213693967:178;2305843009213693973:3,Symbolica_default,cached_powers_Q,55,30,0.437,BalancedZippelSeparated
fire7_nb0_rank0970,Automatic,1,ok,1063.297,187,2,1,0,0,2305843009213693967:184;2305843009213693973:3,Symbolica_default,cached_powers_Q,72,18,0.488,BalancedZippelSeparated
fire7_nb0_rank0971,Automatic,1,ok,954.376,199,2,1,0,0,2305843009213693967:196;2305843009213693973:3,Symbolica_default,cached_powers_Q,64,27,0.493,BalancedZippelSeparated
fire7_nb0_rank0972,Automatic,1,ok,1131.497,178,2,1,0,0,2305843009213693967:175;2305843009213693973:3,Symbolica_default,cached_powers_Q,59,27,0.840,BalancedZippelSeparated
fire7_nb0_rank0973,Automatic,1,ok,847.815,142,2,1,0,0,2305843009213693967:139;2305843009213693973:3,Symbolica_default,cached_powers_Q,54,25,1.051,BalancedZippelSeparated
fire7_nb0_rank0974,Automatic,1,ok,1343.718,220,2,1,0,0,2305843009213693967:217;2305843009213693973:3,Symbolica_default,cached_powers_Q,50,45,0.822,BalancedZippelSeparated
fire7_nb0_rank0975,Automatic,1,ok,1313.448,228,2,1,0,0,2305843009213693967:225;2305843009213693973:3,Symbolica_default,cached_powers_Q,50,45,0.464,BalancedZippelSeparated
fire7_nb0_rank0976,Automatic,1,ok,798.285,164,2,1,0,0,2305843009213693967:161;2305843009213693973:3,Symbolica_default,cached_powers_Q,52,36,0.553,BalancedZippelSeparated
fire7_nb0_rank0977,Automatic,1,ok,856.345,178,2,1,0,0,2305843009213693967:175;2305843009213693973:3,Symbolica_default,cached_powers_Q,65,24,0.581,BalancedZippelSeparated
fire7_nb0_rank0978,Automatic,1,ok,873.116,164,2,1,0,0,2305843009213693967:161;2305843009213693973:3,Symbolica_default,cached_powers_Q,71,15,0.610,BalancedZippelSeparated
fire7_nb0_rank0979,Automatic,1,ok,788.465,154,2,1,0,0,2305843009213693967:151;2305843009213693973:3,Symbolica_default,cached_powers_Q,41,45,0.545,BalancedZippelSeparated
fire7_nb0_rank0980,Automatic,1,ok,1730.070,241,2,1,0,0,2305843009213693967:238;2305843009213693973:3,Symbolica_default,cached_powers_Q,60,30,0.954,BalancedZippelSeparated
fire7_nb0_rank0981,Automatic,1,ok,1810.611,273,2,1,0,0,2305843009213693967:270;2305843009213693973:3,Symbolica_default,cached_powers_Q,73,21,0.939,BalancedZippelSeparated
fire7_nb0_rank0982,Automatic,1,ok,1343.819,170,2,1,0,0,2305843009213693967:167;2305843009213693973:3,Symbolica_default,cached_powers_Q,56,32,0.644,BalancedZippelSeparated
fire7_nb0_rank0983,Automatic,1,ok,1273.458,170,2,1,0,0,2305843009213693967:167;2305843009213693973:3,Symbolica_default,cached_powers_Q,65,21,1.014,BalancedZippelSeparated
fire7_nb0_rank0984,Automatic,1,ok,1183.778,150,2,1,0,0,2305843009213693967:147;2305843009213693973:3,Symbolica_default,cached_powers_Q,66,15,0.887,BalancedZippelSeparated
fire7_nb0_rank0985,Automatic,1,ok,863.025,168,2,1,0,0,2305843009213693967:165;2305843009213693973:3,Symbolica_default,cached_powers_Q,42,50,0.579,BalancedZippelSeparated
fire7_nb0_rank0986,Automatic,1,ok,1027.446,191,2,1,0,0,2305843009213693967:188;2305843009213693973:3,Symbolica_default,cached_powers_Q,30,56,3.729,BalancedZippelSeparated
fire7_nb0_rank0987,Automatic,1,ok,1022.056,155,2,1,0,0,2305843009213693967:152;2305843009213693973:3,Symbolica_default,cached_powers_Q,54,28,0.541,BalancedZippelSeparated
fire7_nb0_rank0988,Automatic,1,ok,1045.467,196,2,1,0,0,2305843009213693967:193;2305843009213693973:3,Symbolica_default,cached_powers_Q,57,33,0.431,BalancedZippelSeparated
fire7_nb0_rank0989,Automatic,1,ok,921.675,149,2,1,0,0,2305843009213693967:146;2305843009213693973:3,Symbolica_default,cached_powers_Q,61,20,0.463,BalancedZippelSeparated
fire7_nb0_rank0990,Automatic,1,ok,1331.359,216,2,1,0,0,2305843009213693967:213;2305843009213693973:3,Symbolica_default,cached_powers_Q,70,20,0.935,BalancedZippelSeparated
fire7_nb0_rank0991,Automatic,1,ok,1755.320,247,2,1,0,0,2305843009213693967:244;2305843009213693973:3,Symbolica_default,cached_powers_Q,67,30,0.998,BalancedZippelSeparated
fire7_nb0_rank0992,Automatic,1,ok,1106.527,178,2,1,0,0,2305843009213693967:175;2305843009213693973:3,Symbolica_default,cached_powers_Q,69,12,1.053,BalancedZippelSeparated
fire7_nb0_rank0993,Automatic,1,ok,1151.297,180,2,1,0,0,2305843009213693967:177;2305843009213693973:3,Symbolica_default,cached_powers_Q,60,27,0.826,BalancedZippelSeparated
fire7_nb0_rank0994,Automatic,1,ok,1224.718,152,2,1,0,0,2305843009213693967:149;2305843009213693973:3,Symbolica_default,cached_powers_Q,48,36,0.620,BalancedZippelSeparated
fire7_nb0_rank0995,Automatic,1,ok,969.966,200,2,1,0,0,2305843009213693967:197;2305843009213693973:3,Symbolica_default,cached_powers_Q,56,39,0.579,BalancedZippelSeparated
fire7_nb0_rank0996,Automatic,1,ok,2882.757,152,2,1,0,0,2305843009213693967:149;2305843009213693973:3,Symbolica_default,cached_powers_Q,48,36,0.427,BalancedZippelSeparated
fire7_nb0_rank0997,Automatic,1,ok,1066.747,201,2,1,0,0,2305843009213693967:198;2305843009213693973:3,Symbolica_default,cached_powers_Q,50,39,0.428,BalancedZippelSeparated
fire7_nb0_rank0998,Automatic,1,ok,787.904,192,2,1,0,0,2305843009213693967:189;2305843009213693973:3,Symbolica_default,cached_powers_Q,50,39,0.432,BalancedZippelSeparated
fire7_nb0_rank0999,Automatic,1,ok,1044.796,184,2,1,0,0,2305843009213693967:181;2305843009213693973:3,Symbolica_default,cached_powers_Q,70,15,0.486,BalancedZippelSeparated
fire7_nb0_rank1000,Automatic,1,ok,949.986,147,2,1,0,0,2305843009213693967:144;2305843009213693973:3,Symbolica_default,cached_powers_Q,63,15,0.504,BalancedZippelSeparated
fire7_nb0_rank1001,Automatic,1,ok,1129.877,170,2,1,0,0,2305843009213693967:167;2305843009213693973:3,Symbolica_default,cached_powers_Q,54,27,0.864,BalancedZippelSeparated
fire7_nb0_rank1002,Automatic,1,ok,1343.128,212,2,1,0,0,2305843009213693967:209;2305843009213693973:3,Symbolica_default,cached_powers_Q,56,36,0.925,BalancedZippelSeparated
fire7_nb0_rank1003,Automatic,1,ok,1275.628,168,2,1,0,0,2305843009213693967:165;2305843009213693973:3,Symbolica_default,cached_powers_Q,59,27,1.015,BalancedZippelSeparated
fire7_nb0_rank1004,Automatic,1,ok,879.415,150,2,1,0,0,2305843009213693967:147;2305843009213693973:3,Symbolica_default,cached_powers_Q,35,45,1.152,BalancedZippelSeparated
fire7_nb0_rank1005,Automatic,1,ok,804.414,157,2,1,0,0,2305843009213693967:154;2305843009213693973:3,Symbolica_default,cached_powers_Q,65,15,0.490,BalancedZippelSeparated
fire7_nb0_rank1006,Automatic,1,ok,993.836,153,2,1,0,0,2305843009213693967:150;2305843009213693973:3,Symbolica_default,cached_powers_Q,54,28,0.539,BalancedZippelSeparated
fire7_nb0_rank1007,Automatic,1,ok,868.115,173,2,1,0,0,2305843009213693967:170;2305843009213693973:3,Symbolica_default,cached_powers_Q,21,60,0.622,BalancedZippelSeparated
fire7_nb0_rank1008,Automatic,1,ok,1244.927,245,2,1,0,0,2305843009213693967:242;2305843009213693973:3,Symbolica_default,cached_powers_Q,68,26,0.651,BalancedZippelSeparated
fire7_nb0_rank1009,Automatic,1,ok,779.124,157,2,1,0,0,2305843009213693967:154;2305843009213693973:3,Symbolica_default,cached_powers_Q,48,36,0.428,BalancedZippelSeparated
fire7_nb0_rank1010,Automatic,1,ok,900.975,155,2,1,0,0,2305843009213693967:152;2305843009213693973:3,Symbolica_default,cached_powers_Q,63,20,0.671,BalancedZippelSeparated
fire7_nb0_rank1011,Automatic,1,ok,1257.527,138,2,1,0,0,2305843009213693967:135;2305843009213693973:3,Symbolica_default,cached_powers_Q,54,20,0.694,BalancedZippelSeparated
fire7_nb0_rank1012,Automatic,1,ok,1173.467,163,2,1,0,0,2305843009213693967:160;2305843009213693973:3,Symbolica_default,cached_powers_Q,60,24,0.939,BalancedZippelSeparated
fire7_nb0_rank1013,Automatic,1,ok,727.504,149,2,1,0,0,2305843009213693967:146;2305843009213693973:3,Symbolica_default,cached_powers_Q,48,32,0.638,BalancedZippelSeparated
fire7_nb0_rank1014,Automatic,1,ok,1148.127,144,2,1,0,0,2305843009213693967:141;2305843009213693973:3,Symbolica_default,cached_powers_Q,54,28,0.931,BalancedZippelSeparated
fire7_nb0_rank1015,Automatic,1,ok,1003.116,185,2,1,0,0,2305843009213693967:182;2305843009213693973:3,Symbolica_default,cached_powers_Q,64,21,0.739,BalancedZippelSeparated
fire7_nb0_rank1016,Automatic,1,ok,825.655,147,2,1,0,0,2305843009213693967:144;2305843009213693973:3,Symbolica_default,cached_powers_Q,66,12,0.475,BalancedZippelSeparated
fire7_nb0_rank1017,Automatic,1,ok,1039.106,176,2,1,0,0,2305843009213693967:173;2305843009213693973:3,Symbolica_default,cached_powers_Q,65,18,0.680,BalancedZippelSeparated
fire7_nb0_rank1018,Automatic,1,ok,852.085,168,2,1,0,0,2305843009213693967:165;2305843009213693973:3,Symbolica_default,cached_powers_Q,54,27,0.925,BalancedZippelSeparated
fire7_nb0_rank1019,Automatic,1,ok,1181.796,178,2,1,0,0,2305843009213693967:175;2305843009213693973:3,Symbolica_default,cached_powers_Q,21,72,0.852,BalancedZippelSeparated
fire7_nb0_rank1020,Automatic,1,ok,1022.076,157,2,1,0,0,2305843009213693967:154;2305843009213693973:3,Symbolica_default,cached_powers_Q,65,15,0.848,BalancedZippelSeparated
fire7_nb0_rank1021,Automatic,1,ok,1043.176,158,2,1,0,0,2305843009213693967:155;2305843009213693973:3,Symbolica_default,cached_powers_Q,66,15,0.519,BalancedZippelSeparated
fire7_nb0_rank1022,Automatic,1,ok,1292.628,180,2,1,0,0,2305843009213693967:177;2305843009213693973:3,Symbolica_default,cached_powers_Q,30,56,0.919,BalancedZippelSeparated
fire7_nb0_rank1023,Automatic,1,ok,835.735,167,2,1,0,0,2305843009213693967:164;2305843009213693973:3,Symbolica_default,cached_powers_Q,70,12,0.609,BalancedZippelSeparated
fire7_nb0_rank1024,Automatic,1,ok,1108.216,212,2,1,0,0,2305843009213693967:209;2305843009213693973:3,Symbolica_default,cached_powers_Q,56,36,0.441,BalancedZippelSeparated
fire7_nb0_rank1025,Automatic,1,ok,770.805,134,2,1,0,0,2305843009213693967:131;2305843009213693973:3,Symbolica_default,cached_powers_Q,42,42,0.623,BalancedZippelSeparated
fire7_nb0_rank1026,Automatic,1,ok,730.605,156,2,1,0,0,2305843009213693967:153;2305843009213693973:3,Symbolica_default,cached_powers_Q,54,27,0.524,BalancedZippelSeparated
fire7_nb0_rank1027,Automatic,1,ok,872.615,166,2,1,0,0,2305843009213693967:163;2305843009213693973:3,Symbolica_default,cached_powers_Q,54,27,0.418,BalancedZippelSeparated
fire7_nb0_rank1028,Automatic,1,ok,1214.918,162,2,1,0,0,2305843009213693967:159;2305843009213693973:3,Symbolica_default,cached_powers_Q,64,20,0.745,BalancedZippelSeparated
fire7_nb0_rank1029,Automatic,1,ok,996.046,145,2,1,0,0,2305843009213693967:142;2305843009213693973:3,Symbolica_default,cached_powers_Q,59,16,0.789,BalancedZippelSeparated
fire7_nb0_rank1030,Automatic,1,ok,1327.908,211,2,1,0,0,2305843009213693967:208;2305843009213693973:3,Symbolica_default,cached_powers_Q,60,24,0.917,BalancedZippelSeparated
fire7_nb0_rank1031,Automatic,1,ok,1369.288,189,2,1,0,0,2305843009213693967:186;2305843009213693973:3,Symbolica_default,cached_powers_Q,30,56,0.984,BalancedZippelSeparated
fire7_nb0_rank1032,Automatic,1,ok,753.214,147,2,1,0,0,2305843009213693967:144;2305843009213693973:3,Symbolica_default,cached_powers_Q,54,32,0.565,BalancedZippelSeparated
fire7_nb0_rank1033,Automatic,1,ok,885.225,177,2,1,0,0,2305843009213693967:174;2305843009213693973:3,Symbolica_default,cached_powers_Q,40,48,0.514,BalancedZippelSeparated
fire7_nb0_rank1034,Automatic,1,ok,998.736,226,2,1,0,0,2305843009213693967:223;2305843009213693973:3,Symbolica_default,cached_powers_Q,18,72,0.617,BalancedZippelSeparated
fire7_nb0_rank1035,Automatic,1,ok,821.365,142,2,1,0,0,2305843009213693967:139;2305843009213693973:3,Symbolica_default,cached_powers_Q,54,28,0.661,BalancedZippelSeparated
fire7_nb0_rank1036,Automatic,1,ok,949.426,147,2,1,0,0,2305843009213693967:144;2305843009213693973:3,Symbolica_default,cached_powers_Q,42,36,0.470,BalancedZippelSeparated
fire7_nb0_rank1037,Automatic,1,ok,745.774,175,2,1,0,0,2305843009213693967:172;2305843009213693973:3,Symbolica_default,cached_powers_Q,7,80,0.405,BalancedZippelSeparated
fire7_nb0_rank1038,Automatic,1,ok,852.346,165,2,1,0,0,2305843009213693967:162;2305843009213693973:3,Symbolica_default,cached_powers_Q,60,21,0.583,BalancedZippelSeparated
fire7_nb0_rank1039,Automatic,1,ok,1706.060,229,2,1,0,0,2305843009213693967:226;2305843009213693973:3,Symbolica_default,cached_powers_Q,56,28,0.617,BalancedZippelSeparated
fire7_nb0_rank1040,Automatic,1,ok,1485.888,201,2,1,0,0,2305843009213693967:198;2305843009213693973:3,Symbolica_default,cached_powers_Q,68,14,0.700,BalancedZippelSeparated
fire7_nb0_rank1041,Automatic,1,ok,1144.746,178,2,1,0,0,2305843009213693967:175;2305843009213693973:3,Symbolica_default,cached_powers_Q,50,36,0.496,BalancedZippelSeparated
fire7_nb0_rank1042,Automatic,1,ok,981.996,147,2,1,0,0,2305843009213693967:144;2305843009213693973:3,Symbolica_default,cached_powers_Q,48,32,0.819,BalancedZippelSeparated
fire7_nb0_rank1043,Automatic,1,ok,838.745,144,2,1,0,0,2305843009213693967:141;2305843009213693973:3,Symbolica_default,cached_powers_Q,54,20,0.514,BalancedZippelSeparated
fire7_nb0_rank1044,Automatic,1,ok,738.884,158,2,1,0,0,2305843009213693967:155;2305843009213693973:3,Symbolica_default,cached_powers_Q,64,10,0.454,BalancedZippelSeparated
fire7_nb0_rank1045,Automatic,1,ok,712.694,147,2,1,0,0,2305843009213693967:144;2305843009213693973:3,Symbolica_default,cached_powers_Q,47,32,0.532,BalancedZippelSeparated
fire7_nb0_rank1046,Automatic,1,ok,744.254,149,2,1,0,0,2305843009213693967:146;2305843009213693973:3,Symbolica_default,cached_powers_Q,48,32,0.395,BalancedZippelSeparated
fire7_nb0_rank1047,Automatic,1,ok,935.845,159,2,1,0,0,2305843009213693967:156;2305843009213693973:3,Symbolica_default,cached_powers_Q,42,36,0.456,BalancedZippelSeparated
fire7_nb0_rank1048,Automatic,1,ok,664.504,151,2,1,0,0,2305843009213693967:148;2305843009213693973:3,Symbolica_default,cached_powers_Q,60,20,0.717,BalancedZippelSeparated
fire7_nb0_rank1049,Automatic,1,ok,1271.278,229,2,1,0,0,2305843009213693967:226;2305843009213693973:3,Symbolica_default,cached_powers_Q,56,28,0.487,BalancedZippelSeparated
fire7_nb0_rank1050,Automatic,1,ok,1009.406,179,2,1,0,0,2305843009213693967:176;2305843009213693973:3,Symbolica_default,cached_powers_Q,58,21,0.521,BalancedZippelSeparated
fire7_nb0_rank1051,Automatic,1,ok,670.244,158,2,1,0,0,2305843009213693967:155;2305843009213693973:3,Symbolica_default,cached_powers_Q,59,18,0.462,BalancedZippelSeparated
fire7_nb0_rank1052,Automatic,1,ok,1103.157,186,2,1,0,0,2305843009213693967:183;2305843009213693973:3,Symbolica_default,cached_powers_Q,24,56,0.498,BalancedZippelSeparated
fire7_nb0_rank1053,Automatic,1,ok,817.205,163,2,1,0,0,2305843009213693967:160;2305843009213693973:3,Symbolica_default,cached_powers_Q,64,15,0.459,BalancedZippelSeparated
fire7_nb0_rank1054,Automatic,1,ok,856.955,137,2,1,0,0,2305843009213693967:134;2305843009213693973:3,Symbolica_default,cached_powers_Q,42,35,0.743,BalancedZippelSeparated
fire7_nb0_rank1055,Automatic,1,ok,884.545,131,2,1,0,0,2305843009213693967:128;2305843009213693973:3,Symbolica_default,cached_powers_Q,42,35,0.512,BalancedZippelSeparated
fire7_nb0_rank1056,Automatic,1,ok,895.765,143,2,1,0,0,2305843009213693967:140;2305843009213693973:3,Symbolica_default,cached_powers_Q,48,28,0.760,BalancedZippelSeparated
fire7_nb0_rank1057,Automatic,1,ok,746.474,148,2,1,0,0,2305843009213693967:145;2305843009213693973:3,Symbolica_default,cached_powers_Q,42,36,0.538,BalancedZippelSeparated
fire7_nb0_rank1058,Automatic,1,ok,887.525,153,2,1,0,0,2305843009213693967:150;2305843009213693973:3,Symbolica_default,cached_powers_Q,42,36,0.405,BalancedZippelSeparated
fire7_nb0_rank1059,Automatic,1,ok,823.465,178,2,1,0,0,2305843009213693967:175;2305843009213693973:3,Symbolica_default,cached_powers_Q,49,36,0.409,BalancedZippelSeparated
fire7_nb0_rank1060,Automatic,1,ok,998.177,229,2,1,0,0,2305843009213693967:226;2305843009213693973:3,Symbolica_default,cached_powers_Q,56,28,0.720,BalancedZippelSeparated
fire7_nb0_rank1061,Automatic,1,ok,1022.036,185,2,1,0,0,2305843009213693967:182;2305843009213693973:3,Symbolica_default,cached_powers_Q,6,80,0.611,BalancedZippelSeparated
fire7_nb0_rank1062,Automatic,1,ok,1114.746,185,2,1,0,0,2305843009213693967:182;2305843009213693973:3,Symbolica_default,cached_powers_Q,62,21,1.098,BalancedZippelSeparated
fire7_nb0_rank1063,Automatic,1,ok,1280.987,196,2,1,0,0,2305843009213693967:193;2305843009213693973:3,Symbolica_default,cached_powers_Q,59,20,0.925,BalancedZippelSeparated
fire7_nb0_rank1064,Automatic,1,ok,1149.357,148,2,1,0,0,2305843009213693967:145;2305843009213693973:3,Symbolica_default,cached_powers_Q,35,45,0.771,BalancedZippelSeparated
fire7_nb0_rank1065,Automatic,1,ok,1453.509,176,2,1,0,0,2305843009213693967:173;2305843009213693973:3,Symbolica_default,cached_powers_Q,59,21,0.790,BalancedZippelSeparated
fire7_nb0_rank1066,Automatic,1,ok,977.156,148,2,1,0,0,2305843009213693967:145;2305843009213693973:3,Symbolica_default,cached_powers_Q,35,45,0.515,BalancedZippelSeparated
fire7_nb0_rank1067,Automatic,1,ok,1288.217,262,2,1,0,0,2305843009213693967:259;2305843009213693973:3,Symbolica_default,cached_powers_Q,64,14,0.559,BalancedZippelSeparated
fire7_nb0_rank1068,Automatic,1,ok,694.314,152,2,1,0,0,2305843009213693967:149;2305843009213693973:3,Symbolica_default,cached_powers_Q,60,20,0.693,BalancedZippelSeparated
fire7_nb0_rank1069,Automatic,1,ok,811.025,155,2,1,0,0,2305843009213693967:152;2305843009213693973:3,Symbolica_default,cached_powers_Q,64,12,0.578,BalancedZippelSeparated
fire7_nb0_rank1070,Automatic,1,ok,915.395,160,2,1,0,0,2305843009213693967:157;2305843009213693973:3,Symbolica_default,cached_powers_Q,56,20,0.436,BalancedZippelSeparated
fire7_nb0_rank1071,Automatic,1,ok,862.795,173,2,1,0,0,2305843009213693967:170;2305843009213693973:3,Symbolica_default,cached_powers_Q,65,12,0.446,BalancedZippelSeparated
fire7_nb0_rank1072,Automatic,1,ok,1169.867,169,2,1,0,0,2305843009213693967:166;2305843009213693973:3,Symbolica_default,cached_powers_Q,60,18,0.912,BalancedZippelSeparated
fire7_nb0_rank1073,Automatic,1,ok,946.005,196,2,1,0,0,2305843009213693967:193;2305843009213693973:3,Symbolica_default,cached_powers_Q,68,12,0.707,BalancedZippelSeparated
fire7_nb0_rank1074,Automatic,1,ok,717.884,126,2,1,0,0,2305843009213693967:123;2305843009213693973:3,Symbolica_default,cached_powers_Q,42,30,0.419,BalancedZippelSeparated
fire7_nb0_rank1075,Automatic,1,ok,1031.146,166,2,1,0,0,2305843009213693967:163;2305843009213693973:3,Symbolica_default,cached_powers_Q,55,21,0.524,BalancedZippelSeparated
fire7_nb0_rank1076,Automatic,1,ok,993.986,157,2,1,0,0,2305843009213693967:154;2305843009213693973:3,Symbolica_default,cached_powers_Q,64,12,0.696,BalancedZippelSeparated
fire7_nb0_rank1077,Automatic,1,ok,665.674,162,2,1,0,0,2305843009213693967:159;2305843009213693973:3,Symbolica_default,cached_powers_Q,56,20,0.471,BalancedZippelSeparated
fire7_nb0_rank1078,Automatic,1,ok,1074.026,171,2,1,0,0,2305843009213693967:168;2305843009213693973:3,Symbolica_default,cached_powers_Q,60,18,0.813,BalancedZippelSeparated
fire7_nb0_rank1079,Automatic,1,ok,902.215,179,2,1,0,0,2305843009213693967:176;2305843009213693973:3,Symbolica_default,cached_powers_Q,56,24,0.901,BalancedZippelSeparated
fire7_nb0_rank1080,Automatic,1,ok,1140.346,178,2,1,0,0,2305843009213693967:175;2305843009213693973:3,Symbolica_default,cached_powers_Q,67,12,0.798,BalancedZippelSeparated
fire7_nb0_rank1081,Automatic,1,ok,719.434,165,2,1,0,0,2305843009213693967:162;2305843009213693973:3,Symbolica_default,cached_powers_Q,18,60,0.851,BalancedZippelSeparated
fire7_nb0_rank1082,Automatic,1,ok,1203.327,163,2,1,0,0,2305843009213693967:160;2305843009213693973:3,Symbolica_default,cached_powers_Q,60,15,0.621,BalancedZippelSeparated
fire7_nb0_rank1083,Automatic,1,ok,1158.006,158,2,1,0,0,2305843009213693967:155;2305843009213693973:3,Symbolica_default,cached_powers_Q,48,27,0.565,BalancedZippelSeparated
fire7_nb0_rank1084,Automatic,1,ok,823.615,150,2,1,0,0,2305843009213693967:147;2305843009213693973:3,Symbolica_default,cached_powers_Q,50,28,0.609,BalancedZippelSeparated
fire7_nb0_rank1085,Automatic,1,ok,828.405,148,2,1,0,0,2305843009213693967:145;2305843009213693973:3,Symbolica_default,cached_powers_Q,48,27,0.382,BalancedZippelSeparated
fire7_nb0_rank1086,Automatic,1,ok,796.115,159,2,1,0,0,2305843009213693967:156;2305843009213693973:3,Symbolica_default,cached_powers_Q,56,20,0.570,BalancedZippelSeparated
fire7_nb0_rank1087,Automatic,1,ok,792.995,136,2,1,0,0,2305843009213693967:133;2305843009213693973:3,Symbolica_default,cached_powers_Q,53,20,0.649,BalancedZippelSeparated
fire7_nb0_rank1088,Automatic,1,ok,1050.366,158,2,1,0,0,2305843009213693967:155;2305843009213693973:3,Symbolica_default,cached_powers_Q,65,9,0.852,BalancedZippelSeparated
fire7_nb0_rank1089,Automatic,1,ok,960.626,142,2,1,0,0,2305843009213693967:139;2305843009213693973:3,Symbolica_default,cached_powers_Q,60,12,0.668,BalancedZippelSeparated
fire7_nb0_rank1090,Automatic,1,ok,849.185,160,2,1,0,0,2305843009213693967:157;2305843009213693973:3,Symbolica_default,cached_powers_Q,52,24,0.926,BalancedZippelSeparated
fire7_nb0_rank1091,Automatic,1,ok,714.824,169,2,1,0,0,2305843009213693967:166;2305843009213693973:3,Symbolica_default,cached_powers_Q,56,20,0.738,BalancedZippelSeparated
fire7_nb0_rank1092,Automatic,1,ok,951.126,189,2,1,0,0,2305843009213693967:186;2305843009213693973:3,Symbolica_default,cached_powers_Q,65,12,0.477,BalancedZippelSeparated
fire7_nb0_rank1093,Automatic,1,ok,735.974,126,2,1,0,0,2305843009213693967:123;2305843009213693973:3,Symbolica_default,cached_powers_Q,49,18,0.532,BalancedZippelSeparated
fire7_nb0_rank1094,Automatic,1,ok,840.915,167,2,1,0,0,2305843009213693967:164;2305843009213693973:3,Symbolica_default,cached_powers_Q,53,21,0.609,BalancedZippelSeparated
fire7_nb0_rank1095,Automatic,1,ok,1015.556,178,2,1,0,0,2305843009213693967:175;2305843009213693973:3,Symbolica_default,cached_powers_Q,55,18,0.468,BalancedZippelSeparated
fire7_nb0_rank1096,Automatic,1,ok,948.965,143,2,1,0,0,2305843009213693967:140;2305843009213693973:3,Symbolica_default,cached_powers_Q,45,28,0.488,BalancedZippelSeparated
fire7_nb0_rank1097,Automatic,1,ok,730.064,144,2,1,0,0,2305843009213693967:141;2305843009213693973:3,Symbolica_default,cached_powers_Q,62,12,0.556,BalancedZippelSeparated
fire7_nb0_rank1098,Automatic,1,ok,639.934,168,2,1,0,0,2305843009213693967:165;2305843009213693973:3,Symbolica_default,cached_powers_Q,49,30,0.395,BalancedZippelSeparated
fire7_nb0_rank1099,Automatic,1,ok,813.595,158,2,1,0,0,2305843009213693967:155;2305843009213693973:3,Symbolica_default,cached_powers_Q,56,20,0.430,BalancedZippelSeparated
fire7_nb0_rank1100,Automatic,1,ok,928.976,184,2,1,0,0,2305843009213693967:181;2305843009213693973:3,Symbolica_default,cached_powers_Q,45,36,0.729,BalancedZippelSeparated
fire7_nb0_rank1101,Automatic,1,ok,1072.336,165,2,1,0,0,2305843009213693967:162;2305843009213693973:3,Symbolica_default,cached_powers_Q,45,36,0.771,BalancedZippelSeparated
fire7_nb0_rank1102,Automatic,1,ok,1015.715,154,2,1,0,0,2305843009213693967:151;2305843009213693973:3,Symbolica_default,cached_powers_Q,53,18,0.863,BalancedZippelSeparated
fire7_nb0_rank1103,Automatic,1,ok,893.035,144,2,1,0,0,2305843009213693967:141;2305843009213693973:3,Symbolica_default,cached_powers_Q,30,45,1.018,BalancedZippelSeparated
fire7_nb0_rank1104,Automatic,1,ok,874.385,138,2,1,0,0,2305843009213693967:135;2305843009213693973:3,Symbolica_default,cached_powers_Q,30,45,0.950,BalancedZippelSeparated
fire7_nb0_rank1105,Automatic,1,ok,1151.037,135,2,1,0,0,2305843009213693967:132;2305843009213693973:3,Symbolica_default,cached_powers_Q,30,45,0.875,BalancedZippelSeparated
fire7_nb0_rank1106,Automatic,1,ok,671.374,138,2,1,0,0,2305843009213693967:135;2305843009213693973:3,Symbolica_default,cached_powers_Q,30,45,0.519,BalancedZippelSeparated
fire7_nb0_rank1107,Automatic,1,ok,965.535,173,2,1,0,0,2305843009213693967:170;2305843009213693973:3,Symbolica_default,cached_powers_Q,56,27,0.411,BalancedZippelSeparated
fire7_nb0_rank1108,Automatic,1,ok,943.375,154,2,1,0,0,2305843009213693967:151;2305843009213693973:3,Symbolica_default,cached_powers_Q,52,28,0.477,BalancedZippelSeparated
fire7_nb0_rank1109,Automatic,1,ok,912.926,165,2,1,0,0,2305843009213693967:162;2305843009213693973:3,Symbolica_default,cached_powers_Q,18,60,0.658,BalancedZippelSeparated
fire7_nb0_rank1110,Automatic,1,ok,1087.416,168,2,1,0,0,2305843009213693967:165;2305843009213693973:3,Symbolica_default,cached_powers_Q,6,72,0.674,BalancedZippelSeparated
fire7_nb0_rank1111,Automatic,1,ok,812.245,142,2,1,0,0,2305843009213693967:139;2305843009213693973:3,Symbolica_default,cached_powers_Q,36,36,0.590,BalancedZippelSeparated
fire7_nb0_rank1112,Automatic,1,ok,994.556,143,2,1,0,0,2305843009213693967:140;2305843009213693973:3,Symbolica_default,cached_powers_Q,54,20,0.820,BalancedZippelSeparated
fire7_nb0_rank1113,Automatic,1,ok,819.125,125,2,1,0,0,2305843009213693967:122;2305843009213693973:3,Symbolica_default,cached_powers_Q,48,20,0.750,BalancedZippelSeparated
fire7_nb0_rank1114,Automatic,1,ok,788.505,144,2,1,0,0,2305843009213693967:141;2305843009213693973:3,Symbolica_default,cached_powers_Q,30,45,0.593,BalancedZippelSeparated
fire7_nb0_rank1115,Automatic,1,ok,835.245,143,2,1,0,0,2305843009213693967:140;2305843009213693973:3,Symbolica_default,cached_powers_Q,28,36,0.556,BalancedZippelSeparated
fire7_nb0_rank1116,Automatic,1,ok,867.925,150,2,1,0,0,2305843009213693967:147;2305843009213693973:3,Symbolica_default,cached_powers_Q,40,36,0.768,BalancedZippelSeparated
fire7_nb0_rank1117,Automatic,1,ok,792.765,144,2,1,0,0,2305843009213693967:141;2305843009213693973:3,Symbolica_default,cached_powers_Q,30,45,0.445,BalancedZippelSeparated
fire7_nb0_rank1118,Automatic,1,ok,813.325,125,2,1,0,0,2305843009213693967:122;2305843009213693973:3,Symbolica_default,cached_powers_Q,48,15,0.389,BalancedZippelSeparated
fire7_nb0_rank1119,Automatic,1,ok,701.894,142,2,1,0,0,2305843009213693967:139;2305843009213693973:3,Symbolica_default,cached_powers_Q,35,36,0.492,BalancedZippelSeparated
fire7_nb0_rank1120,Automatic,1,ok,999.146,134,2,1,0,0,2305843009213693967:131;2305843009213693973:3,Symbolica_default,cached_powers_Q,42,21,0.671,BalancedZippelSeparated
fire7_nb0_rank1121,Automatic,1,ok,1134.937,143,2,1,0,0,2305843009213693967:140;2305843009213693973:3,Symbolica_default,cached_powers_Q,54,15,0.621,BalancedZippelSeparated
fire7_nb0_rank1122,Automatic,1,ok,1104.927,137,2,1,0,0,2305843009213693967:134;2305843009213693973:3,Symbolica_default,cached_powers_Q,54,12,0.589,BalancedZippelSeparated
fire7_nb0_rank1123,Automatic,1,ok,994.596,143,2,1,0,0,2305843009213693967:140;2305843009213693973:3,Symbolica_default,cached_powers_Q,54,15,0.843,BalancedZippelSeparated
fire7_nb0_rank1124,Automatic,1,ok,870.555,147,2,1,0,0,2305843009213693967:144;2305843009213693973:3,Symbolica_default,cached_powers_Q,50,21,0.919,BalancedZippelSeparated
fire7_nb0_rank1125,Automatic,1,ok,886.925,150,2,1,0,0,2305843009213693967:147;2305843009213693973:3,Symbolica_default,cached_powers_Q,40,36,0.523,BalancedZippelSeparated
fire7_nb0_rank1126,Automatic,1,ok,670.134,136,2,1,0,0,2305843009213693967:133;2305843009213693973:3,Symbolica_default,cached_powers_Q,40,32,0.404,BalancedZippelSeparated
fire7_nb0_rank1127,Automatic,1,ok,989.946,186,2,1,0,0,2305843009213693967:183;2305843009213693973:3,Symbolica_default,cached_powers_Q,39,39,0.401,BalancedZippelSeparated
fire7_nb0_rank1128,Automatic,1,ok,951.656,204,2,1,0,0,2305843009213693967:201;2305843009213693973:3,Symbolica_default,cached_powers_Q,55,26,0.596,BalancedZippelSeparated
fire7_nb0_rank1129,Automatic,1,ok,833.295,157,2,1,0,0,2305843009213693967:154;2305843009213693973:3,Symbolica_default,cached_powers_Q,47,21,0.607,BalancedZippelSeparated
fire7_nb0_rank1130,Automatic,1,ok,983.806,145,2,1,0,0,2305843009213693967:142;2305843009213693973:3,Symbolica_default,cached_powers_Q,54,15,0.422,BalancedZippelSeparated
fire7_nb0_rank1131,Automatic,1,ok,984.796,152,2,1,0,0,2305843009213693967:149;2305843009213693973:3,Symbolica_default,cached_powers_Q,45,27,0.817,BalancedZippelSeparated
fire7_nb0_rank1132,Automatic,1,ok,992.936,134,2,1,0,0,2305843009213693967:131;2305843009213693973:3,Symbolica_default,cached_powers_Q,42,28,0.889,BalancedZippelSeparated
fire7_nb0_rank1133,Automatic,1,ok,985.866,160,2,1,0,0,2305843009213693967:157;2305843009213693973:3,Symbolica_default,cached_powers_Q,49,27,0.710,BalancedZippelSeparated
fire7_nb0_rank1134,Automatic,1,ok,907.495,150,2,1,0,0,2305843009213693967:147;2305843009213693973:3,Symbolica_default,cached_powers_Q,40,36,1.033,BalancedZippelSeparated
fire7_nb0_rank1135,Automatic,1,ok,824.405,159,2,1,0,0,2305843009213693967:156;2305843009213693973:3,Symbolica_default,cached_powers_Q,49,21,0.618,BalancedZippelSeparated
fire7_nb0_rank1136,Automatic,1,ok,821.095,130,2,1,0,0,2305843009213693967:127;2305843009213693973:3,Symbolica_default,cached_powers_Q,45,20,0.435,BalancedZippelSeparated
fire7_nb0_rank1137,Automatic,1,ok,710.994,138,2,1,0,0,2305843009213693967:135;2305843009213693973:3,Symbolica_default,cached_powers_Q,51,15,0.566,BalancedZippelSeparated
fire7_nb0_rank1138,Automatic,1,ok,988.406,178,2,1,0,0,2305843009213693967:175;2305843009213693973:3,Symbolica_default,cached_powers_Q,56,18,0.454,BalancedZippelSeparated
fire7_nb0_rank1139,Automatic,1,ok,874.206,162,2,1,0,0,2305843009213693967:159;2305843009213693973:3,Symbolica_default,cached_powers_Q,49,27,0.393,BalancedZippelSeparated
fire7_nb0_rank1140,Automatic,1,ok,851.575,169,2,1,0,0,2305843009213693967:166;2305843009213693973:3,Symbolica_default,cached_powers_Q,55,14,0.429,BalancedZippelSeparated
fire7_nb0_rank1141,Automatic,1,ok,722.024,132,2,1,0,0,2305843009213693967:129;2305843009213693973:3,Symbolica_default,cached_powers_Q,45,20,0.409,BalancedZippelSeparated
fire7_nb0_rank1142,Automatic,1,ok,788.014,126,2,1,0,0,2305843009213693967:123;2305843009213693973:3,Symbolica_default,cached_powers_Q,49,15,0.519,BalancedZippelSeparated
fire7_nb0_rank1143,Automatic,1,ok,1062.006,135,2,1,0,0,2305843009213693967:132;2305843009213693973:3,Symbolica_default,cached_powers_Q,44,28,0.732,BalancedZippelSeparated
fire7_nb0_rank1144,Automatic,1,ok,1019.466,160,2,1,0,0,2305843009213693967:157;2305843009213693973:3,Symbolica_default,cached_powers_Q,56,15,0.644,BalancedZippelSeparated
fire7_nb0_rank1145,Automatic,1,ok,1003.006,155,2,1,0,0,2305843009213693967:152;2305843009213693973:3,Symbolica_default,cached_powers_Q,58,12,0.575,BalancedZippelSeparated
fire7_nb0_rank1146,Automatic,1,ok,1051.446,159,2,1,0,0,2305843009213693967:156;2305843009213693973:3,Symbolica_default,cached_powers_Q,50,24,0.694,BalancedZippelSeparated
fire7_nb0_rank1147,Automatic,1,ok,1009.386,162,2,1,0,0,2305843009213693967:159;2305843009213693973:3,Symbolica_default,cached_powers_Q,60,10,0.536,BalancedZippelSeparated
fire7_nb0_rank1148,Automatic,1,ok,828.485,125,2,1,0,0,2305843009213693967:122;2305843009213693973:3,Symbolica_default,cached_powers_Q,48,20,0.432,BalancedZippelSeparated
fire7_nb0_rank1149,Automatic,1,ok,747.685,159,2,1,0,0,2305843009213693967:156;2305843009213693973:3,Symbolica_default,cached_powers_Q,56,15,0.553,BalancedZippelSeparated
fire7_nb0_rank1150,Automatic,1,ok,844.914,124,2,1,0,0,2305843009213693967:121;2305843009213693973:3,Symbolica_default,cached_powers_Q,36,35,0.407,BalancedZippelSeparated
fire7_nb0_rank1151,Automatic,1,ok,930.465,182,2,1,0,0,2305843009213693967:179;2305843009213693973:3,Symbolica_default,cached_powers_Q,28,42,0.592,BalancedZippelSeparated
fire7_nb0_rank1152,Automatic,1,ok,842.575,152,2,1,0,0,2305843009213693967:149;2305843009213693973:3,Symbolica_default,cached_powers_Q,45,27,0.373,BalancedZippelSeparated
fire7_nb0_rank1153,Automatic,1,ok,690.834,147,2,1,0,0,2305843009213693967:144;2305843009213693973:3,Symbolica_default,cached_powers_Q,45,27,0.464,BalancedZippelSeparated
fire7_nb0_rank1154,Automatic,1,ok,819.504,173,2,1,0,0,2305843009213693967:170;2305843009213693973:3,Symbolica_default,cached_powers_Q,40,39,0.494,BalancedZippelSeparated
fire7_nb0_rank1155,Automatic,1,ok,725.884,147,2,1,0,0,2305843009213693967:144;2305843009213693973:3,Symbolica_default,cached_powers_Q,45,27,0.557,BalancedZippelSeparated
fire7_nb0_rank1156,Automatic,1,ok,969.715,125,2,1,0,0,2305843009213693967:122;2305843009213693973:3,Symbolica_default,cached_powers_Q,47,24,0.873,BalancedZippelSeparated
fire7_nb0_rank1157,Automatic,1,ok,731.524,137,2,1,0,0,2305843009213693967:134;2305843009213693973:3,Symbolica_default,cached_powers_Q,36,36,0.560,BalancedZippelSeparated
fire7_nb0_rank1158,Automatic,1,ok,895.016,165,2,1,0,0,2305843009213693967:162;2305843009213693973:3,Symbolica_default,cached_powers_Q,41,36,0.532,BalancedZippelSeparated
fire7_nb0_rank1159,Automatic,1,ok,1085.546,138,2,1,0,0,2305843009213693967:135;2305843009213693973:3,Symbolica_default,cached_powers_Q,54,12,0.617,BalancedZippelSeparated
fire7_nb0_rank1160,Automatic,1,ok,713.134,140,2,1,0,0,2305843009213693967:137;2305843009213693973:3,Symbolica_default,cached_powers_Q,45,27,0.405,BalancedZippelSeparated
fire7_nb0_rank1161,Automatic,1,ok,780.115,138,2,1,0,0,2305843009213693967:135;2305843009213693973:3,Symbolica_default,cached_powers_Q,30,36,0.611,BalancedZippelSeparated
fire7_nb0_rank1162,Automatic,1,ok,762.924,128,2,1,0,0,2305843009213693967:125;2305843009213693973:3,Symbolica_default,cached_powers_Q,54,12,0.407,BalancedZippelSeparated
fire7_nb0_rank1163,Automatic,1,ok,906.435,157,2,1,0,0,2305843009213693967:154;2305843009213693973:3,Symbolica_default,cached_powers_Q,60,12,0.418,BalancedZippelSeparated
fire7_nb0_rank1164,Automatic,1,ok,721.005,146,2,1,0,0,2305843009213693967:143;2305843009213693973:3,Symbolica_default,cached_powers_Q,55,12,0.513,BalancedZippelSeparated
fire7_nb0_rank1165,Automatic,1,ok,734.464,149,2,1,0,0,2305843009213693967:146;2305843009213693973:3,Symbolica_default,cached_powers_Q,45,24,0.490,BalancedZippelSeparated
fire7_nb0_rank1166,Automatic,1,ok,1138.817,146,2,1,0,0,2305843009213693967:143;2305843009213693973:3,Symbolica_default,cached_powers_Q,35,36,0.719,BalancedZippelSeparated
fire7_nb0_rank1167,Automatic,1,ok,1176.597,163,2,1,0,0,2305843009213693967:160;2305843009213693973:3,Symbolica_default,cached_powers_Q,17,60,0.636,BalancedZippelSeparated
fire7_nb0_rank1168,Automatic,1,ok,1071.016,166,2,1,0,0,2305843009213693967:163;2305843009213693973:3,Symbolica_default,cached_powers_Q,58,12,0.750,BalancedZippelSeparated
fire7_nb0_rank1169,Automatic,1,ok,817.375,129,2,1,0,0,2305843009213693967:126;2305843009213693973:3,Symbolica_default,cached_powers_Q,35,35,0.963,BalancedZippelSeparated
fire7_nb0_rank1170,Automatic,1,ok,1096.187,129,2,1,0,0,2305843009213693967:126;2305843009213693973:3,Symbolica_default,cached_powers_Q,35,35,0.647,BalancedZippelSeparated
fire7_nb0_rank1171,Automatic,1,ok,1188.207,136,2,1,0,0,2305843009213693967:133;2305843009213693973:3,Symbolica_default,cached_powers_Q,30,36,0.679,BalancedZippelSeparated
fire7_nb0_rank1172,Automatic,1,ok,747.674,146,2,1,0,0,2305843009213693967:143;2305843009213693973:3,Symbolica_default,cached_powers_Q,41,21,0.496,BalancedZippelSeparated
fire7_nb0_rank1173,Automatic,1,ok,752.504,129,2,1,0,0,2305843009213693967:126;2305843009213693973:3,Symbolica_default,cached_powers_Q,33,35,0.584,BalancedZippelSeparated
fire7_nb0_rank1174,Automatic,1,ok,541.703,107,2,1,0,0,2305843009213693967:104;2305843009213693973:3,Symbolica_default,cached_powers_Q,35,25,0.408,BalancedZippelSeparated
fire7_nb0_rank1175,Automatic,1,ok,689.415,107,2,1,0,0,2305843009213693967:104;2305843009213693973:3,Symbolica_default,cached_powers_Q,35,25,0.398,BalancedZippelSeparated
fire7_nb0_rank1176,Automatic,1,ok,597.103,137,2,1,0,0,2305843009213693967:134;2305843009213693973:3,Symbolica_default,cached_powers_Q,60,4,0.338,BalancedZippelSeparated
fire7_nb0_rank1177,Automatic,1,ok,689.245,135,2,1,0,0,2305843009213693967:132;2305843009213693973:3,Symbolica_default,cached_powers_Q,52,10,0.371,BalancedZippelSeparated
fire7_nb0_rank1178,Automatic,1,ok,814.235,153,2,1,0,0,2305843009213693967:150;2305843009213693973:3,Symbolica_default,cached_powers_Q,50,21,0.544,BalancedZippelSeparated
fire7_nb0_rank1179,Automatic,1,ok,691.745,127,2,1,0,0,2305843009213693967:124;2305843009213693973:3,Symbolica_default,cached_powers_Q,54,12,0.427,BalancedZippelSeparated
fire7_nb0_rank1180,Automatic,1,ok,674.434,115,2,1,0,0,2305843009213693967:112;2305843009213693973:3,Symbolica_default,cached_powers_Q,38,24,0.533,BalancedZippelSeparated
fire7_nb0_rank1181,Automatic,1,ok,1032.056,137,2,1,0,0,2305843009213693967:134;2305843009213693973:3,Symbolica_default,cached_powers_Q,39,27,0.525,BalancedZippelSeparated
fire7_nb0_rank1182,Automatic,1,ok,997.056,158,2,1,0,0,2305843009213693967:155;2305843009213693973:3,Symbolica_default,cached_powers_Q,44,27,0.796,BalancedZippelSeparated
fire7_nb0_rank1183,Automatic,1,ok,814.425,158,2,1,0,0,2305843009213693967:155;2305843009213693973:3,Symbolica_default,cached_powers_Q,44,27,0.674,BalancedZippelSeparated
fire7_nb0_rank1184,Automatic,1,ok,783.484,139,2,1,0,0,2305843009213693967:136;2305843009213693973:3,Symbolica_default,cached_powers_Q,55,10,0.593,BalancedZippelSeparated
fire7_nb0_rank1185,Automatic,1,ok,1057.406,136,2,1,0,0,2305843009213693967:133;2305843009213693973:3,Symbolica_default,cached_powers_Q,30,36,0.791,BalancedZippelSeparated
fire7_nb0_rank1186,Automatic,1,ok,863.565,136,2,1,0,0,2305843009213693967:133;2305843009213693973:3,Symbolica_default,cached_powers_Q,30,36,0.928,BalancedZippelSeparated
fire7_nb0_rank1187,Automatic,1,ok,759.125,142,2,1,0,0,2305843009213693967:139;2305843009213693973:3,Symbolica_default,cached_powers_Q,52,12,0.582,BalancedZippelSeparated
fire7_nb0_rank1188,Automatic,1,ok,686.924,140,2,1,0,0,2305843009213693967:137;2305843009213693973:3,Symbolica_default,cached_powers_Q,45,27,0.554,BalancedZippelSeparated
fire7_nb0_rank1189,Automatic,1,ok,566.803,142,2,1,0,0,2305843009213693967:139;2305843009213693973:3,Symbolica_default,cached_powers_Q,36,36,0.378,BalancedZippelSeparated
fire7_nb0_rank1190,Automatic,1,ok,834.355,139,2,1,0,0,2305843009213693967:136;2305843009213693973:3,Symbolica_default,cached_powers_Q,50,20,0.417,BalancedZippelSeparated
fire7_nb0_rank1191,Automatic,1,ok,785.105,147,2,1,0,0,2305843009213693967:144;2305843009213693973:3,Symbolica_default,cached_powers_Q,52,15,0.423,BalancedZippelSeparated
fire7_nb0_rank1192,Automatic,1,ok,673.764,116,2,1,0,0,2305843009213693967:113;2305843009213693973:3,Symbolica_default,cached_powers_Q,41,24,0.542,BalancedZippelSeparated
fire7_nb0_rank1193,Automatic,1,ok,965.336,169,2,1,0,0,2305843009213693967:166;2305843009213693973:3,Symbolica_default,cached_powers_Q,45,20,0.540,BalancedZippelSeparated
fire7_nb0_rank1194,Automatic,1,ok,703.084,125,2,1,0,0,2305843009213693967:122;2305843009213693973:3,Symbolica_default,cached_powers_Q,40,28,0.584,BalancedZippelSeparated
fire7_nb0_rank1195,Automatic,1,ok,1100.606,143,2,1,0,0,2305843009213693967:140;2305843009213693973:3,Symbolica_default,cached_powers_Q,45,21,0.912,BalancedZippelSeparated
fire7_nb0_rank1196,Automatic,1,ok,753.115,135,2,1,0,0,2305843009213693967:132;2305843009213693973:3,Symbolica_default,cached_powers_Q,53,12,0.637,BalancedZippelSeparated
fire7_nb0_rank1197,Automatic,1,ok,780.174,125,2,1,0,0,2305843009213693967:122;2305843009213693973:3,Symbolica_default,cached_powers_Q,48,15,0.447,BalancedZippelSeparated
fire7_nb0_rank1198,Automatic,1,ok,682.654,150,2,1,0,0,2305843009213693967:147;2305843009213693973:3,Symbolica_default,cached_powers_Q,42,27,0.369,BalancedZippelSeparated
fire7_nb0_rank1199,Automatic,1,ok,823.095,136,2,1,0,0,2305843009213693967:133;2305843009213693973:3,Symbolica_default,cached_powers_Q,30,36,0.564,BalancedZippelSeparated
fire7_nb0_rank1200,Automatic,1,ok,712.335,135,2,1,0,0,2305843009213693967:132;2305843009213693973:3,Symbolica_default,cached_powers_Q,45,24,0.523,BalancedZippelSeparated
fire7_nb0_rank1201,Automatic,1,ok,844.225,145,2,1,0,0,2305843009213693967:142;2305843009213693973:3,Symbolica_default,cached_powers_Q,52,15,0.592,BalancedZippelSeparated
fire7_nb0_rank1202,Automatic,1,ok,882.115,179,2,1,0,0,2305843009213693967:176;2305843009213693973:3,Symbolica_default,cached_powers_Q,50,18,0.442,BalancedZippelSeparated
fire7_nb0_rank1203,Automatic,1,ok,802.715,163,2,1,0,0,2305843009213693967:160;2305843009213693973:3,Symbolica_default,cached_powers_Q,35,39,0.403,BalancedZippelSeparated
fire7_nb0_rank1204,Automatic,1,ok,933.355,176,2,1,0,0,2305843009213693967:173;2305843009213693973:3,Symbolica_default,cached_powers_Q,17,56,0.433,BalancedZippelSeparated
fire7_nb0_rank1205,Automatic,1,ok,957.095,181,2,1,0,0,2305843009213693967:178;2305843009213693973:3,Symbolica_default,cached_powers_Q,48,20,0.420,BalancedZippelSeparated
fire7_nb0_rank1206,Automatic,1,ok,772.865,138,2,1,0,0,2305843009213693967:135;2305843009213693973:3,Symbolica_default,cached_powers_Q,30,36,0.589,BalancedZippelSeparated
fire7_nb0_rank1207,Automatic,1,ok,507.793,124,2,1,0,0,2305843009213693967:121;2305843009213693973:3,Symbolica_default,cached_powers_Q,37,32,0.409,BalancedZippelSeparated
fire7_nb0_rank1208,Automatic,1,ok,763.085,178,2,1,0,0,2305843009213693967:175;2305843009213693973:3,Symbolica_default,cached_powers_Q,56,18,0.513,BalancedZippelSeparated
fire7_nb0_rank1209,Automatic,1,ok,1085.076,125,2,1,0,0,2305843009213693967:122;2305843009213693973:3,Symbolica_default,cached_powers_Q,47,15,0.549,BalancedZippelSeparated
fire7_nb0_rank1210,Automatic,1,ok,974.096,137,2,1,0,0,2305843009213693967:134;2305843009213693973:3,Symbolica_default,cached_powers_Q,44,21,0.756,BalancedZippelSeparated
fire7_nb0_rank1211,Automatic,1,ok,839.745,156,2,1,0,0,2305843009213693967:153;2305843009213693973:3,Symbolica_default,cached_powers_Q,18,48,0.876,BalancedZippelSeparated
fire7_nb0_rank1212,Automatic,1,ok,944.046,125,2,1,0,0,2305843009213693967:122;2305843009213693973:3,Symbolica_default,cached_powers_Q,36,28,0.709,BalancedZippelSeparated
fire7_nb0_rank1213,Automatic,1,ok,771.825,139,2,1,0,0,2305843009213693967:136;2305843009213693973:3,Symbolica_default,cached_powers_Q,50,15,0.576,BalancedZippelSeparated
fire7_nb0_rank1214,Automatic,1,ok,1083.786,134,2,1,0,0,2305843009213693967:131;2305843009213693973:3,Symbolica_default,cached_powers_Q,45,15,0.594,BalancedZippelSeparated
fire7_nb0_rank1215,Automatic,1,ok,1034.396,202,2,1,0,0,2305843009213693967:199;2305843009213693973:3,Symbolica_default,cached_powers_Q,40,30,0.668,BalancedZippelSeparated
fire7_nb0_rank1216,Automatic,1,ok,682.524,114,2,1,0,0,2305843009213693967:111;2305843009213693973:3,Symbolica_default,cached_powers_Q,40,20,0.428,BalancedZippelSeparated
fire7_nb0_rank1217,Automatic,1,ok,743.215,141,2,1,0,0,2305843009213693967:138;2305843009213693973:3,Symbolica_default,cached_powers_Q,52,12,0.421,BalancedZippelSeparated
fire7_nb0_rank1218,Automatic,1,ok,763.105,137,2,1,0,0,2305843009213693967:134;2305843009213693973:3,Symbolica_default,cached_powers_Q,45,21,0.549,BalancedZippelSeparated
fire7_nb0_rank1219,Automatic,1,ok,661.904,124,2,1,0,0,2305843009213693967:121;2305843009213693973:3,Symbolica_default,cached_powers_Q,54,8,0.383,BalancedZippelSeparated
fire7_nb0_rank1220,Automatic,1,ok,702.255,122,2,1,0,0,2305843009213693967:119;2305843009213693973:3,Symbolica_default,cached_powers_Q,45,20,0.518,BalancedZippelSeparated
fire7_nb0_rank1221,Automatic,1,ok,890.676,132,2,1,0,0,2305843009213693967:129;2305843009213693973:3,Symbolica_default,cached_powers_Q,53,12,0.545,BalancedZippelSeparated
fire7_nb0_rank1222,Automatic,1,ok,1130.587,143,2,1,0,0,2305843009213693967:140;2305843009213693973:3,Symbolica_default,cached_powers_Q,45,21,0.711,BalancedZippelSeparated
fire7_nb0_rank1223,Automatic,1,ok,1119.056,137,2,1,0,0,2305843009213693967:134;2305843009213693973:3,Symbolica_default,cached_powers_Q,45,21,0.591,BalancedZippelSeparated
fire7_nb0_rank1224,Automatic,1,ok,989.005,136,2,1,0,0,2305843009213693967:133;2305843009213693973:3,Symbolica_default,cached_powers_Q,29,36,0.784,BalancedZippelSeparated
fire7_nb0_rank1225,Automatic,1,ok,895.685,134,2,1,0,0,2305843009213693967:131;2305843009213693973:3,Symbolica_default,cached_powers_Q,30,36,0.901,BalancedZippelSeparated
fire7_nb0_rank1226,Automatic,1,ok,861.435,136,2,1,0,0,2305843009213693967:133;2305843009213693973:3,Symbolica_default,cached_powers_Q,30,36,0.669,BalancedZippelSeparated
fire7_nb0_rank1227,Automatic,1,ok,651.713,134,2,1,0,0,2305843009213693967:131;2305843009213693973:3,Symbolica_default,cached_powers_Q,30,36,0.849,BalancedZippelSeparated
fire7_nb0_rank1228,Automatic,1,ok,807.075,141,2,1,0,0,2305843009213693967:138;2305843009213693973:3,Symbolica_default,cached_powers_Q,36,27,0.505,BalancedZippelSeparated
fire7_nb0_rank1229,Automatic,1,ok,658.104,136,2,1,0,0,2305843009213693967:133;2305843009213693973:3,Symbolica_default,cached_powers_Q,36,27,0.365,BalancedZippelSeparated
fire7_nb0_rank1230,Automatic,1,ok,747.414,141,2,1,0,0,2305843009213693967:138;2305843009213693973:3,Symbolica_default,cached_powers_Q,36,27,0.554,BalancedZippelSeparated
fire7_nb0_rank1231,Automatic,1,ok,747.045,136,2,1,0,0,2305843009213693967:133;2305843009213693973:3,Symbolica_default,cached_powers_Q,36,27,0.382,BalancedZippelSeparated
fire7_nb0_rank1232,Automatic,1,ok,631.464,109,2,1,0,0,2305843009213693967:106;2305843009213693973:3,Symbolica_default,cached_powers_Q,35,18,0.589,BalancedZippelSeparated
fire7_nb0_rank1233,Automatic,1,ok,654.184,115,2,1,0,0,2305843009213693967:112;2305843009213693973:3,Symbolica_default,cached_powers_Q,45,12,0.932,BalancedZippelSeparated
fire7_nb0_rank1234,Automatic,1,ok,1032.707,137,2,1,0,0,2305843009213693967:134;2305843009213693973:3,Symbolica_default,cached_powers_Q,48,16,0.600,BalancedZippelSeparated
fire7_nb0_rank1235,Automatic,1,ok,1007.506,134,2,1,0,0,2305843009213693967:131;2305843009213693973:3,Symbolica_default,cached_powers_Q,40,21,0.829,BalancedZippelSeparated
fire7_nb0_rank1236,Automatic,1,ok,849.895,156,2,1,0,0,2305843009213693967:153;2305843009213693973:3,Symbolica_default,cached_powers_Q,16,48,0.605,BalancedZippelSeparated
fire7_nb0_rank1237,Automatic,1,ok,817.865,156,2,1,0,0,2305843009213693967:153;2305843009213693973:3,Symbolica_default,cached_powers_Q,16,48,0.725,BalancedZippelSeparated
fire7_nb0_rank1238,Automatic,1,ok,808.255,131,2,1,0,0,2305843009213693967:128;2305843009213693973:3,Symbolica_default,cached_powers_Q,45,21,0.656,BalancedZippelSeparated
fire7_nb0_rank1239,Automatic,1,ok,554.184,129,2,1,0,0,2305843009213693967:126;2305843009213693973:3,Symbolica_default,cached_powers_Q,45,18,0.509,BalancedZippelSeparated
fire7_nb0_rank1240,Automatic,1,ok,930.065,138,2,1,0,0,2305843009213693967:135;2305843009213693973:3,Symbolica_default,cached_powers_Q,30,36,0.451,BalancedZippelSeparated
fire7_nb0_rank1241,Automatic,1,ok,742.355,145,2,1,0,0,2305843009213693967:142;2305843009213693973:3,Symbolica_default,cached_powers_Q,52,10,0.401,BalancedZippelSeparated
fire7_nb0_rank1242,Automatic,1,ok,709.814,132,2,1,0,0,2305843009213693967:129;2305843009213693973:3,Symbolica_default,cached_powers_Q,45,18,0.596,BalancedZippelSeparated
fire7_nb0_rank1243,Automatic,1,ok,734.504,123,2,1,0,0,2305843009213693967:120;2305843009213693973:3,Symbolica_default,cached_powers_Q,45,12,0.546,BalancedZippelSeparated
fire7_nb0_rank1244,Automatic,1,ok,794.934,154,2,1,0,0,2305843009213693967:151;2305843009213693973:3,Symbolica_default,cached_powers_Q,52,14,0.545,BalancedZippelSeparated
fire7_nb0_rank1245,Automatic,1,ok,874.866,181,2,1,0,0,2305843009213693967:178;2305843009213693973:3,Symbolica_default,cached_powers_Q,41,26,0.581,BalancedZippelSeparated
fire7_nb0_rank1246,Automatic,1,ok,684.984,127,2,1,0,0,2305843009213693967:124;2305843009213693973:3,Symbolica_default,cached_powers_Q,45,18,0.565,BalancedZippelSeparated
fire7_nb0_rank1247,Automatic,1,ok,841.646,141,2,1,0,0,2305843009213693967:138;2305843009213693973:3,Symbolica_default,cached_powers_Q,48,18,1.014,BalancedZippelSeparated
fire7_nb0_rank1248,Automatic,1,ok,1072.637,171,2,1,0,0,2305843009213693967:168;2305843009213693973:3,Symbolica_default,cached_powers_Q,46,18,0.781,BalancedZippelSeparated
fire7_nb0_rank1249,Automatic,1,ok,1076.356,139,2,1,0,0,2305843009213693967:136;2305843009213693973:3,Symbolica_default,cached_powers_Q,52,8,0.585,BalancedZippelSeparated
fire7_nb0_rank1250,Automatic,1,ok,709.945,120,2,1,0,0,2305843009213693967:117;2305843009213693973:3,Symbolica_default,cached_powers_Q,42,15,0.578,BalancedZippelSeparated
fire7_nb0_rank1251,Automatic,1,ok,929.285,184,2,1,0,0,2305843009213693967:181;2305843009213693973:3,Symbolica_default,cached_powers_Q,54,16,1.041,BalancedZippelSeparated
fire7_nb0_rank1252,Automatic,1,ok,953.446,188,2,1,0,0,2305843009213693967:185;2305843009213693973:3,Symbolica_default,cached_powers_Q,44,24,0.607,BalancedZippelSeparated
fire7_nb0_rank1253,Automatic,1,ok,673.694,141,2,1,0,0,2305843009213693967:138;2305843009213693973:3,Symbolica_default,cached_powers_Q,40,27,0.376,BalancedZippelSeparated
fire7_nb0_rank1254,Automatic,1,ok,805.985,120,2,1,0,0,2305843009213693967:117;2305843009213693973:3,Symbolica_default,cached_powers_Q,36,28,0.413,BalancedZippelSeparated
fire7_nb0_rank1255,Automatic,1,ok,699.844,133,2,1,0,0,2305843009213693967:130;2305843009213693973:3,Symbolica_default,cached_powers_Q,24,36,0.562,BalancedZippelSeparated
fire7_nb0_rank1256,Automatic,1,ok,695.864,133,2,1,0,0,2305843009213693967:130;2305843009213693973:3,Symbolica_default,cached_powers_Q,24,36,0.546,BalancedZippelSeparated
fire7_nb0_rank1257,Automatic,1,ok,907.806,161,2,1,0,0,2305843009213693967:158;2305843009213693973:3,Symbolica_default,cached_powers_Q,51,14,0.406,BalancedZippelSeparated
fire7_nb0_rank1258,Automatic,1,ok,809.765,165,2,1,0,0,2305843009213693967:162;2305843009213693973:3,Symbolica_default,cached_powers_Q,51,14,0.421,BalancedZippelSeparated
fire7_nb0_rank1259,Automatic,1,ok,857.885,132,2,1,0,0,2305843009213693967:129;2305843009213693973:3,Symbolica_default,cached_powers_Q,54,4,0.524,BalancedZippelSeparated
fire7_nb0_rank1260,Automatic,1,ok,617.834,114,2,1,0,0,2305843009213693967:111;2305843009213693973:3,Symbolica_default,cached_powers_Q,45,15,0.566,BalancedZippelSeparated
fire7_nb0_rank1261,Automatic,1,ok,973.716,138,2,1,0,0,2305843009213693967:135;2305843009213693973:3,Symbolica_default,cached_powers_Q,48,21,0.898,BalancedZippelSeparated
fire7_nb0_rank1262,Automatic,1,ok,723.285,120,2,1,0,0,2305843009213693967:117;2305843009213693973:3,Symbolica_default,cached_powers_Q,47,12,0.682,BalancedZippelSeparated
fire7_nb0_rank1263,Automatic,1,ok,733.874,145,2,1,0,0,2305843009213693967:142;2305843009213693973:3,Symbolica_default,cached_powers_Q,52,10,0.717,BalancedZippelSeparated
fire7_nb0_rank1264,Automatic,1,ok,930.366,148,2,1,0,0,2305843009213693967:145;2305843009213693973:3,Symbolica_default,cached_powers_Q,36,30,0.681,BalancedZippelSeparated
fire7_nb0_rank1265,Automatic,1,ok,1098.616,132,2,1,0,0,2305843009213693967:129;2305843009213693973:3,Symbolica_default,cached_powers_Q,45,18,0.627,BalancedZippelSeparated
fire7_nb0_rank1266,Automatic,1,ok,469.723,111,2,1,0,0,2305843009213693967:108;2305843009213693973:3,Symbolica_default,cached_powers_Q,39,12,0.389,BalancedZippelSeparated
fire7_nb0_rank1267,Automatic,1,ok,814.815,162,2,1,0,0,2305843009213693967:159;2305843009213693973:3,Symbolica_default,cached_powers_Q,44,18,0.537,BalancedZippelSeparated
fire7_nb0_rank1268,Automatic,1,ok,673.453,95,2,1,0,0,2305843009213693967:92;2305843009213693973:3,Symbolica_default,cached_powers_Q,28,24,0.367,BalancedZippelSeparated
fire7_nb0_rank1269,Automatic,1,ok,547.253,95,2,1,0,0,2305843009213693967:92;2305843009213693973:3,Symbolica_default,cached_powers_Q,28,24,0.476,BalancedZippelSeparated
fire7_nb0_rank1270,Automatic,1,ok,679.894,126,2,1,0,0,2305843009213693967:123;2305843009213693973:3,Symbolica_default,cached_powers_Q,40,21,0.498,BalancedZippelSeparated
fire7_nb0_rank1271,Automatic,1,ok,617.454,121,2,1,0,0,2305843009213693967:118;2305843009213693973:3,Symbolica_default,cached_powers_Q,42,12,0.381,BalancedZippelSeparated
fire7_nb0_rank1272,Automatic,1,ok,888.385,160,2,1,0,0,2305843009213693967:157;2305843009213693973:3,Symbolica_default,cached_powers_Q,52,14,0.393,BalancedZippelSeparated
fire7_nb0_rank1273,Automatic,1,ok,728.405,142,2,1,0,0,2305843009213693967:139;2305843009213693973:3,Symbolica_default,cached_powers_Q,42,21,0.524,BalancedZippelSeparated
fire7_nb0_rank1274,Automatic,1,ok,788.205,185,2,1,0,0,2305843009213693967:182;2305843009213693973:3,Symbolica_default,cached_powers_Q,43,24,0.505,BalancedZippelSeparated
fire7_nb0_rank1275,Automatic,1,ok,1106.946,185,2,1,0,0,2305843009213693967:182;2305843009213693973:3,Symbolica_default,cached_powers_Q,43,24,0.690,BalancedZippelSeparated
fire7_nb0_rank1276,Automatic,1,ok,1226.057,188,2,1,0,0,2305843009213693967:185;2305843009213693973:3,Symbolica_default,cached_powers_Q,44,24,0.879,BalancedZippelSeparated
fire7_nb0_rank1277,Automatic,1,ok,978.566,166,2,1,0,0,2305843009213693967:163;2305843009213693973:3,Symbolica_default,cached_powers_Q,44,24,1.101,BalancedZippelSeparated
fire7_nb0_rank1278,Automatic,1,ok,820.975,148,2,1,0,0,2305843009213693967:145;2305843009213693973:3,Symbolica_default,cached_powers_Q,44,18,0.480,BalancedZippelSeparated
fire7_nb0_rank1279,Automatic,1,ok,713.984,128,2,1,0,0,2305843009213693967:125;2305843009213693973:3,Symbolica_default,cached_powers_Q,45,15,0.411,BalancedZippelSeparated
fire7_nb0_rank1280,Automatic,1,ok,648.464,120,2,1,0,0,2305843009213693967:117;2305843009213693973:3,Symbolica_default,cached_powers_Q,40,18,0.408,BalancedZippelSeparated
fire7_nb0_rank1281,Automatic,1,ok,953.825,159,2,1,0,0,2305843009213693967:156;2305843009213693973:3,Symbolica_default,cached_powers_Q,42,26,0.454,BalancedZippelSeparated
fire7_nb0_rank1282,Automatic,1,ok,725.684,142,2,1,0,0,2305843009213693967:139;2305843009213693973:3,Symbolica_default,cached_powers_Q,21,40,0.526,BalancedZippelSeparated
fire7_nb0_rank1283,Automatic,1,ok,775.735,171,2,1,0,0,2305843009213693967:168;2305843009213693973:3,Symbolica_default,cached_powers_Q,6,60,0.437,BalancedZippelSeparated
fire7_nb0_rank1284,Automatic,1,ok,789.995,150,2,1,0,0,2305843009213693967:147;2305843009213693973:3,Symbolica_default,cached_powers_Q,56,8,0.385,BalancedZippelSeparated
fire7_nb0_rank1285,Automatic,1,ok,526.192,126,2,1,0,0,2305843009213693967:123;2305843009213693973:3,Symbolica_default,cached_powers_Q,40,20,0.384,BalancedZippelSeparated
fire7_nb0_rank1286,Automatic,1,ok,751.715,111,2,1,0,0,2305843009213693967:108;2305843009213693973:3,Symbolica_default,cached_powers_Q,41,15,0.440,BalancedZippelSeparated
fire7_nb0_rank1287,Automatic,1,ok,687.374,138,2,1,0,0,2305843009213693967:135;2305843009213693973:3,Symbolica_default,cached_powers_Q,36,27,0.402,BalancedZippelSeparated
fire7_nb0_rank1288,Automatic,1,ok,717.924,119,2,1,0,0,2305843009213693967:116;2305843009213693973:3,Symbolica_default,cached_powers_Q,30,28,0.438,BalancedZippelSeparated
fire7_nb0_rank1289,Automatic,1,ok,798.945,111,2,1,0,0,2305843009213693967:108;2305843009213693973:3,Symbolica_default,cached_powers_Q,30,28,0.431,BalancedZippelSeparated
fire7_nb0_rank1290,Automatic,1,ok,699.494,148,2,1,0,0,2305843009213693967:145;2305843009213693973:3,Symbolica_default,cached_powers_Q,43,18,0.514,BalancedZippelSeparated
fire7_nb0_rank1291,Automatic,1,ok,510.443,126,2,1,0,0,2305843009213693967:123;2305843009213693973:3,Symbolica_default,cached_powers_Q,45,8,0.417,BalancedZippelSeparated
fire7_nb0_rank1292,Automatic,1,ok,837.255,124,2,1,0,0,2305843009213693967:121;2305843009213693973:3,Symbolica_default,cached_powers_Q,39,24,0.707,BalancedZippelSeparated
fire7_nb0_rank1293,Automatic,1,ok,765.475,160,2,1,0,0,2305843009213693967:157;2305843009213693973:3,Symbolica_default,cached_powers_Q,30,36,0.399,BalancedZippelSeparated
fire7_nb0_rank1294,Automatic,1,ok,686.564,120,2,1,0,0,2305843009213693967:117;2305843009213693973:3,Symbolica_default,cached_powers_Q,45,15,0.416,BalancedZippelSeparated
fire7_nb0_rank1295,Automatic,1,ok,854.675,168,2,1,0,0,2305843009213693967:165;2305843009213693973:3,Symbolica_default,cached_powers_Q,42,26,0.454,BalancedZippelSeparated
fire7_nb0_rank1296,Automatic,1,ok,728.994,115,2,1,0,0,2305843009213693967:112;2305843009213693973:3,Symbolica_default,cached_powers_Q,36,15,0.389,BalancedZippelSeparated
fire7_nb0_rank1297,Automatic,1,ok,650.784,138,2,1,0,0,2305843009213693967:135;2305843009213693973:3,Symbolica_default,cached_powers_Q,36,27,0.524,BalancedZippelSeparated
fire7_nb0_rank1298,Automatic,1,ok,657.454,120,2,1,0,0,2305843009213693967:117;2305843009213693973:3,Symbolica_default,cached_powers_Q,45,15,0.394,BalancedZippelSeparated
fire7_nb0_rank1299,Automatic,1,ok,712.274,129,2,1,0,0,2305843009213693967:126;2305843009213693973:3,Symbolica_default,cached_powers_Q,45,15,0.395,BalancedZippelSeparated
fire7_nb0_rank1300,Automatic,1,ok,738.734,158,2,1,0,0,2305843009213693967:155;2305843009213693973:3,Symbolica_default,cached_powers_Q,28,36,0.486,BalancedZippelSeparated
fire7_nb0_rank1301,Automatic,1,ok,901.155,153,2,1,0,0,2305843009213693967:150;2305843009213693973:3,Symbolica_default,cached_powers_Q,39,26,0.674,BalancedZippelSeparated
fire7_nb0_rank1302,Automatic,1,ok,553.654,113,2,1,0,0,2305843009213693967:110;2305843009213693973:3,Symbolica_default,cached_powers_Q,42,12,0.386,BalancedZippelSeparated
fire7_nb0_rank1303,Automatic,1,ok,753.045,138,2,1,0,0,2305843009213693967:135;2305843009213693973:3,Symbolica_default,cached_powers_Q,40,18,0.515,BalancedZippelSeparated
fire7_nb0_rank1304,Automatic,1,ok,709.575,138,2,1,0,0,2305843009213693967:135;2305843009213693973:3,Symbolica_default,cached_powers_Q,36,27,0.484,BalancedZippelSeparated
fire7_nb0_rank1305,Automatic,1,ok,825.345,138,2,1,0,0,2305843009213693967:135;2305843009213693973:3,Symbolica_default,cached_powers_Q,40,18,0.394,BalancedZippelSeparated
fire7_nb0_rank1306,Automatic,1,ok,924.506,146,2,1,0,0,2305843009213693967:143;2305843009213693973:3,Symbolica_default,cached_powers_Q,40,18,0.412,BalancedZippelSeparated
fire7_nb0_rank1307,Automatic,1,ok,925.795,103,2,1,0,0,2305843009213693967:100;2305843009213693973:3,Symbolica_default,cached_powers_Q,27,25,1.218,BalancedZippelSeparated
fire7_nb0_rank1308,Automatic,1,ok,764.514,136,2,1,0,0,2305843009213693967:133;2305843009213693973:3,Symbolica_default,cached_powers_Q,40,18,0.685,BalancedZippelSeparated
fire7_nb0_rank1309,Automatic,1,ok,670.834,123,2,1,0,0,2305843009213693967:120;2305843009213693973:3,Symbolica_default,cached_powers_Q,36,24,0.489,BalancedZippelSeparated
fire7_nb0_rank1310,Automatic,1,ok,707.314,136,2,1,0,0,2305843009213693967:133;2305843009213693973:3,Symbolica_default,cached_powers_Q,36,27,0.497,BalancedZippelSeparated
fire7_nb0_rank1311,Automatic,1,ok,680.133,125,2,1,0,0,2305843009213693967:122;2305843009213693973:3,Symbolica_default,cached_powers_Q,42,15,0.578,BalancedZippelSeparated
fire7_nb0_rank1312,Automatic,1,ok,610.064,133,2,1,0,0,2305843009213693967:130;2305843009213693973:3,Symbolica_default,cached_powers_Q,50,6,0.393,BalancedZippelSeparated
fire7_nb0_rank1313,Automatic,1,ok,673.344,136,2,1,0,0,2305843009213693967:133;2305843009213693973:3,Symbolica_default,cached_powers_Q,36,27,0.455,BalancedZippelSeparated
fire7_nb0_rank1314,Automatic,1,ok,786.885,128,2,1,0,0,2305843009213693967:125;2305843009213693973:3,Symbolica_default,cached_powers_Q,40,20,0.398,BalancedZippelSeparated
fire7_nb0_rank1315,Automatic,1,ok,730.714,127,2,1,0,0,2305843009213693967:124;2305843009213693973:3,Symbolica_default,cached_powers_Q,18,45,0.448,BalancedZippelSeparated
fire7_nb0_rank1316,Automatic,1,ok,715.344,148,2,1,0,0,2305843009213693967:145;2305843009213693973:3,Symbolica_default,cached_powers_Q,29,36,0.370,BalancedZippelSeparated
fire7_nb0_rank1317,Automatic,1,ok,599.494,114,2,1,0,0,2305843009213693967:111;2305843009213693973:3,Symbolica_default,cached_powers_Q,45,12,0.492,BalancedZippelSeparated
fire7_nb0_rank1318,Automatic,1,ok,826.365,143,2,1,0,0,2305843009213693967:140;2305843009213693973:3,Symbolica_default,cached_powers_Q,44,14,0.399,BalancedZippelSeparated
fire7_nb0_rank1319,Automatic,1,ok,595.893,128,2,1,0,0,2305843009213693967:125;2305843009213693973:3,Symbolica_default,cached_powers_Q,36,27,0.345,BalancedZippelSeparated
fire7_nb0_rank1320,Automatic,1,ok,615.014,103,2,1,0,0,2305843009213693967:100;2305843009213693973:3,Symbolica_default,cached_powers_Q,18,36,0.528,BalancedZippelSeparated
fire7_nb0_rank1321,Automatic,1,ok,1019.226,166,2,1,0,0,2305843009213693967:163;2305843009213693973:3,Symbolica_default,cached_powers_Q,40,24,0.421,BalancedZippelSeparated
fire7_nb0_rank1322,Automatic,1,ok,707.215,175,2,1,0,0,2305843009213693967:172;2305843009213693973:3,Symbolica_default,cached_powers_Q,40,24,0.482,BalancedZippelSeparated
fire7_nb0_rank1323,Automatic,1,ok,549.073,132,2,1,0,0,2305843009213693967:129;2305843009213693973:3,Symbolica_default,cached_powers_Q,36,27,0.479,BalancedZippelSeparated
fire7_nb0_rank1324,Automatic,1,ok,670.374,114,2,1,0,0,2305843009213693967:111;2305843009213693973:3,Symbolica_default,cached_powers_Q,40,20,0.412,BalancedZippelSeparated
fire7_nb0_rank1325,Automatic,1,ok,632.684,132,2,1,0,0,2305843009213693967:129;2305843009213693973:3,Symbolica_default,cached_powers_Q,36,27,0.497,BalancedZippelSeparated
fire7_nb0_rank1326,Automatic,1,ok,782.995,183,2,1,0,0,2305843009213693967:180;2305843009213693973:3,Symbolica_default,cached_powers_Q,48,10,0.526,BalancedZippelSeparated
fire7_nb0_rank1327,Automatic,1,ok,638.754,130,2,1,0,0,2305843009213693967:127;2305843009213693973:3,Symbolica_default,cached_powers_Q,47,9,0.504,BalancedZippelSeparated
fire7_nb0_rank1328,Automatic,1,ok,631.394,112,2,1,0,0,2305843009213693967:109;2305843009213693973:3,Symbolica_default,cached_powers_Q,35,24,0.409,BalancedZippelSeparated
fire7_nb0_rank1329,Automatic,1,ok,757.735,131,2,1,0,0,2305843009213693967:128;2305843009213693973:3,Symbolica_default,cached_powers_Q,45,12,0.367,BalancedZippelSeparated
fire7_nb0_rank1330,Automatic,1,ok,566.994,122,2,1,0,0,2305843009213693967:119;2305843009213693973:3,Symbolica_default,cached_powers_Q,32,21,0.639,BalancedZippelSeparated
fire7_nb0_rank1331,Automatic,1,ok,885.035,122,2,1,0,0,2305843009213693967:119;2305843009213693973:3,Symbolica_default,cached_powers_Q,32,21,0.446,BalancedZippelSeparated
fire7_nb0_rank1332,Automatic,1,ok,571.694,126,2,1,0,0,2305843009213693967:123;2305843009213693973:3,Symbolica_default,cached_powers_Q,30,24,0.420,BalancedZippelSeparated
fire7_nb0_rank1333,Automatic,1,ok,567.113,112,2,1,0,0,2305843009213693967:109;2305843009213693973:3,Symbolica_default,cached_powers_Q,42,12,0.375,BalancedZippelSeparated
fire7_nb0_rank1334,Automatic,1,ok,619.734,105,2,1,0,0,2305843009213693967:102;2305843009213693973:3,Symbolica_default,cached_powers_Q,30,20,0.472,BalancedZippelSeparated
fire7_nb0_rank1335,Automatic,1,ok,600.793,119,2,1,0,0,2305843009213693967:116;2305843009213693973:3,Symbolica_default,cached_powers_Q,45,12,0.505,BalancedZippelSeparated
fire7_nb0_rank1336,Automatic,1,ok,621.534,114,2,1,0,0,2305843009213693967:111;2305843009213693973:3,Symbolica_default,cached_powers_Q,45,12,0.365,BalancedZippelSeparated
fire7_nb0_rank1337,Automatic,1,ok,700.814,128,2,1,0,0,2305843009213693967:125;2305843009213693973:3,Symbolica_default,cached_powers_Q,45,10,0.383,BalancedZippelSeparated
fire7_nb0_rank1338,Automatic,1,ok,952.235,167,2,1,0,0,2305843009213693967:164;2305843009213693973:3,Symbolica_default,cached_powers_Q,48,14,0.438,BalancedZippelSeparated
fire7_nb0_rank1339,Automatic,1,ok,610.274,108,2,1,0,0,2305843009213693967:105;2305843009213693973:3,Symbolica_default,cached_powers_Q,42,10,0.384,BalancedZippelSeparated
fire7_nb0_rank1340,Automatic,1,ok,629.513,112,2,1,0,0,2305843009213693967:109;2305843009213693973:3,Symbolica_default,cached_powers_Q,40,10,0.487,BalancedZippelSeparated
fire7_nb0_rank1341,Automatic,1,ok,667.604,106,2,1,0,0,2305843009213693967:103;2305843009213693973:3,Symbolica_default,cached_powers_Q,24,28,0.550,BalancedZippelSeparated
fire7_nb0_rank1342,Automatic,1,ok,713.224,126,2,1,0,0,2305843009213693967:123;2305843009213693973:3,Symbolica_default,cached_powers_Q,36,27,0.388,BalancedZippelSeparated
fire7_nb0_rank1343,Automatic,1,ok,447.493,111,2,1,0,0,2305843009213693967:108;2305843009213693973:3,Symbolica_default,cached_powers_Q,40,10,0.502,BalancedZippelSeparated
fire7_nb0_rank1344,Automatic,1,ok,978.546,177,2,1,0,0,2305843009213693967:174;2305843009213693973:3,Symbolica_default,cached_powers_Q,38,24,0.436,BalancedZippelSeparated
fire7_nb0_rank1345,Automatic,1,ok,628.614,119,2,1,0,0,2305843009213693967:116;2305843009213693973:3,Symbolica_default,cached_powers_Q,40,15,0.489,BalancedZippelSeparated
fire7_nb0_rank1346,Automatic,1,ok,890.705,130,2,1,0,0,2305843009213693967:127;2305843009213693973:3,Symbolica_default,cached_powers_Q,25,36,0.432,BalancedZippelSeparated
fire7_nb0_rank1347,Automatic,1,ok,660.574,123,2,1,0,0,2305843009213693967:120;2305843009213693973:3,Symbolica_default,cached_powers_Q,18,36,0.376,BalancedZippelSeparated
fire7_nb0_rank1348,Automatic,1,ok,827.545,127,2,1,0,0,2305843009213693967:124;2305843009213693973:3,Symbolica_default,cached_powers_Q,37,18,0.410,BalancedZippelSeparated
fire7_nb0_rank1349,Automatic,1,ok,1050.957,175,2,1,0,0,2305843009213693967:172;2305843009213693973:3,Symbolica_default,cached_powers_Q,40,24,0.481,BalancedZippelSeparated
fire7_nb0_rank1350,Automatic,1,ok,1056.457,157,2,1,0,0,2305843009213693967:154;2305843009213693973:3,Symbolica_default,cached_powers_Q,36,20,0.424,BalancedZippelSeparated
fire7_nb0_rank1351,Automatic,1,ok,657.144,120,2,1,0,0,2305843009213693967:117;2305843009213693973:3,Symbolica_default,cached_powers_Q,44,12,0.387,BalancedZippelSeparated
fire7_nb0_rank1352,Automatic,1,ok,793.335,121,2,1,0,0,2305843009213693967:118;2305843009213693973:3,Symbolica_default,cached_powers_Q,40,15,0.383,BalancedZippelSeparated
fire7_nb0_rank1353,Automatic,1,ok,487.843,92,2,1,0,0,2305843009213693967:89;2305843009213693973:3,Symbolica_default,cached_powers_Q,28,18,0.476,BalancedZippelSeparated
fire7_nb0_rank1354,Automatic,1,ok,560.674,92,2,1,0,0,2305843009213693967:89;2305843009213693973:3,Symbolica_default,cached_powers_Q,28,18,0.581,BalancedZippelSeparated
fire7_nb0_rank1355,Automatic,1,ok,669.634,111,2,1,0,0,2305843009213693967:108;2305843009213693973:3,Symbolica_default,cached_powers_Q,40,15,0.515,BalancedZippelSeparated
fire7_nb0_rank1356,Automatic,1,ok,826.905,163,2,1,0,0,2305843009213693967:160;2305843009213693973:3,Symbolica_default,cached_powers_Q,50,8,0.554,BalancedZippelSeparated
fire7_nb0_rank1357,Automatic,1,ok,863.045,151,2,1,0,0,2305843009213693967:148;2305843009213693973:3,Symbolica_default,cached_powers_Q,42,14,0.406,BalancedZippelSeparated
fire7_nb0_rank1358,Automatic,1,ok,509.163,134,2,1,0,0,2305843009213693967:131;2305843009213693973:3,Symbolica_default,cached_powers_Q,35,27,0.578,BalancedZippelSeparated
fire7_nb0_rank1359,Automatic,1,ok,710.754,130,2,1,0,0,2305843009213693967:127;2305843009213693973:3,Symbolica_default,cached_powers_Q,25,36,0.396,BalancedZippelSeparated
fire7_nb0_rank1360,Automatic,1,ok,672.274,130,2,1,0,0,2305843009213693967:127;2305843009213693973:3,Symbolica_default,cached_powers_Q,25,36,0.547,BalancedZippelSeparated
fire7_nb0_rank1361,Automatic,1,ok,688.454,127,2,1,0,0,2305843009213693967:124;2305843009213693973:3,Symbolica_default,cached_powers_Q,36,21,0.421,BalancedZippelSeparated
fire7_nb0_rank1362,Automatic,1,ok,694.994,130,2,1,0,0,2305843009213693967:127;2305843009213693973:3,Symbolica_default,cached_powers_Q,25,36,0.401,BalancedZippelSeparated
fire7_nb0_rank1363,Automatic,1,ok,752.495,147,2,1,0,0,2305843009213693967:144;2305843009213693973:3,Symbolica_default,cached_powers_Q,36,20,0.534,BalancedZippelSeparated
fire7_nb0_rank1364,Automatic,1,ok,564.833,124,2,1,0,0,2305843009213693967:121;2305843009213693973:3,Symbolica_default,cached_powers_Q,5,56,0.353,BalancedZippelSeparated
fire7_nb0_rank1365,Automatic,1,ok,545.333,124,2,1,0,0,2305843009213693967:121;2305843009213693973:3,Symbolica_default,cached_powers_Q,5,56,0.472,BalancedZippelSeparated
fire7_nb0_rank1366,Automatic,1,ok,717.344,130,2,1,0,0,2305843009213693967:127;2305843009213693973:3,Symbolica_default,cached_powers_Q,25,36,0.428,BalancedZippelSeparated
fire7_nb0_rank1367,Automatic,1,ok,739.714,117,2,1,0,0,2305843009213693967:114;2305843009213693973:3,Symbolica_default,cached_powers_Q,35,18,0.512,BalancedZippelSeparated
fire7_nb0_rank1368,Automatic,1,ok,619.484,106,2,1,0,0,2305843009213693967:103;2305843009213693973:3,Symbolica_default,cached_powers_Q,38,12,0.556,BalancedZippelSeparated
fire7_nb0_rank1369,Automatic,1,ok,597.824,110,2,1,0,0,2305843009213693967:107;2305843009213693973:3,Symbolica_default,cached_powers_Q,18,35,0.513,BalancedZippelSeparated
fire7_nb0_rank1370,Automatic,1,ok,702.975,130,2,1,0,0,2305843009213693967:127;2305843009213693973:3,Symbolica_default,cached_powers_Q,32,27,0.459,BalancedZippelSeparated
fire7_nb0_rank1371,Automatic,1,ok,678.274,123,2,1,0,0,2305843009213693967:120;2305843009213693973:3,Symbolica_default,cached_powers_Q,18,36,0.557,BalancedZippelSeparated
fire7_nb0_rank1372,Automatic,1,ok,651.264,112,2,1,0,0,2305843009213693967:109;2305843009213693973:3,Symbolica_default,cached_powers_Q,30,28,0.518,BalancedZippelSeparated
fire7_nb0_rank1373,Automatic,1,ok,652.384,122,2,1,0,0,2305843009213693967:119;2305843009213693973:3,Symbolica_default,cached_powers_Q,45,10,0.363,BalancedZippelSeparated
fire7_nb0_rank1374,Automatic,1,ok,874.125,160,2,1,0,0,2305843009213693967:157;2305843009213693973:3,Symbolica_default,cached_powers_Q,45,14,0.370,BalancedZippelSeparated
fire7_nb0_rank1375,Automatic,1,ok,427.122,101,2,1,0,0,2305843009213693967:98;2305843009213693973:3,Symbolica_default,cached_powers_Q,34,12,0.380,BalancedZippelSeparated
fire7_nb0_rank1376,Automatic,1,ok,573.993,102,2,1,0,0,2305843009213693967:99;2305843009213693973:3,Symbolica_default,cached_powers_Q,30,20,0.361,BalancedZippelSeparated
fire7_nb0_rank1377,Automatic,1,ok,642.474,102,2,1,0,0,2305843009213693967:99;2305843009213693973:3,Symbolica_default,cached_powers_Q,30,20,0.518,BalancedZippelSeparated
fire7_nb0_rank1378,Automatic,1,ok,638.854,130,2,1,0,0,2305843009213693967:127;2305843009213693973:3,Symbolica_default,cached_powers_Q,30,27,0.354,BalancedZippelSeparated
fire7_nb0_rank1379,Automatic,1,ok,866.166,118,2,1,0,0,2305843009213693967:115;2305843009213693973:3,Symbolica_default,cached_powers_Q,18,36,0.384,BalancedZippelSeparated
fire7_nb0_rank1380,Automatic,1,ok,742.694,147,2,1,0,0,2305843009213693967:144;2305843009213693973:3,Symbolica_default,cached_powers_Q,23,39,0.533,BalancedZippelSeparated
fire7_nb0_rank1381,Automatic,1,ok,743.264,107,2,1,0,0,2305843009213693967:104;2305843009213693973:3,Symbolica_default,cached_powers_Q,36,9,0.353,BalancedZippelSeparated
fire7_nb0_rank1382,Automatic,1,ok,651.384,123,2,1,0,0,2305843009213693967:120;2305843009213693973:3,Symbolica_default,cached_powers_Q,40,15,0.371,BalancedZippelSeparated
fire7_nb0_rank1383,Automatic,1,ok,714.924,126,2,1,0,0,2305843009213693967:123;2305843009213693973:3,Symbolica_default,cached_powers_Q,36,21,0.558,BalancedZippelSeparated
fire7_nb0_rank1384,Automatic,1,ok,632.044,94,2,1,0,0,2305843009213693967:91;2305843009213693973:3,Symbolica_default,cached_powers_Q,24,25,0.515,BalancedZippelSeparated
fire7_nb0_rank1385,Automatic,1,ok,631.793,108,2,1,0,0,2305843009213693967:105;2305843009213693973:3,Symbolica_default,cached_powers_Q,22,25,0.484,BalancedZippelSeparated
fire7_nb0_rank1386,Automatic,1,ok,662.784,112,2,1,0,0,2305843009213693967:109;2305843009213693973:3,Symbolica_default,cached_powers_Q,42,9,0.359,BalancedZippelSeparated
fire7_nb0_rank1387,Automatic,1,ok,814.725,126,2,1,0,0,2305843009213693967:123;2305843009213693973:3,Symbolica_default,cached_powers_Q,36,21,0.411,BalancedZippelSeparated
fire7_nb0_rank1388,Automatic,1,ok,906.246,212,2,1,0,0,2305843009213693967:209;2305843009213693973:3,Symbolica_default,cached_powers_Q,42,14,0.388,BalancedZippelSeparated
fire7_nb0_rank1389,Automatic,1,ok,721.124,110,2,1,0,0,2305843009213693967:107;2305843009213693973:3,Symbolica_default,cached_powers_Q,18,35,0.360,BalancedZippelSeparated
fire7_nb0_rank1390,Automatic,1,ok,810.375,174,2,1,0,0,2305843009213693967:171;2305843009213693973:3,Symbolica_default,cached_powers_Q,32,28,0.528,BalancedZippelSeparated
fire7_nb0_rank1391,Automatic,1,ok,921.986,163,2,1,0,0,2305843009213693967:160;2305843009213693973:3,Symbolica_default,cached_powers_Q,25,28,0.399,BalancedZippelSeparated
fire7_nb0_rank1392,Automatic,1,ok,580.973,94,2,1,0,0,2305843009213693967:91;2305843009213693973:3,Symbolica_default,cached_powers_Q,30,15,0.353,BalancedZippelSeparated
fire7_nb0_rank1393,Automatic,1,ok,980.706,163,2,1,0,0,2305843009213693967:160;2305843009213693973:3,Symbolica_default,cached_powers_Q,25,28,0.408,BalancedZippelSeparated
fire7_nb0_rank1394,Automatic,1,ok,468.052,111,2,1,0,0,2305843009213693967:108;2305843009213693973:3,Symbolica_default,cached_powers_Q,36,15,0.360,BalancedZippelSeparated
fire7_nb0_rank1395,Automatic,1,ok,632.014,109,2,1,0,0,2305843009213693967:106;2305843009213693973:3,Symbolica_default,cached_powers_Q,36,20,0.400,BalancedZippelSeparated
fire7_nb0_rank1396,Automatic,1,ok,599.093,94,2,1,0,0,2305843009213693967:91;2305843009213693973:3,Symbolica_default,cached_powers_Q,30,20,0.521,BalancedZippelSeparated
fire7_nb0_rank1397,Automatic,1,ok,694.424,130,2,1,0,0,2305843009213693967:127;2305843009213693973:3,Symbolica_default,cached_powers_Q,36,18,0.519,BalancedZippelSeparated
fire7_nb0_rank1398,Automatic,1,ok,810.325,126,2,1,0,0,2305843009213693967:123;2305843009213693973:3,Symbolica_default,cached_powers_Q,36,21,0.419,BalancedZippelSeparated
fire7_nb0_rank1399,Automatic,1,ok,631.774,110,2,1,0,0,2305843009213693967:107;2305843009213693973:3,Symbolica_default,cached_powers_Q,35,12,0.385,BalancedZippelSeparated
fire7_nb0_rank1400,Automatic,1,ok,742.245,117,2,1,0,0,2305843009213693967:114;2305843009213693973:3,Symbolica_default,cached_powers_Q,35,18,0.387,BalancedZippelSeparated
fire7_nb0_rank1401,Automatic,1,ok,754.925,138,2,1,0,0,2305843009213693967:135;2305843009213693973:3,Symbolica_default,cached_powers_Q,36,18,0.370,BalancedZippelSeparated
fire7_nb0_rank1402,Automatic,1,ok,796.085,167,2,1,0,0,2305843009213693967:164;2305843009213693973:3,Symbolica_default,cached_powers_Q,36,24,0.536,BalancedZippelSeparated
fire7_nb0_rank1403,Automatic,1,ok,688.164,167,2,1,0,0,2305843009213693967:164;2305843009213693973:3,Symbolica_default,cached_powers_Q,36,24,0.524,BalancedZippelSeparated
fire7_nb0_rank1404,Automatic,1,ok,752.374,148,2,1,0,0,2305843009213693967:145;2305843009213693973:3,Symbolica_default,cached_powers_Q,36,24,0.402,BalancedZippelSeparated
fire7_nb0_rank1405,Automatic,1,ok,753.155,148,2,1,0,0,2305843009213693967:145;2305843009213693973:3,Symbolica_default,cached_powers_Q,42,14,0.394,BalancedZippelSeparated
fire7_nb0_rank1406,Automatic,1,ok,884.445,124,2,1,0,0,2305843009213693967:121;2305843009213693973:3,Symbolica_default,cached_powers_Q,25,27,0.437,BalancedZippelSeparated
fire7_nb0_rank1407,Automatic,1,ok,575.903,126,2,1,0,0,2305843009213693967:123;2305843009213693973:3,Symbolica_default,cached_powers_Q,36,21,0.447,BalancedZippelSeparated
fire7_nb0_rank1408,Automatic,1,ok,627.924,159,2,1,0,0,2305843009213693967:156;2305843009213693973:3,Symbolica_default,cached_powers_Q,15,42,0.436,BalancedZippelSeparated
fire7_nb0_rank1409,Automatic,1,ok,715.945,112,2,1,0,0,2305843009213693967:109;2305843009213693973:3,Symbolica_default,cached_powers_Q,41,9,0.363,BalancedZippelSeparated
fire7_nb0_rank1410,Automatic,1,ok,676.775,123,2,1,0,0,2305843009213693967:120;2305843009213693973:3,Symbolica_default,cached_powers_Q,18,36,0.374,BalancedZippelSeparated
fire7_nb0_rank1411,Automatic,1,ok,698.545,114,2,1,0,0,2305843009213693967:111;2305843009213693973:3,Symbolica_default,cached_powers_Q,42,9,0.387,BalancedZippelSeparated
fire7_nb0_rank1412,Automatic,1,ok,595.293,94,2,1,0,0,2305843009213693967:91;2305843009213693973:3,Symbolica_default,cached_powers_Q,23,25,0.415,BalancedZippelSeparated
fire7_nb0_rank1413,Automatic,1,ok,551.953,92,2,1,0,0,2305843009213693967:89;2305843009213693973:3,Symbolica_default,cached_powers_Q,23,25,0.518,BalancedZippelSeparated
fire7_nb0_rank1414,Automatic,1,ok,628.073,109,2,1,0,0,2305843009213693967:106;2305843009213693973:3,Symbolica_default,cached_powers_Q,36,15,0.365,BalancedZippelSeparated
fire7_nb0_rank1415,Automatic,1,ok,721.954,117,2,1,0,0,2305843009213693967:114;2305843009213693973:3,Symbolica_default,cached_powers_Q,35,18,0.372,BalancedZippelSeparated
fire7_nb0_rank1416,Automatic,1,ok,642.054,117,2,1,0,0,2305843009213693967:114;2305843009213693973:3,Symbolica_default,cached_powers_Q,40,12,0.380,BalancedZippelSeparated
fire7_nb0_rank1417,Automatic,1,ok,575.923,98,2,1,0,0,2305843009213693967:95;2305843009213693973:3,Symbolica_default,cached_powers_Q,30,20,0.371,BalancedZippelSeparated
fire7_nb0_rank1418,Automatic,1,ok,707.904,111,2,1,0,0,2305843009213693967:108;2305843009213693973:3,Symbolica_default,cached_powers_Q,35,15,0.482,BalancedZippelSeparated
fire7_nb0_rank1419,Automatic,1,ok,585.433,127,2,1,0,0,2305843009213693967:124;2305843009213693973:3,Symbolica_default,cached_powers_Q,45,8,0.369,BalancedZippelSeparated
fire7_nb0_rank1420,Automatic,1,ok,624.163,115,2,1,0,0,2305843009213693967:112;2305843009213693973:3,Symbolica_default,cached_powers_Q,45,6,0.476,BalancedZippelSeparated
fire7_nb0_rank1421,Automatic,1,ok,722.484,116,2,1,0,0,2305843009213693967:113;2305843009213693973:3,Symbolica_default,cached_powers_Q,40,10,0.386,BalancedZippelSeparated
fire7_nb0_rank1422,Automatic,1,ok,654.344,110,2,1,0,0,2305843009213693967:107;2305843009213693973:3,Symbolica_default,cached_powers_Q,36,20,0.408,BalancedZippelSeparated
fire7_nb0_rank1423,Automatic,1,ok,763.244,110,2,1,0,0,2305843009213693967:107;2305843009213693973:3,Symbolica_default,cached_powers_Q,35,15,0.425,BalancedZippelSeparated
fire7_nb0_rank1424,Automatic,1,ok,622.524,115,2,1,0,0,2305843009213693967:112;2305843009213693973:3,Symbolica_default,cached_powers_Q,45,6,0.335,BalancedZippelSeparated
fire7_nb0_rank1425,Automatic,1,ok,784.995,148,2,1,0,0,2305843009213693967:145;2305843009213693973:3,Symbolica_default,cached_powers_Q,35,24,0.545,BalancedZippelSeparated
fire7_nb0_rank1426,Automatic,1,ok,685.874,126,2,1,0,0,2305843009213693967:123;2305843009213693973:3,Symbolica_default,cached_powers_Q,39,18,0.477,BalancedZippelSeparated
fire7_nb0_rank1427,Automatic,1,ok,595.483,110,2,1,0,0,2305843009213693967:107;2305843009213693973:3,Symbolica_default,cached_powers_Q,36,20,0.491,BalancedZippelSeparated
fire7_nb0_rank1428,Automatic,1,ok,484.143,113,2,1,0,0,2305843009213693967:110;2305843009213693973:3,Symbolica_default,cached_powers_Q,36,20,0.459,BalancedZippelSeparated
fire7_nb0_rank1429,Automatic,1,ok,626.794,117,2,1,0,0,2305843009213693967:114;2305843009213693973:3,Symbolica_default,cached_powers_Q,45,6,0.357,BalancedZippelSeparated
fire7_nb0_rank1430,Automatic,1,ok,512.053,114,2,1,0,0,2305843009213693967:111;2305843009213693973:3,Symbolica_default,cached_powers_Q,40,10,0.362,BalancedZippelSeparated
fire7_nb0_rank1431,Automatic,1,ok,634.084,130,2,1,0,0,2305843009213693967:127;2305843009213693973:3,Symbolica_default,cached_powers_Q,42,9,0.355,BalancedZippelSeparated
fire7_nb0_rank1432,Automatic,1,ok,716.414,111,2,1,0,0,2305843009213693967:108;2305843009213693973:3,Symbolica_default,cached_powers_Q,35,15,0.355,BalancedZippelSeparated
fire7_nb0_rank1433,Automatic,1,ok,600.604,105,2,1,0,0,2305843009213693967:102;2305843009213693973:3,Symbolica_default,cached_powers_Q,29,15,0.474,BalancedZippelSeparated
fire7_nb0_rank1434,Automatic,1,ok,726.914,130,2,1,0,0,2305843009213693967:127;2305843009213693973:3,Symbolica_default,cached_powers_Q,36,18,0.563,BalancedZippelSeparated
fire7_nb0_rank1435,Automatic,1,ok,480.573,108,2,1,0,0,2305843009213693967:105;2305843009213693973:3,Symbolica_default,cached_powers_Q,36,15,0.534,BalancedZippelSeparated
fire7_nb0_rank1436,Automatic,1,ok,643.683,107,2,1,0,0,2305843009213693967:104;2305843009213693973:3,Symbolica_default,cached_powers_Q,36,20,0.378,BalancedZippelSeparated
fire7_nb0_rank1437,Automatic,1,ok,465.363,98,2,1,0,0,2305843009213693967:95;2305843009213693973:3,Symbolica_default,cached_powers_Q,30,20,0.391,BalancedZippelSeparated
fire7_nb0_rank1438,Automatic,1,ok,748.745,122,2,1,0,0,2305843009213693967:119;2305843009213693973:3,Symbolica_default,cached_powers_Q,25,27,0.482,BalancedZippelSeparated
fire7_nb0_rank1439,Automatic,1,ok,666.923,115,2,1,0,0,2305843009213693967:112;2305843009213693973:3,Symbolica_default,cached_powers_Q,36,15,0.488,BalancedZippelSeparated
fire7_nb0_rank1440,Automatic,1,ok,626.714,128,2,1,0,0,2305843009213693967:125;2305843009213693973:3,Symbolica_default,cached_powers_Q,30,27,0.312,BalancedZippelSeparated
fire7_nb0_rank1441,Automatic,1,ok,767.275,116,2,1,0,0,2305843009213693967:113;2305843009213693973:3,Symbolica_default,cached_powers_Q,30,21,0.401,BalancedZippelSeparated
fire7_nb0_rank1442,Automatic,1,ok,575.553,108,2,1,0,0,2305843009213693967:105;2305843009213693973:3,Symbolica_default,cached_powers_Q,18,35,0.488,BalancedZippelSeparated
fire7_nb0_rank1443,Automatic,1,ok,639.194,124,2,1,0,0,2305843009213693967:121;2305843009213693973:3,Symbolica_default,cached_powers_Q,30,24,0.465,BalancedZippelSeparated
fire7_nb0_rank1444,Automatic,1,ok,602.484,104,2,1,0,0,2305843009213693967:101;2305843009213693973:3,Symbolica_default,cached_powers_Q,40,9,0.362,BalancedZippelSeparated
fire7_nb0_rank1445,Automatic,1,ok,561.024,116,2,1,0,0,2305843009213693967:113;2305843009213693973:3,Symbolica_default,cached_powers_Q,40,9,0.473,BalancedZippelSeparated
fire7_nb0_rank1446,Automatic,1,ok,599.423,120,2,1,0,0,2305843009213693967:117;2305843009213693973:3,Symbolica_default,cached_powers_Q,44,8,0.465,BalancedZippelSeparated
fire7_nb0_rank1447,Automatic,1,ok,583.253,105,2,1,0,0,2305843009213693967:102;2305843009213693973:3,Symbolica_default,cached_powers_Q,40,9,0.541,BalancedZippelSeparated
fire7_nb0_rank1448,Automatic,1,ok,851.405,117,2,1,0,0,2305843009213693967:114;2305843009213693973:3,Symbolica_default,cached_powers_Q,32,21,0.458,BalancedZippelSeparated
fire7_nb0_rank1449,Automatic,1,ok,558.353,122,2,1,0,0,2305843009213693967:119;2305843009213693973:3,Symbolica_default,cached_powers_Q,25,27,0.452,BalancedZippelSeparated
fire7_nb0_rank1450,Automatic,1,ok,559.183,132,2,1,0,0,2305843009213693967:129;2305843009213693973:3,Symbolica_default,cached_powers_Q,40,12,0.396,BalancedZippelSeparated
fire7_nb0_rank1451,Automatic,1,ok,401.262,96,2,1,0,0,2305843009213693967:93;2305843009213693973:3,Symbolica_default,cached_powers_Q,34,10,0.383,BalancedZippelSeparated
fire7_nb0_rank1452,Automatic,1,ok,771.705,148,2,1,0,0,2305843009213693967:145;2305843009213693973:3,Symbolica_default,cached_powers_Q,39,18,0.399,BalancedZippelSeparated
fire7_nb0_rank1453,Automatic,1,ok,472.303,113,2,1,0,0,2305843009213693967:110;2305843009213693973:3,Symbolica_default,cached_powers_Q,36,15,0.377,BalancedZippelSeparated
fire7_nb0_rank1454,Automatic,1,ok,648.964,117,2,1,0,0,2305843009213693967:114;2305843009213693973:3,Symbolica_default,cached_powers_Q,32,21,0.415,BalancedZippelSeparated
fire7_nb0_rank1455,Automatic,1,ok,404.102,103,2,1,0,0,2305843009213693967:100;2305843009213693973:3,Symbolica_default,cached_powers_Q,36,12,0.344,BalancedZippelSeparated
fire7_nb0_rank1456,Automatic,1,ok,567.484,104,2,1,0,0,2305843009213693967:101;2305843009213693973:3,Symbolica_default,cached_powers_Q,36,12,0.525,BalancedZippelSeparated
fire7_nb0_rank1457,Automatic,1,ok,691.614,135,2,1,0,0,2305843009213693967:132;2305843009213693973:3,Symbolica_default,cached_powers_Q,38,21,0.392,BalancedZippelSeparated
fire7_nb0_rank1458,Automatic,1,ok,651.834,117,2,1,0,0,2305843009213693967:114;2305843009213693973:3,Symbolica_default,cached_powers_Q,32,21,0.395,BalancedZippelSeparated
fire7_nb0_rank1459,Automatic,1,ok,719.774,141,2,1,0,0,2305843009213693967:138;2305843009213693973:3,Symbolica_default,cached_powers_Q,39,14,0.374,BalancedZippelSeparated
fire7_nb0_rank1460,Automatic,1,ok,677.213,121,2,1,0,0,2305843009213693967:118;2305843009213693973:3,Symbolica_default,cached_powers_Q,35,21,0.462,BalancedZippelSeparated
fire7_nb0_rank1461,Automatic,1,ok,634.444,96,2,1,0,0,2305843009213693967:93;2305843009213693973:3,Symbolica_default,cached_powers_Q,30,20,0.395,BalancedZippelSeparated
fire7_nb0_rank1462,Automatic,1,ok,431.363,99,2,1,0,0,2305843009213693967:96;2305843009213693973:3,Symbolica_default,cached_powers_Q,36,12,0.384,BalancedZippelSeparated
fire7_nb0_rank1463,Automatic,1,ok,637.214,111,2,1,0,0,2305843009213693967:108;2305843009213693973:3,Symbolica_default,cached_powers_Q,40,9,0.362,BalancedZippelSeparated
fire7_nb0_rank1464,Automatic,1,ok,621.224,111,2,1,0,0,2305843009213693967:108;2305843009213693973:3,Symbolica_default,cached_powers_Q,27,24,0.469,BalancedZippelSeparated
fire7_nb0_rank1465,Automatic,1,ok,601.623,99,2,1,0,0,2305843009213693967:96;2305843009213693973:3,Symbolica_default,cached_powers_Q,36,12,0.405,BalancedZippelSeparated
fire7_nb0_rank1466,Automatic,1,ok,478.032,108,2,1,0,0,2305843009213693967:105;2305843009213693973:3,Symbolica_default,cached_powers_Q,36,15,0.385,BalancedZippelSeparated
fire7_nb0_rank1467,Automatic,1,ok,548.833,99,2,1,0,0,2305843009213693967:96;2305843009213693973:3,Symbolica_default,cached_powers_Q,36,12,0.344,BalancedZippelSeparated
fire7_nb0_rank1468,Automatic,1,ok,594.673,99,2,1,0,0,2305843009213693967:96;2305843009213693973:3,Symbolica_default,cached_powers_Q,30,15,0.327,BalancedZippelSeparated
fire7_nb0_rank1469,Automatic,1,ok,582.894,97,2,1,0,0,2305843009213693967:94;2305843009213693973:3,Symbolica_default,cached_powers_Q,30,15,0.354,BalancedZippelSeparated
fire7_nb0_rank1470,Automatic,1,ok,705.884,90,2,1,0,0,2305843009213693967:87;2305843009213693973:3,Symbolica_default,cached_powers_Q,30,15,0.352,BalancedZippelSeparated
fire7_nb0_rank1471,Automatic,1,ok,772.605,136,2,1,0,0,2305843009213693967:133;2305843009213693973:3,Symbolica_default,cached_powers_Q,30,20,0.352,BalancedZippelSeparated
fire7_nb0_rank1472,Automatic,1,ok,629.863,122,2,1,0,0,2305843009213693967:119;2305843009213693973:3,Symbolica_default,cached_powers_Q,40,10,0.481,BalancedZippelSeparated
fire7_nb0_rank1473,Automatic,1,ok,440.993,96,2,1,0,0,2305843009213693967:93;2305843009213693973:3,Symbolica_default,cached_powers_Q,5,48,0.433,BalancedZippelSeparated
fire7_nb0_rank1474,Automatic,1,ok,465.113,110,2,1,0,0,2305843009213693967:107;2305843009213693973:3,Symbolica_default,cached_powers_Q,5,48,0.404,BalancedZippelSeparated
fire7_nb0_rank1475,Automatic,1,ok,703.634,123,2,1,0,0,2305843009213693967:120;2305843009213693973:3,Symbolica_default,cached_powers_Q,39,9,0.334,BalancedZippelSeparated
fire7_nb0_rank1476,Automatic,1,ok,598.414,105,2,1,0,0,2305843009213693967:102;2305843009213693973:3,Symbolica_default,cached_powers_Q,32,20,0.478,BalancedZippelSeparated
fire7_nb0_rank1477,Automatic,1,ok,662.554,134,2,1,0,0,2305843009213693967:131;2305843009213693973:3,Symbolica_default,cached_powers_Q,37,10,0.356,BalancedZippelSeparated
fire7_nb0_rank1478,Automatic,1,ok,711.314,129,2,1,0,0,2305843009213693967:126;2305843009213693973:3,Symbolica_default,cached_powers_Q,27,26,0.543,BalancedZippelSeparated
fire7_nb0_rank1479,Automatic,1,ok,686.414,117,2,1,0,0,2305843009213693967:114;2305843009213693973:3,Symbolica_default,cached_powers_Q,30,21,0.535,BalancedZippelSeparated
fire7_nb0_rank1480,Automatic,1,ok,502.954,111,2,1,0,0,2305843009213693967:108;2305843009213693973:3,Symbolica_default,cached_powers_Q,30,21,0.383,BalancedZippelSeparated
fire7_nb0_rank1481,Automatic,1,ok,695.284,117,2,1,0,0,2305843009213693967:114;2305843009213693973:3,Symbolica_default,cached_powers_Q,32,21,0.583,BalancedZippelSeparated
fire7_nb0_rank1482,Automatic,1,ok,767.834,141,2,1,0,0,2305843009213693967:138;2305843009213693973:3,Symbolica_default,cached_powers_Q,15,36,0.685,BalancedZippelSeparated
fire7_nb0_rank1483,Automatic,1,ok,553.343,104,2,1,0,0,2305843009213693967:101;2305843009213693973:3,Symbolica_default,cached_powers_Q,38,9,0.387,BalancedZippelSeparated
fire7_nb0_rank1484,Automatic,1,ok,588.923,101,2,1,0,0,2305843009213693967:98;2305843009213693973:3,Symbolica_default,cached_powers_Q,32,15,0.359,BalancedZippelSeparated
fire7_nb0_rank1485,Automatic,1,ok,746.145,134,2,1,0,0,2305843009213693967:131;2305843009213693973:3,Symbolica_default,cached_powers_Q,27,26,0.508,BalancedZippelSeparated
fire7_nb0_rank1486,Automatic,1,ok,721.255,161,2,1,0,0,2305843009213693967:158;2305843009213693973:3,Symbolica_default,cached_powers_Q,42,13,0.349,BalancedZippelSeparated
fire7_nb0_rank1487,Automatic,1,ok,543.433,96,2,1,0,0,2305843009213693967:93;2305843009213693973:3,Symbolica_default,cached_powers_Q,33,12,0.337,BalancedZippelSeparated
fire7_nb0_rank1488,Automatic,1,ok,466.732,108,2,1,0,0,2305843009213693967:105;2305843009213693973:3,Symbolica_default,cached_powers_Q,32,18,0.517,BalancedZippelSeparated
fire7_nb0_rank1489,Automatic,1,ok,436.873,96,2,1,0,0,2305843009213693967:93;2305843009213693973:3,Symbolica_default,cached_powers_Q,33,12,0.349,BalancedZippelSeparated
fire7_nb0_rank1490,Automatic,1,ok,673.693,132,2,1,0,0,2305843009213693967:129;2305843009213693973:3,Symbolica_default,cached_powers_Q,35,18,0.358,BalancedZippelSeparated
fire7_nb0_rank1491,Automatic,1,ok,575.703,97,2,1,0,0,2305843009213693967:94;2305843009213693973:3,Symbolica_default,cached_powers_Q,35,10,0.578,BalancedZippelSeparated
fire7_nb0_rank1492,Automatic,1,ok,653.374,107,2,1,0,0,2305843009213693967:104;2305843009213693973:3,Symbolica_default,cached_powers_Q,25,28,0.416,BalancedZippelSeparated
fire7_nb0_rank1493,Automatic,1,ok,666.324,99,2,1,0,0,2305843009213693967:96;2305843009213693973:3,Symbolica_default,cached_powers_Q,25,28,0.445,BalancedZippelSeparated
fire7_nb0_rank1494,Automatic,1,ok,724.384,128,2,1,0,0,2305843009213693967:125;2305843009213693973:3,Symbolica_default,cached_powers_Q,32,18,0.548,BalancedZippelSeparated
fire7_nb0_rank1495,Automatic,1,ok,590.833,96,2,1,0,0,2305843009213693967:93;2305843009213693973:3,Symbolica_default,cached_powers_Q,30,12,0.492,BalancedZippelSeparated
fire7_nb0_rank1496,Automatic,1,ok,657.714,111,2,1,0,0,2305843009213693967:108;2305843009213693973:3,Symbolica_default,cached_powers_Q,29,15,0.402,BalancedZippelSeparated
fire7_nb0_rank1497,Automatic,1,ok,516.423,138,2,1,0,0,2305843009213693967:135;2305843009213693973:3,Symbolica_default,cached_powers_Q,39,12,0.384,BalancedZippelSeparated
fire7_nb0_rank1498,Automatic,1,ok,552.924,94,2,1,0,0,2305843009213693967:91;2305843009213693973:3,Symbolica_default,cached_powers_Q,30,20,0.347,BalancedZippelSeparated
fire7_nb0_rank1499,Automatic,1,ok,568.574,98,2,1,0,0,2305843009213693967:95;2305843009213693973:3,Symbolica_default,cached_powers_Q,30,20,0.346,BalancedZippelSeparated
fire7_nb0_rank1500,Automatic,1,ok,681.855,148,2,1,0,0,2305843009213693967:145;2305843009213693973:3,Symbolica_default,cached_powers_Q,39,18,0.496,BalancedZippelSeparated
fire7_nb0_rank1501,Automatic,1,ok,555.673,102,2,1,0,0,2305843009213693967:99;2305843009213693973:3,Symbolica_default,cached_powers_Q,18,28,0.457,BalancedZippelSeparated
fire7_nb0_rank1502,Automatic,1,ok,645.044,132,2,1,0,0,2305843009213693967:129;2305843009213693973:3,Symbolica_default,cached_powers_Q,39,12,0.335,BalancedZippelSeparated
fire7_nb0_rank1503,Automatic,1,ok,754.945,119,2,1,0,0,2305843009213693967:116;2305843009213693973:3,Symbolica_default,cached_powers_Q,35,12,0.399,BalancedZippelSeparated
fire7_nb0_rank1504,Automatic,1,ok,482.873,103,2,1,0,0,2305843009213693967:100;2305843009213693973:3,Symbolica_default,cached_powers_Q,32,18,0.541,BalancedZippelSeparated
fire7_nb0_rank1505,Automatic,1,ok,754.575,119,2,1,0,0,2305843009213693967:116;2305843009213693973:3,Symbolica_default,cached_powers_Q,35,12,0.394,BalancedZippelSeparated
fire7_nb0_rank1506,Automatic,1,ok,622.594,100,2,1,0,0,2305843009213693967:97;2305843009213693973:3,Symbolica_default,cached_powers_Q,18,28,0.468,BalancedZippelSeparated
fire7_nb0_rank1507,Automatic,1,ok,447.423,106,2,1,0,0,2305843009213693967:103;2305843009213693973:3,Symbolica_default,cached_powers_Q,18,28,0.340,BalancedZippelSeparated
fire7_nb0_rank1508,Automatic,1,ok,687.014,150,2,1,0,0,2305843009213693967:147;2305843009213693973:3,Symbolica_default,cached_powers_Q,44,6,0.328,BalancedZippelSeparated
fire7_nb0_rank1509,Automatic,1,ok,833.855,147,2,1,0,0,2305843009213693967:144;2305843009213693973:3,Symbolica_default,cached_powers_Q,24,24,0.431,BalancedZippelSeparated
fire7_nb0_rank1510,Automatic,1,ok,753.214,117,2,1,0,0,2305843009213693967:114;2305843009213693973:3,Symbolica_default,cached_powers_Q,35,12,0.393,BalancedZippelSeparated
fire7_nb0_rank1511,Automatic,1,ok,698.884,117,2,1,0,0,2305843009213693967:114;2305843009213693973:3,Symbolica_default,cached_powers_Q,35,12,0.371,BalancedZippelSeparated
fire7_nb0_rank1512,Automatic,1,ok,804.435,147,2,1,0,0,2305843009213693967:144;2305843009213693973:3,Symbolica_default,cached_powers_Q,24,24,0.541,BalancedZippelSeparated
fire7_nb0_rank1513,Automatic,1,ok,708.554,134,2,1,0,0,2305843009213693967:131;2305843009213693973:3,Symbolica_default,cached_powers_Q,38,12,0.354,BalancedZippelSeparated
fire7_nb0_rank1514,Automatic,1,ok,708.954,125,2,1,0,0,2305843009213693967:122;2305843009213693973:3,Symbolica_default,cached_powers_Q,24,27,0.537,BalancedZippelSeparated
fire7_nb0_rank1515,Automatic,1,ok,691.314,119,2,1,0,0,2305843009213693967:116;2305843009213693973:3,Symbolica_default,cached_powers_Q,35,12,0.347,BalancedZippelSeparated
fire7_nb0_rank1516,Automatic,1,ok,657.573,125,2,1,0,0,2305843009213693967:122;2305843009213693973:3,Symbolica_default,cached_powers_Q,24,27,0.353,BalancedZippelSeparated
fire7_nb0_rank1517,Automatic,1,ok,657.794,90,2,1,0,0,2305843009213693967:87;2305843009213693973:3,Symbolica_default,cached_powers_Q,25,20,0.346,BalancedZippelSeparated
fire7_nb0_rank1518,Automatic,1,ok,711.344,105,2,1,0,0,2305843009213693967:102;2305843009213693973:3,Symbolica_default,cached_powers_Q,24,24,0.337,BalancedZippelSeparated
fire7_nb0_rank1519,Automatic,1,ok,616.933,109,2,1,0,0,2305843009213693967:106;2305843009213693973:3,Symbolica_default,cached_powers_Q,28,21,0.471,BalancedZippelSeparated
fire7_nb0_rank1520,Automatic,1,ok,468.583,115,2,1,0,0,2305843009213693967:112;2305843009213693973:3,Symbolica_default,cached_powers_Q,32,16,0.342,BalancedZippelSeparated
fire7_nb0_rank1521,Automatic,1,ok,466.973,115,2,1,0,0,2305843009213693967:112;2305843009213693973:3,Symbolica_default,cached_powers_Q,15,36,0.350,BalancedZippelSeparated
fire7_nb0_rank1522,Automatic,1,ok,685.764,139,2,1,0,0,2305843009213693967:136;2305843009213693973:3,Symbolica_default,cached_powers_Q,15,36,0.478,BalancedZippelSeparated
fire7_nb0_rank1523,Automatic,1,ok,608.963,108,2,1,0,0,2305843009213693967:105;2305843009213693973:3,Symbolica_default,cached_powers_Q,24,24,0.524,BalancedZippelSeparated
fire7_nb0_rank1524,Automatic,1,ok,721.164,107,2,1,0,0,2305843009213693967:104;2305843009213693973:3,Symbolica_default,cached_powers_Q,25,21,0.451,BalancedZippelSeparated
fire7_nb0_rank1525,Automatic,1,ok,833.465,117,2,1,0,0,2305843009213693967:114;2305843009213693973:3,Symbolica_default,cached_powers_Q,35,12,0.547,BalancedZippelSeparated
fire7_nb0_rank1526,Automatic,1,ok,463.893,94,2,1,0,0,2305843009213693967:91;2305843009213693973:3,Symbolica_default,cached_powers_Q,25,24,0.404,BalancedZippelSeparated
fire7_nb0_rank1527,Automatic,1,ok,694.884,124,2,1,0,0,2305843009213693967:121;2305843009213693973:3,Symbolica_default,cached_powers_Q,30,14,0.517,BalancedZippelSeparated
fire7_nb0_rank1528,Automatic,1,ok,549.893,139,2,1,0,0,2305843009213693967:136;2305843009213693973:3,Symbolica_default,cached_powers_Q,39,8,0.366,BalancedZippelSeparated
fire7_nb0_rank1529,Automatic,1,ok,647.713,117,2,1,0,0,2305843009213693967:114;2305843009213693973:3,Symbolica_default,cached_powers_Q,24,27,0.362,BalancedZippelSeparated
fire7_nb0_rank1530,Automatic,1,ok,393.602,107,2,1,0,0,2305843009213693967:104;2305843009213693973:3,Symbolica_default,cached_powers_Q,39,6,0.502,BalancedZippelSeparated
fire7_nb0_rank1531,Automatic,1,ok,805.705,141,2,1,0,0,2305843009213693967:138;2305843009213693973:3,Symbolica_default,cached_powers_Q,28,24,0.499,BalancedZippelSeparated
fire7_nb0_rank1532,Automatic,1,ok,670.944,139,2,1,0,0,2305843009213693967:136;2305843009213693973:3,Symbolica_default,cached_powers_Q,15,36,0.502,BalancedZippelSeparated
fire7_nb0_rank1533,Automatic,1,ok,687.504,139,2,1,0,0,2305843009213693967:136;2305843009213693973:3,Symbolica_default,cached_powers_Q,15,36,0.413,BalancedZippelSeparated
fire7_nb0_rank1534,Automatic,1,ok,532.834,111,2,1,0,0,2305843009213693967:108;2305843009213693973:3,Symbolica_default,cached_powers_Q,28,21,0.470,BalancedZippelSeparated
fire7_nb0_rank1535,Automatic,1,ok,484.163,117,2,1,0,0,2305843009213693967:114;2305843009213693973:3,Symbolica_default,cached_powers_Q,18,27,0.443,BalancedZippelSeparated
fire7_nb0_rank1536,Automatic,1,ok,579.193,95,2,1,0,0,2305843009213693967:92;2305843009213693973:3,Symbolica_default,cached_powers_Q,23,20,0.370,BalancedZippelSeparated
fire7_nb0_rank1537,Automatic,1,ok,716.174,150,2,1,0,0,2305843009213693967:147;2305843009213693973:3,Symbolica_default,cached_powers_Q,38,14,0.485,BalancedZippelSeparated
fire7_nb0_rank1538,Automatic,1,ok,453.953,98,2,1,0,0,2305843009213693967:95;2305843009213693973:3,Symbolica_default,cached_powers_Q,30,15,0.344,BalancedZippelSeparated
fire7_nb0_rank1539,Automatic,1,ok,661.234,108,2,1,0,0,2305843009213693967:105;2305843009213693973:3,Symbolica_default,cached_powers_Q,36,15,0.537,BalancedZippelSeparated
fire7_nb0_rank1540,Automatic,1,ok,488.623,99,2,1,0,0,2305843009213693967:96;2305843009213693973:3,Symbolica_default,cached_powers_Q,23,28,0.596,BalancedZippelSeparated
fire7_nb0_rank1541,Automatic,1,ok,590.763,107,2,1,0,0,2305843009213693967:104;2305843009213693973:3,Symbolica_default,cached_powers_Q,23,28,0.506,BalancedZippelSeparated
fire7_nb0_rank1542,Automatic,1,ok,489.933,94,2,1,0,0,2305843009213693967:91;2305843009213693973:3,Symbolica_default,cached_powers_Q,35,8,0.438,BalancedZippelSeparated
fire7_nb0_rank1543,Automatic,1,ok,380.602,98,2,1,0,0,2305843009213693967:95;2305843009213693973:3,Symbolica_default,cached_powers_Q,35,8,0.318,BalancedZippelSeparated
fire7_nb0_rank1544,Automatic,1,ok,865.166,150,2,1,0,0,2305843009213693967:147;2305843009213693973:3,Symbolica_default,cached_powers_Q,38,14,0.364,BalancedZippelSeparated
fire7_nb0_rank1545,Automatic,1,ok,812.565,120,2,1,0,0,2305843009213693967:117;2305843009213693973:3,Symbolica_default,cached_powers_Q,35,12,0.564,BalancedZippelSeparated
fire7_nb0_rank1546,Automatic,1,ok,843.635,115,2,1,0,0,2305843009213693967:112;2305843009213693973:3,Symbolica_default,cached_powers_Q,36,10,0.783,BalancedZippelSeparated
fire7_nb0_rank1547,Automatic,1,ok,715.964,125,2,1,0,0,2305843009213693967:122;2305843009213693973:3,Symbolica_default,cached_powers_Q,39,9,0.525,BalancedZippelSeparated
fire7_nb0_rank1548,Automatic,1,ok,799.365,108,2,1,0,0,2305843009213693967:105;2305843009213693973:3,Symbolica_default,cached_powers_Q,36,15,0.510,BalancedZippelSeparated
fire7_nb0_rank1549,Automatic,1,ok,869.695,116,2,1,0,0,2305843009213693967:113;2305843009213693973:3,Symbolica_default,cached_powers_Q,28,21,0.690,BalancedZippelSeparated
fire7_nb0_rank1550,Automatic,1,ok,404.852,85,2,1,0,0,2305843009213693967:82;2305843009213693973:3,Symbolica_default,cached_powers_Q,35,10,0.387,BalancedZippelSeparated
fire7_nb0_rank1551,Automatic,1,ok,795.044,148,2,1,0,0,2305843009213693967:145;2305843009213693973:3,Symbolica_default,cached_powers_Q,36,10,0.544,BalancedZippelSeparated
fire7_nb0_rank1552,Automatic,1,ok,589.474,114,2,1,0,0,2305843009213693967:111;2305843009213693973:3,Symbolica_default,cached_powers_Q,24,27,0.366,BalancedZippelSeparated
fire7_nb0_rank1553,Automatic,1,ok,716.084,135,2,1,0,0,2305843009213693967:132;2305843009213693973:3,Symbolica_default,cached_powers_Q,39,9,0.347,BalancedZippelSeparated
fire7_nb0_rank1554,Automatic,1,ok,716.484,104,2,1,0,0,2305843009213693967:101;2305843009213693973:3,Symbolica_default,cached_powers_Q,21,24,0.331,BalancedZippelSeparated
fire7_nb0_rank1555,Automatic,1,ok,585.123,108,2,1,0,0,2305843009213693967:105;2305843009213693973:3,Symbolica_default,cached_powers_Q,36,10,0.321,BalancedZippelSeparated
fire7_nb0_rank1556,Automatic,1,ok,561.713,105,2,1,0,0,2305843009213693967:102;2305843009213693973:3,Symbolica_default,cached_powers_Q,24,24,0.474,BalancedZippelSeparated
fire7_nb0_rank1557,Automatic,1,ok,858.385,114,2,1,0,0,2305843009213693967:111;2305843009213693973:3,Symbolica_default,cached_powers_Q,36,10,3.776,BalancedZippelSeparated
fire7_nb0_rank1558,Automatic,1,ok,382.652,90,2,1,0,0,2305843009213693967:87;2305843009213693973:3,Symbolica_default,cached_powers_Q,22,15,0.393,BalancedZippelSeparated
fire7_nb0_rank1559,Automatic,1,ok,606.484,113,2,1,0,0,2305843009213693967:110;2305843009213693973:3,Symbolica_default,cached_powers_Q,15,27,0.356,BalancedZippelSeparated
fire7_nb0_rank1560,Automatic,1,ok,513.333,113,2,1,0,0,2305843009213693967:110;2305843009213693973:3,Symbolica_default,cached_powers_Q,15,27,0.494,BalancedZippelSeparated
fire7_nb0_rank1561,Automatic,1,ok,756.664,103,2,1,0,0,2305843009213693967:100;2305843009213693973:3,Symbolica_default,cached_powers_Q,36,10,0.461,BalancedZippelSeparated
fire7_nb0_rank1562,Automatic,1,ok,741.245,135,2,1,0,0,2305843009213693967:132;2305843009213693973:3,Symbolica_default,cached_powers_Q,27,20,1.026,BalancedZippelSeparated
fire7_nb0_rank1563,Automatic,1,ok,631.254,124,2,1,0,0,2305843009213693967:121;2305843009213693973:3,Symbolica_default,cached_powers_Q,33,14,0.482,BalancedZippelSeparated
fire7_nb0_rank1564,Automatic,1,ok,568.354,89,2,1,0,0,2305843009213693967:86;2305843009213693973:3,Symbolica_default,cached_powers_Q,24,20,0.335,BalancedZippelSeparated
fire7_nb0_rank1565,Automatic,1,ok,587.223,93,2,1,0,0,2305843009213693967:90;2305843009213693973:3,Symbolica_default,cached_powers_Q,24,20,0.520,BalancedZippelSeparated
fire7_nb0_rank1566,Automatic,1,ok,1644.240,136,2,1,0,0,2305843009213693967:133;2305843009213693973:3,Symbolica_default,cached_powers_Q,33,14,0.681,BalancedZippelSeparated
fire7_nb0_rank1567,Automatic,1,ok,850.045,123,2,1,0,0,2305843009213693967:120;2305843009213693973:3,Symbolica_default,cached_powers_Q,39,10,0.528,BalancedZippelSeparated
fire7_nb0_rank1568,Automatic,1,ok,391.323,86,2,1,0,0,2305843009213693967:83;2305843009213693973:3,Symbolica_default,cached_powers_Q,22,14,0.448,BalancedZippelSeparated
fire7_nb0_rank1569,Automatic,1,ok,468.523,98,2,1,0,0,2305843009213693967:95;2305843009213693973:3,Symbolica_default,cached_powers_Q,30,15,0.562,BalancedZippelSeparated
fire7_nb0_rank1570,Automatic,1,ok,889.505,134,2,1,0,0,2305843009213693967:131;2305843009213693973:3,Symbolica_default,cached_powers_Q,33,14,0.569,BalancedZippelSeparated
fire7_nb0_rank1571,Automatic,1,ok,640.004,96,2,1,0,0,2305843009213693967:93;2305843009213693973:3,Symbolica_default,cached_powers_Q,30,15,0.397,BalancedZippelSeparated
fire7_nb0_rank1572,Automatic,1,ok,726.714,134,2,1,0,0,2305843009213693967:131;2305843009213693973:3,Symbolica_default,cached_powers_Q,33,14,0.411,BalancedZippelSeparated
fire7_nb0_rank1573,Automatic,1,ok,340.842,97,2,1,0,0,2305843009213693967:94;2305843009213693973:3,Symbolica_default,cached_powers_Q,32,5,0.424,BalancedZippelSeparated
fire7_nb0_rank1574,Automatic,1,ok,578.343,100,2,1,0,0,2305843009213693967:97;2305843009213693973:3,Symbolica_default,cached_powers_Q,30,15,0.363,BalancedZippelSeparated
fire7_nb0_rank1575,Automatic,1,ok,770.005,104,2,1,0,0,2305843009213693967:101;2305843009213693973:3,Symbolica_default,cached_powers_Q,35,6,0.409,BalancedZippelSeparated
fire7_nb0_rank1576,Automatic,1,ok,830.265,134,2,1,0,0,2305843009213693967:131;2305843009213693973:3,Symbolica_default,cached_powers_Q,36,9,0.507,BalancedZippelSeparated
fire7_nb0_rank1577,Automatic,1,ok,776.635,88,2,1,0,0,2305843009213693967:85;2305843009213693973:3,Symbolica_default,cached_powers_Q,25,12,0.472,BalancedZippelSeparated
fire7_nb0_rank1578,Automatic,1,ok,778.124,111,2,1,0,0,2305843009213693967:108;2305843009213693973:3,Symbolica_default,cached_powers_Q,15,27,0.470,BalancedZippelSeparated
fire7_nb0_rank1579,Automatic,1,ok,731.834,145,2,1,0,0,2305843009213693967:142;2305843009213693973:3,Symbolica_default,cached_powers_Q,24,24,0.492,BalancedZippelSeparated
fire7_nb0_rank1580,Automatic,1,ok,752.735,111,2,1,0,0,2305843009213693967:108;2305843009213693973:3,Symbolica_default,cached_powers_Q,15,27,0.609,BalancedZippelSeparated
fire7_nb0_rank1581,Automatic,1,ok,664.034,107,2,1,0,0,2305843009213693967:104;2305843009213693973:3,Symbolica_default,cached_powers_Q,20,27,0.397,BalancedZippelSeparated
fire7_nb0_rank1582,Automatic,1,ok,484.593,91,2,1,0,0,2305843009213693967:88;2305843009213693973:3,Symbolica_default,cached_powers_Q,26,8,0.300,BalancedZippelSeparated
fire7_nb0_rank1583,Automatic,1,ok,544.873,89,2,1,0,0,2305843009213693967:86;2305843009213693973:3,Symbolica_default,cached_powers_Q,18,25,0.460,BalancedZippelSeparated
fire7_nb0_rank1584,Automatic,1,ok,365.612,92,2,1,0,0,2305843009213693967:89;2305843009213693973:3,Symbolica_default,cached_powers_Q,30,9,0.318,BalancedZippelSeparated
fire7_nb0_rank1585,Automatic,1,ok,618.164,102,2,1,0,0,2305843009213693967:99;2305843009213693973:3,Symbolica_default,cached_powers_Q,35,6,0.457,BalancedZippelSeparated
fire7_nb0_rank1586,Automatic,1,ok,426.023,101,2,1,0,0,2305843009213693967:98;2305843009213693973:3,Symbolica_default,cached_powers_Q,32,10,0.436,BalancedZippelSeparated
fire7_nb0_rank1587,Automatic,1,ok,533.343,92,2,1,0,0,2305843009213693967:89;2305843009213693973:3,Symbolica_default,cached_powers_Q,25,15,0.319,BalancedZippelSeparated
fire7_nb0_rank1588,Automatic,1,ok,614.694,102,2,1,0,0,2305843009213693967:99;2305843009213693973:3,Symbolica_default,cached_powers_Q,35,6,0.323,BalancedZippelSeparated
fire7_nb0_rank1589,Automatic,1,ok,382.293,88,2,1,0,0,2305843009213693967:85;2305843009213693973:3,Symbolica_default,cached_powers_Q,30,12,0.302,BalancedZippelSeparated
fire7_nb0_rank1590,Automatic,1,ok,377.753,84,2,1,0,0,2305843009213693967:81;2305843009213693973:3,Symbolica_default,cached_powers_Q,20,20,0.297,BalancedZippelSeparated
fire7_nb0_rank1591,Automatic,1,ok,620.603,98,2,1,0,0,2305843009213693967:95;2305843009213693973:3,Symbolica_default,cached_powers_Q,36,4,0.494,BalancedZippelSeparated
fire7_nb0_rank1592,Automatic,1,ok,648.054,98,2,1,0,0,2305843009213693967:95;2305843009213693973:3,Symbolica_default,cached_powers_Q,15,28,0.331,BalancedZippelSeparated
fire7_nb0_rank1593,Automatic,1,ok,837.425,120,2,1,0,0,2305843009213693967:117;2305843009213693973:3,Symbolica_default,cached_powers_Q,18,26,0.521,BalancedZippelSeparated
fire7_nb0_rank1594,Automatic,1,ok,724.115,106,2,1,0,0,2305843009213693967:103;2305843009213693973:3,Symbolica_default,cached_powers_Q,30,12,0.670,BalancedZippelSeparated
fire7_nb0_rank1595,Automatic,1,ok,746.364,122,2,1,0,0,2305843009213693967:119;2305843009213693973:3,Symbolica_default,cached_powers_Q,36,6,0.413,BalancedZippelSeparated
fire7_nb0_rank1596,Automatic,1,ok,710.374,92,2,1,0,0,2305843009213693967:89;2305843009213693973:3,Symbolica_default,cached_powers_Q,25,15,0.594,BalancedZippelSeparated
fire7_nb0_rank1597,Automatic,1,ok,709.454,96,2,1,0,0,2305843009213693967:93;2305843009213693973:3,Symbolica_default,cached_powers_Q,18,24,0.475,BalancedZippelSeparated
fire7_nb0_rank1598,Automatic,1,ok,740.514,98,2,1,0,0,2305843009213693967:95;2305843009213693973:3,Symbolica_default,cached_powers_Q,20,24,0.644,BalancedZippelSeparated
fire7_nb0_rank1599,Automatic,1,ok,600.504,117,2,1,0,0,2305843009213693967:114;2305843009213693973:3,Symbolica_default,cached_powers_Q,36,6,0.421,BalancedZippelSeparated
fire7_nb0_rank1600,Automatic,1,ok,504.363,115,2,1,0,0,2305843009213693967:112;2305843009213693973:3,Symbolica_default,cached_powers_Q,5,42,0.287,BalancedZippelSeparated
fire7_nb0_rank1601,Automatic,1,ok,508.993,124,2,1,0,0,2305843009213693967:121;2305843009213693973:3,Symbolica_default,cached_powers_Q,5,42,0.297,BalancedZippelSeparated
fire7_nb0_rank1602,Automatic,1,ok,622.734,103,2,1,0,0,2305843009213693967:100;2305843009213693973:3,Symbolica_default,cached_powers_Q,32,10,0.500,BalancedZippelSeparated
fire7_nb0_rank1603,Automatic,1,ok,573.384,96,2,1,0,0,2305843009213693967:93;2305843009213693973:3,Symbolica_default,cached_powers_Q,18,24,0.329,BalancedZippelSeparated
fire7_nb0_rank1604,Automatic,1,ok,537.583,88,2,1,0,0,2305843009213693967:85;2305843009213693973:3,Symbolica_default,cached_powers_Q,30,12,0.308,BalancedZippelSeparated
fire7_nb0_rank1605,Automatic,1,ok,632.173,145,2,1,0,0,2305843009213693967:142;2305843009213693973:3,Symbolica_default,cached_powers_Q,15,30,0.325,BalancedZippelSeparated
fire7_nb0_rank1606,Automatic,1,ok,423.673,101,2,1,0,0,2305843009213693967:98;2305843009213693973:3,Symbolica_default,cached_powers_Q,32,10,0.318,BalancedZippelSeparated
fire7_nb0_rank1607,Automatic,1,ok,421.803,79,2,1,0,0,2305843009213693967:76;2305843009213693973:3,Symbolica_default,cached_powers_Q,21,15,0.789,BalancedZippelSeparated
fire7_nb0_rank1608,Automatic,1,ok,660.483,124,2,1,0,0,2305843009213693967:121;2305843009213693973:3,Symbolica_default,cached_powers_Q,27,18,0.367,BalancedZippelSeparated
fire7_nb0_rank1609,Automatic,1,ok,752.965,114,2,1,0,0,2305843009213693967:111;2305843009213693973:3,Symbolica_default,cached_powers_Q,36,8,0.633,BalancedZippelSeparated
fire7_nb0_rank1610,Automatic,1,ok,811.624,95,2,1,0,0,2305843009213693967:92;2305843009213693973:3,Symbolica_default,cached_powers_Q,22,21,0.743,BalancedZippelSeparated
fire7_nb0_rank1611,Automatic,1,ok,647.334,87,2,1,0,0,2305843009213693967:84;2305843009213693973:3,Symbolica_default,cached_powers_Q,30,9,0.360,BalancedZippelSeparated
fire7_nb0_rank1612,Automatic,1,ok,402.282,98,2,1,0,0,2305843009213693967:95;2305843009213693973:3,Symbolica_default,cached_powers_Q,15,28,0.327,BalancedZippelSeparated
fire7_nb0_rank1613,Automatic,1,ok,664.044,124,2,1,0,0,2305843009213693967:121;2305843009213693973:3,Symbolica_default,cached_powers_Q,27,18,0.457,BalancedZippelSeparated
fire7_nb0_rank1614,Automatic,1,ok,552.293,98,2,1,0,0,2305843009213693967:95;2305843009213693973:3,Symbolica_default,cached_powers_Q,27,15,0.472,BalancedZippelSeparated
fire7_nb0_rank1615,Automatic,1,ok,509.923,91,2,1,0,0,2305843009213693967:88;2305843009213693973:3,Symbolica_default,cached_powers_Q,30,9,0.415,BalancedZippelSeparated
fire7_nb0_rank1616,Automatic,1,ok,502.823,93,2,1,0,0,2305843009213693967:90;2305843009213693973:3,Symbolica_default,cached_powers_Q,23,15,0.445,BalancedZippelSeparated
fire7_nb0_rank1617,Automatic,1,ok,550.933,111,2,1,0,0,2305843009213693967:108;2305843009213693973:3,Symbolica_default,cached_powers_Q,32,12,0.318,BalancedZippelSeparated
fire7_nb0_rank1618,Automatic,1,ok,524.952,93,2,1,0,0,2305843009213693967:90;2305843009213693973:3,Symbolica_default,cached_powers_Q,24,18,0.323,BalancedZippelSeparated
fire7_nb0_rank1619,Automatic,1,ok,575.064,96,2,1,0,0,2305843009213693967:93;2305843009213693973:3,Symbolica_default,cached_powers_Q,18,24,0.315,BalancedZippelSeparated
fire7_nb0_rank1620,Automatic,1,ok,930.456,131,2,1,0,0,2305843009213693967:128;2305843009213693973:3,Symbolica_default,cached_powers_Q,23,24,0.731,BalancedZippelSeparated
fire7_nb0_rank1621,Automatic,1,ok,545.204,90,2,1,0,0,2305843009213693967:87;2305843009213693973:3,Symbolica_default,cached_powers_Q,25,15,0.479,BalancedZippelSeparated
fire7_nb0_rank1622,Automatic,1,ok,807.585,86,2,1,0,0,2305843009213693967:83;2305843009213693973:3,Symbolica_default,cached_powers_Q,25,15,0.630,BalancedZippelSeparated
fire7_nb0_rank1623,Automatic,1,ok,766.845,102,2,1,0,0,2305843009213693967:99;2305843009213693973:3,Symbolica_default,cached_powers_Q,27,18,0.493,BalancedZippelSeparated
fire7_nb0_rank1624,Automatic,1,ok,875.865,103,2,1,0,0,2305843009213693967:100;2305843009213693973:3,Symbolica_default,cached_powers_Q,24,16,0.484,BalancedZippelSeparated
fire7_nb0_rank1625,Automatic,1,ok,671.284,87,2,1,0,0,2305843009213693967:84;2305843009213693973:3,Symbolica_default,cached_powers_Q,18,20,0.607,BalancedZippelSeparated
fire7_nb0_rank1626,Automatic,1,ok,620.904,97,2,1,0,0,2305843009213693967:94;2305843009213693973:3,Symbolica_default,cached_powers_Q,24,21,0.549,BalancedZippelSeparated
fire7_nb0_rank1627,Automatic,1,ok,629.803,120,2,1,0,0,2305843009213693967:117;2305843009213693973:3,Symbolica_default,cached_powers_Q,27,18,0.343,BalancedZippelSeparated
fire7_nb0_rank1628,Automatic,1,ok,542.533,99,2,1,0,0,2305843009213693967:96;2305843009213693973:3,Symbolica_default,cached_powers_Q,34,6,0.300,BalancedZippelSeparated
fire7_nb0_rank1629,Automatic,1,ok,566.793,106,2,1,0,0,2305843009213693967:103;2305843009213693973:3,Symbolica_default,cached_powers_Q,15,27,0.323,BalancedZippelSeparated
fire7_nb0_rank1630,Automatic,1,ok,639.024,105,2,1,0,0,2305843009213693967:102;2305843009213693973:3,Symbolica_default,cached_powers_Q,28,12,0.331,BalancedZippelSeparated
fire7_nb0_rank1631,Automatic,1,ok,386.583,86,2,1,0,0,2305843009213693967:83;2305843009213693973:3,Symbolica_default,cached_powers_Q,28,12,0.308,BalancedZippelSeparated
fire7_nb0_rank1632,Automatic,1,ok,370.173,87,2,1,0,0,2305843009213693967:84;2305843009213693973:3,Symbolica_default,cached_powers_Q,24,9,0.297,BalancedZippelSeparated
fire7_nb0_rank1633,Automatic,1,ok,546.343,99,2,1,0,0,2305843009213693967:96;2305843009213693973:3,Symbolica_default,cached_powers_Q,32,9,0.428,BalancedZippelSeparated
fire7_nb0_rank1634,Automatic,1,ok,481.543,87,2,1,0,0,2305843009213693967:84;2305843009213693973:3,Symbolica_default,cached_powers_Q,18,20,0.422,BalancedZippelSeparated
fire7_nb0_rank1635,Automatic,1,ok,489.173,81,2,1,0,0,2305843009213693967:78;2305843009213693973:3,Symbolica_default,cached_powers_Q,25,16,0.438,BalancedZippelSeparated
fire7_nb0_rank1636,Automatic,1,ok,627.923,96,2,1,0,0,2305843009213693967:93;2305843009213693973:3,Symbolica_default,cached_powers_Q,27,15,0.319,BalancedZippelSeparated
fire7_nb0_rank1637,Automatic,1,ok,582.183,91,2,1,0,0,2305843009213693967:88;2305843009213693973:3,Symbolica_default,cached_powers_Q,29,9,0.288,BalancedZippelSeparated
fire7_nb0_rank1638,Automatic,1,ok,498.543,123,2,1,0,0,2305843009213693967:120;2305843009213693973:3,Symbolica_default,cached_powers_Q,24,20,0.370,BalancedZippelSeparated
fire7_nb0_rank1639,Automatic,1,ok,658.393,88,2,1,0,0,2305843009213693967:85;2305843009213693973:3,Symbolica_default,cached_powers_Q,24,9,0.445,BalancedZippelSeparated
fire7_nb0_rank1640,Automatic,1,ok,745.125,103,2,1,0,0,2305843009213693967:100;2305843009213693973:3,Symbolica_default,cached_powers_Q,31,10,0.481,BalancedZippelSeparated
fire7_nb0_rank1641,Automatic,1,ok,681.754,88,2,1,0,0,2305843009213693967:85;2305843009213693973:3,Symbolica_default,cached_powers_Q,29,9,0.647,BalancedZippelSeparated
fire7_nb0_rank1642,Automatic,1,ok,690.894,88,2,1,0,0,2305843009213693967:85;2305843009213693973:3,Symbolica_default,cached_powers_Q,29,9,0.470,BalancedZippelSeparated
fire7_nb0_rank1643,Automatic,1,ok,682.684,87,2,1,0,0,2305843009213693967:84;2305843009213693973:3,Symbolica_default,cached_powers_Q,30,9,0.634,BalancedZippelSeparated
fire7_nb0_rank1644,Automatic,1,ok,965.836,94,2,1,0,0,2305843009213693967:91;2305843009213693973:3,Symbolica_default,cached_powers_Q,29,9,0.493,BalancedZippelSeparated
fire7_nb0_rank1645,Automatic,1,ok,570.783,105,2,1,0,0,2305843009213693967:102;2305843009213693973:3,Symbolica_default,cached_powers_Q,28,12,0.465,BalancedZippelSeparated
fire7_nb0_rank1646,Automatic,1,ok,588.763,100,2,1,0,0,2305843009213693967:97;2305843009213693973:3,Symbolica_default,cached_powers_Q,27,18,0.358,BalancedZippelSeparated
fire7_nb0_rank1647,Automatic,1,ok,482.553,110,2,1,0,0,2305843009213693967:107;2305843009213693973:3,Symbolica_default,cached_powers_Q,5,36,0.289,BalancedZippelSeparated
fire7_nb0_rank1648,Automatic,1,ok,600.834,120,2,1,0,0,2305843009213693967:117;2305843009213693973:3,Symbolica_default,cached_powers_Q,26,18,0.450,BalancedZippelSeparated
fire7_nb0_rank1649,Automatic,1,ok,543.193,92,2,1,0,0,2305843009213693967:89;2305843009213693973:3,Symbolica_default,cached_powers_Q,25,15,0.496,BalancedZippelSeparated
fire7_nb0_rank1650,Automatic,1,ok,652.694,77,2,1,0,0,2305843009213693967:74;2305843009213693973:3,Symbolica_default,cached_powers_Q,21,18,0.726,BalancedZippelSeparated
fire7_nb0_rank1651,Automatic,1,ok,580.553,104,2,1,0,0,2305843009213693967:101;2305843009213693973:3,Symbolica_default,cached_powers_Q,28,10,0.513,BalancedZippelSeparated
fire7_nb0_rank1652,Automatic,1,ok,628.994,88,2,1,0,0,2305843009213693967:85;2305843009213693973:3,Symbolica_default,cached_powers_Q,30,8,0.626,BalancedZippelSeparated
fire7_nb0_rank1653,Automatic,1,ok,742.305,107,2,1,0,0,2305843009213693967:104;2305843009213693973:3,Symbolica_default,cached_powers_Q,36,6,0.475,BalancedZippelSeparated
fire7_nb0_rank1654,Automatic,1,ok,530.543,122,2,1,0,0,2305843009213693967:119;2305843009213693973:3,Symbolica_default,cached_powers_Q,39,3,0.289,BalancedZippelSeparated
fire7_nb0_rank1655,Automatic,1,ok,526.773,93,2,1,0,0,2305843009213693967:90;2305843009213693973:3,Symbolica_default,cached_powers_Q,24,18,0.348,BalancedZippelSeparated
fire7_nb0_rank1656,Automatic,1,ok,620.004,119,2,1,0,0,2305843009213693967:116;2305843009213693973:3,Symbolica_default,cached_powers_Q,29,12,0.465,BalancedZippelSeparated
fire7_nb0_rank1657,Automatic,1,ok,456.552,113,2,1,0,0,2305843009213693967:110;2305843009213693973:3,Symbolica_default,cached_powers_Q,15,27,0.339,BalancedZippelSeparated
fire7_nb0_rank1658,Automatic,1,ok,389.762,104,2,1,0,0,2305843009213693967:101;2305843009213693973:3,Symbolica_default,cached_powers_Q,35,6,0.277,BalancedZippelSeparated
fire7_nb0_rank1659,Automatic,1,ok,422.292,97,2,1,0,0,2305843009213693967:94;2305843009213693973:3,Symbolica_default,cached_powers_Q,24,18,0.325,BalancedZippelSeparated
fire7_nb0_rank1660,Automatic,1,ok,488.313,96,2,1,0,0,2305843009213693967:93;2305843009213693973:3,Symbolica_default,cached_powers_Q,20,24,0.370,BalancedZippelSeparated
fire7_nb0_rank1661,Automatic,1,ok,361.012,88,2,1,0,0,2305843009213693967:85;2305843009213693973:3,Symbolica_default,cached_powers_Q,30,8,0.351,BalancedZippelSeparated
fire7_nb0_rank1662,Automatic,1,ok,820.315,109,2,1,0,0,2305843009213693967:106;2305843009213693973:3,Symbolica_default,cached_powers_Q,15,27,0.679,BalancedZippelSeparated
fire7_nb0_rank1663,Automatic,1,ok,841.805,124,2,1,0,0,2305843009213693967:121;2305843009213693973:3,Symbolica_default,cached_powers_Q,30,14,0.635,BalancedZippelSeparated
fire7_nb0_rank1664,Automatic,1,ok,852.156,118,2,1,0,0,2305843009213693967:115;2305843009213693973:3,Symbolica_default,cached_powers_Q,30,14,0.692,BalancedZippelSeparated
fire7_nb0_rank1665,Automatic,1,ok,445.422,88,2,1,0,0,2305843009213693967:85;2305843009213693973:3,Symbolica_default,cached_powers_Q,30,4,0.407,BalancedZippelSeparated
fire7_nb0_rank1666,Automatic,1,ok,894.326,88,2,1,0,0,2305843009213693967:85;2305843009213693973:3,Symbolica_default,cached_powers_Q,25,15,0.481,BalancedZippelSeparated
fire7_nb0_rank1667,Automatic,1,ok,667.613,88,2,1,0,0,2305843009213693967:85;2305843009213693973:3,Symbolica_default,cached_powers_Q,25,15,0.330,BalancedZippelSeparated
fire7_nb0_rank1668,Automatic,1,ok,525.683,88,2,1,0,0,2305843009213693967:85;2305843009213693973:3,Symbolica_default,cached_powers_Q,30,9,0.544,BalancedZippelSeparated
fire7_nb0_rank1669,Automatic,1,ok,422.452,92,2,1,0,0,2305843009213693967:89;2305843009213693973:3,Symbolica_default,cached_powers_Q,27,12,0.417,BalancedZippelSeparated
fire7_nb0_rank1670,Automatic,1,ok,357.202,85,2,1,0,0,2305843009213693967:82;2305843009213693973:3,Symbolica_default,cached_powers_Q,30,8,0.333,BalancedZippelSeparated
fire7_nb0_rank1671,Automatic,1,ok,348.491,80,2,1,0,0,2305843009213693967:77;2305843009213693973:3,Symbolica_default,cached_powers_Q,25,10,0.313,BalancedZippelSeparated
fire7_nb0_rank1672,Automatic,1,ok,364.432,78,2,1,0,0,2305843009213693967:75;2305843009213693973:3,Symbolica_default,cached_powers_Q,20,16,0.398,BalancedZippelSeparated
fire7_nb0_rank1673,Automatic,1,ok,464.973,88,2,1,0,0,2305843009213693967:85;2305843009213693973:3,Symbolica_default,cached_powers_Q,28,9,0.421,BalancedZippelSeparated
fire7_nb0_rank1674,Automatic,1,ok,463.523,88,2,1,0,0,2305843009213693967:85;2305843009213693973:3,Symbolica_default,cached_powers_Q,28,9,0.308,BalancedZippelSeparated
fire7_nb0_rank1675,Automatic,1,ok,367.312,94,2,1,0,0,2305843009213693967:91;2305843009213693973:3,Symbolica_default,cached_powers_Q,28,9,0.323,BalancedZippelSeparated
fire7_nb0_rank1676,Automatic,1,ok,551.264,86,2,1,0,0,2305843009213693967:83;2305843009213693973:3,Symbolica_default,cached_powers_Q,22,10,0.493,BalancedZippelSeparated
fire7_nb0_rank1677,Automatic,1,ok,450.803,97,2,1,0,0,2305843009213693967:94;2305843009213693973:3,Symbolica_default,cached_powers_Q,18,18,0.387,BalancedZippelSeparated
fire7_nb0_rank1678,Automatic,1,ok,509.763,87,2,1,0,0,2305843009213693967:84;2305843009213693973:3,Symbolica_default,cached_powers_Q,24,15,0.441,BalancedZippelSeparated
fire7_nb0_rank1679,Automatic,1,ok,529.404,111,2,1,0,0,2305843009213693967:108;2305843009213693973:3,Symbolica_default,cached_powers_Q,14,27,0.414,BalancedZippelSeparated
fire7_nb0_rank1680,Automatic,1,ok,421.442,80,2,1,0,0,2305843009213693967:77;2305843009213693973:3,Symbolica_default,cached_powers_Q,7,24,0.381,BalancedZippelSeparated
fire7_nb0_rank1681,Automatic,1,ok,534.983,96,2,1,0,0,2305843009213693967:93;2305843009213693973:3,Symbolica_default,cached_powers_Q,15,28,0.443,BalancedZippelSeparated
fire7_nb0_rank1682,Automatic,1,ok,452.183,88,2,1,0,0,2305843009213693967:85;2305843009213693973:3,Symbolica_default,cached_powers_Q,28,9,0.422,BalancedZippelSeparated
fire7_nb0_rank1683,Automatic,1,ok,468.473,96,2,1,0,0,2305843009213693967:93;2305843009213693973:3,Symbolica_default,cached_powers_Q,32,6,0.402,BalancedZippelSeparated
fire7_nb0_rank1684,Automatic,1,ok,452.723,88,2,1,0,0,2305843009213693967:85;2305843009213693973:3,Symbolica_default,cached_powers_Q,28,9,0.425,BalancedZippelSeparated
fire7_nb0_rank1685,Automatic,1,ok,462.093,88,2,1,0,0,2305843009213693967:85;2305843009213693973:3,Symbolica_default,cached_powers_Q,28,8,0.426,BalancedZippelSeparated
fire7_nb0_rank1686,Automatic,1,ok,479.463,96,2,1,0,0,2305843009213693967:93;2305843009213693973:3,Symbolica_default,cached_powers_Q,32,6,0.280,BalancedZippelSeparated
fire7_nb0_rank1687,Automatic,1,ok,678.604,86,2,1,0,0,2305843009213693967:83;2305843009213693973:3,Symbolica_default,cached_powers_Q,22,10,0.608,BalancedZippelSeparated
fire7_nb0_rank1688,Automatic,1,ok,872.846,118,2,1,0,0,2305843009213693967:115;2305843009213693973:3,Symbolica_default,cached_powers_Q,24,18,0.668,BalancedZippelSeparated
fire7_nb0_rank1689,Automatic,1,ok,674.104,81,2,1,0,0,2305843009213693967:78;2305843009213693973:3,Symbolica_default,cached_powers_Q,15,20,0.455,BalancedZippelSeparated
fire7_nb0_rank1690,Automatic,1,ok,640.403,81,2,1,0,0,2305843009213693967:78;2305843009213693973:3,Symbolica_default,cached_powers_Q,15,20,0.568,BalancedZippelSeparated
fire7_nb0_rank1691,Automatic,1,ok,861.065,87,2,1,0,0,2305843009213693967:84;2305843009213693973:3,Symbolica_default,cached_powers_Q,24,15,0.480,BalancedZippelSeparated
fire7_nb0_rank1692,Automatic,1,ok,543.114,91,2,1,0,0,2305843009213693967:88;2305843009213693973:3,Symbolica_default,cached_powers_Q,24,18,0.502,BalancedZippelSeparated
fire7_nb0_rank1693,Automatic,1,ok,321.001,92,2,1,0,0,2305843009213693967:89;2305843009213693973:3,Symbolica_default,cached_powers_Q,32,5,0.280,BalancedZippelSeparated
fire7_nb0_rank1694,Automatic,1,ok,545.833,88,2,1,0,0,2305843009213693967:85;2305843009213693973:3,Symbolica_default,cached_powers_Q,29,9,0.307,BalancedZippelSeparated
fire7_nb0_rank1695,Automatic,1,ok,588.383,101,2,1,0,0,2305843009213693967:98;2305843009213693973:3,Symbolica_default,cached_powers_Q,25,12,0.439,BalancedZippelSeparated
fire7_nb0_rank1696,Automatic,1,ok,330.912,86,2,1,0,0,2305843009213693967:83;2305843009213693973:3,Symbolica_default,cached_powers_Q,30,8,0.312,BalancedZippelSeparated
fire7_nb0_rank1697,Automatic,1,ok,612.354,114,2,1,0,0,2305843009213693967:111;2305843009213693973:3,Symbolica_default,cached_powers_Q,16,27,0.478,BalancedZippelSeparated
fire7_nb0_rank1698,Automatic,1,ok,541.344,81,2,1,0,0,2305843009213693967:78;2305843009213693973:3,Symbolica_default,cached_powers_Q,25,9,0.435,BalancedZippelSeparated
fire7_nb0_rank1699,Automatic,1,ok,536.233,101,2,1,0,0,2305843009213693967:98;2305843009213693973:3,Symbolica_default,cached_powers_Q,25,12,0.426,BalancedZippelSeparated
fire7_nb0_rank1700,Automatic,1,ok,480.232,91,2,1,0,0,2305843009213693967:88;2305843009213693973:3,Symbolica_default,cached_powers_Q,32,4,0.265,BalancedZippelSeparated
fire7_nb0_rank1701,Automatic,1,ok,555.903,86,2,1,0,0,2305843009213693967:83;2305843009213693973:3,Symbolica_default,cached_powers_Q,24,15,0.307,BalancedZippelSeparated
fire7_nb0_rank1702,Automatic,1,ok,521.783,87,2,1,0,0,2305843009213693967:84;2305843009213693973:3,Symbolica_default,cached_powers_Q,25,12,0.303,BalancedZippelSeparated
fire7_nb0_rank1703,Automatic,1,ok,620.024,74,2,1,0,0,2305843009213693967:71;2305843009213693973:3,Symbolica_default,cached_powers_Q,15,21,0.598,BalancedZippelSeparated
fire7_nb0_rank1704,Automatic,1,ok,746.844,97,2,1,0,0,2305843009213693967:94;2305843009213693973:3,Symbolica_default,cached_powers_Q,18,21,0.443,BalancedZippelSeparated
fire7_nb0_rank1705,Automatic,1,ok,673.114,80,2,1,0,0,2305843009213693967:77;2305843009213693973:3,Symbolica_default,cached_powers_Q,15,21,0.623,BalancedZippelSeparated
fire7_nb0_rank1706,Automatic,1,ok,773.885,116,2,1,0,0,2305843009213693967:113;2305843009213693973:3,Symbolica_default,cached_powers_Q,17,18,0.635,BalancedZippelSeparated
fire7_nb0_rank1707,Automatic,1,ok,712.984,116,2,1,0,0,2305843009213693967:113;2305843009213693973:3,Symbolica_default,cached_powers_Q,17,18,0.592,BalancedZippelSeparated
fire7_nb0_rank1708,Automatic,1,ok,733.884,99,2,1,0,0,2305843009213693967:96;2305843009213693973:3,Symbolica_default,cached_powers_Q,25,12,0.642,BalancedZippelSeparated
fire7_nb0_rank1709,Automatic,1,ok,376.342,95,2,1,0,0,2305843009213693967:92;2305843009213693973:3,Symbolica_default,cached_powers_Q,31,6,0.342,BalancedZippelSeparated
fire7_nb0_rank1710,Automatic,1,ok,621.194,105,2,1,0,0,2305843009213693967:102;2305843009213693973:3,Symbolica_default,cached_powers_Q,20,18,0.293,BalancedZippelSeparated
fire7_nb0_rank1711,Automatic,1,ok,573.263,99,2,1,0,0,2305843009213693967:96;2305843009213693973:3,Symbolica_default,cached_powers_Q,25,12,0.326,BalancedZippelSeparated
fire7_nb0_rank1712,Automatic,1,ok,587.764,114,2,1,0,0,2305843009213693967:111;2305843009213693973:3,Symbolica_default,cached_powers_Q,27,14,0.313,BalancedZippelSeparated
fire7_nb0_rank1713,Automatic,1,ok,569.973,105,2,1,0,0,2305843009213693967:102;2305843009213693973:3,Symbolica_default,cached_powers_Q,20,18,0.415,BalancedZippelSeparated
fire7_nb0_rank1714,Automatic,1,ok,666.804,103,2,1,0,0,2305843009213693967:100;2305843009213693973:3,Symbolica_default,cached_powers_Q,27,14,0.317,BalancedZippelSeparated
fire7_nb0_rank1715,Automatic,1,ok,556.853,109,2,1,0,0,2305843009213693967:106;2305843009213693973:3,Symbolica_default,cached_powers_Q,25,12,0.438,BalancedZippelSeparated
fire7_nb0_rank1716,Automatic,1,ok,494.643,87,2,1,0,0,2305843009213693967:84;2305843009213693973:3,Symbolica_default,cached_powers_Q,18,20,0.400,BalancedZippelSeparated
fire7_nb0_rank1717,Automatic,1,ok,558.024,99,2,1,0,0,2305843009213693967:96;2305843009213693973:3,Symbolica_default,cached_powers_Q,25,12,0.389,BalancedZippelSeparated
fire7_nb0_rank1718,Automatic,1,ok,507.403,95,2,1,0,0,2305843009213693967:92;2305843009213693973:3,Symbolica_default,cached_powers_Q,18,18,0.271,BalancedZippelSeparated
fire7_nb0_rank1719,Automatic,1,ok,742.225,95,2,1,0,0,2305843009213693967:92;2305843009213693973:3,Symbolica_default,cached_powers_Q,18,18,0.457,BalancedZippelSeparated
fire7_nb0_rank1720,Automatic,1,ok,795.605,109,2,1,0,0,2305843009213693967:106;2305843009213693973:3,Symbolica_default,cached_powers_Q,14,27,0.679,BalancedZippelSeparated
fire7_nb0_rank1721,Automatic,1,ok,672.844,99,2,1,0,0,2305843009213693967:96;2305843009213693973:3,Symbolica_default,cached_powers_Q,25,12,0.656,BalancedZippelSeparated
fire7_nb0_rank1722,Automatic,1,ok,532.703,86,2,1,0,0,2305843009213693967:83;2305843009213693973:3,Symbolica_default,cached_powers_Q,24,15,0.308,BalancedZippelSeparated
fire7_nb0_rank1723,Automatic,1,ok,522.163,82,2,1,0,0,2305843009213693967:79;2305843009213693973:3,Symbolica_default,cached_powers_Q,25,9,0.413,BalancedZippelSeparated
fire7_nb0_rank1724,Automatic,1,ok,496.223,80,2,1,0,0,2305843009213693967:77;2305843009213693973:3,Symbolica_default,cached_powers_Q,25,9,0.411,BalancedZippelSeparated
fire7_nb0_rank1725,Automatic,1,ok,596.904,104,2,1,0,0,2305843009213693967:101;2305843009213693973:3,Symbolica_default,cached_powers_Q,30,10,0.346,BalancedZippelSeparated
fire7_nb0_rank1726,Automatic,1,ok,534.573,81,2,1,0,0,2305843009213693967:78;2305843009213693973:3,Symbolica_default,cached_powers_Q,20,15,0.313,BalancedZippelSeparated
fire7_nb0_rank1727,Automatic,1,ok,614.304,105,2,1,0,0,2305843009213693967:102;2305843009213693973:3,Symbolica_default,cached_powers_Q,20,18,0.410,BalancedZippelSeparated
fire7_nb0_rank1728,Automatic,1,ok,507.633,86,2,1,0,0,2305843009213693967:83;2305843009213693973:3,Symbolica_default,cached_powers_Q,24,15,0.330,BalancedZippelSeparated
fire7_nb0_rank1729,Automatic,1,ok,517.713,85,2,1,0,0,2305843009213693967:82;2305843009213693973:3,Symbolica_default,cached_powers_Q,20,15,0.280,BalancedZippelSeparated
fire7_nb0_rank1730,Automatic,1,ok,391.762,107,2,1,0,0,2305843009213693967:104;2305843009213693973:3,Symbolica_default,cached_powers_Q,32,6,0.290,BalancedZippelSeparated
fire7_nb0_rank1731,Automatic,1,ok,565.364,82,2,1,0,0,2305843009213693967:79;2305843009213693973:3,Symbolica_default,cached_powers_Q,4,36,0.399,BalancedZippelSeparated
fire7_nb0_rank1732,Automatic,1,ok,679.354,80,2,1,0,0,2305843009213693967:77;2305843009213693973:3,Symbolica_default,cached_powers_Q,21,12,0.682,BalancedZippelSeparated
fire7_nb0_rank1733,Automatic,1,ok,654.784,80,2,1,0,0,2305843009213693967:77;2305843009213693973:3,Symbolica_default,cached_powers_Q,25,8,0.661,BalancedZippelSeparated
fire7_nb0_rank1734,Automatic,1,ok,711.394,86,2,1,0,0,2305843009213693967:83;2305843009213693973:3,Symbolica_default,cached_powers_Q,24,15,0.584,BalancedZippelSeparated
fire7_nb0_rank1735,Automatic,1,ok,838.255,96,2,1,0,0,2305843009213693967:93;2305843009213693973:3,Symbolica_default,cached_powers_Q,15,21,0.462,BalancedZippelSeparated
fire7_nb0_rank1736,Automatic,1,ok,580.943,87,2,1,0,0,2305843009213693967:84;2305843009213693973:3,Symbolica_default,cached_powers_Q,30,6,0.402,BalancedZippelSeparated
fire7_nb0_rank1737,Automatic,1,ok,730.334,112,2,1,0,0,2305843009213693967:109;2305843009213693973:3,Symbolica_default,cached_powers_Q,27,14,0.349,BalancedZippelSeparated
fire7_nb0_rank1738,Automatic,1,ok,482.393,78,2,1,0,0,2305843009213693967:75;2305843009213693973:3,Symbolica_default,cached_powers_Q,25,8,0.311,BalancedZippelSeparated
fire7_nb0_rank1739,Automatic,1,ok,632.264,149,2,1,0,0,2305843009213693967:146;2305843009213693973:3,Symbolica_default,cached_powers_Q,31,6,0.279,BalancedZippelSeparated
fire7_nb0_rank1740,Automatic,1,ok,395.703,95,2,1,0,0,2305843009213693967:92;2305843009213693973:3,Symbolica_default,cached_powers_Q,18,18,0.286,BalancedZippelSeparated
fire7_nb0_rank1741,Automatic,1,ok,545.224,95,2,1,0,0,2305843009213693967:92;2305843009213693973:3,Symbolica_default,cached_powers_Q,18,18,0.424,BalancedZippelSeparated
fire7_nb0_rank1742,Automatic,1,ok,357.322,87,2,1,0,0,2305843009213693967:84;2305843009213693973:3,Symbolica_default,cached_powers_Q,28,6,0.342,BalancedZippelSeparated
fire7_nb0_rank1743,Automatic,1,ok,686.134,134,2,1,0,0,2305843009213693967:131;2305843009213693973:3,Symbolica_default,cached_powers_Q,31,6,0.283,BalancedZippelSeparated
fire7_nb0_rank1744,Automatic,1,ok,522.633,94,2,1,0,0,2305843009213693967:91;2305843009213693973:3,Symbolica_default,cached_powers_Q,27,10,0.301,BalancedZippelSeparated
fire7_nb0_rank1745,Automatic,1,ok,526.303,100,2,1,0,0,2305843009213693967:97;2305843009213693973:3,Symbolica_default,cached_powers_Q,21,16,0.574,BalancedZippelSeparated
fire7_nb0_rank1746,Automatic,1,ok,807.164,116,2,1,0,0,2305843009213693967:113;2305843009213693973:3,Symbolica_default,cached_powers_Q,23,18,0.657,BalancedZippelSeparated
fire7_nb0_rank1747,Automatic,1,ok,614.424,83,2,1,0,0,2305843009213693967:80;2305843009213693973:3,Symbolica_default,cached_powers_Q,30,4,0.576,BalancedZippelSeparated
fire7_nb0_rank1748,Automatic,1,ok,735.935,92,2,1,0,0,2305843009213693967:89;2305843009213693973:3,Symbolica_default,cached_powers_Q,32,2,0.393,BalancedZippelSeparated
fire7_nb0_rank1749,Automatic,1,ok,660.544,116,2,1,0,0,2305843009213693967:113;2305843009213693973:3,Symbolica_default,cached_powers_Q,23,18,0.559,BalancedZippelSeparated
fire7_nb0_rank1750,Automatic,1,ok,475.072,75,2,1,0,0,2305843009213693967:72;2305843009213693973:3,Symbolica_default,cached_powers_Q,20,12,0.289,BalancedZippelSeparated
fire7_nb0_rank1751,Automatic,1,ok,269.101,81,2,1,0,0,2305843009213693967:78;2305843009213693973:3,Symbolica_default,cached_powers_Q,25,4,0.261,BalancedZippelSeparated
fire7_nb0_rank1752,Automatic,1,ok,541.663,97,2,1,0,0,2305843009213693967:94;2305843009213693973:3,Symbolica_default,cached_powers_Q,20,16,0.423,BalancedZippelSeparated
fire7_nb0_rank1753,Automatic,1,ok,398.332,69,2,1,0,0,2305843009213693967:66;2305843009213693973:3,Symbolica_default,cached_powers_Q,5,28,0.270,BalancedZippelSeparated
fire7_nb0_rank1754,Automatic,1,ok,387.522,90,2,1,0,0,2305843009213693967:87;2305843009213693973:3,Symbolica_default,cached_powers_Q,25,10,0.292,BalancedZippelSeparated
fire7_nb0_rank1755,Automatic,1,ok,568.094,95,2,1,0,0,2305843009213693967:92;2305843009213693973:3,Symbolica_default,cached_powers_Q,20,21,0.424,BalancedZippelSeparated
fire7_nb0_rank1756,Automatic,1,ok,383.982,107,2,1,0,0,2305843009213693967:104;2305843009213693973:3,Symbolica_default,cached_powers_Q,28,6,0.399,BalancedZippelSeparated
fire7_nb0_rank1757,Automatic,1,ok,671.154,115,2,1,0,0,2305843009213693967:112;2305843009213693973:3,Symbolica_default,cached_powers_Q,30,8,0.341,BalancedZippelSeparated
fire7_nb0_rank1758,Automatic,1,ok,622.614,95,2,1,0,0,2305843009213693967:92;2305843009213693973:3,Symbolica_default,cached_powers_Q,24,12,0.395,BalancedZippelSeparated
fire7_nb0_rank1759,Automatic,1,ok,557.483,85,2,1,0,0,2305843009213693967:82;2305843009213693973:3,Symbolica_default,cached_powers_Q,12,27,0.379,BalancedZippelSeparated
fire7_nb0_rank1760,Automatic,1,ok,617.924,95,2,1,0,0,2305843009213693967:92;2305843009213693973:3,Symbolica_default,cached_powers_Q,21,16,0.366,BalancedZippelSeparated
fire7_nb0_rank1761,Automatic,1,ok,639.134,100,2,1,0,0,2305843009213693967:97;2305843009213693973:3,Symbolica_default,cached_powers_Q,21,16,0.371,BalancedZippelSeparated
fire7_nb0_rank1762,Automatic,1,ok,366.002,94,2,1,0,0,2305843009213693967:91;2305843009213693973:3,Symbolica_default,cached_powers_Q,31,3,0.483,BalancedZippelSeparated
fire7_nb0_rank1763,Automatic,1,ok,431.863,95,2,1,0,0,2305843009213693967:92;2305843009213693973:3,Symbolica_default,cached_powers_Q,24,12,0.371,BalancedZippelSeparated
fire7_nb0_rank1764,Automatic,1,ok,423.182,95,2,1,0,0,2305843009213693967:92;2305843009213693973:3,Symbolica_default,cached_powers_Q,24,12,0.518,BalancedZippelSeparated
fire7_nb0_rank1765,Automatic,1,ok,465.103,80,2,1,0,0,2305843009213693967:77;2305843009213693973:3,Symbolica_default,cached_powers_Q,20,15,0.492,BalancedZippelSeparated
fire7_nb0_rank1766,Automatic,1,ok,686.804,149,2,1,0,0,2305843009213693967:146;2305843009213693973:3,Symbolica_default,cached_powers_Q,30,6,0.271,BalancedZippelSeparated
fire7_nb0_rank1767,Automatic,1,ok,519.863,80,2,1,0,0,2305843009213693967:77;2305843009213693973:3,Symbolica_default,cached_powers_Q,20,15,0.276,BalancedZippelSeparated
fire7_nb0_rank1768,Automatic,1,ok,539.593,82,2,1,0,0,2305843009213693967:79;2305843009213693973:3,Symbolica_default,cached_powers_Q,20,15,0.296,BalancedZippelSeparated
fire7_nb0_rank1769,Automatic,1,ok,478.513,80,2,1,0,0,2305843009213693967:77;2305843009213693973:3,Symbolica_default,cached_powers_Q,20,15,0.280,BalancedZippelSeparated
fire7_nb0_rank1770,Automatic,1,ok,364.671,84,2,1,0,0,2305843009213693967:81;2305843009213693973:3,Symbolica_default,cached_powers_Q,20,15,0.270,BalancedZippelSeparated
fire7_nb0_rank1771,Automatic,1,ok,385.173,83,2,1,0,0,2305843009213693967:80;2305843009213693973:3,Symbolica_default,cached_powers_Q,20,15,0.269,BalancedZippelSeparated
fire7_nb0_rank1772,Automatic,1,ok,505.163,80,2,1,0,0,2305843009213693967:77;2305843009213693973:3,Symbolica_default,cached_powers_Q,20,15,0.388,BalancedZippelSeparated
fire7_nb0_rank1773,Automatic,1,ok,382.532,80,2,1,0,0,2305843009213693967:77;2305843009213693973:3,Symbolica_default,cached_powers_Q,20,15,0.303,BalancedZippelSeparated
fire7_nb0_rank1774,Automatic,1,ok,533.124,80,2,1,0,0,2305843009213693967:77;2305843009213693973:3,Symbolica_default,cached_powers_Q,20,15,0.298,BalancedZippelSeparated
fire7_nb0_rank1775,Automatic,1,ok,531.613,80,2,1,0,0,2305843009213693967:77;2305843009213693973:3,Symbolica_default,cached_powers_Q,20,15,0.437,BalancedZippelSeparated
fire7_nb0_rank1776,Automatic,1,ok,551.623,107,2,1,0,0,2305843009213693967:104;2305843009213693973:3,Symbolica_default,cached_powers_Q,28,6,0.284,BalancedZippelSeparated
fire7_nb0_rank1777,Automatic,1,ok,395.842,81,2,1,0,0,2305843009213693967:78;2305843009213693973:3,Symbolica_default,cached_powers_Q,16,15,0.494,BalancedZippelSeparated
fire7_nb0_rank1778,Automatic,1,ok,509.143,90,2,1,0,0,2305843009213693967:87;2305843009213693973:3,Symbolica_default,cached_powers_Q,24,10,0.319,BalancedZippelSeparated
fire7_nb0_rank1779,Automatic,1,ok,401.313,78,2,1,0,0,2305843009213693967:75;2305843009213693973:3,Symbolica_default,cached_powers_Q,16,15,0.275,BalancedZippelSeparated
fire7_nb0_rank1780,Automatic,1,ok,504.014,129,2,1,0,0,2305843009213693967:126;2305843009213693973:3,Symbolica_default,cached_powers_Q,24,13,0.396,BalancedZippelSeparated
fire7_nb0_rank1781,Automatic,1,ok,359.162,79,2,1,0,0,2305843009213693967:76;2305843009213693973:3,Symbolica_default,cached_powers_Q,25,9,0.435,BalancedZippelSeparated
fire7_nb0_rank1782,Automatic,1,ok,489.463,79,2,1,0,0,2305843009213693967:76;2305843009213693973:3,Symbolica_default,cached_powers_Q,25,9,0.290,BalancedZippelSeparated
fire7_nb0_rank1783,Automatic,1,ok,378.573,83,2,1,0,0,2305843009213693967:80;2305843009213693973:3,Symbolica_default,cached_powers_Q,20,15,0.274,BalancedZippelSeparated
fire7_nb0_rank1784,Automatic,1,ok,526.993,93,2,1,0,0,2305843009213693967:90;2305843009213693973:3,Symbolica_default,cached_powers_Q,24,12,0.299,BalancedZippelSeparated
fire7_nb0_rank1785,Automatic,1,ok,378.462,101,2,1,0,0,2305843009213693967:98;2305843009213693973:3,Symbolica_default,cached_powers_Q,30,6,0.411,BalancedZippelSeparated
fire7_nb0_rank1786,Automatic,1,ok,442.853,97,2,1,0,0,2305843009213693967:94;2305843009213693973:3,Symbolica_default,cached_powers_Q,19,14,0.331,BalancedZippelSeparated
fire7_nb0_rank1787,Automatic,1,ok,534.464,79,2,1,0,0,2305843009213693967:76;2305843009213693973:3,Symbolica_default,cached_powers_Q,20,15,0.294,BalancedZippelSeparated
fire7_nb0_rank1788,Automatic,1,ok,542.303,79,2,1,0,0,2305843009213693967:76;2305843009213693973:3,Symbolica_default,cached_powers_Q,20,15,0.413,BalancedZippelSeparated
fire7_nb0_rank1789,Automatic,1,ok,458.312,106,2,1,0,0,2305843009213693967:103;2305843009213693973:3,Symbolica_default,cached_powers_Q,24,14,0.357,BalancedZippelSeparated
fire7_nb0_rank1790,Automatic,1,ok,414.802,83,2,1,0,0,2305843009213693967:80;2305843009213693973:3,Symbolica_default,cached_powers_Q,20,15,0.327,BalancedZippelSeparated
fire7_nb0_rank1791,Automatic,1,ok,529.763,93,2,1,0,0,2305843009213693967:90;2305843009213693973:3,Symbolica_default,cached_powers_Q,24,12,0.356,BalancedZippelSeparated
fire7_nb0_rank1792,Automatic,1,ok,405.672,93,2,1,0,0,2305843009213693967:90;2305843009213693973:3,Symbolica_default,cached_powers_Q,24,12,0.335,BalancedZippelSeparated
fire7_nb0_rank1793,Automatic,1,ok,356.352,76,2,1,0,0,2305843009213693967:73;2305843009213693973:3,Symbolica_default,cached_powers_Q,20,15,0.274,BalancedZippelSeparated
fire7_nb0_rank1794,Automatic,1,ok,468.143,116,2,1,0,0,2305843009213693967:113;2305843009213693973:3,Symbolica_default,cached_powers_Q,24,14,0.505,BalancedZippelSeparated
fire7_nb0_rank1795,Automatic,1,ok,566.714,95,2,1,0,0,2305843009213693967:92;2305843009213693973:3,Symbolica_default,cached_powers_Q,24,12,0.353,BalancedZippelSeparated
fire7_nb0_rank1796,Automatic,1,ok,511.792,83,2,1,0,0,2305843009213693967:80;2305843009213693973:3,Symbolica_default,cached_powers_Q,20,15,0.312,BalancedZippelSeparated
fire7_nb0_rank1797,Automatic,1,ok,385.933,93,2,1,0,0,2305843009213693967:90;2305843009213693973:3,Symbolica_default,cached_powers_Q,24,12,0.330,BalancedZippelSeparated
fire7_nb0_rank1798,Automatic,1,ok,349.932,86,2,1,0,0,2305843009213693967:83;2305843009213693973:3,Symbolica_default,cached_powers_Q,16,15,0.279,BalancedZippelSeparated
fire7_nb0_rank1799,Automatic,1,ok,533.053,79,2,1,0,0,2305843009213693967:76;2305843009213693973:3,Symbolica_default,cached_powers_Q,20,15,0.459,BalancedZippelSeparated
fire7_nb0_rank1800,Automatic,1,ok,581.764,80,2,1,0,0,2305843009213693967:77;2305843009213693973:3,Symbolica_default,cached_powers_Q,25,9,0.371,BalancedZippelSeparated
fire7_nb0_rank1801,Automatic,1,ok,554.404,93,2,1,0,0,2305843009213693967:90;2305843009213693973:3,Symbolica_default,cached_powers_Q,24,12,0.340,BalancedZippelSeparated
fire7_nb0_rank1802,Automatic,1,ok,580.363,94,2,1,0,0,2305843009213693967:91;2305843009213693973:3,Symbolica_default,cached_powers_Q,13,21,0.356,BalancedZippelSeparated
fire7_nb0_rank1803,Automatic,1,ok,383.703,79,2,1,0,0,2305843009213693967:76;2305843009213693973:3,Symbolica_default,cached_powers_Q,24,9,0.532,BalancedZippelSeparated
fire7_nb0_rank1804,Automatic,1,ok,463.352,82,2,1,0,0,2305843009213693967:79;2305843009213693973:3,Symbolica_default,cached_powers_Q,24,10,0.479,BalancedZippelSeparated
fire7_nb0_rank1805,Automatic,1,ok,583.194,93,2,1,0,0,2305843009213693967:90;2305843009213693973:3,Symbolica_default,cached_powers_Q,24,12,0.344,BalancedZippelSeparated
fire7_nb0_rank1806,Automatic,1,ok,471.353,90,2,1,0,0,2305843009213693967:87;2305843009213693973:3,Symbolica_default,cached_powers_Q,24,10,0.510,BalancedZippelSeparated
fire7_nb0_rank1807,Automatic,1,ok,372.712,80,2,1,0,0,2305843009213693967:77;2305843009213693973:3,Symbolica_default,cached_powers_Q,27,10,0.309,BalancedZippelSeparated
fire7_nb0_rank1808,Automatic,1,ok,360.672,76,2,1,0,0,2305843009213693967:73;2305843009213693973:3,Symbolica_default,cached_powers_Q,20,15,0.285,BalancedZippelSeparated
fire7_nb0_rank1809,Automatic,1,ok,343.982,79,2,1,0,0,2305843009213693967:76;2305843009213693973:3,Symbolica_default,cached_powers_Q,15,20,0.300,BalancedZippelSeparated
fire7_nb0_rank1810,Automatic,1,ok,456.663,112,2,1,0,0,2305843009213693967:109;2305843009213693973:3,Symbolica_default,cached_powers_Q,26,14,0.331,BalancedZippelSeparated
fire7_nb0_rank1811,Automatic,1,ok,349.262,83,2,1,0,0,2305843009213693967:80;2305843009213693973:3,Symbolica_default,cached_powers_Q,23,9,0.425,BalancedZippelSeparated
fire7_nb0_rank1812,Automatic,1,ok,482.933,76,2,1,0,0,2305843009213693967:73;2305843009213693973:3,Symbolica_default,cached_powers_Q,20,15,0.272,BalancedZippelSeparated
fire7_nb0_rank1813,Automatic,1,ok,491.293,79,2,1,0,0,2305843009213693967:76;2305843009213693973:3,Symbolica_default,cached_powers_Q,20,15,0.392,BalancedZippelSeparated
fire7_nb0_rank1814,Automatic,1,ok,464.683,92,2,1,0,0,2305843009213693967:89;2305843009213693973:3,Symbolica_default,cached_powers_Q,27,6,0.292,BalancedZippelSeparated
fire7_nb0_rank1815,Automatic,1,ok,327.872,71,2,1,0,0,2305843009213693967:68;2305843009213693973:3,Symbolica_default,cached_powers_Q,17,15,0.287,BalancedZippelSeparated
fire7_nb0_rank1816,Automatic,1,ok,402.933,79,2,1,0,0,2305843009213693967:76;2305843009213693973:3,Symbolica_default,cached_powers_Q,20,15,0.381,BalancedZippelSeparated
fire7_nb0_rank1817,Automatic,1,ok,382.603,83,2,1,0,0,2305843009213693967:80;2305843009213693973:3,Symbolica_default,cached_powers_Q,20,15,0.272,BalancedZippelSeparated
fire7_nb0_rank1818,Automatic,1,ok,529.173,83,2,1,0,0,2305843009213693967:80;2305843009213693973:3,Symbolica_default,cached_powers_Q,19,15,0.388,BalancedZippelSeparated
fire7_nb0_rank1819,Automatic,1,ok,472.372,92,2,1,0,0,2305843009213693967:89;2305843009213693973:3,Symbolica_default,cached_powers_Q,27,8,0.285,BalancedZippelSeparated
fire7_nb0_rank1820,Automatic,1,ok,507.663,76,2,1,0,0,2305843009213693967:73;2305843009213693973:3,Symbolica_default,cached_powers_Q,20,15,0.428,BalancedZippelSeparated
fire7_nb0_rank1821,Automatic,1,ok,323.362,85,2,1,0,0,2305843009213693967:82;2305843009213693973:3,Symbolica_default,cached_powers_Q,22,5,0.250,BalancedZippelSeparated
fire7_nb0_rank1822,Automatic,1,ok,369.672,80,2,1,0,0,2305843009213693967:77;2305843009213693973:3,Symbolica_default,cached_powers_Q,20,15,0.279,BalancedZippelSeparated
fire7_nb0_rank1823,Automatic,1,ok,602.964,82,2,1,0,0,2305843009213693967:79;2305843009213693973:3,Symbolica_default,cached_powers_Q,24,10,0.512,BalancedZippelSeparated
fire7_nb0_rank1824,Automatic,1,ok,550.453,90,2,1,0,0,2305843009213693967:87;2305843009213693973:3,Symbolica_default,cached_powers_Q,24,10,0.353,BalancedZippelSeparated
fire7_nb0_rank1825,Automatic,1,ok,347.402,80,2,1,0,0,2305843009213693967:77;2305843009213693973:3,Symbolica_default,cached_powers_Q,25,6,0.278,BalancedZippelSeparated
fire7_nb0_rank1826,Automatic,1,ok,324.472,71,2,1,0,0,2305843009213693967:68;2305843009213693973:3,Symbolica_default,cached_powers_Q,20,12,0.312,BalancedZippelSeparated
fire7_nb0_rank1827,Automatic,1,ok,508.713,71,2,1,0,0,2305843009213693967:68;2305843009213693973:3,Symbolica_default,cached_powers_Q,20,12,0.282,BalancedZippelSeparated
fire7_nb0_rank1828,Automatic,1,ok,369.802,94,2,1,0,0,2305843009213693967:91;2305843009213693973:3,Symbolica_default,cached_powers_Q,24,6,0.285,BalancedZippelSeparated
fire7_nb0_rank1829,Automatic,1,ok,610.263,106,2,1,0,0,2305843009213693967:103;2305843009213693973:3,Symbolica_default,cached_powers_Q,23,14,0.327,BalancedZippelSeparated
fire7_nb0_rank1830,Automatic,1,ok,487.653,85,2,1,0,0,2305843009213693967:82;2305843009213693973:3,Symbolica_default,cached_powers_Q,22,5,0.379,BalancedZippelSeparated
fire7_nb0_rank1831,Automatic,1,ok,481.503,93,2,1,0,0,2305843009213693967:90;2305843009213693973:3,Symbolica_default,cached_powers_Q,27,10,0.306,BalancedZippelSeparated
fire7_nb0_rank1832,Automatic,1,ok,447.882,80,2,1,0,0,2305843009213693967:77;2305843009213693973:3,Symbolica_default,cached_powers_Q,25,6,0.260,BalancedZippelSeparated
fire7_nb0_rank1833,Automatic,1,ok,323.832,96,2,1,0,0,2305843009213693967:93;2305843009213693973:3,Symbolica_default,cached_powers_Q,6,27,0.264,BalancedZippelSeparated
fire7_nb0_rank1834,Automatic,1,ok,446.123,94,2,1,0,0,2305843009213693967:91;2305843009213693973:3,Symbolica_default,cached_powers_Q,29,3,0.257,BalancedZippelSeparated
fire7_nb0_rank1835,Automatic,1,ok,409.173,68,2,1,0,0,2305843009213693967:65;2305843009213693973:3,Symbolica_default,cached_powers_Q,20,8,0.258,BalancedZippelSeparated
fire7_nb0_rank1836,Automatic,1,ok,374.552,82,2,1,0,0,2305843009213693967:79;2305843009213693973:3,Symbolica_default,cached_powers_Q,22,10,0.280,BalancedZippelSeparated
fire7_nb0_rank1837,Automatic,1,ok,421.472,122,2,1,0,0,2305843009213693967:119;2305843009213693973:3,Symbolica_default,cached_powers_Q,26,9,0.401,BalancedZippelSeparated
fire7_nb0_rank1838,Automatic,1,ok,407.833,108,2,1,0,0,2305843009213693967:105;2305843009213693973:3,Symbolica_default,cached_powers_Q,27,6,0.304,BalancedZippelSeparated
fire7_nb0_rank1839,Automatic,1,ok,366.151,78,2,1,0,0,2305843009213693967:75;2305843009213693973:3,Symbolica_default,cached_powers_Q,16,15,0.286,BalancedZippelSeparated
fire7_nb0_rank1840,Automatic,1,ok,293.532,69,2,1,0,0,2305843009213693967:66;2305843009213693973:3,Symbolica_default,cached_powers_Q,20,8,0.245,BalancedZippelSeparated
fire7_nb0_rank1841,Automatic,1,ok,350.592,87,2,1,0,0,2305843009213693967:84;2305843009213693973:3,Symbolica_default,cached_powers_Q,24,9,0.325,BalancedZippelSeparated
fire7_nb0_rank1842,Automatic,1,ok,374.013,89,2,1,0,0,2305843009213693967:86;2305843009213693973:3,Symbolica_default,cached_powers_Q,21,14,0.306,BalancedZippelSeparated
fire7_nb0_rank1843,Automatic,1,ok,538.713,93,2,1,0,0,2305843009213693967:90;2305843009213693973:3,Symbolica_default,cached_powers_Q,27,10,0.318,BalancedZippelSeparated
fire7_nb0_rank1844,Automatic,1,ok,346.942,83,2,1,0,0,2305843009213693967:80;2305843009213693973:3,Symbolica_default,cached_powers_Q,23,9,0.323,BalancedZippelSeparated
fire7_nb0_rank1845,Automatic,1,ok,604.204,112,2,1,0,0,2305843009213693967:109;2305843009213693973:3,Symbolica_default,cached_powers_Q,16,20,0.281,BalancedZippelSeparated
fire7_nb0_rank1846,Automatic,1,ok,494.912,73,2,1,0,0,2305843009213693967:70;2305843009213693973:3,Symbolica_default,cached_powers_Q,20,9,0.419,BalancedZippelSeparated
fire7_nb0_rank1847,Automatic,1,ok,482.392,73,2,1,0,0,2305843009213693967:70;2305843009213693973:3,Symbolica_default,cached_powers_Q,20,9,0.265,BalancedZippelSeparated
fire7_nb0_rank1848,Automatic,1,ok,532.863,83,2,1,0,0,2305843009213693967:80;2305843009213693973:3,Symbolica_default,cached_powers_Q,25,6,0.396,BalancedZippelSeparated
fire7_nb0_rank1849,Automatic,1,ok,385.782,84,2,1,0,0,2305843009213693967:81;2305843009213693973:3,Symbolica_default,cached_powers_Q,23,15,0.330,BalancedZippelSeparated
fire7_nb0_rank1850,Automatic,1,ok,398.312,95,2,1,0,0,2305843009213693967:92;2305843009213693973:3,Symbolica_default,cached_powers_Q,27,9,0.357,BalancedZippelSeparated
fire7_nb0_rank1851,Automatic,1,ok,411.582,87,2,1,0,0,2305843009213693967:84;2305843009213693973:3,Symbolica_default,cached_powers_Q,12,24,0.507,BalancedZippelSeparated
fire7_nb0_rank1852,Automatic,1,ok,477.523,78,2,1,0,0,2305843009213693967:75;2305843009213693973:3,Symbolica_default,cached_powers_Q,25,6,0.310,BalancedZippelSeparated
fire7_nb0_rank1853,Automatic,1,ok,405.092,92,2,1,0,0,2305843009213693967:89;2305843009213693973:3,Symbolica_default,cached_powers_Q,12,24,0.497,BalancedZippelSeparated
fire7_nb0_rank1854,Automatic,1,ok,358.692,83,2,1,0,0,2305843009213693967:80;2305843009213693973:3,Symbolica_default,cached_powers_Q,25,6,0.451,BalancedZippelSeparated
fire7_nb0_rank1855,Automatic,1,ok,533.063,92,2,1,0,0,2305843009213693967:89;2305843009213693973:3,Symbolica_default,cached_powers_Q,12,24,0.332,BalancedZippelSeparated
fire7_nb0_rank1856,Automatic,1,ok,374.212,91,2,1,0,0,2305843009213693967:88;2305843009213693973:3,Symbolica_default,cached_powers_Q,27,8,0.293,BalancedZippelSeparated
fire7_nb0_rank1857,Automatic,1,ok,510.453,81,2,1,0,0,2305843009213693967:78;2305843009213693973:3,Symbolica_default,cached_powers_Q,15,15,0.278,BalancedZippelSeparated
fire7_nb0_rank1858,Automatic,1,ok,359.792,79,2,1,0,0,2305843009213693967:76;2305843009213693973:3,Symbolica_default,cached_powers_Q,15,15,0.424,BalancedZippelSeparated
fire7_nb0_rank1859,Automatic,1,ok,538.534,89,2,1,0,0,2305843009213693967:86;2305843009213693973:3,Symbolica_default,cached_powers_Q,20,12,0.405,BalancedZippelSeparated
fire7_nb0_rank1860,Automatic,1,ok,313.921,71,2,1,0,0,2305843009213693967:68;2305843009213693973:3,Symbolica_default,cached_powers_Q,19,12,0.259,BalancedZippelSeparated
fire7_nb0_rank1861,Automatic,1,ok,559.674,105,2,1,0,0,2305843009213693967:102;2305843009213693973:3,Symbolica_default,cached_powers_Q,24,14,0.316,BalancedZippelSeparated
fire7_nb0_rank1862,Automatic,1,ok,294.382,73,2,1,0,0,2305843009213693967:70;2305843009213693973:3,Symbolica_default,cached_powers_Q,19,12,0.265,BalancedZippelSeparated
fire7_nb0_rank1863,Automatic,1,ok,298.732,73,2,1,0,0,2305843009213693967:70;2305843009213693973:3,Symbolica_default,cached_powers_Q,19,12,0.397,BalancedZippelSeparated
fire7_nb0_rank1864,Automatic,1,ok,439.452,78,2,1,0,0,2305843009213693967:75;2305843009213693973:3,Symbolica_default,cached_powers_Q,24,6,0.288,BalancedZippelSeparated
fire7_nb0_rank1865,Automatic,1,ok,706.504,86,2,1,0,0,2305843009213693967:83;2305843009213693973:3,Symbolica_default,cached_powers_Q,24,10,0.334,BalancedZippelSeparated
fire7_nb0_rank1866,Automatic,1,ok,445.113,92,2,1,0,0,2305843009213693967:89;2305843009213693973:3,Symbolica_default,cached_powers_Q,5,27,0.351,BalancedZippelSeparated
fire7_nb0_rank1867,Automatic,1,ok,460.352,84,2,1,0,0,2305843009213693967:81;2305843009213693973:3,Symbolica_default,cached_powers_Q,24,6,0.400,BalancedZippelSeparated
fire7_nb0_rank1868,Automatic,1,ok,420.033,103,2,1,0,0,2305843009213693967:100;2305843009213693973:3,Symbolica_default,cached_powers_Q,23,14,0.324,BalancedZippelSeparated
fire7_nb0_rank1869,Automatic,1,ok,454.063,85,2,1,0,0,2305843009213693967:82;2305843009213693973:3,Symbolica_default,cached_powers_Q,24,10,0.309,BalancedZippelSeparated
fire7_nb0_rank1870,Automatic,1,ok,486.703,79,2,1,0,0,2305843009213693967:76;2305843009213693973:3,Symbolica_default,cached_powers_Q,15,15,0.274,BalancedZippelSeparated
fire7_nb0_rank1871,Automatic,1,ok,482.253,77,2,1,0,0,2305843009213693967:74;2305843009213693973:3,Symbolica_default,cached_powers_Q,15,15,0.385,BalancedZippelSeparated
fire7_nb0_rank1872,Automatic,1,ok,470.253,79,2,1,0,0,2305843009213693967:76;2305843009213693973:3,Symbolica_default,cached_powers_Q,15,15,0.419,BalancedZippelSeparated
fire7_nb0_rank1873,Automatic,1,ok,332.612,77,2,1,0,0,2305843009213693967:74;2305843009213693973:3,Symbolica_default,cached_powers_Q,15,15,0.263,BalancedZippelSeparated
fire7_nb0_rank1874,Automatic,1,ok,320.442,74,2,1,0,0,2305843009213693967:71;2305843009213693973:3,Symbolica_default,cached_powers_Q,12,15,0.363,BalancedZippelSeparated
fire7_nb0_rank1875,Automatic,1,ok,334.822,78,2,1,0,0,2305843009213693967:75;2305843009213693973:3,Symbolica_default,cached_powers_Q,16,15,0.265,BalancedZippelSeparated
fire7_nb0_rank1876,Automatic,1,ok,529.153,81,2,1,0,0,2305843009213693967:78;2305843009213693973:3,Symbolica_default,cached_powers_Q,15,15,0.260,BalancedZippelSeparated
fire7_nb0_rank1877,Automatic,1,ok,430.902,63,2,1,0,0,2305843009213693967:60;2305843009213693973:3,Symbolica_default,cached_powers_Q,16,15,0.269,BalancedZippelSeparated
fire7_nb0_rank1878,Automatic,1,ok,406.192,92,2,1,0,0,2305843009213693967:89;2305843009213693973:3,Symbolica_default,cached_powers_Q,25,6,0.279,BalancedZippelSeparated
fire7_nb0_rank1879,Automatic,1,ok,309.422,77,2,1,0,0,2305843009213693967:74;2305843009213693973:3,Symbolica_default,cached_powers_Q,19,6,0.403,BalancedZippelSeparated
fire7_nb0_rank1880,Automatic,1,ok,533.043,95,2,1,0,0,2305843009213693967:92;2305843009213693973:3,Symbolica_default,cached_powers_Q,20,14,0.272,BalancedZippelSeparated
fire7_nb0_rank1881,Automatic,1,ok,365.332,79,2,1,0,0,2305843009213693967:76;2305843009213693973:3,Symbolica_default,cached_powers_Q,15,15,0.310,BalancedZippelSeparated
fire7_nb0_rank1882,Automatic,1,ok,510.343,77,2,1,0,0,2305843009213693967:74;2305843009213693973:3,Symbolica_default,cached_powers_Q,15,15,0.318,BalancedZippelSeparated
fire7_nb0_rank1883,Automatic,1,ok,310.382,61,2,1,0,0,2305843009213693967:58;2305843009213693973:3,Symbolica_default,cached_powers_Q,16,15,0.393,BalancedZippelSeparated
fire7_nb0_rank1884,Automatic,1,ok,481.553,85,2,1,0,0,2305843009213693967:82;2305843009213693973:3,Symbolica_default,cached_powers_Q,15,18,0.396,BalancedZippelSeparated
fire7_nb0_rank1885,Automatic,1,ok,616.903,124,2,1,0,0,2305843009213693967:121;2305843009213693973:3,Symbolica_default,cached_powers_Q,12,24,0.401,BalancedZippelSeparated
fire7_nb0_rank1886,Automatic,1,ok,563.203,105,2,1,0,0,2305843009213693967:102;2305843009213693973:3,Symbolica_default,cached_powers_Q,18,18,0.370,BalancedZippelSeparated
fire7_nb0_rank1887,Automatic,1,ok,478.973,81,2,1,0,0,2305843009213693967:78;2305843009213693973:3,Symbolica_default,cached_powers_Q,15,15,0.250,BalancedZippelSeparated
fire7_nb0_rank1888,Automatic,1,ok,368.993,88,2,1,0,0,2305843009213693967:85;2305843009213693973:3,Symbolica_default,cached_powers_Q,12,21,0.281,BalancedZippelSeparated
fire7_nb0_rank1889,Automatic,1,ok,552.483,97,2,1,0,0,2305843009213693967:94;2305843009213693973:3,Symbolica_default,cached_powers_Q,23,14,0.417,BalancedZippelSeparated
fire7_nb0_rank1890,Automatic,1,ok,478.173,88,2,1,0,0,2305843009213693967:85;2305843009213693973:3,Symbolica_default,cached_powers_Q,12,21,0.293,BalancedZippelSeparated
fire7_nb0_rank1891,Automatic,1,ok,447.072,65,2,1,0,0,2305843009213693967:62;2305843009213693973:3,Symbolica_default,cached_powers_Q,15,15,0.281,BalancedZippelSeparated
fire7_nb0_rank1892,Automatic,1,ok,320.201,83,2,1,0,0,2305843009213693967:80;2305843009213693973:3,Symbolica_default,cached_powers_Q,24,9,0.297,BalancedZippelSeparated
fire7_nb0_rank1893,Automatic,1,ok,489.733,87,2,1,0,0,2305843009213693967:84;2305843009213693973:3,Symbolica_default,cached_powers_Q,27,4,0.404,BalancedZippelSeparated
fire7_nb0_rank1894,Automatic,1,ok,342.151,77,2,1,0,0,2305843009213693967:74;2305843009213693973:3,Symbolica_default,cached_powers_Q,14,20,0.279,BalancedZippelSeparated
fire7_nb0_rank1895,Automatic,1,ok,337.712,88,2,1,0,0,2305843009213693967:85;2305843009213693973:3,Symbolica_default,cached_powers_Q,26,6,0.279,BalancedZippelSeparated
fire7_nb0_rank1896,Automatic,1,ok,325.672,73,2,1,0,0,2305843009213693967:70;2305843009213693973:3,Symbolica_default,cached_powers_Q,18,9,0.264,BalancedZippelSeparated
fire7_nb0_rank1897,Automatic,1,ok,492.763,79,2,1,0,0,2305843009213693967:76;2305843009213693973:3,Symbolica_default,cached_powers_Q,18,15,0.268,BalancedZippelSeparated
fire7_nb0_rank1898,Automatic,1,ok,539.993,109,2,1,0,0,2305843009213693967:106;2305843009213693973:3,Symbolica_default,cached_powers_Q,12,24,0.296,BalancedZippelSeparated
fire7_nb0_rank1899,Automatic,1,ok,339.102,81,2,1,0,0,2305843009213693967:78;2305843009213693973:3,Symbolica_default,cached_powers_Q,24,6,0.280,BalancedZippelSeparated
fire7_nb0_rank1900,Automatic,1,ok,304.131,61,2,1,0,0,2305843009213693967:58;2305843009213693973:3,Symbolica_default,cached_powers_Q,16,15,0.270,BalancedZippelSeparated
fire7_nb0_rank1901,Automatic,1,ok,306.791,63,2,1,0,0,2305843009213693967:60;2305843009213693973:3,Symbolica_default,cached_powers_Q,16,15,0.370,BalancedZippelSeparated
fire7_nb0_rank1902,Automatic,1,ok,434.793,73,2,1,0,0,2305843009213693967:70;2305843009213693973:3,Symbolica_default,cached_powers_Q,20,9,0.261,BalancedZippelSeparated
fire7_nb0_rank1903,Automatic,1,ok,543.373,83,2,1,0,0,2305843009213693967:80;2305843009213693973:3,Symbolica_default,cached_powers_Q,15,18,0.321,BalancedZippelSeparated
fire7_nb0_rank1904,Automatic,1,ok,529.183,72,2,1,0,0,2305843009213693967:69;2305843009213693973:3,Symbolica_default,cached_powers_Q,16,15,0.321,BalancedZippelSeparated
fire7_nb0_rank1905,Automatic,1,ok,492.103,74,2,1,0,0,2305843009213693967:71;2305843009213693973:3,Symbolica_default,cached_powers_Q,16,15,0.288,BalancedZippelSeparated
fire7_nb0_rank1906,Automatic,1,ok,330.862,77,2,1,0,0,2305843009213693967:74;2305843009213693973:3,Symbolica_default,cached_powers_Q,15,15,0.436,BalancedZippelSeparated
fire7_nb0_rank1907,Automatic,1,ok,488.992,74,2,1,0,0,2305843009213693967:71;2305843009213693973:3,Symbolica_default,cached_powers_Q,16,15,0.265,BalancedZippelSeparated
fire7_nb0_rank1908,Automatic,1,ok,311.732,78,2,1,0,0,2305843009213693967:75;2305843009213693973:3,Symbolica_default,cached_powers_Q,23,6,0.422,BalancedZippelSeparated
fire7_nb0_rank1909,Automatic,1,ok,316.872,72,2,1,0,0,2305843009213693967:69;2305843009213693973:3,Symbolica_default,cached_powers_Q,20,15,0.280,BalancedZippelSeparated
fire7_nb0_rank1910,Automatic,1,ok,339.002,79,2,1,0,0,2305843009213693967:76;2305843009213693973:3,Symbolica_default,cached_powers_Q,18,15,0.274,BalancedZippelSeparated
fire7_nb0_rank1911,Automatic,1,ok,306.951,70,2,1,0,0,2305843009213693967:67;2305843009213693973:3,Symbolica_default,cached_powers_Q,15,15,0.291,BalancedZippelSeparated
fire7_nb0_rank1912,Automatic,1,ok,505.533,86,2,1,0,0,2305843009213693967:83;2305843009213693973:3,Symbolica_default,cached_powers_Q,24,8,0.277,BalancedZippelSeparated
fire7_nb0_rank1913,Automatic,1,ok,320.572,83,2,1,0,0,2305843009213693967:80;2305843009213693973:3,Symbolica_default,cached_powers_Q,24,6,0.256,BalancedZippelSeparated
fire7_nb0_rank1914,Automatic,1,ok,467.333,79,2,1,0,0,2305843009213693967:76;2305843009213693973:3,Symbolica_default,cached_powers_Q,24,6,0.388,BalancedZippelSeparated
fire7_nb0_rank1915,Automatic,1,ok,380.612,74,2,1,0,0,2305843009213693967:71;2305843009213693973:3,Symbolica_default,cached_powers_Q,16,15,0.360,BalancedZippelSeparated
fire7_nb0_rank1916,Automatic,1,ok,477.483,78,2,1,0,0,2305843009213693967:75;2305843009213693973:3,Symbolica_default,cached_powers_Q,20,10,0.278,BalancedZippelSeparated
fire7_nb0_rank1917,Automatic,1,ok,350.192,90,2,1,0,0,2305843009213693967:87;2305843009213693973:3,Symbolica_default,cached_powers_Q,24,8,0.285,BalancedZippelSeparated
fire7_nb0_rank1918,Automatic,1,ok,475.513,79,2,1,0,0,2305843009213693967:76;2305843009213693973:3,Symbolica_default,cached_powers_Q,24,6,0.389,BalancedZippelSeparated
fire7_nb0_rank1919,Automatic,1,ok,461.423,72,2,1,0,0,2305843009213693967:69;2305843009213693973:3,Symbolica_default,cached_powers_Q,16,15,0.363,BalancedZippelSeparated
fire7_nb0_rank1920,Automatic,1,ok,491.083,74,2,1,0,0,2305843009213693967:71;2305843009213693973:3,Symbolica_default,cached_powers_Q,16,15,0.258,BalancedZippelSeparated
fire7_nb0_rank1921,Automatic,1,ok,320.092,81,2,1,0,0,2305843009213693967:78;2305843009213693973:3,Symbolica_default,cached_powers_Q,24,6,0.254,BalancedZippelSeparated
fire7_nb0_rank1922,Automatic,1,ok,293.552,66,2,1,0,0,2305843009213693967:63;2305843009213693973:3,Symbolica_default,cached_powers_Q,20,8,0.378,BalancedZippelSeparated
fire7_nb0_rank1923,Automatic,1,ok,389.192,71,2,1,0,0,2305843009213693967:68;2305843009213693973:3,Symbolica_default,cached_powers_Q,4,28,0.262,BalancedZippelSeparated
fire7_nb0_rank1924,Automatic,1,ok,344.462,68,2,1,0,0,2305843009213693967:65;2305843009213693973:3,Symbolica_default,cached_powers_Q,20,8,0.390,BalancedZippelSeparated
fire7_nb0_rank1925,Automatic,1,ok,407.672,108,2,1,0,0,2305843009213693967:105;2305843009213693973:3,Symbolica_default,cached_powers_Q,21,9,0.298,BalancedZippelSeparated
fire7_nb0_rank1926,Automatic,1,ok,358.573,84,2,1,0,0,2305843009213693967:81;2305843009213693973:3,Symbolica_default,cached_powers_Q,19,10,0.369,BalancedZippelSeparated
fire7_nb0_rank1927,Automatic,1,ok,345.273,81,2,1,0,0,2305843009213693967:78;2305843009213693973:3,Symbolica_default,cached_powers_Q,24,6,0.290,BalancedZippelSeparated
fire7_nb0_rank1928,Automatic,1,ok,461.853,90,2,1,0,0,2305843009213693967:87;2305843009213693973:3,Symbolica_default,cached_powers_Q,27,4,0.266,BalancedZippelSeparated
fire7_nb0_rank1929,Automatic,1,ok,643.423,98,2,1,0,0,2305843009213693967:95;2305843009213693973:3,Symbolica_default,cached_powers_Q,19,14,0.336,BalancedZippelSeparated
fire7_nb0_rank1930,Automatic,1,ok,308.722,72,2,1,0,0,2305843009213693967:69;2305843009213693973:3,Symbolica_default,cached_powers_Q,20,9,0.365,BalancedZippelSeparated
fire7_nb0_rank1931,Automatic,1,ok,478.143,79,2,1,0,0,2305843009213693967:76;2305843009213693973:3,Symbolica_default,cached_powers_Q,24,6,0.392,BalancedZippelSeparated
fire7_nb0_rank1932,Automatic,1,ok,450.122,79,2,1,0,0,2305843009213693967:76;2305843009213693973:3,Symbolica_default,cached_powers_Q,24,6,0.380,BalancedZippelSeparated
fire7_nb0_rank1933,Automatic,1,ok,420.972,71,2,1,0,0,2305843009213693967:68;2305843009213693973:3,Symbolica_default,cached_powers_Q,20,6,0.224,BalancedZippelSeparated
fire7_nb0_rank1934,Automatic,1,ok,422.612,69,2,1,0,0,2305843009213693967:66;2305843009213693973:3,Symbolica_default,cached_powers_Q,20,6,0.226,BalancedZippelSeparated
fire7_nb0_rank1935,Automatic,1,ok,319.241,74,2,1,0,0,2305843009213693967:71;2305843009213693973:3,Symbolica_default,cached_powers_Q,18,9,0.247,BalancedZippelSeparated
fire7_nb0_rank1936,Automatic,1,ok,290.782,66,2,1,0,0,2305843009213693967:63;2305843009213693973:3,Symbolica_default,cached_powers_Q,6,20,0.260,BalancedZippelSeparated
fire7_nb0_rank1937,Automatic,1,ok,258.061,75,2,1,0,0,2305843009213693967:72;2305843009213693973:3,Symbolica_default,cached_powers_Q,25,3,0.367,BalancedZippelSeparated
fire7_nb0_rank1938,Automatic,1,ok,427.422,68,2,1,0,0,2305843009213693967:65;2305843009213693973:3,Symbolica_default,cached_powers_Q,15,10,0.260,BalancedZippelSeparated
fire7_nb0_rank1939,Automatic,1,ok,454.103,78,2,1,0,0,2305843009213693967:75;2305843009213693973:3,Symbolica_default,cached_powers_Q,20,10,0.257,BalancedZippelSeparated
fire7_nb0_rank1940,Automatic,1,ok,516.783,86,2,1,0,0,2305843009213693967:83;2305843009213693973:3,Symbolica_default,cached_powers_Q,24,10,0.315,BalancedZippelSeparated
fire7_nb0_rank1941,Automatic,1,ok,340.842,78,2,1,0,0,2305843009213693967:75;2305843009213693973:3,Symbolica_default,cached_powers_Q,18,6,0.399,BalancedZippelSeparated
fire7_nb0_rank1942,Automatic,1,ok,506.243,82,2,1,0,0,2305843009213693967:79;2305843009213693973:3,Symbolica_default,cached_powers_Q,20,10,0.282,BalancedZippelSeparated
fire7_nb0_rank1943,Automatic,1,ok,479.702,90,2,1,0,0,2305843009213693967:87;2305843009213693973:3,Symbolica_default,cached_powers_Q,26,4,0.255,BalancedZippelSeparated
fire7_nb0_rank1944,Automatic,1,ok,374.382,86,2,1,0,0,2305843009213693967:83;2305843009213693973:3,Symbolica_default,cached_powers_Q,12,21,0.455,BalancedZippelSeparated
fire7_nb0_rank1945,Automatic,1,ok,287.231,66,2,1,0,0,2305843009213693967:63;2305843009213693973:3,Symbolica_default,cached_powers_Q,15,12,0.263,BalancedZippelSeparated
fire7_nb0_rank1946,Automatic,1,ok,430.242,66,2,1,0,0,2305843009213693967:63;2305843009213693973:3,Symbolica_default,cached_powers_Q,15,12,0.410,BalancedZippelSeparated
fire7_nb0_rank1947,Automatic,1,ok,493.533,86,2,1,0,0,2305843009213693967:83;2305843009213693973:3,Symbolica_default,cached_powers_Q,15,12,0.252,BalancedZippelSeparated
fire7_nb0_rank1948,Automatic,1,ok,261.091,66,2,1,0,0,2305843009213693967:63;2305843009213693973:3,Symbolica_default,cached_powers_Q,15,12,0.271,BalancedZippelSeparated
fire7_nb0_rank1949,Automatic,1,ok,237.601,62,2,1,0,0,2305843009213693967:59;2305843009213693973:3,Symbolica_default,cached_powers_Q,5,20,0.228,BalancedZippelSeparated
fire7_nb0_rank1950,Automatic,1,ok,396.822,62,2,1,0,0,2305843009213693967:59;2305843009213693973:3,Symbolica_default,cached_powers_Q,5,20,0.209,BalancedZippelSeparated
fire7_nb0_rank1951,Automatic,1,ok,276.972,66,2,1,0,0,2305843009213693967:63;2305843009213693973:3,Symbolica_default,cached_powers_Q,15,12,0.252,BalancedZippelSeparated
fire7_nb0_rank1952,Automatic,1,ok,441.812,71,2,1,0,0,2305843009213693967:68;2305843009213693973:3,Symbolica_default,cached_powers_Q,20,6,0.386,BalancedZippelSeparated
fire7_nb0_rank1953,Automatic,1,ok,563.883,69,2,1,0,0,2305843009213693967:66;2305843009213693973:3,Symbolica_default,cached_powers_Q,20,6,0.246,BalancedZippelSeparated
fire7_nb0_rank1954,Automatic,1,ok,488.082,66,2,1,0,0,2305843009213693967:63;2305843009213693973:3,Symbolica_default,cached_powers_Q,18,8,0.307,BalancedZippelSeparated
fire7_nb0_rank1955,Automatic,1,ok,573.993,83,2,1,0,0,2305843009213693967:80;2305843009213693973:3,Symbolica_default,cached_powers_Q,23,6,0.414,BalancedZippelSeparated
fire7_nb0_rank1956,Automatic,1,ok,251.081,62,2,1,0,0,2305843009213693967:59;2305843009213693973:3,Symbolica_default,cached_powers_Q,5,20,0.237,BalancedZippelSeparated
fire7_nb0_rank1957,Automatic,1,ok,379.102,62,2,1,0,0,2305843009213693967:59;2305843009213693973:3,Symbolica_default,cached_powers_Q,5,20,0.360,BalancedZippelSeparated
fire7_nb0_rank1958,Automatic,1,ok,258.781,62,2,1,0,0,2305843009213693967:59;2305843009213693973:3,Symbolica_default,cached_powers_Q,5,20,0.231,BalancedZippelSeparated
fire7_nb0_rank1959,Automatic,1,ok,309.532,70,2,1,0,0,2305843009213693967:67;2305843009213693973:3,Symbolica_default,cached_powers_Q,18,8,0.266,BalancedZippelSeparated
fire7_nb0_rank1960,Automatic,1,ok,529.773,93,2,1,0,0,2305843009213693967:90;2305843009213693973:3,Symbolica_default,cached_powers_Q,15,18,0.281,BalancedZippelSeparated
fire7_nb0_rank1961,Automatic,1,ok,346.852,79,2,1,0,0,2305843009213693967:76;2305843009213693973:3,Symbolica_default,cached_powers_Q,15,15,0.284,BalancedZippelSeparated
fire7_nb0_rank1962,Automatic,1,ok,409.762,74,2,1,0,0,2305843009213693967:71;2305843009213693973:3,Symbolica_default,cached_powers_Q,18,9,0.412,BalancedZippelSeparated
fire7_nb0_rank1963,Automatic,1,ok,467.483,66,2,1,0,0,2305843009213693967:63;2305843009213693973:3,Symbolica_default,cached_powers_Q,15,12,0.304,BalancedZippelSeparated
fire7_nb0_rank1964,Automatic,1,ok,465.063,67,2,1,0,0,2305843009213693967:64;2305843009213693973:3,Symbolica_default,cached_powers_Q,16,9,0.296,BalancedZippelSeparated
fire7_nb0_rank1965,Automatic,1,ok,511.773,96,2,1,0,0,2305843009213693967:93;2305843009213693973:3,Symbolica_default,cached_powers_Q,5,24,0.267,BalancedZippelSeparated
fire7_nb0_rank1966,Automatic,1,ok,481.513,110,2,1,0,0,2305843009213693967:107;2305843009213693973:3,Symbolica_default,cached_powers_Q,5,24,0.281,BalancedZippelSeparated
fire7_nb0_rank1967,Automatic,1,ok,437.693,66,2,1,0,0,2305843009213693967:63;2305843009213693973:3,Symbolica_default,cached_powers_Q,18,8,0.274,BalancedZippelSeparated
fire7_nb0_rank1968,Automatic,1,ok,491.133,77,2,1,0,0,2305843009213693967:74;2305843009213693973:3,Symbolica_default,cached_powers_Q,18,10,0.401,BalancedZippelSeparated
fire7_nb0_rank1969,Automatic,1,ok,343.212,71,2,1,0,0,2305843009213693967:68;2305843009213693973:3,Symbolica_default,cached_powers_Q,20,9,0.317,BalancedZippelSeparated
fire7_nb0_rank1970,Automatic,1,ok,512.833,71,2,1,0,0,2305843009213693967:68;2305843009213693973:3,Symbolica_default,cached_powers_Q,20,9,0.474,BalancedZippelSeparated
fire7_nb0_rank1971,Automatic,1,ok,475.382,71,2,1,0,0,2305843009213693967:68;2305843009213693973:3,Symbolica_default,cached_powers_Q,20,9,0.273,BalancedZippelSeparated
fire7_nb0_rank1972,Automatic,1,ok,336.612,71,2,1,0,0,2305843009213693967:68;2305843009213693973:3,Symbolica_default,cached_powers_Q,20,9,0.385,BalancedZippelSeparated
fire7_nb0_rank1973,Automatic,1,ok,453.612,71,2,1,0,0,2305843009213693967:68;2305843009213693973:3,Symbolica_default,cached_powers_Q,20,9,0.265,BalancedZippelSeparated
fire7_nb0_rank1974,Automatic,1,ok,470.273,79,2,1,0,0,2305843009213693967:76;2305843009213693973:3,Symbolica_default,cached_powers_Q,15,10,0.258,BalancedZippelSeparated
fire7_nb0_rank1975,Automatic,1,ok,343.442,80,2,1,0,0,2305843009213693967:77;2305843009213693973:3,Symbolica_default,cached_powers_Q,15,10,0.258,BalancedZippelSeparated
fire7_nb0_rank1976,Automatic,1,ok,428.382,84,2,1,0,0,2305843009213693967:81;2305843009213693973:3,Symbolica_default,cached_powers_Q,24,4,0.263,BalancedZippelSeparated
fire7_nb0_rank1977,Automatic,1,ok,329.182,88,2,1,0,0,2305843009213693967:85;2305843009213693973:3,Symbolica_default,cached_powers_Q,12,18,0.288,BalancedZippelSeparated
fire7_nb0_rank1978,Automatic,1,ok,643.603,65,2,1,0,0,2305843009213693967:62;2305843009213693973:3,Symbolica_default,cached_powers_Q,16,9,0.273,BalancedZippelSeparated
fire7_nb0_rank1979,Automatic,1,ok,319.251,72,2,1,0,0,2305843009213693967:69;2305843009213693973:3,Symbolica_default,cached_powers_Q,15,10,0.314,BalancedZippelSeparated
fire7_nb0_rank1980,Automatic,1,ok,500.943,81,2,1,0,0,2305843009213693967:78;2305843009213693973:3,Symbolica_default,cached_powers_Q,15,15,0.269,BalancedZippelSeparated
fire7_nb0_rank1981,Automatic,1,ok,457.443,88,2,1,0,0,2305843009213693967:85;2305843009213693973:3,Symbolica_default,cached_powers_Q,12,18,0.398,BalancedZippelSeparated
fire7_nb0_rank1982,Automatic,1,ok,467.993,83,2,1,0,0,2305843009213693967:80;2305843009213693973:3,Symbolica_default,cached_powers_Q,12,18,0.290,BalancedZippelSeparated
fire7_nb0_rank1983,Automatic,1,ok,411.082,68,2,1,0,0,2305843009213693967:65;2305843009213693973:3,Symbolica_default,cached_powers_Q,13,10,0.394,BalancedZippelSeparated
fire7_nb0_rank1984,Automatic,1,ok,293.942,69,2,1,0,0,2305843009213693967:66;2305843009213693973:3,Symbolica_default,cached_powers_Q,20,6,0.345,BalancedZippelSeparated
fire7_nb0_rank1985,Automatic,1,ok,403.813,69,2,1,0,0,2305843009213693967:66;2305843009213693973:3,Symbolica_default,cached_powers_Q,20,6,0.235,BalancedZippelSeparated
fire7_nb0_rank1986,Automatic,1,ok,438.853,70,2,1,0,0,2305843009213693967:67;2305843009213693973:3,Symbolica_default,cached_powers_Q,20,9,0.242,BalancedZippelSeparated
fire7_nb0_rank1987,Automatic,1,ok,306.602,68,2,1,0,0,2305843009213693967:65;2305843009213693973:3,Symbolica_default,cached_powers_Q,20,9,0.243,BalancedZippelSeparated
fire7_nb0_rank1988,Automatic,1,ok,521.372,68,2,1,0,0,2305843009213693967:65;2305843009213693973:3,Symbolica_default,cached_powers_Q,20,9,0.250,BalancedZippelSeparated
fire7_nb0_rank1989,Automatic,1,ok,306.962,75,2,1,0,0,2305843009213693967:72;2305843009213693973:3,Symbolica_default,cached_powers_Q,10,15,0.244,BalancedZippelSeparated
fire7_nb0_rank1990,Automatic,1,ok,437.173,80,2,1,0,0,2305843009213693967:77;2305843009213693973:3,Symbolica_default,cached_powers_Q,4,27,0.414,BalancedZippelSeparated
fire7_nb0_rank1991,Automatic,1,ok,384.592,92,2,1,0,0,2305843009213693967:89;2305843009213693973:3,Symbolica_default,cached_powers_Q,18,14,0.266,BalancedZippelSeparated
fire7_nb0_rank1992,Automatic,1,ok,503.723,82,2,1,0,0,2305843009213693967:79;2305843009213693973:3,Symbolica_default,cached_powers_Q,18,12,0.394,BalancedZippelSeparated
fire7_nb0_rank1993,Automatic,1,ok,413.343,67,2,1,0,0,2305843009213693967:64;2305843009213693973:3,Symbolica_default,cached_powers_Q,15,9,0.240,BalancedZippelSeparated
fire7_nb0_rank1994,Automatic,1,ok,294.542,72,2,1,0,0,2305843009213693967:69;2305843009213693973:3,Symbolica_default,cached_powers_Q,12,9,0.242,BalancedZippelSeparated
fire7_nb0_rank1995,Automatic,1,ok,303.172,68,2,1,0,0,2305843009213693967:65;2305843009213693973:3,Symbolica_default,cached_powers_Q,20,6,0.220,BalancedZippelSeparated
fire7_nb0_rank1996,Automatic,1,ok,441.943,61,2,1,0,0,2305843009213693967:58;2305843009213693973:3,Symbolica_default,cached_powers_Q,12,10,0.380,BalancedZippelSeparated
fire7_nb0_rank1997,Automatic,1,ok,494.393,71,2,1,0,0,2305843009213693967:68;2305843009213693973:3,Symbolica_default,cached_powers_Q,19,9,0.265,BalancedZippelSeparated
fire7_nb0_rank1998,Automatic,1,ok,255.302,69,2,1,0,0,2305843009213693967:66;2305843009213693973:3,Symbolica_default,cached_powers_Q,17,5,0.230,BalancedZippelSeparated
fire7_nb0_rank1999,Automatic,1,ok,276.912,80,2,1,0,0,2305843009213693967:77;2305843009213693973:3,Symbolica_default,cached_powers_Q,4,27,0.368,BalancedZippelSeparated
fire7_nb0_rank2000,Automatic,1,ok,332.782,71,2,1,0,0,2305843009213693967:68;2305843009213693973:3,Symbolica_default,cached_powers_Q,19,9,0.422,BalancedZippelSeparated
fire7_nb0_rank2001,Automatic,1,ok,483.103,80,2,1,0,0,2305843009213693967:77;2305843009213693973:3,Symbolica_default,cached_powers_Q,11,21,0.388,BalancedZippelSeparated
fire7_nb0_rank2002,Automatic,1,ok,361.352,82,2,1,0,0,2305843009213693967:79;2305843009213693973:3,Symbolica_default,cached_powers_Q,18,12,0.271,BalancedZippelSeparated
fire7_nb0_rank2003,Automatic,1,ok,318.162,81,2,1,0,0,2305843009213693967:78;2305843009213693973:3,Symbolica_default,cached_powers_Q,12,18,0.265,BalancedZippelSeparated
fire7_nb0_rank2004,Automatic,1,ok,517.392,97,2,1,0,0,2305843009213693967:94;2305843009213693973:3,Symbolica_default,cached_powers_Q,12,18,0.247,BalancedZippelSeparated
fire7_nb0_rank2005,Automatic,1,ok,492.503,80,2,1,0,0,2305843009213693967:77;2305843009213693973:3,Symbolica_default,cached_powers_Q,19,6,0.218,BalancedZippelSeparated
fire7_nb0_rank2006,Automatic,1,ok,444.233,68,2,1,0,0,2305843009213693967:65;2305843009213693973:3,Symbolica_default,cached_powers_Q,19,6,0.228,BalancedZippelSeparated
fire7_nb0_rank2007,Automatic,1,ok,332.091,77,2,1,0,0,2305843009213693967:74;2305843009213693973:3,Symbolica_default,cached_powers_Q,24,6,0.244,BalancedZippelSeparated
fire7_nb0_rank2008,Automatic,1,ok,293.402,68,2,1,0,0,2305843009213693967:65;2305843009213693973:3,Symbolica_default,cached_powers_Q,20,6,0.229,BalancedZippelSeparated
fire7_nb0_rank2009,Automatic,1,ok,536.883,69,2,1,0,0,2305843009213693967:66;2305843009213693973:3,Symbolica_default,cached_powers_Q,19,9,0.240,BalancedZippelSeparated
fire7_nb0_rank2010,Automatic,1,ok,324.862,69,2,1,0,0,2305843009213693967:66;2305843009213693973:3,Symbolica_default,cached_powers_Q,19,9,0.247,BalancedZippelSeparated
fire7_nb0_rank2011,Automatic,1,ok,518.983,87,2,1,0,0,2305843009213693967:84;2305843009213693973:3,Symbolica_default,cached_powers_Q,12,18,0.215,BalancedZippelSeparated
fire7_nb0_rank2012,Automatic,1,ok,272.832,68,2,1,0,0,2305843009213693967:65;2305843009213693973:3,Symbolica_default,cached_powers_Q,15,9,0.251,BalancedZippelSeparated
fire7_nb0_rank2013,Automatic,1,ok,491.222,69,2,1,0,0,2305843009213693967:66;2305843009213693973:3,Symbolica_default,cached_powers_Q,19,9,0.272,BalancedZippelSeparated
fire7_nb0_rank2014,Automatic,1,ok,300.471,68,2,1,0,0,2305843009213693967:65;2305843009213693973:3,Symbolica_default,cached_powers_Q,15,9,0.288,BalancedZippelSeparated
fire7_nb0_rank2015,Automatic,1,ok,310.882,71,2,1,0,0,2305843009213693967:68;2305843009213693973:3,Symbolica_default,cached_powers_Q,19,9,0.426,BalancedZippelSeparated
fire7_nb0_rank2016,Automatic,1,ok,334.842,73,2,1,0,0,2305843009213693967:70;2305843009213693973:3,Symbolica_default,cached_powers_Q,16,10,0.391,BalancedZippelSeparated
fire7_nb0_rank2017,Automatic,1,ok,483.703,87,2,1,0,0,2305843009213693967:84;2305843009213693973:3,Symbolica_default,cached_powers_Q,12,18,0.236,BalancedZippelSeparated
fire7_nb0_rank2018,Automatic,1,ok,498.603,82,2,1,0,0,2305843009213693967:79;2305843009213693973:3,Symbolica_default,cached_powers_Q,12,18,0.235,BalancedZippelSeparated
fire7_nb0_rank2019,Automatic,1,ok,312.151,68,2,1,0,0,2305843009213693967:65;2305843009213693973:3,Symbolica_default,cached_powers_Q,19,6,0.250,BalancedZippelSeparated
fire7_nb0_rank2020,Automatic,1,ok,340.291,77,2,1,0,0,2305843009213693967:74;2305843009213693973:3,Symbolica_default,cached_powers_Q,16,10,0.259,BalancedZippelSeparated
fire7_nb0_rank2021,Automatic,1,ok,522.863,77,2,1,0,0,2305843009213693967:74;2305843009213693973:3,Symbolica_default,cached_powers_Q,12,18,0.288,BalancedZippelSeparated
fire7_nb0_rank2022,Automatic,1,ok,487.303,79,2,1,0,0,2305843009213693967:76;2305843009213693973:3,Symbolica_default,cached_powers_Q,21,6,0.258,BalancedZippelSeparated
fire7_nb0_rank2023,Automatic,1,ok,504.903,87,2,1,0,0,2305843009213693967:84;2305843009213693973:3,Symbolica_default,cached_powers_Q,17,14,0.305,BalancedZippelSeparated
fire7_nb0_rank2024,Automatic,1,ok,360.673,71,2,1,0,0,2305843009213693967:68;2305843009213693973:3,Symbolica_default,cached_powers_Q,10,15,0.286,BalancedZippelSeparated
fire7_nb0_rank2025,Automatic,1,ok,453.003,90,2,1,0,0,2305843009213693967:87;2305843009213693973:3,Symbolica_default,cached_powers_Q,20,6,0.230,BalancedZippelSeparated
fire7_nb0_rank2026,Automatic,1,ok,558.344,79,2,1,0,0,2305843009213693967:76;2305843009213693973:3,Symbolica_default,cached_powers_Q,21,6,0.448,BalancedZippelSeparated
fire7_nb0_rank2027,Automatic,1,ok,398.782,62,2,1,0,0,2305843009213693967:59;2305843009213693973:3,Symbolica_default,cached_powers_Q,24,4,0.246,BalancedZippelSeparated
fire7_nb0_rank2028,Automatic,1,ok,288.762,64,2,1,0,0,2305843009213693967:61;2305843009213693973:3,Symbolica_default,cached_powers_Q,20,4,0.261,BalancedZippelSeparated
fire7_nb0_rank2029,Automatic,1,ok,284.081,66,2,1,0,0,2305843009213693967:63;2305843009213693973:3,Symbolica_default,cached_powers_Q,20,4,0.243,BalancedZippelSeparated
fire7_nb0_rank2030,Automatic,1,ok,339.582,69,2,1,0,0,2305843009213693967:66;2305843009213693973:3,Symbolica_default,cached_powers_Q,20,6,0.442,BalancedZippelSeparated
fire7_nb0_rank2031,Automatic,1,ok,383.373,82,2,1,0,0,2305843009213693967:79;2305843009213693973:3,Symbolica_default,cached_powers_Q,18,12,0.313,BalancedZippelSeparated
fire7_nb0_rank2032,Automatic,1,ok,485.053,64,2,1,0,0,2305843009213693967:61;2305843009213693973:3,Symbolica_default,cached_powers_Q,16,9,0.322,BalancedZippelSeparated
fire7_nb0_rank2033,Automatic,1,ok,535.593,96,2,1,0,0,2305843009213693967:93;2305843009213693973:3,Symbolica_default,cached_powers_Q,5,20,0.252,BalancedZippelSeparated
fire7_nb0_rank2034,Automatic,1,ok,486.173,71,2,1,0,0,2305843009213693967:68;2305843009213693973:3,Symbolica_default,cached_powers_Q,10,15,0.320,BalancedZippelSeparated
fire7_nb0_rank2035,Automatic,1,ok,356.253,73,2,1,0,0,2305843009213693967:70;2305843009213693973:3,Symbolica_default,cached_powers_Q,10,15,0.312,BalancedZippelSeparated
fire7_nb0_rank2036,Automatic,1,ok,345.192,71,2,1,0,0,2305843009213693967:68;2305843009213693973:3,Symbolica_default,cached_powers_Q,10,15,0.315,BalancedZippelSeparated
fire7_nb0_rank2037,Automatic,1,ok,440.393,54,2,1,0,0,2305843009213693967:51;2305843009213693973:3,Symbolica_default,cached_powers_Q,20,6,0.250,BalancedZippelSeparated
fire7_nb0_rank2038,Automatic,1,ok,270.441,56,2,1,0,0,2305843009213693967:53;2305843009213693973:3,Symbolica_default,cached_powers_Q,20,6,0.221,BalancedZippelSeparated
fire7_nb0_rank2039,Automatic,1,ok,324.752,73,2,1,0,0,2305843009213693967:70;2305843009213693973:3,Symbolica_default,cached_powers_Q,10,15,0.259,BalancedZippelSeparated
fire7_nb0_rank2040,Automatic,1,ok,481.893,75,2,1,0,0,2305843009213693967:72;2305843009213693973:3,Symbolica_default,cached_powers_Q,19,8,0.376,BalancedZippelSeparated
fire7_nb0_rank2041,Automatic,1,ok,340.631,85,2,1,0,0,2305843009213693967:82;2305843009213693973:3,Symbolica_default,cached_powers_Q,20,6,0.238,BalancedZippelSeparated
fire7_nb0_rank2042,Automatic,1,ok,324.402,71,2,1,0,0,2305843009213693967:68;2305843009213693973:3,Symbolica_default,cached_powers_Q,20,6,0.371,BalancedZippelSeparated
fire7_nb0_rank2043,Automatic,1,ok,331.462,80,2,1,0,0,2305843009213693967:77;2305843009213693973:3,Symbolica_default,cached_powers_Q,12,18,0.383,BalancedZippelSeparated
fire7_nb0_rank2044,Automatic,1,ok,286.252,71,2,1,0,0,2305843009213693967:68;2305843009213693973:3,Symbolica_default,cached_powers_Q,15,6,0.225,BalancedZippelSeparated
fire7_nb0_rank2045,Automatic,1,ok,451.622,65,2,1,0,0,2305843009213693967:62;2305843009213693973:3,Symbolica_default,cached_powers_Q,16,10,0.454,BalancedZippelSeparated
fire7_nb0_rank2046,Automatic,1,ok,367.452,79,2,1,0,0,2305843009213693967:76;2305843009213693973:3,Symbolica_default,cached_powers_Q,20,6,0.359,BalancedZippelSeparated
fire7_nb0_rank2047,Automatic,1,ok,532.223,114,2,1,0,0,2305843009213693967:111;2305843009213693973:3,Symbolica_default,cached_powers_Q,21,7,0.373,BalancedZippelSeparated
fire7_nb0_rank2048,Automatic,1,ok,468.003,61,2,1,0,0,2305843009213693967:58;2305843009213693973:3,Symbolica_default,cached_powers_Q,12,15,0.219,BalancedZippelSeparated
fire7_nb0_rank2049,Automatic,1,ok,415.322,75,2,1,0,0,2305843009213693967:72;2305843009213693973:3,Symbolica_default,cached_powers_Q,24,4,0.260,BalancedZippelSeparated
fire7_nb0_rank2050,Automatic,1,ok,283.542,71,2,1,0,0,2305843009213693967:68;2305843009213693973:3,Symbolica_default,cached_powers_Q,15,6,0.193,BalancedZippelSeparated
fire7_nb0_rank2051,Automatic,1,ok,292.982,69,2,1,0,0,2305843009213693967:66;2305843009213693973:3,Symbolica_default,cached_powers_Q,19,9,0.232,BalancedZippelSeparated
fire7_nb0_rank2052,Automatic,1,ok,268.441,63,2,1,0,0,2305843009213693967:60;2305843009213693973:3,Symbolica_default,cached_powers_Q,15,12,0.226,BalancedZippelSeparated
fire7_nb0_rank2053,Automatic,1,ok,509.723,79,2,1,0,0,2305843009213693967:76;2305843009213693973:3,Symbolica_default,cached_powers_Q,21,6,0.350,BalancedZippelSeparated
fire7_nb0_rank2054,Automatic,1,ok,431.892,66,2,1,0,0,2305843009213693967:63;2305843009213693973:3,Symbolica_default,cached_powers_Q,20,6,0.213,BalancedZippelSeparated
fire7_nb0_rank2055,Automatic,1,ok,285.612,78,2,1,0,0,2305843009213693967:75;2305843009213693973:3,Symbolica_default,cached_powers_Q,21,4,0.205,BalancedZippelSeparated
fire7_nb0_rank2056,Automatic,1,ok,499.693,78,2,1,0,0,2305843009213693967:75;2305843009213693973:3,Symbolica_default,cached_powers_Q,18,10,0.256,BalancedZippelSeparated
fire7_nb0_rank2057,Automatic,1,ok,306.542,67,2,1,0,0,2305843009213693967:64;2305843009213693973:3,Symbolica_default,cached_powers_Q,16,6,0.238,BalancedZippelSeparated
fire7_nb0_rank2058,Automatic,1,ok,354.613,76,2,1,0,0,2305843009213693967:73;2305843009213693973:3,Symbolica_default,cached_powers_Q,18,10,0.246,BalancedZippelSeparated
fire7_nb0_rank2059,Automatic,1,ok,324.422,73,2,1,0,0,2305843009213693967:70;2305843009213693973:3,Symbolica_default,cached_powers_Q,21,6,0.396,BalancedZippelSeparated
fire7_nb0_rank2060,Automatic,1,ok,287.042,69,2,1,0,0,2305843009213693967:66;2305843009213693973:3,Symbolica_default,cached_powers_Q,19,9,0.370,BalancedZippelSeparated
fire7_nb0_rank2061,Automatic,1,ok,370.482,97,2,1,0,0,2305843009213693967:94;2305843009213693973:3,Symbolica_default,cached_powers_Q,11,18,0.387,BalancedZippelSeparated
fire7_nb0_rank2062,Automatic,1,ok,606.463,108,2,1,0,0,2305843009213693967:105;2305843009213693973:3,Symbolica_default,cached_powers_Q,23,4,0.278,BalancedZippelSeparated
fire7_nb0_rank2063,Automatic,1,ok,329.921,69,2,1,0,0,2305843009213693967:66;2305843009213693973:3,Symbolica_default,cached_powers_Q,20,6,0.261,BalancedZippelSeparated
fire7_nb0_rank2064,Automatic,1,ok,309.831,65,2,1,0,0,2305843009213693967:62;2305843009213693973:3,Symbolica_default,cached_powers_Q,16,9,0.409,BalancedZippelSeparated
fire7_nb0_rank2065,Automatic,1,ok,392.472,61,2,1,0,0,2305843009213693967:58;2305843009213693973:3,Symbolica_default,cached_powers_Q,11,10,0.388,BalancedZippelSeparated
fire7_nb0_rank2066,Automatic,1,ok,548.503,92,2,1,0,0,2305843009213693967:89;2305843009213693973:3,Symbolica_default,cached_powers_Q,12,18,0.331,BalancedZippelSeparated
fire7_nb0_rank2067,Automatic,1,ok,302.382,73,2,1,0,0,2305843009213693967:70;2305843009213693973:3,Symbolica_default,cached_powers_Q,21,6,0.270,BalancedZippelSeparated
fire7_nb0_rank2068,Automatic,1,ok,495.723,85,2,1,0,0,2305843009213693967:82;2305843009213693973:3,Symbolica_default,cached_powers_Q,15,14,0.376,BalancedZippelSeparated
fire7_nb0_rank2069,Automatic,1,ok,339.082,73,2,1,0,0,2305843009213693967:70;2305843009213693973:3,Symbolica_default,cached_powers_Q,10,15,0.305,BalancedZippelSeparated
fire7_nb0_rank2070,Automatic,1,ok,338.142,80,2,1,0,0,2305843009213693967:77;2305843009213693973:3,Symbolica_default,cached_powers_Q,21,6,0.263,BalancedZippelSeparated
fire7_nb0_rank2071,Automatic,1,ok,266.822,61,2,1,0,0,2305843009213693967:58;2305843009213693973:3,Symbolica_default,cached_powers_Q,11,10,0.256,BalancedZippelSeparated
fire7_nb0_rank2072,Automatic,1,ok,524.823,79,2,1,0,0,2305843009213693967:76;2305843009213693973:3,Symbolica_default,cached_powers_Q,20,6,0.263,BalancedZippelSeparated
fire7_nb0_rank2073,Automatic,1,ok,354.762,80,2,1,0,0,2305843009213693967:77;2305843009213693973:3,Symbolica_default,cached_powers_Q,16,12,0.281,BalancedZippelSeparated
fire7_nb0_rank2074,Automatic,1,ok,451.402,69,2,1,0,0,2305843009213693967:66;2305843009213693973:3,Symbolica_default,cached_powers_Q,12,15,0.265,BalancedZippelSeparated
fire7_nb0_rank2075,Automatic,1,ok,321.852,65,2,1,0,0,2305843009213693967:62;2305843009213693973:3,Symbolica_default,cached_powers_Q,15,9,0.375,BalancedZippelSeparated
fire7_nb0_rank2076,Automatic,1,ok,289.691,65,2,1,0,0,2305843009213693967:62;2305843009213693973:3,Symbolica_default,cached_powers_Q,15,9,0.394,BalancedZippelSeparated
fire7_nb0_rank2077,Automatic,1,ok,442.202,71,2,1,0,0,2305843009213693967:68;2305843009213693973:3,Symbolica_default,cached_powers_Q,15,10,0.362,BalancedZippelSeparated
fire7_nb0_rank2078,Automatic,1,ok,305.162,63,2,1,0,0,2305843009213693967:60;2305843009213693973:3,Symbolica_default,cached_powers_Q,12,15,0.213,BalancedZippelSeparated
fire7_nb0_rank2079,Automatic,1,ok,268.542,68,2,1,0,0,2305843009213693967:65;2305843009213693973:3,Symbolica_default,cached_powers_Q,14,9,0.262,BalancedZippelSeparated
fire7_nb0_rank2080,Automatic,1,ok,278.382,68,2,1,0,0,2305843009213693967:65;2305843009213693973:3,Symbolica_default,cached_powers_Q,14,9,0.256,BalancedZippelSeparated
fire7_nb0_rank2081,Automatic,1,ok,260.852,64,2,1,0,0,2305843009213693967:61;2305843009213693973:3,Symbolica_default,cached_powers_Q,20,3,0.230,BalancedZippelSeparated
fire7_nb0_rank2082,Automatic,1,ok,365.022,84,2,1,0,0,2305843009213693967:81;2305843009213693973:3,Symbolica_default,cached_powers_Q,12,14,0.271,BalancedZippelSeparated
fire7_nb0_rank2083,Automatic,1,ok,283.322,62,2,1,0,0,2305843009213693967:59;2305843009213693973:3,Symbolica_default,cached_powers_Q,10,12,0.351,BalancedZippelSeparated
fire7_nb0_rank2084,Automatic,1,ok,423.103,78,2,1,0,0,2305843009213693967:75;2305843009213693973:3,Symbolica_default,cached_powers_Q,21,3,0.337,BalancedZippelSeparated
fire7_nb0_rank2085,Automatic,1,ok,412.233,66,2,1,0,0,2305843009213693967:63;2305843009213693973:3,Symbolica_default,cached_powers_Q,15,9,0.341,BalancedZippelSeparated
fire7_nb0_rank2086,Automatic,1,ok,483.813,73,2,1,0,0,2305843009213693967:70;2305843009213693973:3,Symbolica_default,cached_powers_Q,16,10,0.354,BalancedZippelSeparated
fire7_nb0_rank2087,Automatic,1,ok,366.412,66,2,1,0,0,2305843009213693967:63;2305843009213693973:3,Symbolica_default,cached_powers_Q,20,3,0.216,BalancedZippelSeparated
fire7_nb0_rank2088,Automatic,1,ok,319.641,71,2,1,0,0,2305843009213693967:68;2305843009213693973:3,Symbolica_default,cached_powers_Q,15,10,0.248,BalancedZippelSeparated
fire7_nb0_rank2089,Automatic,1,ok,490.522,72,2,1,0,0,2305843009213693967:69;2305843009213693973:3,Symbolica_default,cached_powers_Q,18,6,0.403,BalancedZippelSeparated
fire7_nb0_rank2090,Automatic,1,ok,417.882,62,2,1,0,0,2305843009213693967:59;2305843009213693973:3,Symbolica_default,cached_powers_Q,10,12,0.381,BalancedZippelSeparated
fire7_nb0_rank2091,Automatic,1,ok,427.512,65,2,1,0,0,2305843009213693967:62;2305843009213693973:3,Symbolica_default,cached_powers_Q,15,9,0.400,BalancedZippelSeparated
fire7_nb0_rank2092,Automatic,1,ok,296.652,65,2,1,0,0,2305843009213693967:62;2305843009213693973:3,Symbolica_default,cached_powers_Q,15,9,0.253,BalancedZippelSeparated
fire7_nb0_rank2093,Automatic,1,ok,352.622,63,2,1,0,0,2305843009213693967:60;2305843009213693973:3,Symbolica_default,cached_powers_Q,12,10,0.278,BalancedZippelSeparated
fire7_nb0_rank2094,Automatic,1,ok,517.813,79,2,1,0,0,2305843009213693967:76;2305843009213693973:3,Symbolica_default,cached_powers_Q,18,10,0.257,BalancedZippelSeparated
fire7_nb0_rank2095,Automatic,1,ok,270.712,61,2,1,0,0,2305843009213693967:58;2305843009213693973:3,Symbolica_default,cached_powers_Q,12,8,0.376,BalancedZippelSeparated
fire7_nb0_rank2096,Automatic,1,ok,278.352,57,2,1,0,0,2305843009213693967:54;2305843009213693973:3,Symbolica_default,cached_powers_Q,12,15,0.252,BalancedZippelSeparated
fire7_nb0_rank2097,Automatic,1,ok,248.242,67,2,1,0,0,2305843009213693967:64;2305843009213693973:3,Symbolica_default,cached_powers_Q,20,5,0.369,BalancedZippelSeparated
fire7_nb0_rank2098,Automatic,1,ok,287.901,61,2,1,0,0,2305843009213693967:58;2305843009213693973:3,Symbolica_default,cached_powers_Q,16,6,0.208,BalancedZippelSeparated
fire7_nb0_rank2099,Automatic,1,ok,452.112,69,2,1,0,0,2305843009213693967:66;2305843009213693973:3,Symbolica_default,cached_powers_Q,12,15,0.217,BalancedZippelSeparated
fire7_nb0_rank2100,Automatic,1,ok,302.502,73,2,1,0,0,2305843009213693967:70;2305843009213693973:3,Symbolica_default,cached_powers_Q,20,6,0.234,BalancedZippelSeparated
fire7_nb0_rank2101,Automatic,1,ok,448.543,67,2,1,0,0,2305843009213693967:64;2305843009213693973:3,Symbolica_default,cached_powers_Q,15,10,0.238,BalancedZippelSeparated
fire7_nb0_rank2102,Automatic,1,ok,228.151,64,2,1,0,0,2305843009213693967:61;2305843009213693973:3,Symbolica_default,cached_powers_Q,20,3,0.212,BalancedZippelSeparated
fire7_nb0_rank2103,Automatic,1,ok,480.893,64,2,1,0,0,2305843009213693967:61;2305843009213693973:3,Symbolica_default,cached_powers_Q,15,9,0.397,BalancedZippelSeparated
fire7_nb0_rank2104,Automatic,1,ok,384.202,90,2,1,0,0,2305843009213693967:87;2305843009213693973:3,Symbolica_default,cached_powers_Q,18,6,0.237,BalancedZippelSeparated
fire7_nb0_rank2105,Automatic,1,ok,319.742,73,2,1,0,0,2305843009213693967:70;2305843009213693973:3,Symbolica_default,cached_powers_Q,20,6,0.238,BalancedZippelSeparated
fire7_nb0_rank2106,Automatic,1,ok,324.282,71,2,1,0,0,2305843009213693967:68;2305843009213693973:3,Symbolica_default,cached_powers_Q,15,10,0.341,BalancedZippelSeparated
fire7_nb0_rank2107,Automatic,1,ok,289.562,63,2,1,0,0,2305843009213693967:60;2305843009213693973:3,Symbolica_default,cached_powers_Q,15,9,0.239,BalancedZippelSeparated
fire7_nb0_rank2108,Automatic,1,ok,490.283,77,2,1,0,0,2305843009213693967:74;2305843009213693973:3,Symbolica_default,cached_powers_Q,18,10,0.371,BalancedZippelSeparated
fire7_nb0_rank2109,Automatic,1,ok,341.082,77,2,1,0,0,2305843009213693967:74;2305843009213693973:3,Symbolica_default,cached_powers_Q,17,10,0.263,BalancedZippelSeparated
fire7_nb0_rank2110,Automatic,1,ok,356.631,78,2,1,0,0,2305843009213693967:75;2305843009213693973:3,Symbolica_default,cached_powers_Q,12,12,0.274,BalancedZippelSeparated
fire7_nb0_rank2111,Automatic,1,ok,454.443,69,2,1,0,0,2305843009213693967:66;2305843009213693973:3,Symbolica_default,cached_powers_Q,18,9,0.252,BalancedZippelSeparated
fire7_nb0_rank2112,Automatic,1,ok,293.231,62,2,1,0,0,2305843009213693967:59;2305843009213693973:3,Symbolica_default,cached_powers_Q,10,12,0.248,BalancedZippelSeparated
fire7_nb0_rank2113,Automatic,1,ok,321.981,69,2,1,0,0,2305843009213693967:66;2305843009213693973:3,Symbolica_default,cached_powers_Q,12,15,0.228,BalancedZippelSeparated
fire7_nb0_rank2114,Automatic,1,ok,358.502,73,2,1,0,0,2305843009213693967:70;2305843009213693973:3,Symbolica_default,cached_powers_Q,16,10,0.267,BalancedZippelSeparated
fire7_nb0_rank2115,Automatic,1,ok,306.622,67,2,1,0,0,2305843009213693967:64;2305843009213693973:3,Symbolica_default,cached_powers_Q,15,10,0.254,BalancedZippelSeparated
fire7_nb0_rank2116,Automatic,1,ok,283.042,62,2,1,0,0,2305843009213693967:59;2305843009213693973:3,Symbolica_default,cached_powers_Q,10,12,0.242,BalancedZippelSeparated
fire7_nb0_rank2117,Automatic,1,ok,538.013,71,2,1,0,0,2305843009213693967:68;2305843009213693973:3,Symbolica_default,cached_powers_Q,15,10,0.342,BalancedZippelSeparated
fire7_nb0_rank2118,Automatic,1,ok,328.572,71,2,1,0,0,2305843009213693967:68;2305843009213693973:3,Symbolica_default,cached_powers_Q,15,10,0.248,BalancedZippelSeparated
fire7_nb0_rank2119,Automatic,1,ok,307.611,62,2,1,0,0,2305843009213693967:59;2305843009213693973:3,Symbolica_default,cached_powers_Q,10,12,0.412,BalancedZippelSeparated
fire7_nb0_rank2120,Automatic,1,ok,748.584,77,2,1,0,0,2305843009213693967:74;2305843009213693973:3,Symbolica_default,cached_powers_Q,15,12,0.300,BalancedZippelSeparated
fire7_nb0_rank2121,Automatic,1,ok,381.152,70,2,1,0,0,2305843009213693967:67;2305843009213693973:3,Symbolica_default,cached_powers_Q,10,10,0.232,BalancedZippelSeparated
fire7_nb0_rank2122,Automatic,1,ok,437.312,69,2,1,0,0,2305843009213693967:66;2305843009213693973:3,Symbolica_default,cached_powers_Q,12,15,0.249,BalancedZippelSeparated
fire7_nb0_rank2123,Automatic,1,ok,526.463,74,2,1,0,0,2305843009213693967:71;2305843009213693973:3,Symbolica_default,cached_powers_Q,12,14,0.243,BalancedZippelSeparated
fire7_nb0_rank2124,Automatic,1,ok,471.193,67,2,1,0,0,2305843009213693967:64;2305843009213693973:3,Symbolica_default,cached_powers_Q,15,10,0.240,BalancedZippelSeparated
fire7_nb0_rank2125,Automatic,1,ok,481.423,84,2,1,0,0,2305843009213693967:81;2305843009213693973:3,Symbolica_default,cached_powers_Q,12,14,0.225,BalancedZippelSeparated
fire7_nb0_rank2126,Automatic,1,ok,524.203,74,2,1,0,0,2305843009213693967:71;2305843009213693973:3,Symbolica_default,cached_powers_Q,12,14,0.258,BalancedZippelSeparated
fire7_nb0_rank2127,Automatic,1,ok,431.573,67,2,1,0,0,2305843009213693967:64;2305843009213693973:3,Symbolica_default,cached_powers_Q,15,10,0.228,BalancedZippelSeparated
fire7_nb0_rank2128,Automatic,1,ok,317.282,71,2,1,0,0,2305843009213693967:68;2305843009213693973:3,Symbolica_default,cached_powers_Q,15,10,0.253,BalancedZippelSeparated
fire7_nb0_rank2129,Automatic,1,ok,244.592,69,2,1,0,0,2305843009213693967:66;2305843009213693973:3,Symbolica_default,cached_powers_Q,4,21,0.326,BalancedZippelSeparated
fire7_nb0_rank2130,Automatic,1,ok,413.023,68,2,1,0,0,2305843009213693967:65;2305843009213693973:3,Symbolica_default,cached_powers_Q,5,18,0.200,BalancedZippelSeparated
fire7_nb0_rank2131,Automatic,1,ok,253.761,68,2,1,0,0,2305843009213693967:65;2305843009213693973:3,Symbolica_default,cached_powers_Q,5,18,0.206,BalancedZippelSeparated
fire7_nb0_rank2132,Automatic,1,ok,530.414,69,2,1,0,0,2305843009213693967:66;2305843009213693973:3,Symbolica_default,cached_powers_Q,18,6,0.443,BalancedZippelSeparated
fire7_nb0_rank2133,Automatic,1,ok,321.322,67,2,1,0,0,2305843009213693967:64;2305843009213693973:3,Symbolica_default,cached_powers_Q,15,10,0.404,BalancedZippelSeparated
fire7_nb0_rank2134,Automatic,1,ok,254.671,63,2,1,0,0,2305843009213693967:60;2305843009213693973:3,Symbolica_default,cached_powers_Q,4,21,0.221,BalancedZippelSeparated
fire7_nb0_rank2135,Automatic,1,ok,294.642,69,2,1,0,0,2305843009213693967:66;2305843009213693973:3,Symbolica_default,cached_powers_Q,4,21,0.353,BalancedZippelSeparated
fire7_nb0_rank2136,Automatic,1,ok,469.403,71,2,1,0,0,2305843009213693967:68;2305843009213693973:3,Symbolica_default,cached_powers_Q,15,10,0.244,BalancedZippelSeparated
fire7_nb0_rank2137,Automatic,1,ok,352.692,77,2,1,0,0,2305843009213693967:74;2305843009213693973:3,Symbolica_default,cached_powers_Q,18,10,0.244,BalancedZippelSeparated
fire7_nb0_rank2138,Automatic,1,ok,338.622,81,2,1,0,0,2305843009213693967:78;2305843009213693973:3,Symbolica_default,cached_powers_Q,11,14,0.248,BalancedZippelSeparated
fire7_nb0_rank2139,Automatic,1,ok,421.803,63,2,1,0,0,2305843009213693967:60;2305843009213693973:3,Symbolica_default,cached_powers_Q,15,9,0.389,BalancedZippelSeparated
fire7_nb0_rank2140,Automatic,1,ok,411.322,64,2,1,0,0,2305843009213693967:61;2305843009213693973:3,Symbolica_default,cached_powers_Q,15,9,0.354,BalancedZippelSeparated
fire7_nb0_rank2141,Automatic,1,ok,412.972,65,2,1,0,0,2305843009213693967:62;2305843009213693973:3,Symbolica_default,cached_powers_Q,16,5,0.219,BalancedZippelSeparated
fire7_nb0_rank2142,Automatic,1,ok,394.422,69,2,1,0,0,2305843009213693967:66;2305843009213693973:3,Symbolica_default,cached_powers_Q,4,21,0.225,BalancedZippelSeparated
fire7_nb0_rank2143,Automatic,1,ok,289.792,67,2,1,0,0,2305843009213693967:64;2305843009213693973:3,Symbolica_default,cached_powers_Q,18,6,0.234,BalancedZippelSeparated
fire7_nb0_rank2144,Automatic,1,ok,441.873,64,2,1,0,0,2305843009213693967:61;2305843009213693973:3,Symbolica_default,cached_powers_Q,15,9,0.310,BalancedZippelSeparated
fire7_nb0_rank2145,Automatic,1,ok,494.952,85,2,1,0,0,2305843009213693967:82;2305843009213693973:3,Symbolica_default,cached_powers_Q,15,14,0.244,BalancedZippelSeparated
fire7_nb0_rank2146,Automatic,1,ok,252.201,69,2,1,0,0,2305843009213693967:66;2305843009213693973:3,Symbolica_default,cached_powers_Q,4,21,0.233,BalancedZippelSeparated
fire7_nb0_rank2147,Automatic,1,ok,369.832,63,2,1,0,0,2305843009213693967:60;2305843009213693973:3,Symbolica_default,cached_powers_Q,15,9,0.233,BalancedZippelSeparated
fire7_nb0_rank2148,Automatic,1,ok,342.492,66,2,1,0,0,2305843009213693967:63;2305843009213693973:3,Symbolica_default,cached_powers_Q,18,6,0.216,BalancedZippelSeparated
fire7_nb0_rank2149,Automatic,1,ok,489.053,72,2,1,0,0,2305843009213693967:69;2305843009213693973:3,Symbolica_default,cached_powers_Q,18,6,0.401,BalancedZippelSeparated
fire7_nb0_rank2150,Automatic,1,ok,278.312,65,2,1,0,0,2305843009213693967:62;2305843009213693973:3,Symbolica_default,cached_powers_Q,15,9,0.251,BalancedZippelSeparated
fire7_nb0_rank2151,Automatic,1,ok,450.113,115,2,1,0,0,2305843009213693967:112;2305843009213693973:3,Symbolica_default,cached_powers_Q,19,7,0.221,BalancedZippelSeparated
fire7_nb0_rank2152,Automatic,1,ok,288.771,71,2,1,0,0,2305843009213693967:68;2305843009213693973:3,Symbolica_default,cached_powers_Q,18,8,0.223,BalancedZippelSeparated
fire7_nb0_rank2153,Automatic,1,ok,324.052,97,2,1,0,0,2305843009213693967:94;2305843009213693973:3,Symbolica_default,cached_powers_Q,20,4,0.379,BalancedZippelSeparated
fire7_nb0_rank2154,Automatic,1,ok,447.403,62,2,1,0,0,2305843009213693967:59;2305843009213693973:3,Symbolica_default,cached_powers_Q,15,10,0.371,BalancedZippelSeparated
fire7_nb0_rank2155,Automatic,1,ok,494.953,67,2,1,0,0,2305843009213693967:64;2305843009213693973:3,Symbolica_default,cached_powers_Q,18,6,0.492,BalancedZippelSeparated
fire7_nb0_rank2156,Automatic,1,ok,332.202,68,2,1,0,0,2305843009213693967:65;2305843009213693973:3,Symbolica_default,cached_powers_Q,16,6,0.337,BalancedZippelSeparated
fire7_nb0_rank2157,Automatic,1,ok,291.182,66,2,1,0,0,2305843009213693967:63;2305843009213693973:3,Symbolica_default,cached_powers_Q,16,6,0.336,BalancedZippelSeparated
fire7_nb0_rank2158,Automatic,1,ok,307.272,67,2,1,0,0,2305843009213693967:64;2305843009213693973:3,Symbolica_default,cached_powers_Q,18,6,0.229,BalancedZippelSeparated
fire7_nb0_rank2159,Automatic,1,ok,328.452,84,2,1,0,0,2305843009213693967:81;2305843009213693973:3,Symbolica_default,cached_powers_Q,18,6,0.211,BalancedZippelSeparated
fire7_nb0_rank2160,Automatic,1,ok,340.532,70,2,1,0,0,2305843009213693967:67;2305843009213693973:3,Symbolica_default,cached_powers_Q,15,10,0.245,BalancedZippelSeparated
fire7_nb0_rank2161,Automatic,1,ok,431.812,69,2,1,0,0,2305843009213693967:66;2305843009213693973:3,Symbolica_default,cached_powers_Q,11,15,0.212,BalancedZippelSeparated
fire7_nb0_rank2162,Automatic,1,ok,487.963,81,2,1,0,0,2305843009213693967:78;2305843009213693973:3,Symbolica_default,cached_powers_Q,12,14,0.238,BalancedZippelSeparated
fire7_nb0_rank2163,Automatic,1,ok,257.241,64,2,1,0,0,2305843009213693967:61;2305843009213693973:3,Symbolica_default,cached_powers_Q,20,3,0.181,BalancedZippelSeparated
fire7_nb0_rank2164,Automatic,1,ok,330.472,76,2,1,0,0,2305843009213693967:73;2305843009213693973:3,Symbolica_default,cached_powers_Q,12,12,0.223,BalancedZippelSeparated
fire7_nb0_rank2165,Automatic,1,ok,303.992,64,2,1,0,0,2305843009213693967:61;2305843009213693973:3,Symbolica_default,cached_powers_Q,15,9,0.308,BalancedZippelSeparated
fire7_nb0_rank2166,Automatic,1,ok,497.153,70,2,1,0,0,2305843009213693967:67;2305843009213693973:3,Symbolica_default,cached_powers_Q,15,10,0.281,BalancedZippelSeparated
fire7_nb0_rank2167,Automatic,1,ok,354.302,79,2,1,0,0,2305843009213693967:76;2305843009213693973:3,Symbolica_default,cached_powers_Q,12,14,0.400,BalancedZippelSeparated
fire7_nb0_rank2168,Automatic,1,ok,376.112,66,2,1,0,0,2305843009213693967:63;2305843009213693973:3,Symbolica_default,cached_powers_Q,15,10,0.339,BalancedZippelSeparated
fire7_nb0_rank2169,Automatic,1,ok,404.272,64,2,1,0,0,2305843009213693967:61;2305843009213693973:3,Symbolica_default,cached_powers_Q,13,6,0.209,BalancedZippelSeparated
fire7_nb0_rank2170,Automatic,1,ok,248.801,64,2,1,0,0,2305843009213693967:61;2305843009213693973:3,Symbolica_default,cached_powers_Q,13,6,0.220,BalancedZippelSeparated
fire7_nb0_rank2171,Automatic,1,ok,550.904,85,2,1,0,0,2305843009213693967:82;2305843009213693973:3,Symbolica_default,cached_powers_Q,14,14,0.355,BalancedZippelSeparated
fire7_nb0_rank2172,Automatic,1,ok,470.943,76,2,1,0,0,2305843009213693967:73;2305843009213693973:3,Symbolica_default,cached_powers_Q,12,12,0.357,BalancedZippelSeparated
fire7_nb0_rank2173,Automatic,1,ok,463.513,70,2,1,0,0,2305843009213693967:67;2305843009213693973:3,Symbolica_default,cached_powers_Q,15,10,0.397,BalancedZippelSeparated
fire7_nb0_rank2174,Automatic,1,ok,406.063,66,2,1,0,0,2305843009213693967:63;2305843009213693973:3,Symbolica_default,cached_powers_Q,14,5,0.338,BalancedZippelSeparated
fire7_nb0_rank2175,Automatic,1,ok,286.122,67,2,1,0,0,2305843009213693967:64;2305843009213693973:3,Symbolica_default,cached_powers_Q,18,6,0.341,BalancedZippelSeparated
fire7_nb0_rank2176,Automatic,1,ok,462.143,75,2,1,0,0,2305843009213693967:72;2305843009213693973:3,Symbolica_default,cached_powers_Q,18,10,0.384,BalancedZippelSeparated
fire7_nb0_rank2177,Automatic,1,ok,387.542,66,2,1,0,0,2305843009213693967:63;2305843009213693973:3,Symbolica_default,cached_powers_Q,14,5,0.335,BalancedZippelSeparated
fire7_nb0_rank2178,Automatic,1,ok,359.033,57,2,1,0,0,2305843009213693967:54;2305843009213693973:3,Symbolica_default,cached_powers_Q,12,6,0.236,BalancedZippelSeparated
fire7_nb0_rank2179,Automatic,1,ok,372.372,80,2,1,0,0,2305843009213693967:77;2305843009213693973:3,Symbolica_default,cached_powers_Q,5,18,0.320,BalancedZippelSeparated
fire7_nb0_rank2180,Automatic,1,ok,329.552,76,2,1,0,0,2305843009213693967:73;2305843009213693973:3,Symbolica_default,cached_powers_Q,12,12,0.262,BalancedZippelSeparated
fire7_nb0_rank2181,Automatic,1,ok,352.832,64,2,1,0,0,2305843009213693967:61;2305843009213693973:3,Symbolica_default,cached_powers_Q,15,9,0.270,BalancedZippelSeparated
fire7_nb0_rank2182,Automatic,1,ok,452.943,70,2,1,0,0,2305843009213693967:67;2305843009213693973:3,Symbolica_default,cached_powers_Q,15,10,0.235,BalancedZippelSeparated
fire7_nb0_rank2183,Automatic,1,ok,466.543,82,2,1,0,0,2305843009213693967:79;2305843009213693973:3,Symbolica_default,cached_powers_Q,12,14,0.238,BalancedZippelSeparated
fire7_nb0_rank2184,Automatic,1,ok,308.232,73,2,1,0,0,2305843009213693967:70;2305843009213693973:3,Symbolica_default,cached_powers_Q,11,10,0.236,BalancedZippelSeparated
fire7_nb0_rank2185,Automatic,1,ok,513.914,59,2,1,0,0,2305843009213693967:56;2305843009213693973:3,Symbolica_default,cached_powers_Q,12,10,0.204,BalancedZippelSeparated
fire7_nb0_rank2186,Automatic,1,ok,303.592,66,2,1,0,0,2305843009213693967:63;2305843009213693973:3,Symbolica_default,cached_powers_Q,15,10,0.236,BalancedZippelSeparated
fire7_nb0_rank2187,Automatic,1,ok,331.232,70,2,1,0,0,2305843009213693967:67;2305843009213693973:3,Symbolica_default,cached_powers_Q,15,10,0.223,BalancedZippelSeparated
fire7_nb0_rank2188,Automatic,1,ok,443.423,68,2,1,0,0,2305843009213693967:65;2305843009213693973:3,Symbolica_default,cached_powers_Q,18,4,0.339,BalancedZippelSeparated
fire7_nb0_rank2189,Automatic,1,ok,418.242,62,2,1,0,0,2305843009213693967:59;2305843009213693973:3,Symbolica_default,cached_powers_Q,15,6,0.207,BalancedZippelSeparated
fire7_nb0_rank2190,Automatic,1,ok,306.162,62,2,1,0,0,2305843009213693967:59;2305843009213693973:3,Symbolica_default,cached_powers_Q,15,6,0.201,BalancedZippelSeparated
fire7_nb0_rank2191,Automatic,1,ok,330.932,66,2,1,0,0,2305843009213693967:63;2305843009213693973:3,Symbolica_default,cached_powers_Q,15,10,0.231,BalancedZippelSeparated
fire7_nb0_rank2192,Automatic,1,ok,281.312,71,2,1,0,0,2305843009213693967:68;2305843009213693973:3,Symbolica_default,cached_powers_Q,17,9,0.376,BalancedZippelSeparated
fire7_nb0_rank2193,Automatic,1,ok,403.762,64,2,1,0,0,2305843009213693967:61;2305843009213693973:3,Symbolica_default,cached_powers_Q,19,6,0.227,BalancedZippelSeparated
fire7_nb0_rank2194,Automatic,1,ok,480.363,62,2,1,0,0,2305843009213693967:59;2305843009213693973:3,Symbolica_default,cached_powers_Q,12,10,0.449,BalancedZippelSeparated
fire7_nb0_rank2195,Automatic,1,ok,272.212,62,2,1,0,0,2305843009213693967:59;2305843009213693973:3,Symbolica_default,cached_powers_Q,15,6,0.236,BalancedZippelSeparated
fire7_nb0_rank2196,Automatic,1,ok,298.302,62,2,1,0,0,2305843009213693967:59;2305843009213693973:3,Symbolica_default,cached_powers_Q,15,6,0.338,BalancedZippelSeparated
fire7_nb0_rank2197,Automatic,1,ok,275.351,60,2,1,0,0,2305843009213693967:57;2305843009213693973:3,Symbolica_default,cached_powers_Q,10,12,0.376,BalancedZippelSeparated
fire7_nb0_rank2198,Automatic,1,ok,276.962,62,2,1,0,0,2305843009213693967:59;2305843009213693973:3,Symbolica_default,cached_powers_Q,15,6,0.223,BalancedZippelSeparated
fire7_nb0_rank2199,Automatic,1,ok,403.453,62,2,1,0,0,2305843009213693967:59;2305843009213693973:3,Symbolica_default,cached_powers_Q,15,6,0.351,BalancedZippelSeparated
fire7_nb0_rank2200,Automatic,1,ok,346.782,56,2,1,0,0,2305843009213693967:53;2305843009213693973:3,Symbolica_default,cached_powers_Q,10,10,0.244,BalancedZippelSeparated
fire7_nb0_rank2201,Automatic,1,ok,308.662,56,2,1,0,0,2305843009213693967:53;2305843009213693973:3,Symbolica_default,cached_powers_Q,10,10,0.352,BalancedZippelSeparated
fire7_nb0_rank2202,Automatic,1,ok,301.622,64,2,1,0,0,2305843009213693967:61;2305843009213693973:3,Symbolica_default,cached_powers_Q,19,6,0.256,BalancedZippelSeparated
fire7_nb0_rank2203,Automatic,1,ok,304.332,58,2,1,0,0,2305843009213693967:55;2305843009213693973:3,Symbolica_default,cached_powers_Q,15,8,0.277,BalancedZippelSeparated
fire7_nb0_rank2204,Automatic,1,ok,324.682,66,2,1,0,0,2305843009213693967:63;2305843009213693973:3,Symbolica_default,cached_powers_Q,15,10,0.240,BalancedZippelSeparated
fire7_nb0_rank2205,Automatic,1,ok,349.382,63,2,1,0,0,2305843009213693967:60;2305843009213693973:3,Symbolica_default,cached_powers_Q,14,9,0.333,BalancedZippelSeparated
fire7_nb0_rank2206,Automatic,1,ok,443.452,65,2,1,0,0,2305843009213693967:62;2305843009213693973:3,Symbolica_default,cached_powers_Q,14,9,0.278,BalancedZippelSeparated
fire7_nb0_rank2207,Automatic,1,ok,310.052,60,2,1,0,0,2305843009213693967:57;2305843009213693973:3,Symbolica_default,cached_powers_Q,10,12,0.313,BalancedZippelSeparated
fire7_nb0_rank2208,Automatic,1,ok,268.761,60,2,1,0,0,2305843009213693967:57;2305843009213693973:3,Symbolica_default,cached_powers_Q,10,12,0.261,BalancedZippelSeparated
fire7_nb0_rank2209,Automatic,1,ok,379.533,62,2,1,0,0,2305843009213693967:59;2305843009213693973:3,Symbolica_default,cached_powers_Q,5,15,0.254,BalancedZippelSeparated
fire7_nb0_rank2210,Automatic,1,ok,295.332,63,2,1,0,0,2305843009213693967:60;2305843009213693973:3,Symbolica_default,cached_powers_Q,14,9,0.245,BalancedZippelSeparated
fire7_nb0_rank2211,Automatic,1,ok,288.511,63,2,1,0,0,2305843009213693967:60;2305843009213693973:3,Symbolica_default,cached_powers_Q,14,9,0.207,BalancedZippelSeparated
fire7_nb0_rank2212,Automatic,1,ok,306.172,66,2,1,0,0,2305843009213693967:63;2305843009213693973:3,Symbolica_default,cached_powers_Q,8,15,0.193,BalancedZippelSeparated
fire7_nb0_rank2213,Automatic,1,ok,257.041,62,2,1,0,0,2305843009213693967:59;2305843009213693973:3,Symbolica_default,cached_powers_Q,5,15,0.235,BalancedZippelSeparated
fire7_nb0_rank2214,Automatic,1,ok,476.093,65,2,1,0,0,2305843009213693967:62;2305843009213693973:3,Symbolica_default,cached_powers_Q,16,6,0.271,BalancedZippelSeparated
fire7_nb0_rank2215,Automatic,1,ok,361.002,61,2,1,0,0,2305843009213693967:58;2305843009213693973:3,Symbolica_default,cached_powers_Q,8,15,0.208,BalancedZippelSeparated
fire7_nb0_rank2216,Automatic,1,ok,264.091,59,2,1,0,0,2305843009213693967:56;2305843009213693973:3,Symbolica_default,cached_powers_Q,8,15,0.211,BalancedZippelSeparated
fire7_nb0_rank2217,Automatic,1,ok,304.081,60,2,1,0,0,2305843009213693967:57;2305843009213693973:3,Symbolica_default,cached_powers_Q,10,12,0.288,BalancedZippelSeparated
fire7_nb0_rank2218,Automatic,1,ok,330.042,60,2,1,0,0,2305843009213693967:57;2305843009213693973:3,Symbolica_default,cached_powers_Q,10,12,0.283,BalancedZippelSeparated
fire7_nb0_rank2219,Automatic,1,ok,453.603,63,2,1,0,0,2305843009213693967:60;2305843009213693973:3,Symbolica_default,cached_powers_Q,16,6,0.199,BalancedZippelSeparated
fire7_nb0_rank2220,Automatic,1,ok,439.932,63,2,1,0,0,2305843009213693967:60;2305843009213693973:3,Symbolica_default,cached_powers_Q,16,6,0.219,BalancedZippelSeparated
fire7_nb0_rank2221,Automatic,1,ok,399.012,61,2,1,0,0,2305843009213693967:58;2305843009213693973:3,Symbolica_default,cached_powers_Q,11,8,0.246,BalancedZippelSeparated
fire7_nb0_rank2222,Automatic,1,ok,260.581,60,2,1,0,0,2305843009213693967:57;2305843009213693973:3,Symbolica_default,cached_powers_Q,10,12,0.243,BalancedZippelSeparated
fire7_nb0_rank2223,Automatic,1,ok,451.432,79,2,1,0,0,2305843009213693967:76;2305843009213693973:3,Symbolica_default,cached_powers_Q,18,6,0.289,BalancedZippelSeparated
fire7_nb0_rank2224,Automatic,1,ok,399.393,60,2,1,0,0,2305843009213693967:57;2305843009213693973:3,Symbolica_default,cached_powers_Q,15,6,0.211,BalancedZippelSeparated
fire7_nb0_rank2225,Automatic,1,ok,273.101,60,2,1,0,0,2305843009213693967:57;2305843009213693973:3,Symbolica_default,cached_powers_Q,10,12,0.248,BalancedZippelSeparated
fire7_nb0_rank2226,Automatic,1,ok,271.892,60,2,1,0,0,2305843009213693967:57;2305843009213693973:3,Symbolica_default,cached_powers_Q,10,12,0.331,BalancedZippelSeparated
fire7_nb0_rank2227,Automatic,1,ok,429.402,62,2,1,0,0,2305843009213693967:59;2305843009213693973:3,Symbolica_default,cached_powers_Q,15,6,0.209,BalancedZippelSeparated
fire7_nb0_rank2228,Automatic,1,ok,340.192,66,2,1,0,0,2305843009213693967:63;2305843009213693973:3,Symbolica_default,cached_powers_Q,8,15,0.259,BalancedZippelSeparated
fire7_nb0_rank2229,Automatic,1,ok,453.082,60,2,1,0,0,2305843009213693967:57;2305843009213693973:3,Symbolica_default,cached_powers_Q,10,12,0.433,BalancedZippelSeparated
fire7_nb0_rank2230,Automatic,1,ok,311.902,62,2,1,0,0,2305843009213693967:59;2305843009213693973:3,Symbolica_default,cached_powers_Q,15,6,0.360,BalancedZippelSeparated
fire7_nb0_rank2231,Automatic,1,ok,393.962,60,2,1,0,0,2305843009213693967:57;2305843009213693973:3,Symbolica_default,cached_powers_Q,15,6,0.236,BalancedZippelSeparated
fire7_nb0_rank2232,Automatic,1,ok,390.252,60,2,1,0,0,2305843009213693967:57;2305843009213693973:3,Symbolica_default,cached_powers_Q,10,12,0.347,BalancedZippelSeparated
fire7_nb0_rank2233,Automatic,1,ok,551.044,86,2,1,0,0,2305843009213693967:83;2305843009213693973:3,Symbolica_default,cached_powers_Q,11,14,0.224,BalancedZippelSeparated
fire7_nb0_rank2234,Automatic,1,ok,461.603,80,2,1,0,0,2305843009213693967:77;2305843009213693973:3,Symbolica_default,cached_powers_Q,11,14,0.202,BalancedZippelSeparated
fire7_nb0_rank2235,Automatic,1,ok,303.972,75,2,1,0,0,2305843009213693967:72;2305843009213693973:3,Symbolica_default,cached_powers_Q,16,6,0.231,BalancedZippelSeparated
fire7_nb0_rank2236,Automatic,1,ok,453.453,75,2,1,0,0,2305843009213693967:72;2305843009213693973:3,Symbolica_default,cached_powers_Q,17,10,0.344,BalancedZippelSeparated
fire7_nb0_rank2237,Automatic,1,ok,204.731,59,2,1,0,0,2305843009213693967:56;2305843009213693973:3,Symbolica_default,cached_powers_Q,15,2,0.204,BalancedZippelSeparated
fire7_nb0_rank2238,Automatic,1,ok,479.743,81,2,1,0,0,2305843009213693967:78;2305843009213693973:3,Symbolica_default,cached_powers_Q,12,14,0.365,BalancedZippelSeparated
fire7_nb0_rank2239,Automatic,1,ok,434.723,72,2,1,0,0,2305843009213693967:69;2305843009213693973:3,Symbolica_default,cached_powers_Q,12,14,0.377,BalancedZippelSeparated
fire7_nb0_rank2240,Automatic,1,ok,348.822,68,2,1,0,0,2305843009213693967:65;2305843009213693973:3,Symbolica_default,cached_powers_Q,17,6,0.206,BalancedZippelSeparated
fire7_nb0_rank2241,Automatic,1,ok,292.561,86,2,1,0,0,2305843009213693967:83;2305843009213693973:3,Symbolica_default,cached_powers_Q,18,3,0.229,BalancedZippelSeparated
fire7_nb0_rank2242,Automatic,1,ok,281.572,66,2,1,0,0,2305843009213693967:63;2305843009213693973:3,Symbolica_default,cached_powers_Q,14,4,0.192,BalancedZippelSeparated
fire7_nb0_rank2243,Automatic,1,ok,404.373,58,2,1,0,0,2305843009213693967:55;2305843009213693973:3,Symbolica_default,cached_powers_Q,16,6,0.193,BalancedZippelSeparated
fire7_nb0_rank2244,Automatic,1,ok,350.362,63,2,1,0,0,2305843009213693967:60;2305843009213693973:3,Symbolica_default,cached_powers_Q,16,4,0.212,BalancedZippelSeparated
fire7_nb0_rank2245,Automatic,1,ok,296.922,69,2,1,0,0,2305843009213693967:66;2305843009213693973:3,Symbolica_default,cached_powers_Q,15,10,0.204,BalancedZippelSeparated
fire7_nb0_rank2246,Automatic,1,ok,330.382,69,2,1,0,0,2305843009213693967:66;2305843009213693973:3,Symbolica_default,cached_powers_Q,15,10,0.207,BalancedZippelSeparated
fire7_nb0_rank2247,Automatic,1,ok,293.192,63,2,1,0,0,2305843009213693967:60;2305843009213693973:3,Symbolica_default,cached_powers_Q,10,9,0.229,BalancedZippelSeparated
fire7_nb0_rank2248,Automatic,1,ok,253.622,61,2,1,0,0,2305843009213693967:58;2305843009213693973:3,Symbolica_default,cached_powers_Q,16,4,0.220,BalancedZippelSeparated
fire7_nb0_rank2249,Automatic,1,ok,408.712,63,2,1,0,0,2305843009213693967:60;2305843009213693973:3,Symbolica_default,cached_powers_Q,16,4,0.371,BalancedZippelSeparated
fire7_nb0_rank2250,Automatic,1,ok,490.743,71,2,1,0,0,2305843009213693967:68;2305843009213693973:3,Symbolica_default,cached_powers_Q,15,10,0.374,BalancedZippelSeparated
fire7_nb0_rank2251,Automatic,1,ok,264.651,61,2,1,0,0,2305843009213693967:58;2305843009213693973:3,Symbolica_default,cached_powers_Q,16,4,0.208,BalancedZippelSeparated
fire7_nb0_rank2252,Automatic,1,ok,454.443,76,2,1,0,0,2305843009213693967:73;2305843009213693973:3,Symbolica_default,cached_powers_Q,16,6,0.219,BalancedZippelSeparated
fire7_nb0_rank2253,Automatic,1,ok,213.322,58,2,1,0,0,2305843009213693967:55;2305843009213693973:3,Symbolica_default,cached_powers_Q,4,15,0.214,BalancedZippelSeparated
fire7_nb0_rank2254,Automatic,1,ok,324.333,73,2,1,0,0,2305843009213693967:70;2305843009213693973:3,Symbolica_default,cached_powers_Q,12,12,0.243,BalancedZippelSeparated
fire7_nb0_rank2255,Automatic,1,ok,270.612,61,2,1,0,0,2305843009213693967:58;2305843009213693973:3,Symbolica_default,cached_powers_Q,12,10,0.238,BalancedZippelSeparated
fire7_nb0_rank2256,Automatic,1,ok,411.703,59,2,1,0,0,2305843009213693967:56;2305843009213693973:3,Symbolica_default,cached_powers_Q,12,10,0.230,BalancedZippelSeparated
fire7_nb0_rank2257,Automatic,1,ok,358.552,59,2,1,0,0,2305843009213693967:56;2305843009213693973:3,Symbolica_default,cached_powers_Q,10,6,0.184,BalancedZippelSeparated
fire7_nb0_rank2258,Automatic,1,ok,307.421,89,2,1,0,0,2305843009213693967:86;2305843009213693973:3,Symbolica_default,cached_powers_Q,20,4,0.271,BalancedZippelSeparated
fire7_nb0_rank2259,Automatic,1,ok,282.232,67,2,1,0,0,2305843009213693967:64;2305843009213693973:3,Symbolica_default,cached_powers_Q,15,10,0.228,BalancedZippelSeparated
fire7_nb0_rank2260,Automatic,1,ok,465.473,64,2,1,0,0,2305843009213693967:61;2305843009213693973:3,Symbolica_default,cached_powers_Q,12,10,0.330,BalancedZippelSeparated
fire7_nb0_rank2261,Automatic,1,ok,352.792,64,2,1,0,0,2305843009213693967:61;2305843009213693973:3,Symbolica_default,cached_powers_Q,15,10,0.275,BalancedZippelSeparated
fire7_nb0_rank2262,Automatic,1,ok,245.861,59,2,1,0,0,2305843009213693967:56;2305843009213693973:3,Symbolica_default,cached_powers_Q,15,4,0.217,BalancedZippelSeparated
fire7_nb0_rank2263,Automatic,1,ok,298.632,63,2,1,0,0,2305843009213693967:60;2305843009213693973:3,Symbolica_default,cached_powers_Q,15,6,0.212,BalancedZippelSeparated
fire7_nb0_rank2264,Automatic,1,ok,458.433,64,2,1,0,0,2305843009213693967:61;2305843009213693973:3,Symbolica_default,cached_powers_Q,12,10,0.244,BalancedZippelSeparated
fire7_nb0_rank2265,Automatic,1,ok,428.983,71,2,1,0,0,2305843009213693967:68;2305843009213693973:3,Symbolica_default,cached_powers_Q,18,6,0.256,BalancedZippelSeparated
fire7_nb0_rank2266,Automatic,1,ok,369.132,60,2,1,0,0,2305843009213693967:57;2305843009213693973:3,Symbolica_default,cached_powers_Q,10,9,0.206,BalancedZippelSeparated
fire7_nb0_rank2267,Automatic,1,ok,463.233,73,2,1,0,0,2305843009213693967:70;2305843009213693973:3,Symbolica_default,cached_powers_Q,12,12,0.246,BalancedZippelSeparated
fire7_nb0_rank2268,Automatic,1,ok,234.021,50,2,1,0,0,2305843009213693967:47;2305843009213693973:3,Symbolica_default,cached_powers_Q,12,6,0.193,BalancedZippelSeparated
fire7_nb0_rank2269,Automatic,1,ok,424.653,67,2,1,0,0,2305843009213693967:64;2305843009213693973:3,Symbolica_default,cached_powers_Q,18,6,0.201,BalancedZippelSeparated
fire7_nb0_rank2270,Automatic,1,ok,304.852,68,2,1,0,0,2305843009213693967:65;2305843009213693973:3,Symbolica_default,cached_powers_Q,15,10,0.228,BalancedZippelSeparated
fire7_nb0_rank2271,Automatic,1,ok,417.782,67,2,1,0,0,2305843009213693967:64;2305843009213693973:3,Symbolica_default,cached_powers_Q,18,4,0.336,BalancedZippelSeparated
fire7_nb0_rank2272,Automatic,1,ok,399.422,76,2,1,0,0,2305843009213693967:73;2305843009213693973:3,Symbolica_default,cached_powers_Q,16,6,0.197,BalancedZippelSeparated
fire7_nb0_rank2273,Automatic,1,ok,273.631,66,2,1,0,0,2305843009213693967:63;2305843009213693973:3,Symbolica_default,cached_powers_Q,18,6,0.196,BalancedZippelSeparated
fire7_nb0_rank2274,Automatic,1,ok,265.011,55,2,1,0,0,2305843009213693967:52;2305843009213693973:3,Symbolica_default,cached_powers_Q,15,6,0.235,BalancedZippelSeparated
fire7_nb0_rank2275,Automatic,1,ok,393.262,62,2,1,0,0,2305843009213693967:59;2305843009213693973:3,Symbolica_default,cached_powers_Q,4,18,0.230,BalancedZippelSeparated
fire7_nb0_rank2276,Automatic,1,ok,287.212,68,2,1,0,0,2305843009213693967:65;2305843009213693973:3,Symbolica_default,cached_powers_Q,19,2,0.300,BalancedZippelSeparated
fire7_nb0_rank2277,Automatic,1,ok,402.133,80,2,1,0,0,2305843009213693967:77;2305843009213693973:3,Symbolica_default,cached_powers_Q,15,6,0.371,BalancedZippelSeparated
fire7_nb0_rank2278,Automatic,1,ok,297.492,70,2,1,0,0,2305843009213693967:67;2305843009213693973:3,Symbolica_default,cached_powers_Q,9,14,0.209,BalancedZippelSeparated
fire7_nb0_rank2279,Automatic,1,ok,464.563,62,2,1,0,0,2305843009213693967:59;2305843009213693973:3,Symbolica_default,cached_powers_Q,12,10,0.373,BalancedZippelSeparated
fire7_nb0_rank2280,Automatic,1,ok,237.081,61,2,1,0,0,2305843009213693967:58;2305843009213693973:3,Symbolica_default,cached_powers_Q,18,2,0.322,BalancedZippelSeparated
fire7_nb0_rank2281,Automatic,1,ok,358.113,67,2,1,0,0,2305843009213693967:64;2305843009213693973:3,Symbolica_default,cached_powers_Q,18,2,0.198,BalancedZippelSeparated
fire7_nb0_rank2282,Automatic,1,ok,309.552,64,2,1,0,0,2305843009213693967:61;2305843009213693973:3,Symbolica_default,cached_powers_Q,12,10,0.233,BalancedZippelSeparated
fire7_nb0_rank2283,Automatic,1,ok,404.843,60,2,1,0,0,2305843009213693967:57;2305843009213693973:3,Symbolica_default,cached_powers_Q,15,6,0.215,BalancedZippelSeparated
fire7_nb0_rank2284,Automatic,1,ok,382.272,55,2,1,0,0,2305843009213693967:52;2305843009213693973:3,Symbolica_default,cached_powers_Q,15,9,0.243,BalancedZippelSeparated
fire7_nb0_rank2285,Automatic,1,ok,401.882,67,2,1,0,0,2305843009213693967:64;2305843009213693973:3,Symbolica_default,cached_powers_Q,18,6,0.217,BalancedZippelSeparated
fire7_nb0_rank2286,Automatic,1,ok,268.182,60,2,1,0,0,2305843009213693967:57;2305843009213693973:3,Symbolica_default,cached_powers_Q,9,12,0.220,BalancedZippelSeparated
fire7_nb0_rank2287,Automatic,1,ok,263.961,60,2,1,0,0,2305843009213693967:57;2305843009213693973:3,Symbolica_default,cached_powers_Q,9,12,0.216,BalancedZippelSeparated
fire7_nb0_rank2288,Automatic,1,ok,381.562,60,2,1,0,0,2305843009213693967:57;2305843009213693973:3,Symbolica_default,cached_powers_Q,9,12,0.223,BalancedZippelSeparated
fire7_nb0_rank2289,Automatic,1,ok,225.071,53,2,1,0,0,2305843009213693967:50;2305843009213693973:3,Symbolica_default,cached_powers_Q,10,6,0.209,BalancedZippelSeparated
fire7_nb0_rank2290,Automatic,1,ok,459.822,66,2,1,0,0,2305843009213693967:63;2305843009213693973:3,Symbolica_default,cached_powers_Q,12,10,0.258,BalancedZippelSeparated
fire7_nb0_rank2291,Automatic,1,ok,310.042,62,2,1,0,0,2305843009213693967:59;2305843009213693973:3,Symbolica_default,cached_powers_Q,12,10,0.216,BalancedZippelSeparated
fire7_nb0_rank2292,Automatic,1,ok,315.672,64,2,1,0,0,2305843009213693967:61;2305843009213693973:3,Symbolica_default,cached_powers_Q,12,10,0.228,BalancedZippelSeparated
fire7_nb0_rank2293,Automatic,1,ok,234.362,68,2,1,0,0,2305843009213693967:65;2305843009213693973:3,Symbolica_default,cached_powers_Q,19,2,0.200,BalancedZippelSeparated
fire7_nb0_rank2294,Automatic,1,ok,296.942,92,2,1,0,0,2305843009213693967:89;2305843009213693973:3,Symbolica_default,cached_powers_Q,20,3,0.204,BalancedZippelSeparated
fire7_nb0_rank2295,Automatic,1,ok,282.321,58,2,1,0,0,2305843009213693967:55;2305843009213693973:3,Symbolica_default,cached_powers_Q,9,10,0.239,BalancedZippelSeparated
fire7_nb0_rank2296,Automatic,1,ok,254.352,54,2,1,0,0,2305843009213693967:51;2305843009213693973:3,Symbolica_default,cached_powers_Q,10,8,0.353,BalancedZippelSeparated
fire7_nb0_rank2297,Automatic,1,ok,379.522,54,2,1,0,0,2305843009213693967:51;2305843009213693973:3,Symbolica_default,cached_powers_Q,10,8,0.380,BalancedZippelSeparated
fire7_nb0_rank2298,Automatic,1,ok,248.341,63,2,1,0,0,2305843009213693967:60;2305843009213693973:3,Symbolica_default,cached_powers_Q,10,6,0.344,BalancedZippelSeparated
fire7_nb0_rank2299,Automatic,1,ok,358.932,53,2,1,0,0,2305843009213693967:50;2305843009213693973:3,Symbolica_default,cached_powers_Q,10,6,0.212,BalancedZippelSeparated
fire7_nb0_rank2300,Automatic,1,ok,222.482,53,2,1,0,0,2305843009213693967:50;2305843009213693973:3,Symbolica_default,cached_powers_Q,10,6,0.206,BalancedZippelSeparated
fire7_nb0_rank2301,Automatic,1,ok,500.433,81,2,1,0,0,2305843009213693967:78;2305843009213693973:3,Symbolica_default,cached_powers_Q,11,14,0.386,BalancedZippelSeparated
fire7_nb0_rank2302,Automatic,1,ok,447.083,78,2,1,0,0,2305843009213693967:75;2305843009213693973:3,Symbolica_default,cached_powers_Q,18,5,0.192,BalancedZippelSeparated
fire7_nb0_rank2303,Automatic,1,ok,396.602,66,2,1,0,0,2305843009213693967:63;2305843009213693973:3,Symbolica_default,cached_powers_Q,14,6,0.325,BalancedZippelSeparated
fire7_nb0_rank2304,Automatic,1,ok,248.541,66,2,1,0,0,2305843009213693967:63;2305843009213693973:3,Symbolica_default,cached_powers_Q,13,4,0.176,BalancedZippelSeparated
fire7_nb0_rank2305,Automatic,1,ok,280.161,63,2,1,0,0,2305843009213693967:60;2305843009213693973:3,Symbolica_default,cached_powers_Q,16,4,0.209,BalancedZippelSeparated
fire7_nb0_rank2306,Automatic,1,ok,282.932,63,2,1,0,0,2305843009213693967:60;2305843009213693973:3,Symbolica_default,cached_powers_Q,12,10,0.199,BalancedZippelSeparated
fire7_nb0_rank2307,Automatic,1,ok,314.622,61,2,1,0,0,2305843009213693967:58;2305843009213693973:3,Symbolica_default,cached_powers_Q,10,9,0.371,BalancedZippelSeparated
fire7_nb0_rank2308,Automatic,1,ok,257.302,61,2,1,0,0,2305843009213693967:58;2305843009213693973:3,Symbolica_default,cached_powers_Q,10,9,0.226,BalancedZippelSeparated
fire7_nb0_rank2309,Automatic,1,ok,296.491,63,2,1,0,0,2305843009213693967:60;2305843009213693973:3,Symbolica_default,cached_powers_Q,12,10,0.294,BalancedZippelSeparated
fire7_nb0_rank2310,Automatic,1,ok,265.382,61,2,1,0,0,2305843009213693967:58;2305843009213693973:3,Symbolica_default,cached_powers_Q,10,9,0.226,BalancedZippelSeparated
fire7_nb0_rank2311,Automatic,1,ok,436.802,65,2,1,0,0,2305843009213693967:62;2305843009213693973:3,Symbolica_default,cached_powers_Q,12,12,0.329,BalancedZippelSeparated
fire7_nb0_rank2312,Automatic,1,ok,316.302,68,2,1,0,0,2305843009213693967:65;2305843009213693973:3,Symbolica_default,cached_powers_Q,14,10,0.236,BalancedZippelSeparated
fire7_nb0_rank2313,Automatic,1,ok,455.803,68,2,1,0,0,2305843009213693967:65;2305843009213693973:3,Symbolica_default,cached_powers_Q,14,10,0.395,BalancedZippelSeparated
fire7_nb0_rank2314,Automatic,1,ok,398.782,61,2,1,0,0,2305843009213693967:58;2305843009213693973:3,Symbolica_default,cached_powers_Q,10,9,0.350,BalancedZippelSeparated
fire7_nb0_rank2315,Automatic,1,ok,288.972,59,2,1,0,0,2305843009213693967:56;2305843009213693973:3,Symbolica_default,cached_powers_Q,12,5,0.251,BalancedZippelSeparated
fire7_nb0_rank2316,Automatic,1,ok,358.171,74,2,1,0,0,2305843009213693967:71;2305843009213693973:3,Symbolica_default,cached_powers_Q,12,12,0.426,BalancedZippelSeparated
fire7_nb0_rank2317,Automatic,1,ok,335.022,68,2,1,0,0,2305843009213693967:65;2305843009213693973:3,Symbolica_default,cached_powers_Q,9,14,0.356,BalancedZippelSeparated
fire7_nb0_rank2318,Automatic,1,ok,270.742,56,2,1,0,0,2305843009213693967:53;2305843009213693973:3,Symbolica_default,cached_powers_Q,12,6,0.326,BalancedZippelSeparated
fire7_nb0_rank2319,Automatic,1,ok,367.782,59,2,1,0,0,2305843009213693967:56;2305843009213693973:3,Symbolica_default,cached_powers_Q,12,5,0.198,BalancedZippelSeparated
fire7_nb0_rank2320,Automatic,1,ok,434.313,68,2,1,0,0,2305843009213693967:65;2305843009213693973:3,Symbolica_default,cached_powers_Q,9,12,0.203,BalancedZippelSeparated
fire7_nb0_rank2321,Automatic,1,ok,375.002,57,2,1,0,0,2305843009213693967:54;2305843009213693973:3,Symbolica_default,cached_powers_Q,9,10,0.211,BalancedZippelSeparated
fire7_nb0_rank2322,Automatic,1,ok,360.792,61,2,1,0,0,2305843009213693967:58;2305843009213693973:3,Symbolica_default,cached_powers_Q,6,15,0.220,BalancedZippelSeparated
fire7_nb0_rank2323,Automatic,1,ok,277.342,76,2,1,0,0,2305843009213693967:73;2305843009213693973:3,Symbolica_default,cached_powers_Q,18,4,0.210,BalancedZippelSeparated
fire7_nb0_rank2324,Automatic,1,ok,418.323,56,2,1,0,0,2305843009213693967:53;2305843009213693973:3,Symbolica_default,cached_powers_Q,12,9,0.352,BalancedZippelSeparated
fire7_nb0_rank2325,Automatic,1,ok,330.602,55,2,1,0,0,2305843009213693967:52;2305843009213693973:3,Symbolica_default,cached_powers_Q,16,2,0.204,BalancedZippelSeparated
fire7_nb0_rank2326,Automatic,1,ok,232.711,69,2,1,0,0,2305843009213693967:66;2305843009213693973:3,Symbolica_default,cached_powers_Q,18,4,0.204,BalancedZippelSeparated
fire7_nb0_rank2327,Automatic,1,ok,380.582,57,2,1,0,0,2305843009213693967:54;2305843009213693973:3,Symbolica_default,cached_powers_Q,12,9,0.220,BalancedZippelSeparated
fire7_nb0_rank2328,Automatic,1,ok,464.663,67,2,1,0,0,2305843009213693967:64;2305843009213693973:3,Symbolica_default,cached_powers_Q,18,6,0.205,BalancedZippelSeparated
fire7_nb0_rank2329,Automatic,1,ok,299.182,62,2,1,0,0,2305843009213693967:59;2305843009213693973:3,Symbolica_default,cached_powers_Q,6,15,0.408,BalancedZippelSeparated
fire7_nb0_rank2330,Automatic,1,ok,378.872,78,2,1,0,0,2305843009213693967:75;2305843009213693973:3,Symbolica_default,cached_powers_Q,15,6,0.398,BalancedZippelSeparated
fire7_nb0_rank2331,Automatic,1,ok,268.581,60,2,1,0,0,2305843009213693967:57;2305843009213693973:3,Symbolica_default,cached_powers_Q,6,15,0.216,BalancedZippelSeparated
fire7_nb0_rank2332,Automatic,1,ok,359.582,57,2,1,0,0,2305843009213693967:54;2305843009213693973:3,Symbolica_default,cached_powers_Q,16,2,0.186,BalancedZippelSeparated
fire7_nb0_rank2333,Automatic,1,ok,279.282,67,2,1,0,0,2305843009213693967:64;2305843009213693973:3,Symbolica_default,cached_powers_Q,18,6,0.225,BalancedZippelSeparated
fire7_nb0_rank2334,Automatic,1,ok,328.182,74,2,1,0,0,2305843009213693967:71;2305843009213693973:3,Symbolica_default,cached_powers_Q,12,12,0.200,BalancedZippelSeparated
fire7_nb0_rank2335,Automatic,1,ok,323.113,78,2,1,0,0,2305843009213693967:75;2305843009213693973:3,Symbolica_default,cached_powers_Q,15,6,0.323,BalancedZippelSeparated
fire7_nb0_rank2336,Automatic,1,ok,514.103,60,2,1,0,0,2305843009213693967:57;2305843009213693973:3,Symbolica_default,cached_powers_Q,15,6,0.271,BalancedZippelSeparated
fire7_nb0_rank2337,Automatic,1,ok,290.852,60,2,1,0,0,2305843009213693967:57;2305843009213693973:3,Symbolica_default,cached_powers_Q,6,15,0.273,BalancedZippelSeparated
fire7_nb0_rank2338,Automatic,1,ok,219.141,59,2,1,0,0,2305843009213693967:56;2305843009213693973:3,Symbolica_default,cached_powers_Q,16,2,0.247,BalancedZippelSeparated
fire7_nb0_rank2339,Automatic,1,ok,266.352,58,2,1,0,0,2305843009213693967:55;2305843009213693973:3,Symbolica_default,cached_powers_Q,15,6,0.204,BalancedZippelSeparated
fire7_nb0_rank2340,Automatic,1,ok,331.171,60,2,1,0,0,2305843009213693967:57;2305843009213693973:3,Symbolica_default,cached_powers_Q,6,15,0.397,BalancedZippelSeparated
fire7_nb0_rank2341,Automatic,1,ok,396.202,56,2,1,0,0,2305843009213693967:53;2305843009213693973:3,Symbolica_default,cached_powers_Q,4,15,0.191,BalancedZippelSeparated
fire7_nb0_rank2342,Automatic,1,ok,383.772,61,2,1,0,0,2305843009213693967:58;2305843009213693973:3,Symbolica_default,cached_powers_Q,15,4,0.331,BalancedZippelSeparated
fire7_nb0_rank2343,Automatic,1,ok,240.332,56,2,1,0,0,2305843009213693967:53;2305843009213693973:3,Symbolica_default,cached_powers_Q,5,9,0.205,BalancedZippelSeparated
fire7_nb0_rank2344,Automatic,1,ok,218.252,56,2,1,0,0,2305843009213693967:53;2305843009213693973:3,Symbolica_default,cached_powers_Q,4,15,0.224,BalancedZippelSeparated
fire7_nb0_rank2345,Automatic,1,ok,520.863,62,2,1,0,0,2305843009213693967:59;2305843009213693973:3,Symbolica_default,cached_powers_Q,6,15,0.333,BalancedZippelSeparated
fire7_nb0_rank2346,Automatic,1,ok,251.982,59,2,1,0,0,2305843009213693967:56;2305843009213693973:3,Symbolica_default,cached_powers_Q,12,6,0.210,BalancedZippelSeparated
fire7_nb0_rank2347,Automatic,1,ok,406.512,58,2,1,0,0,2305843009213693967:55;2305843009213693973:3,Symbolica_default,cached_powers_Q,15,6,0.345,BalancedZippelSeparated
fire7_nb0_rank2348,Automatic,1,ok,402.162,59,2,1,0,0,2305843009213693967:56;2305843009213693973:3,Symbolica_default,cached_powers_Q,15,4,0.342,BalancedZippelSeparated
fire7_nb0_rank2349,Automatic,1,ok,263.481,54,2,1,0,0,2305843009213693967:51;2305843009213693973:3,Symbolica_default,cached_powers_Q,12,6,0.196,BalancedZippelSeparated
fire7_nb0_rank2350,Automatic,1,ok,265.851,54,2,1,0,0,2305843009213693967:51;2305843009213693973:3,Symbolica_default,cached_powers_Q,12,6,0.205,BalancedZippelSeparated
fire7_nb0_rank2351,Automatic,1,ok,348.012,86,2,1,0,0,2305843009213693967:83;2305843009213693973:3,Symbolica_default,cached_powers_Q,14,7,0.228,BalancedZippelSeparated
fire7_nb0_rank2352,Automatic,1,ok,273.761,61,2,1,0,0,2305843009213693967:58;2305843009213693973:3,Symbolica_default,cached_powers_Q,12,10,0.225,BalancedZippelSeparated
fire7_nb0_rank2353,Automatic,1,ok,282.891,56,2,1,0,0,2305843009213693967:53;2305843009213693973:3,Symbolica_default,cached_powers_Q,10,6,0.226,BalancedZippelSeparated
fire7_nb0_rank2354,Automatic,1,ok,300.742,60,2,1,0,0,2305843009213693967:57;2305843009213693973:3,Symbolica_default,cached_powers_Q,12,6,0.395,BalancedZippelSeparated
fire7_nb0_rank2355,Automatic,1,ok,270.902,57,2,1,0,0,2305843009213693967:54;2305843009213693973:3,Symbolica_default,cached_powers_Q,15,3,0.213,BalancedZippelSeparated
fire7_nb0_rank2356,Automatic,1,ok,384.203,91,2,1,0,0,2305843009213693967:88;2305843009213693973:3,Symbolica_default,cached_powers_Q,12,9,0.213,BalancedZippelSeparated
fire7_nb0_rank2357,Automatic,1,ok,336.892,91,2,1,0,0,2305843009213693967:88;2305843009213693973:3,Symbolica_default,cached_powers_Q,12,9,0.216,BalancedZippelSeparated
fire7_nb0_rank2358,Automatic,1,ok,265.732,56,2,1,0,0,2305843009213693967:53;2305843009213693973:3,Symbolica_default,cached_powers_Q,12,9,0.212,BalancedZippelSeparated
fire7_nb0_rank2359,Automatic,1,ok,257.132,59,2,1,0,0,2305843009213693967:56;2305843009213693973:3,Symbolica_default,cached_powers_Q,12,6,0.245,BalancedZippelSeparated
fire7_nb0_rank2360,Automatic,1,ok,554.253,90,2,1,0,0,2305843009213693967:87;2305843009213693973:3,Symbolica_default,cached_powers_Q,14,7,0.375,BalancedZippelSeparated
fire7_nb0_rank2361,Automatic,1,ok,222.462,63,2,1,0,0,2305843009213693967:60;2305843009213693973:3,Symbolica_default,cached_powers_Q,18,2,0.202,BalancedZippelSeparated
fire7_nb0_rank2362,Automatic,1,ok,435.673,60,2,1,0,0,2305843009213693967:57;2305843009213693973:3,Symbolica_default,cached_powers_Q,15,6,0.336,BalancedZippelSeparated
fire7_nb0_rank2363,Automatic,1,ok,286.941,61,2,1,0,0,2305843009213693967:58;2305843009213693973:3,Symbolica_default,cached_powers_Q,12,6,0.215,BalancedZippelSeparated
fire7_nb0_rank2364,Automatic,1,ok,287.672,66,2,1,0,0,2305843009213693967:63;2305843009213693973:3,Symbolica_default,cached_powers_Q,16,4,0.376,BalancedZippelSeparated
fire7_nb0_rank2365,Automatic,1,ok,269.752,60,2,1,0,0,2305843009213693967:57;2305843009213693973:3,Symbolica_default,cached_powers_Q,10,4,0.360,BalancedZippelSeparated
fire7_nb0_rank2366,Automatic,1,ok,249.072,58,2,1,0,0,2305843009213693967:55;2305843009213693973:3,Symbolica_default,cached_powers_Q,15,3,0.229,BalancedZippelSeparated
fire7_nb0_rank2367,Automatic,1,ok,239.731,48,2,1,0,0,2305843009213693967:45;2305843009213693973:3,Symbolica_default,cached_powers_Q,15,4,0.376,BalancedZippelSeparated
fire7_nb0_rank2368,Automatic,1,ok,272.142,52,2,1,0,0,2305843009213693967:49;2305843009213693973:3,Symbolica_default,cached_powers_Q,10,8,0.209,BalancedZippelSeparated
fire7_nb0_rank2369,Automatic,1,ok,257.551,70,2,1,0,0,2305843009213693967:67;2305843009213693973:3,Symbolica_default,cached_powers_Q,16,3,0.199,BalancedZippelSeparated
fire7_nb0_rank2370,Automatic,1,ok,592.934,58,2,1,0,0,2305843009213693967:55;2305843009213693973:3,Symbolica_default,cached_powers_Q,15,6,0.325,BalancedZippelSeparated
fire7_nb0_rank2371,Automatic,1,ok,472.013,50,2,1,0,0,2305843009213693967:47;2305843009213693973:3,Symbolica_default,cached_powers_Q,15,6,0.297,BalancedZippelSeparated
fire7_nb0_rank2372,Automatic,1,ok,385.482,52,2,1,0,0,2305843009213693967:49;2305843009213693973:3,Symbolica_default,cached_powers_Q,10,8,0.295,BalancedZippelSeparated
fire7_nb0_rank2373,Automatic,1,ok,287.112,52,2,1,0,0,2305843009213693967:49;2305843009213693973:3,Symbolica_default,cached_powers_Q,10,8,0.221,BalancedZippelSeparated
fire7_nb0_rank2374,Automatic,1,ok,387.563,62,2,1,0,0,2305843009213693967:59;2305843009213693973:3,Symbolica_default,cached_powers_Q,13,4,0.467,BalancedZippelSeparated
fire7_nb0_rank2375,Automatic,1,ok,309.902,70,2,1,0,0,2305843009213693967:67;2305843009213693973:3,Symbolica_default,cached_powers_Q,18,3,0.291,BalancedZippelSeparated
fire7_nb0_rank2376,Automatic,1,ok,276.322,59,2,1,0,0,2305843009213693967:56;2305843009213693973:3,Symbolica_default,cached_powers_Q,10,4,0.226,BalancedZippelSeparated
fire7_nb0_rank2377,Automatic,1,ok,227.631,55,2,1,0,0,2305843009213693967:52;2305843009213693973:3,Symbolica_default,cached_powers_Q,16,2,0.227,BalancedZippelSeparated
fire7_nb0_rank2378,Automatic,1,ok,279.812,56,2,1,0,0,2305843009213693967:53;2305843009213693973:3,Symbolica_default,cached_powers_Q,16,2,0.307,BalancedZippelSeparated
fire7_nb0_rank2379,Automatic,1,ok,247.721,58,2,1,0,0,2305843009213693967:55;2305843009213693973:3,Symbolica_default,cached_powers_Q,16,2,0.217,BalancedZippelSeparated
fire7_nb0_rank2380,Automatic,1,ok,267.591,57,2,1,0,0,2305843009213693967:54;2305843009213693973:3,Symbolica_default,cached_powers_Q,11,9,0.313,BalancedZippelSeparated
fire7_nb0_rank2381,Automatic,1,ok,280.191,57,2,1,0,0,2305843009213693967:54;2305843009213693973:3,Symbolica_default,cached_powers_Q,11,9,0.206,BalancedZippelSeparated
fire7_nb0_rank2382,Automatic,1,ok,218.352,57,2,1,0,0,2305843009213693967:54;2305843009213693973:3,Symbolica_default,cached_powers_Q,16,2,0.215,BalancedZippelSeparated
fire7_nb0_rank2383,Automatic,1,ok,339.262,68,2,1,0,0,2305843009213693967:65;2305843009213693973:3,Symbolica_default,cached_powers_Q,9,12,0.200,BalancedZippelSeparated
fire7_nb0_rank2384,Automatic,1,ok,241.572,55,2,1,0,0,2305843009213693967:52;2305843009213693973:3,Symbolica_default,cached_powers_Q,16,2,0.315,BalancedZippelSeparated
fire7_nb0_rank2385,Automatic,1,ok,389.463,79,2,1,0,0,2305843009213693967:76;2305843009213693973:3,Symbolica_default,cached_powers_Q,16,6,0.198,BalancedZippelSeparated
fire7_nb0_rank2386,Automatic,1,ok,532.233,91,2,1,0,0,2305843009213693967:88;2305843009213693973:3,Symbolica_default,cached_powers_Q,12,7,0.224,BalancedZippelSeparated
fire7_nb0_rank2387,Automatic,1,ok,357.552,57,2,1,0,0,2305843009213693967:54;2305843009213693973:3,Symbolica_default,cached_powers_Q,10,4,0.191,BalancedZippelSeparated
fire7_nb0_rank2388,Automatic,1,ok,377.012,79,2,1,0,0,2305843009213693967:76;2305843009213693973:3,Symbolica_default,cached_powers_Q,16,6,0.221,BalancedZippelSeparated
fire7_nb0_rank2389,Automatic,1,ok,248.431,56,2,1,0,0,2305843009213693967:53;2305843009213693973:3,Symbolica_default,cached_powers_Q,4,15,0.353,BalancedZippelSeparated
fire7_nb0_rank2390,Automatic,1,ok,233.361,48,2,1,0,0,2305843009213693967:45;2305843009213693973:3,Symbolica_default,cached_powers_Q,12,6,0.214,BalancedZippelSeparated
fire7_nb0_rank2391,Automatic,1,ok,240.802,48,2,1,0,0,2305843009213693967:45;2305843009213693973:3,Symbolica_default,cached_powers_Q,12,6,0.200,BalancedZippelSeparated
fire7_nb0_rank2392,Automatic,1,ok,246.281,54,2,1,0,0,2305843009213693967:51;2305843009213693973:3,Symbolica_default,cached_powers_Q,4,15,0.217,BalancedZippelSeparated
fire7_nb0_rank2393,Automatic,1,ok,294.922,48,2,1,0,0,2305843009213693967:45;2305843009213693973:3,Symbolica_default,cached_powers_Q,12,6,0.338,BalancedZippelSeparated
fire7_nb0_rank2394,Automatic,1,ok,221.121,56,2,1,0,0,2305843009213693967:53;2305843009213693973:3,Symbolica_default,cached_powers_Q,4,15,0.315,BalancedZippelSeparated
fire7_nb0_rank2395,Automatic,1,ok,231.281,48,2,1,0,0,2305843009213693967:45;2305843009213693973:3,Symbolica_default,cached_powers_Q,12,6,0.215,BalancedZippelSeparated
fire7_nb0_rank2396,Automatic,1,ok,284.501,61,2,1,0,0,2305843009213693967:58;2305843009213693973:3,Symbolica_default,cached_powers_Q,15,6,0.356,BalancedZippelSeparated
fire7_nb0_rank2397,Automatic,1,ok,303.272,59,2,1,0,0,2305843009213693967:56;2305843009213693973:3,Symbolica_default,cached_powers_Q,15,6,0.201,BalancedZippelSeparated
fire7_nb0_rank2398,Automatic,1,ok,298.991,59,2,1,0,0,2305843009213693967:56;2305843009213693973:3,Symbolica_default,cached_powers_Q,15,6,0.374,BalancedZippelSeparated
fire7_nb0_rank2399,Automatic,1,ok,276.582,69,2,1,0,0,2305843009213693967:66;2305843009213693973:3,Symbolica_default,cached_powers_Q,18,3,0.207,BalancedZippelSeparated
fire7_nb0_rank2400,Automatic,1,ok,301.131,60,2,1,0,0,2305843009213693967:57;2305843009213693973:3,Symbolica_default,cached_powers_Q,15,6,0.400,BalancedZippelSeparated
fire7_nb0_rank2401,Automatic,1,ok,438.863,54,2,1,0,0,2305843009213693967:51;2305843009213693973:3,Symbolica_default,cached_powers_Q,10,6,0.224,BalancedZippelSeparated
fire7_nb0_rank2402,Automatic,1,ok,256.521,63,2,1,0,0,2305843009213693967:60;2305843009213693973:3,Symbolica_default,cached_powers_Q,15,3,0.334,BalancedZippelSeparated
fire7_nb0_rank2403,Automatic,1,ok,381.892,60,2,1,0,0,2305843009213693967:57;2305843009213693973:3,Symbolica_default,cached_powers_Q,15,4,0.337,BalancedZippelSeparated
fire7_nb0_rank2404,Automatic,1,ok,312.232,67,2,1,0,0,2305843009213693967:64;2305843009213693973:3,Symbolica_default,cached_powers_Q,11,10,0.204,BalancedZippelSeparated
fire7_nb0_rank2405,Automatic,1,ok,282.551,58,2,1,0,0,2305843009213693967:55;2305843009213693973:3,Symbolica_default,cached_powers_Q,12,6,0.217,BalancedZippelSeparated
fire7_nb0_rank2406,Automatic,1,ok,273.392,63,2,1,0,0,2305843009213693967:60;2305843009213693973:3,Symbolica_default,cached_powers_Q,15,3,0.212,BalancedZippelSeparated
fire7_nb0_rank2407,Automatic,1,ok,284.842,58,2,1,0,0,2305843009213693967:55;2305843009213693973:3,Symbolica_default,cached_powers_Q,12,6,0.197,BalancedZippelSeparated
fire7_nb0_rank2408,Automatic,1,ok,410.133,61,2,1,0,0,2305843009213693967:58;2305843009213693973:3,Symbolica_default,cached_powers_Q,15,3,0.186,BalancedZippelSeparated
fire7_nb0_rank2409,Automatic,1,ok,265.581,54,2,1,0,0,2305843009213693967:51;2305843009213693973:3,Symbolica_default,cached_powers_Q,12,9,0.207,BalancedZippelSeparated
fire7_nb0_rank2410,Automatic,1,ok,443.502,54,2,1,0,0,2305843009213693967:51;2305843009213693973:3,Symbolica_default,cached_powers_Q,12,9,0.338,BalancedZippelSeparated
fire7_nb0_rank2411,Automatic,1,ok,276.192,58,2,1,0,0,2305843009213693967:55;2305843009213693973:3,Symbolica_default,cached_powers_Q,12,6,0.200,BalancedZippelSeparated
fire7_nb0_rank2412,Automatic,1,ok,408.663,53,2,1,0,0,2305843009213693967:50;2305843009213693973:3,Symbolica_default,cached_powers_Q,12,4,0.202,BalancedZippelSeparated
fire7_nb0_rank2413,Automatic,1,ok,429.232,61,2,1,0,0,2305843009213693967:58;2305843009213693973:3,Symbolica_default,cached_powers_Q,15,6,0.197,BalancedZippelSeparated
fire7_nb0_rank2414,Automatic,1,ok,297.762,61,2,1,0,0,2305843009213693967:58;2305843009213693973:3,Symbolica_default,cached_powers_Q,15,6,0.352,BalancedZippelSeparated
fire7_nb0_rank2415,Automatic,1,ok,270.041,54,2,1,0,0,2305843009213693967:51;2305843009213693973:3,Symbolica_default,cached_powers_Q,10,6,0.201,BalancedZippelSeparated
fire7_nb0_rank2416,Automatic,1,ok,256.032,54,2,1,0,0,2305843009213693967:51;2305843009213693973:3,Symbolica_default,cached_powers_Q,10,6,0.199,BalancedZippelSeparated
fire7_nb0_rank2417,Automatic,1,ok,265.632,58,2,1,0,0,2305843009213693967:55;2305843009213693973:3,Symbolica_default,cached_powers_Q,12,6,0.220,BalancedZippelSeparated
fire7_nb0_rank2418,Automatic,1,ok,449.752,54,2,1,0,0,2305843009213693967:51;2305843009213693973:3,Symbolica_default,cached_powers_Q,12,9,0.213,BalancedZippelSeparated
fire7_nb0_rank2419,Automatic,1,ok,296.131,68,2,1,0,0,2305843009213693967:65;2305843009213693973:3,Symbolica_default,cached_powers_Q,5,12,0.216,BalancedZippelSeparated
fire7_nb0_rank2420,Automatic,1,ok,226.251,53,2,1,0,0,2305843009213693967:50;2305843009213693973:3,Symbolica_default,cached_powers_Q,6,10,0.206,BalancedZippelSeparated
fire7_nb0_rank2421,Automatic,1,ok,228.841,53,2,1,0,0,2305843009213693967:50;2305843009213693973:3,Symbolica_default,cached_powers_Q,6,10,0.229,BalancedZippelSeparated
fire7_nb0_rank2422,Automatic,1,ok,301.702,58,2,1,0,0,2305843009213693967:55;2305843009213693973:3,Symbolica_default,cached_powers_Q,12,6,0.205,BalancedZippelSeparated
fire7_nb0_rank2423,Automatic,1,ok,272.662,58,2,1,0,0,2305843009213693967:55;2305843009213693973:3,Symbolica_default,cached_powers_Q,12,6,0.227,BalancedZippelSeparated
fire7_nb0_rank2424,Automatic,1,ok,258.862,58,2,1,0,0,2305843009213693967:55;2305843009213693973:3,Symbolica_default,cached_powers_Q,15,4,0.215,BalancedZippelSeparated
fire7_nb0_rank2425,Automatic,1,ok,316.612,74,2,1,0,0,2305843009213693967:71;2305843009213693973:3,Symbolica_default,cached_powers_Q,16,5,0.217,BalancedZippelSeparated
fire7_nb0_rank2426,Automatic,1,ok,302.802,60,2,1,0,0,2305843009213693967:57;2305843009213693973:3,Symbolica_default,cached_powers_Q,15,6,0.210,BalancedZippelSeparated
fire7_nb0_rank2427,Automatic,1,ok,265.882,54,2,1,0,0,2305843009213693967:51;2305843009213693973:3,Symbolica_default,cached_powers_Q,9,6,0.199,BalancedZippelSeparated
fire7_nb0_rank2428,Automatic,1,ok,232.682,55,2,1,0,0,2305843009213693967:52;2305843009213693973:3,Symbolica_default,cached_powers_Q,15,2,0.211,BalancedZippelSeparated
fire7_nb0_rank2429,Automatic,1,ok,299.682,61,2,1,0,0,2305843009213693967:58;2305843009213693973:3,Symbolica_default,cached_powers_Q,15,6,0.230,BalancedZippelSeparated
fire7_nb0_rank2430,Automatic,1,ok,234.471,58,2,1,0,0,2305843009213693967:55;2305843009213693973:3,Symbolica_default,cached_powers_Q,3,18,0.189,BalancedZippelSeparated
fire7_nb0_rank2431,Automatic,1,ok,259.081,56,2,1,0,0,2305843009213693967:53;2305843009213693973:3,Symbolica_default,cached_powers_Q,15,4,0.208,BalancedZippelSeparated
fire7_nb0_rank2432,Automatic,1,ok,289.392,61,2,1,0,0,2305843009213693967:58;2305843009213693973:3,Symbolica_default,cached_powers_Q,15,6,0.339,BalancedZippelSeparated
fire7_nb0_rank2433,Automatic,1,ok,432.163,59,2,1,0,0,2305843009213693967:56;2305843009213693973:3,Symbolica_default,cached_powers_Q,15,6,0.311,BalancedZippelSeparated
fire7_nb0_rank2434,Automatic,1,ok,243.871,59,2,1,0,0,2305843009213693967:56;2305843009213693973:3,Symbolica_default,cached_powers_Q,11,4,0.189,BalancedZippelSeparated
fire7_nb0_rank2435,Automatic,1,ok,250.381,53,2,1,0,0,2305843009213693967:50;2305843009213693973:3,Symbolica_default,cached_powers_Q,12,6,0.322,BalancedZippelSeparated
fire7_nb0_rank2436,Automatic,1,ok,226.851,52,2,1,0,0,2305843009213693967:49;2305843009213693973:3,Symbolica_default,cached_powers_Q,15,4,0.320,BalancedZippelSeparated
fire7_nb0_rank2437,Automatic,1,ok,200.281,51,2,1,0,0,2305843009213693967:48;2305843009213693973:3,Symbolica_default,cached_powers_Q,5,8,0.298,BalancedZippelSeparated
fire7_nb0_rank2438,Automatic,1,ok,378.462,51,2,1,0,0,2305843009213693967:48;2305843009213693973:3,Symbolica_default,cached_powers_Q,5,8,0.196,BalancedZippelSeparated
fire7_nb0_rank2439,Automatic,1,ok,261.591,53,2,1,0,0,2305843009213693967:50;2305843009213693973:3,Symbolica_default,cached_powers_Q,12,6,0.194,BalancedZippelSeparated
fire7_nb0_rank2440,Automatic,1,ok,442.163,53,2,1,0,0,2305843009213693967:50;2305843009213693973:3,Symbolica_default,cached_powers_Q,12,6,0.239,BalancedZippelSeparated
fire7_nb0_rank2441,Automatic,1,ok,278.231,59,2,1,0,0,2305843009213693967:56;2305843009213693973:3,Symbolica_default,cached_powers_Q,9,10,0.208,BalancedZippelSeparated
fire7_nb0_rank2442,Automatic,1,ok,282.391,57,2,1,0,0,2305843009213693967:54;2305843009213693973:3,Symbolica_default,cached_powers_Q,9,10,0.227,BalancedZippelSeparated
fire7_nb0_rank2443,Automatic,1,ok,365.942,50,2,1,0,0,2305843009213693967:47;2305843009213693973:3,Symbolica_default,cached_powers_Q,4,12,0.185,BalancedZippelSeparated
fire7_nb0_rank2444,Automatic,1,ok,270.771,53,2,1,0,0,2305843009213693967:50;2305843009213693973:3,Symbolica_default,cached_powers_Q,9,6,0.299,BalancedZippelSeparated
fire7_nb0_rank2445,Automatic,1,ok,272.292,59,2,1,0,0,2305843009213693967:56;2305843009213693973:3,Symbolica_default,cached_powers_Q,9,10,0.190,BalancedZippelSeparated
fire7_nb0_rank2446,Automatic,1,ok,182.971,46,2,1,0,0,2305843009213693967:43;2305843009213693973:3,Symbolica_default,cached_powers_Q,12,3,0.209,BalancedZippelSeparated
fire7_nb0_rank2447,Automatic,1,ok,246.611,46,2,1,0,0,2305843009213693967:43;2305843009213693973:3,Symbolica_default,cached_powers_Q,12,6,0.323,BalancedZippelSeparated
fire7_nb0_rank2448,Automatic,1,ok,248.172,46,2,1,0,0,2305843009213693967:43;2305843009213693973:3,Symbolica_default,cached_powers_Q,12,6,0.309,BalancedZippelSeparated
fire7_nb0_rank2449,Automatic,1,ok,231.052,46,2,1,0,0,2305843009213693967:43;2305843009213693973:3,Symbolica_default,cached_powers_Q,12,6,0.337,BalancedZippelSeparated
fire7_nb0_rank2450,Automatic,1,ok,374.222,52,2,1,0,0,2305843009213693967:49;2305843009213693973:3,Symbolica_default,cached_powers_Q,4,15,0.198,BalancedZippelSeparated
fire7_nb0_rank2451,Automatic,1,ok,207.081,54,2,1,0,0,2305843009213693967:51;2305843009213693973:3,Symbolica_default,cached_powers_Q,4,15,0.212,BalancedZippelSeparated
fire7_nb0_rank2452,Automatic,1,ok,295.312,73,2,1,0,0,2305843009213693967:70;2305843009213693973:3,Symbolica_default,cached_powers_Q,14,4,0.209,BalancedZippelSeparated
fire7_nb0_rank2453,Automatic,1,ok,290.571,77,2,1,0,0,2305843009213693967:74;2305843009213693973:3,Symbolica_default,cached_powers_Q,9,9,0.207,BalancedZippelSeparated
fire7_nb0_rank2454,Automatic,1,ok,415.242,63,2,1,0,0,2305843009213693967:60;2305843009213693973:3,Symbolica_default,cached_powers_Q,4,14,0.206,BalancedZippelSeparated
fire7_nb0_rank2455,Automatic,1,ok,441.542,52,2,1,0,0,2305843009213693967:49;2305843009213693973:3,Symbolica_default,cached_powers_Q,12,6,0.212,BalancedZippelSeparated
fire7_nb0_rank2456,Automatic,1,ok,431.363,56,2,1,0,0,2305843009213693967:53;2305843009213693973:3,Symbolica_default,cached_powers_Q,10,9,0.220,BalancedZippelSeparated
fire7_nb0_rank2457,Automatic,1,ok,267.142,69,2,1,0,0,2305843009213693967:66;2305843009213693973:3,Symbolica_default,cached_powers_Q,4,14,0.242,BalancedZippelSeparated
fire7_nb0_rank2458,Automatic,1,ok,328.242,82,2,1,0,0,2305843009213693967:79;2305843009213693973:3,Symbolica_default,cached_powers_Q,17,2,0.321,BalancedZippelSeparated
fire7_nb0_rank2459,Automatic,1,ok,290.262,58,2,1,0,0,2305843009213693967:55;2305843009213693973:3,Symbolica_default,cached_powers_Q,12,6,0.220,BalancedZippelSeparated
fire7_nb0_rank2460,Automatic,1,ok,228.081,64,2,1,0,0,2305843009213693967:61;2305843009213693973:3,Symbolica_default,cached_powers_Q,4,12,0.216,BalancedZippelSeparated
fire7_nb0_rank2461,Automatic,1,ok,221.322,53,2,1,0,0,2305843009213693967:50;2305843009213693973:3,Symbolica_default,cached_powers_Q,6,10,0.212,BalancedZippelSeparated
fire7_nb0_rank2462,Automatic,1,ok,471.313,59,2,1,0,0,2305843009213693967:56;2305843009213693973:3,Symbolica_default,cached_powers_Q,14,6,0.207,BalancedZippelSeparated
fire7_nb0_rank2463,Automatic,1,ok,414.142,52,2,1,0,0,2305843009213693967:49;2305843009213693973:3,Symbolica_default,cached_powers_Q,12,9,0.229,BalancedZippelSeparated
fire7_nb0_rank2464,Automatic,1,ok,211.671,52,2,1,0,0,2305843009213693967:49;2305843009213693973:3,Symbolica_default,cached_powers_Q,4,15,0.215,BalancedZippelSeparated
fire7_nb0_rank2465,Automatic,1,ok,251.261,54,2,1,0,0,2305843009213693967:51;2305843009213693973:3,Symbolica_default,cached_powers_Q,4,15,0.211,BalancedZippelSeparated
fire7_nb0_rank2466,Automatic,1,ok,316.022,66,2,1,0,0,2305843009213693967:63;2305843009213693973:3,Symbolica_default,cached_powers_Q,9,12,0.215,BalancedZippelSeparated
fire7_nb0_rank2467,Automatic,1,ok,236.101,56,2,1,0,0,2305843009213693967:53;2305843009213693973:3,Symbolica_default,cached_powers_Q,10,3,0.189,BalancedZippelSeparated
fire7_nb0_rank2468,Automatic,1,ok,233.641,46,2,1,0,0,2305843009213693967:43;2305843009213693973:3,Symbolica_default,cached_powers_Q,12,6,0.221,BalancedZippelSeparated
fire7_nb0_rank2469,Automatic,1,ok,247.441,71,2,1,0,0,2305843009213693967:68;2305843009213693973:3,Symbolica_default,cached_powers_Q,16,2,0.214,BalancedZippelSeparated
fire7_nb0_rank2470,Automatic,1,ok,255.382,52,2,1,0,0,2305843009213693967:49;2305843009213693973:3,Symbolica_default,cached_powers_Q,10,6,0.210,BalancedZippelSeparated
fire7_nb0_rank2471,Automatic,1,ok,286.602,69,2,1,0,0,2305843009213693967:66;2305843009213693973:3,Symbolica_default,cached_powers_Q,16,3,0.218,BalancedZippelSeparated
fire7_nb0_rank2472,Automatic,1,ok,589.074,63,2,1,0,0,2305843009213693967:60;2305843009213693973:3,Symbolica_default,cached_powers_Q,10,10,0.229,BalancedZippelSeparated
fire7_nb0_rank2473,Automatic,1,ok,207.192,56,2,1,0,0,2305843009213693967:53;2305843009213693973:3,Symbolica_default,cached_powers_Q,10,2,0.196,BalancedZippelSeparated
fire7_nb0_rank2474,Automatic,1,ok,229.881,56,2,1,0,0,2305843009213693967:53;2305843009213693973:3,Symbolica_default,cached_powers_Q,10,2,0.177,BalancedZippelSeparated
fire7_nb0_rank2475,Automatic,1,ok,225.881,53,2,1,0,0,2305843009213693967:50;2305843009213693973:3,Symbolica_default,cached_powers_Q,5,9,0.183,BalancedZippelSeparated
fire7_nb0_rank2476,Automatic,1,ok,263.121,57,2,1,0,0,2305843009213693967:54;2305843009213693973:3,Symbolica_default,cached_powers_Q,9,10,0.343,BalancedZippelSeparated
fire7_nb0_rank2477,Automatic,1,ok,272.741,56,2,1,0,0,2305843009213693967:53;2305843009213693973:3,Symbolica_default,cached_powers_Q,12,6,0.208,BalancedZippelSeparated
fire7_nb0_rank2478,Automatic,1,ok,289.972,55,2,1,0,0,2305843009213693967:52;2305843009213693973:3,Symbolica_default,cached_powers_Q,9,10,0.309,BalancedZippelSeparated
fire7_nb0_rank2479,Automatic,1,ok,223.911,60,2,1,0,0,2305843009213693967:57;2305843009213693973:3,Symbolica_default,cached_powers_Q,4,10,0.309,BalancedZippelSeparated
fire7_nb0_rank2480,Automatic,1,ok,243.831,50,2,1,0,0,2305843009213693967:47;2305843009213693973:3,Symbolica_default,cached_powers_Q,12,6,0.206,BalancedZippelSeparated
fire7_nb0_rank2481,Automatic,1,ok,237.341,54,2,1,0,0,2305843009213693967:51;2305843009213693973:3,Symbolica_default,cached_powers_Q,12,3,0.187,BalancedZippelSeparated
fire7_nb0_rank2482,Automatic,1,ok,269.182,57,2,1,0,0,2305843009213693967:54;2305843009213693973:3,Symbolica_default,cached_powers_Q,9,10,0.326,BalancedZippelSeparated
fire7_nb0_rank2483,Automatic,1,ok,415.753,52,2,1,0,0,2305843009213693967:49;2305843009213693973:3,Symbolica_default,cached_powers_Q,12,4,0.204,BalancedZippelSeparated
fire7_nb0_rank2484,Automatic,1,ok,262.242,66,2,1,0,0,2305843009213693967:63;2305843009213693973:3,Symbolica_default,cached_powers_Q,4,12,0.333,BalancedZippelSeparated
fire7_nb0_rank2485,Automatic,1,ok,243.722,58,2,1,0,0,2305843009213693967:55;2305843009213693973:3,Symbolica_default,cached_powers_Q,15,2,0.360,BalancedZippelSeparated
fire7_nb0_rank2486,Automatic,1,ok,423.922,55,2,1,0,0,2305843009213693967:52;2305843009213693973:3,Symbolica_default,cached_powers_Q,12,4,0.192,BalancedZippelSeparated
fire7_nb0_rank2487,Automatic,1,ok,347.872,56,2,1,0,0,2305843009213693967:53;2305843009213693973:3,Symbolica_default,cached_powers_Q,10,2,0.198,BalancedZippelSeparated
fire7_nb0_rank2488,Automatic,1,ok,268.802,55,2,1,0,0,2305843009213693967:52;2305843009213693973:3,Symbolica_default,cached_powers_Q,8,6,0.203,BalancedZippelSeparated
fire7_nb0_rank2489,Automatic,1,ok,254.662,55,2,1,0,0,2305843009213693967:52;2305843009213693973:3,Symbolica_default,cached_powers_Q,8,6,0.206,BalancedZippelSeparated
fire7_nb0_rank2490,Automatic,1,ok,239.481,62,2,1,0,0,2305843009213693967:59;2305843009213693973:3,Symbolica_default,cached_powers_Q,5,10,0.305,BalancedZippelSeparated
fire7_nb0_rank2491,Automatic,1,ok,253.402,54,2,1,0,0,2305843009213693967:51;2305843009213693973:3,Symbolica_default,cached_powers_Q,12,6,0.202,BalancedZippelSeparated
fire7_nb0_rank2492,Automatic,1,ok,255.432,55,2,1,0,0,2305843009213693967:52;2305843009213693973:3,Symbolica_default,cached_powers_Q,9,10,0.349,BalancedZippelSeparated
fire7_nb0_rank2493,Automatic,1,ok,343.062,45,2,1,0,0,2305843009213693967:42;2305843009213693973:3,Symbolica_default,cached_powers_Q,12,4,0.181,BalancedZippelSeparated
fire7_nb0_rank2494,Automatic,1,ok,426.653,89,2,1,0,0,2305843009213693967:86;2305843009213693973:3,Symbolica_default,cached_powers_Q,16,2,0.188,BalancedZippelSeparated
fire7_nb0_rank2495,Automatic,1,ok,335.131,61,2,1,0,0,2305843009213693967:58;2305843009213693973:3,Symbolica_default,cached_powers_Q,9,10,0.297,BalancedZippelSeparated
fire7_nb0_rank2496,Automatic,1,ok,269.821,49,2,1,0,0,2305843009213693967:46;2305843009213693973:3,Symbolica_default,cached_powers_Q,9,6,0.291,BalancedZippelSeparated
fire7_nb0_rank2497,Automatic,1,ok,393.523,55,2,1,0,0,2305843009213693967:52;2305843009213693973:3,Symbolica_default,cached_powers_Q,9,10,0.201,BalancedZippelSeparated
fire7_nb0_rank2498,Automatic,1,ok,434.302,74,2,1,0,0,2305843009213693967:71;2305843009213693973:3,Symbolica_default,cached_powers_Q,14,5,0.320,BalancedZippelSeparated
fire7_nb0_rank2499,Automatic,1,ok,345.332,52,2,1,0,0,2305843009213693967:49;2305843009213693973:3,Symbolica_default,cached_powers_Q,10,4,0.304,BalancedZippelSeparated
fire7_nb0_rank2500,Automatic,1,ok,405.652,54,2,1,0,0,2305843009213693967:51;2305843009213693973:3,Symbolica_default,cached_powers_Q,12,6,0.183,BalancedZippelSeparated
fire7_nb0_rank2501,Automatic,1,ok,475.492,50,2,1,0,0,2305843009213693967:47;2305843009213693973:3,Symbolica_default,cached_powers_Q,9,9,0.203,BalancedZippelSeparated
fire7_nb0_rank2502,Automatic,1,ok,207.432,45,2,1,0,0,2305843009213693967:42;2305843009213693973:3,Symbolica_default,cached_powers_Q,12,2,0.201,BalancedZippelSeparated
fire7_nb0_rank2503,Automatic,1,ok,397.413,70,2,1,0,0,2305843009213693967:67;2305843009213693973:3,Symbolica_default,cached_powers_Q,14,3,0.339,BalancedZippelSeparated
fire7_nb0_rank2504,Automatic,1,ok,237.091,49,2,1,0,0,2305843009213693967:46;2305843009213693973:3,Symbolica_default,cached_powers_Q,5,8,0.360,BalancedZippelSeparated
fire7_nb0_rank2505,Automatic,1,ok,299.802,49,2,1,0,0,2305843009213693967:46;2305843009213693973:3,Symbolica_default,cached_powers_Q,5,8,0.359,BalancedZippelSeparated
fire7_nb0_rank2506,Automatic,1,ok,192.492,46,2,1,0,0,2305843009213693967:43;2305843009213693973:3,Symbolica_default,cached_powers_Q,12,2,0.206,BalancedZippelSeparated
fire7_nb0_rank2507,Automatic,1,ok,418.522,54,2,1,0,0,2305843009213693967:51;2305843009213693973:3,Symbolica_default,cached_powers_Q,4,15,0.216,BalancedZippelSeparated
fire7_nb0_rank2508,Automatic,1,ok,278.941,52,2,1,0,0,2305843009213693967:49;2305843009213693973:3,Symbolica_default,cached_powers_Q,4,15,0.323,BalancedZippelSeparated
fire7_nb0_rank2509,Automatic,1,ok,334.312,54,2,1,0,0,2305843009213693967:51;2305843009213693973:3,Symbolica_default,cached_powers_Q,4,15,0.207,BalancedZippelSeparated
fire7_nb0_rank2510,Automatic,1,ok,271.512,52,2,1,0,0,2305843009213693967:49;2305843009213693973:3,Symbolica_default,cached_powers_Q,10,8,0.195,BalancedZippelSeparated
fire7_nb0_rank2511,Automatic,1,ok,272.901,54,2,1,0,0,2305843009213693967:51;2305843009213693973:3,Symbolica_default,cached_powers_Q,12,4,0.203,BalancedZippelSeparated
fire7_nb0_rank2512,Automatic,1,ok,327.122,59,2,1,0,0,2305843009213693967:56;2305843009213693973:3,Symbolica_default,cached_powers_Q,9,10,0.391,BalancedZippelSeparated
fire7_nb0_rank2513,Automatic,1,ok,210.911,53,2,1,0,0,2305843009213693967:50;2305843009213693973:3,Symbolica_default,cached_powers_Q,12,3,0.203,BalancedZippelSeparated
fire7_nb0_rank2514,Automatic,1,ok,235.781,55,2,1,0,0,2305843009213693967:52;2305843009213693973:3,Symbolica_default,cached_powers_Q,5,9,0.379,BalancedZippelSeparated
fire7_nb0_rank2515,Automatic,1,ok,220.002,51,2,1,0,0,2305843009213693967:48;2305843009213693973:3,Symbolica_default,cached_powers_Q,12,2,0.202,BalancedZippelSeparated
fire7_nb0_rank2516,Automatic,1,ok,300.532,52,2,1,0,0,2305843009213693967:49;2305843009213693973:3,Symbolica_default,cached_powers_Q,8,9,0.290,BalancedZippelSeparated
fire7_nb0_rank2517,Automatic,1,ok,395.522,55,2,1,0,0,2305843009213693967:52;2305843009213693973:3,Symbolica_default,cached_powers_Q,14,4,0.204,BalancedZippelSeparated
fire7_nb0_rank2518,Automatic,1,ok,426.583,61,2,1,0,0,2305843009213693967:58;2305843009213693973:3,Symbolica_default,cached_powers_Q,9,10,0.326,BalancedZippelSeparated
fire7_nb0_rank2519,Automatic,1,ok,258.821,51,2,1,0,0,2305843009213693967:48;2305843009213693973:3,Symbolica_default,cached_powers_Q,12,4,0.371,BalancedZippelSeparated
fire7_nb0_rank2520,Automatic,1,ok,463.303,59,2,1,0,0,2305843009213693967:56;2305843009213693973:3,Symbolica_default,cached_powers_Q,9,10,0.211,BalancedZippelSeparated
fire7_nb0_rank2521,Automatic,1,ok,235.761,51,2,1,0,0,2305843009213693967:48;2305843009213693973:3,Symbolica_default,cached_powers_Q,12,2,0.278,BalancedZippelSeparated
fire7_nb0_rank2522,Automatic,1,ok,359.082,48,2,1,0,0,2305843009213693967:45;2305843009213693973:3,Symbolica_default,cached_powers_Q,12,4,0.206,BalancedZippelSeparated
fire7_nb0_rank2523,Automatic,1,ok,398.043,54,2,1,0,0,2305843009213693967:51;2305843009213693973:3,Symbolica_default,cached_powers_Q,12,4,0.210,BalancedZippelSeparated
fire7_nb0_rank2524,Automatic,1,ok,240.662,52,2,1,0,0,2305843009213693967:49;2305843009213693973:3,Symbolica_default,cached_powers_Q,10,2,0.216,BalancedZippelSeparated
fire7_nb0_rank2525,Automatic,1,ok,252.532,47,2,1,0,0,2305843009213693967:44;2305843009213693973:3,Symbolica_default,cached_powers_Q,12,4,0.198,BalancedZippelSeparated
fire7_nb0_rank2526,Automatic,1,ok,346.962,56,2,1,0,0,2305843009213693967:53;2305843009213693973:3,Symbolica_default,cached_powers_Q,7,5,0.193,BalancedZippelSeparated
fire7_nb0_rank2527,Automatic,1,ok,420.832,49,2,1,0,0,2305843009213693967:46;2305843009213693973:3,Symbolica_default,cached_powers_Q,9,9,0.183,BalancedZippelSeparated
fire7_nb0_rank2528,Automatic,1,ok,327.232,59,2,1,0,0,2305843009213693967:56;2305843009213693973:3,Symbolica_default,cached_powers_Q,9,10,0.328,BalancedZippelSeparated
fire7_nb0_rank2529,Automatic,1,ok,252.832,51,2,1,0,0,2305843009213693967:48;2305843009213693973:3,Symbolica_default,cached_powers_Q,12,3,0.231,BalancedZippelSeparated
fire7_nb0_rank2530,Automatic,1,ok,267.952,50,2,1,0,0,2305843009213693967:47;2305843009213693973:3,Symbolica_default,cached_powers_Q,10,4,0.203,BalancedZippelSeparated
fire7_nb0_rank2531,Automatic,1,ok,263.052,50,2,1,0,0,2305843009213693967:47;2305843009213693973:3,Symbolica_default,cached_powers_Q,10,4,0.405,BalancedZippelSeparated
fire7_nb0_rank2532,Automatic,1,ok,216.961,51,2,1,0,0,2305843009213693967:48;2305843009213693973:3,Symbolica_default,cached_powers_Q,12,2,0.200,BalancedZippelSeparated
fire7_nb0_rank2533,Automatic,1,ok,226.771,65,2,1,0,0,2305843009213693967:62;2305843009213693973:3,Symbolica_default,cached_powers_Q,3,14,0.184,BalancedZippelSeparated
fire7_nb0_rank2534,Automatic,1,ok,230.861,49,2,1,0,0,2305843009213693967:46;2305843009213693973:3,Symbolica_default,cached_powers_Q,8,6,0.204,BalancedZippelSeparated
fire7_nb0_rank2535,Automatic,1,ok,374.972,65,2,1,0,0,2305843009213693967:62;2305843009213693973:3,Symbolica_default,cached_powers_Q,3,14,0.183,BalancedZippelSeparated
fire7_nb0_rank2536,Automatic,1,ok,335.091,45,2,1,0,0,2305843009213693967:42;2305843009213693973:3,Symbolica_default,cached_powers_Q,9,4,0.199,BalancedZippelSeparated
fire7_nb0_rank2537,Automatic,1,ok,399.782,49,2,1,0,0,2305843009213693967:46;2305843009213693973:3,Symbolica_default,cached_powers_Q,8,6,0.191,BalancedZippelSeparated
fire7_nb0_rank2538,Automatic,1,ok,242.281,58,2,1,0,0,2305843009213693967:55;2305843009213693973:3,Symbolica_default,cached_powers_Q,5,6,0.331,BalancedZippelSeparated
fire7_nb0_rank2539,Automatic,1,ok,248.401,61,2,1,0,0,2305843009213693967:58;2305843009213693973:3,Symbolica_default,cached_powers_Q,12,6,0.344,BalancedZippelSeparated
fire7_nb0_rank2540,Automatic,1,ok,214.381,47,2,1,0,0,2305843009213693967:44;2305843009213693973:3,Symbolica_default,cached_powers_Q,9,4,0.189,BalancedZippelSeparated
fire7_nb0_rank2541,Automatic,1,ok,213.471,58,2,1,0,0,2305843009213693967:55;2305843009213693973:3,Symbolica_default,cached_powers_Q,4,10,0.190,BalancedZippelSeparated
fire7_nb0_rank2542,Automatic,1,ok,245.912,61,2,1,0,0,2305843009213693967:58;2305843009213693973:3,Symbolica_default,cached_powers_Q,12,6,0.223,BalancedZippelSeparated
fire7_nb0_rank2543,Automatic,1,ok,247.162,49,2,1,0,0,2305843009213693967:46;2305843009213693973:3,Symbolica_default,cached_powers_Q,10,4,0.181,BalancedZippelSeparated
fire7_nb0_rank2544,Automatic,1,ok,367.442,49,2,1,0,0,2305843009213693967:46;2305843009213693973:3,Symbolica_default,cached_powers_Q,10,4,0.193,BalancedZippelSeparated
fire7_nb0_rank2545,Automatic,1,ok,251.451,54,2,1,0,0,2305843009213693967:51;2305843009213693973:3,Symbolica_default,cached_powers_Q,8,6,0.196,BalancedZippelSeparated
fire7_nb0_rank2546,Automatic,1,ok,381.822,54,2,1,0,0,2305843009213693967:51;2305843009213693973:3,Symbolica_default,cached_powers_Q,8,6,0.206,BalancedZippelSeparated
fire7_nb0_rank2547,Automatic,1,ok,302.982,58,2,1,0,0,2305843009213693967:55;2305843009213693973:3,Symbolica_default,cached_powers_Q,10,6,0.383,BalancedZippelSeparated
fire7_nb0_rank2548,Automatic,1,ok,281.121,47,2,1,0,0,2305843009213693967:44;2305843009213693973:3,Symbolica_default,cached_powers_Q,8,6,0.213,BalancedZippelSeparated
fire7_nb0_rank2549,Automatic,1,ok,253.462,58,2,1,0,0,2305843009213693967:55;2305843009213693973:3,Symbolica_default,cached_powers_Q,12,3,0.208,BalancedZippelSeparated
fire7_nb0_rank2550,Automatic,1,ok,452.613,74,2,1,0,0,2305843009213693967:71;2305843009213693973:3,Symbolica_default,cached_powers_Q,9,7,0.200,BalancedZippelSeparated
fire7_nb0_rank2551,Automatic,1,ok,285.772,68,2,1,0,0,2305843009213693967:65;2305843009213693973:3,Symbolica_default,cached_powers_Q,9,7,0.346,BalancedZippelSeparated
fire7_nb0_rank2552,Automatic,1,ok,359.122,47,2,1,0,0,2305843009213693967:44;2305843009213693973:3,Symbolica_default,cached_powers_Q,9,6,0.190,BalancedZippelSeparated
fire7_nb0_rank2553,Automatic,1,ok,256.981,48,2,1,0,0,2305843009213693967:45;2305843009213693973:3,Symbolica_default,cached_powers_Q,10,3,0.273,BalancedZippelSeparated
fire7_nb0_rank2554,Automatic,1,ok,245.641,51,2,1,0,0,2305843009213693967:48;2305843009213693973:3,Symbolica_default,cached_powers_Q,11,2,0.271,BalancedZippelSeparated
fire7_nb0_rank2555,Automatic,1,ok,247.882,54,2,1,0,0,2305843009213693967:51;2305843009213693973:3,Symbolica_default,cached_powers_Q,8,6,0.345,BalancedZippelSeparated
fire7_nb0_rank2556,Automatic,1,ok,209.161,48,2,1,0,0,2305843009213693967:45;2305843009213693973:3,Symbolica_default,cached_powers_Q,10,3,0.192,BalancedZippelSeparated
fire7_nb0_rank2557,Automatic,1,ok,350.742,48,2,1,0,0,2305843009213693967:45;2305843009213693973:3,Symbolica_default,cached_powers_Q,10,3,0.204,BalancedZippelSeparated
fire7_nb0_rank2558,Automatic,1,ok,312.262,44,2,1,0,0,2305843009213693967:41;2305843009213693973:3,Symbolica_default,cached_powers_Q,12,3,0.197,BalancedZippelSeparated
fire7_nb0_rank2559,Automatic,1,ok,325.112,44,2,1,0,0,2305843009213693967:41;2305843009213693973:3,Symbolica_default,cached_powers_Q,12,3,0.209,BalancedZippelSeparated
fire7_nb0_rank2560,Automatic,1,ok,222.681,48,2,1,0,0,2305843009213693967:45;2305843009213693973:3,Symbolica_default,cached_powers_Q,10,3,0.203,BalancedZippelSeparated
fire7_nb0_rank2561,Automatic,1,ok,402.912,44,2,1,0,0,2305843009213693967:41;2305843009213693973:3,Symbolica_default,cached_powers_Q,12,3,0.199,BalancedZippelSeparated
fire7_nb0_rank2562,Automatic,1,ok,198.012,48,2,1,0,0,2305843009213693967:45;2305843009213693973:3,Symbolica_default,cached_powers_Q,4,9,0.191,BalancedZippelSeparated
fire7_nb0_rank2563,Automatic,1,ok,239.261,52,2,1,0,0,2305843009213693967:49;2305843009213693973:3,Symbolica_default,cached_powers_Q,6,10,0.193,BalancedZippelSeparated
fire7_nb0_rank2564,Automatic,1,ok,254.481,46,2,1,0,0,2305843009213693967:43;2305843009213693973:3,Symbolica_default,cached_powers_Q,12,4,0.199,BalancedZippelSeparated
fire7_nb0_rank2565,Automatic,1,ok,241.811,52,2,1,0,0,2305843009213693967:49;2305843009213693973:3,Symbolica_default,cached_powers_Q,6,10,0.348,BalancedZippelSeparated
fire7_nb0_rank2566,Automatic,1,ok,237.881,62,2,1,0,0,2305843009213693967:59;2305843009213693973:3,Symbolica_default,cached_powers_Q,4,12,0.193,BalancedZippelSeparated
fire7_nb0_rank2567,Automatic,1,ok,238.061,47,2,1,0,0,2305843009213693967:44;2305843009213693973:3,Symbolica_default,cached_powers_Q,9,6,0.200,BalancedZippelSeparated
fire7_nb0_rank2568,Automatic,1,ok,236.411,47,2,1,0,0,2305843009213693967:44;2305843009213693973:3,Symbolica_default,cached_powers_Q,9,6,0.323,BalancedZippelSeparated
fire7_nb0_rank2569,Automatic,1,ok,228.242,55,2,1,0,0,2305843009213693967:52;2305843009213693973:3,Symbolica_default,cached_powers_Q,10,4,0.201,BalancedZippelSeparated
fire7_nb0_rank2570,Automatic,1,ok,223.722,52,2,1,0,0,2305843009213693967:49;2305843009213693973:3,Symbolica_default,cached_powers_Q,10,3,0.367,BalancedZippelSeparated
fire7_nb0_rank2571,Automatic,1,ok,287.001,59,2,1,0,0,2305843009213693967:56;2305843009213693973:3,Symbolica_default,cached_powers_Q,9,10,0.212,BalancedZippelSeparated
fire7_nb0_rank2572,Automatic,1,ok,290.681,66,2,1,0,0,2305843009213693967:63;2305843009213693973:3,Symbolica_default,cached_powers_Q,9,7,0.386,BalancedZippelSeparated
fire7_nb0_rank2573,Automatic,1,ok,266.351,62,2,1,0,0,2305843009213693967:59;2305843009213693973:3,Symbolica_default,cached_powers_Q,4,12,0.373,BalancedZippelSeparated
fire7_nb0_rank2574,Automatic,1,ok,201.321,48,2,1,0,0,2305843009213693967:45;2305843009213693973:3,Symbolica_default,cached_powers_Q,10,3,0.195,BalancedZippelSeparated
fire7_nb0_rank2575,Automatic,1,ok,202.162,48,2,1,0,0,2305843009213693967:45;2305843009213693973:3,Symbolica_default,cached_powers_Q,10,3,0.357,BalancedZippelSeparated
fire7_nb0_rank2576,Automatic,1,ok,207.141,58,2,1,0,0,2305843009213693967:55;2305843009213693973:3,Symbolica_default,cached_powers_Q,5,6,0.197,BalancedZippelSeparated
fire7_nb0_rank2577,Automatic,1,ok,224.091,58,2,1,0,0,2305843009213693967:55;2305843009213693973:3,Symbolica_default,cached_powers_Q,5,6,0.316,BalancedZippelSeparated
fire7_nb0_rank2578,Automatic,1,ok,245.452,48,2,1,0,0,2305843009213693967:45;2305843009213693973:3,Symbolica_default,cached_powers_Q,9,9,0.193,BalancedZippelSeparated
fire7_nb0_rank2579,Automatic,1,ok,297.052,59,2,1,0,0,2305843009213693967:56;2305843009213693973:3,Symbolica_default,cached_powers_Q,9,10,0.188,BalancedZippelSeparated
fire7_nb0_rank2580,Automatic,1,ok,201.871,48,2,1,0,0,2305843009213693967:45;2305843009213693973:3,Symbolica_default,cached_powers_Q,4,9,0.187,BalancedZippelSeparated
fire7_nb0_rank2581,Automatic,1,ok,233.691,47,2,1,0,0,2305843009213693967:44;2305843009213693973:3,Symbolica_default,cached_powers_Q,9,6,0.200,BalancedZippelSeparated
fire7_nb0_rank2582,Automatic,1,ok,215.132,47,2,1,0,0,2305843009213693967:44;2305843009213693973:3,Symbolica_default,cached_powers_Q,4,9,0.180,BalancedZippelSeparated
fire7_nb0_rank2583,Automatic,1,ok,197.631,47,2,1,0,0,2305843009213693967:44;2305843009213693973:3,Symbolica_default,cached_powers_Q,4,9,0.317,BalancedZippelSeparated
fire7_nb0_rank2584,Automatic,1,ok,205.262,46,2,1,0,0,2305843009213693967:43;2305843009213693973:3,Symbolica_default,cached_powers_Q,10,3,0.191,BalancedZippelSeparated
fire7_nb0_rank2585,Automatic,1,ok,296.081,47,2,1,0,0,2305843009213693967:44;2305843009213693973:3,Symbolica_default,cached_powers_Q,8,6,0.383,BalancedZippelSeparated
fire7_nb0_rank2586,Automatic,1,ok,226.871,48,2,1,0,0,2305843009213693967:45;2305843009213693973:3,Symbolica_default,cached_powers_Q,4,9,0.333,BalancedZippelSeparated
fire7_nb0_rank2587,Automatic,1,ok,277.752,66,2,1,0,0,2305843009213693967:63;2305843009213693973:3,Symbolica_default,cached_powers_Q,12,5,0.333,BalancedZippelSeparated
fire7_nb0_rank2588,Automatic,1,ok,352.692,59,2,1,0,0,2305843009213693967:56;2305843009213693973:3,Symbolica_default,cached_powers_Q,12,4,0.204,BalancedZippelSeparated
fire7_nb0_rank2589,Automatic,1,ok,234.082,62,2,1,0,0,2305843009213693967:59;2305843009213693973:3,Symbolica_default,cached_powers_Q,4,12,0.183,BalancedZippelSeparated
fire7_nb0_rank2590,Automatic,1,ok,382.512,53,2,1,0,0,2305843009213693967:50;2305843009213693973:3,Symbolica_default,cached_powers_Q,5,9,0.193,BalancedZippelSeparated
fire7_nb0_rank2591,Automatic,1,ok,320.612,50,2,1,0,0,2305843009213693967:47;2305843009213693973:3,Symbolica_default,cached_powers_Q,8,6,0.177,BalancedZippelSeparated
fire7_nb0_rank2592,Automatic,1,ok,230.782,53,2,1,0,0,2305843009213693967:50;2305843009213693973:3,Symbolica_default,cached_powers_Q,5,9,0.198,BalancedZippelSeparated
fire7_nb0_rank2593,Automatic,1,ok,217.692,50,2,1,0,0,2305843009213693967:47;2305843009213693973:3,Symbolica_default,cached_powers_Q,8,6,0.210,BalancedZippelSeparated
fire7_nb0_rank2594,Automatic,1,ok,203.681,53,2,1,0,0,2305843009213693967:50;2305843009213693973:3,Symbolica_default,cached_powers_Q,5,9,0.191,BalancedZippelSeparated
fire7_nb0_rank2595,Automatic,1,ok,210.761,53,2,1,0,0,2305843009213693967:50;2305843009213693973:3,Symbolica_default,cached_powers_Q,5,9,0.199,BalancedZippelSeparated
fire7_nb0_rank2596,Automatic,1,ok,218.541,50,2,1,0,0,2305843009213693967:47;2305843009213693973:3,Symbolica_default,cached_powers_Q,8,6,0.213,BalancedZippelSeparated
fire7_nb0_rank2597,Automatic,1,ok,219.972,50,2,1,0,0,2305843009213693967:47;2305843009213693973:3,Symbolica_default,cached_powers_Q,8,6,0.372,BalancedZippelSeparated
fire7_nb0_rank2598,Automatic,1,ok,257.922,58,2,1,0,0,2305843009213693967:55;2305843009213693973:3,Symbolica_default,cached_powers_Q,12,4,0.387,BalancedZippelSeparated
fire7_nb0_rank2599,Automatic,1,ok,392.342,62,2,1,0,0,2305843009213693967:59;2305843009213693973:3,Symbolica_default,cached_powers_Q,4,12,0.199,BalancedZippelSeparated
fire7_nb0_rank2600,Automatic,1,ok,210.851,50,2,1,0,0,2305843009213693967:47;2305843009213693973:3,Symbolica_default,cached_powers_Q,8,6,0.212,BalancedZippelSeparated
fire7_nb0_rank2601,Automatic,1,ok,221.401,52,2,1,0,0,2305843009213693967:49;2305843009213693973:3,Symbolica_default,cached_powers_Q,8,6,0.197,BalancedZippelSeparated
fire7_nb0_rank2602,Automatic,1,ok,210.542,52,2,1,0,0,2305843009213693967:49;2305843009213693973:3,Symbolica_default,cached_powers_Q,3,10,0.325,BalancedZippelSeparated
fire7_nb0_rank2603,Automatic,1,ok,249.001,49,2,1,0,0,2305843009213693967:46;2305843009213693973:3,Symbolica_default,cached_powers_Q,8,3,0.286,BalancedZippelSeparated
fire7_nb0_rank2604,Automatic,1,ok,235.541,53,2,1,0,0,2305843009213693967:50;2305843009213693973:3,Symbolica_default,cached_powers_Q,8,6,0.200,BalancedZippelSeparated
fire7_nb0_rank2605,Automatic,1,ok,261.121,53,2,1,0,0,2305843009213693967:50;2305843009213693973:3,Symbolica_default,cached_powers_Q,8,6,0.194,BalancedZippelSeparated
fire7_nb0_rank2606,Automatic,1,ok,366.052,49,2,1,0,0,2305843009213693967:46;2305843009213693973:3,Symbolica_default,cached_powers_Q,8,3,0.337,BalancedZippelSeparated
fire7_nb0_rank2607,Automatic,1,ok,234.461,49,2,1,0,0,2305843009213693967:46;2305843009213693973:3,Symbolica_default,cached_powers_Q,9,4,0.291,BalancedZippelSeparated
fire7_nb0_rank2608,Automatic,1,ok,475.603,48,2,1,0,0,2305843009213693967:45;2305843009213693973:3,Symbolica_default,cached_powers_Q,8,6,0.200,BalancedZippelSeparated
fire7_nb0_rank2609,Automatic,1,ok,274.971,48,2,1,0,0,2305843009213693967:45;2305843009213693973:3,Symbolica_default,cached_powers_Q,8,6,0.307,BalancedZippelSeparated
fire7_nb0_rank2610,Automatic,1,ok,208.631,47,2,1,0,0,2305843009213693967:44;2305843009213693973:3,Symbolica_default,cached_powers_Q,12,2,0.189,BalancedZippelSeparated
fire7_nb0_rank2611,Automatic,1,ok,202.551,49,2,1,0,0,2305843009213693967:46;2305843009213693973:3,Symbolica_default,cached_powers_Q,12,2,0.322,BalancedZippelSeparated
fire7_nb0_rank2612,Automatic,1,ok,219.781,56,2,1,0,0,2305843009213693967:53;2305843009213693973:3,Symbolica_default,cached_powers_Q,12,2,0.196,BalancedZippelSeparated
fire7_nb0_rank2613,Automatic,1,ok,198.391,51,2,1,0,0,2305843009213693967:48;2305843009213693973:3,Symbolica_default,cached_powers_Q,6,4,0.190,BalancedZippelSeparated
fire7_nb0_rank2614,Automatic,1,ok,202.151,49,2,1,0,0,2305843009213693967:46;2305843009213693973:3,Symbolica_default,cached_powers_Q,4,9,0.309,BalancedZippelSeparated
fire7_nb0_rank2615,Automatic,1,ok,201.341,50,2,1,0,0,2305843009213693967:47;2305843009213693973:3,Symbolica_default,cached_powers_Q,11,3,0.345,BalancedZippelSeparated
fire7_nb0_rank2616,Automatic,1,ok,204.091,48,2,1,0,0,2305843009213693967:45;2305843009213693973:3,Symbolica_default,cached_powers_Q,12,2,0.355,BalancedZippelSeparated
fire7_nb0_rank2617,Automatic,1,ok,201.521,47,2,1,0,0,2305843009213693967:44;2305843009213693973:3,Symbolica_default,cached_powers_Q,4,9,0.189,BalancedZippelSeparated
fire7_nb0_rank2618,Automatic,1,ok,192.401,47,2,1,0,0,2305843009213693967:44;2305843009213693973:3,Symbolica_default,cached_powers_Q,4,9,0.435,BalancedZippelSeparated
fire7_nb0_rank2619,Automatic,1,ok,256.532,56,2,1,0,0,2305843009213693967:53;2305843009213693973:3,Symbolica_default,cached_powers_Q,6,10,0.332,BalancedZippelSeparated
fire7_nb0_rank2620,Automatic,1,ok,300.742,54,2,1,0,0,2305843009213693967:51;2305843009213693973:3,Symbolica_default,cached_powers_Q,6,10,0.202,BalancedZippelSeparated
fire7_nb0_rank2621,Automatic,1,ok,434.943,50,2,1,0,0,2305843009213693967:47;2305843009213693973:3,Symbolica_default,cached_powers_Q,10,8,0.187,BalancedZippelSeparated
fire7_nb0_rank2622,Automatic,1,ok,201.251,56,2,1,0,0,2305843009213693967:53;2305843009213693973:3,Symbolica_default,cached_powers_Q,7,4,0.330,BalancedZippelSeparated
fire7_nb0_rank2623,Automatic,1,ok,202.062,47,2,1,0,0,2305843009213693967:44;2305843009213693973:3,Symbolica_default,cached_powers_Q,4,9,0.330,BalancedZippelSeparated
fire7_nb0_rank2624,Automatic,1,ok,239.612,52,2,1,0,0,2305843009213693967:49;2305843009213693973:3,Symbolica_default,cached_powers_Q,12,4,0.181,BalancedZippelSeparated
fire7_nb0_rank2625,Automatic,1,ok,418.563,50,2,1,0,0,2305843009213693967:47;2305843009213693973:3,Symbolica_default,cached_powers_Q,9,6,0.185,BalancedZippelSeparated
fire7_nb0_rank2626,Automatic,1,ok,383.792,48,2,1,0,0,2305843009213693967:45;2305843009213693973:3,Symbolica_default,cached_powers_Q,9,6,0.188,BalancedZippelSeparated
fire7_nb0_rank2627,Automatic,1,ok,399.392,48,2,1,0,0,2305843009213693967:45;2305843009213693973:3,Symbolica_default,cached_powers_Q,9,6,0.200,BalancedZippelSeparated
fire7_nb0_rank2628,Automatic,1,ok,200.052,50,2,1,0,0,2305843009213693967:47;2305843009213693973:3,Symbolica_default,cached_powers_Q,12,2,0.199,BalancedZippelSeparated
fire7_nb0_rank2629,Automatic,1,ok,213.891,47,2,1,0,0,2305843009213693967:44;2305843009213693973:3,Symbolica_default,cached_powers_Q,6,6,0.190,BalancedZippelSeparated
fire7_nb0_rank2630,Automatic,1,ok,223.551,50,2,1,0,0,2305843009213693967:47;2305843009213693973:3,Symbolica_default,cached_powers_Q,6,8,0.329,BalancedZippelSeparated
fire7_nb0_rank2631,Automatic,1,ok,214.511,56,2,1,0,0,2305843009213693967:53;2305843009213693973:3,Symbolica_default,cached_powers_Q,4,10,0.237,BalancedZippelSeparated
fire7_nb0_rank2632,Automatic,1,ok,353.022,49,2,1,0,0,2305843009213693967:46;2305843009213693973:3,Symbolica_default,cached_powers_Q,7,3,0.209,BalancedZippelSeparated
fire7_nb0_rank2633,Automatic,1,ok,215.882,52,2,1,0,0,2305843009213693967:49;2305843009213693973:3,Symbolica_default,cached_powers_Q,10,4,0.210,BalancedZippelSeparated
fire7_nb0_rank2634,Automatic,1,ok,223.441,61,2,1,0,0,2305843009213693967:58;2305843009213693973:3,Symbolica_default,cached_powers_Q,10,6,0.344,BalancedZippelSeparated
fire7_nb0_rank2635,Automatic,1,ok,219.901,52,2,1,0,0,2305843009213693967:49;2305843009213693973:3,Symbolica_default,cached_powers_Q,10,4,0.183,BalancedZippelSeparated
fire7_nb0_rank2636,Automatic,1,ok,366.553,50,2,1,0,0,2305843009213693967:47;2305843009213693973:3,Symbolica_default,cached_powers_Q,8,4,0.197,BalancedZippelSeparated
fire7_nb0_rank2637,Automatic,1,ok,191.871,49,2,1,0,0,2305843009213693967:46;2305843009213693973:3,Symbolica_default,cached_powers_Q,7,3,0.190,BalancedZippelSeparated
fire7_nb0_rank2638,Automatic,1,ok,252.591,48,2,1,0,0,2305843009213693967:45;2305843009213693973:3,Symbolica_default,cached_powers_Q,8,6,0.291,BalancedZippelSeparated
fire7_nb0_rank2639,Automatic,1,ok,269.991,50,2,1,0,0,2305843009213693967:47;2305843009213693973:3,Symbolica_default,cached_powers_Q,3,10,0.187,BalancedZippelSeparated
fire7_nb0_rank2640,Automatic,1,ok,174.121,47,2,1,0,0,2305843009213693967:44;2305843009213693973:3,Symbolica_default,cached_powers_Q,4,9,0.192,BalancedZippelSeparated
fire7_nb0_rank2641,Automatic,1,ok,214.792,54,2,1,0,0,2305843009213693967:51;2305843009213693973:3,Symbolica_default,cached_powers_Q,4,10,0.197,BalancedZippelSeparated
fire7_nb0_rank2642,Automatic,1,ok,285.641,66,2,1,0,0,2305843009213693967:63;2305843009213693973:3,Symbolica_default,cached_powers_Q,12,3,0.190,BalancedZippelSeparated
fire7_nb0_rank2643,Automatic,1,ok,226.281,51,2,1,0,0,2305843009213693967:48;2305843009213693973:3,Symbolica_default,cached_powers_Q,10,4,0.178,BalancedZippelSeparated
fire7_nb0_rank2644,Automatic,1,ok,211.171,48,2,1,0,0,2305843009213693967:45;2305843009213693973:3,Symbolica_default,cached_powers_Q,9,6,0.200,BalancedZippelSeparated
fire7_nb0_rank2645,Automatic,1,ok,224.021,61,2,1,0,0,2305843009213693967:58;2305843009213693973:3,Symbolica_default,cached_powers_Q,9,5,0.316,BalancedZippelSeparated
fire7_nb0_rank2646,Automatic,1,ok,255.231,64,2,1,0,0,2305843009213693967:61;2305843009213693973:3,Symbolica_default,cached_powers_Q,12,5,0.203,BalancedZippelSeparated
fire7_nb0_rank2647,Automatic,1,ok,208.121,54,2,1,0,0,2305843009213693967:51;2305843009213693973:3,Symbolica_default,cached_powers_Q,4,10,0.192,BalancedZippelSeparated
fire7_nb0_rank2648,Automatic,1,ok,244.421,61,2,1,0,0,2305843009213693967:58;2305843009213693973:3,Symbolica_default,cached_powers_Q,9,5,0.187,BalancedZippelSeparated
fire7_nb0_rank2649,Automatic,1,ok,325.922,48,2,1,0,0,2305843009213693967:45;2305843009213693973:3,Symbolica_default,cached_powers_Q,9,6,0.189,BalancedZippelSeparated
fire7_nb0_rank2650,Automatic,1,ok,251.041,48,2,1,0,0,2305843009213693967:45;2305843009213693973:3,Symbolica_default,cached_powers_Q,9,6,0.175,BalancedZippelSeparated
fire7_nb0_rank2651,Automatic,1,ok,202.761,49,2,1,0,0,2305843009213693967:46;2305843009213693973:3,Symbolica_default,cached_powers_Q,9,3,0.350,BalancedZippelSeparated
fire7_nb0_rank2652,Automatic,1,ok,367.902,48,2,1,0,0,2305843009213693967:45;2305843009213693973:3,Symbolica_default,cached_powers_Q,9,6,0.197,BalancedZippelSeparated
fire7_nb0_rank2653,Automatic,1,ok,240.011,48,2,1,0,0,2305843009213693967:45;2305843009213693973:3,Symbolica_default,cached_powers_Q,9,6,0.185,BalancedZippelSeparated
fire7_nb0_rank2654,Automatic,1,ok,193.821,49,2,1,0,0,2305843009213693967:46;2305843009213693973:3,Symbolica_default,cached_powers_Q,9,3,0.182,BalancedZippelSeparated
fire7_nb0_rank2655,Automatic,1,ok,237.351,48,2,1,0,0,2305843009213693967:45;2305843009213693973:3,Symbolica_default,cached_powers_Q,9,6,0.172,BalancedZippelSeparated
fire7_nb0_rank2656,Automatic,1,ok,219.981,47,2,1,0,0,2305843009213693967:44;2305843009213693973:3,Symbolica_default,cached_powers_Q,6,6,0.207,BalancedZippelSeparated
fire7_nb0_rank2657,Automatic,1,ok,232.412,52,2,1,0,0,2305843009213693967:49;2305843009213693973:3,Symbolica_default,cached_powers_Q,12,4,0.208,BalancedZippelSeparated
fire7_nb0_rank2658,Automatic,1,ok,217.701,52,2,1,0,0,2305843009213693967:49;2305843009213693973:3,Symbolica_default,cached_powers_Q,12,4,0.184,BalancedZippelSeparated
fire7_nb0_rank2659,Automatic,1,ok,217.611,54,2,1,0,0,2305843009213693967:51;2305843009213693973:3,Symbolica_default,cached_powers_Q,4,10,0.323,BalancedZippelSeparated
fire7_nb0_rank2660,Automatic,1,ok,399.482,58,2,1,0,0,2305843009213693967:55;2305843009213693973:3,Symbolica_default,cached_powers_Q,10,5,0.180,BalancedZippelSeparated
fire7_nb0_rank2661,Automatic,1,ok,261.332,51,2,1,0,0,2305843009213693967:48;2305843009213693973:3,Symbolica_default,cached_powers_Q,6,10,0.324,BalancedZippelSeparated
fire7_nb0_rank2662,Automatic,1,ok,154.081,42,2,1,0,0,2305843009213693967:39;2305843009213693973:3,Symbolica_default,cached_powers_Q,9,2,0.185,BalancedZippelSeparated
fire7_nb0_rank2663,Automatic,1,ok,318.802,48,2,1,0,0,2305843009213693967:45;2305843009213693973:3,Symbolica_default,cached_powers_Q,9,2,0.186,BalancedZippelSeparated
fire7_nb0_rank2664,Automatic,1,ok,201.971,45,2,1,0,0,2305843009213693967:42;2305843009213693973:3,Symbolica_default,cached_powers_Q,5,8,0.226,BalancedZippelSeparated
fire7_nb0_rank2665,Automatic,1,ok,203.011,52,2,1,0,0,2305843009213693967:49;2305843009213693973:3,Symbolica_default,cached_powers_Q,9,3,0.181,BalancedZippelSeparated
fire7_nb0_rank2666,Automatic,1,ok,205.832,45,2,1,0,0,2305843009213693967:42;2305843009213693973:3,Symbolica_default,cached_powers_Q,5,8,0.199,BalancedZippelSeparated
fire7_nb0_rank2667,Automatic,1,ok,265.131,60,2,1,0,0,2305843009213693967:57;2305843009213693973:3,Symbolica_default,cached_powers_Q,10,5,0.175,BalancedZippelSeparated
fire7_nb0_rank2668,Automatic,1,ok,226.581,52,2,1,0,0,2305843009213693967:49;2305843009213693973:3,Symbolica_default,cached_powers_Q,9,3,0.209,BalancedZippelSeparated
fire7_nb0_rank2669,Automatic,1,ok,265.401,60,2,1,0,0,2305843009213693967:57;2305843009213693973:3,Symbolica_default,cached_powers_Q,10,5,0.194,BalancedZippelSeparated
fire7_nb0_rank2670,Automatic,1,ok,389.042,56,2,1,0,0,2305843009213693967:53;2305843009213693973:3,Symbolica_default,cached_powers_Q,10,5,0.195,BalancedZippelSeparated
fire7_nb0_rank2671,Automatic,1,ok,222.751,45,2,1,0,0,2305843009213693967:42;2305843009213693973:3,Symbolica_default,cached_powers_Q,10,4,0.204,BalancedZippelSeparated
fire7_nb0_rank2672,Automatic,1,ok,249.782,65,2,1,0,0,2305843009213693967:62;2305843009213693973:3,Symbolica_default,cached_powers_Q,9,6,0.296,BalancedZippelSeparated
fire7_nb0_rank2673,Automatic,1,ok,360.592,45,2,1,0,0,2305843009213693967:42;2305843009213693973:3,Symbolica_default,cached_powers_Q,9,6,0.206,BalancedZippelSeparated
fire7_nb0_rank2674,Automatic,1,ok,174.270,46,2,1,0,0,2305843009213693967:43;2305843009213693973:3,Symbolica_default,cached_powers_Q,8,2,0.188,BalancedZippelSeparated
fire7_nb0_rank2675,Automatic,1,ok,241.641,48,2,1,0,0,2305843009213693967:45;2305843009213693973:3,Symbolica_default,cached_powers_Q,9,6,0.349,BalancedZippelSeparated
fire7_nb0_rank2676,Automatic,1,ok,391.342,56,2,1,0,0,2305843009213693967:53;2305843009213693973:3,Symbolica_default,cached_powers_Q,10,5,0.196,BalancedZippelSeparated
fire7_nb0_rank2677,Automatic,1,ok,180.881,51,2,1,0,0,2305843009213693967:48;2305843009213693973:3,Symbolica_default,cached_powers_Q,6,3,0.176,BalancedZippelSeparated
fire7_nb0_rank2678,Automatic,1,ok,184.851,52,2,1,0,0,2305843009213693967:49;2305843009213693973:3,Symbolica_default,cached_powers_Q,3,10,0.181,BalancedZippelSeparated
fire7_nb0_rank2679,Automatic,1,ok,216.451,47,2,1,0,0,2305843009213693967:44;2305843009213693973:3,Symbolica_default,cached_powers_Q,6,6,0.345,BalancedZippelSeparated
fire7_nb0_rank2680,Automatic,1,ok,190.811,51,2,1,0,0,2305843009213693967:48;2305843009213693973:3,Symbolica_default,cached_powers_Q,10,3,0.181,BalancedZippelSeparated
fire7_nb0_rank2681,Automatic,1,ok,390.762,63,2,1,0,0,2305843009213693967:60;2305843009213693973:3,Symbolica_default,cached_powers_Q,10,5,0.200,BalancedZippelSeparated
fire7_nb0_rank2682,Automatic,1,ok,240.831,68,2,1,0,0,2305843009213693967:65;2305843009213693973:3,Symbolica_default,cached_powers_Q,9,4,0.236,BalancedZippelSeparated
fire7_nb0_rank2683,Automatic,1,ok,183.930,52,2,1,0,0,2305843009213693967:49;2305843009213693973:3,Symbolica_default,cached_powers_Q,3,10,0.191,BalancedZippelSeparated
fire7_nb0_rank2684,Automatic,1,ok,238.322,48,2,1,0,0,2305843009213693967:45;2305843009213693973:3,Symbolica_default,cached_powers_Q,9,6,0.320,BalancedZippelSeparated
fire7_nb0_rank2685,Automatic,1,ok,227.721,44,2,1,0,0,2305843009213693967:41;2305843009213693973:3,Symbolica_default,cached_powers_Q,9,6,0.311,BalancedZippelSeparated
fire7_nb0_rank2686,Automatic,1,ok,356.332,52,2,1,0,0,2305843009213693967:49;2305843009213693973:3,Symbolica_default,cached_powers_Q,12,2,0.204,BalancedZippelSeparated
fire7_nb0_rank2687,Automatic,1,ok,183.621,45,2,1,0,0,2305843009213693967:42;2305843009213693973:3,Symbolica_default,cached_powers_Q,4,9,0.191,BalancedZippelSeparated
fire7_nb0_rank2688,Automatic,1,ok,415.253,50,2,1,0,0,2305843009213693967:47;2305843009213693973:3,Symbolica_default,cached_powers_Q,10,4,0.332,BalancedZippelSeparated
fire7_nb0_rank2689,Automatic,1,ok,348.602,49,2,1,0,0,2305843009213693967:46;2305843009213693973:3,Symbolica_default,cached_powers_Q,8,6,0.174,BalancedZippelSeparated
fire7_nb0_rank2690,Automatic,1,ok,223.131,44,2,1,0,0,2305843009213693967:41;2305843009213693973:3,Symbolica_default,cached_powers_Q,9,6,0.295,BalancedZippelSeparated
fire7_nb0_rank2691,Automatic,1,ok,306.802,45,2,1,0,0,2305843009213693967:42;2305843009213693973:3,Symbolica_default,cached_powers_Q,4,9,0.172,BalancedZippelSeparated
fire7_nb0_rank2692,Automatic,1,ok,201.701,44,2,1,0,0,2305843009213693967:41;2305843009213693973:3,Symbolica_default,cached_powers_Q,9,6,0.201,BalancedZippelSeparated
fire7_nb0_rank2693,Automatic,1,ok,200.522,44,2,1,0,0,2305843009213693967:41;2305843009213693973:3,Symbolica_default,cached_powers_Q,9,6,0.191,BalancedZippelSeparated
fire7_nb0_rank2694,Automatic,1,ok,239.532,44,2,1,0,0,2305843009213693967:41;2305843009213693973:3,Symbolica_default,cached_powers_Q,6,6,0.390,BalancedZippelSeparated
fire7_nb0_rank2695,Automatic,1,ok,214.431,58,2,1,0,0,2305843009213693967:55;2305843009213693973:3,Symbolica_default,cached_powers_Q,12,3,0.206,BalancedZippelSeparated
fire7_nb0_rank2696,Automatic,1,ok,233.931,59,2,1,0,0,2305843009213693967:56;2305843009213693973:3,Symbolica_default,cached_powers_Q,9,5,0.175,BalancedZippelSeparated
fire7_nb0_rank2697,Automatic,1,ok,258.661,50,2,1,0,0,2305843009213693967:47;2305843009213693973:3,Symbolica_default,cached_powers_Q,10,4,0.181,BalancedZippelSeparated
fire7_nb0_rank2698,Automatic,1,ok,185.291,45,2,1,0,0,2305843009213693967:42;2305843009213693973:3,Symbolica_default,cached_powers_Q,4,9,0.354,BalancedZippelSeparated
fire7_nb0_rank2699,Automatic,1,ok,207.422,47,2,1,0,0,2305843009213693967:44;2305843009213693973:3,Symbolica_default,cached_powers_Q,6,6,0.178,BalancedZippelSeparated
fire7_nb0_rank2700,Automatic,1,ok,366.193,59,2,1,0,0,2305843009213693967:56;2305843009213693973:3,Symbolica_default,cached_powers_Q,9,5,0.163,BalancedZippelSeparated
fire7_nb0_rank2701,Automatic,1,ok,170.551,46,2,1,0,0,2305843009213693967:43;2305843009213693973:3,Symbolica_default,cached_powers_Q,9,2,0.175,BalancedZippelSeparated
fire7_nb0_rank2702,Automatic,1,ok,172.701,50,2,1,0,0,2305843009213693967:47;2305843009213693973:3,Symbolica_default,cached_powers_Q,6,4,0.180,BalancedZippelSeparated
fire7_nb0_rank2703,Automatic,1,ok,415.222,47,2,1,0,0,2305843009213693967:44;2305843009213693973:3,Symbolica_default,cached_powers_Q,6,6,0.211,BalancedZippelSeparated
fire7_nb0_rank2704,Automatic,1,ok,303.762,62,2,1,0,0,2305843009213693967:59;2305843009213693973:3,Symbolica_default,cached_powers_Q,10,5,0.300,BalancedZippelSeparated
fire7_nb0_rank2705,Automatic,1,ok,238.712,53,2,1,0,0,2305843009213693967:50;2305843009213693973:3,Symbolica_default,cached_powers_Q,9,3,0.223,BalancedZippelSeparated
fire7_nb0_rank2706,Automatic,1,ok,183.181,42,2,1,0,0,2305843009213693967:39;2305843009213693973:3,Symbolica_default,cached_powers_Q,8,3,0.188,BalancedZippelSeparated
fire7_nb0_rank2707,Automatic,1,ok,269.921,42,2,1,0,0,2305843009213693967:39;2305843009213693973:3,Symbolica_default,cached_powers_Q,8,3,0.178,BalancedZippelSeparated
fire7_nb0_rank2708,Automatic,1,ok,254.381,44,2,1,0,0,2305843009213693967:41;2305843009213693973:3,Symbolica_default,cached_powers_Q,9,4,0.203,BalancedZippelSeparated
fire7_nb0_rank2709,Automatic,1,ok,201.032,42,2,1,0,0,2305843009213693967:39;2305843009213693973:3,Symbolica_default,cached_powers_Q,9,4,0.172,BalancedZippelSeparated
fire7_nb0_rank2710,Automatic,1,ok,203.351,44,2,1,0,0,2305843009213693967:41;2305843009213693973:3,Symbolica_default,cached_powers_Q,9,3,0.238,BalancedZippelSeparated
fire7_nb0_rank2711,Automatic,1,ok,187.791,44,2,1,0,0,2305843009213693967:41;2305843009213693973:3,Symbolica_default,cached_powers_Q,6,6,0.342,BalancedZippelSeparated
fire7_nb0_rank2712,Automatic,1,ok,195.201,49,2,1,0,0,2305843009213693967:46;2305843009213693973:3,Symbolica_default,cached_powers_Q,4,6,0.220,BalancedZippelSeparated
fire7_nb0_rank2713,Automatic,1,ok,260.332,44,2,1,0,0,2305843009213693967:41;2305843009213693973:3,Symbolica_default,cached_powers_Q,9,4,0.217,BalancedZippelSeparated
fire7_nb0_rank2714,Automatic,1,ok,219.851,44,2,1,0,0,2305843009213693967:41;2305843009213693973:3,Symbolica_default,cached_powers_Q,9,6,0.191,BalancedZippelSeparated
fire7_nb0_rank2715,Automatic,1,ok,378.823,47,2,1,0,0,2305843009213693967:44;2305843009213693973:3,Symbolica_default,cached_powers_Q,6,6,0.373,BalancedZippelSeparated
fire7_nb0_rank2716,Automatic,1,ok,368.362,58,2,1,0,0,2305843009213693967:55;2305843009213693973:3,Symbolica_default,cached_powers_Q,8,5,0.190,BalancedZippelSeparated
fire7_nb0_rank2717,Automatic,1,ok,249.072,58,2,1,0,0,2305843009213693967:55;2305843009213693973:3,Symbolica_default,cached_powers_Q,8,5,0.178,BalancedZippelSeparated
fire7_nb0_rank2718,Automatic,1,ok,197.592,44,2,1,0,0,2305843009213693967:41;2305843009213693973:3,Symbolica_default,cached_powers_Q,9,6,0.187,BalancedZippelSeparated
fire7_nb0_rank2719,Automatic,1,ok,183.781,49,2,1,0,0,2305843009213693967:46;2305843009213693973:3,Symbolica_default,cached_powers_Q,4,6,0.169,BalancedZippelSeparated
fire7_nb0_rank2720,Automatic,1,ok,166.921,49,2,1,0,0,2305843009213693967:46;2305843009213693973:3,Symbolica_default,cached_powers_Q,4,6,0.191,BalancedZippelSeparated
fire7_nb0_rank2721,Automatic,1,ok,261.822,42,2,1,0,0,2305843009213693967:39;2305843009213693973:3,Symbolica_default,cached_powers_Q,9,2,0.195,BalancedZippelSeparated
fire7_nb0_rank2722,Automatic,1,ok,190.731,42,2,1,0,0,2305843009213693967:39;2305843009213693973:3,Symbolica_default,cached_powers_Q,9,2,0.228,BalancedZippelSeparated
fire7_nb0_rank2723,Automatic,1,ok,193.911,49,2,1,0,0,2305843009213693967:46;2305843009213693973:3,Symbolica_default,cached_powers_Q,4,6,0.189,BalancedZippelSeparated
fire7_nb0_rank2724,Automatic,1,ok,254.722,52,2,1,0,0,2305843009213693967:49;2305843009213693973:3,Symbolica_default,cached_powers_Q,8,3,0.307,BalancedZippelSeparated
fire7_nb0_rank2725,Automatic,1,ok,182.781,40,2,1,0,0,2305843009213693967:37;2305843009213693973:3,Symbolica_default,cached_powers_Q,9,4,0.186,BalancedZippelSeparated
fire7_nb0_rank2726,Automatic,1,ok,173.771,49,2,1,0,0,2305843009213693967:46;2305843009213693973:3,Symbolica_default,cached_powers_Q,4,6,0.329,BalancedZippelSeparated
fire7_nb0_rank2727,Automatic,1,ok,352.852,46,2,1,0,0,2305843009213693967:43;2305843009213693973:3,Symbolica_default,cached_powers_Q,9,6,0.309,BalancedZippelSeparated
fire7_nb0_rank2728,Automatic,1,ok,276.512,40,2,1,0,0,2305843009213693967:37;2305843009213693973:3,Symbolica_default,cached_powers_Q,9,4,0.185,BalancedZippelSeparated
fire7_nb0_rank2729,Automatic,1,ok,217.061,47,2,1,0,0,2305843009213693967:44;2305843009213693973:3,Symbolica_default,cached_powers_Q,6,6,0.255,BalancedZippelSeparated
fire7_nb0_rank2730,Automatic,1,ok,202.742,47,2,1,0,0,2305843009213693967:44;2305843009213693973:3,Symbolica_default,cached_powers_Q,6,6,0.189,BalancedZippelSeparated
fire7_nb0_rank2731,Automatic,1,ok,226.631,50,2,1,0,0,2305843009213693967:47;2305843009213693973:3,Symbolica_default,cached_powers_Q,10,4,0.176,BalancedZippelSeparated
fire7_nb0_rank2732,Automatic,1,ok,215.842,47,2,1,0,0,2305843009213693967:44;2305843009213693973:3,Symbolica_default,cached_powers_Q,6,6,0.163,BalancedZippelSeparated
fire7_nb0_rank2733,Automatic,1,ok,166.301,44,2,1,0,0,2305843009213693967:41;2305843009213693973:3,Symbolica_default,cached_powers_Q,8,2,0.173,BalancedZippelSeparated
fire7_nb0_rank2734,Automatic,1,ok,200.151,50,2,1,0,0,2305843009213693967:47;2305843009213693973:3,Symbolica_default,cached_powers_Q,3,10,0.245,BalancedZippelSeparated
fire7_nb0_rank2735,Automatic,1,ok,215.701,50,2,1,0,0,2305843009213693967:47;2305843009213693973:3,Symbolica_default,cached_powers_Q,3,10,0.218,BalancedZippelSeparated
fire7_nb0_rank2736,Automatic,1,ok,269.942,58,2,1,0,0,2305843009213693967:55;2305843009213693973:3,Symbolica_default,cached_powers_Q,11,3,0.314,BalancedZippelSeparated
fire7_nb0_rank2737,Automatic,1,ok,173.201,44,2,1,0,0,2305843009213693967:41;2305843009213693973:3,Symbolica_default,cached_powers_Q,3,9,0.184,BalancedZippelSeparated
fire7_nb0_rank2738,Automatic,1,ok,172.151,43,2,1,0,0,2305843009213693967:40;2305843009213693973:3,Symbolica_default,cached_powers_Q,8,2,0.181,BalancedZippelSeparated
fire7_nb0_rank2739,Automatic,1,ok,179.281,44,2,1,0,0,2305843009213693967:41;2305843009213693973:3,Symbolica_default,cached_powers_Q,3,9,0.180,BalancedZippelSeparated
fire7_nb0_rank2740,Automatic,1,ok,187.921,44,2,1,0,0,2305843009213693967:41;2305843009213693973:3,Symbolica_default,cached_powers_Q,3,9,0.168,BalancedZippelSeparated
fire7_nb0_rank2741,Automatic,1,ok,335.602,71,2,1,0,0,2305843009213693967:68;2305843009213693973:3,Symbolica_default,cached_powers_Q,8,4,0.195,BalancedZippelSeparated
fire7_nb0_rank2742,Automatic,1,ok,180.671,50,2,1,0,0,2305843009213693967:47;2305843009213693973:3,Symbolica_default,cached_powers_Q,10,2,0.187,BalancedZippelSeparated
fire7_nb0_rank2743,Automatic,1,ok,178.131,44,2,1,0,0,2305843009213693967:41;2305843009213693973:3,Symbolica_default,cached_powers_Q,8,2,0.175,BalancedZippelSeparated
fire7_nb0_rank2744,Automatic,1,ok,188.721,43,2,1,0,0,2305843009213693967:40;2305843009213693973:3,Symbolica_default,cached_powers_Q,8,2,0.175,BalancedZippelSeparated
fire7_nb0_rank2745,Automatic,1,ok,205.701,50,2,1,0,0,2305843009213693967:47;2305843009213693973:3,Symbolica_default,cached_powers_Q,3,10,0.227,BalancedZippelSeparated
fire7_nb0_rank2746,Automatic,1,ok,194.491,43,2,1,0,0,2305843009213693967:40;2305843009213693973:3,Symbolica_default,cached_powers_Q,4,6,0.195,BalancedZippelSeparated
fire7_nb0_rank2747,Automatic,1,ok,170.761,43,2,1,0,0,2305843009213693967:40;2305843009213693973:3,Symbolica_default,cached_powers_Q,4,6,0.165,BalancedZippelSeparated
fire7_nb0_rank2748,Automatic,1,ok,179.251,43,2,1,0,0,2305843009213693967:40;2305843009213693973:3,Symbolica_default,cached_powers_Q,4,6,0.159,BalancedZippelSeparated
fire7_nb0_rank2749,Automatic,1,ok,173.232,43,2,1,0,0,2305843009213693967:40;2305843009213693973:3,Symbolica_default,cached_powers_Q,4,6,0.164,BalancedZippelSeparated
fire7_nb0_rank2750,Automatic,1,ok,170.661,43,2,1,0,0,2305843009213693967:40;2305843009213693973:3,Symbolica_default,cached_powers_Q,4,6,0.183,BalancedZippelSeparated
fire7_nb0_rank2751,Automatic,1,ok,164.090,44,2,1,0,0,2305843009213693967:41;2305843009213693973:3,Symbolica_default,cached_powers_Q,8,2,0.187,BalancedZippelSeparated
fire7_nb0_rank2752,Automatic,1,ok,145.210,41,2,1,0,0,2305843009213693967:38;2305843009213693973:3,Symbolica_default,cached_powers_Q,9,1,0.211,BalancedZippelSeparated
fire7_nb0_rank2753,Automatic,1,ok,152.651,41,2,1,0,0,2305843009213693967:38;2305843009213693973:3,Symbolica_default,cached_powers_Q,9,1,0.361,BalancedZippelSeparated
fire7_nb0_rank2754,Automatic,1,ok,323.202,41,2,1,0,0,2305843009213693967:38;2305843009213693973:3,Symbolica_default,cached_powers_Q,8,4,0.199,BalancedZippelSeparated
fire7_nb0_rank2755,Automatic,1,ok,230.362,45,2,1,0,0,2305843009213693967:42;2305843009213693973:3,Symbolica_default,cached_powers_Q,9,4,0.184,BalancedZippelSeparated
fire7_nb0_rank2756,Automatic,1,ok,190.761,47,2,1,0,0,2305843009213693967:44;2305843009213693973:3,Symbolica_default,cached_powers_Q,5,3,0.205,BalancedZippelSeparated
fire7_nb0_rank2757,Automatic,1,ok,195.221,50,2,1,0,0,2305843009213693967:47;2305843009213693973:3,Symbolica_default,cached_powers_Q,3,10,0.185,BalancedZippelSeparated
fire7_nb0_rank2758,Automatic,1,ok,321.251,48,2,1,0,0,2305843009213693967:45;2305843009213693973:3,Symbolica_default,cached_powers_Q,3,10,0.181,BalancedZippelSeparated
fire7_nb0_rank2759,Automatic,1,ok,178.421,44,2,1,0,0,2305843009213693967:41;2305843009213693973:3,Symbolica_default,cached_powers_Q,8,2,0.167,BalancedZippelSeparated
fire7_nb0_rank2760,Automatic,1,ok,320.802,50,2,1,0,0,2305843009213693967:47;2305843009213693973:3,Symbolica_default,cached_powers_Q,3,10,0.187,BalancedZippelSeparated
fire7_nb0_rank2761,Automatic,1,ok,219.392,46,2,1,0,0,2305843009213693967:43;2305843009213693973:3,Symbolica_default,cached_powers_Q,6,6,0.186,BalancedZippelSeparated
fire7_nb0_rank2762,Automatic,1,ok,213.811,53,2,1,0,0,2305843009213693967:50;2305843009213693973:3,Symbolica_default,cached_powers_Q,10,3,0.342,BalancedZippelSeparated
fire7_nb0_rank2763,Automatic,1,ok,210.001,46,2,1,0,0,2305843009213693967:43;2305843009213693973:3,Symbolica_default,cached_powers_Q,6,6,0.182,BalancedZippelSeparated
fire7_nb0_rank2764,Automatic,1,ok,228.531,46,2,1,0,0,2305843009213693967:43;2305843009213693973:3,Symbolica_default,cached_powers_Q,6,6,0.179,BalancedZippelSeparated
fire7_nb0_rank2765,Automatic,1,ok,231.322,52,2,1,0,0,2305843009213693967:49;2305843009213693973:3,Symbolica_default,cached_powers_Q,8,5,0.177,BalancedZippelSeparated
fire7_nb0_rank2766,Automatic,1,ok,378.402,46,2,1,0,0,2305843009213693967:43;2305843009213693973:3,Symbolica_default,cached_powers_Q,6,6,0.167,BalancedZippelSeparated
fire7_nb0_rank2767,Automatic,1,ok,225.101,46,2,1,0,0,2305843009213693967:43;2305843009213693973:3,Symbolica_default,cached_powers_Q,6,6,0.182,BalancedZippelSeparated
fire7_nb0_rank2768,Automatic,1,ok,183.731,41,2,1,0,0,2305843009213693967:38;2305843009213693973:3,Symbolica_default,cached_powers_Q,8,4,0.294,BalancedZippelSeparated
fire7_nb0_rank2769,Automatic,1,ok,222.291,48,2,1,0,0,2305843009213693967:45;2305843009213693973:3,Symbolica_default,cached_powers_Q,8,6,0.188,BalancedZippelSeparated
fire7_nb0_rank2770,Automatic,1,ok,382.502,48,2,1,0,0,2305843009213693967:45;2305843009213693973:3,Symbolica_default,cached_powers_Q,4,4,0.222,BalancedZippelSeparated
fire7_nb0_rank2771,Automatic,1,ok,219.031,48,2,1,0,0,2305843009213693967:45;2305843009213693973:3,Symbolica_default,cached_powers_Q,4,4,0.393,BalancedZippelSeparated
fire7_nb0_rank2772,Automatic,1,ok,160.191,44,2,1,0,0,2305843009213693967:41;2305843009213693973:3,Symbolica_default,cached_powers_Q,8,2,0.190,BalancedZippelSeparated
fire7_nb0_rank2773,Automatic,1,ok,249.111,54,2,1,0,0,2305843009213693967:51;2305843009213693973:3,Symbolica_default,cached_powers_Q,8,5,0.167,BalancedZippelSeparated
fire7_nb0_rank2774,Automatic,1,ok,221.861,46,2,1,0,0,2305843009213693967:43;2305843009213693973:3,Symbolica_default,cached_powers_Q,9,6,0.330,BalancedZippelSeparated
fire7_nb0_rank2775,Automatic,1,ok,315.602,43,2,1,0,0,2305843009213693967:40;2305843009213693973:3,Symbolica_default,cached_powers_Q,9,4,0.184,BalancedZippelSeparated
fire7_nb0_rank2776,Automatic,1,ok,199.061,43,2,1,0,0,2305843009213693967:40;2305843009213693973:3,Symbolica_default,cached_powers_Q,6,6,0.179,BalancedZippelSeparated
fire7_nb0_rank2777,Automatic,1,ok,338.122,44,2,1,0,0,2305843009213693967:41;2305843009213693973:3,Symbolica_default,cached_powers_Q,8,2,0.180,BalancedZippelSeparated
fire7_nb0_rank2778,Automatic,1,ok,260.712,42,2,1,0,0,2305843009213693967:39;2305843009213693973:3,Symbolica_default,cached_powers_Q,6,6,0.310,BalancedZippelSeparated
fire7_nb0_rank2779,Automatic,1,ok,198.221,42,2,1,0,0,2305843009213693967:39;2305843009213693973:3,Symbolica_default,cached_powers_Q,6,6,0.187,BalancedZippelSeparated
fire7_nb0_rank2780,Automatic,1,ok,167.121,46,2,1,0,0,2305843009213693967:43;2305843009213693973:3,Symbolica_default,cached_powers_Q,5,4,0.177,BalancedZippelSeparated
fire7_nb0_rank2781,Automatic,1,ok,176.971,46,2,1,0,0,2305843009213693967:43;2305843009213693973:3,Symbolica_default,cached_powers_Q,5,4,0.168,BalancedZippelSeparated
fire7_nb0_rank2782,Automatic,1,ok,172.321,51,2,1,0,0,2305843009213693967:48;2305843009213693973:3,Symbolica_default,cached_powers_Q,5,2,0.314,BalancedZippelSeparated
fire7_nb0_rank2783,Automatic,1,ok,192.541,43,2,1,0,0,2305843009213693967:40;2305843009213693973:3,Symbolica_default,cached_powers_Q,4,6,0.222,BalancedZippelSeparated
fire7_nb0_rank2784,Automatic,1,ok,297.471,43,2,1,0,0,2305843009213693967:40;2305843009213693973:3,Symbolica_default,cached_powers_Q,9,4,0.331,BalancedZippelSeparated
fire7_nb0_rank2785,Automatic,1,ok,325.832,43,2,1,0,0,2305843009213693967:40;2305843009213693973:3,Symbolica_default,cached_powers_Q,9,4,0.182,BalancedZippelSeparated
fire7_nb0_rank2786,Automatic,1,ok,167.971,42,2,1,0,0,2305843009213693967:39;2305843009213693973:3,Symbolica_default,cached_powers_Q,8,2,0.175,BalancedZippelSeparated
fire7_nb0_rank2787,Automatic,1,ok,145.831,43,2,1,0,0,2305843009213693967:40;2305843009213693973:3,Symbolica_default,cached_powers_Q,10,1,0.163,BalancedZippelSeparated
fire7_nb0_rank2788,Automatic,1,ok,153.840,47,2,1,0,0,2305843009213693967:44;2305843009213693973:3,Symbolica_default,cached_powers_Q,4,3,0.182,BalancedZippelSeparated
fire7_nb0_rank2789,Automatic,1,ok,203.911,43,2,1,0,0,2305843009213693967:40;2305843009213693973:3,Symbolica_default,cached_powers_Q,9,3,0.164,BalancedZippelSeparated
fire7_nb0_rank2790,Automatic,1,ok,214.771,48,2,1,0,0,2305843009213693967:45;2305843009213693973:3,Symbolica_default,cached_powers_Q,8,6,0.183,BalancedZippelSeparated
fire7_nb0_rank2791,Automatic,1,ok,194.921,42,2,1,0,0,2305843009213693967:39;2305843009213693973:3,Symbolica_default,cached_powers_Q,8,2,0.212,BalancedZippelSeparated
fire7_nb0_rank2792,Automatic,1,ok,255.722,45,2,1,0,0,2305843009213693967:42;2305843009213693973:3,Symbolica_default,cached_powers_Q,8,2,0.361,BalancedZippelSeparated
fire7_nb0_rank2793,Automatic,1,ok,190.951,45,2,1,0,0,2305843009213693967:42;2305843009213693973:3,Symbolica_default,cached_powers_Q,8,2,0.233,BalancedZippelSeparated
fire7_nb0_rank2794,Automatic,1,ok,196.961,38,2,1,0,0,2305843009213693967:35;2305843009213693973:3,Symbolica_default,cached_powers_Q,9,2,0.213,BalancedZippelSeparated
fire7_nb0_rank2795,Automatic,1,ok,343.512,42,2,1,0,0,2305843009213693967:39;2305843009213693973:3,Symbolica_default,cached_powers_Q,8,2,0.201,BalancedZippelSeparated
fire7_nb0_rank2796,Automatic,1,ok,192.321,43,2,1,0,0,2305843009213693967:40;2305843009213693973:3,Symbolica_default,cached_powers_Q,4,6,0.168,BalancedZippelSeparated
fire7_nb0_rank2797,Automatic,1,ok,170.241,51,2,1,0,0,2305843009213693967:48;2305843009213693973:3,Symbolica_default,cached_powers_Q,5,2,0.173,BalancedZippelSeparated
fire7_nb0_rank2798,Automatic,1,ok,154.871,51,2,1,0,0,2305843009213693967:48;2305843009213693973:3,Symbolica_default,cached_powers_Q,5,2,0.275,BalancedZippelSeparated
fire7_nb0_rank2799,Automatic,1,ok,218.251,44,2,1,0,0,2305843009213693967:41;2305843009213693973:3,Symbolica_default,cached_powers_Q,6,6,0.185,BalancedZippelSeparated
fire7_nb0_rank2800,Automatic,1,ok,160.751,45,2,1,0,0,2305843009213693967:42;2305843009213693973:3,Symbolica_default,cached_powers_Q,8,2,0.178,BalancedZippelSeparated
fire7_nb0_rank2801,Automatic,1,ok,339.042,43,2,1,0,0,2305843009213693967:40;2305843009213693973:3,Symbolica_default,cached_powers_Q,6,6,0.196,BalancedZippelSeparated
fire7_nb0_rank2802,Automatic,1,ok,177.781,45,2,1,0,0,2305843009213693967:42;2305843009213693973:3,Symbolica_default,cached_powers_Q,8,2,0.174,BalancedZippelSeparated
fire7_nb0_rank2803,Automatic,1,ok,168.501,42,2,1,0,0,2305843009213693967:39;2305843009213693973:3,Symbolica_default,cached_powers_Q,8,2,0.199,BalancedZippelSeparated
fire7_nb0_rank2804,Automatic,1,ok,163.881,53,2,1,0,0,2305843009213693967:50;2305843009213693973:3,Symbolica_default,cached_powers_Q,5,2,0.187,BalancedZippelSeparated
fire7_nb0_rank2805,Automatic,1,ok,170.411,50,2,1,0,0,2305843009213693967:47;2305843009213693973:3,Symbolica_default,cached_powers_Q,3,10,0.185,BalancedZippelSeparated
fire7_nb0_rank2806,Automatic,1,ok,363.063,44,2,1,0,0,2305843009213693967:41;2305843009213693973:3,Symbolica_default,cached_powers_Q,9,4,0.185,BalancedZippelSeparated
fire7_nb0_rank2807,Automatic,1,ok,171.321,41,2,1,0,0,2305843009213693967:38;2305843009213693973:3,Symbolica_default,cached_powers_Q,8,2,0.184,BalancedZippelSeparated
fire7_nb0_rank2808,Automatic,1,ok,181.081,42,2,1,0,0,2305843009213693967:39;2305843009213693973:3,Symbolica_default,cached_powers_Q,8,2,0.186,BalancedZippelSeparated
fire7_nb0_rank2809,Automatic,1,ok,318.211,43,2,1,0,0,2305843009213693967:40;2305843009213693973:3,Symbolica_default,cached_powers_Q,8,2,0.179,BalancedZippelSeparated
fire7_nb0_rank2810,Automatic,1,ok,155.831,41,2,1,0,0,2305843009213693967:38;2305843009213693973:3,Symbolica_default,cached_powers_Q,9,2,0.187,BalancedZippelSeparated
fire7_nb0_rank2811,Automatic,1,ok,187.061,44,2,1,0,0,2305843009213693967:41;2305843009213693973:3,Symbolica_default,cached_powers_Q,9,2,0.162,BalancedZippelSeparated
fire7_nb0_rank2812,Automatic,1,ok,179.971,45,2,1,0,0,2305843009213693967:42;2305843009213693973:3,Symbolica_default,cached_powers_Q,3,6,0.201,BalancedZippelSeparated
fire7_nb0_rank2813,Automatic,1,ok,253.711,43,2,1,0,0,2305843009213693967:40;2305843009213693973:3,Symbolica_default,cached_powers_Q,9,4,0.226,BalancedZippelSeparated
fire7_nb0_rank2814,Automatic,1,ok,225.411,42,2,1,0,0,2305843009213693967:39;2305843009213693973:3,Symbolica_default,cached_powers_Q,6,2,0.363,BalancedZippelSeparated
fire7_nb0_rank2815,Automatic,1,ok,360.853,42,2,1,0,0,2305843009213693967:39;2305843009213693973:3,Symbolica_default,cached_powers_Q,6,2,0.236,BalancedZippelSeparated
fire7_nb0_rank2816,Automatic,1,ok,204.841,50,2,1,0,0,2305843009213693967:47;2305843009213693973:3,Symbolica_default,cached_powers_Q,3,10,0.233,BalancedZippelSeparated
fire7_nb0_rank2817,Automatic,1,ok,371.572,66,2,1,0,0,2305843009213693967:63;2305843009213693973:3,Symbolica_default,cached_powers_Q,9,2,0.220,BalancedZippelSeparated
fire7_nb0_rank2818,Automatic,1,ok,241.771,43,2,1,0,0,2305843009213693967:40;2305843009213693973:3,Symbolica_default,cached_powers_Q,9,4,0.328,BalancedZippelSeparated
fire7_nb0_rank2819,Automatic,1,ok,281.211,39,2,1,0,0,2305843009213693967:36;2305843009213693973:3,Symbolica_default,cached_powers_Q,9,4,0.174,BalancedZippelSeparated
fire7_nb0_rank2820,Automatic,1,ok,183.521,39,2,1,0,0,2305843009213693967:36;2305843009213693973:3,Symbolica_default,cached_powers_Q,9,4,0.172,BalancedZippelSeparated
fire7_nb0_rank2821,Automatic,1,ok,149.021,38,2,1,0,0,2305843009213693967:35;2305843009213693973:3,Symbolica_default,cached_powers_Q,9,2,0.178,BalancedZippelSeparated
fire7_nb0_rank2822,Automatic,1,ok,172.691,41,2,1,0,0,2305843009213693967:38;2305843009213693973:3,Symbolica_default,cached_powers_Q,4,6,0.169,BalancedZippelSeparated
fire7_nb0_rank2823,Automatic,1,ok,168.071,49,2,1,0,0,2305843009213693967:46;2305843009213693973:3,Symbolica_default,cached_powers_Q,4,6,0.174,BalancedZippelSeparated
fire7_nb0_rank2824,Automatic,1,ok,312.872,49,2,1,0,0,2305843009213693967:46;2305843009213693973:3,Symbolica_default,cached_powers_Q,4,6,0.186,BalancedZippelSeparated
fire7_nb0_rank2825,Automatic,1,ok,194.511,44,2,1,0,0,2305843009213693967:41;2305843009213693973:3,Symbolica_default,cached_powers_Q,4,6,0.162,BalancedZippelSeparated
fire7_nb0_rank2826,Automatic,1,ok,200.301,49,2,1,0,0,2305843009213693967:46;2305843009213693973:3,Symbolica_default,cached_powers_Q,4,6,0.177,BalancedZippelSeparated
fire7_nb0_rank2827,Automatic,1,ok,427.202,41,2,1,0,0,2305843009213693967:38;2305843009213693973:3,Symbolica_default,cached_powers_Q,4,6,0.189,BalancedZippelSeparated
fire7_nb0_rank2828,Automatic,1,ok,171.521,41,2,1,0,0,2305843009213693967:38;2305843009213693973:3,Symbolica_default,cached_powers_Q,4,6,0.189,BalancedZippelSeparated
fire7_nb0_rank2829,Automatic,1,ok,192.992,41,2,1,0,0,2305843009213693967:38;2305843009213693973:3,Symbolica_default,cached_powers_Q,4,6,0.193,BalancedZippelSeparated
fire7_nb0_rank2830,Automatic,1,ok,178.091,49,2,1,0,0,2305843009213693967:46;2305843009213693973:3,Symbolica_default,cached_powers_Q,4,6,0.315,BalancedZippelSeparated
fire7_nb0_rank2831,Automatic,1,ok,326.842,54,2,1,0,0,2305843009213693967:51;2305843009213693973:3,Symbolica_default,cached_powers_Q,3,5,0.208,BalancedZippelSeparated
fire7_nb0_rank2832,Automatic,1,ok,173.950,54,2,1,0,0,2305843009213693967:51;2305843009213693973:3,Symbolica_default,cached_powers_Q,3,5,0.305,BalancedZippelSeparated
fire7_nb0_rank2833,Automatic,1,ok,174.192,41,2,1,0,0,2305843009213693967:38;2305843009213693973:3,Symbolica_default,cached_powers_Q,4,6,0.223,BalancedZippelSeparated
fire7_nb0_rank2834,Automatic,1,ok,347.132,49,2,1,0,0,2305843009213693967:46;2305843009213693973:3,Symbolica_default,cached_powers_Q,4,6,0.180,BalancedZippelSeparated
fire7_nb0_rank2835,Automatic,1,ok,160.441,41,2,1,0,0,2305843009213693967:38;2305843009213693973:3,Symbolica_default,cached_powers_Q,4,6,0.295,BalancedZippelSeparated
fire7_nb0_rank2836,Automatic,1,ok,172.261,41,2,1,0,0,2305843009213693967:38;2305843009213693973:3,Symbolica_default,cached_powers_Q,4,6,0.164,BalancedZippelSeparated
fire7_nb0_rank2837,Automatic,1,ok,166.910,42,2,1,0,0,2305843009213693967:39;2305843009213693973:3,Symbolica_default,cached_powers_Q,9,2,0.169,BalancedZippelSeparated
fire7_nb0_rank2838,Automatic,1,ok,172.221,41,2,1,0,0,2305843009213693967:38;2305843009213693973:3,Symbolica_default,cached_powers_Q,9,2,0.159,BalancedZippelSeparated
fire7_nb0_rank2839,Automatic,1,ok,263.221,44,2,1,0,0,2305843009213693967:41;2305843009213693973:3,Symbolica_default,cached_powers_Q,4,6,0.334,BalancedZippelSeparated
fire7_nb0_rank2840,Automatic,1,ok,187.741,42,2,1,0,0,2305843009213693967:39;2305843009213693973:3,Symbolica_default,cached_powers_Q,9,2,0.186,BalancedZippelSeparated
fire7_nb0_rank2841,Automatic,1,ok,320.952,42,2,1,0,0,2305843009213693967:39;2305843009213693973:3,Symbolica_default,cached_powers_Q,9,2,0.183,BalancedZippelSeparated
fire7_nb0_rank2842,Automatic,1,ok,165.771,42,2,1,0,0,2305843009213693967:39;2305843009213693973:3,Symbolica_default,cached_powers_Q,9,2,0.201,BalancedZippelSeparated
fire7_nb0_rank2843,Automatic,1,ok,341.142,58,2,1,0,0,2305843009213693967:55;2305843009213693973:3,Symbolica_default,cached_powers_Q,4,5,0.176,BalancedZippelSeparated
fire7_nb0_rank2844,Automatic,1,ok,213.781,44,2,1,0,0,2305843009213693967:41;2305843009213693973:3,Symbolica_default,cached_powers_Q,4,6,0.204,BalancedZippelSeparated
fire7_nb0_rank2845,Automatic,1,ok,183.841,38,2,1,0,0,2305843009213693967:35;2305843009213693973:3,Symbolica_default,cached_powers_Q,9,2,0.193,BalancedZippelSeparated
fire7_nb0_rank2846,Automatic,1,ok,262.902,38,2,1,0,0,2305843009213693967:35;2305843009213693973:3,Symbolica_default,cached_powers_Q,6,4,0.343,BalancedZippelSeparated
fire7_nb0_rank2847,Automatic,1,ok,173.530,38,2,1,0,0,2305843009213693967:35;2305843009213693973:3,Symbolica_default,cached_powers_Q,6,4,0.216,BalancedZippelSeparated
fire7_nb0_rank2848,Automatic,1,ok,256.432,53,2,1,0,0,2305843009213693967:50;2305843009213693973:3,Symbolica_default,cached_powers_Q,8,3,0.191,BalancedZippelSeparated
fire7_nb0_rank2849,Automatic,1,ok,190.462,42,2,1,0,0,2305843009213693967:39;2305843009213693973:3,Symbolica_default,cached_powers_Q,9,2,0.387,BalancedZippelSeparated
fire7_nb0_rank2850,Automatic,1,ok,161.571,38,2,1,0,0,2305843009213693967:35;2305843009213693973:3,Symbolica_default,cached_powers_Q,9,2,0.284,BalancedZippelSeparated
fire7_nb0_rank2851,Automatic,1,ok,199.781,47,2,1,0,0,2305843009213693967:44;2305843009213693973:3,Symbolica_default,cached_powers_Q,8,4,0.196,BalancedZippelSeparated
fire7_nb0_rank2852,Automatic,1,ok,170.661,44,2,1,0,0,2305843009213693967:41;2305843009213693973:3,Symbolica_default,cached_powers_Q,5,3,0.184,BalancedZippelSeparated
fire7_nb0_rank2853,Automatic,1,ok,169.741,41,2,1,0,0,2305843009213693967:38;2305843009213693973:3,Symbolica_default,cached_powers_Q,4,6,0.313,BalancedZippelSeparated
fire7_nb0_rank2854,Automatic,1,ok,297.821,41,2,1,0,0,2305843009213693967:38;2305843009213693973:3,Symbolica_default,cached_powers_Q,4,6,0.186,BalancedZippelSeparated
fire7_nb0_rank2855,Automatic,1,ok,166.531,44,2,1,0,0,2305843009213693967:41;2305843009213693973:3,Symbolica_default,cached_powers_Q,5,3,0.177,BalancedZippelSeparated
fire7_nb0_rank2856,Automatic,1,ok,308.082,41,2,1,0,0,2305843009213693967:38;2305843009213693973:3,Symbolica_default,cached_powers_Q,9,2,0.162,BalancedZippelSeparated
fire7_nb0_rank2857,Automatic,1,ok,151.691,38,2,1,0,0,2305843009213693967:35;2305843009213693973:3,Symbolica_default,cached_powers_Q,9,2,0.177,BalancedZippelSeparated
fire7_nb0_rank2858,Automatic,1,ok,379.923,53,2,1,0,0,2305843009213693967:50;2305843009213693973:3,Symbolica_default,cached_powers_Q,8,3,0.180,BalancedZippelSeparated
fire7_nb0_rank2859,Automatic,1,ok,202.941,53,2,1,0,0,2305843009213693967:50;2305843009213693973:3,Symbolica_default,cached_powers_Q,8,3,0.190,BalancedZippelSeparated
fire7_nb0_rank2860,Automatic,1,ok,221.462,51,2,1,0,0,2305843009213693967:48;2305843009213693973:3,Symbolica_default,cached_powers_Q,8,3,0.180,BalancedZippelSeparated
fire7_nb0_rank2861,Automatic,1,ok,253.521,51,2,1,0,0,2305843009213693967:48;2305843009213693973:3,Symbolica_default,cached_powers_Q,8,3,0.291,BalancedZippelSeparated
fire7_nb0_rank2862,Automatic,1,ok,228.591,46,2,1,0,0,2305843009213693967:43;2305843009213693973:3,Symbolica_default,cached_powers_Q,9,6,0.324,BalancedZippelSeparated
fire7_nb0_rank2863,Automatic,1,ok,159.211,43,2,1,0,0,2305843009213693967:40;2305843009213693973:3,Symbolica_default,cached_powers_Q,3,6,0.186,BalancedZippelSeparated
fire7_nb0_rank2864,Automatic,1,ok,308.692,48,2,1,0,0,2305843009213693967:45;2305843009213693973:3,Symbolica_default,cached_powers_Q,5,6,0.171,BalancedZippelSeparated
fire7_nb0_rank2865,Automatic,1,ok,167.221,43,2,1,0,0,2305843009213693967:40;2305843009213693973:3,Symbolica_default,cached_powers_Q,4,4,0.170,BalancedZippelSeparated
fire7_nb0_rank2866,Automatic,1,ok,168.501,38,2,1,0,0,2305843009213693967:35;2305843009213693973:3,Symbolica_default,cached_powers_Q,6,4,0.169,BalancedZippelSeparated
fire7_nb0_rank2867,Automatic,1,ok,161.471,42,2,1,0,0,2305843009213693967:39;2305843009213693973:3,Symbolica_default,cached_powers_Q,9,2,0.166,BalancedZippelSeparated
fire7_nb0_rank2868,Automatic,1,ok,180.301,41,2,1,0,0,2305843009213693967:38;2305843009213693973:3,Symbolica_default,cached_powers_Q,4,6,0.202,BalancedZippelSeparated
fire7_nb0_rank2869,Automatic,1,ok,189.111,41,2,1,0,0,2305843009213693967:38;2305843009213693973:3,Symbolica_default,cached_powers_Q,4,6,0.188,BalancedZippelSeparated
fire7_nb0_rank2870,Automatic,1,ok,180.611,38,2,1,0,0,2305843009213693967:35;2305843009213693973:3,Symbolica_default,cached_powers_Q,6,4,0.213,BalancedZippelSeparated
fire7_nb0_rank2871,Automatic,1,ok,169.891,42,2,1,0,0,2305843009213693967:39;2305843009213693973:3,Symbolica_default,cached_powers_Q,9,2,0.334,BalancedZippelSeparated
fire7_nb0_rank2872,Automatic,1,ok,171.151,41,2,1,0,0,2305843009213693967:38;2305843009213693973:3,Symbolica_default,cached_powers_Q,9,2,0.174,BalancedZippelSeparated
fire7_nb0_rank2873,Automatic,1,ok,195.431,42,2,1,0,0,2305843009213693967:39;2305843009213693973:3,Symbolica_default,cached_powers_Q,4,6,0.391,BalancedZippelSeparated
fire7_nb0_rank2874,Automatic,1,ok,186.251,41,2,1,0,0,2305843009213693967:38;2305843009213693973:3,Symbolica_default,cached_powers_Q,4,6,0.172,BalancedZippelSeparated
fire7_nb0_rank2875,Automatic,1,ok,161.401,41,2,1,0,0,2305843009213693967:38;2305843009213693973:3,Symbolica_default,cached_powers_Q,4,6,0.184,BalancedZippelSeparated
fire7_nb0_rank2876,Automatic,1,ok,179.451,41,2,1,0,0,2305843009213693967:38;2305843009213693973:3,Symbolica_default,cached_powers_Q,4,6,0.181,BalancedZippelSeparated
fire7_nb0_rank2877,Automatic,1,ok,181.071,41,2,1,0,0,2305843009213693967:38;2305843009213693973:3,Symbolica_default,cached_powers_Q,9,2,0.223,BalancedZippelSeparated
fire7_nb0_rank2878,Automatic,1,ok,348.402,39,2,1,0,0,2305843009213693967:36;2305843009213693973:3,Symbolica_default,cached_powers_Q,6,3,0.190,BalancedZippelSeparated
fire7_nb0_rank2879,Automatic,1,ok,194.801,46,2,1,0,0,2305843009213693967:43;2305843009213693973:3,Symbolica_default,cached_powers_Q,5,3,0.209,BalancedZippelSeparated
fire7_nb0_rank2880,Automatic,1,ok,173.631,46,2,1,0,0,2305843009213693967:43;2305843009213693973:3,Symbolica_default,cached_powers_Q,5,3,0.201,BalancedZippelSeparated
fire7_nb0_rank2881,Automatic,1,ok,205.161,41,2,1,0,0,2305843009213693967:38;2305843009213693973:3,Symbolica_default,cached_powers_Q,9,2,0.304,BalancedZippelSeparated
fire7_nb0_rank2882,Automatic,1,ok,176.511,46,2,1,0,0,2305843009213693967:43;2305843009213693973:3,Symbolica_default,cached_powers_Q,6,3,0.178,BalancedZippelSeparated
fire7_nb0_rank2883,Automatic,1,ok,161.191,46,2,1,0,0,2305843009213693967:43;2305843009213693973:3,Symbolica_default,cached_powers_Q,4,6,0.177,BalancedZippelSeparated
fire7_nb0_rank2884,Automatic,1,ok,160.181,46,2,1,0,0,2305843009213693967:43;2305843009213693973:3,Symbolica_default,cached_powers_Q,4,6,0.190,BalancedZippelSeparated
fire7_nb0_rank2885,Automatic,1,ok,212.642,46,2,1,0,0,2305843009213693967:43;2305843009213693973:3,Symbolica_default,cached_powers_Q,4,6,0.225,BalancedZippelSeparated
fire7_nb0_rank2886,Automatic,1,ok,190.771,46,2,1,0,0,2305843009213693967:43;2305843009213693973:3,Symbolica_default,cached_powers_Q,4,6,0.198,BalancedZippelSeparated
fire7_nb0_rank2887,Automatic,1,ok,236.661,47,2,1,0,0,2305843009213693967:44;2305843009213693973:3,Symbolica_default,cached_powers_Q,4,6,0.296,BalancedZippelSeparated
fire7_nb0_rank2888,Automatic,1,ok,177.701,46,2,1,0,0,2305843009213693967:43;2305843009213693973:3,Symbolica_default,cached_powers_Q,6,3,0.187,BalancedZippelSeparated
fire7_nb0_rank2889,Automatic,1,ok,195.681,48,2,1,0,0,2305843009213693967:45;2305843009213693973:3,Symbolica_default,cached_powers_Q,8,3,0.183,BalancedZippelSeparated
fire7_nb0_rank2890,Automatic,1,ok,174.851,47,2,1,0,0,2305843009213693967:44;2305843009213693973:3,Symbolica_default,cached_powers_Q,6,3,0.165,BalancedZippelSeparated
fire7_nb0_rank2891,Automatic,1,ok,221.182,43,2,1,0,0,2305843009213693967:40;2305843009213693973:3,Symbolica_default,cached_powers_Q,8,4,0.202,BalancedZippelSeparated
fire7_nb0_rank2892,Automatic,1,ok,152.211,46,2,1,0,0,2305843009213693967:43;2305843009213693973:3,Symbolica_default,cached_powers_Q,5,3,0.175,BalancedZippelSeparated
fire7_nb0_rank2893,Automatic,1,ok,151.411,46,2,1,0,0,2305843009213693967:43;2305843009213693973:3,Symbolica_default,cached_powers_Q,5,3,0.182,BalancedZippelSeparated
fire7_nb0_rank2894,Automatic,1,ok,152.670,46,2,1,0,0,2305843009213693967:43;2305843009213693973:3,Symbolica_default,cached_powers_Q,5,3,0.178,BalancedZippelSeparated
fire7_nb0_rank2895,Automatic,1,ok,191.661,47,2,1,0,0,2305843009213693967:44;2305843009213693973:3,Symbolica_default,cached_powers_Q,5,2,0.274,BalancedZippelSeparated
fire7_nb0_rank2896,Automatic,1,ok,153.781,42,2,1,0,0,2305843009213693967:39;2305843009213693973:3,Symbolica_default,cached_powers_Q,5,4,0.174,BalancedZippelSeparated
fire7_nb0_rank2897,Automatic,1,ok,148.361,42,2,1,0,0,2305843009213693967:39;2305843009213693973:3,Symbolica_default,cached_powers_Q,5,4,0.170,BalancedZippelSeparated
fire7_nb0_rank2898,Automatic,1,ok,168.790,42,2,1,0,0,2305843009213693967:39;2305843009213693973:3,Symbolica_default,cached_powers_Q,5,4,0.163,BalancedZippelSeparated
fire7_nb0_rank2899,Automatic,1,ok,164.612,46,2,1,0,0,2305843009213693967:43;2305843009213693973:3,Symbolica_default,cached_powers_Q,5,3,0.158,BalancedZippelSeparated
fire7_nb0_rank2900,Automatic,1,ok,191.321,46,2,1,0,0,2305843009213693967:43;2305843009213693973:3,Symbolica_default,cached_powers_Q,5,3,0.206,BalancedZippelSeparated
fire7_nb0_rank2901,Automatic,1,ok,165.412,46,2,1,0,0,2305843009213693967:43;2305843009213693973:3,Symbolica_default,cached_powers_Q,5,3,0.339,BalancedZippelSeparated
fire7_nb0_rank2902,Automatic,1,ok,173.631,43,2,1,0,0,2305843009213693967:40;2305843009213693973:3,Symbolica_default,cached_powers_Q,3,6,0.275,BalancedZippelSeparated
fire7_nb0_rank2903,Automatic,1,ok,196.941,58,2,1,0,0,2305843009213693967:55;2305843009213693973:3,Symbolica_default,cached_powers_Q,7,2,0.204,BalancedZippelSeparated
fire7_nb0_rank2904,Automatic,1,ok,192.692,43,2,1,0,0,2305843009213693967:40;2305843009213693973:3,Symbolica_default,cached_powers_Q,4,4,0.354,BalancedZippelSeparated
fire7_nb0_rank2905,Automatic,1,ok,206.792,46,2,1,0,0,2305843009213693967:43;2305843009213693973:3,Symbolica_default,cached_powers_Q,8,3,0.200,BalancedZippelSeparated
fire7_nb0_rank2906,Automatic,1,ok,162.970,41,2,1,0,0,2305843009213693967:38;2305843009213693973:3,Symbolica_default,cached_powers_Q,6,4,0.187,BalancedZippelSeparated
fire7_nb0_rank2907,Automatic,1,ok,156.421,39,2,1,0,0,2305843009213693967:36;2305843009213693973:3,Symbolica_default,cached_powers_Q,6,4,0.187,BalancedZippelSeparated
fire7_nb0_rank2908,Automatic,1,ok,301.912,42,2,1,0,0,2305843009213693967:39;2305843009213693973:3,Symbolica_default,cached_powers_Q,5,4,0.171,BalancedZippelSeparated
fire7_nb0_rank2909,Automatic,1,ok,231.762,42,2,1,0,0,2305843009213693967:39;2305843009213693973:3,Symbolica_default,cached_powers_Q,5,4,0.214,BalancedZippelSeparated
fire7_nb0_rank2910,Automatic,1,ok,288.932,43,2,1,0,0,2305843009213693967:40;2305843009213693973:3,Symbolica_default,cached_powers_Q,6,3,0.322,BalancedZippelSeparated
fire7_nb0_rank2911,Automatic,1,ok,295.042,44,2,1,0,0,2305843009213693967:41;2305843009213693973:3,Symbolica_default,cached_powers_Q,5,3,0.449,BalancedZippelSeparated
fire7_nb0_rank2912,Automatic,1,ok,185.321,41,2,1,0,0,2305843009213693967:38;2305843009213693973:3,Symbolica_default,cached_powers_Q,9,2,0.315,BalancedZippelSeparated
fire7_nb0_rank2913,Automatic,1,ok,202.001,41,2,1,0,0,2305843009213693967:38;2305843009213693973:3,Symbolica_default,cached_powers_Q,9,2,0.271,BalancedZippelSeparated
fire7_nb0_rank2914,Automatic,1,ok,198.401,41,2,1,0,0,2305843009213693967:38;2305843009213693973:3,Symbolica_default,cached_powers_Q,9,2,0.199,BalancedZippelSeparated
fire7_nb0_rank2915,Automatic,1,ok,172.361,41,2,1,0,0,2305843009213693967:38;2305843009213693973:3,Symbolica_default,cached_powers_Q,9,2,0.215,BalancedZippelSeparated
fire7_nb0_rank2916,Automatic,1,ok,291.371,41,2,1,0,0,2305843009213693967:38;2305843009213693973:3,Symbolica_default,cached_powers_Q,3,4,0.194,BalancedZippelSeparated
fire7_nb0_rank2917,Automatic,1,ok,178.301,41,2,1,0,0,2305843009213693967:38;2305843009213693973:3,Symbolica_default,cached_powers_Q,3,4,0.174,BalancedZippelSeparated
fire7_nb0_rank2918,Automatic,1,ok,171.821,41,2,1,0,0,2305843009213693967:38;2305843009213693973:3,Symbolica_default,cached_powers_Q,9,2,0.187,BalancedZippelSeparated
fire7_nb0_rank2919,Automatic,1,ok,211.791,43,2,1,0,0,2305843009213693967:40;2305843009213693973:3,Symbolica_default,cached_powers_Q,6,3,0.195,BalancedZippelSeparated
fire7_nb0_rank2920,Automatic,1,ok,209.921,49,2,1,0,0,2305843009213693967:46;2305843009213693973:3,Symbolica_default,cached_powers_Q,6,5,0.208,BalancedZippelSeparated
fire7_nb0_rank2921,Automatic,1,ok,164.912,39,2,1,0,0,2305843009213693967:36;2305843009213693973:3,Symbolica_default,cached_powers_Q,4,6,0.190,BalancedZippelSeparated
fire7_nb0_rank2922,Automatic,1,ok,184.471,39,2,1,0,0,2305843009213693967:36;2305843009213693973:3,Symbolica_default,cached_powers_Q,4,6,0.171,BalancedZippelSeparated
fire7_nb0_rank2923,Automatic,1,ok,201.761,49,2,1,0,0,2305843009213693967:46;2305843009213693973:3,Symbolica_default,cached_powers_Q,6,5,0.205,BalancedZippelSeparated
fire7_nb0_rank2924,Automatic,1,ok,161.971,39,2,1,0,0,2305843009213693967:36;2305843009213693973:3,Symbolica_default,cached_powers_Q,4,4,0.178,BalancedZippelSeparated
fire7_nb0_rank2925,Automatic,1,ok,168.841,39,2,1,0,0,2305843009213693967:36;2305843009213693973:3,Symbolica_default,cached_powers_Q,4,4,0.175,BalancedZippelSeparated
fire7_nb0_rank2926,Automatic,1,ok,183.361,44,2,1,0,0,2305843009213693967:41;2305843009213693973:3,Symbolica_default,cached_powers_Q,8,3,0.169,BalancedZippelSeparated
fire7_nb0_rank2927,Automatic,1,ok,161.941,47,2,1,0,0,2305843009213693967:44;2305843009213693973:3,Symbolica_default,cached_powers_Q,4,2,0.171,BalancedZippelSeparated
fire7_nb0_rank2928,Automatic,1,ok,151.321,39,2,1,0,0,2305843009213693967:36;2305843009213693973:3,Symbolica_default,cached_powers_Q,6,2,0.165,BalancedZippelSeparated
fire7_nb0_rank2929,Automatic,1,ok,280.021,44,2,1,0,0,2305843009213693967:41;2305843009213693973:3,Symbolica_default,cached_powers_Q,5,3,0.180,BalancedZippelSeparated
fire7_nb0_rank2930,Automatic,1,ok,171.381,41,2,1,0,0,2305843009213693967:38;2305843009213693973:3,Symbolica_default,cached_powers_Q,8,1,0.241,BalancedZippelSeparated
fire7_nb0_rank2931,Automatic,1,ok,168.221,41,2,1,0,0,2305843009213693967:38;2305843009213693973:3,Symbolica_default,cached_powers_Q,9,2,0.290,BalancedZippelSeparated
fire7_nb0_rank2932,Automatic,1,ok,233.061,46,2,1,0,0,2305843009213693967:43;2305843009213693973:3,Symbolica_default,cached_powers_Q,8,3,0.201,BalancedZippelSeparated
fire7_nb0_rank2933,Automatic,1,ok,178.991,44,2,1,0,0,2305843009213693967:41;2305843009213693973:3,Symbolica_default,cached_powers_Q,5,3,0.192,BalancedZippelSeparated
fire7_nb0_rank2934,Automatic,1,ok,188.721,41,2,1,0,0,2305843009213693967:38;2305843009213693973:3,Symbolica_default,cached_powers_Q,9,2,0.201,BalancedZippelSeparated
fire7_nb0_rank2935,Automatic,1,ok,183.571,41,2,1,0,0,2305843009213693967:38;2305843009213693973:3,Symbolica_default,cached_powers_Q,9,2,0.186,BalancedZippelSeparated
fire7_nb0_rank2936,Automatic,1,ok,186.671,41,2,1,0,0,2305843009213693967:38;2305843009213693973:3,Symbolica_default,cached_powers_Q,3,6,0.180,BalancedZippelSeparated
fire7_nb0_rank2937,Automatic,1,ok,167.311,50,2,1,0,0,2305843009213693967:47;2305843009213693973:3,Symbolica_default,cached_powers_Q,3,5,0.168,BalancedZippelSeparated
fire7_nb0_rank2938,Automatic,1,ok,242.312,53,2,1,0,0,2305843009213693967:50;2305843009213693973:3,Symbolica_default,cached_powers_Q,8,3,0.187,BalancedZippelSeparated
fire7_nb0_rank2939,Automatic,1,ok,160.991,37,2,1,0,0,2305843009213693967:34;2305843009213693973:3,Symbolica_default,cached_powers_Q,6,2,0.185,BalancedZippelSeparated
fire7_nb0_rank2940,Automatic,1,ok,154.541,38,2,1,0,0,2305843009213693967:35;2305843009213693973:3,Symbolica_default,cached_powers_Q,6,2,0.175,BalancedZippelSeparated
fire7_nb0_rank2941,Automatic,1,ok,157.611,38,2,1,0,0,2305843009213693967:35;2305843009213693973:3,Symbolica_default,cached_powers_Q,6,2,0.177,BalancedZippelSeparated
fire7_nb0_rank2942,Automatic,1,ok,159.011,44,2,1,0,0,2305843009213693967:41;2305843009213693973:3,Symbolica_default,cached_powers_Q,5,3,0.188,BalancedZippelSeparated
fire7_nb0_rank2943,Automatic,1,ok,165.592,44,2,1,0,0,2305843009213693967:41;2305843009213693973:3,Symbolica_default,cached_powers_Q,5,3,0.176,BalancedZippelSeparated
fire7_nb0_rank2944,Automatic,1,ok,171.631,44,2,1,0,0,2305843009213693967:41;2305843009213693973:3,Symbolica_default,cached_powers_Q,5,3,0.202,BalancedZippelSeparated
fire7_nb0_rank2945,Automatic,1,ok,165.311,41,2,1,0,0,2305843009213693967:38;2305843009213693973:3,Symbolica_default,cached_powers_Q,9,2,0.188,BalancedZippelSeparated
fire7_nb0_rank2946,Automatic,1,ok,184.361,43,2,1,0,0,2305843009213693967:40;2305843009213693973:3,Symbolica_default,cached_powers_Q,8,4,0.179,BalancedZippelSeparated
fire7_nb0_rank2947,Automatic,1,ok,148.961,39,2,1,0,0,2305843009213693967:36;2305843009213693973:3,Symbolica_default,cached_powers_Q,3,4,0.189,BalancedZippelSeparated
fire7_nb0_rank2948,Automatic,1,ok,200.681,43,2,1,0,0,2305843009213693967:40;2305843009213693973:3,Symbolica_default,cached_powers_Q,6,3,0.166,BalancedZippelSeparated
fire7_nb0_rank2949,Automatic,1,ok,177.961,41,2,1,0,0,2305843009213693967:38;2305843009213693973:3,Symbolica_default,cached_powers_Q,3,6,0.228,BalancedZippelSeparated
fire7_nb0_rank2950,Automatic,1,ok,162.661,40,2,1,0,0,2305843009213693967:37;2305843009213693973:3,Symbolica_default,cached_powers_Q,6,3,0.204,BalancedZippelSeparated
fire7_nb0_rank2951,Automatic,1,ok,169.892,39,2,1,0,0,2305843009213693967:36;2305843009213693973:3,Symbolica_default,cached_powers_Q,3,4,0.192,BalancedZippelSeparated
fire7_nb0_rank2952,Automatic,1,ok,165.631,39,2,1,0,0,2305843009213693967:36;2305843009213693973:3,Symbolica_default,cached_powers_Q,3,4,0.215,BalancedZippelSeparated
fire7_nb0_rank2953,Automatic,1,ok,179.331,42,2,1,0,0,2305843009213693967:39;2305843009213693973:3,Symbolica_default,cached_powers_Q,3,6,0.183,BalancedZippelSeparated
fire7_nb0_rank2954,Automatic,1,ok,174.311,41,2,1,0,0,2305843009213693967:38;2305843009213693973:3,Symbolica_default,cached_powers_Q,3,6,0.176,BalancedZippelSeparated
fire7_nb0_rank2955,Automatic,1,ok,170.021,39,2,1,0,0,2305843009213693967:36;2305843009213693973:3,Symbolica_default,cached_powers_Q,6,4,0.201,BalancedZippelSeparated
fire7_nb0_rank2956,Automatic,1,ok,163.261,43,2,1,0,0,2305843009213693967:40;2305843009213693973:3,Symbolica_default,cached_powers_Q,4,4,0.175,BalancedZippelSeparated
fire7_nb0_rank2957,Automatic,1,ok,201.181,43,2,1,0,0,2305843009213693967:40;2305843009213693973:3,Symbolica_default,cached_powers_Q,4,4,0.292,BalancedZippelSeparated
fire7_nb0_rank2958,Automatic,1,ok,308.922,40,2,1,0,0,2305843009213693967:37;2305843009213693973:3,Symbolica_default,cached_powers_Q,4,3,0.170,BalancedZippelSeparated
fire7_nb0_rank2959,Automatic,1,ok,190.250,37,2,1,0,0,2305843009213693967:34;2305843009213693973:3,Symbolica_default,cached_powers_Q,6,4,0.203,BalancedZippelSeparated
fire7_nb0_rank2960,Automatic,1,ok,327.252,39,2,1,0,0,2305843009213693967:36;2305843009213693973:3,Symbolica_default,cached_powers_Q,4,6,0.176,BalancedZippelSeparated
fire7_nb0_rank2961,Automatic,1,ok,164.890,41,2,1,0,0,2305843009213693967:38;2305843009213693973:3,Symbolica_default,cached_powers_Q,3,6,0.168,BalancedZippelSeparated
fire7_nb0_rank2962,Automatic,1,ok,199.721,41,2,1,0,0,2305843009213693967:38;2305843009213693973:3,Symbolica_default,cached_powers_Q,8,2,0.250,BalancedZippelSeparated
fire7_nb0_rank2963,Automatic,1,ok,161.711,41,2,1,0,0,2305843009213693967:38;2305843009213693973:3,Symbolica_default,cached_powers_Q,3,6,0.167,BalancedZippelSeparated
fire7_nb0_rank2964,Automatic,1,ok,165.731,36,2,1,0,0,2305843009213693967:33;2305843009213693973:3,Symbolica_default,cached_powers_Q,6,2,0.307,BalancedZippelSeparated
fire7_nb0_rank2965,Automatic,1,ok,329.852,41,2,1,0,0,2305843009213693967:38;2305843009213693973:3,Symbolica_default,cached_powers_Q,3,6,0.202,BalancedZippelSeparated
fire7_nb0_rank2966,Automatic,1,ok,169.281,41,2,1,0,0,2305843009213693967:38;2305843009213693973:3,Symbolica_default,cached_powers_Q,3,6,0.187,BalancedZippelSeparated
fire7_nb0_rank2967,Automatic,1,ok,152.461,37,2,1,0,0,2305843009213693967:34;2305843009213693973:3,Symbolica_default,cached_powers_Q,6,2,0.177,BalancedZippelSeparated
fire7_nb0_rank2968,Automatic,1,ok,337.312,38,2,1,0,0,2305843009213693967:35;2305843009213693973:3,Symbolica_default,cached_powers_Q,6,2,0.189,BalancedZippelSeparated
fire7_nb0_rank2969,Automatic,1,ok,216.741,47,2,1,0,0,2305843009213693967:44;2305843009213693973:3,Symbolica_default,cached_powers_Q,7,3,0.171,BalancedZippelSeparated
fire7_nb0_rank2970,Automatic,1,ok,167.151,39,2,1,0,0,2305843009213693967:36;2305843009213693973:3,Symbolica_default,cached_powers_Q,3,4,0.184,BalancedZippelSeparated
fire7_nb0_rank2971,Automatic,1,ok,144.601,36,2,1,0,0,2305843009213693967:33;2305843009213693973:3,Symbolica_default,cached_powers_Q,6,2,0.187,BalancedZippelSeparated
fire7_nb0_rank2972,Automatic,1,ok,176.652,41,2,1,0,0,2305843009213693967:38;2305843009213693973:3,Symbolica_default,cached_powers_Q,3,6,0.171,BalancedZippelSeparated
fire7_nb0_rank2973,Automatic,1,ok,155.961,41,2,1,0,0,2305843009213693967:38;2305843009213693973:3,Symbolica_default,cached_powers_Q,8,2,0.183,BalancedZippelSeparated
fire7_nb0_rank2974,Automatic,1,ok,322.952,41,2,1,0,0,2305843009213693967:38;2305843009213693973:3,Symbolica_default,cached_powers_Q,3,6,0.183,BalancedZippelSeparated
fire7_nb0_rank2975,Automatic,1,ok,163.711,35,2,1,0,0,2305843009213693967:32;2305843009213693973:3,Symbolica_default,cached_powers_Q,6,2,0.192,BalancedZippelSeparated
fire7_nb0_rank2976,Automatic,1,ok,369.432,54,2,1,0,0,2305843009213693967:51;2305843009213693973:3,Symbolica_default,cached_powers_Q,4,5,0.190,BalancedZippelSeparated
fire7_nb0_rank2977,Automatic,1,ok,362.952,52,2,1,0,0,2305843009213693967:49;2305843009213693973:3,Symbolica_default,cached_powers_Q,4,5,0.171,BalancedZippelSeparated
fire7_nb0_rank2978,Automatic,1,ok,240.252,38,2,1,0,0,2305843009213693967:35;2305843009213693973:3,Symbolica_default,cached_powers_Q,6,2,0.184,BalancedZippelSeparated
fire7_nb0_rank2979,Automatic,1,ok,139.071,36,2,1,0,0,2305843009213693967:33;2305843009213693973:3,Symbolica_default,cached_powers_Q,6,2,0.175,BalancedZippelSeparated
fire7_nb0_rank2980,Automatic,1,ok,153.721,38,2,1,0,0,2305843009213693967:35;2305843009213693973:3,Symbolica_default,cached_powers_Q,6,2,0.304,BalancedZippelSeparated
fire7_nb0_rank2981,Automatic,1,ok,317.702,40,2,1,0,0,2305843009213693967:37;2305843009213693973:3,Symbolica_default,cached_powers_Q,4,3,0.190,BalancedZippelSeparated
fire7_nb0_rank2982,Automatic,1,ok,157.521,40,2,1,0,0,2305843009213693967:37;2305843009213693973:3,Symbolica_default,cached_powers_Q,4,3,0.183,BalancedZippelSeparated
fire7_nb0_rank2983,Automatic,1,ok,147.981,40,2,1,0,0,2305843009213693967:37;2305843009213693973:3,Symbolica_default,cached_powers_Q,4,3,0.188,BalancedZippelSeparated
fire7_nb0_rank2984,Automatic,1,ok,173.461,40,2,1,0,0,2305843009213693967:37;2305843009213693973:3,Symbolica_default,cached_powers_Q,4,3,0.192,BalancedZippelSeparated
fire7_nb0_rank2985,Automatic,1,ok,166.211,35,2,1,0,0,2305843009213693967:32;2305843009213693973:3,Symbolica_default,cached_powers_Q,6,2,0.183,BalancedZippelSeparated
fire7_nb0_rank2986,Automatic,1,ok,280.511,40,2,1,0,0,2305843009213693967:37;2305843009213693973:3,Symbolica_default,cached_powers_Q,4,3,0.183,BalancedZippelSeparated
fire7_nb0_rank2987,Automatic,1,ok,160.441,40,2,1,0,0,2305843009213693967:37;2305843009213693973:3,Symbolica_default,cached_powers_Q,4,3,0.197,BalancedZippelSeparated
fire7_nb0_rank2988,Automatic,1,ok,192.521,50,2,1,0,0,2305843009213693967:47;2305843009213693973:3,Symbolica_default,cached_powers_Q,3,5,0.178,BalancedZippelSeparated
fire7_nb0_rank2989,Automatic,1,ok,155.701,36,2,1,0,0,2305843009213693967:33;2305843009213693973:3,Symbolica_default,cached_powers_Q,6,2,0.164,BalancedZippelSeparated
fire7_nb0_rank2990,Automatic,1,ok,152.621,35,2,1,0,0,2305843009213693967:32;2305843009213693973:3,Symbolica_default,cached_powers_Q,6,2,0.316,BalancedZippelSeparated
fire7_nb0_rank2991,Automatic,1,ok,308.762,52,2,1,0,0,2305843009213693967:49;2305843009213693973:3,Symbolica_default,cached_powers_Q,6,4,0.165,BalancedZippelSeparated
fire7_nb0_rank2992,Automatic,1,ok,187.521,37,2,1,0,0,2305843009213693967:34;2305843009213693973:3,Symbolica_default,cached_powers_Q,6,4,0.159,BalancedZippelSeparated
fire7_nb0_rank2993,Automatic,1,ok,322.772,52,2,1,0,0,2305843009213693967:49;2305843009213693973:3,Symbolica_default,cached_powers_Q,6,4,0.171,BalancedZippelSeparated
fire7_nb0_rank2994,Automatic,1,ok,154.981,38,2,1,0,0,2305843009213693967:35;2305843009213693973:3,Symbolica_default,cached_powers_Q,4,3,0.208,BalancedZippelSeparated
fire7_nb0_rank2995,Automatic,1,ok,193.232,42,2,1,0,0,2305843009213693967:39;2305843009213693973:3,Symbolica_default,cached_powers_Q,6,3,0.166,BalancedZippelSeparated
fire7_nb0_rank2996,Automatic,1,ok,206.511,42,2,1,0,0,2305843009213693967:39;2305843009213693973:3,Symbolica_default,cached_powers_Q,6,3,0.181,BalancedZippelSeparated
fire7_nb0_rank2997,Automatic,1,ok,163.731,36,2,1,0,0,2305843009213693967:33;2305843009213693973:3,Symbolica_default,cached_powers_Q,6,2,0.177,BalancedZippelSeparated
fire7_nb0_rank2998,Automatic,1,ok,285.262,36,2,1,0,0,2305843009213693967:33;2305843009213693973:3,Symbolica_default,cached_powers_Q,6,2,0.193,BalancedZippelSeparated
fire7_nb0_rank2999,Automatic,1,ok,164.072,36,2,1,0,0,2305843009213693967:33;2305843009213693973:3,Symbolica_default,cached_powers_Q,6,2,0.187,BalancedZippelSeparated
fire7_nb0_rank3000,Automatic,1,ok,309.111,36,2,1,0,0,2305843009213693967:33;2305843009213693973:3,Symbolica_default,cached_powers_Q,6,2,0.178,BalancedZippelSeparated
fire7_nb0_rank3001,Automatic,1,ok,188.851,42,2,1,0,0,2305843009213693967:39;2305843009213693973:3,Symbolica_default,cached_powers_Q,6,3,0.165,BalancedZippelSeparated
fire7_nb0_rank3002,Automatic,1,ok,333.782,42,2,1,0,0,2305843009213693967:39;2305843009213693973:3,Symbolica_default,cached_powers_Q,6,3,0.191,BalancedZippelSeparated
fire7_nb0_rank3003,Automatic,1,ok,176.361,42,2,1,0,0,2305843009213693967:39;2305843009213693973:3,Symbolica_default,cached_powers_Q,6,3,0.182,BalancedZippelSeparated
fire7_nb0_rank3004,Automatic,1,ok,175.731,41,2,1,0,0,2305843009213693967:38;2305843009213693973:3,Symbolica_default,cached_powers_Q,4,4,0.170,BalancedZippelSeparated
fire7_nb0_rank3005,Automatic,1,ok,187.781,41,2,1,0,0,2305843009213693967:38;2305843009213693973:3,Symbolica_default,cached_powers_Q,6,4,0.296,BalancedZippelSeparated
fire7_nb0_rank3006,Automatic,1,ok,170.311,41,2,1,0,0,2305843009213693967:38;2305843009213693973:3,Symbolica_default,cached_powers_Q,6,4,0.166,BalancedZippelSeparated
fire7_nb0_rank3007,Automatic,1,ok,147.881,41,2,1,0,0,2305843009213693967:38;2305843009213693973:3,Symbolica_default,cached_powers_Q,3,6,0.167,BalancedZippelSeparated
fire7_nb0_rank3008,Automatic,1,ok,191.321,58,2,1,0,0,2305843009213693967:55;2305843009213693973:3,Symbolica_default,cached_powers_Q,3,6,0.210,BalancedZippelSeparated
fire7_nb0_rank3009,Automatic,1,ok,218.261,42,2,1,0,0,2305843009213693967:39;2305843009213693973:3,Symbolica_default,cached_powers_Q,6,3,0.203,BalancedZippelSeparated
fire7_nb0_rank3010,Automatic,1,ok,145.440,37,2,1,0,0,2305843009213693967:34;2305843009213693973:3,Symbolica_default,cached_powers_Q,6,2,0.178,BalancedZippelSeparated
fire7_nb0_rank3011,Automatic,1,ok,174.671,41,2,1,0,0,2305843009213693967:38;2305843009213693973:3,Symbolica_default,cached_powers_Q,4,4,0.167,BalancedZippelSeparated
fire7_nb0_rank3012,Automatic,1,ok,186.021,37,2,1,0,0,2305843009213693967:34;2305843009213693973:3,Symbolica_default,cached_powers_Q,6,4,0.192,BalancedZippelSeparated
fire7_nb0_rank3013,Automatic,1,ok,184.731,37,2,1,0,0,2305843009213693967:34;2305843009213693973:3,Symbolica_default,cached_powers_Q,6,4,0.207,BalancedZippelSeparated
fire7_nb0_rank3014,Automatic,1,ok,155.601,41,2,1,0,0,2305843009213693967:38;2305843009213693973:3,Symbolica_default,cached_powers_Q,3,6,0.196,BalancedZippelSeparated
fire7_nb0_rank3015,Automatic,1,ok,163.612,38,2,1,0,0,2305843009213693967:35;2305843009213693973:3,Symbolica_default,cached_powers_Q,4,3,0.191,BalancedZippelSeparated
fire7_nb0_rank3016,Automatic,1,ok,149.510,38,2,1,0,0,2305843009213693967:35;2305843009213693973:3,Symbolica_default,cached_powers_Q,4,3,0.197,BalancedZippelSeparated
fire7_nb0_rank3017,Automatic,1,ok,149.641,38,2,1,0,0,2305843009213693967:35;2305843009213693973:3,Symbolica_default,cached_powers_Q,4,3,0.203,BalancedZippelSeparated
fire7_nb0_rank3018,Automatic,1,ok,304.522,38,2,1,0,0,2305843009213693967:35;2305843009213693973:3,Symbolica_default,cached_powers_Q,4,3,0.175,BalancedZippelSeparated
fire7_nb0_rank3019,Automatic,1,ok,178.681,41,2,1,0,0,2305843009213693967:38;2305843009213693973:3,Symbolica_default,cached_powers_Q,3,6,0.171,BalancedZippelSeparated
fire7_nb0_rank3020,Automatic,1,ok,197.681,41,2,1,0,0,2305843009213693967:38;2305843009213693973:3,Symbolica_default,cached_powers_Q,3,6,0.262,BalancedZippelSeparated
fire7_nb0_rank3021,Automatic,1,ok,139.010,38,2,1,0,0,2305843009213693967:35;2305843009213693973:3,Symbolica_default,cached_powers_Q,4,3,0.181,BalancedZippelSeparated
fire7_nb0_rank3022,Automatic,1,ok,147.571,40,2,1,0,0,2305843009213693967:37;2305843009213693973:3,Symbolica_default,cached_powers_Q,4,3,0.195,BalancedZippelSeparated
fire7_nb0_rank3023,Automatic,1,ok,144.701,40,2,1,0,0,2305843009213693967:37;2305843009213693973:3,Symbolica_default,cached_powers_Q,4,3,0.174,BalancedZippelSeparated
fire7_nb0_rank3024,Automatic,1,ok,137.781,40,2,1,0,0,2305843009213693967:37;2305843009213693973:3,Symbolica_default,cached_powers_Q,4,3,0.173,BalancedZippelSeparated
fire7_nb0_rank3025,Automatic,1,ok,214.272,49,2,1,0,0,2305843009213693967:46;2305843009213693973:3,Symbolica_default,cached_powers_Q,4,4,0.194,BalancedZippelSeparated
fire7_nb0_rank3026,Automatic,1,ok,200.981,39,2,1,0,0,2305843009213693967:36;2305843009213693973:3,Symbolica_default,cached_powers_Q,6,4,0.236,BalancedZippelSeparated
fire7_nb0_rank3027,Automatic,1,ok,149.190,38,2,1,0,0,2305843009213693967:35;2305843009213693973:3,Symbolica_default,cached_powers_Q,4,3,0.203,BalancedZippelSeparated
fire7_nb0_rank3028,Automatic,1,ok,294.722,38,2,1,0,0,2305843009213693967:35;2305843009213693973:3,Symbolica_default,cached_powers_Q,4,3,0.186,BalancedZippelSeparated
fire7_nb0_rank3029,Automatic,1,ok,139.971,38,2,1,0,0,2305843009213693967:35;2305843009213693973:3,Symbolica_default,cached_powers_Q,4,3,0.185,BalancedZippelSeparated
fire7_nb0_rank3030,Automatic,1,ok,156.141,38,2,1,0,0,2305843009213693967:35;2305843009213693973:3,Symbolica_default,cached_powers_Q,4,3,0.174,BalancedZippelSeparated
fire7_nb0_rank3031,Automatic,1,ok,141.051,38,2,1,0,0,2305843009213693967:35;2305843009213693973:3,Symbolica_default,cached_powers_Q,4,3,0.185,BalancedZippelSeparated
fire7_nb0_rank3032,Automatic,1,ok,161.852,38,2,1,0,0,2305843009213693967:35;2305843009213693973:3,Symbolica_default,cached_powers_Q,4,3,0.185,BalancedZippelSeparated
fire7_nb0_rank3033,Automatic,1,ok,151.601,36,2,1,0,0,2305843009213693967:33;2305843009213693973:3,Symbolica_default,cached_powers_Q,6,2,0.357,BalancedZippelSeparated
fire7_nb0_rank3034,Automatic,1,ok,141.312,41,2,1,0,0,2305843009213693967:38;2305843009213693973:3,Symbolica_default,cached_powers_Q,4,2,0.172,BalancedZippelSeparated
fire7_nb0_rank3035,Automatic,1,ok,305.532,38,2,1,0,0,2305843009213693967:35;2305843009213693973:3,Symbolica_default,cached_powers_Q,4,3,0.165,BalancedZippelSeparated
fire7_nb0_rank3036,Automatic,1,ok,117.511,37,2,1,0,0,2305843009213693967:34;2305843009213693973:3,Symbolica_default,cached_powers_Q,6,1,0.172,BalancedZippelSeparated
fire7_nb0_rank3037,Automatic,1,ok,312.762,43,2,1,0,0,2305843009213693967:40;2305843009213693973:3,Symbolica_default,cached_powers_Q,6,3,0.172,BalancedZippelSeparated
fire7_nb0_rank3038,Automatic,1,ok,177.661,38,2,1,0,0,2305843009213693967:35;2305843009213693973:3,Symbolica_default,cached_powers_Q,5,4,0.167,BalancedZippelSeparated
fire7_nb0_rank3039,Automatic,1,ok,146.260,41,2,1,0,0,2305843009213693967:38;2305843009213693973:3,Symbolica_default,cached_powers_Q,3,2,0.165,BalancedZippelSeparated
fire7_nb0_rank3040,Automatic,1,ok,146.821,37,2,1,0,0,2305843009213693967:34;2305843009213693973:3,Symbolica_default,cached_powers_Q,6,2,0.179,BalancedZippelSeparated
fire7_nb0_rank3041,Automatic,1,ok,160.461,38,2,1,0,0,2305843009213693967:35;2305843009213693973:3,Symbolica_default,cached_powers_Q,4,3,0.208,BalancedZippelSeparated
fire7_nb0_rank3042,Automatic,1,ok,146.681,38,2,1,0,0,2305843009213693967:35;2305843009213693973:3,Symbolica_default,cached_powers_Q,4,3,0.156,BalancedZippelSeparated
fire7_nb0_rank3043,Automatic,1,ok,131.581,37,2,1,0,0,2305843009213693967:34;2305843009213693973:3,Symbolica_default,cached_powers_Q,6,1,0.295,BalancedZippelSeparated
fire7_nb0_rank3044,Automatic,1,ok,177.761,37,2,1,0,0,2305843009213693967:34;2305843009213693973:3,Symbolica_default,cached_powers_Q,4,4,0.218,BalancedZippelSeparated
fire7_nb0_rank3045,Automatic,1,ok,217.371,49,2,1,0,0,2305843009213693967:46;2305843009213693973:3,Symbolica_default,cached_powers_Q,6,3,0.161,BalancedZippelSeparated
fire7_nb0_rank3046,Automatic,1,ok,179.201,37,2,1,0,0,2305843009213693967:34;2305843009213693973:3,Symbolica_default,cached_powers_Q,6,4,0.158,BalancedZippelSeparated
fire7_nb0_rank3047,Automatic,1,ok,187.161,37,2,1,0,0,2305843009213693967:34;2305843009213693973:3,Symbolica_default,cached_powers_Q,6,4,0.313,BalancedZippelSeparated
fire7_nb0_rank3048,Automatic,1,ok,158.481,56,2,1,0,0,2305843009213693967:53;2305843009213693973:3,Symbolica_default,cached_powers_Q,3,6,0.160,BalancedZippelSeparated
fire7_nb0_rank3049,Automatic,1,ok,291.901,38,2,1,0,0,2305843009213693967:35;2305843009213693973:3,Symbolica_default,cached_powers_Q,4,3,0.152,BalancedZippelSeparated
fire7_nb0_rank3050,Automatic,1,ok,118.070,39,2,1,0,0,2305843009213693967:36;2305843009213693973:3,Symbolica_default,cached_powers_Q,6,1,0.160,BalancedZippelSeparated
fire7_nb0_rank3051,Automatic,1,ok,157.411,37,2,1,0,0,2305843009213693967:34;2305843009213693973:3,Symbolica_default,cached_powers_Q,2,6,0.152,BalancedZippelSeparated
fire7_nb0_rank3052,Automatic,1,ok,157.781,36,2,1,0,0,2305843009213693967:33;2305843009213693973:3,Symbolica_default,cached_powers_Q,4,4,0.302,BalancedZippelSeparated
fire7_nb0_rank3053,Automatic,1,ok,293.512,37,2,1,0,0,2305843009213693967:34;2305843009213693973:3,Symbolica_default,cached_powers_Q,4,4,0.171,BalancedZippelSeparated
fire7_nb0_rank3054,Automatic,1,ok,151.981,40,2,1,0,0,2305843009213693967:37;2305843009213693973:3,Symbolica_default,cached_powers_Q,4,2,0.168,BalancedZippelSeparated
fire7_nb0_rank3055,Automatic,1,ok,144.741,38,2,1,0,0,2305843009213693967:35;2305843009213693973:3,Symbolica_default,cached_powers_Q,4,3,0.166,BalancedZippelSeparated
fire7_nb0_rank3056,Automatic,1,ok,152.151,38,2,1,0,0,2305843009213693967:35;2305843009213693973:3,Symbolica_default,cached_powers_Q,4,3,0.189,BalancedZippelSeparated
fire7_nb0_rank3057,Automatic,1,ok,138.550,38,2,1,0,0,2305843009213693967:35;2305843009213693973:3,Symbolica_default,cached_powers_Q,4,3,0.179,BalancedZippelSeparated
fire7_nb0_rank3058,Automatic,1,ok,147.881,52,2,1,0,0,2305843009213693967:49;2305843009213693973:3,Symbolica_default,cached_powers_Q,6,2,0.172,BalancedZippelSeparated
fire7_nb0_rank3059,Automatic,1,ok,148.440,36,2,1,0,0,2305843009213693967:33;2305843009213693973:3,Symbolica_default,cached_powers_Q,6,2,0.176,BalancedZippelSeparated
fire7_nb0_rank3060,Automatic,1,ok,177.471,38,2,1,0,0,2305843009213693967:35;2305843009213693973:3,Symbolica_default,cached_powers_Q,6,2,0.205,BalancedZippelSeparated
fire7_nb0_rank3061,Automatic,1,ok,181.571,47,2,1,0,0,2305843009213693967:44;2305843009213693973:3,Symbolica_default,cached_powers_Q,5,4,0.355,BalancedZippelSeparated
fire7_nb0_rank3062,Automatic,1,ok,165.401,42,2,1,0,0,2305843009213693967:39;2305843009213693973:3,Symbolica_default,cached_powers_Q,6,3,0.186,BalancedZippelSeparated
fire7_nb0_rank3063,Automatic,1,ok,160.401,37,2,1,0,0,2305843009213693967:34;2305843009213693973:3,Symbolica_default,cached_powers_Q,4,2,0.162,BalancedZippelSeparated
fire7_nb0_rank3064,Automatic,1,ok,275.502,40,2,1,0,0,2305843009213693967:37;2305843009213693973:3,Symbolica_default,cached_powers_Q,4,2,0.168,BalancedZippelSeparated
fire7_nb0_rank3065,Automatic,1,ok,135.551,40,2,1,0,0,2305843009213693967:37;2305843009213693973:3,Symbolica_default,cached_powers_Q,4,2,0.181,BalancedZippelSeparated
fire7_nb0_rank3066,Automatic,1,ok,148.151,37,2,1,0,0,2305843009213693967:34;2305843009213693973:3,Symbolica_default,cached_powers_Q,3,4,0.173,BalancedZippelSeparated
fire7_nb0_rank3067,Automatic,1,ok,202.361,36,2,1,0,0,2305843009213693967:33;2305843009213693973:3,Symbolica_default,cached_powers_Q,6,2,0.285,BalancedZippelSeparated
fire7_nb0_rank3068,Automatic,1,ok,244.661,50,2,1,0,0,2305843009213693967:47;2305843009213693973:3,Symbolica_default,cached_powers_Q,3,5,0.153,BalancedZippelSeparated
fire7_nb0_rank3069,Automatic,1,ok,137.220,48,2,1,0,0,2305843009213693967:45;2305843009213693973:3,Symbolica_default,cached_powers_Q,3,5,0.159,BalancedZippelSeparated
fire7_nb0_rank3070,Automatic,1,ok,257.481,40,2,1,0,0,2305843009213693967:37;2305843009213693973:3,Symbolica_default,cached_powers_Q,4,2,0.168,BalancedZippelSeparated
fire7_nb0_rank3071,Automatic,1,ok,138.930,40,2,1,0,0,2305843009213693967:37;2305843009213693973:3,Symbolica_default,cached_powers_Q,4,2,0.172,BalancedZippelSeparated
fire7_nb0_rank3072,Automatic,1,ok,146.061,40,2,1,0,0,2305843009213693967:37;2305843009213693973:3,Symbolica_default,cached_powers_Q,4,2,0.157,BalancedZippelSeparated
fire7_nb0_rank3073,Automatic,1,ok,131.530,40,2,1,0,0,2305843009213693967:37;2305843009213693973:3,Symbolica_default,cached_powers_Q,4,2,0.169,BalancedZippelSeparated
fire7_nb0_rank3074,Automatic,1,ok,152.721,36,2,1,0,0,2305843009213693967:33;2305843009213693973:3,Symbolica_default,cached_powers_Q,4,3,0.161,BalancedZippelSeparated
fire7_nb0_rank3075,Automatic,1,ok,204.331,40,2,1,0,0,2305843009213693967:37;2305843009213693973:3,Symbolica_default,cached_powers_Q,6,3,0.225,BalancedZippelSeparated
fire7_nb0_rank3076,Automatic,1,ok,176.301,37,2,1,0,0,2305843009213693967:34;2305843009213693973:3,Symbolica_default,cached_powers_Q,3,4,0.210,BalancedZippelSeparated
fire7_nb0_rank3077,Automatic,1,ok,143.961,37,2,1,0,0,2305843009213693967:34;2305843009213693973:3,Symbolica_default,cached_powers_Q,3,4,0.166,BalancedZippelSeparated
fire7_nb0_rank3078,Automatic,1,ok,291.342,51,2,1,0,0,2305843009213693967:48;2305843009213693973:3,Symbolica_default,cached_powers_Q,6,2,0.168,BalancedZippelSeparated
fire7_nb0_rank3079,Automatic,1,ok,286.651,51,2,1,0,0,2305843009213693967:48;2305843009213693973:3,Symbolica_default,cached_powers_Q,6,2,0.183,BalancedZippelSeparated
fire7_nb0_rank3080,Automatic,1,ok,164.711,35,2,1,0,0,2305843009213693967:32;2305843009213693973:3,Symbolica_default,cached_powers_Q,6,2,0.160,BalancedZippelSeparated
fire7_nb0_rank3081,Automatic,1,ok,159.491,37,2,1,0,0,2305843009213693967:34;2305843009213693973:3,Symbolica_default,cached_powers_Q,3,4,0.160,BalancedZippelSeparated
fire7_nb0_rank3082,Automatic,1,ok,155.491,37,2,1,0,0,2305843009213693967:34;2305843009213693973:3,Symbolica_default,cached_powers_Q,3,4,0.152,BalancedZippelSeparated
fire7_nb0_rank3083,Automatic,1,ok,194.291,42,2,1,0,0,2305843009213693967:39;2305843009213693973:3,Symbolica_default,cached_powers_Q,6,3,0.171,BalancedZippelSeparated
fire7_nb0_rank3084,Automatic,1,ok,181.401,40,2,1,0,0,2305843009213693967:37;2305843009213693973:3,Symbolica_default,cached_powers_Q,6,3,0.158,BalancedZippelSeparated
fire7_nb0_rank3085,Automatic,1,ok,145.181,37,2,1,0,0,2305843009213693967:34;2305843009213693973:3,Symbolica_default,cached_powers_Q,6,2,0.163,BalancedZippelSeparated
fire7_nb0_rank3086,Automatic,1,ok,296.971,36,2,1,0,0,2305843009213693967:33;2305843009213693973:3,Symbolica_default,cached_powers_Q,6,2,0.178,BalancedZippelSeparated
fire7_nb0_rank3087,Automatic,1,ok,138.191,37,2,1,0,0,2305843009213693967:34;2305843009213693973:3,Symbolica_default,cached_powers_Q,3,4,0.173,BalancedZippelSeparated
fire7_nb0_rank3088,Automatic,1,ok,138.711,36,2,1,0,0,2305843009213693967:33;2305843009213693973:3,Symbolica_default,cached_powers_Q,3,3,0.170,BalancedZippelSeparated
fire7_nb0_rank3089,Automatic,1,ok,171.761,37,2,1,0,0,2305843009213693967:34;2305843009213693973:3,Symbolica_default,cached_powers_Q,6,2,0.154,BalancedZippelSeparated
fire7_nb0_rank3090,Automatic,1,ok,289.132,37,2,1,0,0,2305843009213693967:34;2305843009213693973:3,Symbolica_default,cached_powers_Q,3,4,0.153,BalancedZippelSeparated
fire7_nb0_rank3091,Automatic,1,ok,154.911,36,2,1,0,0,2305843009213693967:33;2305843009213693973:3,Symbolica_default,cached_powers_Q,3,3,0.164,BalancedZippelSeparated
fire7_nb0_rank3092,Automatic,1,ok,146.392,36,2,1,0,0,2305843009213693967:33;2305843009213693973:3,Symbolica_default,cached_powers_Q,6,1,0.224,BalancedZippelSeparated
fire7_nb0_rank3093,Automatic,1,ok,188.731,34,2,1,0,0,2305843009213693967:31;2305843009213693973:3,Symbolica_default,cached_powers_Q,6,2,0.201,BalancedZippelSeparated
fire7_nb0_rank3094,Automatic,1,ok,154.741,34,2,1,0,0,2305843009213693967:31;2305843009213693973:3,Symbolica_default,cached_powers_Q,6,2,0.174,BalancedZippelSeparated
fire7_nb0_rank3095,Automatic,1,ok,170.091,34,2,1,0,0,2305843009213693967:31;2305843009213693973:3,Symbolica_default,cached_powers_Q,6,2,0.193,BalancedZippelSeparated
fire7_nb0_rank3096,Automatic,1,ok,157.171,34,2,1,0,0,2305843009213693967:31;2305843009213693973:3,Symbolica_default,cached_powers_Q,6,2,0.188,BalancedZippelSeparated
fire7_nb0_rank3097,Automatic,1,ok,150.521,38,2,1,0,0,2305843009213693967:35;2305843009213693973:3,Symbolica_default,cached_powers_Q,4,3,0.171,BalancedZippelSeparated
fire7_nb0_rank3098,Automatic,1,ok,152.311,35,2,1,0,0,2305843009213693967:32;2305843009213693973:3,Symbolica_default,cached_powers_Q,6,2,0.151,BalancedZippelSeparated
fire7_nb0_rank3099,Automatic,1,ok,159.031,35,2,1,0,0,2305843009213693967:32;2305843009213693973:3,Symbolica_default,cached_powers_Q,6,2,0.151,BalancedZippelSeparated
fire7_nb0_rank3100,Automatic,1,ok,209.241,46,2,1,0,0,2305843009213693967:43;2305843009213693973:3,Symbolica_default,cached_powers_Q,5,4,0.149,BalancedZippelSeparated
fire7_nb0_rank3101,Automatic,1,ok,130.241,34,2,1,0,0,2305843009213693967:31;2305843009213693973:3,Symbolica_default,cached_powers_Q,6,1,0.146,BalancedZippelSeparated
fire7_nb0_rank3102,Automatic,1,ok,121.480,34,2,1,0,0,2305843009213693967:31;2305843009213693973:3,Symbolica_default,cached_powers_Q,6,1,0.164,BalancedZippelSeparated
fire7_nb0_rank3103,Automatic,1,ok,194.132,40,2,1,0,0,2305843009213693967:37;2305843009213693973:3,Symbolica_default,cached_powers_Q,4,2,0.322,BalancedZippelSeparated
fire7_nb0_rank3104,Automatic,1,ok,314.852,40,2,1,0,0,2305843009213693967:37;2305843009213693973:3,Symbolica_default,cached_powers_Q,4,2,0.188,BalancedZippelSeparated
fire7_nb0_rank3105,Automatic,1,ok,145.241,40,2,1,0,0,2305843009213693967:37;2305843009213693973:3,Symbolica_default,cached_powers_Q,4,2,0.180,BalancedZippelSeparated
fire7_nb0_rank3106,Automatic,1,ok,151.631,40,2,1,0,0,2305843009213693967:37;2305843009213693973:3,Symbolica_default,cached_powers_Q,4,2,0.169,BalancedZippelSeparated
fire7_nb0_rank3107,Automatic,1,ok,137.600,37,2,1,0,0,2305843009213693967:34;2305843009213693973:3,Symbolica_default,cached_powers_Q,3,4,0.170,BalancedZippelSeparated
fire7_nb0_rank3108,Automatic,1,ok,285.802,38,2,1,0,0,2305843009213693967:35;2305843009213693973:3,Symbolica_default,cached_powers_Q,4,2,0.177,BalancedZippelSeparated
fire7_nb0_rank3109,Automatic,1,ok,168.641,37,2,1,0,0,2305843009213693967:34;2305843009213693973:3,Symbolica_default,cached_powers_Q,2,6,0.166,BalancedZippelSeparated
fire7_nb0_rank3110,Automatic,1,ok,170.750,37,2,1,0,0,2305843009213693967:34;2305843009213693973:3,Symbolica_default,cached_powers_Q,2,6,0.222,BalancedZippelSeparated
fire7_nb0_rank3111,Automatic,1,ok,128.401,38,2,1,0,0,2305843009213693967:35;2305843009213693973:3,Symbolica_default,cached_powers_Q,4,2,0.158,BalancedZippelSeparated
fire7_nb0_rank3112,Automatic,1,ok,167.520,37,2,1,0,0,2305843009213693967:34;2305843009213693973:3,Symbolica_default,cached_powers_Q,6,2,0.156,BalancedZippelSeparated
fire7_nb0_rank3113,Automatic,1,ok,157.381,37,2,1,0,0,2305843009213693967:34;2305843009213693973:3,Symbolica_default,cached_powers_Q,6,2,0.144,BalancedZippelSeparated
fire7_nb0_rank3114,Automatic,1,ok,300.061,39,2,1,0,0,2305843009213693967:36;2305843009213693973:3,Symbolica_default,cached_powers_Q,3,6,0.156,BalancedZippelSeparated
fire7_nb0_rank3115,Automatic,1,ok,153.960,37,2,1,0,0,2305843009213693967:34;2305843009213693973:3,Symbolica_default,cached_powers_Q,3,4,0.159,BalancedZippelSeparated
fire7_nb0_rank3116,Automatic,1,ok,158.901,41,2,1,0,0,2305843009213693967:38;2305843009213693973:3,Symbolica_default,cached_powers_Q,4,3,0.168,BalancedZippelSeparated
fire7_nb0_rank3117,Automatic,1,ok,260.651,39,2,1,0,0,2305843009213693967:36;2305843009213693973:3,Symbolica_default,cached_powers_Q,3,2,0.162,BalancedZippelSeparated
fire7_nb0_rank3118,Automatic,1,ok,126.440,35,2,1,0,0,2305843009213693967:32;2305843009213693973:3,Symbolica_default,cached_powers_Q,6,1,0.152,BalancedZippelSeparated
fire7_nb0_rank3119,Automatic,1,ok,163.192,35,2,1,0,0,2305843009213693967:32;2305843009213693973:3,Symbolica_default,cached_powers_Q,6,1,0.258,BalancedZippelSeparated
fire7_nb0_rank3120,Automatic,1,ok,301.442,37,2,1,0,0,2305843009213693967:34;2305843009213693973:3,Symbolica_default,cached_powers_Q,3,4,0.170,BalancedZippelSeparated
fire7_nb0_rank3121,Automatic,1,ok,135.281,36,2,1,0,0,2305843009213693967:33;2305843009213693973:3,Symbolica_default,cached_powers_Q,3,3,0.175,BalancedZippelSeparated
fire7_nb0_rank3122,Automatic,1,ok,177.981,40,2,1,0,0,2305843009213693967:37;2305843009213693973:3,Symbolica_default,cached_powers_Q,6,3,0.301,BalancedZippelSeparated
fire7_nb0_rank3123,Automatic,1,ok,209.032,38,2,1,0,0,2305843009213693967:35;2305843009213693973:3,Symbolica_default,cached_powers_Q,6,3,0.192,BalancedZippelSeparated
fire7_nb0_rank3124,Automatic,1,ok,161.101,40,2,1,0,0,2305843009213693967:37;2305843009213693973:3,Symbolica_default,cached_powers_Q,4,2,0.220,BalancedZippelSeparated
fire7_nb0_rank3125,Automatic,1,ok,165.590,36,2,1,0,0,2305843009213693967:33;2305843009213693973:3,Symbolica_default,cached_powers_Q,3,3,0.231,BalancedZippelSeparated
fire7_nb0_rank3126,Automatic,1,ok,171.721,44,2,1,0,0,2305843009213693967:41;2305843009213693973:3,Symbolica_default,cached_powers_Q,5,2,0.358,BalancedZippelSeparated
fire7_nb0_rank3127,Automatic,1,ok,157.261,37,2,1,0,0,2305843009213693967:34;2305843009213693973:3,Symbolica_default,cached_powers_Q,3,2,0.234,BalancedZippelSeparated
fire7_nb0_rank3128,Automatic,1,ok,153.111,37,2,1,0,0,2305843009213693967:34;2305843009213693973:3,Symbolica_default,cached_powers_Q,3,2,0.212,BalancedZippelSeparated
fire7_nb0_rank3129,Automatic,1,ok,153.741,39,2,1,0,0,2305843009213693967:36;2305843009213693973:3,Symbolica_default,cached_powers_Q,3,2,0.179,BalancedZippelSeparated
fire7_nb0_rank3130,Automatic,1,ok,147.661,35,2,1,0,0,2305843009213693967:32;2305843009213693973:3,Symbolica_default,cached_powers_Q,6,1,0.382,BalancedZippelSeparated
fire7_nb0_rank3131,Automatic,1,ok,171.192,35,2,1,0,0,2305843009213693967:32;2305843009213693973:3,Symbolica_default,cached_powers_Q,3,4,0.226,BalancedZippelSeparated
fire7_nb0_rank3132,Automatic,1,ok,181.541,35,2,1,0,0,2305843009213693967:32;2305843009213693973:3,Symbolica_default,cached_powers_Q,3,4,0.195,BalancedZippelSeparated
fire7_nb0_rank3133,Automatic,1,ok,154.161,35,2,1,0,0,2305843009213693967:32;2305843009213693973:3,Symbolica_default,cached_powers_Q,3,4,0.205,BalancedZippelSeparated
fire7_nb0_rank3134,Automatic,1,ok,308.101,35,2,1,0,0,2305843009213693967:32;2305843009213693973:3,Symbolica_default,cached_powers_Q,3,4,0.226,BalancedZippelSeparated
fire7_nb0_rank3135,Automatic,1,ok,160.471,36,2,1,0,0,2305843009213693967:33;2305843009213693973:3,Symbolica_default,cached_powers_Q,3,2,0.217,BalancedZippelSeparated
fire7_nb0_rank3136,Automatic,1,ok,166.851,36,2,1,0,0,2305843009213693967:33;2305843009213693973:3,Symbolica_default,cached_powers_Q,3,2,0.191,BalancedZippelSeparated
fire7_nb0_rank3137,Automatic,1,ok,134.010,35,2,1,0,0,2305843009213693967:32;2305843009213693973:3,Symbolica_default,cached_powers_Q,6,1,0.196,BalancedZippelSeparated
fire7_nb0_rank3138,Automatic,1,ok,184.661,34,2,1,0,0,2305843009213693967:31;2305843009213693973:3,Symbolica_default,cached_powers_Q,6,2,0.224,BalancedZippelSeparated
fire7_nb0_rank3139,Automatic,1,ok,183.561,35,2,1,0,0,2305843009213693967:32;2305843009213693973:3,Symbolica_default,cached_powers_Q,3,4,0.193,BalancedZippelSeparated
fire7_nb0_rank3140,Automatic,1,ok,171.111,37,2,1,0,0,2305843009213693967:34;2305843009213693973:3,Symbolica_default,cached_powers_Q,6,2,0.173,BalancedZippelSeparated
fire7_nb0_rank3141,Automatic,1,ok,164.071,34,2,1,0,0,2305843009213693967:31;2305843009213693973:3,Symbolica_default,cached_powers_Q,4,4,0.187,BalancedZippelSeparated
fire7_nb0_rank3142,Automatic,1,ok,115.990,33,2,1,0,0,2305843009213693967:30;2305843009213693973:3,Symbolica_default,cached_powers_Q,6,1,0.316,BalancedZippelSeparated
fire7_nb0_rank3143,Automatic,1,ok,149.330,35,2,1,0,0,2305843009213693967:32;2305843009213693973:3,Symbolica_default,cached_powers_Q,6,1,0.244,BalancedZippelSeparated
fire7_nb0_rank3144,Automatic,1,ok,118.781,35,2,1,0,0,2305843009213693967:32;2305843009213693973:3,Symbolica_default,cached_powers_Q,6,1,0.171,BalancedZippelSeparated
fire7_nb0_rank3145,Automatic,1,ok,165.601,35,2,1,0,0,2305843009213693967:32;2305843009213693973:3,Symbolica_default,cached_powers_Q,3,4,0.151,BalancedZippelSeparated
fire7_nb0_rank3146,Automatic,1,ok,323.682,35,2,1,0,0,2305843009213693967:32;2305843009213693973:3,Symbolica_default,cached_powers_Q,3,4,0.162,BalancedZippelSeparated
fire7_nb0_rank3147,Automatic,1,ok,135.401,36,2,1,0,0,2305843009213693967:33;2305843009213693973:3,Symbolica_default,cached_powers_Q,4,2,0.163,BalancedZippelSeparated
fire7_nb0_rank3148,Automatic,1,ok,118.870,34,2,1,0,0,2305843009213693967:31;2305843009213693973:3,Symbolica_default,cached_powers_Q,4,1,0.145,BalancedZippelSeparated
fire7_nb0_rank3149,Automatic,1,ok,123.981,34,2,1,0,0,2305843009213693967:31;2305843009213693973:3,Symbolica_default,cached_powers_Q,4,1,0.133,BalancedZippelSeparated
fire7_nb0_rank3150,Automatic,1,ok,157.231,36,2,1,0,0,2305843009213693967:33;2305843009213693973:3,Symbolica_default,cached_powers_Q,5,2,0.309,BalancedZippelSeparated
fire7_nb0_rank3151,Automatic,1,ok,162.091,35,2,1,0,0,2305843009213693967:32;2305843009213693973:3,Symbolica_default,cached_powers_Q,3,4,0.172,BalancedZippelSeparated
fire7_nb0_rank3152,Automatic,1,ok,172.461,35,2,1,0,0,2305843009213693967:32;2305843009213693973:3,Symbolica_default,cached_powers_Q,3,4,0.187,BalancedZippelSeparated
fire7_nb0_rank3153,Automatic,1,ok,323.012,35,2,1,0,0,2305843009213693967:32;2305843009213693973:3,Symbolica_default,cached_powers_Q,3,4,0.206,BalancedZippelSeparated
fire7_nb0_rank3154,Automatic,1,ok,268.271,34,2,1,0,0,2305843009213693967:31;2305843009213693973:3,Symbolica_default,cached_powers_Q,3,2,0.158,BalancedZippelSeparated
fire7_nb0_rank3155,Automatic,1,ok,132.711,34,2,1,0,0,2305843009213693967:31;2305843009213693973:3,Symbolica_default,cached_powers_Q,3,2,0.294,BalancedZippelSeparated
fire7_nb0_rank3156,Automatic,1,ok,273.711,35,2,1,0,0,2305843009213693967:32;2305843009213693973:3,Symbolica_default,cached_powers_Q,4,4,0.178,BalancedZippelSeparated
fire7_nb0_rank3157,Automatic,1,ok,132.601,32,2,1,0,0,2305843009213693967:29;2305843009213693973:3,Symbolica_default,cached_powers_Q,4,2,0.176,BalancedZippelSeparated
fire7_nb0_rank3158,Automatic,1,ok,125.801,43,2,1,0,0,2305843009213693967:40;2305843009213693973:3,Symbolica_default,cached_powers_Q,3,3,0.288,BalancedZippelSeparated
fire7_nb0_rank3159,Automatic,1,ok,136.820,34,2,1,0,0,2305843009213693967:31;2305843009213693973:3,Symbolica_default,cached_powers_Q,6,2,0.165,BalancedZippelSeparated
fire7_nb0_rank3160,Automatic,1,ok,117.041,35,2,1,0,0,2305843009213693967:32;2305843009213693973:3,Symbolica_default,cached_powers_Q,5,1,0.279,BalancedZippelSeparated
fire7_nb0_rank3161,Automatic,1,ok,115.411,35,2,1,0,0,2305843009213693967:32;2305843009213693973:3,Symbolica_default,cached_powers_Q,5,1,0.155,BalancedZippelSeparated
fire7_nb0_rank3162,Automatic,1,ok,122.561,35,2,1,0,0,2305843009213693967:32;2305843009213693973:3,Symbolica_default,cached_powers_Q,5,1,0.145,BalancedZippelSeparated
fire7_nb0_rank3163,Automatic,1,ok,126.550,39,2,1,0,0,2305843009213693967:36;2305843009213693973:3,Symbolica_default,cached_powers_Q,3,2,0.145,BalancedZippelSeparated
fire7_nb0_rank3164,Automatic,1,ok,146.651,35,2,1,0,0,2305843009213693967:32;2305843009213693973:3,Symbolica_default,cached_powers_Q,3,4,0.291,BalancedZippelSeparated
fire7_nb0_rank3165,Automatic,1,ok,150.530,35,2,1,0,0,2305843009213693967:32;2305843009213693973:3,Symbolica_default,cached_powers_Q,3,4,0.180,BalancedZippelSeparated
fire7_nb0_rank3166,Automatic,1,ok,192.552,37,2,1,0,0,2305843009213693967:34;2305843009213693973:3,Symbolica_default,cached_powers_Q,6,2,0.184,BalancedZippelSeparated
fire7_nb0_rank3167,Automatic,1,ok,147.801,37,2,1,0,0,2305843009213693967:34;2305843009213693973:3,Symbolica_default,cached_powers_Q,6,2,0.170,BalancedZippelSeparated
fire7_nb0_rank3168,Automatic,1,ok,116.681,42,2,1,0,0,2305843009213693967:39;2305843009213693973:3,Symbolica_default,cached_powers_Q,3,3,0.150,BalancedZippelSeparated
fire7_nb0_rank3169,Automatic,1,ok,127.861,35,2,1,0,0,2305843009213693967:32;2305843009213693973:3,Symbolica_default,cached_powers_Q,5,1,0.161,BalancedZippelSeparated
fire7_nb0_rank3170,Automatic,1,ok,118.671,37,2,1,0,0,2305843009213693967:34;2305843009213693973:3,Symbolica_default,cached_powers_Q,2,3,0.152,BalancedZippelSeparated
fire7_nb0_rank3171,Automatic,1,ok,137.281,37,2,1,0,0,2305843009213693967:34;2305843009213693973:3,Symbolica_default,cached_powers_Q,2,3,0.154,BalancedZippelSeparated
fire7_nb0_rank3172,Automatic,1,ok,297.842,34,2,1,0,0,2305843009213693967:31;2305843009213693973:3,Symbolica_default,cached_powers_Q,3,2,0.175,BalancedZippelSeparated
fire7_nb0_rank3173,Automatic,1,ok,175.121,40,2,1,0,0,2305843009213693967:37;2305843009213693973:3,Symbolica_default,cached_powers_Q,4,3,0.173,BalancedZippelSeparated
fire7_nb0_rank3174,Automatic,1,ok,129.091,34,2,1,0,0,2305843009213693967:31;2305843009213693973:3,Symbolica_default,cached_powers_Q,3,2,0.187,BalancedZippelSeparated
fire7_nb0_rank3175,Automatic,1,ok,137.171,34,2,1,0,0,2305843009213693967:31;2305843009213693973:3,Symbolica_default,cached_powers_Q,3,2,0.160,BalancedZippelSeparated
fire7_nb0_rank3176,Automatic,1,ok,315.672,36,2,1,0,0,2305843009213693967:33;2305843009213693973:3,Symbolica_default,cached_powers_Q,4,3,0.198,BalancedZippelSeparated
fire7_nb0_rank3177,Automatic,1,ok,121.201,34,2,1,0,0,2305843009213693967:31;2305843009213693973:3,Symbolica_default,cached_powers_Q,3,2,0.173,BalancedZippelSeparated
fire7_nb0_rank3178,Automatic,1,ok,133.210,34,2,1,0,0,2305843009213693967:31;2305843009213693973:3,Symbolica_default,cached_powers_Q,3,2,0.145,BalancedZippelSeparated
fire7_nb0_rank3179,Automatic,1,ok,127.311,34,2,1,0,0,2305843009213693967:31;2305843009213693973:3,Symbolica_default,cached_powers_Q,3,2,0.160,BalancedZippelSeparated
fire7_nb0_rank3180,Automatic,1,ok,124.190,33,2,1,0,0,2305843009213693967:30;2305843009213693973:3,Symbolica_default,cached_powers_Q,4,1,0.154,BalancedZippelSeparated
fire7_nb0_rank3181,Automatic,1,ok,149.161,34,2,1,0,0,2305843009213693967:31;2305843009213693973:3,Symbolica_default,cached_powers_Q,3,2,0.298,BalancedZippelSeparated
fire7_nb0_rank3182,Automatic,1,ok,132.510,34,2,1,0,0,2305843009213693967:31;2305843009213693973:3,Symbolica_default,cached_powers_Q,3,2,0.152,BalancedZippelSeparated
fire7_nb0_rank3183,Automatic,1,ok,164.061,36,2,1,0,0,2305843009213693967:33;2305843009213693973:3,Symbolica_default,cached_powers_Q,4,3,0.166,BalancedZippelSeparated
fire7_nb0_rank3184,Automatic,1,ok,208.071,36,2,1,0,0,2305843009213693967:33;2305843009213693973:3,Symbolica_default,cached_powers_Q,4,3,0.276,BalancedZippelSeparated
fire7_nb0_rank3185,Automatic,1,ok,135.171,42,2,1,0,0,2305843009213693967:39;2305843009213693973:3,Symbolica_default,cached_powers_Q,3,3,0.182,BalancedZippelSeparated
fire7_nb0_rank3186,Automatic,1,ok,147.121,34,2,1,0,0,2305843009213693967:31;2305843009213693973:3,Symbolica_default,cached_powers_Q,3,2,0.270,BalancedZippelSeparated
fire7_nb0_rank3187,Automatic,1,ok,163.021,33,2,1,0,0,2305843009213693967:30;2305843009213693973:3,Symbolica_default,cached_powers_Q,4,1,0.261,BalancedZippelSeparated
fire7_nb0_rank3188,Automatic,1,ok,120.750,32,2,1,0,0,2305843009213693967:29;2305843009213693973:3,Symbolica_default,cached_powers_Q,4,1,0.319,BalancedZippelSeparated
fire7_nb0_rank3189,Automatic,1,ok,132.830,34,2,1,0,0,2305843009213693967:31;2305843009213693973:3,Symbolica_default,cached_powers_Q,3,2,0.174,BalancedZippelSeparated
fire7_nb0_rank3190,Automatic,1,ok,127.330,35,2,1,0,0,2305843009213693967:32;2305843009213693973:3,Symbolica_default,cached_powers_Q,6,1,0.293,BalancedZippelSeparated
fire7_nb0_rank3191,Automatic,1,ok,138.541,34,2,1,0,0,2305843009213693967:31;2305843009213693973:3,Symbolica_default,cached_powers_Q,3,2,0.155,BalancedZippelSeparated
fire7_nb0_rank3192,Automatic,1,ok,115.401,33,2,1,0,0,2305843009213693967:30;2305843009213693973:3,Symbolica_default,cached_powers_Q,6,1,0.153,BalancedZippelSeparated
fire7_nb0_rank3193,Automatic,1,ok,118.581,31,2,1,0,0,2305843009213693967:28;2305843009213693973:3,Symbolica_default,cached_powers_Q,4,1,0.153,BalancedZippelSeparated
fire7_nb0_rank3194,Automatic,1,ok,143.421,34,2,1,0,0,2305843009213693967:31;2305843009213693973:3,Symbolica_default,cached_powers_Q,3,2,0.323,BalancedZippelSeparated
fire7_nb0_rank3195,Automatic,1,ok,107.031,31,2,1,0,0,2305843009213693967:28;2305843009213693973:3,Symbolica_default,cached_powers_Q,4,1,0.145,BalancedZippelSeparated
fire7_nb0_rank3196,Automatic,1,ok,119.441,34,2,1,0,0,2305843009213693967:31;2305843009213693973:3,Symbolica_default,cached_powers_Q,3,2,0.154,BalancedZippelSeparated
fire7_nb0_rank3197,Automatic,1,ok,127.340,33,2,1,0,0,2305843009213693967:30;2305843009213693973:3,Symbolica_default,cached_powers_Q,6,1,0.144,BalancedZippelSeparated
fire7_nb0_rank3198,Automatic,1,ok,111.110,31,2,1,0,0,2305843009213693967:28;2305843009213693973:3,Symbolica_default,cached_powers_Q,4,1,0.158,BalancedZippelSeparated
fire7_nb0_rank3199,Automatic,1,ok,132.941,34,2,1,0,0,2305843009213693967:31;2305843009213693973:3,Symbolica_default,cached_powers_Q,3,2,0.161,BalancedZippelSeparated
fire7_nb0_rank3200,Automatic,1,ok,111.580,31,2,1,0,0,2305843009213693967:28;2305843009213693973:3,Symbolica_default,cached_powers_Q,4,1,0.140,BalancedZippelSeparated
fire7_nb0_rank3201,Automatic,1,ok,108.980,32,2,1,0,0,2305843009213693967:29;2305843009213693973:3,Symbolica_default,cached_powers_Q,4,1,0.287,BalancedZippelSeparated
fire7_nb0_rank3202,Automatic,1,ok,107.491,30,2,1,0,0,2305843009213693967:27;2305843009213693973:3,Symbolica_default,cached_powers_Q,4,1,0.154,BalancedZippelSeparated
fire7_nb0_rank3203,Automatic,1,ok,118.481,31,2,1,0,0,2305843009213693967:28;2305843009213693973:3,Symbolica_default,cached_powers_Q,4,1,0.173,BalancedZippelSeparated
fire7_nb0_rank3204,Automatic,1,ok,150.901,34,2,1,0,0,2305843009213693967:31;2305843009213693973:3,Symbolica_default,cached_powers_Q,3,2,0.224,BalancedZippelSeparated
fire7_nb0_rank3205,Automatic,1,ok,146.271,34,2,1,0,0,2305843009213693967:31;2305843009213693973:3,Symbolica_default,cached_powers_Q,3,2,0.215,BalancedZippelSeparated
fire7_nb0_rank3206,Automatic,1,ok,230.052,34,2,1,0,0,2305843009213693967:31;2305843009213693973:3,Symbolica_default,cached_powers_Q,3,2,0.173,BalancedZippelSeparated
fire7_nb0_rank3207,Automatic,1,ok,121.071,31,2,1,0,0,2305843009213693967:28;2305843009213693973:3,Symbolica_default,cached_powers_Q,4,1,0.146,BalancedZippelSeparated
fire7_nb0_rank3208,Automatic,1,ok,275.892,32,2,1,0,0,2305843009213693967:29;2305843009213693973:3,Symbolica_default,cached_powers_Q,3,2,0.173,BalancedZippelSeparated
fire7_nb0_rank3209,Automatic,1,ok,111.831,31,2,1,0,0,2305843009213693967:28;2305843009213693973:3,Symbolica_default,cached_powers_Q,4,1,0.146,BalancedZippelSeparated
fire7_nb0_rank3210,Automatic,1,ok,134.161,34,2,1,0,0,2305843009213693967:31;2305843009213693973:3,Symbolica_default,cached_powers_Q,3,2,0.154,BalancedZippelSeparated
fire7_nb0_rank3211,Automatic,1,ok,118.341,34,2,1,0,0,2305843009213693967:31;2305843009213693973:3,Symbolica_default,cached_powers_Q,3,2,0.157,BalancedZippelSeparated
fire7_nb0_rank3212,Automatic,1,ok,235.701,31,2,1,0,0,2305843009213693967:28;2305843009213693973:3,Symbolica_default,cached_powers_Q,4,1,0.151,BalancedZippelSeparated
fire7_nb0_rank3213,Automatic,1,ok,143.470,32,2,1,0,0,2305843009213693967:29;2305843009213693973:3,Symbolica_default,cached_powers_Q,3,2,0.162,BalancedZippelSeparated
fire7_nb0_rank3214,Automatic,1,ok,146.530,32,2,1,0,0,2305843009213693967:29;2305843009213693973:3,Symbolica_default,cached_powers_Q,3,2,0.203,BalancedZippelSeparated
fire7_nb0_rank3215,Automatic,1,ok,163.631,32,2,1,0,0,2305843009213693967:29;2305843009213693973:3,Symbolica_default,cached_powers_Q,3,2,0.289,BalancedZippelSeparated
fire7_nb0_rank3216,Automatic,1,ok,123.671,32,2,1,0,0,2305843009213693967:29;2305843009213693973:3,Symbolica_default,cached_powers_Q,3,2,0.181,BalancedZippelSeparated
fire7_nb0_rank3217,Automatic,1,ok,295.851,32,2,1,0,0,2305843009213693967:29;2305843009213693973:3,Symbolica_default,cached_powers_Q,3,2,0.190,BalancedZippelSeparated
fire7_nb0_rank3218,Automatic,1,ok,186.781,37,2,1,0,0,2305843009213693967:34;2305843009213693973:3,Symbolica_default,cached_powers_Q,2,3,0.195,BalancedZippelSeparated
fire7_nb0_rank3219,Automatic,1,ok,153.991,32,2,1,0,0,2305843009213693967:29;2305843009213693973:3,Symbolica_default,cached_powers_Q,3,2,0.206,BalancedZippelSeparated
fire7_nb0_rank3220,Automatic,1,ok,136.150,33,2,1,0,0,2305843009213693967:30;2305843009213693973:3,Symbolica_default,cached_powers_Q,3,2,0.165,BalancedZippelSeparated
fire7_nb0_rank3221,Automatic,1,ok,137.091,33,2,1,0,0,2305843009213693967:30;2305843009213693973:3,Symbolica_default,cached_powers_Q,3,2,0.198,BalancedZippelSeparated
fire7_nb0_rank3222,Automatic,1,ok,143.850,33,2,1,0,0,2305843009213693967:30;2305843009213693973:3,Symbolica_default,cached_powers_Q,3,2,0.297,BalancedZippelSeparated
fire7_nb0_rank3223,Automatic,1,ok,119.340,32,2,1,0,0,2305843009213693967:29;2305843009213693973:3,Symbolica_default,cached_powers_Q,3,2,0.164,BalancedZippelSeparated
fire7_nb0_rank3224,Automatic,1,ok,117.571,35,2,1,0,0,2305843009213693967:32;2305843009213693973:3,Symbolica_default,cached_powers_Q,5,1,0.161,BalancedZippelSeparated
fire7_nb0_rank3225,Automatic,1,ok,211.871,40,2,1,0,0,2305843009213693967:37;2305843009213693973:3,Symbolica_default,cached_powers_Q,5,3,0.210,BalancedZippelSeparated
fire7_nb0_rank3226,Automatic,1,ok,123.920,30,2,1,0,0,2305843009213693967:27;2305843009213693973:3,Symbolica_default,cached_powers_Q,4,1,0.159,BalancedZippelSeparated
fire7_nb0_rank3227,Automatic,1,ok,258.551,32,2,1,0,0,2305843009213693967:29;2305843009213693973:3,Symbolica_default,cached_powers_Q,3,2,0.167,BalancedZippelSeparated
fire7_nb0_rank3228,Automatic,1,ok,126.151,32,2,1,0,0,2305843009213693967:29;2305843009213693973:3,Symbolica_default,cached_powers_Q,3,2,0.180,BalancedZippelSeparated
fire7_nb0_rank3229,Automatic,1,ok,115.941,32,2,1,0,0,2305843009213693967:29;2305843009213693973:3,Symbolica_default,cached_powers_Q,3,2,0.297,BalancedZippelSeparated
fire7_nb0_rank3230,Automatic,1,ok,224.092,32,2,1,0,0,2305843009213693967:29;2305843009213693973:3,Symbolica_default,cached_powers_Q,3,2,0.154,BalancedZippelSeparated
fire7_nb0_rank3231,Automatic,1,ok,131.361,32,2,1,0,0,2305843009213693967:29;2305843009213693973:3,Symbolica_default,cached_powers_Q,3,2,0.145,BalancedZippelSeparated
fire7_nb0_rank3232,Automatic,1,ok,124.571,41,2,1,0,0,2305843009213693967:38;2305843009213693973:3,Symbolica_default,cached_powers_Q,3,3,0.156,BalancedZippelSeparated
fire7_nb0_rank3233,Automatic,1,ok,118.561,32,2,1,0,0,2305843009213693967:29;2305843009213693973:3,Symbolica_default,cached_powers_Q,3,2,0.172,BalancedZippelSeparated
fire7_nb0_rank3234,Automatic,1,ok,261.531,32,2,1,0,0,2305843009213693967:29;2305843009213693973:3,Symbolica_default,cached_powers_Q,3,2,0.145,BalancedZippelSeparated
fire7_nb0_rank3235,Automatic,1,ok,233.371,32,2,1,0,0,2305843009213693967:29;2305843009213693973:3,Symbolica_default,cached_powers_Q,3,2,0.152,BalancedZippelSeparated
fire7_nb0_rank3236,Automatic,1,ok,116.441,32,2,1,0,0,2305843009213693967:29;2305843009213693973:3,Symbolica_default,cached_powers_Q,3,2,0.156,BalancedZippelSeparated
fire7_nb0_rank3237,Automatic,1,ok,118.501,32,2,1,0,0,2305843009213693967:29;2305843009213693973:3,Symbolica_default,cached_powers_Q,3,2,0.272,BalancedZippelSeparated
fire7_nb0_rank3238,Automatic,1,ok,109.841,36,2,1,0,0,2305843009213693967:33;2305843009213693973:3,Symbolica_default,cached_powers_Q,3,1,0.152,BalancedZippelSeparated
fire7_nb0_rank3239,Automatic,1,ok,156.820,37,2,1,0,0,2305843009213693967:34;2305843009213693973:3,Symbolica_default,cached_powers_Q,5,2,0.159,BalancedZippelSeparated
fire7_nb0_rank3240,Automatic,1,ok,119.951,38,2,1,0,0,2305843009213693967:35;2305843009213693973:3,Symbolica_default,cached_powers_Q,3,3,0.153,BalancedZippelSeparated
fire7_nb0_rank3241,Automatic,1,ok,128.021,32,2,1,0,0,2305843009213693967:29;2305843009213693973:3,Symbolica_default,cached_powers_Q,3,2,0.145,BalancedZippelSeparated
fire7_nb0_rank3242,Automatic,1,ok,127.361,32,2,1,0,0,2305843009213693967:29;2305843009213693973:3,Symbolica_default,cached_powers_Q,3,2,0.176,BalancedZippelSeparated
fire7_nb0_rank3243,Automatic,1,ok,315.982,32,2,1,0,0,2305843009213693967:29;2305843009213693973:3,Symbolica_default,cached_powers_Q,3,2,0.207,BalancedZippelSeparated
fire7_nb0_rank3244,Automatic,1,ok,175.031,38,2,1,0,0,2305843009213693967:35;2305843009213693973:3,Symbolica_default,cached_powers_Q,2,3,0.174,BalancedZippelSeparated
fire7_nb0_rank3245,Automatic,1,ok,101.951,34,2,1,0,0,2305843009213693967:31;2305843009213693973:3,Symbolica_default,cached_powers_Q,3,1,0.171,BalancedZippelSeparated
fire7_nb0_rank3246,Automatic,1,ok,124.481,35,2,1,0,0,2305843009213693967:32;2305843009213693973:3,Symbolica_default,cached_powers_Q,5,1,0.163,BalancedZippelSeparated
fire7_nb0_rank3247,Automatic,1,ok,114.491,35,2,1,0,0,2305843009213693967:32;2305843009213693973:3,Symbolica_default,cached_powers_Q,5,1,0.163,BalancedZippelSeparated
fire7_nb0_rank3248,Automatic,1,ok,121.771,32,2,1,0,0,2305843009213693967:29;2305843009213693973:3,Symbolica_default,cached_powers_Q,4,1,0.310,BalancedZippelSeparated
fire7_nb0_rank3249,Automatic,1,ok,220.051,34,2,1,0,0,2305843009213693967:31;2305843009213693973:3,Symbolica_default,cached_powers_Q,3,1,0.167,BalancedZippelSeparated
fire7_nb0_rank3250,Automatic,1,ok,128.131,35,2,1,0,0,2305843009213693967:32;2305843009213693973:3,Symbolica_default,cached_powers_Q,2,3,0.149,BalancedZippelSeparated
fire7_nb0_rank3251,Automatic,1,ok,116.521,30,2,1,0,0,2305843009213693967:27;2305843009213693973:3,Symbolica_default,cached_powers_Q,3,2,0.165,BalancedZippelSeparated
fire7_nb0_rank3252,Automatic,1,ok,139.411,33,2,1,0,0,2305843009213693967:30;2305843009213693973:3,Symbolica_default,cached_powers_Q,4,2,0.160,BalancedZippelSeparated
fire7_nb0_rank3253,Automatic,1,ok,119.551,35,2,1,0,0,2305843009213693967:32;2305843009213693973:3,Symbolica_default,cached_powers_Q,2,3,0.153,BalancedZippelSeparated
fire7_nb0_rank3254,Automatic,1,ok,117.701,30,2,1,0,0,2305843009213693967:27;2305843009213693973:3,Symbolica_default,cached_powers_Q,4,1,0.140,BalancedZippelSeparated
fire7_nb0_rank3255,Automatic,1,ok,131.781,35,2,1,0,0,2305843009213693967:32;2305843009213693973:3,Symbolica_default,cached_powers_Q,2,3,0.144,BalancedZippelSeparated
fire7_nb0_rank3256,Automatic,1,ok,298.822,35,2,1,0,0,2305843009213693967:32;2305843009213693973:3,Symbolica_default,cached_powers_Q,2,3,0.150,BalancedZippelSeparated
fire7_nb0_rank3257,Automatic,1,ok,119.591,35,2,1,0,0,2305843009213693967:32;2305843009213693973:3,Symbolica_default,cached_powers_Q,5,1,0.210,BalancedZippelSeparated
fire7_nb0_rank3258,Automatic,1,ok,129.920,31,2,1,0,0,2305843009213693967:28;2305843009213693973:3,Symbolica_default,cached_powers_Q,2,2,0.267,BalancedZippelSeparated
fire7_nb0_rank3259,Automatic,1,ok,125.181,36,2,1,0,0,2305843009213693967:33;2305843009213693973:3,Symbolica_default,cached_powers_Q,1,3,0.149,BalancedZippelSeparated
fire7_nb0_rank3260,Automatic,1,ok,115.951,34,2,1,0,0,2305843009213693967:31;2305843009213693973:3,Symbolica_default,cached_powers_Q,3,1,0.156,BalancedZippelSeparated
fire7_nb0_rank3261,Automatic,1,ok,258.482,30,2,1,0,0,2305843009213693967:27;2305843009213693973:3,Symbolica_default,cached_powers_Q,3,2,0.201,BalancedZippelSeparated
fire7_nb0_rank3262,Automatic,1,ok,109.931,34,2,1,0,0,2305843009213693967:31;2305843009213693973:3,Symbolica_default,cached_powers_Q,3,1,0.142,BalancedZippelSeparated
fire7_nb0_rank3263,Automatic,1,ok,139.460,35,2,1,0,0,2305843009213693967:32;2305843009213693973:3,Symbolica_default,cached_powers_Q,2,3,0.161,BalancedZippelSeparated
fire7_nb0_rank3264,Automatic,1,ok,135.191,35,2,1,0,0,2305843009213693967:32;2305843009213693973:3,Symbolica_default,cached_powers_Q,3,2,0.192,BalancedZippelSeparated
fire7_nb0_rank3265,Automatic,1,ok,138.720,35,2,1,0,0,2305843009213693967:32;2305843009213693973:3,Symbolica_default,cached_powers_Q,2,3,0.198,BalancedZippelSeparated
fire7_nb0_rank3266,Automatic,1,ok,137.850,29,2,1,0,0,2305843009213693967:26;2305843009213693973:3,Symbolica_default,cached_powers_Q,2,2,0.160,BalancedZippelSeparated
fire7_nb0_rank3267,Automatic,1,ok,124.960,35,2,1,0,0,2305843009213693967:32;2305843009213693973:3,Symbolica_default,cached_powers_Q,1,3,0.304,BalancedZippelSeparated
fire7_nb0_rank3268,Automatic,1,ok,138.741,30,2,1,0,0,2305843009213693967:27;2305843009213693973:3,Symbolica_default,cached_powers_Q,2,2,0.162,BalancedZippelSeparated
fire7_nb0_rank3269,Automatic,1,ok,125.651,29,2,1,0,0,2305843009213693967:26;2305843009213693973:3,Symbolica_default,cached_powers_Q,2,2,0.250,BalancedZippelSeparated
fire7_nb0_rank3270,Automatic,1,ok,100.821,31,2,1,0,0,2305843009213693967:28;2305843009213693973:3,Symbolica_default,cached_powers_Q,2,1,0.133,BalancedZippelSeparated
fire7_nb0_rank3271,Automatic,1,ok,131.051,29,2,1,0,0,2305843009213693967:26;2305843009213693973:3,Symbolica_default,cached_powers_Q,2,2,0.154,BalancedZippelSeparated
fire7_nb0_rank3272,Automatic,1,ok,129.601,29,2,1,0,0,2305843009213693967:26;2305843009213693973:3,Symbolica_default,cached_powers_Q,2,2,0.187,BalancedZippelSeparated
fire7_nb0_rank3273,Automatic,1,ok,109.610,33,2,1,0,0,2305843009213693967:30;2305843009213693973:3,Symbolica_default,cached_powers_Q,1,3,0.159,BalancedZippelSeparated
fire7_nb0_rank3274,Automatic,1,ok,124.011,30,2,1,0,0,2305843009213693967:27;2305843009213693973:3,Symbolica_default,cached_powers_Q,3,2,0.152,BalancedZippelSeparated
fire7_nb0_rank3275,Automatic,1,ok,260.972,33,2,1,0,0,2305843009213693967:30;2305843009213693973:3,Symbolica_default,cached_powers_Q,1,3,0.123,BalancedZippelSeparated
fire7_nb0_rank3276,Automatic,1,ok,111.221,34,2,1,0,0,2305843009213693967:31;2305843009213693973:3,Symbolica_default,cached_powers_Q,3,2,0.156,BalancedZippelSeparated
fire7_nb0_rank3277,Automatic,1,ok,117.550,34,2,1,0,0,2305843009213693967:31;2305843009213693973:3,Symbolica_default,cached_powers_Q,3,2,0.153,BalancedZippelSeparated
fire7_nb0_rank3278,Automatic,1,ok,125.950,29,2,1,0,0,2305843009213693967:26;2305843009213693973:3,Symbolica_default,cached_powers_Q,2,2,0.285,BalancedZippelSeparated
fire7_nb0_rank3279,Automatic,1,ok,122.650,29,2,1,0,0,2305843009213693967:26;2305843009213693973:3,Symbolica_default,cached_powers_Q,2,2,0.145,BalancedZippelSeparated
fire7_nb0_rank3280,Automatic,1,ok,303.422,30,2,1,0,0,2305843009213693967:27;2305843009213693973:3,Symbolica_default,cached_powers_Q,3,2,0.157,BalancedZippelSeparated
fire7_nb0_rank3281,Automatic,1,ok,130.411,31,2,1,0,0,2305843009213693967:28;2305843009213693973:3,Symbolica_default,cached_powers_Q,2,2,0.192,BalancedZippelSeparated
fire7_nb0_rank3282,Automatic,1,ok,602.893,28,2,1,0,0,2305843009213693967:25;2305843009213693973:3,Symbolica_default,cached_powers_Q,2,2,0.445,BalancedZippelSeparated
fire7_nb0_rank3283,Automatic,1,ok,251.632,28,2,1,0,0,2305843009213693967:25;2305843009213693973:3,Symbolica_default,cached_powers_Q,2,1,0.164,BalancedZippelSeparated
fire7_nb0_rank3284,Automatic,1,ok,102.990,28,2,1,0,0,2305843009213693967:25;2305843009213693973:3,Symbolica_default,cached_powers_Q,2,1,0.156,BalancedZippelSeparated
fire7_nb0_rank3285,Automatic,1,ok,115.360,35,2,1,0,0,2305843009213693967:32;2305843009213693973:3,Symbolica_default,cached_powers_Q,2,3,0.153,BalancedZippelSeparated
fire7_nb0_rank3286,Automatic,1,ok,128.460,28,2,1,0,0,2305843009213693967:25;2305843009213693973:3,Symbolica_default,cached_powers_Q,2,2,0.151,BalancedZippelSeparated
fire7_nb0_rank3287,Automatic,1,ok,120.351,31,2,1,0,0,2305843009213693967:28;2305843009213693973:3,Symbolica_default,cached_powers_Q,2,2,0.131,BalancedZippelSeparated
fire7_nb0_rank3288,Automatic,1,ok,128.141,35,2,1,0,0,2305843009213693967:32;2305843009213693973:3,Symbolica_default,cached_powers_Q,2,3,0.135,BalancedZippelSeparated
fire7_nb0_rank3289,Automatic,1,ok,117.951,28,2,1,0,0,2305843009213693967:25;2305843009213693973:3,Symbolica_default,cached_powers_Q,2,2,0.163,BalancedZippelSeparated
fire7_nb0_rank3290,Automatic,1,ok,110.571,28,2,1,0,0,2305843009213693967:25;2305843009213693973:3,Symbolica_default,cached_powers_Q,2,2,0.163,BalancedZippelSeparated
fire7_nb0_rank3291,Automatic,1,ok,108.010,28,2,1,0,0,2305843009213693967:25;2305843009213693973:3,Symbolica_default,cached_powers_Q,2,1,0.153,BalancedZippelSeparated
fire7_nb0_rank3292,Automatic,1,ok,130.321,35,2,1,0,0,2305843009213693967:32;2305843009213693973:3,Symbolica_default,cached_powers_Q,2,3,0.153,BalancedZippelSeparated
fire7_nb0_rank3293,Automatic,1,ok,99.320,28,2,1,0,0,2305843009213693967:25;2305843009213693973:3,Symbolica_default,cached_powers_Q,2,1,0.144,BalancedZippelSeparated
fire7_nb0_rank3294,Automatic,1,ok,101.040,28,2,1,0,0,2305843009213693967:25;2305843009213693973:3,Symbolica_default,cached_powers_Q,2,1,0.297,BalancedZippelSeparated
fire7_nb0_rank3295,Automatic,1,ok,114.321,31,2,1,0,0,2305843009213693967:28;2305843009213693973:3,Symbolica_default,cached_powers_Q,2,2,0.157,BalancedZippelSeparated
fire7_nb0_rank3296,Automatic,1,ok,244.702,28,2,1,0,0,2305843009213693967:25;2305843009213693973:3,Symbolica_default,cached_powers_Q,1,2,0.129,BalancedZippelSeparated
fire7_nb0_rank3297,Automatic,1,ok,112.781,28,2,1,0,0,2305843009213693967:25;2305843009213693973:3,Symbolica_default,cached_powers_Q,2,1,0.162,BalancedZippelSeparated
fire7_nb0_rank3298,Automatic,1,ok,90.730,28,2,1,0,0,2305843009213693967:25;2305843009213693973:3,Symbolica_default,cached_powers_Q,2,1,0.146,BalancedZippelSeparated
fire7_nb0_rank3299,Automatic,1,ok,150.260,31,2,1,0,0,2305843009213693967:28;2305843009213693973:3,Symbolica_default,cached_powers_Q,2,2,0.141,BalancedZippelSeparated
fire7_nb0_rank3300,Automatic,1,ok,95.661,28,2,1,0,0,2305843009213693967:25;2305843009213693973:3,Symbolica_default,cached_powers_Q,1,1,0.121,BalancedZippelSeparated
fire7_nb0_rank3301,Automatic,1,ok,237.551,28,2,1,0,0,2305843009213693967:25;2305843009213693973:3,Symbolica_default,cached_powers_Q,2,1,0.134,BalancedZippelSeparated
fire7_nb0_rank3302,Automatic,1,ok,100.830,28,2,1,0,0,2305843009213693967:25;2305843009213693973:3,Symbolica_default,cached_powers_Q,2,1,0.131,BalancedZippelSeparated
fire7_nb0_rank3303,Automatic,1,ok,91.590,28,2,1,0,0,2305843009213693967:25;2305843009213693973:3,Symbolica_default,cached_powers_Q,2,1,0.128,BalancedZippelSeparated
fire7_nb0_rank3304,Automatic,1,ok,87.890,28,2,1,0,0,2305843009213693967:25;2305843009213693973:3,Symbolica_default,cached_powers_Q,2,1,0.134,BalancedZippelSeparated
fire7_nb0_rank3305,Automatic,1,ok,84.210,26,2,1,0,0,2305843009213693967:23;2305843009213693973:3,Symbolica_default,cached_powers_Q,2,1,0.119,BalancedZippelSeparated
fire7_nb0_rank3306,Automatic,1,ok,95.131,28,2,1,0,0,2305843009213693967:25;2305843009213693973:3,Symbolica_default,cached_powers_Q,2,1,0.138,BalancedZippelSeparated
fire7_nb0_rank3307,Automatic,1,ok,88.790,26,2,1,0,0,2305843009213693967:23;2305843009213693973:3,Symbolica_default,cached_powers_Q,2,1,0.110,BalancedZippelSeparated
fire7_nb0_rank3308,Automatic,1,ok,92.221,25,2,1,0,0,2305843009213693967:22;2305843009213693973:3,Symbolica_default,cached_powers_Q,1,1,0.107,BalancedZippelSeparated
fire7_nb0_rank3309,Automatic,1,ok,104.330,25,2,1,0,0,2305843009213693967:22;2305843009213693973:3,Symbolica_default,cached_powers_Q,1,1,0.110,BalancedZippelSeparated
fire7_nb0_rank3310,Automatic,1,ok,98.421,25,2,1,0,0,2305843009213693967:22;2305843009213693973:3,Symbolica_default,cached_powers_Q,1,1,0.117,BalancedZippelSeparated
fire7_nb0_rank3311,Automatic,1,ok,90.391,26,2,1,0,0,2305843009213693967:23;2305843009213693973:3,Symbolica_default,cached_powers_Q,2,1,0.092,BalancedZippelSeparated
fire7_nb0_rank3312,Automatic,1,ok,95.471,26,2,1,0,0,2305843009213693967:23;2305843009213693973:3,Symbolica_default,cached_powers_Q,2,1,0.095,BalancedZippelSeparated
fire7_nb0_rank3313,Automatic,1,ok,95.610,26,2,1,0,0,2305843009213693967:23;2305843009213693973:3,Symbolica_default,cached_powers_Q,2,1,0.085,BalancedZippelSeparated
fire7_nb0_rank3314,Automatic,1,ok,95.640,26,2,1,0,0,2305843009213693967:23;2305843009213693973:3,Symbolica_default,cached_powers_Q,2,1,0.085,BalancedZippelSeparated
fire7_nb0_rank3315,Automatic,1,ok,226.441,26,2,1,0,0,2305843009213693967:23;2305843009213693973:3,Symbolica_default,cached_powers_Q,2,1,0.088,BalancedZippelSeparated
fire7_nb0_rank3316,Automatic,1,ok,87.160,26,2,1,0,0,2305843009213693967:23;2305843009213693973:3,Symbolica_default,cached_powers_Q,2,1,0.074,BalancedZippelSeparated
fire7_nb0_rank3317,Automatic,1,ok,92.020,26,2,1,0,0,2305843009213693967:23;2305843009213693973:3,Symbolica_default,cached_powers_Q,2,1,0.078,BalancedZippelSeparated
fire7_nb0_rank3318,Automatic,1,ok,76.710,14,2,1,0,0,2305843009213693967:11;2305843009213693973:3,Symbolica_default,cached_powers_Q,1,1,0.045,BalancedZippelSeparated
fire7_nb0_rank3319,Automatic,1,ok,203.301,14,2,1,0,0,2305843009213693967:11;2305843009213693973:3,Symbolica_default,cached_powers_Q,1,1,0.054,BalancedZippelSeparated
