case,method,seed,status,elapsed_us,probes,primes,images,support_reuses,support_fallbacks,probes_by_prime,prime_policy,oracle,num_terms,den_terms,setup_ms,selected_methods
fire7_nb0_rank0001,Automatic,1,ok,40140.575,1731,2,1,0,0,2305843009213693967:1728;2305843009213693973:3,Symbolica_default,cached_powers_Q,858,414,6.713,BalancedZippelSeparated
fire7_nb0_rank0002,Automatic,1,ok,37550.943,1933,2,1,0,0,2305843009213693967:1930;2305843009213693973:3,Symbolica_default,cached_powers_Q,877,414,4.884,BalancedZippelSeparated
fire7_nb0_rank0003,Automatic,1,ok,29469.910,1451,2,1,0,0,2305843009213693967:1448;2305843009213693973:3,Symbolica_default,cached_powers_Q,753,243,4.242,BalancedZippelSeparated
fire7_nb0_rank0004,Automatic,1,ok,20298.023,1276,2,1,0,0,2305843009213693967:1273;2305843009213693973:3,Symbolica_default,cached_powers_Q,722,243,5.217,BalancedZippelSeparated
fire7_nb0_rank0005,Automatic,1,ok,22262.761,1407,2,1,0,0,2305843009213693967:1404;2305843009213693973:3,Symbolica_default,cached_powers_Q,739,224,3.913,BalancedZippelSeparated
fire7_nb0_rank0006,Automatic,1,ok,20347.274,1354,2,1,0,0,2305843009213693967:1351;2305843009213693973:3,Symbolica_default,cached_powers_Q,720,224,58.123,BalancedZippelSeparated
fire7_nb0_rank0007,Automatic,1,ok,17982.913,1164,2,1,0,0,2305843009213693967:1161;2305843009213693973:3,Symbolica_default,cached_powers_Q,648,261,3.446,BalancedZippelSeparated
fire7_nb0_rank0008,Automatic,1,ok,22174.771,1164,2,1,0,0,2305843009213693967:1161;2305843009213693973:3,Symbolica_default,cached_powers_Q,645,261,4.605,BalancedZippelSeparated
fire7_nb0_rank0009,Automatic,1,ok,16971.350,1150,2,1,0,0,2305843009213693967:1147;2305843009213693973:3,Symbolica_default,cached_powers_Q,578,261,4.549,BalancedZippelSeparated
fire7_nb0_rank0010,Automatic,1,ok,18413.415,1323,2,1,0,0,2305843009213693967:1320;2305843009213693973:3,Symbolica_default,cached_powers_Q,639,196,3.095,BalancedZippelSeparated
fire7_nb0_rank0011,Automatic,1,ok,49444.292,1337,2,1,0,0,2305843009213693967:1334;2305843009213693973:3,Symbolica_default,cached_powers_Q,640,196,23.541,BalancedZippelSeparated
fire7_nb0_rank0012,Automatic,1,ok,14857.531,878,2,1,0,0,2305843009213693967:875;2305843009213693973:3,Symbolica_default,cached_powers_Q,431,369,4.195,BalancedZippelSeparated
fire7_nb0_rank0013,Automatic,1,ok,17371.811,1108,2,1,0,0,2305843009213693967:1105;2305843009213693973:3,Symbolica_default,cached_powers_Q,534,232,4.052,BalancedZippelSeparated
fire7_nb0_rank0014,Automatic,1,ok,12422.981,963,2,1,0,0,2305843009213693967:960;2305843009213693973:3,Symbolica_default,cached_powers_Q,572,198,2.947,BalancedZippelSeparated
fire7_nb0_rank0015,Automatic,1,ok,13214.895,978,2,1,0,0,2305843009213693967:975;2305843009213693973:3,Symbolica_default,cached_powers_Q,530,232,3.028,BalancedZippelSeparated
fire7_nb0_rank0016,Automatic,1,ok,15333.643,1102,2,1,0,0,2305843009213693967:1099;2305843009213693973:3,Symbolica_default,cached_powers_Q,530,232,2.870,BalancedZippelSeparated
fire7_nb0_rank0017,Automatic,1,ok,18200.245,1141,2,1,0,0,2305843009213693967:1138;2305843009213693973:3,Symbolica_default,cached_powers_Q,567,189,4.201,BalancedZippelSeparated
fire7_nb0_rank0018,Automatic,1,ok,15584.624,1210,2,1,0,0,2305843009213693967:1207;2305843009213693973:3,Symbolica_default,cached_powers_Q,566,189,3.112,BalancedZippelSeparated
fire7_nb0_rank0019,Automatic,1,ok,13751.016,1089,2,1,0,0,2305843009213693967:1086;2305843009213693973:3,Symbolica_default,cached_powers_Q,567,168,2.879,BalancedZippelSeparated
fire7_nb0_rank0020,Automatic,1,ok,11546.447,878,2,1,0,0,2305843009213693967:875;2305843009213693973:3,Symbolica_default,cached_powers_Q,539,189,3.561,BalancedZippelSeparated
fire7_nb0_rank0021,Automatic,1,ok,15802.794,1027,2,1,0,0,2305843009213693967:1024;2305843009213693973:3,Symbolica_default,cached_powers_Q,407,312,3.801,BalancedZippelSeparated
fire7_nb0_rank0022,Automatic,1,ok,15107.632,1066,2,1,0,0,2305843009213693967:1063;2305843009213693973:3,Symbolica_default,cached_powers_Q,550,168,3.933,BalancedZippelSeparated
fire7_nb0_rank0023,Automatic,1,ok,11573.107,945,2,1,0,0,2305843009213693967:942;2305843009213693973:3,Symbolica_default,cached_powers_Q,482,240,2.911,BalancedZippelSeparated
fire7_nb0_rank0024,Automatic,1,ok,41245.629,985,2,1,0,0,2305843009213693967:982;2305843009213693973:3,Symbolica_default,cached_powers_Q,497,240,31.358,BalancedZippelSeparated
fire7_nb0_rank0025,Automatic,1,ok,41868.411,807,2,1,0,0,2305843009213693967:804;2305843009213693973:3,Symbolica_default,cached_powers_Q,395,328,21.904,BalancedZippelSeparated
fire7_nb0_rank0026,Automatic,1,ok,15381.632,1029,2,1,0,0,2305843009213693967:1026;2305843009213693973:3,Symbolica_default,cached_powers_Q,532,168,3.762,BalancedZippelSeparated
fire7_nb0_rank0027,Automatic,1,ok,9712.590,825,2,1,0,0,2305843009213693967:822;2305843009213693973:3,Symbolica_default,cached_powers_Q,451,232,2.865,BalancedZippelSeparated
fire7_nb0_rank0028,Automatic,1,ok,9964.041,868,2,1,0,0,2305843009213693967:865;2305843009213693973:3,Symbolica_default,cached_powers_Q,482,147,2.396,BalancedZippelSeparated
fire7_nb0_rank0029,Automatic,1,ok,8102.073,764,2,1,0,0,2305843009213693967:761;2305843009213693973:3,Symbolica_default,cached_powers_Q,451,162,2.376,BalancedZippelSeparated
fire7_nb0_rank0030,Automatic,1,ok,11229.776,1017,2,1,0,0,2305843009213693967:1014;2305843009213693973:3,Symbolica_default,cached_powers_Q,504,126,2.519,BalancedZippelSeparated
fire7_nb0_rank0031,Automatic,1,ok,38442.498,1000,2,1,0,0,2305843009213693967:997;2305843009213693973:3,Symbolica_default,cached_powers_Q,471,147,31.011,BalancedZippelSeparated
fire7_nb0_rank0032,Automatic,1,ok,8792.906,839,2,1,0,0,2305843009213693967:836;2305843009213693973:3,Symbolica_default,cached_powers_Q,449,153,2.451,BalancedZippelSeparated
fire7_nb0_rank0033,Automatic,1,ok,8034.863,760,2,1,0,0,2305843009213693967:757;2305843009213693973:3,Symbolica_default,cached_powers_Q,404,192,2.384,BalancedZippelSeparated
fire7_nb0_rank0034,Automatic,1,ok,12610.271,900,2,1,0,0,2305843009213693967:897;2305843009213693973:3,Symbolica_default,cached_powers_Q,458,144,3.313,BalancedZippelSeparated
fire7_nb0_rank0035,Automatic,1,ok,11429.467,868,2,1,0,0,2305843009213693967:865;2305843009213693973:3,Symbolica_default,cached_powers_Q,445,154,3.393,BalancedZippelSeparated
fire7_nb0_rank0036,Automatic,1,ok,9368.038,867,2,1,0,0,2305843009213693967:864;2305843009213693973:3,Symbolica_default,cached_powers_Q,431,168,2.464,BalancedZippelSeparated
fire7_nb0_rank0037,Automatic,1,ok,8622.666,798,2,1,0,0,2305843009213693967:795;2305843009213693973:3,Symbolica_default,cached_powers_Q,405,168,2.445,BalancedZippelSeparated
fire7_nb0_rank0038,Automatic,1,ok,10721.814,1004,2,1,0,0,2305843009213693967:1001;2305843009213693973:3,Symbolica_default,cached_powers_Q,466,119,3.684,BalancedZippelSeparated
fire7_nb0_rank0039,Automatic,1,ok,7167.630,740,2,1,0,0,2305843009213693967:737;2305843009213693973:3,Symbolica_default,cached_powers_Q,308,240,2.293,BalancedZippelSeparated
fire7_nb0_rank0040,Automatic,1,ok,8664.186,839,2,1,0,0,2305843009213693967:836;2305843009213693973:3,Symbolica_default,cached_powers_Q,443,119,2.350,BalancedZippelSeparated
fire7_nb0_rank0041,Automatic,1,ok,6274.295,620,2,1,0,0,2305843009213693967:617;2305843009213693973:3,Symbolica_default,cached_powers_Q,362,176,2.236,BalancedZippelSeparated
fire7_nb0_rank0042,Automatic,1,ok,9058.187,895,2,1,0,0,2305843009213693967:892;2305843009213693973:3,Symbolica_default,cached_powers_Q,400,147,2.225,BalancedZippelSeparated
fire7_nb0_rank0043,Automatic,1,ok,9821.730,966,2,1,0,0,2305843009213693967:963;2305843009213693973:3,Symbolica_default,cached_powers_Q,432,126,2.161,BalancedZippelSeparated
fire7_nb0_rank0044,Automatic,1,ok,25351.144,944,2,1,0,0,2305843009213693967:941;2305843009213693973:3,Symbolica_default,cached_powers_Q,418,126,2.397,BalancedZippelSeparated
fire7_nb0_rank0045,Automatic,1,ok,37739.815,809,2,1,0,0,2305843009213693967:806;2305843009213693973:3,Symbolica_default,cached_powers_Q,407,126,17.572,BalancedZippelSeparated
fire7_nb0_rank0046,Automatic,1,ok,9194.568,900,2,1,0,0,2305843009213693967:897;2305843009213693973:3,Symbolica_default,cached_powers_Q,422,132,2.384,BalancedZippelSeparated
fire7_nb0_rank0047,Automatic,1,ok,8056.273,835,2,1,0,0,2305843009213693967:832;2305843009213693973:3,Symbolica_default,cached_powers_Q,452,77,2.130,BalancedZippelSeparated
fire7_nb0_rank0048,Automatic,1,ok,6696.347,726,2,1,0,0,2305843009213693967:723;2305843009213693973:3,Symbolica_default,cached_powers_Q,280,224,2.020,BalancedZippelSeparated
fire7_nb0_rank0049,Automatic,1,ok,6749.998,726,2,1,0,0,2305843009213693967:723;2305843009213693973:3,Symbolica_default,cached_powers_Q,280,224,2.083,BalancedZippelSeparated
fire7_nb0_rank0050,Automatic,1,ok,6578.016,677,2,1,0,0,2305843009213693967:674;2305843009213693973:3,Symbolica_default,cached_powers_Q,340,176,2.233,BalancedZippelSeparated
fire7_nb0_rank0051,Automatic,1,ok,9288.478,873,2,1,0,0,2305843009213693967:870;2305843009213693973:3,Symbolica_default,cached_powers_Q,383,162,2.504,BalancedZippelSeparated
fire7_nb0_rank0052,Automatic,1,ok,10646.233,759,2,1,0,0,2305843009213693967:756;2305843009213693973:3,Symbolica_default,cached_powers_Q,299,224,2.128,BalancedZippelSeparated
fire7_nb0_rank0053,Automatic,1,ok,7456.451,782,2,1,0,0,2305843009213693967:779;2305843009213693973:3,Symbolica_default,cached_powers_Q,351,180,2.285,BalancedZippelSeparated
fire7_nb0_rank0054,Automatic,1,ok,43052.886,817,2,1,0,0,2305843009213693967:814;2305843009213693973:3,Symbolica_default,cached_powers_Q,407,126,23.806,BalancedZippelSeparated
fire7_nb0_rank0055,Automatic,1,ok,21467.418,626,2,1,0,0,2305843009213693967:623;2305843009213693973:3,Symbolica_default,cached_powers_Q,330,168,23.979,BalancedZippelSeparated
fire7_nb0_rank0056,Automatic,1,ok,25313.694,598,2,1,0,0,2305843009213693967:595;2305843009213693973:3,Symbolica_default,cached_powers_Q,407,81,24.915,BalancedZippelSeparated
fire7_nb0_rank0057,Automatic,1,ok,22394.261,708,2,1,0,0,2305843009213693967:705;2305843009213693973:3,Symbolica_default,cached_powers_Q,359,152,17.229,BalancedZippelSeparated
fire7_nb0_rank0058,Automatic,1,ok,28625.247,723,2,1,0,0,2305843009213693967:720;2305843009213693973:3,Symbolica_default,cached_powers_Q,337,168,33.957,BalancedZippelSeparated
fire7_nb0_rank0059,Automatic,1,ok,9499.529,750,2,1,0,0,2305843009213693967:747;2305843009213693973:3,Symbolica_default,cached_powers_Q,360,147,2.961,BalancedZippelSeparated
fire7_nb0_rank0060,Automatic,1,ok,7169.070,729,2,1,0,0,2305843009213693967:726;2305843009213693973:3,Symbolica_default,cached_powers_Q,380,119,2.282,BalancedZippelSeparated
fire7_nb0_rank0061,Automatic,1,ok,6185.815,696,2,1,0,0,2305843009213693967:693;2305843009213693973:3,Symbolica_default,cached_powers_Q,270,210,1.978,BalancedZippelSeparated
fire7_nb0_rank0062,Automatic,1,ok,6187.555,696,2,1,0,0,2305843009213693967:693;2305843009213693973:3,Symbolica_default,cached_powers_Q,270,210,1.996,BalancedZippelSeparated
fire7_nb0_rank0063,Automatic,1,ok,7671.212,824,2,1,0,0,2305843009213693967:821;2305843009213693973:3,Symbolica_default,cached_powers_Q,376,126,2.018,BalancedZippelSeparated
fire7_nb0_rank0064,Automatic,1,ok,8832.307,816,2,1,0,0,2305843009213693967:813;2305843009213693973:3,Symbolica_default,cached_powers_Q,375,132,2.121,BalancedZippelSeparated
fire7_nb0_rank0065,Automatic,1,ok,7821.292,598,2,1,0,0,2305843009213693967:595;2305843009213693973:3,Symbolica_default,cached_powers_Q,401,81,3.375,BalancedZippelSeparated
fire7_nb0_rank0066,Automatic,1,ok,6050.285,638,2,1,0,0,2305843009213693967:635;2305843009213693973:3,Symbolica_default,cached_powers_Q,306,192,5.988,BalancedZippelSeparated
fire7_nb0_rank0067,Automatic,1,ok,5855.103,627,2,1,0,0,2305843009213693967:624;2305843009213693973:3,Symbolica_default,cached_powers_Q,297,192,2.154,BalancedZippelSeparated
fire7_nb0_rank0068,Automatic,1,ok,5813.883,615,2,1,0,0,2305843009213693967:612;2305843009213693973:3,Symbolica_default,cached_powers_Q,257,231,2.048,BalancedZippelSeparated
fire7_nb0_rank0069,Automatic,1,ok,7493.880,720,2,1,0,0,2305843009213693967:717;2305843009213693973:3,Symbolica_default,cached_powers_Q,359,126,2.274,BalancedZippelSeparated
fire7_nb0_rank0070,Automatic,1,ok,7665.061,650,2,1,0,0,2305843009213693967:647;2305843009213693973:3,Symbolica_default,cached_powers_Q,319,168,2.836,BalancedZippelSeparated
fire7_nb0_rank0071,Automatic,1,ok,9180.078,778,2,1,0,0,2305843009213693967:775;2305843009213693973:3,Symbolica_default,cached_powers_Q,376,102,2.887,BalancedZippelSeparated
fire7_nb0_rank0072,Automatic,1,ok,7796.982,842,2,1,0,0,2305843009213693967:839;2305843009213693973:3,Symbolica_default,cached_powers_Q,350,126,2.189,BalancedZippelSeparated
fire7_nb0_rank0073,Automatic,1,ok,5047.351,587,2,1,0,0,2305843009213693967:584;2305843009213693973:3,Symbolica_default,cached_powers_Q,315,136,2.047,BalancedZippelSeparated
fire7_nb0_rank0074,Automatic,1,ok,4993.641,572,2,1,0,0,2305843009213693967:569;2305843009213693973:3,Symbolica_default,cached_powers_Q,364,88,1.925,BalancedZippelSeparated
fire7_nb0_rank0075,Automatic,1,ok,27385.562,746,2,1,0,0,2305843009213693967:743;2305843009213693973:3,Symbolica_default,cached_powers_Q,269,192,6.472,BalancedZippelSeparated
fire7_nb0_rank0076,Automatic,1,ok,8256.984,640,2,1,0,0,2305843009213693967:637;2305843009213693973:3,Symbolica_default,cached_powers_Q,296,168,5.155,BalancedZippelSeparated
fire7_nb0_rank0077,Automatic,1,ok,14195.028,922,2,1,0,0,2305843009213693967:919;2305843009213693973:3,Symbolica_default,cached_powers_Q,288,195,1.637,BalancedZippelSeparated
fire7_nb0_rank0078,Automatic,1,ok,6912.878,552,2,1,0,0,2305843009213693967:549;2305843009213693973:3,Symbolica_default,cached_powers_Q,242,192,1.492,BalancedZippelSeparated
fire7_nb0_rank0079,Automatic,1,ok,15451.673,672,2,1,0,0,2305843009213693967:669;2305843009213693973:3,Symbolica_default,cached_powers_Q,341,114,2.628,BalancedZippelSeparated
fire7_nb0_rank0080,Automatic,1,ok,6754.928,484,2,1,0,0,2305843009213693967:481;2305843009213693973:3,Symbolica_default,cached_powers_Q,240,200,2.553,BalancedZippelSeparated
fire7_nb0_rank0081,Automatic,1,ok,9987.251,701,2,1,0,0,2305843009213693967:698;2305843009213693973:3,Symbolica_default,cached_powers_Q,385,56,4.004,BalancedZippelSeparated
fire7_nb0_rank0082,Automatic,1,ok,11342.537,658,2,1,0,0,2305843009213693967:655;2305843009213693973:3,Symbolica_default,cached_powers_Q,312,119,1.648,BalancedZippelSeparated
fire7_nb0_rank0083,Automatic,1,ok,15153.822,656,2,1,0,0,2305843009213693967:653;2305843009213693973:3,Symbolica_default,cached_powers_Q,341,108,2.526,BalancedZippelSeparated
fire7_nb0_rank0084,Automatic,1,ok,9646.800,716,2,1,0,0,2305843009213693967:713;2305843009213693973:3,Symbolica_default,cached_powers_Q,260,180,5.186,BalancedZippelSeparated
fire7_nb0_rank0085,Automatic,1,ok,5174.012,607,2,1,0,0,2305843009213693967:604;2305843009213693973:3,Symbolica_default,cached_powers_Q,311,119,4.155,BalancedZippelSeparated
fire7_nb0_rank0086,Automatic,1,ok,5049.801,593,2,1,0,0,2305843009213693967:590;2305843009213693973:3,Symbolica_default,cached_powers_Q,306,133,4.104,BalancedZippelSeparated
fire7_nb0_rank0087,Automatic,1,ok,7976.162,703,2,1,0,0,2305843009213693967:700;2305843009213693973:3,Symbolica_default,cached_powers_Q,331,102,11.408,BalancedZippelSeparated
fire7_nb0_rank0088,Automatic,1,ok,9140.517,716,2,1,0,0,2305843009213693967:713;2305843009213693973:3,Symbolica_default,cached_powers_Q,260,180,5.198,BalancedZippelSeparated
fire7_nb0_rank0089,Automatic,1,ok,7930.833,674,2,1,0,0,2305843009213693967:671;2305843009213693973:3,Symbolica_default,cached_powers_Q,303,145,1.868,BalancedZippelSeparated
fire7_nb0_rank0090,Automatic,1,ok,6372.716,471,2,1,0,0,2305843009213693967:468;2305843009213693973:3,Symbolica_default,cached_powers_Q,227,200,1.520,BalancedZippelSeparated
fire7_nb0_rank0091,Automatic,1,ok,9494.649,627,2,1,0,0,2305843009213693967:624;2305843009213693973:3,Symbolica_default,cached_powers_Q,272,168,4.026,BalancedZippelSeparated
fire7_nb0_rank0092,Automatic,1,ok,12644.852,702,2,1,0,0,2305843009213693967:699;2305843009213693973:3,Symbolica_default,cached_powers_Q,243,192,1.853,BalancedZippelSeparated
fire7_nb0_rank0093,Automatic,1,ok,7550.531,601,2,1,0,0,2305843009213693967:598;2305843009213693973:3,Symbolica_default,cached_powers_Q,272,168,4.090,BalancedZippelSeparated
fire7_nb0_rank0094,Automatic,1,ok,7920.192,642,2,1,0,0,2305843009213693967:639;2305843009213693973:3,Symbolica_default,cached_powers_Q,295,144,3.894,BalancedZippelSeparated
fire7_nb0_rank0095,Automatic,1,ok,6659.817,446,2,1,0,0,2305843009213693967:443;2305843009213693973:3,Symbolica_default,cached_powers_Q,218,208,1.897,BalancedZippelSeparated
fire7_nb0_rank0096,Automatic,1,ok,9128.307,588,2,1,0,0,2305843009213693967:585;2305843009213693973:3,Symbolica_default,cached_powers_Q,332,91,5.485,BalancedZippelSeparated
fire7_nb0_rank0097,Automatic,1,ok,6348.436,459,2,1,0,0,2305843009213693967:456;2305843009213693973:3,Symbolica_default,cached_powers_Q,218,200,1.807,BalancedZippelSeparated
fire7_nb0_rank0098,Automatic,1,ok,5984.084,423,2,1,0,0,2305843009213693967:420;2305843009213693973:3,Symbolica_default,cached_powers_Q,218,200,1.841,BalancedZippelSeparated
fire7_nb0_rank0099,Automatic,1,ok,9414.209,705,2,1,0,0,2305843009213693967:702;2305843009213693973:3,Symbolica_default,cached_powers_Q,301,135,6.583,BalancedZippelSeparated
fire7_nb0_rank0100,Automatic,1,ok,8432.905,545,2,1,0,0,2305843009213693967:542;2305843009213693973:3,Symbolica_default,cached_powers_Q,306,104,4.957,BalancedZippelSeparated
fire7_nb0_rank0101,Automatic,1,ok,7941.423,556,2,1,0,0,2305843009213693967:553;2305843009213693973:3,Symbolica_default,cached_powers_Q,250,168,7.138,BalancedZippelSeparated
fire7_nb0_rank0102,Automatic,1,ok,5798.793,686,2,1,0,0,2305843009213693967:683;2305843009213693973:3,Symbolica_default,cached_powers_Q,243,180,1.986,BalancedZippelSeparated
fire7_nb0_rank0103,Automatic,1,ok,9899.821,527,2,1,0,0,2305843009213693967:524;2305843009213693973:3,Symbolica_default,cached_powers_Q,220,192,1.802,BalancedZippelSeparated
fire7_nb0_rank0104,Automatic,1,ok,6991.679,514,2,1,0,0,2305843009213693967:511;2305843009213693973:3,Symbolica_default,cached_powers_Q,270,136,3.823,BalancedZippelSeparated
fire7_nb0_rank0105,Automatic,1,ok,7965.162,505,2,1,0,0,2305843009213693967:502;2305843009213693973:3,Symbolica_default,cached_powers_Q,178,238,2.105,BalancedZippelSeparated
fire7_nb0_rank0106,Automatic,1,ok,5902.073,736,2,1,0,0,2305843009213693967:733;2305843009213693973:3,Symbolica_default,cached_powers_Q,350,66,4.278,BalancedZippelSeparated
fire7_nb0_rank0107,Automatic,1,ok,7243.569,594,2,1,0,0,2305843009213693967:591;2305843009213693973:3,Symbolica_default,cached_powers_Q,288,119,1.592,BalancedZippelSeparated
fire7_nb0_rank0108,Automatic,1,ok,6249.276,609,2,1,0,0,2305843009213693967:606;2305843009213693973:3,Symbolica_default,cached_powers_Q,309,102,4.656,BalancedZippelSeparated
fire7_nb0_rank0109,Automatic,1,ok,7713.502,463,2,1,0,0,2305843009213693967:460;2305843009213693973:3,Symbolica_default,cached_powers_Q,260,136,6.963,BalancedZippelSeparated
fire7_nb0_rank0110,Automatic,1,ok,7319.420,620,2,1,0,0,2305843009213693967:617;2305843009213693973:3,Symbolica_default,cached_powers_Q,335,66,4.311,BalancedZippelSeparated
fire7_nb0_rank0111,Automatic,1,ok,7979.703,675,2,1,0,0,2305843009213693967:672;2305843009213693973:3,Symbolica_default,cached_powers_Q,301,108,1.444,BalancedZippelSeparated
fire7_nb0_rank0112,Automatic,1,ok,5616.873,446,2,1,0,0,2305843009213693967:443;2305843009213693973:3,Symbolica_default,cached_powers_Q,215,182,1.698,BalancedZippelSeparated
fire7_nb0_rank0113,Automatic,1,ok,11092.645,541,2,1,0,0,2305843009213693967:538;2305843009213693973:3,Symbolica_default,cached_powers_Q,264,133,2.371,BalancedZippelSeparated
fire7_nb0_rank0114,Automatic,1,ok,6109.985,688,2,1,0,0,2305843009213693967:685;2305843009213693973:3,Symbolica_default,cached_powers_Q,322,66,4.935,BalancedZippelSeparated
fire7_nb0_rank0115,Automatic,1,ok,6578.747,547,2,1,0,0,2305843009213693967:544;2305843009213693973:3,Symbolica_default,cached_powers_Q,295,91,1.587,BalancedZippelSeparated
fire7_nb0_rank0116,Automatic,1,ok,7470.221,635,2,1,0,0,2305843009213693967:632;2305843009213693973:3,Symbolica_default,cached_powers_Q,271,126,1.573,BalancedZippelSeparated
fire7_nb0_rank0117,Automatic,1,ok,5195.511,572,2,1,0,0,2305843009213693967:569;2305843009213693973:3,Symbolica_default,cached_powers_Q,271,119,1.473,BalancedZippelSeparated
fire7_nb0_rank0118,Automatic,1,ok,4840.670,478,2,1,0,0,2305843009213693967:475;2305843009213693973:3,Symbolica_default,cached_powers_Q,310,64,2.364,BalancedZippelSeparated
fire7_nb0_rank0119,Automatic,1,ok,6980.628,464,2,1,0,0,2305843009213693967:461;2305843009213693973:3,Symbolica_default,cached_powers_Q,250,133,3.525,BalancedZippelSeparated
fire7_nb0_rank0120,Automatic,1,ok,6345.976,520,2,1,0,0,2305843009213693967:517;2305843009213693973:3,Symbolica_default,cached_powers_Q,308,77,3.824,BalancedZippelSeparated
fire7_nb0_rank0121,Automatic,1,ok,5182.022,675,2,1,0,0,2305843009213693967:672;2305843009213693973:3,Symbolica_default,cached_powers_Q,316,66,3.508,BalancedZippelSeparated
fire7_nb0_rank0122,Automatic,1,ok,5040.700,511,2,1,0,0,2305843009213693967:508;2305843009213693973:3,Symbolica_default,cached_powers_Q,247,126,4.653,BalancedZippelSeparated
fire7_nb0_rank0123,Automatic,1,ok,10695.204,542,2,1,0,0,2305843009213693967:539;2305843009213693973:3,Symbolica_default,cached_powers_Q,280,91,1.936,BalancedZippelSeparated
fire7_nb0_rank0124,Automatic,1,ok,5566.222,401,2,1,0,0,2305843009213693967:398;2305843009213693973:3,Symbolica_default,cached_powers_Q,210,175,1.676,BalancedZippelSeparated
fire7_nb0_rank0125,Automatic,1,ok,8768.086,510,2,1,0,0,2305843009213693967:507;2305843009213693973:3,Symbolica_default,cached_powers_Q,300,77,3.970,BalancedZippelSeparated
fire7_nb0_rank0126,Automatic,1,ok,4092.917,515,2,1,0,0,2305843009213693967:512;2305843009213693973:3,Symbolica_default,cached_powers_Q,196,175,1.587,BalancedZippelSeparated
fire7_nb0_rank0127,Automatic,1,ok,3867.905,465,2,1,0,0,2305843009213693967:462;2305843009213693973:3,Symbolica_default,cached_powers_Q,205,175,2.016,BalancedZippelSeparated
fire7_nb0_rank0128,Automatic,1,ok,4845.240,499,2,1,0,0,2305843009213693967:496;2305843009213693973:3,Symbolica_default,cached_powers_Q,210,154,2.167,BalancedZippelSeparated
fire7_nb0_rank0129,Automatic,1,ok,4384.188,499,2,1,0,0,2305843009213693967:496;2305843009213693973:3,Symbolica_default,cached_powers_Q,210,154,2.193,BalancedZippelSeparated
fire7_nb0_rank0130,Automatic,1,ok,8957.296,574,2,1,0,0,2305843009213693967:571;2305843009213693973:3,Symbolica_default,cached_powers_Q,256,132,1.761,BalancedZippelSeparated
fire7_nb0_rank0131,Automatic,1,ok,3669.345,447,2,1,0,0,2305843009213693967:444;2305843009213693973:3,Symbolica_default,cached_powers_Q,249,126,1.475,BalancedZippelSeparated
fire7_nb0_rank0132,Automatic,1,ok,5243.712,643,2,1,0,0,2305843009213693967:640;2305843009213693973:3,Symbolica_default,cached_powers_Q,282,110,1.728,BalancedZippelSeparated
fire7_nb0_rank0133,Automatic,1,ok,4737.739,513,2,1,0,0,2305843009213693967:510;2305843009213693973:3,Symbolica_default,cached_powers_Q,288,77,1.525,BalancedZippelSeparated
fire7_nb0_rank0134,Automatic,1,ok,5635.973,637,2,1,0,0,2305843009213693967:634;2305843009213693973:3,Symbolica_default,cached_powers_Q,288,105,1.641,BalancedZippelSeparated
fire7_nb0_rank0135,Automatic,1,ok,6303.956,609,2,1,0,0,2305843009213693967:606;2305843009213693973:3,Symbolica_default,cached_powers_Q,266,102,2.173,BalancedZippelSeparated
fire7_nb0_rank0136,Automatic,1,ok,5516.422,562,2,1,0,0,2305843009213693967:559;2305843009213693973:3,Symbolica_default,cached_powers_Q,288,78,2.225,BalancedZippelSeparated
fire7_nb0_rank0137,Automatic,1,ok,5787.964,665,2,1,0,0,2305843009213693967:662;2305843009213693973:3,Symbolica_default,cached_powers_Q,273,105,1.658,BalancedZippelSeparated
fire7_nb0_rank0138,Automatic,1,ok,3438.395,429,2,1,0,0,2305843009213693967:426;2305843009213693973:3,Symbolica_default,cached_powers_Q,280,72,1.979,BalancedZippelSeparated
fire7_nb0_rank0139,Automatic,1,ok,3398.044,436,2,1,0,0,2305843009213693967:433;2305843009213693973:3,Symbolica_default,cached_powers_Q,268,88,1.553,BalancedZippelSeparated
fire7_nb0_rank0140,Automatic,1,ok,4581.368,487,2,1,0,0,2305843009213693967:484;2305843009213693973:3,Symbolica_default,cached_powers_Q,247,105,2.344,BalancedZippelSeparated
fire7_nb0_rank0141,Automatic,1,ok,5514.732,663,2,1,0,0,2305843009213693967:660;2305843009213693973:3,Symbolica_default,cached_powers_Q,266,105,2.018,BalancedZippelSeparated
fire7_nb0_rank0142,Automatic,1,ok,4556.479,564,2,1,0,0,2305843009213693967:561;2305843009213693973:3,Symbolica_default,cached_powers_Q,259,102,1.464,BalancedZippelSeparated
fire7_nb0_rank0143,Automatic,1,ok,3583.884,494,2,1,0,0,2305843009213693967:491;2305843009213693973:3,Symbolica_default,cached_powers_Q,274,77,1.686,BalancedZippelSeparated
fire7_nb0_rank0144,Automatic,1,ok,3760.466,496,2,1,0,0,2305843009213693967:493;2305843009213693973:3,Symbolica_default,cached_powers_Q,272,77,1.698,BalancedZippelSeparated
fire7_nb0_rank0145,Automatic,1,ok,4088.307,555,2,1,0,0,2305843009213693967:552;2305843009213693973:3,Symbolica_default,cached_powers_Q,272,77,1.532,BalancedZippelSeparated
fire7_nb0_rank0146,Automatic,1,ok,4781.890,459,2,1,0,0,2305843009213693967:456;2305843009213693973:3,Symbolica_default,cached_powers_Q,279,77,1.987,BalancedZippelSeparated
fire7_nb0_rank0147,Automatic,1,ok,4197.237,404,2,1,0,0,2305843009213693967:401;2305843009213693973:3,Symbolica_default,cached_powers_Q,237,105,2.125,BalancedZippelSeparated
fire7_nb0_rank0148,Automatic,1,ok,5768.393,539,2,1,0,0,2305843009213693967:536;2305843009213693973:3,Symbolica_default,cached_powers_Q,304,54,2.727,BalancedZippelSeparated
fire7_nb0_rank0149,Automatic,1,ok,40306.705,484,2,1,0,0,2305843009213693967:481;2305843009213693973:3,Symbolica_default,cached_powers_Q,243,102,1.404,BalancedZippelSeparated
fire7_nb0_rank0150,Automatic,1,ok,4388.398,464,2,1,0,0,2305843009213693967:461;2305843009213693973:3,Symbolica_default,cached_powers_Q,249,84,2.068,BalancedZippelSeparated
fire7_nb0_rank0151,Automatic,1,ok,4525.739,483,2,1,0,0,2305843009213693967:480;2305843009213693973:3,Symbolica_default,cached_powers_Q,266,77,1.943,BalancedZippelSeparated
fire7_nb0_rank0152,Automatic,1,ok,3209.753,404,2,1,0,0,2305843009213693967:401;2305843009213693973:3,Symbolica_default,cached_powers_Q,186,144,1.351,BalancedZippelSeparated
fire7_nb0_rank0153,Automatic,1,ok,3761.346,464,2,1,0,0,2305843009213693967:461;2305843009213693973:3,Symbolica_default,cached_powers_Q,249,102,1.425,BalancedZippelSeparated
fire7_nb0_rank0154,Automatic,1,ok,3559.885,496,2,1,0,0,2305843009213693967:493;2305843009213693973:3,Symbolica_default,cached_powers_Q,267,63,1.853,BalancedZippelSeparated
fire7_nb0_rank0155,Automatic,1,ok,3169.333,415,2,1,0,0,2305843009213693967:412;2305843009213693973:3,Symbolica_default,cached_powers_Q,225,112,1.495,BalancedZippelSeparated
fire7_nb0_rank0156,Automatic,1,ok,5153.501,539,2,1,0,0,2305843009213693967:536;2305843009213693973:3,Symbolica_default,cached_powers_Q,299,54,2.358,BalancedZippelSeparated
fire7_nb0_rank0157,Automatic,1,ok,3139.682,414,2,1,0,0,2305843009213693967:411;2305843009213693973:3,Symbolica_default,cached_powers_Q,261,77,26.746,BalancedZippelSeparated
fire7_nb0_rank0158,Automatic,1,ok,3556.845,457,2,1,0,0,2305843009213693967:454;2305843009213693973:3,Symbolica_default,cached_powers_Q,233,102,1.334,BalancedZippelSeparated
fire7_nb0_rank0159,Automatic,1,ok,4518.228,580,2,1,0,0,2305843009213693967:577;2305843009213693973:3,Symbolica_default,cached_powers_Q,259,105,1.573,BalancedZippelSeparated
fire7_nb0_rank0160,Automatic,1,ok,4303.668,580,2,1,0,0,2305843009213693967:577;2305843009213693973:3,Symbolica_default,cached_powers_Q,223,125,1.614,BalancedZippelSeparated
fire7_nb0_rank0161,Automatic,1,ok,3699.305,543,2,1,0,0,2305843009213693967:540;2305843009213693973:3,Symbolica_default,cached_powers_Q,280,56,1.558,BalancedZippelSeparated
fire7_nb0_rank0162,Automatic,1,ok,3358.433,433,2,1,0,0,2305843009213693967:430;2305843009213693973:3,Symbolica_default,cached_powers_Q,208,133,1.557,BalancedZippelSeparated
fire7_nb0_rank0163,Automatic,1,ok,5051.750,576,2,1,0,0,2305843009213693967:573;2305843009213693973:3,Symbolica_default,cached_powers_Q,294,48,2.243,BalancedZippelSeparated
fire7_nb0_rank0164,Automatic,1,ok,3865.776,403,2,1,0,0,2305843009213693967:400;2305843009213693973:3,Symbolica_default,cached_powers_Q,243,88,2.061,BalancedZippelSeparated
fire7_nb0_rank0165,Automatic,1,ok,4267.957,566,2,1,0,0,2305843009213693967:563;2305843009213693973:3,Symbolica_default,cached_powers_Q,259,85,1.685,BalancedZippelSeparated
fire7_nb0_rank0166,Automatic,1,ok,4468.769,530,2,1,0,0,2305843009213693967:527;2305843009213693973:3,Symbolica_default,cached_powers_Q,245,105,1.412,BalancedZippelSeparated
fire7_nb0_rank0167,Automatic,1,ok,18086.634,361,2,1,0,0,2305843009213693967:358;2305843009213693973:3,Symbolica_default,cached_powers_Q,169,175,1.585,BalancedZippelSeparated
fire7_nb0_rank0168,Automatic,1,ok,4317.978,533,2,1,0,0,2305843009213693967:530;2305843009213693973:3,Symbolica_default,cached_powers_Q,259,78,1.464,BalancedZippelSeparated
fire7_nb0_rank0169,Automatic,1,ok,3756.945,487,2,1,0,0,2305843009213693967:484;2305843009213693973:3,Symbolica_default,cached_powers_Q,189,144,1.379,BalancedZippelSeparated
fire7_nb0_rank0170,Automatic,1,ok,3719.135,487,2,1,0,0,2305843009213693967:484;2305843009213693973:3,Symbolica_default,cached_powers_Q,189,144,1.314,BalancedZippelSeparated
fire7_nb0_rank0171,Automatic,1,ok,4204.018,426,2,1,0,0,2305843009213693967:423;2305843009213693973:3,Symbolica_default,cached_powers_Q,199,133,2.027,BalancedZippelSeparated
fire7_nb0_rank0172,Automatic,1,ok,4194.347,410,2,1,0,0,2305843009213693967:407;2305843009213693973:3,Symbolica_default,cached_powers_Q,185,156,2.054,BalancedZippelSeparated
fire7_nb0_rank0173,Automatic,1,ok,4449.869,512,2,1,0,0,2305843009213693967:509;2305843009213693973:3,Symbolica_default,cached_powers_Q,153,198,1.431,BalancedZippelSeparated
fire7_nb0_rank0174,Automatic,1,ok,3664.545,398,2,1,0,0,2305843009213693967:395;2305843009213693973:3,Symbolica_default,cached_powers_Q,219,96,1.257,BalancedZippelSeparated
fire7_nb0_rank0175,Automatic,1,ok,3846.236,369,2,1,0,0,2305843009213693967:366;2305843009213693973:3,Symbolica_default,cached_powers_Q,219,96,1.693,BalancedZippelSeparated
fire7_nb0_rank0176,Automatic,1,ok,6190.575,603,2,1,0,0,2305843009213693967:600;2305843009213693973:3,Symbolica_default,cached_powers_Q,294,55,2.649,BalancedZippelSeparated
fire7_nb0_rank0177,Automatic,1,ok,21418.157,482,2,1,0,0,2305843009213693967:479;2305843009213693973:3,Symbolica_default,cached_powers_Q,231,110,1.669,BalancedZippelSeparated
fire7_nb0_rank0178,Automatic,1,ok,18445.015,496,2,1,0,0,2305843009213693967:493;2305843009213693973:3,Symbolica_default,cached_powers_Q,265,66,22.375,BalancedZippelSeparated
fire7_nb0_rank0179,Automatic,1,ok,20017.032,395,2,1,0,0,2305843009213693967:392;2305843009213693973:3,Symbolica_default,cached_powers_Q,225,88,1.355,BalancedZippelSeparated
fire7_nb0_rank0180,Automatic,1,ok,4648.699,613,2,1,0,0,2305843009213693967:610;2305843009213693973:3,Symbolica_default,cached_powers_Q,280,60,1.358,BalancedZippelSeparated
fire7_nb0_rank0181,Automatic,1,ok,3503.774,501,2,1,0,0,2305843009213693967:498;2305843009213693973:3,Symbolica_default,cached_powers_Q,270,48,1.744,BalancedZippelSeparated
fire7_nb0_rank0182,Automatic,1,ok,3412.304,414,2,1,0,0,2305843009213693967:411;2305843009213693973:3,Symbolica_default,cached_powers_Q,223,91,1.727,BalancedZippelSeparated
fire7_nb0_rank0183,Automatic,1,ok,5253.861,577,2,1,0,0,2305843009213693967:574;2305843009213693973:3,Symbolica_default,cached_powers_Q,273,65,2.154,BalancedZippelSeparated
fire7_nb0_rank0184,Automatic,1,ok,4430.168,488,2,1,0,0,2305843009213693967:485;2305843009213693973:3,Symbolica_default,cached_powers_Q,240,95,2.132,BalancedZippelSeparated
fire7_nb0_rank0185,Automatic,1,ok,2778.212,370,2,1,0,0,2305843009213693967:367;2305843009213693973:3,Symbolica_default,cached_powers_Q,160,144,1.703,BalancedZippelSeparated
fire7_nb0_rank0186,Automatic,1,ok,3705.595,492,2,1,0,0,2305843009213693967:489;2305843009213693973:3,Symbolica_default,cached_powers_Q,245,66,1.471,BalancedZippelSeparated
fire7_nb0_rank0187,Automatic,1,ok,3002.642,393,2,1,0,0,2305843009213693967:390;2305843009213693973:3,Symbolica_default,cached_powers_Q,216,90,1.290,BalancedZippelSeparated
fire7_nb0_rank0188,Automatic,1,ok,2604.030,362,2,1,0,0,2305843009213693967:359;2305843009213693973:3,Symbolica_default,cached_powers_Q,180,126,1.436,BalancedZippelSeparated
fire7_nb0_rank0189,Automatic,1,ok,2908.482,398,2,1,0,0,2305843009213693967:395;2305843009213693973:3,Symbolica_default,cached_powers_Q,219,84,1.365,BalancedZippelSeparated
fire7_nb0_rank0190,Automatic,1,ok,4743.139,495,2,1,0,0,2305843009213693967:492;2305843009213693973:3,Symbolica_default,cached_powers_Q,217,102,2.014,BalancedZippelSeparated
fire7_nb0_rank0191,Automatic,1,ok,3934.387,457,2,1,0,0,2305843009213693967:454;2305843009213693973:3,Symbolica_default,cached_powers_Q,239,90,2.065,BalancedZippelSeparated
fire7_nb0_rank0192,Automatic,1,ok,2466.690,324,2,1,0,0,2305843009213693967:321;2305843009213693973:3,Symbolica_default,cached_powers_Q,161,144,1.979,BalancedZippelSeparated
fire7_nb0_rank0193,Automatic,1,ok,4811.469,671,2,1,0,0,2305843009213693967:668;2305843009213693973:3,Symbolica_default,cached_powers_Q,203,128,1.552,BalancedZippelSeparated
fire7_nb0_rank0194,Automatic,1,ok,3084.023,412,2,1,0,0,2305843009213693967:409;2305843009213693973:3,Symbolica_default,cached_powers_Q,216,98,1.465,BalancedZippelSeparated
fire7_nb0_rank0195,Automatic,1,ok,3491.824,472,2,1,0,0,2305843009213693967:469;2305843009213693973:3,Symbolica_default,cached_powers_Q,240,90,1.343,BalancedZippelSeparated
fire7_nb0_rank0196,Automatic,1,ok,2494.900,336,2,1,0,0,2305843009213693967:333;2305843009213693973:3,Symbolica_default,cached_powers_Q,200,96,1.201,BalancedZippelSeparated
fire7_nb0_rank0197,Automatic,1,ok,2851.572,410,2,1,0,0,2305843009213693967:407;2305843009213693973:3,Symbolica_default,cached_powers_Q,179,126,1.220,BalancedZippelSeparated
fire7_nb0_rank0198,Automatic,1,ok,47912.106,527,2,1,0,0,2305843009213693967:524;2305843009213693973:3,Symbolica_default,cached_powers_Q,238,85,1.921,BalancedZippelSeparated
fire7_nb0_rank0199,Automatic,1,ok,3839.076,545,2,1,0,0,2305843009213693967:542;2305843009213693973:3,Symbolica_default,cached_powers_Q,244,55,1.314,BalancedZippelSeparated
fire7_nb0_rank0200,Automatic,1,ok,3570.015,502,2,1,0,0,2305843009213693967:499;2305843009213693973:3,Symbolica_default,cached_powers_Q,232,65,1.224,BalancedZippelSeparated
fire7_nb0_rank0201,Automatic,1,ok,3342.904,457,2,1,0,0,2305843009213693967:454;2305843009213693973:3,Symbolica_default,cached_powers_Q,232,72,1.220,BalancedZippelSeparated
fire7_nb0_rank0202,Automatic,1,ok,4601.659,518,2,1,0,0,2305843009213693967:515;2305843009213693973:3,Symbolica_default,cached_powers_Q,238,66,1.899,BalancedZippelSeparated
fire7_nb0_rank0203,Automatic,1,ok,6793.347,372,2,1,0,0,2305843009213693967:369;2305843009213693973:3,Symbolica_default,cached_powers_Q,170,154,2.058,BalancedZippelSeparated
fire7_nb0_rank0204,Automatic,1,ok,5080.601,543,2,1,0,0,2305843009213693967:540;2305843009213693973:3,Symbolica_default,cached_powers_Q,250,60,2.027,BalancedZippelSeparated
fire7_nb0_rank0205,Automatic,1,ok,3102.273,428,2,1,0,0,2305843009213693967:425;2305843009213693973:3,Symbolica_default,cached_powers_Q,144,150,1.498,BalancedZippelSeparated
fire7_nb0_rank0206,Automatic,1,ok,30601.786,428,2,1,0,0,2305843009213693967:425;2305843009213693973:3,Symbolica_default,cached_powers_Q,144,150,1.840,BalancedZippelSeparated
fire7_nb0_rank0207,Automatic,1,ok,2994.822,394,2,1,0,0,2305843009213693967:391;2305843009213693973:3,Symbolica_default,cached_powers_Q,243,56,1.212,BalancedZippelSeparated
fire7_nb0_rank0208,Automatic,1,ok,3380.764,482,2,1,0,0,2305843009213693967:479;2305843009213693973:3,Symbolica_default,cached_powers_Q,192,120,1.247,BalancedZippelSeparated
fire7_nb0_rank0209,Automatic,1,ok,2621.860,368,2,1,0,0,2305843009213693967:365;2305843009213693973:3,Symbolica_default,cached_powers_Q,225,64,1.173,BalancedZippelSeparated
fire7_nb0_rank0210,Automatic,1,ok,3075.122,446,2,1,0,0,2305843009213693967:443;2305843009213693973:3,Symbolica_default,cached_powers_Q,162,150,1.310,BalancedZippelSeparated
fire7_nb0_rank0211,Automatic,1,ok,3500.364,378,2,1,0,0,2305843009213693967:375;2305843009213693973:3,Symbolica_default,cached_powers_Q,200,91,1.934,BalancedZippelSeparated
fire7_nb0_rank0212,Automatic,1,ok,4262.567,491,2,1,0,0,2305843009213693967:488;2305843009213693973:3,Symbolica_default,cached_powers_Q,243,48,1.942,BalancedZippelSeparated
fire7_nb0_rank0213,Automatic,1,ok,3227.283,395,2,1,0,0,2305843009213693967:392;2305843009213693973:3,Symbolica_default,cached_powers_Q,149,150,1.143,BalancedZippelSeparated
fire7_nb0_rank0214,Automatic,1,ok,2889.381,389,2,1,0,0,2305843009213693967:386;2305843009213693973:3,Symbolica_default,cached_powers_Q,234,56,1.036,BalancedZippelSeparated
fire7_nb0_rank0215,Automatic,1,ok,12470.421,373,2,1,0,0,2305843009213693967:370;2305843009213693973:3,Symbolica_default,cached_powers_Q,216,77,1.047,BalancedZippelSeparated
fire7_nb0_rank0216,Automatic,1,ok,40264.775,474,2,1,0,0,2305843009213693967:471;2305843009213693973:3,Symbolica_default,cached_powers_Q,245,48,1.810,BalancedZippelSeparated
fire7_nb0_rank0217,Automatic,1,ok,23212.024,309,2,1,0,0,2305843009213693967:306;2305843009213693973:3,Symbolica_default,cached_powers_Q,148,140,1.295,BalancedZippelSeparated
fire7_nb0_rank0218,Automatic,1,ok,45581.617,432,2,1,0,0,2305843009213693967:429;2305843009213693973:3,Symbolica_default,cached_powers_Q,232,60,1.624,BalancedZippelSeparated
fire7_nb0_rank0219,Automatic,1,ok,31065.517,369,2,1,0,0,2305843009213693967:366;2305843009213693973:3,Symbolica_default,cached_powers_Q,228,56,1.975,BalancedZippelSeparated
fire7_nb0_rank0220,Automatic,1,ok,6453.866,492,2,1,0,0,2305843009213693967:489;2305843009213693973:3,Symbolica_default,cached_powers_Q,176,120,1.505,BalancedZippelSeparated
fire7_nb0_rank0221,Automatic,1,ok,29687.022,417,2,1,0,0,2305843009213693967:414;2305843009213693973:3,Symbolica_default,cached_powers_Q,192,102,1.305,BalancedZippelSeparated
fire7_nb0_rank0222,Automatic,1,ok,24025.749,420,2,1,0,0,2305843009213693967:417;2305843009213693973:3,Symbolica_default,cached_powers_Q,176,108,1.279,BalancedZippelSeparated
fire7_nb0_rank0223,Automatic,1,ok,30165.203,420,2,1,0,0,2305843009213693967:417;2305843009213693973:3,Symbolica_default,cached_powers_Q,176,108,1.971,BalancedZippelSeparated
fire7_nb0_rank0224,Automatic,1,ok,33208.126,626,2,1,0,0,2305843009213693967:623;2305843009213693973:3,Symbolica_default,cached_powers_Q,209,100,1.326,BalancedZippelSeparated
fire7_nb0_rank0225,Automatic,1,ok,24244.119,505,2,1,0,0,2305843009213693967:502;2305843009213693973:3,Symbolica_default,cached_powers_Q,209,96,1.467,BalancedZippelSeparated
fire7_nb0_rank0226,Automatic,1,ok,3094.053,462,2,1,0,0,2305843009213693967:459;2305843009213693973:3,Symbolica_default,cached_powers_Q,216,70,1.327,BalancedZippelSeparated
fire7_nb0_rank0227,Automatic,1,ok,3612.365,512,2,1,0,0,2305843009213693967:509;2305843009213693973:3,Symbolica_default,cached_powers_Q,259,40,1.543,BalancedZippelSeparated
fire7_nb0_rank0228,Automatic,1,ok,4288.528,492,2,1,0,0,2305843009213693967:489;2305843009213693973:3,Symbolica_default,cached_powers_Q,176,120,1.810,BalancedZippelSeparated
fire7_nb0_rank0229,Automatic,1,ok,3348.763,394,2,1,0,0,2305843009213693967:391;2305843009213693973:3,Symbolica_default,cached_powers_Q,205,66,1.843,BalancedZippelSeparated
fire7_nb0_rank0230,Automatic,1,ok,3723.956,525,2,1,0,0,2305843009213693967:522;2305843009213693973:3,Symbolica_default,cached_powers_Q,225,75,1.320,BalancedZippelSeparated
fire7_nb0_rank0231,Automatic,1,ok,2598.440,364,2,1,0,0,2305843009213693967:361;2305843009213693973:3,Symbolica_default,cached_powers_Q,189,78,1.170,BalancedZippelSeparated
fire7_nb0_rank0232,Automatic,1,ok,3206.704,480,2,1,0,0,2305843009213693967:477;2305843009213693973:3,Symbolica_default,cached_powers_Q,176,110,1.177,BalancedZippelSeparated
fire7_nb0_rank0233,Automatic,1,ok,2120.999,306,2,1,0,0,2305843009213693967:303;2305843009213693973:3,Symbolica_default,cached_powers_Q,148,126,1.225,BalancedZippelSeparated
fire7_nb0_rank0234,Automatic,1,ok,2259.699,345,2,1,0,0,2305843009213693967:342;2305843009213693973:3,Symbolica_default,cached_powers_Q,179,91,1.231,BalancedZippelSeparated
fire7_nb0_rank0235,Automatic,1,ok,2555.911,378,2,1,0,0,2305843009213693967:375;2305843009213693973:3,Symbolica_default,cached_powers_Q,188,84,1.284,BalancedZippelSeparated
fire7_nb0_rank0236,Automatic,1,ok,3227.843,367,2,1,0,0,2305843009213693967:364;2305843009213693973:3,Symbolica_default,cached_powers_Q,200,77,1.816,BalancedZippelSeparated
fire7_nb0_rank0237,Automatic,1,ok,36355.819,375,2,1,0,0,2305843009213693967:372;2305843009213693973:3,Symbolica_default,cached_powers_Q,153,126,1.400,BalancedZippelSeparated
fire7_nb0_rank0238,Automatic,1,ok,48235.937,400,2,1,0,0,2305843009213693967:397;2305843009213693973:3,Symbolica_default,cached_powers_Q,196,78,1.869,BalancedZippelSeparated
fire7_nb0_rank0239,Automatic,1,ok,17131.530,379,2,1,0,0,2305843009213693967:376;2305843009213693973:3,Symbolica_default,cached_powers_Q,207,72,1.422,BalancedZippelSeparated
fire7_nb0_rank0240,Automatic,1,ok,17624.842,417,2,1,0,0,2305843009213693967:414;2305843009213693973:3,Symbolica_default,cached_powers_Q,192,85,1.181,BalancedZippelSeparated
fire7_nb0_rank0241,Automatic,1,ok,2916.672,330,2,1,0,0,2305843009213693967:327;2305843009213693973:3,Symbolica_default,cached_powers_Q,180,90,1.777,BalancedZippelSeparated
fire7_nb0_rank0242,Automatic,1,ok,3865.056,442,2,1,0,0,2305843009213693967:439;2305843009213693973:3,Symbolica_default,cached_powers_Q,223,55,1.832,BalancedZippelSeparated
fire7_nb0_rank0243,Automatic,1,ok,2604.221,350,2,1,0,0,2305843009213693967:347;2305843009213693973:3,Symbolica_default,cached_powers_Q,140,140,1.142,BalancedZippelSeparated
fire7_nb0_rank0244,Automatic,1,ok,2663.141,350,2,1,0,0,2305843009213693967:347;2305843009213693973:3,Symbolica_default,cached_powers_Q,140,140,1.005,BalancedZippelSeparated
fire7_nb0_rank0245,Automatic,1,ok,2929.251,441,2,1,0,0,2305843009213693967:438;2305843009213693973:3,Symbolica_default,cached_powers_Q,223,55,1.315,BalancedZippelSeparated
fire7_nb0_rank0246,Automatic,1,ok,2344.429,331,2,1,0,0,2305843009213693967:328;2305843009213693973:3,Symbolica_default,cached_powers_Q,207,56,1.071,BalancedZippelSeparated
fire7_nb0_rank0247,Automatic,1,ok,2969.703,433,2,1,0,0,2305843009213693967:430;2305843009213693973:3,Symbolica_default,cached_powers_Q,218,55,1.161,BalancedZippelSeparated
fire7_nb0_rank0248,Automatic,1,ok,2996.482,387,2,1,0,0,2305843009213693967:384;2305843009213693973:3,Symbolica_default,cached_powers_Q,200,56,1.207,BalancedZippelSeparated
fire7_nb0_rank0249,Automatic,1,ok,3564.305,436,2,1,0,0,2305843009213693967:433;2305843009213693973:3,Symbolica_default,cached_powers_Q,205,60,1.768,BalancedZippelSeparated
fire7_nb0_rank0250,Automatic,1,ok,6515.746,346,2,1,0,0,2305843009213693967:343;2305843009213693973:3,Symbolica_default,cached_powers_Q,185,78,1.396,BalancedZippelSeparated
fire7_nb0_rank0251,Automatic,1,ok,17621.782,348,2,1,0,0,2305843009213693967:345;2305843009213693973:3,Symbolica_default,cached_powers_Q,203,56,1.140,BalancedZippelSeparated
fire7_nb0_rank0252,Automatic,1,ok,17648.372,398,2,1,0,0,2305843009213693967:395;2305843009213693973:3,Symbolica_default,cached_powers_Q,170,102,1.291,BalancedZippelSeparated
fire7_nb0_rank0253,Automatic,1,ok,40471.656,468,2,1,0,0,2305843009213693967:465;2305843009213693973:3,Symbolica_default,cached_powers_Q,189,95,1.239,BalancedZippelSeparated
fire7_nb0_rank0254,Automatic,1,ok,18456.946,392,2,1,0,0,2305843009213693967:389;2305843009213693973:3,Symbolica_default,cached_powers_Q,208,70,1.430,BalancedZippelSeparated
fire7_nb0_rank0255,Automatic,1,ok,19945.061,389,2,1,0,0,2305843009213693967:386;2305843009213693973:3,Symbolica_default,cached_powers_Q,192,85,1.826,BalancedZippelSeparated
fire7_nb0_rank0256,Automatic,1,ok,22130.621,354,2,1,0,0,2305843009213693967:351;2305843009213693973:3,Symbolica_default,cached_powers_Q,144,108,1.154,BalancedZippelSeparated
fire7_nb0_rank0257,Automatic,1,ok,39784.172,442,2,1,0,0,2305843009213693967:439;2305843009213693973:3,Symbolica_default,cached_powers_Q,144,125,1.220,BalancedZippelSeparated
fire7_nb0_rank0258,Automatic,1,ok,8463.275,288,2,1,0,0,2305843009213693967:285;2305843009213693973:3,Symbolica_default,cached_powers_Q,133,126,1.256,BalancedZippelSeparated
fire7_nb0_rank0259,Automatic,1,ok,1970.168,264,2,1,0,0,2305843009213693967:261;2305843009213693973:3,Symbolica_default,cached_powers_Q,133,126,1.330,BalancedZippelSeparated
fire7_nb0_rank0260,Automatic,1,ok,2126.269,306,2,1,0,0,2305843009213693967:303;2305843009213693973:3,Symbolica_default,cached_powers_Q,160,84,1.116,BalancedZippelSeparated
fire7_nb0_rank0261,Automatic,1,ok,2372.969,324,2,1,0,0,2305843009213693967:321;2305843009213693973:3,Symbolica_default,cached_powers_Q,180,78,1.013,BalancedZippelSeparated
fire7_nb0_rank0262,Automatic,1,ok,2100.119,306,2,1,0,0,2305843009213693967:303;2305843009213693973:3,Symbolica_default,cached_powers_Q,171,84,1.131,BalancedZippelSeparated
fire7_nb0_rank0263,Automatic,1,ok,3614.095,425,2,1,0,0,2305843009213693967:422;2305843009213693973:3,Symbolica_default,cached_powers_Q,224,45,1.688,BalancedZippelSeparated
fire7_nb0_rank0264,Automatic,1,ok,4040.276,467,2,1,0,0,2305843009213693967:464;2305843009213693973:3,Symbolica_default,cached_powers_Q,154,120,1.678,BalancedZippelSeparated
fire7_nb0_rank0265,Automatic,1,ok,3015.122,365,2,1,0,0,2305843009213693967:362;2305843009213693973:3,Symbolica_default,cached_powers_Q,169,90,1.699,BalancedZippelSeparated
fire7_nb0_rank0266,Automatic,1,ok,39905.623,442,2,1,0,0,2305843009213693967:439;2305843009213693973:3,Symbolica_default,cached_powers_Q,143,125,1.173,BalancedZippelSeparated
fire7_nb0_rank0267,Automatic,1,ok,27212.371,300,2,1,0,0,2305843009213693967:297;2305843009213693973:3,Symbolica_default,cached_powers_Q,142,108,1.741,BalancedZippelSeparated
fire7_nb0_rank0268,Automatic,1,ok,25062.852,300,2,1,0,0,2305843009213693967:297;2305843009213693973:3,Symbolica_default,cached_powers_Q,171,72,1.286,BalancedZippelSeparated
fire7_nb0_rank0269,Automatic,1,ok,25018.102,365,2,1,0,0,2305843009213693967:362;2305843009213693973:3,Symbolica_default,cached_powers_Q,99,162,1.188,BalancedZippelSeparated
fire7_nb0_rank0270,Automatic,1,ok,22643.523,365,2,1,0,0,2305843009213693967:362;2305843009213693973:3,Symbolica_default,cached_powers_Q,99,162,1.190,BalancedZippelSeparated
fire7_nb0_rank0271,Automatic,1,ok,17447.561,327,2,1,0,0,2305843009213693967:324;2305843009213693973:3,Symbolica_default,cached_powers_Q,179,63,1.210,BalancedZippelSeparated
fire7_nb0_rank0272,Automatic,1,ok,27575.693,380,2,1,0,0,2305843009213693967:377;2305843009213693973:3,Symbolica_default,cached_powers_Q,184,70,1.611,BalancedZippelSeparated
fire7_nb0_rank0273,Automatic,1,ok,24702.292,382,2,1,0,0,2305843009213693967:379;2305843009213693973:3,Symbolica_default,cached_powers_Q,207,35,1.361,BalancedZippelSeparated
fire7_nb0_rank0274,Automatic,1,ok,40317.505,424,2,1,0,0,2305843009213693967:421;2305843009213693973:3,Symbolica_default,cached_powers_Q,227,35,2.101,BalancedZippelSeparated
fire7_nb0_rank0275,Automatic,1,ok,28288.426,520,2,1,0,0,2305843009213693967:517;2305843009213693973:3,Symbolica_default,cached_powers_Q,216,55,1.855,BalancedZippelSeparated
fire7_nb0_rank0276,Automatic,1,ok,17457.282,300,2,1,0,0,2305843009213693967:297;2305843009213693973:3,Symbolica_default,cached_powers_Q,179,63,1.189,BalancedZippelSeparated
fire7_nb0_rank0277,Automatic,1,ok,16963.269,360,2,1,0,0,2305843009213693967:357;2305843009213693973:3,Symbolica_default,cached_powers_Q,178,63,1.101,BalancedZippelSeparated
fire7_nb0_rank0278,Automatic,1,ok,36958.142,493,2,1,0,0,2305843009213693967:490;2305843009213693973:3,Symbolica_default,cached_powers_Q,198,65,1.365,BalancedZippelSeparated
fire7_nb0_rank0279,Automatic,1,ok,21369.347,386,2,1,0,0,2305843009213693967:383;2305843009213693973:3,Symbolica_default,cached_powers_Q,209,45,1.662,BalancedZippelSeparated
fire7_nb0_rank0280,Automatic,1,ok,21504.748,312,2,1,0,0,2305843009213693967:309;2305843009213693973:3,Symbolica_default,cached_powers_Q,192,56,1.148,BalancedZippelSeparated
fire7_nb0_rank0281,Automatic,1,ok,30922.726,322,2,1,0,0,2305843009213693967:319;2305843009213693973:3,Symbolica_default,cached_powers_Q,162,84,1.149,BalancedZippelSeparated
fire7_nb0_rank0282,Automatic,1,ok,2663.751,367,2,1,0,0,2305843009213693967:364;2305843009213693973:3,Symbolica_default,cached_powers_Q,96,162,1.086,BalancedZippelSeparated
fire7_nb0_rank0283,Automatic,1,ok,2899.052,422,2,1,0,0,2305843009213693967:419;2305843009213693973:3,Symbolica_default,cached_powers_Q,174,95,1.109,BalancedZippelSeparated
fire7_nb0_rank0284,Automatic,1,ok,2213.539,301,2,1,0,0,2305843009213693967:298;2305843009213693973:3,Symbolica_default,cached_powers_Q,139,108,1.116,BalancedZippelSeparated
fire7_nb0_rank0285,Automatic,1,ok,2332.829,357,2,1,0,0,2305843009213693967:354;2305843009213693973:3,Symbolica_default,cached_powers_Q,166,85,1.261,BalancedZippelSeparated
fire7_nb0_rank0286,Automatic,1,ok,2786.522,406,2,1,0,0,2305843009213693967:403;2305843009213693973:3,Symbolica_default,cached_powers_Q,175,90,1.126,BalancedZippelSeparated
fire7_nb0_rank0287,Automatic,1,ok,1829.748,278,2,1,0,0,2305843009213693967:275;2305843009213693973:3,Symbolica_default,cached_powers_Q,171,64,1.100,BalancedZippelSeparated
fire7_nb0_rank0288,Automatic,1,ok,3309.554,516,2,1,0,0,2305843009213693967:513;2305843009213693973:3,Symbolica_default,cached_powers_Q,198,60,0.923,BalancedZippelSeparated
fire7_nb0_rank0289,Automatic,1,ok,2409.620,395,2,1,0,0,2305843009213693967:392;2305843009213693973:3,Symbolica_default,cached_powers_Q,196,48,1.147,BalancedZippelSeparated
fire7_nb0_rank0290,Automatic,1,ok,2931.921,494,2,1,0,0,2305843009213693967:491;2305843009213693973:3,Symbolica_default,cached_powers_Q,198,65,1.222,BalancedZippelSeparated
fire7_nb0_rank0291,Automatic,1,ok,37657.544,406,2,1,0,0,2305843009213693967:403;2305843009213693973:3,Symbolica_default,cached_powers_Q,175,90,1.174,BalancedZippelSeparated
fire7_nb0_rank0292,Automatic,1,ok,22950.553,338,2,1,0,0,2305843009213693967:335;2305843009213693973:3,Symbolica_default,cached_powers_Q,162,72,1.726,BalancedZippelSeparated
fire7_nb0_rank0293,Automatic,1,ok,28344.706,313,2,1,0,0,2305843009213693967:310;2305843009213693973:3,Symbolica_default,cached_powers_Q,198,40,1.598,BalancedZippelSeparated
fire7_nb0_rank0294,Automatic,1,ok,28451.536,336,2,1,0,0,2305843009213693967:333;2305843009213693973:3,Symbolica_default,cached_powers_Q,173,66,1.584,BalancedZippelSeparated
fire7_nb0_rank0295,Automatic,1,ok,23521.966,335,2,1,0,0,2305843009213693967:332;2305843009213693973:3,Symbolica_default,cached_powers_Q,171,72,0.916,BalancedZippelSeparated
fire7_nb0_rank0296,Automatic,1,ok,27482.773,342,2,1,0,0,2305843009213693967:339;2305843009213693973:3,Symbolica_default,cached_powers_Q,144,102,1.583,BalancedZippelSeparated
fire7_nb0_rank0297,Automatic,1,ok,27021.051,298,2,1,0,0,2305843009213693967:295;2305843009213693973:3,Symbolica_default,cached_powers_Q,179,54,2.057,BalancedZippelSeparated
fire7_nb0_rank0298,Automatic,1,ok,2455.520,350,2,1,0,0,2305843009213693967:347;2305843009213693973:3,Symbolica_default,cached_powers_Q,184,54,1.189,BalancedZippelSeparated
fire7_nb0_rank0299,Automatic,1,ok,3190.103,515,2,1,0,0,2305843009213693967:512;2305843009213693973:3,Symbolica_default,cached_powers_Q,198,60,1.075,BalancedZippelSeparated
fire7_nb0_rank0300,Automatic,1,ok,2673.520,345,2,1,0,0,2305843009213693967:342;2305843009213693973:3,Symbolica_default,cached_powers_Q,184,54,1.004,BalancedZippelSeparated
fire7_nb0_rank0301,Automatic,1,ok,3142.673,390,2,1,0,0,2305843009213693967:387;2305843009213693973:3,Symbolica_default,cached_powers_Q,148,95,1.711,BalancedZippelSeparated
fire7_nb0_rank0302,Automatic,1,ok,3013.422,390,2,1,0,0,2305843009213693967:387;2305843009213693973:3,Symbolica_default,cached_powers_Q,148,95,1.795,BalancedZippelSeparated
fire7_nb0_rank0303,Automatic,1,ok,2618.730,362,2,1,0,0,2305843009213693967:359;2305843009213693973:3,Symbolica_default,cached_powers_Q,168,85,1.114,BalancedZippelSeparated
fire7_nb0_rank0304,Automatic,1,ok,2229.840,307,2,1,0,0,2305843009213693967:304;2305843009213693973:3,Symbolica_default,cached_powers_Q,184,56,1.031,BalancedZippelSeparated
fire7_nb0_rank0305,Automatic,1,ok,1990.728,273,2,1,0,0,2305843009213693967:270;2305843009213693973:3,Symbolica_default,cached_powers_Q,162,64,0.818,BalancedZippelSeparated
fire7_nb0_rank0306,Automatic,1,ok,2339.730,357,2,1,0,0,2305843009213693967:354;2305843009213693973:3,Symbolica_default,cached_powers_Q,165,72,1.002,BalancedZippelSeparated
fire7_nb0_rank0307,Automatic,1,ok,24495.630,334,2,1,0,0,2305843009213693967:331;2305843009213693973:3,Symbolica_default,cached_powers_Q,167,65,1.176,BalancedZippelSeparated
fire7_nb0_rank0308,Automatic,1,ok,17759.532,312,2,1,0,0,2305843009213693967:309;2305843009213693973:3,Symbolica_default,cached_powers_Q,90,154,1.075,BalancedZippelSeparated
fire7_nb0_rank0309,Automatic,1,ok,2399.230,367,2,1,0,0,2305843009213693967:364;2305843009213693973:3,Symbolica_default,cached_powers_Q,152,90,1.068,BalancedZippelSeparated
fire7_nb0_rank0310,Automatic,1,ok,2325.049,395,2,1,0,0,2305843009213693967:392;2305843009213693973:3,Symbolica_default,cached_powers_Q,181,48,1.083,BalancedZippelSeparated
fire7_nb0_rank0311,Automatic,1,ok,2345.290,323,2,1,0,0,2305843009213693967:320;2305843009213693973:3,Symbolica_default,cached_powers_Q,120,108,0.836,BalancedZippelSeparated
fire7_nb0_rank0312,Automatic,1,ok,2227.939,323,2,1,0,0,2305843009213693967:320;2305843009213693973:3,Symbolica_default,cached_powers_Q,120,108,1.519,BalancedZippelSeparated
fire7_nb0_rank0313,Automatic,1,ok,3100.203,396,2,1,0,0,2305843009213693967:393;2305843009213693973:3,Symbolica_default,cached_powers_Q,196,40,1.676,BalancedZippelSeparated
fire7_nb0_rank0314,Automatic,1,ok,1935.888,264,2,1,0,0,2305843009213693967:261;2305843009213693973:3,Symbolica_default,cached_powers_Q,131,108,1.255,BalancedZippelSeparated
fire7_nb0_rank0315,Automatic,1,ok,2693.671,407,2,1,0,0,2305843009213693967:404;2305843009213693973:3,Symbolica_default,cached_powers_Q,153,80,1.041,BalancedZippelSeparated
fire7_nb0_rank0316,Automatic,1,ok,2327.719,368,2,1,0,0,2305843009213693967:365;2305843009213693973:3,Symbolica_default,cached_powers_Q,144,90,0.992,BalancedZippelSeparated
fire7_nb0_rank0317,Automatic,1,ok,2580.421,407,2,1,0,0,2305843009213693967:404;2305843009213693973:3,Symbolica_default,cached_powers_Q,152,80,1.008,BalancedZippelSeparated
fire7_nb0_rank0318,Automatic,1,ok,2212.159,357,2,1,0,0,2305843009213693967:354;2305843009213693973:3,Symbolica_default,cached_powers_Q,175,45,0.941,BalancedZippelSeparated
fire7_nb0_rank0319,Automatic,1,ok,2059.179,350,2,1,0,0,2305843009213693967:347;2305843009213693973:3,Symbolica_default,cached_powers_Q,184,45,1.009,BalancedZippelSeparated
fire7_nb0_rank0320,Automatic,1,ok,28981.439,456,2,1,0,0,2305843009213693967:453;2305843009213693973:3,Symbolica_default,cached_powers_Q,147,96,1.527,BalancedZippelSeparated
fire7_nb0_rank0321,Automatic,1,ok,23589.867,372,2,1,0,0,2305843009213693967:369;2305843009213693973:3,Symbolica_default,cached_powers_Q,150,85,1.126,BalancedZippelSeparated
fire7_nb0_rank0322,Automatic,1,ok,2648.380,372,2,1,0,0,2305843009213693967:369;2305843009213693973:3,Symbolica_default,cached_powers_Q,150,85,1.144,BalancedZippelSeparated
fire7_nb0_rank0323,Automatic,1,ok,2617.571,399,2,1,0,0,2305843009213693967:396;2305843009213693973:3,Symbolica_default,cached_powers_Q,161,72,1.001,BalancedZippelSeparated
fire7_nb0_rank0324,Automatic,1,ok,2204.649,349,2,1,0,0,2305843009213693967:346;2305843009213693973:3,Symbolica_default,cached_powers_Q,195,40,1.094,BalancedZippelSeparated
fire7_nb0_rank0325,Automatic,1,ok,3141.303,533,2,1,0,0,2305843009213693967:530;2305843009213693973:3,Symbolica_default,cached_powers_Q,150,100,1.010,BalancedZippelSeparated
fire7_nb0_rank0326,Automatic,1,ok,2533.090,413,2,1,0,0,2305843009213693967:410;2305843009213693973:3,Symbolica_default,cached_powers_Q,153,80,1.153,BalancedZippelSeparated
fire7_nb0_rank0327,Automatic,1,ok,3095.672,442,2,1,0,0,2305843009213693967:439;2305843009213693973:3,Symbolica_default,cached_powers_Q,147,88,1.507,BalancedZippelSeparated
fire7_nb0_rank0328,Automatic,1,ok,2351.359,286,2,1,0,0,2305843009213693967:283;2305843009213693973:3,Symbolica_default,cached_powers_Q,159,49,1.726,BalancedZippelSeparated
fire7_nb0_rank0329,Automatic,1,ok,3229.703,362,2,1,0,0,2305843009213693967:359;2305843009213693973:3,Symbolica_default,cached_powers_Q,144,85,1.490,BalancedZippelSeparated
fire7_nb0_rank0330,Automatic,1,ok,2436.290,313,2,1,0,0,2305843009213693967:310;2305843009213693973:3,Symbolica_default,cached_powers_Q,152,72,1.456,BalancedZippelSeparated
fire7_nb0_rank0331,Automatic,1,ok,23517.696,266,2,1,0,0,2305843009213693967:263;2305843009213693973:3,Symbolica_default,cached_powers_Q,171,40,1.229,BalancedZippelSeparated
fire7_nb0_rank0332,Automatic,1,ok,28625.437,320,2,1,0,0,2305843009213693967:317;2305843009213693973:3,Symbolica_default,cached_powers_Q,135,90,1.463,BalancedZippelSeparated
fire7_nb0_rank0333,Automatic,1,ok,22010.890,378,2,1,0,0,2305843009213693967:375;2305843009213693973:3,Symbolica_default,cached_powers_Q,122,120,1.746,BalancedZippelSeparated
fire7_nb0_rank0334,Automatic,1,ok,16429.717,317,2,1,0,0,2305843009213693967:314;2305843009213693973:3,Symbolica_default,cached_powers_Q,156,65,1.060,BalancedZippelSeparated
fire7_nb0_rank0335,Automatic,1,ok,22807.164,323,2,1,0,0,2305843009213693967:320;2305843009213693973:3,Symbolica_default,cached_powers_Q,120,90,1.435,BalancedZippelSeparated
fire7_nb0_rank0336,Automatic,1,ok,2177.039,344,2,1,0,0,2305843009213693967:341;2305843009213693973:3,Symbolica_default,cached_powers_Q,174,60,1.168,BalancedZippelSeparated
fire7_nb0_rank0337,Automatic,1,ok,3746.855,518,2,1,0,0,2305843009213693967:515;2305843009213693973:3,Symbolica_default,cached_powers_Q,144,100,1.536,BalancedZippelSeparated
fire7_nb0_rank0338,Automatic,1,ok,1798.738,280,2,1,0,0,2305843009213693967:277;2305843009213693973:3,Symbolica_default,cached_powers_Q,135,78,1.076,BalancedZippelSeparated
fire7_nb0_rank0339,Automatic,1,ok,1726.657,272,2,1,0,0,2305843009213693967:269;2305843009213693973:3,Symbolica_default,cached_powers_Q,160,56,1.062,BalancedZippelSeparated
fire7_nb0_rank0340,Automatic,1,ok,2231.989,362,2,1,0,0,2305843009213693967:359;2305843009213693973:3,Symbolica_default,cached_powers_Q,175,55,1.058,BalancedZippelSeparated
fire7_nb0_rank0341,Automatic,1,ok,2170.308,323,2,1,0,0,2305843009213693967:320;2305843009213693973:3,Symbolica_default,cached_powers_Q,166,42,1.128,BalancedZippelSeparated
fire7_nb0_rank0342,Automatic,1,ok,2756.551,401,2,1,0,0,2305843009213693967:398;2305843009213693973:3,Symbolica_default,cached_powers_Q,186,40,1.082,BalancedZippelSeparated
fire7_nb0_rank0343,Automatic,1,ok,2451.810,355,2,1,0,0,2305843009213693967:352;2305843009213693973:3,Symbolica_default,cached_powers_Q,181,30,1.215,BalancedZippelSeparated
fire7_nb0_rank0344,Automatic,1,ok,2401.990,266,2,1,0,0,2305843009213693967:263;2305843009213693973:3,Symbolica_default,cached_powers_Q,80,140,1.403,BalancedZippelSeparated
fire7_nb0_rank0345,Automatic,1,ok,2922.842,379,2,1,0,0,2305843009213693967:376;2305843009213693973:3,Symbolica_default,cached_powers_Q,147,72,1.606,BalancedZippelSeparated
fire7_nb0_rank0346,Automatic,1,ok,2067.289,256,2,1,0,0,2305843009213693967:253;2305843009213693973:3,Symbolica_default,cached_powers_Q,162,40,1.708,BalancedZippelSeparated
fire7_nb0_rank0347,Automatic,1,ok,2468.231,431,2,1,0,0,2305843009213693967:428;2305843009213693973:3,Symbolica_default,cached_powers_Q,186,40,1.093,BalancedZippelSeparated
fire7_nb0_rank0348,Automatic,1,ok,1728.227,279,2,1,0,0,2305843009213693967:276;2305843009213693973:3,Symbolica_default,cached_powers_Q,152,56,0.981,BalancedZippelSeparated
fire7_nb0_rank0349,Automatic,1,ok,1863.558,276,2,1,0,0,2305843009213693967:273;2305843009213693973:3,Symbolica_default,cached_powers_Q,152,54,0.947,BalancedZippelSeparated
fire7_nb0_rank0350,Automatic,1,ok,2010.628,267,2,1,0,0,2305843009213693967:264;2305843009213693973:3,Symbolica_default,cached_powers_Q,152,56,0.843,BalancedZippelSeparated
fire7_nb0_rank0351,Automatic,1,ok,2432.239,409,2,1,0,0,2305843009213693967:406;2305843009213693973:3,Symbolica_default,cached_powers_Q,154,75,1.210,BalancedZippelSeparated
fire7_nb0_rank0352,Automatic,1,ok,2536.531,381,2,1,0,0,2305843009213693967:378;2305843009213693973:3,Symbolica_default,cached_powers_Q,157,68,1.451,BalancedZippelSeparated
fire7_nb0_rank0353,Automatic,1,ok,2521.191,332,2,1,0,0,2305843009213693967:329;2305843009213693973:3,Symbolica_default,cached_powers_Q,120,90,1.335,BalancedZippelSeparated
fire7_nb0_rank0354,Automatic,1,ok,2282.159,274,2,1,0,0,2305843009213693967:271;2305843009213693973:3,Symbolica_default,cached_powers_Q,171,35,1.705,BalancedZippelSeparated
fire7_nb0_rank0355,Automatic,1,ok,4770.690,409,2,1,0,0,2305843009213693967:406;2305843009213693973:3,Symbolica_default,cached_powers_Q,119,100,1.007,BalancedZippelSeparated
fire7_nb0_rank0356,Automatic,1,ok,4323.758,374,2,1,0,0,2305843009213693967:371;2305843009213693973:3,Symbolica_default,cached_powers_Q,150,68,1.206,BalancedZippelSeparated
fire7_nb0_rank0357,Automatic,1,ok,3894.986,262,2,1,0,0,2305843009213693967:259;2305843009213693973:3,Symbolica_default,cached_powers_Q,126,84,0.959,BalancedZippelSeparated
fire7_nb0_rank0358,Automatic,1,ok,4068.987,339,2,1,0,0,2305843009213693967:336;2305843009213693973:3,Symbolica_default,cached_powers_Q,174,24,1.196,BalancedZippelSeparated
fire7_nb0_rank0359,Automatic,1,ok,4989.721,325,2,1,0,0,2305843009213693967:322;2305843009213693973:3,Symbolica_default,cached_powers_Q,144,60,1.251,BalancedZippelSeparated
fire7_nb0_rank0360,Automatic,1,ok,2089.918,324,2,1,0,0,2305843009213693967:321;2305843009213693973:3,Symbolica_default,cached_powers_Q,158,45,1.341,BalancedZippelSeparated
fire7_nb0_rank0361,Automatic,1,ok,2038.478,304,2,1,0,0,2305843009213693967:301;2305843009213693973:3,Symbolica_default,cached_powers_Q,135,70,1.168,BalancedZippelSeparated
fire7_nb0_rank0362,Automatic,1,ok,3704.985,278,2,1,0,0,2305843009213693967:275;2305843009213693973:3,Symbolica_default,cached_powers_Q,144,60,1.199,BalancedZippelSeparated
fire7_nb0_rank0363,Automatic,1,ok,4464.208,364,2,1,0,0,2305843009213693967:361;2305843009213693973:3,Symbolica_default,cached_powers_Q,144,68,1.060,BalancedZippelSeparated
fire7_nb0_rank0364,Automatic,1,ok,2139.768,319,2,1,0,0,2305843009213693967:316;2305843009213693973:3,Symbolica_default,cached_powers_Q,154,52,0.954,BalancedZippelSeparated
fire7_nb0_rank0365,Automatic,1,ok,2167.739,347,2,1,0,0,2305843009213693967:344;2305843009213693973:3,Symbolica_default,cached_powers_Q,187,25,1.241,BalancedZippelSeparated
fire7_nb0_rank0366,Automatic,1,ok,2376.259,255,2,1,0,0,2305843009213693967:252;2305843009213693973:3,Symbolica_default,cached_powers_Q,72,140,1.340,BalancedZippelSeparated
fire7_nb0_rank0367,Automatic,1,ok,2240.319,304,2,1,0,0,2305843009213693967:301;2305843009213693973:3,Symbolica_default,cached_powers_Q,144,60,1.300,BalancedZippelSeparated
fire7_nb0_rank0368,Automatic,1,ok,3323.914,407,2,1,0,0,2305843009213693967:404;2305843009213693973:3,Symbolica_default,cached_powers_Q,186,28,1.738,BalancedZippelSeparated
fire7_nb0_rank0369,Automatic,1,ok,2087.379,304,2,1,0,0,2305843009213693967:301;2305843009213693973:3,Symbolica_default,cached_powers_Q,139,65,1.026,BalancedZippelSeparated
fire7_nb0_rank0370,Automatic,1,ok,2054.359,304,2,1,0,0,2305843009213693967:301;2305843009213693973:3,Symbolica_default,cached_powers_Q,164,40,1.006,BalancedZippelSeparated
fire7_nb0_rank0371,Automatic,1,ok,2248.010,308,2,1,0,0,2305843009213693967:305;2305843009213693973:3,Symbolica_default,cached_powers_Q,148,55,0.844,BalancedZippelSeparated
fire7_nb0_rank0372,Automatic,1,ok,2165.789,335,2,1,0,0,2305843009213693967:332;2305843009213693973:3,Symbolica_default,cached_powers_Q,119,90,0.991,BalancedZippelSeparated
fire7_nb0_rank0373,Automatic,1,ok,1810.398,268,2,1,0,0,2305843009213693967:265;2305843009213693973:3,Symbolica_default,cached_powers_Q,152,48,1.265,BalancedZippelSeparated
fire7_nb0_rank0374,Automatic,1,ok,3262.063,398,2,1,0,0,2305843009213693967:395;2305843009213693973:3,Symbolica_default,cached_powers_Q,179,36,1.709,BalancedZippelSeparated
fire7_nb0_rank0375,Automatic,1,ok,2509.440,302,2,1,0,0,2305843009213693967:299;2305843009213693973:3,Symbolica_default,cached_powers_Q,147,60,1.253,BalancedZippelSeparated
fire7_nb0_rank0376,Automatic,1,ok,2635.491,323,2,1,0,0,2305843009213693967:320;2305843009213693973:3,Symbolica_default,cached_powers_Q,151,45,1.348,BalancedZippelSeparated
fire7_nb0_rank0377,Automatic,1,ok,2508.410,399,2,1,0,0,2305843009213693967:396;2305843009213693973:3,Symbolica_default,cached_powers_Q,180,28,1.378,BalancedZippelSeparated
fire7_nb0_rank0378,Automatic,1,ok,2161.518,292,2,1,0,0,2305843009213693967:289;2305843009213693973:3,Symbolica_default,cached_powers_Q,147,60,1.089,BalancedZippelSeparated
fire7_nb0_rank0379,Automatic,1,ok,1848.838,266,2,1,0,0,2305843009213693967:263;2305843009213693973:3,Symbolica_default,cached_powers_Q,152,48,1.008,BalancedZippelSeparated
fire7_nb0_rank0380,Automatic,1,ok,1951.518,263,2,1,0,0,2305843009213693967:260;2305843009213693973:3,Symbolica_default,cached_powers_Q,144,60,0.905,BalancedZippelSeparated
fire7_nb0_rank0381,Automatic,1,ok,2231.189,330,2,1,0,0,2305843009213693967:327;2305843009213693973:3,Symbolica_default,cached_powers_Q,125,85,0.777,BalancedZippelSeparated
fire7_nb0_rank0382,Automatic,1,ok,1767.137,207,2,1,0,0,2305843009213693967:204;2305843009213693973:3,Symbolica_default,cached_powers_Q,97,98,1.109,BalancedZippelSeparated
fire7_nb0_rank0383,Automatic,1,ok,1854.808,253,2,1,0,0,2305843009213693967:250;2305843009213693973:3,Symbolica_default,cached_powers_Q,140,54,0.891,BalancedZippelSeparated
fire7_nb0_rank0384,Automatic,1,ok,3289.113,413,2,1,0,0,2305843009213693967:410;2305843009213693973:3,Symbolica_default,cached_powers_Q,179,36,1.783,BalancedZippelSeparated
fire7_nb0_rank0385,Automatic,1,ok,2829.462,331,2,1,0,0,2305843009213693967:328;2305843009213693973:3,Symbolica_default,cached_powers_Q,87,125,0.950,BalancedZippelSeparated
fire7_nb0_rank0386,Automatic,1,ok,1918.628,266,2,1,0,0,2305843009213693967:263;2305843009213693973:3,Symbolica_default,cached_powers_Q,148,42,1.048,BalancedZippelSeparated
fire7_nb0_rank0387,Automatic,1,ok,2218.539,331,2,1,0,0,2305843009213693967:328;2305843009213693973:3,Symbolica_default,cached_powers_Q,87,125,1.111,BalancedZippelSeparated
fire7_nb0_rank0388,Automatic,1,ok,2134.918,279,2,1,0,0,2305843009213693967:276;2305843009213693973:3,Symbolica_default,cached_powers_Q,101,100,0.997,BalancedZippelSeparated
fire7_nb0_rank0389,Automatic,1,ok,1808.647,265,2,1,0,0,2305843009213693967:262;2305843009213693973:3,Symbolica_default,cached_powers_Q,101,100,0.880,BalancedZippelSeparated
fire7_nb0_rank0390,Automatic,1,ok,2037.808,318,2,1,0,0,2305843009213693967:315;2305843009213693973:3,Symbolica_default,cached_powers_Q,112,100,0.924,BalancedZippelSeparated
fire7_nb0_rank0391,Automatic,1,ok,3240.853,476,2,1,0,0,2305843009213693967:473;2305843009213693973:3,Symbolica_default,cached_powers_Q,164,66,1.355,BalancedZippelSeparated
fire7_nb0_rank0392,Automatic,1,ok,1835.248,286,2,1,0,0,2305843009213693967:283;2305843009213693973:3,Symbolica_default,cached_powers_Q,144,45,1.018,BalancedZippelSeparated
fire7_nb0_rank0393,Automatic,1,ok,2403.430,360,2,1,0,0,2305843009213693967:357;2305843009213693973:3,Symbolica_default,cached_powers_Q,161,32,0.815,BalancedZippelSeparated
fire7_nb0_rank0394,Automatic,1,ok,1882.367,257,2,1,0,0,2305843009213693967:254;2305843009213693973:3,Symbolica_default,cached_powers_Q,160,35,1.106,BalancedZippelSeparated
fire7_nb0_rank0395,Automatic,1,ok,2333.010,382,2,1,0,0,2305843009213693967:379;2305843009213693973:3,Symbolica_default,cached_powers_Q,169,35,0.819,BalancedZippelSeparated
fire7_nb0_rank0396,Automatic,1,ok,1811.728,278,2,1,0,0,2305843009213693967:275;2305843009213693973:3,Symbolica_default,cached_powers_Q,135,60,0.847,BalancedZippelSeparated
fire7_nb0_rank0397,Automatic,1,ok,2523.761,390,2,1,0,0,2305843009213693967:387;2305843009213693973:3,Symbolica_default,cached_powers_Q,175,28,1.169,BalancedZippelSeparated
fire7_nb0_rank0398,Automatic,1,ok,2513.800,329,2,1,0,0,2305843009213693967:326;2305843009213693973:3,Symbolica_default,cached_powers_Q,173,30,1.324,BalancedZippelSeparated
fire7_nb0_rank0399,Automatic,1,ok,2161.599,325,2,1,0,0,2305843009213693967:322;2305843009213693973:3,Symbolica_default,cached_powers_Q,152,48,1.313,BalancedZippelSeparated
fire7_nb0_rank0400,Automatic,1,ok,1671.597,236,2,1,0,0,2305843009213693967:233;2305843009213693973:3,Symbolica_default,cached_powers_Q,136,56,2.138,BalancedZippelSeparated
fire7_nb0_rank0401,Automatic,1,ok,1842.368,232,2,1,0,0,2305843009213693967:229;2305843009213693973:3,Symbolica_default,cached_powers_Q,126,63,0.883,BalancedZippelSeparated
fire7_nb0_rank0402,Automatic,1,ok,21920.159,349,2,1,0,0,2305843009213693967:346;2305843009213693973:3,Symbolica_default,cached_powers_Q,126,72,0.898,BalancedZippelSeparated
fire7_nb0_rank0403,Automatic,1,ok,1801.007,228,2,1,0,0,2305843009213693967:225;2305843009213693973:3,Symbolica_default,cached_powers_Q,134,49,0.841,BalancedZippelSeparated
fire7_nb0_rank0404,Automatic,1,ok,1834.498,284,2,1,0,0,2305843009213693967:281;2305843009213693973:3,Symbolica_default,cached_powers_Q,154,48,0.897,BalancedZippelSeparated
fire7_nb0_rank0405,Automatic,1,ok,2022.438,243,2,1,0,0,2305843009213693967:240;2305843009213693973:3,Symbolica_default,cached_powers_Q,134,49,1.522,BalancedZippelSeparated
fire7_nb0_rank0406,Automatic,1,ok,2556.811,319,2,1,0,0,2305843009213693967:316;2305843009213693973:3,Symbolica_default,cached_powers_Q,160,36,1.371,BalancedZippelSeparated
fire7_nb0_rank0407,Automatic,1,ok,2026.758,226,2,1,0,0,2305843009213693967:223;2305843009213693973:3,Symbolica_default,cached_powers_Q,126,63,1.272,BalancedZippelSeparated
fire7_nb0_rank0408,Automatic,1,ok,2311.580,323,2,1,0,0,2305843009213693967:320;2305843009213693973:3,Symbolica_default,cached_powers_Q,125,75,0.949,BalancedZippelSeparated
fire7_nb0_rank0409,Automatic,1,ok,2041.999,246,2,1,0,0,2305843009213693967:243;2305843009213693973:3,Symbolica_default,cached_powers_Q,152,35,1.171,BalancedZippelSeparated
fire7_nb0_rank0410,Automatic,1,ok,2582.410,442,2,1,0,0,2305843009213693967:439;2305843009213693973:3,Symbolica_default,cached_powers_Q,143,60,1.011,BalancedZippelSeparated
fire7_nb0_rank0411,Automatic,1,ok,1642.877,233,2,1,0,0,2305843009213693967:230;2305843009213693973:3,Symbolica_default,cached_powers_Q,99,84,0.825,BalancedZippelSeparated
fire7_nb0_rank0412,Automatic,1,ok,1902.208,297,2,1,0,0,2305843009213693967:294;2305843009213693973:3,Symbolica_default,cached_powers_Q,154,48,0.948,BalancedZippelSeparated
fire7_nb0_rank0413,Automatic,1,ok,1787.257,282,2,1,0,0,2305843009213693967:279;2305843009213693973:3,Symbolica_default,cached_powers_Q,143,40,0.774,BalancedZippelSeparated
fire7_nb0_rank0414,Automatic,1,ok,26877.420,343,2,1,0,0,2305843009213693967:340;2305843009213693973:3,Symbolica_default,cached_powers_Q,119,76,1.360,BalancedZippelSeparated
fire7_nb0_rank0415,Automatic,1,ok,21405.647,237,2,1,0,0,2305843009213693967:234;2305843009213693973:3,Symbolica_default,cached_powers_Q,144,35,1.293,BalancedZippelSeparated
fire7_nb0_rank0416,Automatic,1,ok,2205.819,240,2,1,0,0,2305843009213693967:237;2305843009213693973:3,Symbolica_default,cached_powers_Q,152,28,1.373,BalancedZippelSeparated
fire7_nb0_rank0417,Automatic,1,ok,2254.919,305,2,1,0,0,2305843009213693967:302;2305843009213693973:3,Symbolica_default,cached_powers_Q,161,28,1.037,BalancedZippelSeparated
fire7_nb0_rank0418,Automatic,1,ok,1554.156,241,2,1,0,0,2305843009213693967:238;2305843009213693973:3,Symbolica_default,cached_powers_Q,128,45,0.834,BalancedZippelSeparated
fire7_nb0_rank0419,Automatic,1,ok,1347.545,192,2,1,0,0,2305843009213693967:189;2305843009213693973:3,Symbolica_default,cached_powers_Q,97,84,0.854,BalancedZippelSeparated
fire7_nb0_rank0420,Automatic,1,ok,1954.908,302,2,1,0,0,2305843009213693967:299;2305843009213693973:3,Symbolica_default,cached_powers_Q,125,68,0.718,BalancedZippelSeparated
fire7_nb0_rank0421,Automatic,1,ok,1894.538,287,2,1,0,0,2305843009213693967:284;2305843009213693973:3,Symbolica_default,cached_powers_Q,146,35,1.065,BalancedZippelSeparated
fire7_nb0_rank0422,Automatic,1,ok,1372.116,208,2,1,0,0,2305843009213693967:205;2305843009213693973:3,Symbolica_default,cached_powers_Q,104,72,0.943,BalancedZippelSeparated
fire7_nb0_rank0423,Automatic,1,ok,1881.457,273,2,1,0,0,2305843009213693967:270;2305843009213693973:3,Symbolica_default,cached_powers_Q,112,70,1.369,BalancedZippelSeparated
fire7_nb0_rank0424,Automatic,1,ok,2116.369,231,2,1,0,0,2305843009213693967:228;2305843009213693973:3,Symbolica_default,cached_powers_Q,144,28,1.607,BalancedZippelSeparated
fire7_nb0_rank0425,Automatic,1,ok,3105.183,425,2,1,0,0,2305843009213693967:422;2305843009213693973:3,Symbolica_default,cached_powers_Q,143,54,1.474,BalancedZippelSeparated
fire7_nb0_rank0426,Automatic,1,ok,2575.751,289,2,1,0,0,2305843009213693967:286;2305843009213693973:3,Symbolica_default,cached_powers_Q,119,72,1.272,BalancedZippelSeparated
fire7_nb0_rank0427,Automatic,1,ok,1514.566,233,2,1,0,0,2305843009213693967:230;2305843009213693973:3,Symbolica_default,cached_powers_Q,99,72,0.825,BalancedZippelSeparated
fire7_nb0_rank0428,Automatic,1,ok,21546.028,260,2,1,0,0,2305843009213693967:257;2305843009213693973:3,Symbolica_default,cached_powers_Q,147,30,0.962,BalancedZippelSeparated
fire7_nb0_rank0429,Automatic,1,ok,2574.851,420,2,1,0,0,2305843009213693967:417;2305843009213693973:3,Symbolica_default,cached_powers_Q,131,60,1.200,BalancedZippelSeparated
fire7_nb0_rank0430,Automatic,1,ok,2626.200,366,2,1,0,0,2305843009213693967:363;2305843009213693973:3,Symbolica_default,cached_powers_Q,114,80,1.428,BalancedZippelSeparated
fire7_nb0_rank0431,Automatic,1,ok,2244.469,260,2,1,0,0,2305843009213693967:257;2305843009213693973:3,Symbolica_default,cached_powers_Q,85,100,1.245,BalancedZippelSeparated
fire7_nb0_rank0432,Automatic,1,ok,2548.291,313,2,1,0,0,2305843009213693967:310;2305843009213693973:3,Symbolica_default,cached_powers_Q,137,35,1.444,BalancedZippelSeparated
fire7_nb0_rank0433,Automatic,1,ok,1738.948,286,2,1,0,0,2305843009213693967:283;2305843009213693973:3,Symbolica_default,cached_powers_Q,140,36,0.867,BalancedZippelSeparated
fire7_nb0_rank0434,Automatic,1,ok,2243.189,407,2,1,0,0,2305843009213693967:404;2305843009213693973:3,Symbolica_default,cached_powers_Q,126,60,0.834,BalancedZippelSeparated
fire7_nb0_rank0435,Automatic,1,ok,1851.498,341,2,1,0,0,2305843009213693967:338;2305843009213693973:3,Symbolica_default,cached_powers_Q,143,44,0.936,BalancedZippelSeparated
fire7_nb0_rank0436,Automatic,1,ok,1562.327,243,2,1,0,0,2305843009213693967:240;2305843009213693973:3,Symbolica_default,cached_powers_Q,112,65,0.873,BalancedZippelSeparated
fire7_nb0_rank0437,Automatic,1,ok,2206.189,314,2,1,0,0,2305843009213693967:311;2305843009213693973:3,Symbolica_default,cached_powers_Q,156,28,0.988,BalancedZippelSeparated
fire7_nb0_rank0438,Automatic,1,ok,1519.617,223,2,1,0,0,2305843009213693967:220;2305843009213693973:3,Symbolica_default,cached_powers_Q,119,48,0.687,BalancedZippelSeparated
fire7_nb0_rank0439,Automatic,1,ok,27850.124,335,2,1,0,0,2305843009213693967:332;2305843009213693973:3,Symbolica_default,cached_powers_Q,131,56,1.302,BalancedZippelSeparated
fire7_nb0_rank0440,Automatic,1,ok,16135.316,317,2,1,0,0,2305843009213693967:314;2305843009213693973:3,Symbolica_default,cached_powers_Q,126,60,0.908,BalancedZippelSeparated
fire7_nb0_rank0441,Automatic,1,ok,31888.820,256,2,1,0,0,2305843009213693967:253;2305843009213693973:3,Symbolica_default,cached_powers_Q,119,60,1.508,BalancedZippelSeparated
fire7_nb0_rank0442,Automatic,1,ok,25550.324,243,2,1,0,0,2305843009213693967:240;2305843009213693973:3,Symbolica_default,cached_powers_Q,112,65,0.926,BalancedZippelSeparated
fire7_nb0_rank0443,Automatic,1,ok,22967.664,267,2,1,0,0,2305843009213693967:264;2305843009213693973:3,Symbolica_default,cached_powers_Q,139,30,1.125,BalancedZippelSeparated
fire7_nb0_rank0444,Automatic,1,ok,24440.740,285,2,1,0,0,2305843009213693967:282;2305843009213693973:3,Symbolica_default,cached_powers_Q,126,56,1.162,BalancedZippelSeparated
fire7_nb0_rank0445,Automatic,1,ok,23040.784,380,2,1,0,0,2305843009213693967:377;2305843009213693973:3,Symbolica_default,cached_powers_Q,132,54,0.954,BalancedZippelSeparated
fire7_nb0_rank0446,Automatic,1,ok,25894.636,232,2,1,0,0,2305843009213693967:229;2305843009213693973:3,Symbolica_default,cached_powers_Q,117,49,1.682,BalancedZippelSeparated
fire7_nb0_rank0447,Automatic,1,ok,4239.198,320,2,1,0,0,2305843009213693967:317;2305843009213693973:3,Symbolica_default,cached_powers_Q,138,42,0.745,BalancedZippelSeparated
fire7_nb0_rank0448,Automatic,1,ok,4020.057,288,2,1,0,0,2305843009213693967:285;2305843009213693973:3,Symbolica_default,cached_powers_Q,133,52,0.930,BalancedZippelSeparated
fire7_nb0_rank0449,Automatic,1,ok,4161.608,257,2,1,0,0,2305843009213693967:254;2305843009213693973:3,Symbolica_default,cached_powers_Q,93,90,0.782,BalancedZippelSeparated
fire7_nb0_rank0450,Automatic,1,ok,4773.169,245,2,1,0,0,2305843009213693967:242;2305843009213693973:3,Symbolica_default,cached_powers_Q,119,60,1.223,BalancedZippelSeparated
fire7_nb0_rank0451,Automatic,1,ok,4724.560,229,2,1,0,0,2305843009213693967:226;2305843009213693973:3,Symbolica_default,cached_powers_Q,80,108,1.254,BalancedZippelSeparated
fire7_nb0_rank0452,Automatic,1,ok,4310.427,356,2,1,0,0,2305843009213693967:353;2305843009213693973:3,Symbolica_default,cached_powers_Q,108,80,0.891,BalancedZippelSeparated
fire7_nb0_rank0453,Automatic,1,ok,1216.905,183,2,1,0,0,2305843009213693967:180;2305843009213693973:3,Symbolica_default,cached_powers_Q,79,84,0.859,BalancedZippelSeparated
fire7_nb0_rank0454,Automatic,1,ok,4082.767,313,2,1,0,0,2305843009213693967:310;2305843009213693973:3,Symbolica_default,cached_powers_Q,138,36,0.916,BalancedZippelSeparated
fire7_nb0_rank0455,Automatic,1,ok,4943.480,276,2,1,0,0,2305843009213693967:273;2305843009213693973:3,Symbolica_default,cached_powers_Q,126,56,1.262,BalancedZippelSeparated
fire7_nb0_rank0456,Automatic,1,ok,4329.828,228,2,1,0,0,2305843009213693967:225;2305843009213693973:3,Symbolica_default,cached_powers_Q,122,42,1.194,BalancedZippelSeparated
fire7_nb0_rank0457,Automatic,1,ok,4008.437,227,2,1,0,0,2305843009213693967:224;2305843009213693973:3,Symbolica_default,cached_powers_Q,88,78,0.722,BalancedZippelSeparated
fire7_nb0_rank0458,Automatic,1,ok,3749.345,247,2,1,0,0,2305843009213693967:244;2305843009213693973:3,Symbolica_default,cached_powers_Q,97,90,0.859,BalancedZippelSeparated
fire7_nb0_rank0459,Automatic,1,ok,4459.158,281,2,1,0,0,2305843009213693967:278;2305843009213693973:3,Symbolica_default,cached_powers_Q,124,52,0.799,BalancedZippelSeparated
fire7_nb0_rank0460,Automatic,1,ok,4282.568,279,2,1,0,0,2305843009213693967:276;2305843009213693973:3,Symbolica_default,cached_powers_Q,111,65,1.452,BalancedZippelSeparated
fire7_nb0_rank0461,Automatic,1,ok,1350.116,180,2,1,0,0,2305843009213693967:177;2305843009213693973:3,Symbolica_default,cached_powers_Q,90,70,0.944,BalancedZippelSeparated
fire7_nb0_rank0462,Automatic,1,ok,4015.066,327,2,1,0,0,2305843009213693967:324;2305843009213693973:3,Symbolica_default,cached_powers_Q,113,68,1.031,BalancedZippelSeparated
fire7_nb0_rank0463,Automatic,1,ok,3646.645,225,2,1,0,0,2305843009213693967:222;2305843009213693973:3,Symbolica_default,cached_powers_Q,88,78,0.828,BalancedZippelSeparated
fire7_nb0_rank0464,Automatic,1,ok,3934.416,289,2,1,0,0,2305843009213693967:286;2305843009213693973:3,Symbolica_default,cached_powers_Q,119,52,0.825,BalancedZippelSeparated
fire7_nb0_rank0465,Automatic,1,ok,5108.041,325,2,1,0,0,2305843009213693967:322;2305843009213693973:3,Symbolica_default,cached_powers_Q,133,44,1.317,BalancedZippelSeparated
fire7_nb0_rank0466,Automatic,1,ok,2956.162,267,2,1,0,0,2305843009213693967:264;2305843009213693973:3,Symbolica_default,cached_powers_Q,90,95,1.212,BalancedZippelSeparated
fire7_nb0_rank0467,Automatic,1,ok,5040.260,240,2,1,0,0,2305843009213693967:237;2305843009213693973:3,Symbolica_default,cached_powers_Q,111,54,1.197,BalancedZippelSeparated
fire7_nb0_rank0468,Automatic,1,ok,3756.705,220,2,1,0,0,2305843009213693967:217;2305843009213693973:3,Symbolica_default,cached_powers_Q,119,42,0.878,BalancedZippelSeparated
fire7_nb0_rank0469,Automatic,1,ok,4094.007,371,2,1,0,0,2305843009213693967:368;2305843009213693973:3,Symbolica_default,cached_powers_Q,130,63,1.051,BalancedZippelSeparated
fire7_nb0_rank0470,Automatic,1,ok,4380.898,246,2,1,0,0,2305843009213693967:243;2305843009213693973:3,Symbolica_default,cached_powers_Q,126,45,1.163,BalancedZippelSeparated
fire7_nb0_rank0471,Automatic,1,ok,4648.390,287,2,1,0,0,2305843009213693967:284;2305843009213693973:3,Symbolica_default,cached_powers_Q,144,32,1.208,BalancedZippelSeparated
fire7_nb0_rank0472,Automatic,1,ok,4345.528,376,2,1,0,0,2305843009213693967:373;2305843009213693973:3,Symbolica_default,cached_powers_Q,124,66,1.035,BalancedZippelSeparated
fire7_nb0_rank0473,Automatic,1,ok,3687.775,259,2,1,0,0,2305843009213693967:256;2305843009213693973:3,Symbolica_default,cached_powers_Q,119,56,0.838,BalancedZippelSeparated
fire7_nb0_rank0474,Automatic,1,ok,3503.785,258,2,1,0,0,2305843009213693967:255;2305843009213693973:3,Symbolica_default,cached_powers_Q,111,60,0.870,BalancedZippelSeparated
fire7_nb0_rank0475,Automatic,1,ok,3727.465,293,2,1,0,0,2305843009213693967:290;2305843009213693973:3,Symbolica_default,cached_powers_Q,126,45,0.730,BalancedZippelSeparated
fire7_nb0_rank0476,Automatic,1,ok,4536.728,270,2,1,0,0,2305843009213693967:267;2305843009213693973:3,Symbolica_default,cached_powers_Q,125,48,1.173,BalancedZippelSeparated
fire7_nb0_rank0477,Automatic,1,ok,4781.240,261,2,1,0,0,2305843009213693967:258;2305843009213693973:3,Symbolica_default,cached_powers_Q,91,90,1.050,BalancedZippelSeparated
fire7_nb0_rank0478,Automatic,1,ok,3992.327,237,2,1,0,0,2305843009213693967:234;2305843009213693973:3,Symbolica_default,cached_powers_Q,91,90,0.750,BalancedZippelSeparated
fire7_nb0_rank0479,Automatic,1,ok,3915.236,261,2,1,0,0,2305843009213693967:258;2305843009213693973:3,Symbolica_default,cached_powers_Q,91,90,0.867,BalancedZippelSeparated
fire7_nb0_rank0480,Automatic,1,ok,3617.315,236,2,1,0,0,2305843009213693967:233;2305843009213693973:3,Symbolica_default,cached_powers_Q,96,72,0.858,BalancedZippelSeparated
fire7_nb0_rank0481,Automatic,1,ok,3859.496,233,2,1,0,0,2305843009213693967:230;2305843009213693973:3,Symbolica_default,cached_powers_Q,104,65,0.698,BalancedZippelSeparated
fire7_nb0_rank0482,Automatic,1,ok,4347.447,262,2,1,0,0,2305843009213693967:259;2305843009213693973:3,Symbolica_default,cached_powers_Q,67,100,1.229,BalancedZippelSeparated
fire7_nb0_rank0483,Automatic,1,ok,4622.039,262,2,1,0,0,2305843009213693967:259;2305843009213693973:3,Symbolica_default,cached_powers_Q,67,100,1.221,BalancedZippelSeparated
fire7_nb0_rank0484,Automatic,1,ok,3951.646,305,2,1,0,0,2305843009213693967:302;2305843009213693973:3,Symbolica_default,cached_powers_Q,126,42,0.882,BalancedZippelSeparated
fire7_nb0_rank0485,Automatic,1,ok,3970.776,270,2,1,0,0,2305843009213693967:267;2305843009213693973:3,Symbolica_default,cached_powers_Q,114,60,0.746,BalancedZippelSeparated
fire7_nb0_rank0486,Automatic,1,ok,3954.206,285,2,1,0,0,2305843009213693967:282;2305843009213693973:3,Symbolica_default,cached_powers_Q,120,60,1.080,BalancedZippelSeparated
fire7_nb0_rank0487,Automatic,1,ok,4457.578,218,2,1,0,0,2305843009213693967:215;2305843009213693973:3,Symbolica_default,cached_powers_Q,96,66,1.143,BalancedZippelSeparated
fire7_nb0_rank0488,Automatic,1,ok,4627.989,218,2,1,0,0,2305843009213693967:215;2305843009213693973:3,Symbolica_default,cached_powers_Q,96,66,0.876,BalancedZippelSeparated
fire7_nb0_rank0489,Automatic,1,ok,4098.727,262,2,1,0,0,2305843009213693967:259;2305843009213693973:3,Symbolica_default,cached_powers_Q,84,90,0.769,BalancedZippelSeparated
fire7_nb0_rank0490,Automatic,1,ok,3879.266,314,2,1,0,0,2305843009213693967:311;2305843009213693973:3,Symbolica_default,cached_powers_Q,144,25,0.948,BalancedZippelSeparated
fire7_nb0_rank0491,Automatic,1,ok,4680.709,241,2,1,0,0,2305843009213693967:238;2305843009213693973:3,Symbolica_default,cached_powers_Q,126,45,0.671,BalancedZippelSeparated
fire7_nb0_rank0492,Automatic,1,ok,2118.548,262,2,1,0,0,2305843009213693967:259;2305843009213693973:3,Symbolica_default,cached_powers_Q,84,90,0.691,BalancedZippelSeparated
fire7_nb0_rank0493,Automatic,1,ok,4658.339,257,2,1,0,0,2305843009213693967:254;2305843009213693973:3,Symbolica_default,cached_powers_Q,134,25,1.385,BalancedZippelSeparated
fire7_nb0_rank0494,Automatic,1,ok,4766.690,269,2,1,0,0,2305843009213693967:266;2305843009213693973:3,Symbolica_default,cached_powers_Q,139,28,1.299,BalancedZippelSeparated
fire7_nb0_rank0495,Automatic,1,ok,3560.205,248,2,1,0,0,2305843009213693967:245;2305843009213693973:3,Symbolica_default,cached_powers_Q,115,45,0.817,BalancedZippelSeparated
fire7_nb0_rank0496,Automatic,1,ok,1319.505,214,2,1,0,0,2305843009213693967:211;2305843009213693973:3,Symbolica_default,cached_powers_Q,80,78,0.794,BalancedZippelSeparated
fire7_nb0_rank0497,Automatic,1,ok,3931.116,286,2,1,0,0,2305843009213693967:283;2305843009213693973:3,Symbolica_default,cached_powers_Q,70,110,0.707,BalancedZippelSeparated
fire7_nb0_rank0498,Automatic,1,ok,4054.186,308,2,1,0,0,2305843009213693967:305;2305843009213693973:3,Symbolica_default,cached_powers_Q,150,20,0.773,BalancedZippelSeparated
fire7_nb0_rank0499,Automatic,1,ok,4216.068,224,2,1,0,0,2305843009213693967:221;2305843009213693973:3,Symbolica_default,cached_powers_Q,118,40,1.151,BalancedZippelSeparated
fire7_nb0_rank0500,Automatic,1,ok,1684.017,217,2,1,0,0,2305843009213693967:214;2305843009213693973:3,Symbolica_default,cached_powers_Q,126,30,1.630,BalancedZippelSeparated
fire7_nb0_rank0501,Automatic,1,ok,4481.798,370,2,1,0,0,2305843009213693967:367;2305843009213693973:3,Symbolica_default,cached_powers_Q,128,63,0.751,BalancedZippelSeparated
fire7_nb0_rank0502,Automatic,1,ok,3831.776,303,2,1,0,0,2305843009213693967:300;2305843009213693973:3,Symbolica_default,cached_powers_Q,136,36,1.190,BalancedZippelSeparated
fire7_nb0_rank0503,Automatic,1,ok,4025.756,327,2,1,0,0,2305843009213693967:324;2305843009213693973:3,Symbolica_default,cached_powers_Q,120,56,0.659,BalancedZippelSeparated
fire7_nb0_rank0504,Automatic,1,ok,4772.170,297,2,1,0,0,2305843009213693967:294;2305843009213693973:3,Symbolica_default,cached_powers_Q,138,32,1.572,BalancedZippelSeparated
fire7_nb0_rank0505,Automatic,1,ok,4354.208,249,2,1,0,0,2305843009213693967:246;2305843009213693973:3,Symbolica_default,cached_powers_Q,125,35,1.592,BalancedZippelSeparated
fire7_nb0_rank0506,Automatic,1,ok,4087.937,274,2,1,0,0,2305843009213693967:271;2305843009213693973:3,Symbolica_default,cached_powers_Q,113,60,0.740,BalancedZippelSeparated
fire7_nb0_rank0507,Automatic,1,ok,1347.505,217,2,1,0,0,2305843009213693967:214;2305843009213693973:3,Symbolica_default,cached_powers_Q,81,84,0.799,BalancedZippelSeparated
fire7_nb0_rank0508,Automatic,1,ok,1371.156,223,2,1,0,0,2305843009213693967:220;2305843009213693973:3,Symbolica_default,cached_powers_Q,119,45,0.775,BalancedZippelSeparated
fire7_nb0_rank0509,Automatic,1,ok,1709.127,248,2,1,0,0,2305843009213693967:245;2305843009213693973:3,Symbolica_default,cached_powers_Q,120,40,0.664,BalancedZippelSeparated
fire7_nb0_rank0510,Automatic,1,ok,4273.297,230,2,1,0,0,2305843009213693967:227;2305843009213693973:3,Symbolica_default,cached_powers_Q,36,126,1.099,BalancedZippelSeparated
fire7_nb0_rank0511,Automatic,1,ok,4752.510,285,2,1,0,0,2305843009213693967:282;2305843009213693973:3,Symbolica_default,cached_powers_Q,117,60,1.178,BalancedZippelSeparated
fire7_nb0_rank0512,Automatic,1,ok,4350.528,264,2,1,0,0,2305843009213693967:261;2305843009213693973:3,Symbolica_default,cached_powers_Q,114,52,1.345,BalancedZippelSeparated
fire7_nb0_rank0513,Automatic,1,ok,3775.936,302,2,1,0,0,2305843009213693967:299;2305843009213693973:3,Symbolica_default,cached_powers_Q,104,68,0.716,BalancedZippelSeparated
fire7_nb0_rank0514,Automatic,1,ok,3666.935,273,2,1,0,0,2305843009213693967:270;2305843009213693973:3,Symbolica_default,cached_powers_Q,113,60,0.791,BalancedZippelSeparated
fire7_nb0_rank0515,Automatic,1,ok,3580.494,229,2,1,0,0,2305843009213693967:226;2305843009213693973:3,Symbolica_default,cached_powers_Q,119,40,0.663,BalancedZippelSeparated
fire7_nb0_rank0516,Automatic,1,ok,4039.116,370,2,1,0,0,2305843009213693967:367;2305843009213693973:3,Symbolica_default,cached_powers_Q,112,60,0.791,BalancedZippelSeparated
fire7_nb0_rank0517,Automatic,1,ok,3993.157,276,2,1,0,0,2305843009213693967:273;2305843009213693973:3,Symbolica_default,cached_powers_Q,115,55,0.829,BalancedZippelSeparated
fire7_nb0_rank0518,Automatic,1,ok,4480.948,299,2,1,0,0,2305843009213693967:296;2305843009213693973:3,Symbolica_default,cached_powers_Q,131,24,1.346,BalancedZippelSeparated
fire7_nb0_rank0519,Automatic,1,ok,3950.556,303,2,1,0,0,2305843009213693967:300;2305843009213693973:3,Symbolica_default,cached_powers_Q,101,68,1.215,BalancedZippelSeparated
fire7_nb0_rank0520,Automatic,1,ok,3714.885,231,2,1,0,0,2305843009213693967:228;2305843009213693973:3,Symbolica_default,cached_powers_Q,131,25,0.845,BalancedZippelSeparated
fire7_nb0_rank0521,Automatic,1,ok,3899.726,296,2,1,0,0,2305843009213693967:293;2305843009213693973:3,Symbolica_default,cached_powers_Q,90,72,0.827,BalancedZippelSeparated
fire7_nb0_rank0522,Automatic,1,ok,3320.374,211,2,1,0,0,2305843009213693967:208;2305843009213693973:3,Symbolica_default,cached_powers_Q,79,72,0.819,BalancedZippelSeparated
fire7_nb0_rank0523,Automatic,1,ok,1436.216,215,2,1,0,0,2305843009213693967:212;2305843009213693973:3,Symbolica_default,cached_powers_Q,112,40,1.278,BalancedZippelSeparated
fire7_nb0_rank0524,Automatic,1,ok,4068.827,240,2,1,0,0,2305843009213693967:237;2305843009213693973:3,Symbolica_default,cached_powers_Q,119,32,1.131,BalancedZippelSeparated
fire7_nb0_rank0525,Automatic,1,ok,1248.405,215,2,1,0,0,2305843009213693967:212;2305843009213693973:3,Symbolica_default,cached_powers_Q,112,45,0.906,BalancedZippelSeparated
fire7_nb0_rank0526,Automatic,1,ok,3698.766,262,2,1,0,0,2305843009213693967:259;2305843009213693973:3,Symbolica_default,cached_powers_Q,126,40,0.684,BalancedZippelSeparated
fire7_nb0_rank0527,Automatic,1,ok,3848.806,330,2,1,0,0,2305843009213693967:327;2305843009213693973:3,Symbolica_default,cached_powers_Q,125,40,0.690,BalancedZippelSeparated
fire7_nb0_rank0528,Automatic,1,ok,1554.926,209,2,1,0,0,2305843009213693967:206;2305843009213693973:3,Symbolica_default,cached_powers_Q,112,45,1.086,BalancedZippelSeparated
fire7_nb0_rank0529,Automatic,1,ok,4691.709,260,2,1,0,0,2305843009213693967:257;2305843009213693973:3,Symbolica_default,cached_powers_Q,26,150,1.291,BalancedZippelSeparated
fire7_nb0_rank0530,Automatic,1,ok,3666.334,246,2,1,0,0,2305843009213693967:243;2305843009213693973:3,Symbolica_default,cached_powers_Q,126,36,1.162,BalancedZippelSeparated
fire7_nb0_rank0531,Automatic,1,ok,3279.994,215,2,1,0,0,2305843009213693967:212;2305843009213693973:3,Symbolica_default,cached_powers_Q,103,45,0.782,BalancedZippelSeparated
fire7_nb0_rank0532,Automatic,1,ok,3959.836,257,2,1,0,0,2305843009213693967:254;2305843009213693973:3,Symbolica_default,cached_powers_Q,120,28,0.769,BalancedZippelSeparated
fire7_nb0_rank0533,Automatic,1,ok,4680.619,216,2,1,0,0,2305843009213693967:213;2305843009213693973:3,Symbolica_default,cached_powers_Q,90,65,0.672,BalancedZippelSeparated
fire7_nb0_rank0534,Automatic,1,ok,1406.446,203,2,1,0,0,2305843009213693967:200;2305843009213693973:3,Symbolica_default,cached_powers_Q,85,70,1.308,BalancedZippelSeparated
fire7_nb0_rank0535,Automatic,1,ok,4604.269,298,2,1,0,0,2305843009213693967:295;2305843009213693973:3,Symbolica_default,cached_powers_Q,114,44,1.172,BalancedZippelSeparated
fire7_nb0_rank0536,Automatic,1,ok,3883.106,298,2,1,0,0,2305843009213693967:295;2305843009213693973:3,Symbolica_default,cached_powers_Q,114,44,0.878,BalancedZippelSeparated
fire7_nb0_rank0537,Automatic,1,ok,1538.026,224,2,1,0,0,2305843009213693967:221;2305843009213693973:3,Symbolica_default,cached_powers_Q,111,35,0.783,BalancedZippelSeparated
fire7_nb0_rank0538,Automatic,1,ok,1390.666,213,2,1,0,0,2305843009213693967:210;2305843009213693973:3,Symbolica_default,cached_powers_Q,112,32,0.633,BalancedZippelSeparated
fire7_nb0_rank0539,Automatic,1,ok,1214.105,204,2,1,0,0,2305843009213693967:201;2305843009213693973:3,Symbolica_default,cached_powers_Q,105,40,0.762,BalancedZippelSeparated
fire7_nb0_rank0540,Automatic,1,ok,1557.477,203,2,1,0,0,2305843009213693967:200;2305843009213693973:3,Symbolica_default,cached_powers_Q,85,70,1.148,BalancedZippelSeparated
fire7_nb0_rank0541,Automatic,1,ok,1530.126,188,2,1,0,0,2305843009213693967:185;2305843009213693973:3,Symbolica_default,cached_powers_Q,85,70,1.145,BalancedZippelSeparated
fire7_nb0_rank0542,Automatic,1,ok,5790.193,278,2,1,0,0,2305843009213693967:275;2305843009213693973:3,Symbolica_default,cached_powers_Q,126,27,0.707,BalancedZippelSeparated
fire7_nb0_rank0543,Automatic,1,ok,4887.209,438,2,1,0,0,2305843009213693967:435;2305843009213693973:3,Symbolica_default,cached_powers_Q,136,42,0.890,BalancedZippelSeparated
fire7_nb0_rank0544,Automatic,1,ok,3553.844,236,2,1,0,0,2305843009213693967:233;2305843009213693973:3,Symbolica_default,cached_powers_Q,118,30,0.839,BalancedZippelSeparated
fire7_nb0_rank0545,Automatic,1,ok,4449.178,291,2,1,0,0,2305843009213693967:288;2305843009213693973:3,Symbolica_default,cached_powers_Q,102,56,0.850,BalancedZippelSeparated
fire7_nb0_rank0546,Automatic,1,ok,4776.939,278,2,1,0,0,2305843009213693967:275;2305843009213693973:3,Symbolica_default,cached_powers_Q,133,20,1.473,BalancedZippelSeparated
fire7_nb0_rank0547,Automatic,1,ok,4197.418,304,2,1,0,0,2305843009213693967:301;2305843009213693973:3,Symbolica_default,cached_powers_Q,113,48,0.724,BalancedZippelSeparated
fire7_nb0_rank0548,Automatic,1,ok,6493.026,213,2,1,0,0,2305843009213693967:210;2305843009213693973:3,Symbolica_default,cached_powers_Q,104,45,0.643,BalancedZippelSeparated
fire7_nb0_rank0549,Automatic,1,ok,3822.515,255,2,1,0,0,2305843009213693967:252;2305843009213693973:3,Symbolica_default,cached_powers_Q,126,25,0.830,BalancedZippelSeparated
fire7_nb0_rank0550,Automatic,1,ok,3789.066,216,2,1,0,0,2305843009213693967:213;2305843009213693973:3,Symbolica_default,cached_powers_Q,98,48,0.980,BalancedZippelSeparated
fire7_nb0_rank0551,Automatic,1,ok,5164.981,318,2,1,0,0,2305843009213693967:315;2305843009213693973:3,Symbolica_default,cached_powers_Q,124,51,1.043,BalancedZippelSeparated
fire7_nb0_rank0552,Automatic,1,ok,4869.300,317,2,1,0,0,2305843009213693967:314;2305843009213693973:3,Symbolica_default,cached_powers_Q,101,54,1.161,BalancedZippelSeparated
fire7_nb0_rank0553,Automatic,1,ok,3836.575,316,2,1,0,0,2305843009213693967:313;2305843009213693973:3,Symbolica_default,cached_powers_Q,125,40,0.854,BalancedZippelSeparated
fire7_nb0_rank0554,Automatic,1,ok,3541.155,230,2,1,0,0,2305843009213693967:227;2305843009213693973:3,Symbolica_default,cached_powers_Q,118,32,0.674,BalancedZippelSeparated
fire7_nb0_rank0555,Automatic,1,ok,3419.394,249,2,1,0,0,2305843009213693967:246;2305843009213693973:3,Symbolica_default,cached_powers_Q,42,110,0.777,BalancedZippelSeparated
fire7_nb0_rank0556,Automatic,1,ok,3879.226,188,2,1,0,0,2305843009213693967:185;2305843009213693973:3,Symbolica_default,cached_powers_Q,96,45,0.814,BalancedZippelSeparated
fire7_nb0_rank0557,Automatic,1,ok,4448.929,249,2,1,0,0,2305843009213693967:246;2305843009213693973:3,Symbolica_default,cached_powers_Q,42,110,0.958,BalancedZippelSeparated
fire7_nb0_rank0558,Automatic,1,ok,3766.836,199,2,1,0,0,2305843009213693967:196;2305843009213693973:3,Symbolica_default,cached_powers_Q,88,54,0.976,BalancedZippelSeparated
fire7_nb0_rank0559,Automatic,1,ok,3576.614,199,2,1,0,0,2305843009213693967:196;2305843009213693973:3,Symbolica_default,cached_powers_Q,88,54,0.918,BalancedZippelSeparated
fire7_nb0_rank0560,Automatic,1,ok,3475.884,179,2,1,0,0,2305843009213693967:176;2305843009213693973:3,Symbolica_default,cached_powers_Q,104,35,0.800,BalancedZippelSeparated
fire7_nb0_rank0561,Automatic,1,ok,3424.594,250,2,1,0,0,2305843009213693967:247;2305843009213693973:3,Symbolica_default,cached_powers_Q,108,48,0.799,BalancedZippelSeparated
fire7_nb0_rank0562,Automatic,1,ok,4721.099,264,2,1,0,0,2305843009213693967:261;2305843009213693973:3,Symbolica_default,cached_powers_Q,84,72,0.912,BalancedZippelSeparated
fire7_nb0_rank0563,Automatic,1,ok,4625.128,264,2,1,0,0,2305843009213693967:261;2305843009213693973:3,Symbolica_default,cached_powers_Q,84,72,1.059,BalancedZippelSeparated
fire7_nb0_rank0564,Automatic,1,ok,3923.286,333,2,1,0,0,2305843009213693967:330;2305843009213693973:3,Symbolica_default,cached_powers_Q,125,28,0.958,BalancedZippelSeparated
fire7_nb0_rank0565,Automatic,1,ok,4699.019,438,2,1,0,0,2305843009213693967:435;2305843009213693973:3,Symbolica_default,cached_powers_Q,135,42,0.945,BalancedZippelSeparated
fire7_nb0_rank0566,Automatic,1,ok,1212.245,205,2,1,0,0,2305843009213693967:202;2305843009213693973:3,Symbolica_default,cached_powers_Q,72,84,0.760,BalancedZippelSeparated
fire7_nb0_rank0567,Automatic,1,ok,3666.585,183,2,1,0,0,2305843009213693967:180;2305843009213693973:3,Symbolica_default,cached_powers_Q,96,42,0.706,BalancedZippelSeparated
fire7_nb0_rank0568,Automatic,1,ok,4124.706,224,2,1,0,0,2305843009213693967:221;2305843009213693973:3,Symbolica_default,cached_powers_Q,115,25,1.511,BalancedZippelSeparated
fire7_nb0_rank0569,Automatic,1,ok,4253.448,328,2,1,0,0,2305843009213693967:325;2305843009213693973:3,Symbolica_default,cached_powers_Q,124,35,1.277,BalancedZippelSeparated
fire7_nb0_rank0570,Automatic,1,ok,3600.225,248,2,1,0,0,2305843009213693967:245;2305843009213693973:3,Symbolica_default,cached_powers_Q,101,48,0.811,BalancedZippelSeparated
fire7_nb0_rank0571,Automatic,1,ok,6086.755,252,2,1,0,0,2305843009213693967:249;2305843009213693973:3,Symbolica_default,cached_powers_Q,118,20,0.737,BalancedZippelSeparated
fire7_nb0_rank0572,Automatic,1,ok,3561.494,183,2,1,0,0,2305843009213693967:180;2305843009213693973:3,Symbolica_default,cached_powers_Q,104,35,0.819,BalancedZippelSeparated
fire7_nb0_rank0573,Automatic,1,ok,3691.125,213,2,1,0,0,2305843009213693967:210;2305843009213693973:3,Symbolica_default,cached_powers_Q,119,25,1.024,BalancedZippelSeparated
fire7_nb0_rank0574,Automatic,1,ok,4360.838,209,2,1,0,0,2305843009213693967:206;2305843009213693973:3,Symbolica_default,cached_powers_Q,76,65,1.100,BalancedZippelSeparated
fire7_nb0_rank0575,Automatic,1,ok,4133.007,209,2,1,0,0,2305843009213693967:206;2305843009213693973:3,Symbolica_default,cached_powers_Q,76,65,1.055,BalancedZippelSeparated
fire7_nb0_rank0576,Automatic,1,ok,4237.067,302,2,1,0,0,2305843009213693967:299;2305843009213693973:3,Symbolica_default,cached_powers_Q,120,28,0.922,BalancedZippelSeparated
fire7_nb0_rank0577,Automatic,1,ok,3407.054,204,2,1,0,0,2305843009213693967:201;2305843009213693973:3,Symbolica_default,cached_powers_Q,95,45,0.788,BalancedZippelSeparated
fire7_nb0_rank0578,Automatic,1,ok,3525.884,195,2,1,0,0,2305843009213693967:192;2305843009213693973:3,Symbolica_default,cached_powers_Q,115,25,0.766,BalancedZippelSeparated
fire7_nb0_rank0579,Automatic,1,ok,4646.399,258,2,1,0,0,2305843009213693967:255;2305843009213693973:3,Symbolica_default,cached_powers_Q,95,52,1.189,BalancedZippelSeparated
fire7_nb0_rank0580,Automatic,1,ok,5119.160,377,2,1,0,0,2305843009213693967:374;2305843009213693973:3,Symbolica_default,cached_powers_Q,100,60,1.147,BalancedZippelSeparated
fire7_nb0_rank0581,Automatic,1,ok,1414.606,189,2,1,0,0,2305843009213693967:186;2305843009213693973:3,Symbolica_default,cached_powers_Q,85,60,1.129,BalancedZippelSeparated
fire7_nb0_rank0582,Automatic,1,ok,3721.245,210,2,1,0,0,2305843009213693967:207;2305843009213693973:3,Symbolica_default,cached_powers_Q,83,65,0.836,BalancedZippelSeparated
fire7_nb0_rank0583,Automatic,1,ok,3833.156,326,2,1,0,0,2305843009213693967:323;2305843009213693973:3,Symbolica_default,cached_powers_Q,120,28,0.921,BalancedZippelSeparated
fire7_nb0_rank0584,Automatic,1,ok,3499.775,250,2,1,0,0,2305843009213693967:247;2305843009213693973:3,Symbolica_default,cached_powers_Q,108,48,0.669,BalancedZippelSeparated
fire7_nb0_rank0585,Automatic,1,ok,4019.986,362,2,1,0,0,2305843009213693967:359;2305843009213693973:3,Symbolica_default,cached_powers_Q,95,60,1.198,BalancedZippelSeparated
fire7_nb0_rank0586,Automatic,1,ok,4447.298,253,2,1,0,0,2305843009213693967:250;2305843009213693973:3,Symbolica_default,cached_powers_Q,126,20,1.213,BalancedZippelSeparated
fire7_nb0_rank0587,Automatic,1,ok,4471.378,263,2,1,0,0,2305843009213693967:260;2305843009213693973:3,Symbolica_default,cached_powers_Q,89,68,1.146,BalancedZippelSeparated
fire7_nb0_rank0588,Automatic,1,ok,3859.895,315,2,1,0,0,2305843009213693967:312;2305843009213693973:3,Symbolica_default,cached_powers_Q,96,57,0.810,BalancedZippelSeparated
fire7_nb0_rank0589,Automatic,1,ok,3782.296,327,2,1,0,0,2305843009213693967:324;2305843009213693973:3,Symbolica_default,cached_powers_Q,119,28,0.901,BalancedZippelSeparated
fire7_nb0_rank0590,Automatic,1,ok,3797.675,299,2,1,0,0,2305843009213693967:296;2305843009213693973:3,Symbolica_default,cached_powers_Q,115,36,0.743,BalancedZippelSeparated
fire7_nb0_rank0591,Automatic,1,ok,3774.906,197,2,1,0,0,2305843009213693967:194;2305843009213693973:3,Symbolica_default,cached_powers_Q,92,45,0.829,BalancedZippelSeparated
fire7_nb0_rank0592,Automatic,1,ok,4246.398,221,2,1,0,0,2305843009213693967:218;2305843009213693973:3,Symbolica_default,cached_powers_Q,91,55,0.870,BalancedZippelSeparated
fire7_nb0_rank0593,Automatic,1,ok,4766.709,298,2,1,0,0,2305843009213693967:295;2305843009213693973:3,Symbolica_default,cached_powers_Q,107,45,1.125,BalancedZippelSeparated
fire7_nb0_rank0594,Automatic,1,ok,3623.824,187,2,1,0,0,2305843009213693967:184;2305843009213693973:3,Symbolica_default,cached_powers_Q,79,54,0.602,BalancedZippelSeparated
fire7_nb0_rank0595,Automatic,1,ok,3865.285,318,2,1,0,0,2305843009213693967:315;2305843009213693973:3,Symbolica_default,cached_powers_Q,116,28,0.918,BalancedZippelSeparated
fire7_nb0_rank0596,Automatic,1,ok,3604.315,213,2,1,0,0,2305843009213693967:210;2305843009213693973:3,Symbolica_default,cached_powers_Q,111,25,0.773,BalancedZippelSeparated
fire7_nb0_rank0597,Automatic,1,ok,4315.197,240,2,1,0,0,2305843009213693967:237;2305843009213693973:3,Symbolica_default,cached_powers_Q,124,20,0.949,BalancedZippelSeparated
fire7_nb0_rank0598,Automatic,1,ok,1713.077,212,2,1,0,0,2305843009213693967:209;2305843009213693973:3,Symbolica_default,cached_powers_Q,112,25,1.298,BalancedZippelSeparated
fire7_nb0_rank0599,Automatic,1,ok,3733.366,243,2,1,0,0,2305843009213693967:240;2305843009213693973:3,Symbolica_default,cached_powers_Q,97,48,0.718,BalancedZippelSeparated
fire7_nb0_rank0600,Automatic,1,ok,3302.373,172,2,1,0,0,2305843009213693967:169;2305843009213693973:3,Symbolica_default,cached_powers_Q,79,54,0.618,BalancedZippelSeparated
fire7_nb0_rank0601,Automatic,1,ok,3894.065,248,2,1,0,0,2305843009213693967:245;2305843009213693973:3,Symbolica_default,cached_powers_Q,72,76,0.631,BalancedZippelSeparated
fire7_nb0_rank0602,Automatic,1,ok,3575.795,242,2,1,0,0,2305843009213693967:239;2305843009213693973:3,Symbolica_default,cached_powers_Q,72,76,0.659,BalancedZippelSeparated
fire7_nb0_rank0603,Automatic,1,ok,3875.706,203,2,1,0,0,2305843009213693967:200;2305843009213693973:3,Symbolica_default,cached_powers_Q,76,60,1.282,BalancedZippelSeparated
fire7_nb0_rank0604,Automatic,1,ok,4604.828,303,2,1,0,0,2305843009213693967:300;2305843009213693973:3,Symbolica_default,cached_powers_Q,99,63,0.918,BalancedZippelSeparated
fire7_nb0_rank0605,Automatic,1,ok,5422.122,203,2,1,0,0,2305843009213693967:200;2305843009213693973:3,Symbolica_default,cached_powers_Q,76,60,0.649,BalancedZippelSeparated
fire7_nb0_rank0606,Automatic,1,ok,1316.746,187,2,1,0,0,2305843009213693967:184;2305843009213693973:3,Symbolica_default,cached_powers_Q,69,70,0.623,BalancedZippelSeparated
fire7_nb0_rank0607,Automatic,1,ok,1505.717,242,2,1,0,0,2305843009213693967:239;2305843009213693973:3,Symbolica_default,cached_powers_Q,101,45,0.813,BalancedZippelSeparated
fire7_nb0_rank0608,Automatic,1,ok,1438.256,225,2,1,0,0,2305843009213693967:222;2305843009213693973:3,Symbolica_default,cached_powers_Q,70,75,0.594,BalancedZippelSeparated
fire7_nb0_rank0609,Automatic,1,ok,4808.160,352,2,1,0,0,2305843009213693967:349;2305843009213693973:3,Symbolica_default,cached_powers_Q,90,60,1.086,BalancedZippelSeparated
fire7_nb0_rank0610,Automatic,1,ok,4501.798,317,2,1,0,0,2305843009213693967:314;2305843009213693973:3,Symbolica_default,cached_powers_Q,116,28,1.428,BalancedZippelSeparated
fire7_nb0_rank0611,Automatic,1,ok,3583.965,266,2,1,0,0,2305843009213693967:263;2305843009213693973:3,Symbolica_default,cached_powers_Q,102,36,0.804,BalancedZippelSeparated
fire7_nb0_rank0612,Automatic,1,ok,1185.744,207,2,1,0,0,2305843009213693967:204;2305843009213693973:3,Symbolica_default,cached_powers_Q,103,32,0.788,BalancedZippelSeparated
fire7_nb0_rank0613,Automatic,1,ok,3512.394,276,2,1,0,0,2305843009213693967:273;2305843009213693973:3,Symbolica_default,cached_powers_Q,114,27,0.775,BalancedZippelSeparated
fire7_nb0_rank0614,Automatic,1,ok,1420.186,184,2,1,0,0,2305843009213693967:181;2305843009213693973:3,Symbolica_default,cached_powers_Q,96,35,0.884,BalancedZippelSeparated
fire7_nb0_rank0615,Automatic,1,ok,4970.470,313,2,1,0,0,2305843009213693967:310;2305843009213693973:3,Symbolica_default,cached_powers_Q,114,36,1.294,BalancedZippelSeparated
fire7_nb0_rank0616,Automatic,1,ok,1427.886,198,2,1,0,0,2305843009213693967:195;2305843009213693973:3,Symbolica_default,cached_powers_Q,107,25,1.443,BalancedZippelSeparated
fire7_nb0_rank0617,Automatic,1,ok,1264.335,218,2,1,0,0,2305843009213693967:215;2305843009213693973:3,Symbolica_default,cached_powers_Q,70,75,0.646,BalancedZippelSeparated
fire7_nb0_rank0618,Automatic,1,ok,3780.556,250,2,1,0,0,2305843009213693967:247;2305843009213693973:3,Symbolica_default,cached_powers_Q,113,32,0.624,BalancedZippelSeparated
fire7_nb0_rank0619,Automatic,1,ok,1152.864,201,2,1,0,0,2305843009213693967:198;2305843009213693973:3,Symbolica_default,cached_powers_Q,90,48,0.762,BalancedZippelSeparated
fire7_nb0_rank0620,Automatic,1,ok,4171.157,230,2,1,0,0,2305843009213693967:227;2305843009213693973:3,Symbolica_default,cached_powers_Q,104,28,0.803,BalancedZippelSeparated
fire7_nb0_rank0621,Automatic,1,ok,4799.080,299,2,1,0,0,2305843009213693967:296;2305843009213693973:3,Symbolica_default,cached_powers_Q,110,33,1.068,BalancedZippelSeparated
fire7_nb0_rank0622,Automatic,1,ok,4530.958,263,2,1,0,0,2305843009213693967:260;2305843009213693973:3,Symbolica_default,cached_powers_Q,110,28,1.172,BalancedZippelSeparated
fire7_nb0_rank0623,Automatic,1,ok,1395.776,218,2,1,0,0,2305843009213693967:215;2305843009213693973:3,Symbolica_default,cached_powers_Q,70,75,0.795,BalancedZippelSeparated
fire7_nb0_rank0624,Automatic,1,ok,1253.585,205,2,1,0,0,2305843009213693967:202;2305843009213693973:3,Symbolica_default,cached_powers_Q,98,35,0.847,BalancedZippelSeparated
fire7_nb0_rank0625,Automatic,1,ok,1205.875,210,2,1,0,0,2305843009213693967:207;2305843009213693973:3,Symbolica_default,cached_powers_Q,109,20,0.755,BalancedZippelSeparated
fire7_nb0_rank0626,Automatic,1,ok,3969.776,366,2,1,0,0,2305843009213693967:363;2305843009213693973:3,Symbolica_default,cached_powers_Q,105,36,0.905,BalancedZippelSeparated
fire7_nb0_rank0627,Automatic,1,ok,4278.027,257,2,1,0,0,2305843009213693967:254;2305843009213693973:3,Symbolica_default,cached_powers_Q,102,27,1.042,BalancedZippelSeparated
fire7_nb0_rank0628,Automatic,1,ok,4222.867,223,2,1,0,0,2305843009213693967:220;2305843009213693973:3,Symbolica_default,cached_powers_Q,99,28,1.295,BalancedZippelSeparated
fire7_nb0_rank0629,Automatic,1,ok,3640.815,240,2,1,0,0,2305843009213693967:237;2305843009213693973:3,Symbolica_default,cached_powers_Q,84,56,0.624,BalancedZippelSeparated
fire7_nb0_rank0630,Automatic,1,ok,3361.114,231,2,1,0,0,2305843009213693967:228;2305843009213693973:3,Symbolica_default,cached_powers_Q,84,56,0.725,BalancedZippelSeparated
fire7_nb0_rank0631,Automatic,1,ok,3557.964,281,2,1,0,0,2305843009213693967:278;2305843009213693973:3,Symbolica_default,cached_powers_Q,90,45,0.564,BalancedZippelSeparated
fire7_nb0_rank0632,Automatic,1,ok,3571.245,265,2,1,0,0,2305843009213693967:262;2305843009213693973:3,Symbolica_default,cached_powers_Q,110,28,0.656,BalancedZippelSeparated
fire7_nb0_rank0633,Automatic,1,ok,1793.578,254,2,1,0,0,2305843009213693967:251;2305843009213693973:3,Symbolica_default,cached_powers_Q,115,20,1.386,BalancedZippelSeparated
fire7_nb0_rank0634,Automatic,1,ok,1812.938,218,2,1,0,0,2305843009213693967:215;2305843009213693973:3,Symbolica_default,cached_powers_Q,108,25,1.097,BalancedZippelSeparated
fire7_nb0_rank0635,Automatic,1,ok,2213.419,335,2,1,0,0,2305843009213693967:332;2305843009213693973:3,Symbolica_default,cached_powers_Q,90,54,1.029,BalancedZippelSeparated
fire7_nb0_rank0636,Automatic,1,ok,6468.436,318,2,1,0,0,2305843009213693967:315;2305843009213693973:3,Symbolica_default,cached_powers_Q,90,54,0.636,BalancedZippelSeparated
fire7_nb0_rank0637,Automatic,1,ok,3537.274,260,2,1,0,0,2305843009213693967:257;2305843009213693973:3,Symbolica_default,cached_powers_Q,84,56,0.779,BalancedZippelSeparated
fire7_nb0_rank0638,Automatic,1,ok,1144.985,191,2,1,0,0,2305843009213693967:188;2305843009213693973:3,Symbolica_default,cached_powers_Q,49,90,0.744,BalancedZippelSeparated
fire7_nb0_rank0639,Automatic,1,ok,3840.976,220,2,1,0,0,2305843009213693967:217;2305843009213693973:3,Symbolica_default,cached_powers_Q,108,27,0.825,BalancedZippelSeparated
fire7_nb0_rank0640,Automatic,1,ok,4276.807,179,2,1,0,0,2305843009213693967:176;2305843009213693973:3,Symbolica_default,cached_powers_Q,96,25,1.219,BalancedZippelSeparated
fire7_nb0_rank0641,Automatic,1,ok,1547.087,211,2,1,0,0,2305843009213693967:208;2305843009213693973:3,Symbolica_default,cached_powers_Q,102,28,1.487,BalancedZippelSeparated
fire7_nb0_rank0642,Automatic,1,ok,1268.405,218,2,1,0,0,2305843009213693967:215;2305843009213693973:3,Symbolica_default,cached_powers_Q,102,36,0.797,BalancedZippelSeparated
fire7_nb0_rank0643,Automatic,1,ok,3629.115,335,2,1,0,0,2305843009213693967:332;2305843009213693973:3,Symbolica_default,cached_powers_Q,90,54,0.780,BalancedZippelSeparated
fire7_nb0_rank0644,Automatic,1,ok,3233.693,198,2,1,0,0,2305843009213693967:195;2305843009213693973:3,Symbolica_default,cached_powers_Q,84,52,0.582,BalancedZippelSeparated
fire7_nb0_rank0645,Automatic,1,ok,1227.585,186,2,1,0,0,2305843009213693967:183;2305843009213693973:3,Symbolica_default,cached_powers_Q,102,20,0.894,BalancedZippelSeparated
fire7_nb0_rank0646,Automatic,1,ok,4208.037,231,2,1,0,0,2305843009213693967:228;2305843009213693973:3,Symbolica_default,cached_powers_Q,84,56,1.077,BalancedZippelSeparated
fire7_nb0_rank0647,Automatic,1,ok,1634.137,194,2,1,0,0,2305843009213693967:191;2305843009213693973:3,Symbolica_default,cached_powers_Q,98,35,1.230,BalancedZippelSeparated
fire7_nb0_rank0648,Automatic,1,ok,4079.156,354,2,1,0,0,2305843009213693967:351;2305843009213693973:3,Symbolica_default,cached_powers_Q,108,42,0.812,BalancedZippelSeparated
fire7_nb0_rank0649,Automatic,1,ok,1269.575,209,2,1,0,0,2305843009213693967:206;2305843009213693973:3,Symbolica_default,cached_powers_Q,98,28,0.893,BalancedZippelSeparated
fire7_nb0_rank0650,Automatic,1,ok,3308.293,184,2,1,0,0,2305843009213693967:181;2305843009213693973:3,Symbolica_default,cached_powers_Q,91,36,0.569,BalancedZippelSeparated
fire7_nb0_rank0651,Automatic,1,ok,4289.148,201,2,1,0,0,2305843009213693967:198;2305843009213693973:3,Symbolica_default,cached_powers_Q,83,45,0.856,BalancedZippelSeparated
fire7_nb0_rank0652,Automatic,1,ok,4189.537,239,2,1,0,0,2305843009213693967:236;2305843009213693973:3,Symbolica_default,cached_powers_Q,93,39,1.049,BalancedZippelSeparated
fire7_nb0_rank0653,Automatic,1,ok,3880.976,155,2,1,0,0,2305843009213693967:152;2305843009213693973:3,Symbolica_default,cached_powers_Q,89,30,1.041,BalancedZippelSeparated
fire7_nb0_rank0654,Automatic,1,ok,964.894,167,2,1,0,0,2305843009213693967:164;2305843009213693973:3,Symbolica_default,cached_powers_Q,89,30,0.723,BalancedZippelSeparated
fire7_nb0_rank0655,Automatic,1,ok,1493.786,248,2,1,0,0,2305843009213693967:245;2305843009213693973:3,Symbolica_default,cached_powers_Q,95,35,0.836,BalancedZippelSeparated
fire7_nb0_rank0656,Automatic,1,ok,3418.424,171,2,1,0,0,2305843009213693967:168;2305843009213693973:3,Symbolica_default,cached_powers_Q,91,35,0.888,BalancedZippelSeparated
fire7_nb0_rank0657,Automatic,1,ok,3977.156,260,2,1,0,0,2305843009213693967:257;2305843009213693973:3,Symbolica_default,cached_powers_Q,83,56,0.777,BalancedZippelSeparated
fire7_nb0_rank0658,Automatic,1,ok,1391.336,175,2,1,0,0,2305843009213693967:172;2305843009213693973:3,Symbolica_default,cached_powers_Q,84,40,1.043,BalancedZippelSeparated
fire7_nb0_rank0659,Automatic,1,ok,1102.414,157,2,1,0,0,2305843009213693967:154;2305843009213693973:3,Symbolica_default,cached_powers_Q,72,50,0.807,BalancedZippelSeparated
fire7_nb0_rank0660,Automatic,1,ok,3413.004,210,2,1,0,0,2305843009213693967:207;2305843009213693973:3,Symbolica_default,cached_powers_Q,107,28,0.865,BalancedZippelSeparated
fire7_nb0_rank0661,Automatic,1,ok,1019.764,194,2,1,0,0,2305843009213693967:191;2305843009213693973:3,Symbolica_default,cached_powers_Q,88,35,0.678,BalancedZippelSeparated
fire7_nb0_rank0662,Automatic,1,ok,1146.475,198,2,1,0,0,2305843009213693967:195;2305843009213693973:3,Symbolica_default,cached_powers_Q,90,36,0.751,BalancedZippelSeparated
fire7_nb0_rank0663,Automatic,1,ok,1538.707,224,2,1,0,0,2305843009213693967:221;2305843009213693973:3,Symbolica_default,cached_powers_Q,90,45,1.036,BalancedZippelSeparated
fire7_nb0_rank0664,Automatic,1,ok,4632.789,272,2,1,0,0,2305843009213693967:269;2305843009213693973:3,Symbolica_default,cached_powers_Q,90,51,1.127,BalancedZippelSeparated
fire7_nb0_rank0665,Automatic,1,ok,3622.604,229,2,1,0,0,2305843009213693967:226;2305843009213693973:3,Symbolica_default,cached_powers_Q,100,36,0.776,BalancedZippelSeparated
fire7_nb0_rank0666,Automatic,1,ok,3476.274,186,2,1,0,0,2305843009213693967:183;2305843009213693973:3,Symbolica_default,cached_powers_Q,91,35,0.879,BalancedZippelSeparated
fire7_nb0_rank0667,Automatic,1,ok,3584.555,257,2,1,0,0,2305843009213693967:254;2305843009213693973:3,Symbolica_default,cached_powers_Q,90,44,0.691,BalancedZippelSeparated
fire7_nb0_rank0668,Automatic,1,ok,3488.754,234,2,1,0,0,2305843009213693967:231;2305843009213693973:3,Symbolica_default,cached_powers_Q,102,27,0.750,BalancedZippelSeparated
fire7_nb0_rank0669,Automatic,1,ok,1459.576,171,2,1,0,0,2305843009213693967:168;2305843009213693973:3,Symbolica_default,cached_powers_Q,36,90,1.185,BalancedZippelSeparated
fire7_nb0_rank0670,Automatic,1,ok,1559.596,211,2,1,0,0,2305843009213693967:208;2305843009213693973:3,Symbolica_default,cached_powers_Q,77,48,0.968,BalancedZippelSeparated
fire7_nb0_rank0671,Automatic,1,ok,4663.139,221,2,1,0,0,2305843009213693967:218;2305843009213693973:3,Symbolica_default,cached_powers_Q,109,20,0.725,BalancedZippelSeparated
fire7_nb0_rank0672,Automatic,1,ok,1152.935,191,2,1,0,0,2305843009213693967:188;2305843009213693973:3,Symbolica_default,cached_powers_Q,98,25,0.841,BalancedZippelSeparated
fire7_nb0_rank0673,Automatic,1,ok,924.213,190,2,1,0,0,2305843009213693967:187;2305843009213693973:3,Symbolica_default,cached_powers_Q,84,36,0.565,BalancedZippelSeparated
fire7_nb0_rank0674,Automatic,1,ok,4128.787,306,2,1,0,0,2305843009213693967:303;2305843009213693973:3,Symbolica_default,cached_powers_Q,91,51,0.767,BalancedZippelSeparated
fire7_nb0_rank0675,Automatic,1,ok,4592.759,235,2,1,0,0,2305843009213693967:232;2305843009213693973:3,Symbolica_default,cached_powers_Q,110,20,1.115,BalancedZippelSeparated
fire7_nb0_rank0676,Automatic,1,ok,4092.246,199,2,1,0,0,2305843009213693967:196;2305843009213693973:3,Symbolica_default,cached_powers_Q,96,27,1.246,BalancedZippelSeparated
fire7_nb0_rank0677,Automatic,1,ok,1052.974,185,2,1,0,0,2305843009213693967:182;2305843009213693973:3,Symbolica_default,cached_powers_Q,98,30,0.563,BalancedZippelSeparated
fire7_nb0_rank0678,Automatic,1,ok,1320.375,227,2,1,0,0,2305843009213693967:224;2305843009213693973:3,Symbolica_default,cached_powers_Q,95,32,0.581,BalancedZippelSeparated
fire7_nb0_rank0679,Automatic,1,ok,3361.704,196,2,1,0,0,2305843009213693967:193;2305843009213693973:3,Symbolica_default,cached_powers_Q,84,45,0.722,BalancedZippelSeparated
fire7_nb0_rank0680,Automatic,1,ok,4475.238,251,2,1,0,0,2305843009213693967:248;2305843009213693973:3,Symbolica_default,cached_powers_Q,86,44,1.006,BalancedZippelSeparated
fire7_nb0_rank0681,Automatic,1,ok,4122.636,201,2,1,0,0,2305843009213693967:198;2305843009213693973:3,Symbolica_default,cached_powers_Q,84,45,1.016,BalancedZippelSeparated
fire7_nb0_rank0682,Automatic,1,ok,3546.675,197,2,1,0,0,2305843009213693967:194;2305843009213693973:3,Symbolica_default,cached_powers_Q,92,25,0.804,BalancedZippelSeparated
fire7_nb0_rank0683,Automatic,1,ok,3374.784,177,2,1,0,0,2305843009213693967:174;2305843009213693973:3,Symbolica_default,cached_powers_Q,92,25,0.810,BalancedZippelSeparated
fire7_nb0_rank0684,Automatic,1,ok,971.524,163,2,1,0,0,2305843009213693967:160;2305843009213693973:3,Symbolica_default,cached_powers_Q,77,40,0.558,BalancedZippelSeparated
fire7_nb0_rank0685,Automatic,1,ok,3894.186,254,2,1,0,0,2305843009213693967:251;2305843009213693973:3,Symbolica_default,cached_powers_Q,88,52,0.790,BalancedZippelSeparated
fire7_nb0_rank0686,Automatic,1,ok,4728.769,247,2,1,0,0,2305843009213693967:244;2305843009213693973:3,Symbolica_default,cached_powers_Q,90,51,1.074,BalancedZippelSeparated
fire7_nb0_rank0687,Automatic,1,ok,4456.098,229,2,1,0,0,2305843009213693967:226;2305843009213693973:3,Symbolica_default,cached_powers_Q,84,42,1.009,BalancedZippelSeparated
fire7_nb0_rank0688,Automatic,1,ok,3693.655,229,2,1,0,0,2305843009213693967:226;2305843009213693973:3,Symbolica_default,cached_powers_Q,84,42,0.568,BalancedZippelSeparated
fire7_nb0_rank0689,Automatic,1,ok,3641.115,195,2,1,0,0,2305843009213693967:192;2305843009213693973:3,Symbolica_default,cached_powers_Q,106,20,0.688,BalancedZippelSeparated
fire7_nb0_rank0690,Automatic,1,ok,1170.325,217,2,1,0,0,2305843009213693967:214;2305843009213693973:3,Symbolica_default,cached_powers_Q,75,52,0.755,BalancedZippelSeparated
fire7_nb0_rank0691,Automatic,1,ok,4284.038,208,2,1,0,0,2305843009213693967:205;2305843009213693973:3,Symbolica_default,cached_powers_Q,81,60,0.982,BalancedZippelSeparated
fire7_nb0_rank0692,Automatic,1,ok,4342.408,187,2,1,0,0,2305843009213693967:184;2305843009213693973:3,Symbolica_default,cached_powers_Q,88,35,1.158,BalancedZippelSeparated
fire7_nb0_rank0693,Automatic,1,ok,4017.326,305,2,1,0,0,2305843009213693967:302;2305843009213693973:3,Symbolica_default,cached_powers_Q,85,54,0.742,BalancedZippelSeparated
fire7_nb0_rank0694,Automatic,1,ok,1009.964,176,2,1,0,0,2305843009213693967:173;2305843009213693973:3,Symbolica_default,cached_powers_Q,84,36,0.575,BalancedZippelSeparated
fire7_nb0_rank0695,Automatic,1,ok,1109.324,167,2,1,0,0,2305843009213693967:164;2305843009213693973:3,Symbolica_default,cached_powers_Q,32,90,0.834,BalancedZippelSeparated
fire7_nb0_rank0696,Automatic,1,ok,3529.804,234,2,1,0,0,2305843009213693967:231;2305843009213693973:3,Symbolica_default,cached_powers_Q,95,32,0.722,BalancedZippelSeparated
fire7_nb0_rank0697,Automatic,1,ok,4428.838,196,2,1,0,0,2305843009213693967:193;2305843009213693973:3,Symbolica_default,cached_powers_Q,84,45,0.805,BalancedZippelSeparated
fire7_nb0_rank0698,Automatic,1,ok,4254.927,187,2,1,0,0,2305843009213693967:184;2305843009213693973:3,Symbolica_default,cached_powers_Q,84,35,1.205,BalancedZippelSeparated
fire7_nb0_rank0699,Automatic,1,ok,3617.285,234,2,1,0,0,2305843009213693967:231;2305843009213693973:3,Symbolica_default,cached_powers_Q,102,15,0.791,BalancedZippelSeparated
fire7_nb0_rank0700,Automatic,1,ok,1154.185,203,2,1,0,0,2305843009213693967:200;2305843009213693973:3,Symbolica_default,cached_powers_Q,101,27,0.747,BalancedZippelSeparated
fire7_nb0_rank0701,Automatic,1,ok,1024.324,186,2,1,0,0,2305843009213693967:183;2305843009213693973:3,Symbolica_default,cached_powers_Q,90,32,0.553,BalancedZippelSeparated
fire7_nb0_rank0702,Automatic,1,ok,4682.219,266,2,1,0,0,2305843009213693967:263;2305843009213693973:3,Symbolica_default,cached_powers_Q,85,51,0.999,BalancedZippelSeparated
fire7_nb0_rank0703,Automatic,1,ok,1269.435,153,2,1,0,0,2305843009213693967:150;2305843009213693973:3,Symbolica_default,cached_powers_Q,72,45,0.986,BalancedZippelSeparated
fire7_nb0_rank0704,Automatic,1,ok,1187.485,198,2,1,0,0,2305843009213693967:195;2305843009213693973:3,Symbolica_default,cached_powers_Q,102,15,0.822,BalancedZippelSeparated
fire7_nb0_rank0705,Automatic,1,ok,3751.366,233,2,1,0,0,2305843009213693967:230;2305843009213693973:3,Symbolica_default,cached_powers_Q,95,32,0.574,BalancedZippelSeparated
fire7_nb0_rank0706,Automatic,1,ok,3371.974,203,2,1,0,0,2305843009213693967:200;2305843009213693973:3,Symbolica_default,cached_powers_Q,84,40,0.728,BalancedZippelSeparated
fire7_nb0_rank0707,Automatic,1,ok,1111.654,216,2,1,0,0,2305843009213693967:213;2305843009213693973:3,Symbolica_default,cached_powers_Q,72,52,0.587,BalancedZippelSeparated
fire7_nb0_rank0708,Automatic,1,ok,1411.926,185,2,1,0,0,2305843009213693967:182;2305843009213693973:3,Symbolica_default,cached_powers_Q,63,60,0.970,BalancedZippelSeparated
fire7_nb0_rank0709,Automatic,1,ok,4746.560,231,2,1,0,0,2305843009213693967:228;2305843009213693973:3,Symbolica_default,cached_powers_Q,78,45,0.787,BalancedZippelSeparated
fire7_nb0_rank0710,Automatic,1,ok,1300.095,161,2,1,0,0,2305843009213693967:158;2305843009213693973:3,Symbolica_default,cached_powers_Q,36,84,0.875,BalancedZippelSeparated
fire7_nb0_rank0711,Automatic,1,ok,3596.995,225,2,1,0,0,2305843009213693967:222;2305843009213693973:3,Symbolica_default,cached_powers_Q,83,48,0.586,BalancedZippelSeparated
fire7_nb0_rank0712,Automatic,1,ok,3312.054,168,2,1,0,0,2305843009213693967:165;2305843009213693973:3,Symbolica_default,cached_powers_Q,88,21,0.788,BalancedZippelSeparated
fire7_nb0_rank0713,Automatic,1,ok,3789.685,243,2,1,0,0,2305843009213693967:240;2305843009213693973:3,Symbolica_default,cached_powers_Q,90,48,0.606,BalancedZippelSeparated
fire7_nb0_rank0714,Automatic,1,ok,1208.725,180,2,1,0,0,2305843009213693967:177;2305843009213693973:3,Symbolica_default,cached_powers_Q,42,90,0.862,BalancedZippelSeparated
fire7_nb0_rank0715,Automatic,1,ok,4198.618,214,2,1,0,0,2305843009213693967:211;2305843009213693973:3,Symbolica_default,cached_powers_Q,112,12,0.805,BalancedZippelSeparated
fire7_nb0_rank0716,Automatic,1,ok,1095.285,166,2,1,0,0,2305843009213693967:163;2305843009213693973:3,Symbolica_default,cached_powers_Q,96,24,0.683,BalancedZippelSeparated
fire7_nb0_rank0717,Automatic,1,ok,878.244,148,2,1,0,0,2305843009213693967:145;2305843009213693973:3,Symbolica_default,cached_powers_Q,72,45,0.562,BalancedZippelSeparated
fire7_nb0_rank0718,Automatic,1,ok,3686.026,276,2,1,0,0,2305843009213693967:273;2305843009213693973:3,Symbolica_default,cached_powers_Q,94,36,0.720,BalancedZippelSeparated
fire7_nb0_rank0719,Automatic,1,ok,4144.408,178,2,1,0,0,2305843009213693967:175;2305843009213693973:3,Symbolica_default,cached_powers_Q,84,44,1.013,BalancedZippelSeparated
fire7_nb0_rank0720,Automatic,1,ok,4253.587,194,2,1,0,0,2305843009213693967:191;2305843009213693973:3,Symbolica_default,cached_powers_Q,95,27,1.005,BalancedZippelSeparated
fire7_nb0_rank0721,Automatic,1,ok,3489.194,151,2,1,0,0,2305843009213693967:148;2305843009213693973:3,Symbolica_default,cached_powers_Q,79,30,0.681,BalancedZippelSeparated
fire7_nb0_rank0722,Automatic,1,ok,867.483,148,2,1,0,0,2305843009213693967:145;2305843009213693973:3,Symbolica_default,cached_powers_Q,69,45,0.549,BalancedZippelSeparated
fire7_nb0_rank0723,Automatic,1,ok,3476.064,180,2,1,0,0,2305843009213693967:177;2305843009213693973:3,Symbolica_default,cached_powers_Q,91,25,0.683,BalancedZippelSeparated
fire7_nb0_rank0724,Automatic,1,ok,3522.925,235,2,1,0,0,2305843009213693967:232;2305843009213693973:3,Symbolica_default,cached_powers_Q,95,25,0.855,BalancedZippelSeparated
fire7_nb0_rank0725,Automatic,1,ok,1185.245,151,2,1,0,0,2305843009213693967:148;2305843009213693973:3,Symbolica_default,cached_powers_Q,64,48,0.952,BalancedZippelSeparated
fire7_nb0_rank0726,Automatic,1,ok,1080.915,148,2,1,0,0,2305843009213693967:145;2305843009213693973:3,Symbolica_default,cached_powers_Q,69,45,0.981,BalancedZippelSeparated
fire7_nb0_rank0727,Automatic,1,ok,1097.855,187,2,1,0,0,2305843009213693967:184;2305843009213693973:3,Symbolica_default,cached_powers_Q,65,52,0.572,BalancedZippelSeparated
fire7_nb0_rank0728,Automatic,1,ok,3224.503,154,2,1,0,0,2305843009213693967:151;2305843009213693973:3,Symbolica_default,cached_powers_Q,79,30,0.800,BalancedZippelSeparated
fire7_nb0_rank0729,Automatic,1,ok,1102.434,168,2,1,0,0,2305843009213693967:165;2305843009213693973:3,Symbolica_default,cached_powers_Q,84,25,0.702,BalancedZippelSeparated
fire7_nb0_rank0730,Automatic,1,ok,1427.636,185,2,1,0,0,2305843009213693967:182;2305843009213693973:3,Symbolica_default,cached_powers_Q,98,24,1.139,BalancedZippelSeparated
fire7_nb0_rank0731,Automatic,1,ok,1172.205,143,2,1,0,0,2305843009213693967:140;2305843009213693973:3,Symbolica_default,cached_powers_Q,69,45,0.965,BalancedZippelSeparated
fire7_nb0_rank0732,Automatic,1,ok,1338.165,187,2,1,0,0,2305843009213693967:184;2305843009213693973:3,Symbolica_default,cached_powers_Q,48,75,0.571,BalancedZippelSeparated
fire7_nb0_rank0733,Automatic,1,ok,1075.605,157,2,1,0,0,2305843009213693967:154;2305843009213693973:3,Symbolica_default,cached_powers_Q,32,84,0.834,BalancedZippelSeparated
fire7_nb0_rank0734,Automatic,1,ok,3436.383,182,2,1,0,0,2305843009213693967:179;2305843009213693973:3,Symbolica_default,cached_powers_Q,96,21,0.858,BalancedZippelSeparated
fire7_nb0_rank0735,Automatic,1,ok,1166.505,224,2,1,0,0,2305843009213693967:221;2305843009213693973:3,Symbolica_default,cached_powers_Q,90,36,0.692,BalancedZippelSeparated
fire7_nb0_rank0736,Automatic,1,ok,1397.906,204,2,1,0,0,2305843009213693967:201;2305843009213693973:3,Symbolica_default,cached_powers_Q,70,48,0.981,BalancedZippelSeparated
fire7_nb0_rank0737,Automatic,1,ok,1603.816,250,2,1,0,0,2305843009213693967:247;2305843009213693973:3,Symbolica_default,cached_powers_Q,100,20,1.288,BalancedZippelSeparated
fire7_nb0_rank0738,Automatic,1,ok,1151.965,151,2,1,0,0,2305843009213693967:148;2305843009213693973:3,Symbolica_default,cached_powers_Q,63,48,0.955,BalancedZippelSeparated
fire7_nb0_rank0739,Automatic,1,ok,1091.805,184,2,1,0,0,2305843009213693967:181;2305843009213693973:3,Symbolica_default,cached_powers_Q,97,20,0.748,BalancedZippelSeparated
fire7_nb0_rank0740,Automatic,1,ok,985.354,165,2,1,0,0,2305843009213693967:162;2305843009213693973:3,Symbolica_default,cached_powers_Q,62,60,0.706,BalancedZippelSeparated
fire7_nb0_rank0741,Automatic,1,ok,977.734,168,2,1,0,0,2305843009213693967:165;2305843009213693973:3,Symbolica_default,cached_powers_Q,72,45,0.553,BalancedZippelSeparated
fire7_nb0_rank0742,Automatic,1,ok,1476.496,179,2,1,0,0,2305843009213693967:176;2305843009213693973:3,Symbolica_default,cached_powers_Q,62,60,0.776,BalancedZippelSeparated
fire7_nb0_rank0743,Automatic,1,ok,5047.851,320,2,1,0,0,2305843009213693967:317;2305843009213693973:3,Symbolica_default,cached_powers_Q,100,34,1.193,BalancedZippelSeparated
fire7_nb0_rank0744,Automatic,1,ok,4263.017,293,2,1,0,0,2305843009213693967:290;2305843009213693973:3,Symbolica_default,cached_powers_Q,95,28,1.226,BalancedZippelSeparated
fire7_nb0_rank0745,Automatic,1,ok,3020.482,300,2,1,0,0,2305843009213693967:297;2305843009213693973:3,Symbolica_default,cached_powers_Q,69,60,0.736,BalancedZippelSeparated
fire7_nb0_rank0746,Automatic,1,ok,1163.934,204,2,1,0,0,2305843009213693967:201;2305843009213693973:3,Symbolica_default,cached_powers_Q,72,48,0.687,BalancedZippelSeparated
fire7_nb0_rank0747,Automatic,1,ok,1119.514,202,2,1,0,0,2305843009213693967:199;2305843009213693973:3,Symbolica_default,cached_powers_Q,66,52,0.545,BalancedZippelSeparated
fire7_nb0_rank0748,Automatic,1,ok,1446.546,204,2,1,0,0,2305843009213693967:201;2305843009213693973:3,Symbolica_default,cached_powers_Q,72,48,0.948,BalancedZippelSeparated
fire7_nb0_rank0749,Automatic,1,ok,1440.476,204,2,1,0,0,2305843009213693967:201;2305843009213693973:3,Symbolica_default,cached_powers_Q,72,48,1.017,BalancedZippelSeparated
fire7_nb0_rank0750,Automatic,1,ok,3822.636,249,2,1,0,0,2305843009213693967:246;2305843009213693973:3,Symbolica_default,cached_powers_Q,100,20,0.701,BalancedZippelSeparated
fire7_nb0_rank0751,Automatic,1,ok,1207.275,243,2,1,0,0,2305843009213693967:240;2305843009213693973:3,Symbolica_default,cached_powers_Q,70,56,0.581,BalancedZippelSeparated
fire7_nb0_rank0752,Automatic,1,ok,1133.024,200,2,1,0,0,2305843009213693967:197;2305843009213693973:3,Symbolica_default,cached_powers_Q,66,52,0.703,BalancedZippelSeparated
fire7_nb0_rank0753,Automatic,1,ok,1198.235,212,2,1,0,0,2305843009213693967:209;2305843009213693973:3,Symbolica_default,cached_powers_Q,89,28,0.723,BalancedZippelSeparated
fire7_nb0_rank0754,Automatic,1,ok,1374.385,177,2,1,0,0,2305843009213693967:174;2305843009213693973:3,Symbolica_default,cached_powers_Q,63,60,0.989,BalancedZippelSeparated
fire7_nb0_rank0755,Automatic,1,ok,1239.065,147,2,1,0,0,2305843009213693967:144;2305843009213693973:3,Symbolica_default,cached_powers_Q,64,42,1.077,BalancedZippelSeparated
fire7_nb0_rank0756,Automatic,1,ok,1095.094,201,2,1,0,0,2305843009213693967:198;2305843009213693973:3,Symbolica_default,cached_powers_Q,78,39,0.728,BalancedZippelSeparated
fire7_nb0_rank0757,Automatic,1,ok,1004.734,179,2,1,0,0,2305843009213693967:176;2305843009213693973:3,Symbolica_default,cached_powers_Q,63,48,0.679,BalancedZippelSeparated
fire7_nb0_rank0758,Automatic,1,ok,958.934,169,2,1,0,0,2305843009213693967:166;2305843009213693973:3,Symbolica_default,cached_powers_Q,77,30,0.727,BalancedZippelSeparated
fire7_nb0_rank0759,Automatic,1,ok,3295.053,164,2,1,0,0,2305843009213693967:161;2305843009213693973:3,Symbolica_default,cached_powers_Q,81,28,0.763,BalancedZippelSeparated
fire7_nb0_rank0760,Automatic,1,ok,1372.436,179,2,1,0,0,2305843009213693967:176;2305843009213693973:3,Symbolica_default,cached_powers_Q,63,48,0.914,BalancedZippelSeparated
fire7_nb0_rank0761,Automatic,1,ok,1715.778,203,2,1,0,0,2305843009213693967:200;2305843009213693973:3,Symbolica_default,cached_powers_Q,78,39,0.784,BalancedZippelSeparated
fire7_nb0_rank0762,Automatic,1,ok,1115.514,187,2,1,0,0,2305843009213693967:184;2305843009213693973:3,Symbolica_default,cached_powers_Q,66,48,0.668,BalancedZippelSeparated
fire7_nb0_rank0763,Automatic,1,ok,1034.724,157,2,1,0,0,2305843009213693967:154;2305843009213693973:3,Symbolica_default,cached_powers_Q,63,54,0.679,BalancedZippelSeparated
fire7_nb0_rank0764,Automatic,1,ok,1127.365,201,2,1,0,0,2305843009213693967:198;2305843009213693973:3,Symbolica_default,cached_powers_Q,102,12,0.717,BalancedZippelSeparated
fire7_nb0_rank0765,Automatic,1,ok,1062.814,186,2,1,0,0,2305843009213693967:183;2305843009213693973:3,Symbolica_default,cached_powers_Q,48,75,0.513,BalancedZippelSeparated
fire7_nb0_rank0766,Automatic,1,ok,1140.705,195,2,1,0,0,2305843009213693967:192;2305843009213693973:3,Symbolica_default,cached_powers_Q,66,48,0.528,BalancedZippelSeparated
fire7_nb0_rank0767,Automatic,1,ok,1077.724,202,2,1,0,0,2305843009213693967:199;2305843009213693973:3,Symbolica_default,cached_powers_Q,66,52,0.774,BalancedZippelSeparated
fire7_nb0_rank0768,Automatic,1,ok,1379.956,184,2,1,0,0,2305843009213693967:181;2305843009213693973:3,Symbolica_default,cached_powers_Q,100,12,1.053,BalancedZippelSeparated
fire7_nb0_rank0769,Automatic,1,ok,4099.376,169,2,1,0,0,2305843009213693967:166;2305843009213693973:3,Symbolica_default,cached_powers_Q,84,28,1.191,BalancedZippelSeparated
fire7_nb0_rank0770,Automatic,1,ok,3334.033,232,2,1,0,0,2305843009213693967:229;2305843009213693973:3,Symbolica_default,cached_powers_Q,65,56,0.728,BalancedZippelSeparated
fire7_nb0_rank0771,Automatic,1,ok,3325.403,201,2,1,0,0,2305843009213693967:198;2305843009213693973:3,Symbolica_default,cached_powers_Q,84,36,0.524,BalancedZippelSeparated
fire7_nb0_rank0772,Automatic,1,ok,769.993,137,2,1,0,0,2305843009213693967:134;2305843009213693973:3,Symbolica_default,cached_powers_Q,70,35,0.670,BalancedZippelSeparated
fire7_nb0_rank0773,Automatic,1,ok,1016.974,182,2,1,0,0,2305843009213693967:179;2305843009213693973:3,Symbolica_default,cached_powers_Q,78,32,0.562,BalancedZippelSeparated
fire7_nb0_rank0774,Automatic,1,ok,1392.026,196,2,1,0,0,2305843009213693967:193;2305843009213693973:3,Symbolica_default,cached_powers_Q,80,32,0.994,BalancedZippelSeparated
fire7_nb0_rank0775,Automatic,1,ok,1216.975,154,2,1,0,0,2305843009213693967:151;2305843009213693973:3,Symbolica_default,cached_powers_Q,54,60,0.888,BalancedZippelSeparated
fire7_nb0_rank0776,Automatic,1,ok,4256.707,337,2,1,0,0,2305843009213693967:334;2305843009213693973:3,Symbolica_default,cached_powers_Q,95,34,0.702,BalancedZippelSeparated
fire7_nb0_rank0777,Automatic,1,ok,1148.095,212,2,1,0,0,2305843009213693967:209;2305843009213693973:3,Symbolica_default,cached_powers_Q,60,60,0.541,BalancedZippelSeparated
fire7_nb0_rank0778,Automatic,1,ok,1369.615,226,2,1,0,0,2305843009213693967:223;2305843009213693973:3,Symbolica_default,cached_powers_Q,84,36,0.651,BalancedZippelSeparated
fire7_nb0_rank0779,Automatic,1,ok,3960.227,166,2,1,0,0,2305843009213693967:163;2305843009213693973:3,Symbolica_default,cached_powers_Q,84,20,0.970,BalancedZippelSeparated
fire7_nb0_rank0780,Automatic,1,ok,1611.507,215,2,1,0,0,2305843009213693967:212;2305843009213693973:3,Symbolica_default,cached_powers_Q,95,20,1.090,BalancedZippelSeparated
fire7_nb0_rank0781,Automatic,1,ok,1056.745,163,2,1,0,0,2305843009213693967:160;2305843009213693973:3,Symbolica_default,cached_powers_Q,69,35,0.651,BalancedZippelSeparated
fire7_nb0_rank0782,Automatic,1,ok,5949.584,163,2,1,0,0,2305843009213693967:160;2305843009213693973:3,Symbolica_default,cached_powers_Q,69,35,0.623,BalancedZippelSeparated
fire7_nb0_rank0783,Automatic,1,ok,3400.704,231,2,1,0,0,2305843009213693967:228;2305843009213693973:3,Symbolica_default,cached_powers_Q,72,44,0.674,BalancedZippelSeparated
fire7_nb0_rank0784,Automatic,1,ok,1167.025,220,2,1,0,0,2305843009213693967:217;2305843009213693973:3,Symbolica_default,cached_powers_Q,85,32,0.771,BalancedZippelSeparated
fire7_nb0_rank0785,Automatic,1,ok,1227.505,161,2,1,0,0,2305843009213693967:158;2305843009213693973:3,Symbolica_default,cached_powers_Q,63,45,0.878,BalancedZippelSeparated
fire7_nb0_rank0786,Automatic,1,ok,4224.238,231,2,1,0,0,2305843009213693967:228;2305843009213693973:3,Symbolica_default,cached_powers_Q,72,44,0.977,BalancedZippelSeparated
fire7_nb0_rank0787,Automatic,1,ok,3303.754,161,2,1,0,0,2305843009213693967:158;2305843009213693973:3,Symbolica_default,cached_powers_Q,69,36,0.735,BalancedZippelSeparated
fire7_nb0_rank0788,Automatic,1,ok,905.493,158,2,1,0,0,2305843009213693967:155;2305843009213693973:3,Symbolica_default,cached_powers_Q,62,40,0.477,BalancedZippelSeparated
fire7_nb0_rank0789,Automatic,1,ok,754.333,158,2,1,0,0,2305843009213693967:155;2305843009213693973:3,Symbolica_default,cached_powers_Q,62,40,0.514,BalancedZippelSeparated
fire7_nb0_rank0790,Automatic,1,ok,1152.225,194,2,1,0,0,2305843009213693967:191;2305843009213693973:3,Symbolica_default,cached_powers_Q,97,12,0.720,BalancedZippelSeparated
fire7_nb0_rank0791,Automatic,1,ok,4041.596,152,2,1,0,0,2305843009213693967:149;2305843009213693973:3,Symbolica_default,cached_powers_Q,78,25,1.111,BalancedZippelSeparated
fire7_nb0_rank0792,Automatic,1,ok,1166.685,150,2,1,0,0,2305843009213693967:147;2305843009213693973:3,Symbolica_default,cached_powers_Q,70,40,0.993,BalancedZippelSeparated
fire7_nb0_rank0793,Automatic,1,ok,1083.124,178,2,1,0,0,2305843009213693967:175;2305843009213693973:3,Symbolica_default,cached_powers_Q,88,24,0.783,BalancedZippelSeparated
fire7_nb0_rank0794,Automatic,1,ok,837.783,140,2,1,0,0,2305843009213693967:137;2305843009213693973:3,Symbolica_default,cached_powers_Q,56,48,0.513,BalancedZippelSeparated
fire7_nb0_rank0795,Automatic,1,ok,1142.615,198,2,1,0,0,2305843009213693967:195;2305843009213693973:3,Symbolica_default,cached_powers_Q,90,20,0.765,BalancedZippelSeparated
fire7_nb0_rank0796,Automatic,1,ok,1122.245,149,2,1,0,0,2305843009213693967:146;2305843009213693973:3,Symbolica_default,cached_powers_Q,78,25,1.114,BalancedZippelSeparated
fire7_nb0_rank0797,Automatic,1,ok,1620.217,206,2,1,0,0,2305843009213693967:203;2305843009213693973:3,Symbolica_default,cached_powers_Q,72,36,0.766,BalancedZippelSeparated
fire7_nb0_rank0798,Automatic,1,ok,4191.897,189,2,1,0,0,2305843009213693967:186;2305843009213693973:3,Symbolica_default,cached_powers_Q,85,27,1.109,BalancedZippelSeparated
fire7_nb0_rank0799,Automatic,1,ok,3378.814,179,2,1,0,0,2305843009213693967:176;2305843009213693973:3,Symbolica_default,cached_powers_Q,83,28,0.753,BalancedZippelSeparated
fire7_nb0_rank0800,Automatic,1,ok,3812.806,257,2,1,0,0,2305843009213693967:254;2305843009213693973:3,Symbolica_default,cached_powers_Q,85,28,0.665,BalancedZippelSeparated
fire7_nb0_rank0801,Automatic,1,ok,825.324,128,2,1,0,0,2305843009213693967:125;2305843009213693973:3,Symbolica_default,cached_powers_Q,52,54,0.648,BalancedZippelSeparated
fire7_nb0_rank0802,Automatic,1,ok,1165.504,152,2,1,0,0,2305843009213693967:149;2305843009213693973:3,Symbolica_default,cached_powers_Q,89,15,0.524,BalancedZippelSeparated
fire7_nb0_rank0803,Automatic,1,ok,1239.714,154,2,1,0,0,2305843009213693967:151;2305843009213693973:3,Symbolica_default,cached_powers_Q,79,25,1.322,BalancedZippelSeparated
fire7_nb0_rank0804,Automatic,1,ok,1297.015,133,2,1,0,0,2305843009213693967:130;2305843009213693973:3,Symbolica_default,cached_powers_Q,52,54,0.733,BalancedZippelSeparated
fire7_nb0_rank0805,Automatic,1,ok,1131.164,176,2,1,0,0,2305843009213693967:173;2305843009213693973:3,Symbolica_default,cached_powers_Q,84,20,0.773,BalancedZippelSeparated
fire7_nb0_rank0806,Automatic,1,ok,953.215,184,2,1,0,0,2305843009213693967:181;2305843009213693973:3,Symbolica_default,cached_powers_Q,78,27,0.642,BalancedZippelSeparated
fire7_nb0_rank0807,Automatic,1,ok,867.484,151,2,1,0,0,2305843009213693967:148;2305843009213693973:3,Symbolica_default,cached_powers_Q,48,60,0.577,BalancedZippelSeparated
fire7_nb0_rank0808,Automatic,1,ok,1259.425,196,2,1,0,0,2305843009213693967:193;2305843009213693973:3,Symbolica_default,cached_powers_Q,84,18,0.551,BalancedZippelSeparated
fire7_nb0_rank0809,Automatic,1,ok,1214.225,197,2,1,0,0,2305843009213693967:194;2305843009213693973:3,Symbolica_default,cached_powers_Q,90,20,0.570,BalancedZippelSeparated
fire7_nb0_rank0810,Automatic,1,ok,1099.735,188,2,1,0,0,2305843009213693967:185;2305843009213693973:3,Symbolica_default,cached_powers_Q,72,40,0.496,BalancedZippelSeparated
fire7_nb0_rank0811,Automatic,1,ok,824.853,187,2,1,0,0,2305843009213693967:184;2305843009213693973:3,Symbolica_default,cached_powers_Q,65,44,0.742,BalancedZippelSeparated
fire7_nb0_rank0812,Automatic,1,ok,913.264,160,2,1,0,0,2305843009213693967:157;2305843009213693973:3,Symbolica_default,cached_powers_Q,60,48,0.572,BalancedZippelSeparated
fire7_nb0_rank0813,Automatic,1,ok,32493.492,207,2,1,0,0,2305843009213693967:204;2305843009213693973:3,Symbolica_default,cached_powers_Q,85,24,0.662,BalancedZippelSeparated
fire7_nb0_rank0814,Automatic,1,ok,1282.885,221,2,1,0,0,2305843009213693967:218;2305843009213693973:3,Symbolica_default,cached_powers_Q,86,20,0.916,BalancedZippelSeparated
fire7_nb0_rank0815,Automatic,1,ok,1767.817,250,2,1,0,0,2305843009213693967:247;2305843009213693973:3,Symbolica_default,cached_powers_Q,20,100,1.296,BalancedZippelSeparated
fire7_nb0_rank0816,Automatic,1,ok,1191.865,136,2,1,0,0,2305843009213693967:133;2305843009213693973:3,Symbolica_default,cached_powers_Q,56,42,1.035,BalancedZippelSeparated
fire7_nb0_rank0817,Automatic,1,ok,1548.507,232,2,1,0,0,2305843009213693967:229;2305843009213693973:3,Symbolica_default,cached_powers_Q,97,15,0.581,BalancedZippelSeparated
fire7_nb0_rank0818,Automatic,1,ok,1304.495,182,2,1,0,0,2305843009213693967:179;2305843009213693973:3,Symbolica_default,cached_powers_Q,91,12,0.691,BalancedZippelSeparated
fire7_nb0_rank0819,Automatic,1,ok,1242.835,206,2,1,0,0,2305843009213693967:203;2305843009213693973:3,Symbolica_default,cached_powers_Q,85,20,0.606,BalancedZippelSeparated
fire7_nb0_rank0820,Automatic,1,ok,946.284,165,2,1,0,0,2305843009213693967:162;2305843009213693973:3,Symbolica_default,cached_powers_Q,66,36,0.614,BalancedZippelSeparated
fire7_nb0_rank0821,Automatic,1,ok,1218.825,221,2,1,0,0,2305843009213693967:218;2305843009213693973:3,Symbolica_default,cached_powers_Q,86,20,0.540,BalancedZippelSeparated
fire7_nb0_rank0822,Automatic,1,ok,1057.754,183,2,1,0,0,2305843009213693967:180;2305843009213693973:3,Symbolica_default,cached_powers_Q,72,30,0.468,BalancedZippelSeparated
fire7_nb0_rank0823,Automatic,1,ok,1098.805,202,2,1,0,0,2305843009213693967:199;2305843009213693973:3,Symbolica_default,cached_powers_Q,82,27,0.583,BalancedZippelSeparated
fire7_nb0_rank0824,Automatic,1,ok,1454.716,170,2,1,0,0,2305843009213693967:167;2305843009213693973:3,Symbolica_default,cached_powers_Q,54,56,0.524,BalancedZippelSeparated
fire7_nb0_rank0825,Automatic,1,ok,1064.844,128,2,1,0,0,2305843009213693967:125;2305843009213693973:3,Symbolica_default,cached_powers_Q,56,45,0.893,BalancedZippelSeparated
fire7_nb0_rank0826,Automatic,1,ok,1110.955,148,2,1,0,0,2305843009213693967:145;2305843009213693973:3,Symbolica_default,cached_powers_Q,68,30,0.936,BalancedZippelSeparated
fire7_nb0_rank0827,Automatic,1,ok,868.554,141,2,1,0,0,2305843009213693967:138;2305843009213693973:3,Symbolica_default,cached_powers_Q,63,40,0.673,BalancedZippelSeparated
fire7_nb0_rank0828,Automatic,1,ok,1421.386,203,2,1,0,0,2305843009213693967:200;2305843009213693973:3,Symbolica_default,cached_powers_Q,70,39,1.034,BalancedZippelSeparated
fire7_nb0_rank0829,Automatic,1,ok,979.304,160,2,1,0,0,2305843009213693967:157;2305843009213693973:3,Symbolica_default,cached_powers_Q,65,36,0.706,BalancedZippelSeparated
fire7_nb0_rank0830,Automatic,1,ok,1004.414,191,2,1,0,0,2305843009213693967:188;2305843009213693973:3,Symbolica_default,cached_powers_Q,82,27,0.622,BalancedZippelSeparated
fire7_nb0_rank0831,Automatic,1,ok,1088.504,212,2,1,0,0,2305843009213693967:209;2305843009213693973:3,Symbolica_default,cached_powers_Q,70,39,0.617,BalancedZippelSeparated
fire7_nb0_rank0832,Automatic,1,ok,1215.905,199,2,1,0,0,2305843009213693967:196;2305843009213693973:3,Symbolica_default,cached_powers_Q,90,15,0.501,BalancedZippelSeparated
fire7_nb0_rank0833,Automatic,1,ok,1186.495,206,2,1,0,0,2305843009213693967:203;2305843009213693973:3,Symbolica_default,cached_powers_Q,85,20,0.543,BalancedZippelSeparated
fire7_nb0_rank0834,Automatic,1,ok,886.753,160,2,1,0,0,2305843009213693967:157;2305843009213693973:3,Symbolica_default,cached_powers_Q,72,28,0.836,BalancedZippelSeparated
fire7_nb0_rank0835,Automatic,1,ok,1116.435,183,2,1,0,0,2305843009213693967:180;2305843009213693973:3,Symbolica_default,cached_powers_Q,78,27,0.854,BalancedZippelSeparated
fire7_nb0_rank0836,Automatic,1,ok,895.674,168,2,1,0,0,2305843009213693967:165;2305843009213693973:3,Symbolica_default,cached_powers_Q,72,32,0.554,BalancedZippelSeparated
fire7_nb0_rank0837,Automatic,1,ok,1023.554,157,2,1,0,0,2305843009213693967:154;2305843009213693973:3,Symbolica_default,cached_powers_Q,32,70,0.701,BalancedZippelSeparated
fire7_nb0_rank0838,Automatic,1,ok,1533.036,177,2,1,0,0,2305843009213693967:174;2305843009213693973:3,Symbolica_default,cached_powers_Q,66,36,1.079,BalancedZippelSeparated
fire7_nb0_rank0839,Automatic,1,ok,1546.707,217,2,1,0,0,2305843009213693967:214;2305843009213693973:3,Symbolica_default,cached_powers_Q,54,54,0.942,BalancedZippelSeparated
fire7_nb0_rank0840,Automatic,1,ok,943.164,151,2,1,0,0,2305843009213693967:148;2305843009213693973:3,Symbolica_default,cached_powers_Q,48,56,0.520,BalancedZippelSeparated
fire7_nb0_rank0841,Automatic,1,ok,1140.094,150,2,1,0,0,2305843009213693967:147;2305843009213693973:3,Symbolica_default,cached_powers_Q,72,28,0.585,BalancedZippelSeparated
fire7_nb0_rank0842,Automatic,1,ok,1024.235,197,2,1,0,0,2305843009213693967:194;2305843009213693973:3,Symbolica_default,cached_powers_Q,66,36,0.556,BalancedZippelSeparated
fire7_nb0_rank0843,Automatic,1,ok,965.074,178,2,1,0,0,2305843009213693967:175;2305843009213693973:3,Symbolica_default,cached_powers_Q,59,52,0.597,BalancedZippelSeparated
fire7_nb0_rank0844,Automatic,1,ok,1364.585,166,2,1,0,0,2305843009213693967:163;2305843009213693973:3,Symbolica_default,cached_powers_Q,83,15,0.517,BalancedZippelSeparated
fire7_nb0_rank0845,Automatic,1,ok,1278.565,226,2,1,0,0,2305843009213693967:223;2305843009213693973:3,Symbolica_default,cached_powers_Q,76,28,0.556,BalancedZippelSeparated
fire7_nb0_rank0846,Automatic,1,ok,941.574,176,2,1,0,0,2305843009213693967:173;2305843009213693973:3,Symbolica_default,cached_powers_Q,77,27,0.536,BalancedZippelSeparated
fire7_nb0_rank0847,Automatic,1,ok,1112.195,157,2,1,0,0,2305843009213693967:154;2305843009213693973:3,Symbolica_default,cached_powers_Q,72,28,0.537,BalancedZippelSeparated
fire7_nb0_rank0848,Automatic,1,ok,1190.285,159,2,1,0,0,2305843009213693967:156;2305843009213693973:3,Symbolica_default,cached_powers_Q,60,36,0.968,BalancedZippelSeparated
fire7_nb0_rank0849,Automatic,1,ok,1282.315,227,2,1,0,0,2305843009213693967:224;2305843009213693973:3,Symbolica_default,cached_powers_Q,60,51,0.686,BalancedZippelSeparated
fire7_nb0_rank0850,Automatic,1,ok,1178.976,202,2,1,0,0,2305843009213693967:199;2305843009213693973:3,Symbolica_default,cached_powers_Q,69,45,0.672,BalancedZippelSeparated
fire7_nb0_rank0851,Automatic,1,ok,1002.695,198,2,1,0,0,2305843009213693967:195;2305843009213693973:3,Symbolica_default,cached_powers_Q,77,24,0.630,BalancedZippelSeparated
fire7_nb0_rank0852,Automatic,1,ok,1588.716,314,2,1,0,0,2305843009213693967:311;2305843009213693973:3,Symbolica_default,cached_powers_Q,72,36,0.736,BalancedZippelSeparated
fire7_nb0_rank0853,Automatic,1,ok,1060.344,165,2,1,0,0,2305843009213693967:162;2305843009213693973:3,Symbolica_default,cached_powers_Q,54,48,0.446,BalancedZippelSeparated
fire7_nb0_rank0854,Automatic,1,ok,767.403,138,2,1,0,0,2305843009213693967:135;2305843009213693973:3,Symbolica_default,cached_powers_Q,68,25,0.669,BalancedZippelSeparated
fire7_nb0_rank0855,Automatic,1,ok,1193.845,185,2,1,0,0,2305843009213693967:182;2305843009213693973:3,Symbolica_default,cached_powers_Q,85,18,0.547,BalancedZippelSeparated
fire7_nb0_rank0856,Automatic,1,ok,993.454,155,2,1,0,0,2305843009213693967:152;2305843009213693973:3,Symbolica_default,cached_powers_Q,77,15,0.496,BalancedZippelSeparated
fire7_nb0_rank0857,Automatic,1,ok,1248.316,169,2,1,0,0,2305843009213693967:166;2305843009213693973:3,Symbolica_default,cached_powers_Q,72,28,0.600,BalancedZippelSeparated
fire7_nb0_rank0858,Automatic,1,ok,1049.074,131,2,1,0,0,2305843009213693967:128;2305843009213693973:3,Symbolica_default,cached_powers_Q,63,35,0.665,BalancedZippelSeparated
fire7_nb0_rank0859,Automatic,1,ok,1376.655,119,2,1,0,0,2305843009213693967:116;2305843009213693973:3,Symbolica_default,cached_powers_Q,32,60,0.846,BalancedZippelSeparated
fire7_nb0_rank0860,Automatic,1,ok,1153.674,151,2,1,0,0,2305843009213693967:148;2305843009213693973:3,Symbolica_default,cached_powers_Q,72,20,0.609,BalancedZippelSeparated
fire7_nb0_rank0861,Automatic,1,ok,898.814,161,2,1,0,0,2305843009213693967:158;2305843009213693973:3,Symbolica_default,cached_powers_Q,72,24,0.616,BalancedZippelSeparated
fire7_nb0_rank0862,Automatic,1,ok,1242.335,226,2,1,0,0,2305843009213693967:223;2305843009213693973:3,Symbolica_default,cached_powers_Q,80,18,0.690,BalancedZippelSeparated
fire7_nb0_rank0863,Automatic,1,ok,778.763,137,2,1,0,0,2305843009213693967:134;2305843009213693973:3,Symbolica_default,cached_powers_Q,72,24,0.821,BalancedZippelSeparated
fire7_nb0_rank0864,Automatic,1,ok,1244.655,228,2,1,0,0,2305843009213693967:225;2305843009213693973:3,Symbolica_default,cached_powers_Q,72,39,0.598,BalancedZippelSeparated
fire7_nb0_rank0865,Automatic,1,ok,1063.755,192,2,1,0,0,2305843009213693967:189;2305843009213693973:3,Symbolica_default,cached_powers_Q,64,39,0.457,BalancedZippelSeparated
fire7_nb0_rank0866,Automatic,1,ok,1048.584,172,2,1,0,0,2305843009213693967:169;2305843009213693973:3,Symbolica_default,cached_powers_Q,72,21,0.667,BalancedZippelSeparated
fire7_nb0_rank0867,Automatic,1,ok,1157.825,202,2,1,0,0,2305843009213693967:199;2305843009213693973:3,Symbolica_default,cached_powers_Q,68,45,0.486,BalancedZippelSeparated
fire7_nb0_rank0868,Automatic,1,ok,995.664,166,2,1,0,0,2305843009213693967:163;2305843009213693973:3,Symbolica_default,cached_powers_Q,42,56,0.456,BalancedZippelSeparated
fire7_nb0_rank0869,Automatic,1,ok,21464.837,193,2,1,0,0,2305843009213693967:190;2305843009213693973:3,Symbolica_default,cached_powers_Q,74,28,0.651,BalancedZippelSeparated
fire7_nb0_rank0870,Automatic,1,ok,1033.074,143,2,1,0,0,2305843009213693967:140;2305843009213693973:3,Symbolica_default,cached_powers_Q,67,24,0.573,BalancedZippelSeparated
fire7_nb0_rank0871,Automatic,1,ok,1122.595,193,2,1,0,0,2305843009213693967:190;2305843009213693973:3,Symbolica_default,cached_powers_Q,70,36,0.456,BalancedZippelSeparated
fire7_nb0_rank0872,Automatic,1,ok,1259.245,168,2,1,0,0,2305843009213693967:165;2305843009213693973:3,Symbolica_default,cached_powers_Q,84,15,0.561,BalancedZippelSeparated
fire7_nb0_rank0873,Automatic,1,ok,1236.405,136,2,1,0,0,2305843009213693967:133;2305843009213693973:3,Symbolica_default,cached_powers_Q,56,35,0.807,BalancedZippelSeparated
fire7_nb0_rank0874,Automatic,1,ok,1175.365,182,2,1,0,0,2305843009213693967:179;2305843009213693973:3,Symbolica_default,cached_powers_Q,69,36,1.163,BalancedZippelSeparated
fire7_nb0_rank0875,Automatic,1,ok,1118.514,172,2,1,0,0,2305843009213693967:169;2305843009213693973:3,Symbolica_default,cached_powers_Q,72,27,0.543,BalancedZippelSeparated
fire7_nb0_rank0876,Automatic,1,ok,1122.485,182,2,1,0,0,2305843009213693967:179;2305843009213693973:3,Symbolica_default,cached_powers_Q,69,36,0.440,BalancedZippelSeparated
fire7_nb0_rank0877,Automatic,1,ok,905.783,172,2,1,0,0,2305843009213693967:169;2305843009213693973:3,Symbolica_default,cached_powers_Q,37,60,0.558,BalancedZippelSeparated
fire7_nb0_rank0878,Automatic,1,ok,1044.395,148,2,1,0,0,2305843009213693967:145;2305843009213693973:3,Symbolica_default,cached_powers_Q,28,70,0.583,BalancedZippelSeparated
fire7_nb0_rank0879,Automatic,1,ok,1069.575,148,2,1,0,0,2305843009213693967:145;2305843009213693973:3,Symbolica_default,cached_powers_Q,28,70,0.532,BalancedZippelSeparated
fire7_nb0_rank0880,Automatic,1,ok,839.203,152,2,1,0,0,2305843009213693967:149;2305843009213693973:3,Symbolica_default,cached_powers_Q,65,28,0.807,BalancedZippelSeparated
fire7_nb0_rank0881,Automatic,1,ok,16990.380,155,2,1,0,0,2305843009213693967:152;2305843009213693973:3,Symbolica_default,cached_powers_Q,69,20,0.708,BalancedZippelSeparated
fire7_nb0_rank0882,Automatic,1,ok,1657.857,230,2,1,0,0,2305843009213693967:227;2305843009213693973:3,Symbolica_default,cached_powers_Q,68,33,0.886,BalancedZippelSeparated
fire7_nb0_rank0883,Automatic,1,ok,1348.826,154,2,1,0,0,2305843009213693967:151;2305843009213693973:3,Symbolica_default,cached_powers_Q,20,90,1.056,BalancedZippelSeparated
fire7_nb0_rank0884,Automatic,1,ok,1286.225,205,2,1,0,0,2305843009213693967:202;2305843009213693973:3,Symbolica_default,cached_powers_Q,68,36,0.523,BalancedZippelSeparated
fire7_nb0_rank0885,Automatic,1,ok,881.624,144,2,1,0,0,2305843009213693967:141;2305843009213693973:3,Symbolica_default,cached_powers_Q,63,28,0.787,BalancedZippelSeparated
fire7_nb0_rank0886,Automatic,1,ok,1102.544,187,2,1,0,0,2305843009213693967:184;2305843009213693973:3,Symbolica_default,cached_powers_Q,65,36,0.457,BalancedZippelSeparated
fire7_nb0_rank0887,Automatic,1,ok,989.234,185,2,1,0,0,2305843009213693967:182;2305843009213693973:3,Symbolica_default,cached_powers_Q,70,32,0.467,BalancedZippelSeparated
fire7_nb0_rank0888,Automatic,1,ok,1023.204,189,2,1,0,0,2305843009213693967:186;2305843009213693973:3,Symbolica_default,cached_powers_Q,60,39,0.566,BalancedZippelSeparated
fire7_nb0_rank0889,Automatic,1,ok,1184.324,188,2,1,0,0,2305843009213693967:185;2305843009213693973:3,Symbolica_default,cached_powers_Q,60,39,0.449,BalancedZippelSeparated
fire7_nb0_rank0890,Automatic,1,ok,859.544,158,2,1,0,0,2305843009213693967:155;2305843009213693973:3,Symbolica_default,cached_powers_Q,48,48,0.428,BalancedZippelSeparated
fire7_nb0_rank0891,Automatic,1,ok,763.063,145,2,1,0,0,2305843009213693967:142;2305843009213693973:3,Symbolica_default,cached_powers_Q,54,45,0.780,BalancedZippelSeparated
fire7_nb0_rank0892,Automatic,1,ok,1015.174,162,2,1,0,0,2305843009213693967:159;2305843009213693973:3,Symbolica_default,cached_powers_Q,66,28,0.851,BalancedZippelSeparated
fire7_nb0_rank0893,Automatic,1,ok,932.744,160,2,1,0,0,2305843009213693967:157;2305843009213693973:3,Symbolica_default,cached_powers_Q,66,27,0.725,BalancedZippelSeparated
fire7_nb0_rank0894,Automatic,1,ok,1362.705,192,2,1,0,0,2305843009213693967:189;2305843009213693973:3,Symbolica_default,cached_powers_Q,64,39,0.992,BalancedZippelSeparated
fire7_nb0_rank0895,Automatic,1,ok,1250.765,153,2,1,0,0,2305843009213693967:150;2305843009213693973:3,Symbolica_default,cached_powers_Q,66,28,0.689,BalancedZippelSeparated
fire7_nb0_rank0896,Automatic,1,ok,1302.036,135,2,1,0,0,2305843009213693967:132;2305843009213693973:3,Symbolica_default,cached_powers_Q,6,100,0.966,BalancedZippelSeparated
fire7_nb0_rank0897,Automatic,1,ok,1031.004,134,2,1,0,0,2305843009213693967:131;2305843009213693973:3,Symbolica_default,cached_powers_Q,6,100,0.718,BalancedZippelSeparated
fire7_nb0_rank0898,Automatic,1,ok,1177.355,184,2,1,0,0,2305843009213693967:181;2305843009213693973:3,Symbolica_default,cached_powers_Q,72,27,0.648,BalancedZippelSeparated
fire7_nb0_rank0899,Automatic,1,ok,942.514,206,2,1,0,0,2305843009213693967:203;2305843009213693973:3,Symbolica_default,cached_powers_Q,70,27,0.561,BalancedZippelSeparated
fire7_nb0_rank0900,Automatic,1,ok,808.733,148,2,1,0,0,2305843009213693967:145;2305843009213693973:3,Symbolica_default,cached_powers_Q,65,28,0.837,BalancedZippelSeparated
fire7_nb0_rank0901,Automatic,1,ok,837.843,144,2,1,0,0,2305843009213693967:141;2305843009213693973:3,Symbolica_default,cached_powers_Q,63,28,0.852,BalancedZippelSeparated
fire7_nb0_rank0902,Automatic,1,ok,984.494,187,2,1,0,0,2305843009213693967:184;2305843009213693973:3,Symbolica_default,cached_powers_Q,65,36,0.590,BalancedZippelSeparated
fire7_nb0_rank0903,Automatic,1,ok,840.754,174,2,1,0,0,2305843009213693967:171;2305843009213693973:3,Symbolica_default,cached_powers_Q,69,28,0.767,BalancedZippelSeparated
fire7_nb0_rank0904,Automatic,1,ok,969.804,187,2,1,0,0,2305843009213693967:184;2305843009213693973:3,Symbolica_default,cached_powers_Q,65,36,0.589,BalancedZippelSeparated
fire7_nb0_rank0905,Automatic,1,ok,918.944,173,2,1,0,0,2305843009213693967:170;2305843009213693973:3,Symbolica_default,cached_powers_Q,65,36,0.596,BalancedZippelSeparated
fire7_nb0_rank0906,Automatic,1,ok,956.304,195,2,1,0,0,2305843009213693967:192;2305843009213693973:3,Symbolica_default,cached_powers_Q,70,36,0.617,BalancedZippelSeparated
fire7_nb0_rank0907,Automatic,1,ok,1360.445,187,2,1,0,0,2305843009213693967:184;2305843009213693973:3,Symbolica_default,cached_powers_Q,54,42,0.779,BalancedZippelSeparated
fire7_nb0_rank0908,Automatic,1,ok,1195.165,175,2,1,0,0,2305843009213693967:172;2305843009213693973:3,Symbolica_default,cached_powers_Q,70,25,0.959,BalancedZippelSeparated
fire7_nb0_rank0909,Automatic,1,ok,1021.725,152,2,1,0,0,2305843009213693967:149;2305843009213693973:3,Symbolica_default,cached_powers_Q,77,10,0.553,BalancedZippelSeparated
fire7_nb0_rank0910,Automatic,1,ok,1242.535,234,2,1,0,0,2305843009213693967:231;2305843009213693973:3,Symbolica_default,cached_powers_Q,36,66,0.597,BalancedZippelSeparated
fire7_nb0_rank0911,Automatic,1,ok,1245.415,234,2,1,0,0,2305843009213693967:231;2305843009213693973:3,Symbolica_default,cached_powers_Q,36,66,0.556,BalancedZippelSeparated
fire7_nb0_rank0912,Automatic,1,ok,877.214,146,2,1,0,0,2305843009213693967:143;2305843009213693973:3,Symbolica_default,cached_powers_Q,77,15,0.671,BalancedZippelSeparated
fire7_nb0_rank0913,Automatic,1,ok,1003.984,165,2,1,0,0,2305843009213693967:162;2305843009213693973:3,Symbolica_default,cached_powers_Q,54,48,0.477,BalancedZippelSeparated
fire7_nb0_rank0914,Automatic,1,ok,897.624,143,2,1,0,0,2305843009213693967:140;2305843009213693973:3,Symbolica_default,cached_powers_Q,35,60,0.534,BalancedZippelSeparated
fire7_nb0_rank0915,Automatic,1,ok,1015.893,163,2,1,0,0,2305843009213693967:160;2305843009213693973:3,Symbolica_default,cached_powers_Q,30,75,0.678,BalancedZippelSeparated
fire7_nb0_rank0916,Automatic,1,ok,1052.395,193,2,1,0,0,2305843009213693967:190;2305843009213693973:3,Symbolica_default,cached_powers_Q,70,27,0.446,BalancedZippelSeparated
fire7_nb0_rank0917,Automatic,1,ok,16744.119,244,2,1,0,0,2305843009213693967:241;2305843009213693973:3,Symbolica_default,cached_powers_Q,70,30,0.812,BalancedZippelSeparated
fire7_nb0_rank0918,Automatic,1,ok,1373.685,163,2,1,0,0,2305843009213693967:160;2305843009213693973:3,Symbolica_default,cached_powers_Q,30,75,1.087,BalancedZippelSeparated
fire7_nb0_rank0919,Automatic,1,ok,5385.262,248,2,1,0,0,2305843009213693967:245;2305843009213693973:3,Symbolica_default,cached_powers_Q,68,36,0.548,BalancedZippelSeparated
fire7_nb0_rank0920,Automatic,1,ok,4980.110,157,2,1,0,0,2305843009213693967:154;2305843009213693973:3,Symbolica_default,cached_powers_Q,78,12,0.738,BalancedZippelSeparated
fire7_nb0_rank0921,Automatic,1,ok,1213.765,132,2,1,0,0,2305843009213693967:129;2305843009213693973:3,Symbolica_default,cached_powers_Q,42,54,0.833,BalancedZippelSeparated
fire7_nb0_rank0922,Automatic,1,ok,1001.354,159,2,1,0,0,2305843009213693967:156;2305843009213693973:3,Symbolica_default,cached_powers_Q,72,15,0.594,BalancedZippelSeparated
fire7_nb0_rank0923,Automatic,1,ok,1039.784,173,2,1,0,0,2305843009213693967:170;2305843009213693973:3,Symbolica_default,cached_powers_Q,64,33,0.694,BalancedZippelSeparated
fire7_nb0_rank0924,Automatic,1,ok,1271.335,179,2,1,0,0,2305843009213693967:176;2305843009213693973:3,Symbolica_default,cached_powers_Q,70,27,0.929,BalancedZippelSeparated
fire7_nb0_rank0925,Automatic,1,ok,955.874,143,2,1,0,0,2305843009213693967:140;2305843009213693973:3,Symbolica_default,cached_powers_Q,72,20,0.775,BalancedZippelSeparated
fire7_nb0_rank0926,Automatic,1,ok,1232.376,139,2,1,0,0,2305843009213693967:136;2305843009213693973:3,Symbolica_default,cached_powers_Q,35,60,1.105,BalancedZippelSeparated
fire7_nb0_rank0927,Automatic,1,ok,982.514,139,2,1,0,0,2305843009213693967:136;2305843009213693973:3,Symbolica_default,cached_powers_Q,35,60,0.642,BalancedZippelSeparated
fire7_nb0_rank0928,Automatic,1,ok,1267.435,171,2,1,0,0,2305843009213693967:168;2305843009213693973:3,Symbolica_default,cached_powers_Q,64,33,0.974,BalancedZippelSeparated
fire7_nb0_rank0929,Automatic,1,ok,1349.226,169,2,1,0,0,2305843009213693967:166;2305843009213693973:3,Symbolica_default,cached_powers_Q,70,28,0.709,BalancedZippelSeparated
fire7_nb0_rank0930,Automatic,1,ok,1404.016,199,2,1,0,0,2305843009213693967:196;2305843009213693973:3,Symbolica_default,cached_powers_Q,72,27,0.748,BalancedZippelSeparated
fire7_nb0_rank0931,Automatic,1,ok,1237.945,167,2,1,0,0,2305843009213693967:164;2305843009213693973:3,Symbolica_default,cached_powers_Q,61,28,0.619,BalancedZippelSeparated
fire7_nb0_rank0932,Automatic,1,ok,877.344,163,2,1,0,0,2305843009213693967:160;2305843009213693973:3,Symbolica_default,cached_powers_Q,65,25,0.711,BalancedZippelSeparated
fire7_nb0_rank0933,Automatic,1,ok,924.454,163,2,1,0,0,2305843009213693967:160;2305843009213693973:3,Symbolica_default,cached_powers_Q,30,75,0.556,BalancedZippelSeparated
fire7_nb0_rank0934,Automatic,1,ok,1137.155,182,2,1,0,0,2305843009213693967:179;2305843009213693973:3,Symbolica_default,cached_powers_Q,65,36,0.651,BalancedZippelSeparated
fire7_nb0_rank0935,Automatic,1,ok,1249.465,139,2,1,0,0,2305843009213693967:136;2305843009213693973:3,Symbolica_default,cached_powers_Q,34,60,0.985,BalancedZippelSeparated
fire7_nb0_rank0936,Automatic,1,ok,1307.906,188,2,1,0,0,2305843009213693967:185;2305843009213693973:3,Symbolica_default,cached_powers_Q,64,36,0.865,BalancedZippelSeparated
fire7_nb0_rank0937,Automatic,1,ok,1012.085,139,2,1,0,0,2305843009213693967:136;2305843009213693973:3,Symbolica_default,cached_powers_Q,63,24,0.529,BalancedZippelSeparated
fire7_nb0_rank0938,Automatic,1,ok,1328.405,230,2,1,0,0,2305843009213693967:227;2305843009213693973:3,Symbolica_default,cached_powers_Q,80,26,0.758,BalancedZippelSeparated
fire7_nb0_rank0939,Automatic,1,ok,862.164,159,2,1,0,0,2305843009213693967:156;2305843009213693973:3,Symbolica_default,cached_powers_Q,72,18,0.496,BalancedZippelSeparated
fire7_nb0_rank0940,Automatic,1,ok,999.604,127,2,1,0,0,2305843009213693967:124;2305843009213693973:3,Symbolica_default,cached_powers_Q,63,25,0.542,BalancedZippelSeparated
fire7_nb0_rank0941,Automatic,1,ok,890.344,179,2,1,0,0,2305843009213693967:176;2305843009213693973:3,Symbolica_default,cached_powers_Q,70,27,0.593,BalancedZippelSeparated
fire7_nb0_rank0942,Automatic,1,ok,983.424,157,2,1,0,0,2305843009213693967:154;2305843009213693973:3,Symbolica_default,cached_powers_Q,65,28,0.714,BalancedZippelSeparated
fire7_nb0_rank0943,Automatic,1,ok,1085.984,195,2,1,0,0,2305843009213693967:192;2305843009213693973:3,Symbolica_default,cached_powers_Q,70,27,0.437,BalancedZippelSeparated
fire7_nb0_rank0944,Automatic,1,ok,1400.565,204,2,1,0,0,2305843009213693967:201;2305843009213693973:3,Symbolica_default,cached_powers_Q,72,20,1.000,BalancedZippelSeparated
fire7_nb0_rank0945,Automatic,1,ok,1447.276,136,2,1,0,0,2305843009213693967:133;2305843009213693973:3,Symbolica_default,cached_powers_Q,54,35,0.811,BalancedZippelSeparated
fire7_nb0_rank0946,Automatic,1,ok,1034.494,193,2,1,0,0,2305843009213693967:190;2305843009213693973:3,Symbolica_default,cached_powers_Q,71,20,0.790,BalancedZippelSeparated
fire7_nb0_rank0947,Automatic,1,ok,1084.204,117,2,1,0,0,2305843009213693967:114;2305843009213693973:3,Symbolica_default,cached_powers_Q,49,35,1.019,BalancedZippelSeparated
fire7_nb0_rank0948,Automatic,1,ok,1259.096,181,2,1,0,0,2305843009213693967:178;2305843009213693973:3,Symbolica_default,cached_powers_Q,55,36,0.645,BalancedZippelSeparated
fire7_nb0_rank0949,Automatic,1,ok,858.133,189,2,1,0,0,2305843009213693967:186;2305843009213693973:3,Symbolica_default,cached_powers_Q,65,27,0.694,BalancedZippelSeparated
fire7_nb0_rank0950,Automatic,1,ok,1014.964,133,2,1,0,0,2305843009213693967:130;2305843009213693973:3,Symbolica_default,cached_powers_Q,68,15,0.940,BalancedZippelSeparated
fire7_nb0_rank0951,Automatic,1,ok,24210.789,229,2,1,0,0,2305843009213693967:226;2305843009213693973:3,Symbolica_default,cached_powers_Q,74,30,0.651,BalancedZippelSeparated
fire7_nb0_rank0952,Automatic,1,ok,968.944,162,2,1,0,0,2305843009213693967:159;2305843009213693973:3,Symbolica_default,cached_powers_Q,70,20,0.751,BalancedZippelSeparated
fire7_nb0_rank0953,Automatic,1,ok,939.754,177,2,1,0,0,2305843009213693967:174;2305843009213693973:3,Symbolica_default,cached_powers_Q,70,24,0.673,BalancedZippelSeparated
fire7_nb0_rank0954,Automatic,1,ok,895.074,144,2,1,0,0,2305843009213693967:141;2305843009213693973:3,Symbolica_default,cached_powers_Q,72,15,0.778,BalancedZippelSeparated
fire7_nb0_rank0955,Automatic,1,ok,1268.395,194,2,1,0,0,2305843009213693967:191;2305843009213693973:3,Symbolica_default,cached_powers_Q,85,10,0.921,BalancedZippelSeparated
fire7_nb0_rank0956,Automatic,1,ok,1353.626,209,2,1,0,0,2305843009213693967:206;2305843009213693973:3,Symbolica_default,cached_powers_Q,79,20,0.592,BalancedZippelSeparated
fire7_nb0_rank0957,Automatic,1,ok,932.773,169,2,1,0,0,2305843009213693967:166;2305843009213693973:3,Symbolica_default,cached_powers_Q,65,27,0.503,BalancedZippelSeparated
fire7_nb0_rank0958,Automatic,1,ok,851.593,128,2,1,0,0,2305843009213693967:125;2305843009213693973:3,Symbolica_default,cached_powers_Q,42,48,0.496,BalancedZippelSeparated
fire7_nb0_rank0959,Automatic,1,ok,1086.374,141,2,1,0,0,2305843009213693967:138;2305843009213693973:3,Symbolica_default,cached_powers_Q,66,15,0.965,BalancedZippelSeparated
fire7_nb0_rank0960,Automatic,1,ok,1014.414,194,2,1,0,0,2305843009213693967:191;2305843009213693973:3,Symbolica_default,cached_powers_Q,72,20,0.743,BalancedZippelSeparated
fire7_nb0_rank0961,Automatic,1,ok,877.483,134,2,1,0,0,2305843009213693967:131;2305843009213693973:3,Symbolica_default,cached_powers_Q,7,90,0.473,BalancedZippelSeparated
fire7_nb0_rank0962,Automatic,1,ok,990.354,184,2,1,0,0,2305843009213693967:181;2305843009213693973:3,Symbolica_default,cached_powers_Q,65,27,0.489,BalancedZippelSeparated
fire7_nb0_rank0963,Automatic,1,ok,1094.055,201,2,1,0,0,2305843009213693967:198;2305843009213693973:3,Symbolica_default,cached_powers_Q,55,42,0.508,BalancedZippelSeparated
fire7_nb0_rank0964,Automatic,1,ok,1261.735,201,2,1,0,0,2305843009213693967:198;2305843009213693973:3,Symbolica_default,cached_powers_Q,55,42,0.527,BalancedZippelSeparated
fire7_nb0_rank0965,Automatic,1,ok,890.574,159,2,1,0,0,2305843009213693967:156;2305843009213693973:3,Symbolica_default,cached_powers_Q,60,27,0.476,BalancedZippelSeparated
fire7_nb0_rank0966,Automatic,1,ok,701.893,127,2,1,0,0,2305843009213693967:124;2305843009213693973:3,Symbolica_default,cached_powers_Q,60,20,0.553,BalancedZippelSeparated
fire7_nb0_rank0967,Automatic,1,ok,853.874,170,2,1,0,0,2305843009213693967:167;2305843009213693973:3,Symbolica_default,cached_powers_Q,60,27,0.466,BalancedZippelSeparated
fire7_nb0_rank0968,Automatic,1,ok,907.594,199,2,1,0,0,2305843009213693967:196;2305843009213693973:3,Symbolica_default,cached_powers_Q,50,45,0.485,BalancedZippelSeparated
fire7_nb0_rank0969,Automatic,1,ok,1029.824,160,2,1,0,0,2305843009213693967:157;2305843009213693973:3,Symbolica_default,cached_powers_Q,55,30,0.447,BalancedZippelSeparated
fire7_nb0_rank0970,Automatic,1,ok,987.824,153,2,1,0,0,2305843009213693967:150;2305843009213693973:3,Symbolica_default,cached_powers_Q,72,18,0.500,BalancedZippelSeparated
fire7_nb0_rank0971,Automatic,1,ok,931.074,198,2,1,0,0,2305843009213693967:195;2305843009213693973:3,Symbolica_default,cached_powers_Q,64,27,0.544,BalancedZippelSeparated
fire7_nb0_rank0972,Automatic,1,ok,972.624,155,2,1,0,0,2305843009213693967:152;2305843009213693973:3,Symbolica_default,cached_powers_Q,59,27,0.409,BalancedZippelSeparated
fire7_nb0_rank0973,Automatic,1,ok,796.843,125,2,1,0,0,2305843009213693967:122;2305843009213693973:3,Symbolica_default,cached_powers_Q,54,25,0.473,BalancedZippelSeparated
fire7_nb0_rank0974,Automatic,1,ok,1138.375,200,2,1,0,0,2305843009213693967:197;2305843009213693973:3,Symbolica_default,cached_powers_Q,50,45,0.417,BalancedZippelSeparated
fire7_nb0_rank0975,Automatic,1,ok,1057.464,199,2,1,0,0,2305843009213693967:196;2305843009213693973:3,Symbolica_default,cached_powers_Q,50,45,0.452,BalancedZippelSeparated
fire7_nb0_rank0976,Automatic,1,ok,909.514,147,2,1,0,0,2305843009213693967:144;2305843009213693973:3,Symbolica_default,cached_powers_Q,52,36,0.687,BalancedZippelSeparated
fire7_nb0_rank0977,Automatic,1,ok,922.854,165,2,1,0,0,2305843009213693967:162;2305843009213693973:3,Symbolica_default,cached_powers_Q,65,24,0.516,BalancedZippelSeparated
fire7_nb0_rank0978,Automatic,1,ok,934.943,141,2,1,0,0,2305843009213693967:138;2305843009213693973:3,Symbolica_default,cached_powers_Q,71,15,0.736,BalancedZippelSeparated
fire7_nb0_rank0979,Automatic,1,ok,780.383,126,2,1,0,0,2305843009213693967:123;2305843009213693973:3,Symbolica_default,cached_powers_Q,41,45,0.663,BalancedZippelSeparated
fire7_nb0_rank0980,Automatic,1,ok,1498.186,215,2,1,0,0,2305843009213693967:212;2305843009213693973:3,Symbolica_default,cached_powers_Q,60,30,0.620,BalancedZippelSeparated
fire7_nb0_rank0981,Automatic,1,ok,20363.763,272,2,1,0,0,2305843009213693967:269;2305843009213693973:3,Symbolica_default,cached_powers_Q,73,21,0.978,BalancedZippelSeparated
fire7_nb0_rank0982,Automatic,1,ok,953.115,169,2,1,0,0,2305843009213693967:166;2305843009213693973:3,Symbolica_default,cached_powers_Q,56,32,0.511,BalancedZippelSeparated
fire7_nb0_rank0983,Automatic,1,ok,1045.484,157,2,1,0,0,2305843009213693967:154;2305843009213693973:3,Symbolica_default,cached_powers_Q,65,21,0.822,BalancedZippelSeparated
fire7_nb0_rank0984,Automatic,1,ok,1041.334,129,2,1,0,0,2305843009213693967:126;2305843009213693973:3,Symbolica_default,cached_powers_Q,66,15,0.559,BalancedZippelSeparated
fire7_nb0_rank0985,Automatic,1,ok,853.223,136,2,1,0,0,2305843009213693967:133;2305843009213693973:3,Symbolica_default,cached_powers_Q,42,50,0.497,BalancedZippelSeparated
fire7_nb0_rank0986,Automatic,1,ok,1188.214,147,2,1,0,0,2305843009213693967:144;2305843009213693973:3,Symbolica_default,cached_powers_Q,30,56,0.660,BalancedZippelSeparated
fire7_nb0_rank0987,Automatic,1,ok,1195.675,138,2,1,0,0,2305843009213693967:135;2305843009213693973:3,Symbolica_default,cached_powers_Q,54,28,1.014,BalancedZippelSeparated
fire7_nb0_rank0988,Automatic,1,ok,816.334,171,2,1,0,0,2305843009213693967:168;2305843009213693973:3,Symbolica_default,cached_powers_Q,57,33,0.528,BalancedZippelSeparated
fire7_nb0_rank0989,Automatic,1,ok,1146.075,124,2,1,0,0,2305843009213693967:121;2305843009213693973:3,Symbolica_default,cached_powers_Q,61,20,0.976,BalancedZippelSeparated
fire7_nb0_rank0990,Automatic,1,ok,1476.906,202,2,1,0,0,2305843009213693967:199;2305843009213693973:3,Symbolica_default,cached_powers_Q,70,20,1.034,BalancedZippelSeparated
fire7_nb0_rank0991,Automatic,1,ok,1269.705,214,2,1,0,0,2305843009213693967:211;2305843009213693973:3,Symbolica_default,cached_powers_Q,67,30,0.824,BalancedZippelSeparated
fire7_nb0_rank0992,Automatic,1,ok,1125.055,151,2,1,0,0,2305843009213693967:148;2305843009213693973:3,Symbolica_default,cached_powers_Q,69,12,0.949,BalancedZippelSeparated
fire7_nb0_rank0993,Automatic,1,ok,989.194,179,2,1,0,0,2305843009213693967:176;2305843009213693973:3,Symbolica_default,cached_powers_Q,60,27,0.491,BalancedZippelSeparated
fire7_nb0_rank0994,Automatic,1,ok,1123.975,134,2,1,0,0,2305843009213693967:131;2305843009213693973:3,Symbolica_default,cached_powers_Q,48,36,0.876,BalancedZippelSeparated
fire7_nb0_rank0995,Automatic,1,ok,1069.984,186,2,1,0,0,2305843009213693967:183;2305843009213693973:3,Symbolica_default,cached_powers_Q,56,39,0.486,BalancedZippelSeparated
fire7_nb0_rank0996,Automatic,1,ok,1107.585,134,2,1,0,0,2305843009213693967:131;2305843009213693973:3,Symbolica_default,cached_powers_Q,48,36,0.692,BalancedZippelSeparated
fire7_nb0_rank0997,Automatic,1,ok,952.984,167,2,1,0,0,2305843009213693967:164;2305843009213693973:3,Symbolica_default,cached_powers_Q,50,39,0.494,BalancedZippelSeparated
fire7_nb0_rank0998,Automatic,1,ok,1264.695,158,2,1,0,0,2305843009213693967:155;2305843009213693973:3,Symbolica_default,cached_powers_Q,50,39,0.877,BalancedZippelSeparated
fire7_nb0_rank0999,Automatic,1,ok,970.984,170,2,1,0,0,2305843009213693967:167;2305843009213693973:3,Symbolica_default,cached_powers_Q,70,15,0.777,BalancedZippelSeparated
fire7_nb0_rank1000,Automatic,1,ok,1296.935,130,2,1,0,0,2305843009213693967:127;2305843009213693973:3,Symbolica_default,cached_powers_Q,63,15,0.752,BalancedZippelSeparated
fire7_nb0_rank1001,Automatic,1,ok,916.274,149,2,1,0,0,2305843009213693967:146;2305843009213693973:3,Symbolica_default,cached_powers_Q,54,27,0.489,BalancedZippelSeparated
fire7_nb0_rank1002,Automatic,1,ok,1097.824,211,2,1,0,0,2305843009213693967:208;2305843009213693973:3,Symbolica_default,cached_powers_Q,56,36,0.527,BalancedZippelSeparated
fire7_nb0_rank1003,Automatic,1,ok,1386.856,145,2,1,0,0,2305843009213693967:142;2305843009213693973:3,Symbolica_default,cached_powers_Q,59,27,1.072,BalancedZippelSeparated
fire7_nb0_rank1004,Automatic,1,ok,1090.814,113,2,1,0,0,2305843009213693967:110;2305843009213693973:3,Symbolica_default,cached_powers_Q,35,45,0.999,BalancedZippelSeparated
fire7_nb0_rank1005,Automatic,1,ok,842.064,156,2,1,0,0,2305843009213693967:153;2305843009213693973:3,Symbolica_default,cached_powers_Q,65,15,0.510,BalancedZippelSeparated
fire7_nb0_rank1006,Automatic,1,ok,908.714,136,2,1,0,0,2305843009213693967:133;2305843009213693973:3,Symbolica_default,cached_powers_Q,54,28,0.542,BalancedZippelSeparated
fire7_nb0_rank1007,Automatic,1,ok,800.303,126,2,1,0,0,2305843009213693967:123;2305843009213693973:3,Symbolica_default,cached_powers_Q,21,60,0.500,BalancedZippelSeparated
fire7_nb0_rank1008,Automatic,1,ok,1143.135,227,2,1,0,0,2305843009213693967:224;2305843009213693973:3,Symbolica_default,cached_powers_Q,68,26,0.541,BalancedZippelSeparated
fire7_nb0_rank1009,Automatic,1,ok,754.273,139,2,1,0,0,2305843009213693967:136;2305843009213693973:3,Symbolica_default,cached_powers_Q,48,36,0.559,BalancedZippelSeparated
fire7_nb0_rank1010,Automatic,1,ok,925.064,130,2,1,0,0,2305843009213693967:127;2305843009213693973:3,Symbolica_default,cached_powers_Q,63,20,0.468,BalancedZippelSeparated
fire7_nb0_rank1011,Automatic,1,ok,781.513,121,2,1,0,0,2305843009213693967:118;2305843009213693973:3,Symbolica_default,cached_powers_Q,54,20,0.452,BalancedZippelSeparated
fire7_nb0_rank1012,Automatic,1,ok,1120.035,140,2,1,0,0,2305843009213693967:137;2305843009213693973:3,Symbolica_default,cached_powers_Q,60,24,0.778,BalancedZippelSeparated
fire7_nb0_rank1013,Automatic,1,ok,812.203,134,2,1,0,0,2305843009213693967:131;2305843009213693973:3,Symbolica_default,cached_powers_Q,48,32,1.034,BalancedZippelSeparated
fire7_nb0_rank1014,Automatic,1,ok,1126.155,119,2,1,0,0,2305843009213693967:116;2305843009213693973:3,Symbolica_default,cached_powers_Q,54,28,0.785,BalancedZippelSeparated
fire7_nb0_rank1015,Automatic,1,ok,1336.555,172,2,1,0,0,2305843009213693967:169;2305843009213693973:3,Symbolica_default,cached_powers_Q,64,21,1.005,BalancedZippelSeparated
fire7_nb0_rank1016,Automatic,1,ok,942.794,126,2,1,0,0,2305843009213693967:123;2305843009213693973:3,Symbolica_default,cached_powers_Q,66,12,0.726,BalancedZippelSeparated
fire7_nb0_rank1017,Automatic,1,ok,903.233,155,2,1,0,0,2305843009213693967:152;2305843009213693973:3,Symbolica_default,cached_powers_Q,65,18,0.559,BalancedZippelSeparated
fire7_nb0_rank1018,Automatic,1,ok,850.533,151,2,1,0,0,2305843009213693967:148;2305843009213693973:3,Symbolica_default,cached_powers_Q,54,27,0.475,BalancedZippelSeparated
fire7_nb0_rank1019,Automatic,1,ok,1063.024,126,2,1,0,0,2305843009213693967:123;2305843009213693973:3,Symbolica_default,cached_powers_Q,21,72,0.559,BalancedZippelSeparated
fire7_nb0_rank1020,Automatic,1,ok,850.504,156,2,1,0,0,2305843009213693967:153;2305843009213693973:3,Symbolica_default,cached_powers_Q,65,15,0.686,BalancedZippelSeparated
fire7_nb0_rank1021,Automatic,1,ok,933.844,127,2,1,0,0,2305843009213693967:124;2305843009213693973:3,Symbolica_default,cached_powers_Q,66,15,0.559,BalancedZippelSeparated
fire7_nb0_rank1022,Automatic,1,ok,988.284,140,2,1,0,0,2305843009213693967:137;2305843009213693973:3,Symbolica_default,cached_powers_Q,30,56,0.570,BalancedZippelSeparated
fire7_nb0_rank1023,Automatic,1,ok,921.074,153,2,1,0,0,2305843009213693967:150;2305843009213693973:3,Symbolica_default,cached_powers_Q,70,12,0.714,BalancedZippelSeparated
fire7_nb0_rank1024,Automatic,1,ok,1663.957,211,2,1,0,0,2305843009213693967:208;2305843009213693973:3,Symbolica_default,cached_powers_Q,56,36,0.709,BalancedZippelSeparated
fire7_nb0_rank1025,Automatic,1,ok,1019.374,113,2,1,0,0,2305843009213693967:110;2305843009213693973:3,Symbolica_default,cached_powers_Q,42,42,0.986,BalancedZippelSeparated
fire7_nb0_rank1026,Automatic,1,ok,845.304,139,2,1,0,0,2305843009213693967:136;2305843009213693973:3,Symbolica_default,cached_powers_Q,54,27,0.661,BalancedZippelSeparated
fire7_nb0_rank1027,Automatic,1,ok,878.504,149,2,1,0,0,2305843009213693967:146;2305843009213693973:3,Symbolica_default,cached_powers_Q,54,27,0.475,BalancedZippelSeparated
fire7_nb0_rank1028,Automatic,1,ok,963.934,149,2,1,0,0,2305843009213693967:146;2305843009213693973:3,Symbolica_default,cached_powers_Q,64,20,0.769,BalancedZippelSeparated
fire7_nb0_rank1029,Automatic,1,ok,803.503,114,2,1,0,0,2305843009213693967:111;2305843009213693973:3,Symbolica_default,cached_powers_Q,59,16,0.487,BalancedZippelSeparated
fire7_nb0_rank1030,Automatic,1,ok,1352.736,196,2,1,0,0,2305843009213693967:193;2305843009213693973:3,Symbolica_default,cached_powers_Q,60,24,0.649,BalancedZippelSeparated
fire7_nb0_rank1031,Automatic,1,ok,1027.074,149,2,1,0,0,2305843009213693967:146;2305843009213693973:3,Symbolica_default,cached_powers_Q,30,56,0.790,BalancedZippelSeparated
fire7_nb0_rank1032,Automatic,1,ok,1018.304,122,2,1,0,0,2305843009213693967:119;2305843009213693973:3,Symbolica_default,cached_powers_Q,54,32,0.703,BalancedZippelSeparated
fire7_nb0_rank1033,Automatic,1,ok,875.573,143,2,1,0,0,2305843009213693967:140;2305843009213693973:3,Symbolica_default,cached_powers_Q,40,48,0.496,BalancedZippelSeparated
fire7_nb0_rank1034,Automatic,1,ok,1275.214,174,2,1,0,0,2305843009213693967:171;2305843009213693973:3,Symbolica_default,cached_powers_Q,18,72,0.963,BalancedZippelSeparated
fire7_nb0_rank1035,Automatic,1,ok,1169.975,125,2,1,0,0,2305843009213693967:122;2305843009213693973:3,Symbolica_default,cached_powers_Q,54,28,0.927,BalancedZippelSeparated
fire7_nb0_rank1036,Automatic,1,ok,851.943,112,2,1,0,0,2305843009213693967:109;2305843009213693973:3,Symbolica_default,cached_powers_Q,42,36,0.751,BalancedZippelSeparated
fire7_nb0_rank1037,Automatic,1,ok,1172.825,138,2,1,0,0,2305843009213693967:135;2305843009213693973:3,Symbolica_default,cached_powers_Q,7,80,0.835,BalancedZippelSeparated
fire7_nb0_rank1038,Automatic,1,ok,956.023,142,2,1,0,0,2305843009213693967:139;2305843009213693973:3,Symbolica_default,cached_powers_Q,60,21,0.533,BalancedZippelSeparated
fire7_nb0_rank1039,Automatic,1,ok,5330.821,228,2,1,0,0,2305843009213693967:225;2305843009213693973:3,Symbolica_default,cached_powers_Q,56,28,0.574,BalancedZippelSeparated
fire7_nb0_rank1040,Automatic,1,ok,1124.254,184,2,1,0,0,2305843009213693967:181;2305843009213693973:3,Symbolica_default,cached_powers_Q,68,14,0.711,BalancedZippelSeparated
fire7_nb0_rank1041,Automatic,1,ok,1128.175,155,2,1,0,0,2305843009213693967:152;2305843009213693973:3,Symbolica_default,cached_powers_Q,50,36,0.869,BalancedZippelSeparated
fire7_nb0_rank1042,Automatic,1,ok,835.414,132,2,1,0,0,2305843009213693967:129;2305843009213693973:3,Symbolica_default,cached_powers_Q,48,32,0.426,BalancedZippelSeparated
fire7_nb0_rank1043,Automatic,1,ok,1126.935,119,2,1,0,0,2305843009213693967:116;2305843009213693973:3,Symbolica_default,cached_powers_Q,54,20,0.880,BalancedZippelSeparated
fire7_nb0_rank1044,Automatic,1,ok,837.454,137,2,1,0,0,2305843009213693967:134;2305843009213693973:3,Symbolica_default,cached_powers_Q,64,10,0.468,BalancedZippelSeparated
fire7_nb0_rank1045,Automatic,1,ok,1039.164,132,2,1,0,0,2305843009213693967:129;2305843009213693973:3,Symbolica_default,cached_powers_Q,47,32,0.620,BalancedZippelSeparated
fire7_nb0_rank1046,Automatic,1,ok,828.983,148,2,1,0,0,2305843009213693967:145;2305843009213693973:3,Symbolica_default,cached_powers_Q,48,32,0.647,BalancedZippelSeparated
fire7_nb0_rank1047,Automatic,1,ok,937.413,124,2,1,0,0,2305843009213693967:121;2305843009213693973:3,Symbolica_default,cached_powers_Q,42,36,0.709,BalancedZippelSeparated
fire7_nb0_rank1048,Automatic,1,ok,1379.675,141,2,1,0,0,2305843009213693967:138;2305843009213693973:3,Symbolica_default,cached_powers_Q,60,20,0.680,BalancedZippelSeparated
fire7_nb0_rank1049,Automatic,1,ok,1193.076,228,2,1,0,0,2305843009213693967:225;2305843009213693973:3,Symbolica_default,cached_powers_Q,56,28,0.517,BalancedZippelSeparated
fire7_nb0_rank1050,Automatic,1,ok,1331.586,156,2,1,0,0,2305843009213693967:153;2305843009213693973:3,Symbolica_default,cached_powers_Q,58,21,0.728,BalancedZippelSeparated
fire7_nb0_rank1051,Automatic,1,ok,1267.175,139,2,1,0,0,2305843009213693967:136;2305843009213693973:3,Symbolica_default,cached_powers_Q,59,18,0.688,BalancedZippelSeparated
fire7_nb0_rank1052,Automatic,1,ok,988.903,143,2,1,0,0,2305843009213693967:140;2305843009213693973:3,Symbolica_default,cached_powers_Q,24,56,1.131,BalancedZippelSeparated
fire7_nb0_rank1053,Automatic,1,ok,1016.254,150,2,1,0,0,2305843009213693967:147;2305843009213693973:3,Symbolica_default,cached_powers_Q,64,15,0.491,BalancedZippelSeparated
fire7_nb0_rank1054,Automatic,1,ok,923.744,117,2,1,0,0,2305843009213693967:114;2305843009213693973:3,Symbolica_default,cached_powers_Q,42,35,0.452,BalancedZippelSeparated
fire7_nb0_rank1055,Automatic,1,ok,719.853,111,2,1,0,0,2305843009213693967:108;2305843009213693973:3,Symbolica_default,cached_powers_Q,42,35,0.443,BalancedZippelSeparated
fire7_nb0_rank1056,Automatic,1,ok,834.463,128,2,1,0,0,2305843009213693967:125;2305843009213693973:3,Symbolica_default,cached_powers_Q,48,28,0.625,BalancedZippelSeparated
fire7_nb0_rank1057,Automatic,1,ok,855.424,123,2,1,0,0,2305843009213693967:120;2305843009213693973:3,Symbolica_default,cached_powers_Q,42,36,0.391,BalancedZippelSeparated
fire7_nb0_rank1058,Automatic,1,ok,736.323,128,2,1,0,0,2305843009213693967:125;2305843009213693973:3,Symbolica_default,cached_powers_Q,42,36,0.383,BalancedZippelSeparated
fire7_nb0_rank1059,Automatic,1,ok,999.974,155,2,1,0,0,2305843009213693967:152;2305843009213693973:3,Symbolica_default,cached_powers_Q,49,36,0.408,BalancedZippelSeparated
fire7_nb0_rank1060,Automatic,1,ok,1235.415,215,2,1,0,0,2305843009213693967:212;2305843009213693973:3,Symbolica_default,cached_powers_Q,56,28,0.490,BalancedZippelSeparated
fire7_nb0_rank1061,Automatic,1,ok,1111.184,134,2,1,0,0,2305843009213693967:131;2305843009213693973:3,Symbolica_default,cached_powers_Q,6,80,0.720,BalancedZippelSeparated
fire7_nb0_rank1062,Automatic,1,ok,1290.846,172,2,1,0,0,2305843009213693967:169;2305843009213693973:3,Symbolica_default,cached_powers_Q,62,21,0.575,BalancedZippelSeparated
fire7_nb0_rank1063,Automatic,1,ok,1289.366,173,2,1,0,0,2305843009213693967:170;2305843009213693973:3,Symbolica_default,cached_powers_Q,59,20,0.873,BalancedZippelSeparated
fire7_nb0_rank1064,Automatic,1,ok,916.583,119,2,1,0,0,2305843009213693967:116;2305843009213693973:3,Symbolica_default,cached_powers_Q,35,45,0.558,BalancedZippelSeparated
fire7_nb0_rank1065,Automatic,1,ok,1031.265,164,2,1,0,0,2305843009213693967:161;2305843009213693973:3,Symbolica_default,cached_powers_Q,59,21,0.564,BalancedZippelSeparated
fire7_nb0_rank1066,Automatic,1,ok,859.174,119,2,1,0,0,2305843009213693967:116;2305843009213693973:3,Symbolica_default,cached_powers_Q,35,45,0.737,BalancedZippelSeparated
fire7_nb0_rank1067,Automatic,1,ok,1683.217,246,2,1,0,0,2305843009213693967:243;2305843009213693973:3,Symbolica_default,cached_powers_Q,64,14,0.822,BalancedZippelSeparated
fire7_nb0_rank1068,Automatic,1,ok,1001.234,142,2,1,0,0,2305843009213693967:139;2305843009213693973:3,Symbolica_default,cached_powers_Q,60,20,0.493,BalancedZippelSeparated
fire7_nb0_rank1069,Automatic,1,ok,829.393,130,2,1,0,0,2305843009213693967:127;2305843009213693973:3,Symbolica_default,cached_powers_Q,64,12,0.590,BalancedZippelSeparated
fire7_nb0_rank1070,Automatic,1,ok,850.124,159,2,1,0,0,2305843009213693967:156;2305843009213693973:3,Symbolica_default,cached_powers_Q,56,20,0.608,BalancedZippelSeparated
fire7_nb0_rank1071,Automatic,1,ok,824.653,148,2,1,0,0,2305843009213693967:145;2305843009213693973:3,Symbolica_default,cached_powers_Q,65,12,0.580,BalancedZippelSeparated
fire7_nb0_rank1072,Automatic,1,ok,852.194,146,2,1,0,0,2305843009213693967:143;2305843009213693973:3,Symbolica_default,cached_powers_Q,60,18,0.460,BalancedZippelSeparated
fire7_nb0_rank1073,Automatic,1,ok,911.413,195,2,1,0,0,2305843009213693967:192;2305843009213693973:3,Symbolica_default,cached_powers_Q,68,12,0.611,BalancedZippelSeparated
fire7_nb0_rank1074,Automatic,1,ok,634.432,110,2,1,0,0,2305843009213693967:107;2305843009213693973:3,Symbolica_default,cached_powers_Q,42,30,0.404,BalancedZippelSeparated
fire7_nb0_rank1075,Automatic,1,ok,890.963,145,2,1,0,0,2305843009213693967:142;2305843009213693973:3,Symbolica_default,cached_powers_Q,55,21,0.801,BalancedZippelSeparated
fire7_nb0_rank1076,Automatic,1,ok,874.933,132,2,1,0,0,2305843009213693967:129;2305843009213693973:3,Symbolica_default,cached_powers_Q,64,12,1.040,BalancedZippelSeparated
fire7_nb0_rank1077,Automatic,1,ok,952.144,161,2,1,0,0,2305843009213693967:158;2305843009213693973:3,Symbolica_default,cached_powers_Q,56,20,0.616,BalancedZippelSeparated
fire7_nb0_rank1078,Automatic,1,ok,886.343,148,2,1,0,0,2305843009213693967:145;2305843009213693973:3,Symbolica_default,cached_powers_Q,60,18,0.638,BalancedZippelSeparated
fire7_nb0_rank1079,Automatic,1,ok,986.134,165,2,1,0,0,2305843009213693967:162;2305843009213693973:3,Symbolica_default,cached_powers_Q,56,24,0.431,BalancedZippelSeparated
fire7_nb0_rank1080,Automatic,1,ok,924.654,177,2,1,0,0,2305843009213693967:174;2305843009213693973:3,Symbolica_default,cached_powers_Q,67,12,0.487,BalancedZippelSeparated
fire7_nb0_rank1081,Automatic,1,ok,854.984,122,2,1,0,0,2305843009213693967:119;2305843009213693973:3,Symbolica_default,cached_powers_Q,18,60,0.511,BalancedZippelSeparated
fire7_nb0_rank1082,Automatic,1,ok,924.844,151,2,1,0,0,2305843009213693967:148;2305843009213693973:3,Symbolica_default,cached_powers_Q,60,15,0.664,BalancedZippelSeparated
fire7_nb0_rank1083,Automatic,1,ok,802.143,141,2,1,0,0,2305843009213693967:138;2305843009213693973:3,Symbolica_default,cached_powers_Q,48,27,0.634,BalancedZippelSeparated
fire7_nb0_rank1084,Automatic,1,ok,954.364,140,2,1,0,0,2305843009213693967:137;2305843009213693973:3,Symbolica_default,cached_powers_Q,50,28,0.629,BalancedZippelSeparated
fire7_nb0_rank1085,Automatic,1,ok,808.363,131,2,1,0,0,2305843009213693967:128;2305843009213693973:3,Symbolica_default,cached_powers_Q,48,27,0.435,BalancedZippelSeparated
fire7_nb0_rank1086,Automatic,1,ok,859.474,158,2,1,0,0,2305843009213693967:155;2305843009213693973:3,Symbolica_default,cached_powers_Q,56,20,0.585,BalancedZippelSeparated
fire7_nb0_rank1087,Automatic,1,ok,759.243,119,2,1,0,0,2305843009213693967:116;2305843009213693973:3,Symbolica_default,cached_powers_Q,53,20,0.608,BalancedZippelSeparated
fire7_nb0_rank1088,Automatic,1,ok,773.653,133,2,1,0,0,2305843009213693967:130;2305843009213693973:3,Symbolica_default,cached_powers_Q,65,9,0.444,BalancedZippelSeparated
fire7_nb0_rank1089,Automatic,1,ok,877.414,130,2,1,0,0,2305843009213693967:127;2305843009213693973:3,Symbolica_default,cached_powers_Q,60,12,0.430,BalancedZippelSeparated
fire7_nb0_rank1090,Automatic,1,ok,655.052,147,2,1,0,0,2305843009213693967:144;2305843009213693973:3,Symbolica_default,cached_powers_Q,52,24,0.424,BalancedZippelSeparated
fire7_nb0_rank1091,Automatic,1,ok,924.254,168,2,1,0,0,2305843009213693967:165;2305843009213693973:3,Symbolica_default,cached_powers_Q,56,20,1.140,BalancedZippelSeparated
fire7_nb0_rank1092,Automatic,1,ok,1210.135,188,2,1,0,0,2305843009213693967:185;2305843009213693973:3,Symbolica_default,cached_powers_Q,65,12,0.854,BalancedZippelSeparated
fire7_nb0_rank1093,Automatic,1,ok,1013.484,101,2,1,0,0,2305843009213693967:98;2305843009213693973:3,Symbolica_default,cached_powers_Q,49,18,0.739,BalancedZippelSeparated
fire7_nb0_rank1094,Automatic,1,ok,733.952,146,2,1,0,0,2305843009213693967:143;2305843009213693973:3,Symbolica_default,cached_powers_Q,53,21,0.830,BalancedZippelSeparated
fire7_nb0_rank1095,Automatic,1,ok,1044.894,157,2,1,0,0,2305843009213693967:154;2305843009213693973:3,Symbolica_default,cached_powers_Q,55,18,0.453,BalancedZippelSeparated
fire7_nb0_rank1096,Automatic,1,ok,856.584,128,2,1,0,0,2305843009213693967:125;2305843009213693973:3,Symbolica_default,cached_powers_Q,45,28,0.615,BalancedZippelSeparated
fire7_nb0_rank1097,Automatic,1,ok,920.004,119,2,1,0,0,2305843009213693967:116;2305843009213693973:3,Symbolica_default,cached_powers_Q,62,12,0.427,BalancedZippelSeparated
fire7_nb0_rank1098,Automatic,1,ok,812.064,158,2,1,0,0,2305843009213693967:155;2305843009213693973:3,Symbolica_default,cached_powers_Q,49,30,0.506,BalancedZippelSeparated
fire7_nb0_rank1099,Automatic,1,ok,1326.125,157,2,1,0,0,2305843009213693967:154;2305843009213693973:3,Symbolica_default,cached_powers_Q,56,20,0.671,BalancedZippelSeparated
fire7_nb0_rank1100,Automatic,1,ok,896.983,153,2,1,0,0,2305843009213693967:150;2305843009213693973:3,Symbolica_default,cached_powers_Q,45,36,0.439,BalancedZippelSeparated
fire7_nb0_rank1101,Automatic,1,ok,868.304,134,2,1,0,0,2305843009213693967:131;2305843009213693973:3,Symbolica_default,cached_powers_Q,45,36,0.628,BalancedZippelSeparated
fire7_nb0_rank1102,Automatic,1,ok,816.253,137,2,1,0,0,2305843009213693967:134;2305843009213693973:3,Symbolica_default,cached_powers_Q,53,18,0.620,BalancedZippelSeparated
fire7_nb0_rank1103,Automatic,1,ok,741.373,115,2,1,0,0,2305843009213693967:112;2305843009213693973:3,Symbolica_default,cached_powers_Q,30,45,0.479,BalancedZippelSeparated
fire7_nb0_rank1104,Automatic,1,ok,777.864,109,2,1,0,0,2305843009213693967:106;2305843009213693973:3,Symbolica_default,cached_powers_Q,30,45,0.558,BalancedZippelSeparated
fire7_nb0_rank1105,Automatic,1,ok,742.453,106,2,1,0,0,2305843009213693967:103;2305843009213693973:3,Symbolica_default,cached_powers_Q,30,45,0.479,BalancedZippelSeparated
fire7_nb0_rank1106,Automatic,1,ok,890.923,109,2,1,0,0,2305843009213693967:106;2305843009213693973:3,Symbolica_default,cached_powers_Q,30,45,0.476,BalancedZippelSeparated
fire7_nb0_rank1107,Automatic,1,ok,894.333,172,2,1,0,0,2305843009213693967:169;2305843009213693973:3,Symbolica_default,cached_powers_Q,56,27,0.583,BalancedZippelSeparated
fire7_nb0_rank1108,Automatic,1,ok,1236.385,153,2,1,0,0,2305843009213693967:150;2305843009213693973:3,Symbolica_default,cached_powers_Q,52,28,0.862,BalancedZippelSeparated
fire7_nb0_rank1109,Automatic,1,ok,1255.406,122,2,1,0,0,2305843009213693967:119;2305843009213693973:3,Symbolica_default,cached_powers_Q,18,60,0.616,BalancedZippelSeparated
fire7_nb0_rank1110,Automatic,1,ok,1386.706,130,2,1,0,0,2305843009213693967:127;2305843009213693973:3,Symbolica_default,cached_powers_Q,6,72,0.553,BalancedZippelSeparated
fire7_nb0_rank1111,Automatic,1,ok,857.603,117,2,1,0,0,2305843009213693967:114;2305843009213693973:3,Symbolica_default,cached_powers_Q,36,36,0.409,BalancedZippelSeparated
fire7_nb0_rank1112,Automatic,1,ok,803.354,126,2,1,0,0,2305843009213693967:123;2305843009213693973:3,Symbolica_default,cached_powers_Q,54,20,0.587,BalancedZippelSeparated
fire7_nb0_rank1113,Automatic,1,ok,759.794,110,2,1,0,0,2305843009213693967:107;2305843009213693973:3,Symbolica_default,cached_powers_Q,48,20,0.573,BalancedZippelSeparated
fire7_nb0_rank1114,Automatic,1,ok,861.194,115,2,1,0,0,2305843009213693967:112;2305843009213693973:3,Symbolica_default,cached_powers_Q,30,45,0.475,BalancedZippelSeparated
fire7_nb0_rank1115,Automatic,1,ok,804.873,115,2,1,0,0,2305843009213693967:112;2305843009213693973:3,Symbolica_default,cached_powers_Q,28,36,0.714,BalancedZippelSeparated
fire7_nb0_rank1116,Automatic,1,ok,909.854,132,2,1,0,0,2305843009213693967:129;2305843009213693973:3,Symbolica_default,cached_powers_Q,40,36,0.489,BalancedZippelSeparated
fire7_nb0_rank1117,Automatic,1,ok,857.833,115,2,1,0,0,2305843009213693967:112;2305843009213693973:3,Symbolica_default,cached_powers_Q,30,45,0.502,BalancedZippelSeparated
fire7_nb0_rank1118,Automatic,1,ok,786.044,110,2,1,0,0,2305843009213693967:107;2305843009213693973:3,Symbolica_default,cached_powers_Q,48,15,0.434,BalancedZippelSeparated
fire7_nb0_rank1119,Automatic,1,ok,619.273,117,2,1,0,0,2305843009213693967:114;2305843009213693973:3,Symbolica_default,cached_powers_Q,35,36,0.553,BalancedZippelSeparated
fire7_nb0_rank1120,Automatic,1,ok,1036.724,109,2,1,0,0,2305843009213693967:106;2305843009213693973:3,Symbolica_default,cached_powers_Q,42,21,0.982,BalancedZippelSeparated
fire7_nb0_rank1121,Automatic,1,ok,844.864,126,2,1,0,0,2305843009213693967:123;2305843009213693973:3,Symbolica_default,cached_powers_Q,54,15,0.449,BalancedZippelSeparated
fire7_nb0_rank1122,Automatic,1,ok,632.472,120,2,1,0,0,2305843009213693967:117;2305843009213693973:3,Symbolica_default,cached_powers_Q,54,12,0.619,BalancedZippelSeparated
fire7_nb0_rank1123,Automatic,1,ok,818.154,126,2,1,0,0,2305843009213693967:123;2305843009213693973:3,Symbolica_default,cached_powers_Q,54,15,0.432,BalancedZippelSeparated
fire7_nb0_rank1124,Automatic,1,ok,892.114,128,2,1,0,0,2305843009213693967:125;2305843009213693973:3,Symbolica_default,cached_powers_Q,50,21,0.681,BalancedZippelSeparated
fire7_nb0_rank1125,Automatic,1,ok,870.754,132,2,1,0,0,2305843009213693967:129;2305843009213693973:3,Symbolica_default,cached_powers_Q,40,36,1.067,BalancedZippelSeparated
fire7_nb0_rank1126,Automatic,1,ok,994.304,121,2,1,0,0,2305843009213693967:118;2305843009213693973:3,Symbolica_default,cached_powers_Q,40,32,0.722,BalancedZippelSeparated
fire7_nb0_rank1127,Automatic,1,ok,1174.715,161,2,1,0,0,2305843009213693967:158;2305843009213693973:3,Symbolica_default,cached_powers_Q,39,39,0.740,BalancedZippelSeparated
fire7_nb0_rank1128,Automatic,1,ok,1190.845,177,2,1,0,0,2305843009213693967:174;2305843009213693973:3,Symbolica_default,cached_powers_Q,55,26,0.493,BalancedZippelSeparated
fire7_nb0_rank1129,Automatic,1,ok,861.283,138,2,1,0,0,2305843009213693967:135;2305843009213693973:3,Symbolica_default,cached_powers_Q,47,21,0.501,BalancedZippelSeparated
fire7_nb0_rank1130,Automatic,1,ok,617.692,128,2,1,0,0,2305843009213693967:125;2305843009213693973:3,Symbolica_default,cached_powers_Q,54,15,0.680,BalancedZippelSeparated
fire7_nb0_rank1131,Automatic,1,ok,868.724,135,2,1,0,0,2305843009213693967:132;2305843009213693973:3,Symbolica_default,cached_powers_Q,45,27,0.392,BalancedZippelSeparated
fire7_nb0_rank1132,Automatic,1,ok,752.883,121,2,1,0,0,2305843009213693967:118;2305843009213693973:3,Symbolica_default,cached_powers_Q,42,28,0.626,BalancedZippelSeparated
fire7_nb0_rank1133,Automatic,1,ok,783.483,159,2,1,0,0,2305843009213693967:156;2305843009213693973:3,Symbolica_default,cached_powers_Q,49,27,0.538,BalancedZippelSeparated
fire7_nb0_rank1134,Automatic,1,ok,959.384,132,2,1,0,0,2305843009213693967:129;2305843009213693973:3,Symbolica_default,cached_powers_Q,40,36,0.469,BalancedZippelSeparated
fire7_nb0_rank1135,Automatic,1,ok,685.383,140,2,1,0,0,2305843009213693967:137;2305843009213693973:3,Symbolica_default,cached_powers_Q,49,21,0.788,BalancedZippelSeparated
fire7_nb0_rank1136,Automatic,1,ok,1336.326,113,2,1,0,0,2305843009213693967:110;2305843009213693973:3,Symbolica_default,cached_powers_Q,45,20,0.614,BalancedZippelSeparated
fire7_nb0_rank1137,Automatic,1,ok,526.462,107,2,1,0,0,2305843009213693967:104;2305843009213693973:3,Symbolica_default,cached_powers_Q,51,15,0.610,BalancedZippelSeparated
fire7_nb0_rank1138,Automatic,1,ok,792.023,164,2,1,0,0,2305843009213693967:161;2305843009213693973:3,Symbolica_default,cached_powers_Q,56,18,0.473,BalancedZippelSeparated
fire7_nb0_rank1139,Automatic,1,ok,1101.505,152,2,1,0,0,2305843009213693967:149;2305843009213693973:3,Symbolica_default,cached_powers_Q,49,27,0.835,BalancedZippelSeparated
fire7_nb0_rank1140,Automatic,1,ok,950.844,148,2,1,0,0,2305843009213693967:145;2305843009213693973:3,Symbolica_default,cached_powers_Q,55,14,0.473,BalancedZippelSeparated
fire7_nb0_rank1141,Automatic,1,ok,1030.025,115,2,1,0,0,2305843009213693967:112;2305843009213693973:3,Symbolica_default,cached_powers_Q,45,20,0.654,BalancedZippelSeparated
fire7_nb0_rank1142,Automatic,1,ok,625.312,101,2,1,0,0,2305843009213693967:98;2305843009213693973:3,Symbolica_default,cached_powers_Q,49,15,0.536,BalancedZippelSeparated
fire7_nb0_rank1143,Automatic,1,ok,1159.944,120,2,1,0,0,2305843009213693967:117;2305843009213693973:3,Symbolica_default,cached_powers_Q,44,28,0.948,BalancedZippelSeparated
fire7_nb0_rank1144,Automatic,1,ok,900.033,159,2,1,0,0,2305843009213693967:156;2305843009213693973:3,Symbolica_default,cached_powers_Q,56,15,0.442,BalancedZippelSeparated
fire7_nb0_rank1145,Automatic,1,ok,1229.085,132,2,1,0,0,2305843009213693967:129;2305843009213693973:3,Symbolica_default,cached_powers_Q,58,12,0.872,BalancedZippelSeparated
fire7_nb0_rank1146,Automatic,1,ok,850.983,131,2,1,0,0,2305843009213693967:128;2305843009213693973:3,Symbolica_default,cached_powers_Q,50,24,0.443,BalancedZippelSeparated
fire7_nb0_rank1147,Automatic,1,ok,865.564,128,2,1,0,0,2305843009213693967:125;2305843009213693973:3,Symbolica_default,cached_powers_Q,60,10,0.637,BalancedZippelSeparated
fire7_nb0_rank1148,Automatic,1,ok,782.433,110,2,1,0,0,2305843009213693967:107;2305843009213693973:3,Symbolica_default,cached_powers_Q,48,20,0.739,BalancedZippelSeparated
fire7_nb0_rank1149,Automatic,1,ok,867.454,158,2,1,0,0,2305843009213693967:155;2305843009213693973:3,Symbolica_default,cached_powers_Q,56,15,0.687,BalancedZippelSeparated
fire7_nb0_rank1150,Automatic,1,ok,937.874,104,2,1,0,0,2305843009213693967:101;2305843009213693973:3,Symbolica_default,cached_powers_Q,36,35,0.874,BalancedZippelSeparated
fire7_nb0_rank1151,Automatic,1,ok,938.803,151,2,1,0,0,2305843009213693967:148;2305843009213693973:3,Symbolica_default,cached_powers_Q,28,42,0.744,BalancedZippelSeparated
fire7_nb0_rank1152,Automatic,1,ok,824.494,143,2,1,0,0,2305843009213693967:140;2305843009213693973:3,Symbolica_default,cached_powers_Q,45,27,0.452,BalancedZippelSeparated
fire7_nb0_rank1153,Automatic,1,ok,756.273,130,2,1,0,0,2305843009213693967:127;2305843009213693973:3,Symbolica_default,cached_powers_Q,45,27,0.614,BalancedZippelSeparated
fire7_nb0_rank1154,Automatic,1,ok,1343.156,157,2,1,0,0,2305843009213693967:154;2305843009213693973:3,Symbolica_default,cached_powers_Q,40,39,0.648,BalancedZippelSeparated
fire7_nb0_rank1155,Automatic,1,ok,805.213,130,2,1,0,0,2305843009213693967:127;2305843009213693973:3,Symbolica_default,cached_powers_Q,45,27,0.437,BalancedZippelSeparated
fire7_nb0_rank1156,Automatic,1,ok,770.403,103,2,1,0,0,2305843009213693967:100;2305843009213693973:3,Symbolica_default,cached_powers_Q,47,24,0.692,BalancedZippelSeparated
fire7_nb0_rank1157,Automatic,1,ok,752.834,112,2,1,0,0,2305843009213693967:109;2305843009213693973:3,Symbolica_default,cached_powers_Q,36,36,0.419,BalancedZippelSeparated
fire7_nb0_rank1158,Automatic,1,ok,813.583,134,2,1,0,0,2305843009213693967:131;2305843009213693973:3,Symbolica_default,cached_powers_Q,41,36,0.472,BalancedZippelSeparated
fire7_nb0_rank1159,Automatic,1,ok,910.844,117,2,1,0,0,2305843009213693967:114;2305843009213693973:3,Symbolica_default,cached_powers_Q,54,12,0.673,BalancedZippelSeparated
fire7_nb0_rank1160,Automatic,1,ok,719.412,139,2,1,0,0,2305843009213693967:136;2305843009213693973:3,Symbolica_default,cached_powers_Q,45,27,0.401,BalancedZippelSeparated
fire7_nb0_rank1161,Automatic,1,ok,802.783,109,2,1,0,0,2305843009213693967:106;2305843009213693973:3,Symbolica_default,cached_powers_Q,30,36,0.532,BalancedZippelSeparated
fire7_nb0_rank1162,Automatic,1,ok,724.313,103,2,1,0,0,2305843009213693967:100;2305843009213693973:3,Symbolica_default,cached_powers_Q,54,12,0.620,BalancedZippelSeparated
fire7_nb0_rank1163,Automatic,1,ok,1165.685,156,2,1,0,0,2305843009213693967:153;2305843009213693973:3,Symbolica_default,cached_powers_Q,60,12,0.648,BalancedZippelSeparated
fire7_nb0_rank1164,Automatic,1,ok,817.893,135,2,1,0,0,2305843009213693967:132;2305843009213693973:3,Symbolica_default,cached_powers_Q,55,12,0.675,BalancedZippelSeparated
fire7_nb0_rank1165,Automatic,1,ok,802.274,148,2,1,0,0,2305843009213693967:145;2305843009213693973:3,Symbolica_default,cached_powers_Q,45,24,0.610,BalancedZippelSeparated
fire7_nb0_rank1166,Automatic,1,ok,836.163,127,2,1,0,0,2305843009213693967:124;2305843009213693973:3,Symbolica_default,cached_powers_Q,35,36,0.678,BalancedZippelSeparated
fire7_nb0_rank1167,Automatic,1,ok,1029.484,120,2,1,0,0,2305843009213693967:117;2305843009213693973:3,Symbolica_default,cached_powers_Q,17,60,0.666,BalancedZippelSeparated
fire7_nb0_rank1168,Automatic,1,ok,881.594,153,2,1,0,0,2305843009213693967:150;2305843009213693973:3,Symbolica_default,cached_powers_Q,58,12,0.597,BalancedZippelSeparated
fire7_nb0_rank1169,Automatic,1,ok,695.192,108,2,1,0,0,2305843009213693967:105;2305843009213693973:3,Symbolica_default,cached_powers_Q,35,35,0.581,BalancedZippelSeparated
fire7_nb0_rank1170,Automatic,1,ok,824.293,108,2,1,0,0,2305843009213693967:105;2305843009213693973:3,Symbolica_default,cached_powers_Q,35,35,0.443,BalancedZippelSeparated
fire7_nb0_rank1171,Automatic,1,ok,709.863,107,2,1,0,0,2305843009213693967:104;2305843009213693973:3,Symbolica_default,cached_powers_Q,30,36,0.576,BalancedZippelSeparated
fire7_nb0_rank1172,Automatic,1,ok,902.774,129,2,1,0,0,2305843009213693967:126;2305843009213693973:3,Symbolica_default,cached_powers_Q,41,21,0.469,BalancedZippelSeparated
fire7_nb0_rank1173,Automatic,1,ok,679.453,108,2,1,0,0,2305843009213693967:105;2305843009213693973:3,Symbolica_default,cached_powers_Q,33,35,0.583,BalancedZippelSeparated
fire7_nb0_rank1174,Automatic,1,ok,791.243,90,2,1,0,0,2305843009213693967:87;2305843009213693973:3,Symbolica_default,cached_powers_Q,35,25,0.403,BalancedZippelSeparated
fire7_nb0_rank1175,Automatic,1,ok,885.783,90,2,1,0,0,2305843009213693967:87;2305843009213693973:3,Symbolica_default,cached_powers_Q,35,25,0.437,BalancedZippelSeparated
fire7_nb0_rank1176,Automatic,1,ok,856.783,125,2,1,0,0,2305843009213693967:122;2305843009213693973:3,Symbolica_default,cached_powers_Q,60,4,0.501,BalancedZippelSeparated
fire7_nb0_rank1177,Automatic,1,ok,891.114,104,2,1,0,0,2305843009213693967:101;2305843009213693973:3,Symbolica_default,cached_powers_Q,52,10,0.799,BalancedZippelSeparated
fire7_nb0_rank1178,Automatic,1,ok,1091.644,134,2,1,0,0,2305843009213693967:131;2305843009213693973:3,Symbolica_default,cached_powers_Q,50,21,0.864,BalancedZippelSeparated
fire7_nb0_rank1179,Automatic,1,ok,810.984,110,2,1,0,0,2305843009213693967:107;2305843009213693973:3,Symbolica_default,cached_powers_Q,54,12,0.443,BalancedZippelSeparated
fire7_nb0_rank1180,Automatic,1,ok,469.631,102,2,1,0,0,2305843009213693967:99;2305843009213693973:3,Symbolica_default,cached_powers_Q,38,24,0.512,BalancedZippelSeparated
fire7_nb0_rank1181,Automatic,1,ok,661.132,120,2,1,0,0,2305843009213693967:117;2305843009213693973:3,Symbolica_default,cached_powers_Q,39,27,0.373,BalancedZippelSeparated
fire7_nb0_rank1182,Automatic,1,ok,940.024,157,2,1,0,0,2305843009213693967:154;2305843009213693973:3,Symbolica_default,cached_powers_Q,44,27,0.424,BalancedZippelSeparated
fire7_nb0_rank1183,Automatic,1,ok,1057.465,157,2,1,0,0,2305843009213693967:154;2305843009213693973:3,Symbolica_default,cached_powers_Q,44,27,0.863,BalancedZippelSeparated
fire7_nb0_rank1184,Automatic,1,ok,811.853,118,2,1,0,0,2305843009213693967:115;2305843009213693973:3,Symbolica_default,cached_powers_Q,55,10,0.470,BalancedZippelSeparated
fire7_nb0_rank1185,Automatic,1,ok,864.043,107,2,1,0,0,2305843009213693967:104;2305843009213693973:3,Symbolica_default,cached_powers_Q,30,36,0.928,BalancedZippelSeparated
fire7_nb0_rank1186,Automatic,1,ok,823.014,107,2,1,0,0,2305843009213693967:104;2305843009213693973:3,Symbolica_default,cached_powers_Q,30,36,0.526,BalancedZippelSeparated
fire7_nb0_rank1187,Automatic,1,ok,1204.195,141,2,1,0,0,2305843009213693967:138;2305843009213693973:3,Symbolica_default,cached_powers_Q,52,12,0.661,BalancedZippelSeparated
fire7_nb0_rank1188,Automatic,1,ok,757.683,123,2,1,0,0,2305843009213693967:120;2305843009213693973:3,Symbolica_default,cached_powers_Q,45,27,0.441,BalancedZippelSeparated
fire7_nb0_rank1189,Automatic,1,ok,890.794,117,2,1,0,0,2305843009213693967:114;2305843009213693973:3,Symbolica_default,cached_powers_Q,36,36,0.448,BalancedZippelSeparated
fire7_nb0_rank1190,Automatic,1,ok,823.873,129,2,1,0,0,2305843009213693967:126;2305843009213693973:3,Symbolica_default,cached_powers_Q,50,20,0.647,BalancedZippelSeparated
fire7_nb0_rank1191,Automatic,1,ok,1058.644,134,2,1,0,0,2305843009213693967:131;2305843009213693973:3,Symbolica_default,cached_powers_Q,52,15,0.881,BalancedZippelSeparated
fire7_nb0_rank1192,Automatic,1,ok,715.063,97,2,1,0,0,2305843009213693967:94;2305843009213693973:3,Symbolica_default,cached_powers_Q,41,24,0.507,BalancedZippelSeparated
fire7_nb0_rank1193,Automatic,1,ok,1087.275,159,2,1,0,0,2305843009213693967:156;2305843009213693973:3,Symbolica_default,cached_powers_Q,45,20,0.611,BalancedZippelSeparated
fire7_nb0_rank1194,Automatic,1,ok,769.114,103,2,1,0,0,2305843009213693967:100;2305843009213693973:3,Symbolica_default,cached_powers_Q,40,28,0.731,BalancedZippelSeparated
fire7_nb0_rank1195,Automatic,1,ok,1067.044,126,2,1,0,0,2305843009213693967:123;2305843009213693973:3,Symbolica_default,cached_powers_Q,45,21,0.918,BalancedZippelSeparated
fire7_nb0_rank1196,Automatic,1,ok,726.463,113,2,1,0,0,2305843009213693967:110;2305843009213693973:3,Symbolica_default,cached_powers_Q,53,12,0.569,BalancedZippelSeparated
fire7_nb0_rank1197,Automatic,1,ok,730.763,103,2,1,0,0,2305843009213693967:100;2305843009213693973:3,Symbolica_default,cached_powers_Q,48,15,0.614,BalancedZippelSeparated
fire7_nb0_rank1198,Automatic,1,ok,692.343,149,2,1,0,0,2305843009213693967:146;2305843009213693973:3,Symbolica_default,cached_powers_Q,42,27,0.518,BalancedZippelSeparated
fire7_nb0_rank1199,Automatic,1,ok,731.723,115,2,1,0,0,2305843009213693967:112;2305843009213693973:3,Symbolica_default,cached_powers_Q,30,36,0.608,BalancedZippelSeparated
fire7_nb0_rank1200,Automatic,1,ok,682.982,118,2,1,0,0,2305843009213693967:115;2305843009213693973:3,Symbolica_default,cached_powers_Q,45,24,0.387,BalancedZippelSeparated
fire7_nb0_rank1201,Automatic,1,ok,778.873,132,2,1,0,0,2305843009213693967:129;2305843009213693973:3,Symbolica_default,cached_powers_Q,52,15,0.532,BalancedZippelSeparated
fire7_nb0_rank1202,Automatic,1,ok,1307.686,166,2,1,0,0,2305843009213693967:163;2305843009213693973:3,Symbolica_default,cached_powers_Q,50,18,0.597,BalancedZippelSeparated
fire7_nb0_rank1203,Automatic,1,ok,980.544,138,2,1,0,0,2305843009213693967:135;2305843009213693973:3,Symbolica_default,cached_powers_Q,35,39,0.688,BalancedZippelSeparated
fire7_nb0_rank1204,Automatic,1,ok,880.614,134,2,1,0,0,2305843009213693967:131;2305843009213693973:3,Symbolica_default,cached_powers_Q,17,56,0.990,BalancedZippelSeparated
fire7_nb0_rank1205,Automatic,1,ok,1412.846,169,2,1,0,0,2305843009213693967:166;2305843009213693973:3,Symbolica_default,cached_powers_Q,48,20,0.670,BalancedZippelSeparated
fire7_nb0_rank1206,Automatic,1,ok,767.473,113,2,1,0,0,2305843009213693967:110;2305843009213693973:3,Symbolica_default,cached_powers_Q,30,36,0.484,BalancedZippelSeparated
fire7_nb0_rank1207,Automatic,1,ok,621.102,109,2,1,0,0,2305843009213693967:106;2305843009213693973:3,Symbolica_default,cached_powers_Q,37,32,0.404,BalancedZippelSeparated
fire7_nb0_rank1208,Automatic,1,ok,831.184,151,2,1,0,0,2305843009213693967:148;2305843009213693973:3,Symbolica_default,cached_powers_Q,56,18,0.604,BalancedZippelSeparated
fire7_nb0_rank1209,Automatic,1,ok,673.723,110,2,1,0,0,2305843009213693967:107;2305843009213693973:3,Symbolica_default,cached_powers_Q,47,15,0.537,BalancedZippelSeparated
fire7_nb0_rank1210,Automatic,1,ok,752.623,120,2,1,0,0,2305843009213693967:117;2305843009213693973:3,Symbolica_default,cached_powers_Q,44,21,0.410,BalancedZippelSeparated
fire7_nb0_rank1211,Automatic,1,ok,839.033,122,2,1,0,0,2305843009213693967:119;2305843009213693973:3,Symbolica_default,cached_powers_Q,18,48,0.440,BalancedZippelSeparated
fire7_nb0_rank1212,Automatic,1,ok,773.233,106,2,1,0,0,2305843009213693967:103;2305843009213693973:3,Symbolica_default,cached_powers_Q,36,28,0.766,BalancedZippelSeparated
fire7_nb0_rank1213,Automatic,1,ok,802.604,129,2,1,0,0,2305843009213693967:126;2305843009213693973:3,Symbolica_default,cached_powers_Q,50,15,0.449,BalancedZippelSeparated
fire7_nb0_rank1214,Automatic,1,ok,787.823,117,2,1,0,0,2305843009213693967:114;2305843009213693973:3,Symbolica_default,cached_powers_Q,45,15,0.690,BalancedZippelSeparated
fire7_nb0_rank1215,Automatic,1,ok,1001.394,196,2,1,0,0,2305843009213693967:193;2305843009213693973:3,Symbolica_default,cached_powers_Q,40,30,0.899,BalancedZippelSeparated
fire7_nb0_rank1216,Automatic,1,ok,759.463,99,2,1,0,0,2305843009213693967:96;2305843009213693973:3,Symbolica_default,cached_powers_Q,40,20,0.471,BalancedZippelSeparated
fire7_nb0_rank1217,Automatic,1,ok,813.213,128,2,1,0,0,2305843009213693967:125;2305843009213693973:3,Symbolica_default,cached_powers_Q,52,12,0.641,BalancedZippelSeparated
fire7_nb0_rank1218,Automatic,1,ok,993.674,120,2,1,0,0,2305843009213693967:117;2305843009213693973:3,Symbolica_default,cached_powers_Q,45,21,0.903,BalancedZippelSeparated
fire7_nb0_rank1219,Automatic,1,ok,660.873,107,2,1,0,0,2305843009213693967:104;2305843009213693973:3,Symbolica_default,cached_powers_Q,54,8,0.459,BalancedZippelSeparated
fire7_nb0_rank1220,Automatic,1,ok,763.263,113,2,1,0,0,2305843009213693967:110;2305843009213693973:3,Symbolica_default,cached_powers_Q,45,20,0.480,BalancedZippelSeparated
fire7_nb0_rank1221,Automatic,1,ok,709.113,107,2,1,0,0,2305843009213693967:104;2305843009213693973:3,Symbolica_default,cached_powers_Q,53,12,0.443,BalancedZippelSeparated
fire7_nb0_rank1222,Automatic,1,ok,1316.826,126,2,1,0,0,2305843009213693967:123;2305843009213693973:3,Symbolica_default,cached_powers_Q,45,21,0.680,BalancedZippelSeparated
fire7_nb0_rank1223,Automatic,1,ok,816.013,120,2,1,0,0,2305843009213693967:117;2305843009213693973:3,Symbolica_default,cached_powers_Q,45,21,0.653,BalancedZippelSeparated
fire7_nb0_rank1224,Automatic,1,ok,565.363,107,2,1,0,0,2305843009213693967:104;2305843009213693973:3,Symbolica_default,cached_powers_Q,29,36,0.717,BalancedZippelSeparated
fire7_nb0_rank1225,Automatic,1,ok,786.483,109,2,1,0,0,2305843009213693967:106;2305843009213693973:3,Symbolica_default,cached_powers_Q,30,36,0.499,BalancedZippelSeparated
fire7_nb0_rank1226,Automatic,1,ok,1008.494,111,2,1,0,0,2305843009213693967:108;2305843009213693973:3,Symbolica_default,cached_powers_Q,30,36,0.848,BalancedZippelSeparated
fire7_nb0_rank1227,Automatic,1,ok,745.893,109,2,1,0,0,2305843009213693967:106;2305843009213693973:3,Symbolica_default,cached_powers_Q,30,36,0.514,BalancedZippelSeparated
fire7_nb0_rank1228,Automatic,1,ok,648.873,119,2,1,0,0,2305843009213693967:116;2305843009213693973:3,Symbolica_default,cached_powers_Q,36,27,0.491,BalancedZippelSeparated
fire7_nb0_rank1229,Automatic,1,ok,488.582,114,2,1,0,0,2305843009213693967:111;2305843009213693973:3,Symbolica_default,cached_powers_Q,36,27,0.352,BalancedZippelSeparated
fire7_nb0_rank1230,Automatic,1,ok,816.113,119,2,1,0,0,2305843009213693967:116;2305843009213693973:3,Symbolica_default,cached_powers_Q,36,27,0.344,BalancedZippelSeparated
fire7_nb0_rank1231,Automatic,1,ok,497.512,114,2,1,0,0,2305843009213693967:111;2305843009213693973:3,Symbolica_default,cached_powers_Q,36,27,0.360,BalancedZippelSeparated
fire7_nb0_rank1232,Automatic,1,ok,558.683,88,2,1,0,0,2305843009213693967:85;2305843009213693973:3,Symbolica_default,cached_powers_Q,35,18,0.410,BalancedZippelSeparated
fire7_nb0_rank1233,Automatic,1,ok,634.053,96,2,1,0,0,2305843009213693967:93;2305843009213693973:3,Symbolica_default,cached_powers_Q,45,12,0.584,BalancedZippelSeparated
fire7_nb0_rank1234,Automatic,1,ok,768.863,120,2,1,0,0,2305843009213693967:117;2305843009213693973:3,Symbolica_default,cached_powers_Q,48,16,1.079,BalancedZippelSeparated
fire7_nb0_rank1235,Automatic,1,ok,893.793,119,2,1,0,0,2305843009213693967:116;2305843009213693973:3,Symbolica_default,cached_powers_Q,40,21,1.027,BalancedZippelSeparated
fire7_nb0_rank1236,Automatic,1,ok,783.603,120,2,1,0,0,2305843009213693967:117;2305843009213693973:3,Symbolica_default,cached_powers_Q,16,48,0.641,BalancedZippelSeparated
fire7_nb0_rank1237,Automatic,1,ok,552.872,120,2,1,0,0,2305843009213693967:117;2305843009213693973:3,Symbolica_default,cached_powers_Q,16,48,0.429,BalancedZippelSeparated
fire7_nb0_rank1238,Automatic,1,ok,598.972,114,2,1,0,0,2305843009213693967:111;2305843009213693973:3,Symbolica_default,cached_powers_Q,45,21,0.800,BalancedZippelSeparated
fire7_nb0_rank1239,Automatic,1,ok,679.833,120,2,1,0,0,2305843009213693967:117;2305843009213693973:3,Symbolica_default,cached_powers_Q,45,18,0.573,BalancedZippelSeparated
fire7_nb0_rank1240,Automatic,1,ok,766.263,113,2,1,0,0,2305843009213693967:110;2305843009213693973:3,Symbolica_default,cached_powers_Q,30,36,0.557,BalancedZippelSeparated
fire7_nb0_rank1241,Automatic,1,ok,698.453,144,2,1,0,0,2305843009213693967:141;2305843009213693973:3,Symbolica_default,cached_powers_Q,52,10,0.414,BalancedZippelSeparated
fire7_nb0_rank1242,Automatic,1,ok,715.453,131,2,1,0,0,2305843009213693967:128;2305843009213693973:3,Symbolica_default,cached_powers_Q,45,18,0.619,BalancedZippelSeparated
fire7_nb0_rank1243,Automatic,1,ok,1059.294,106,2,1,0,0,2305843009213693967:103;2305843009213693973:3,Symbolica_default,cached_powers_Q,45,12,0.628,BalancedZippelSeparated
fire7_nb0_rank1244,Automatic,1,ok,952.234,141,2,1,0,0,2305843009213693967:138;2305843009213693973:3,Symbolica_default,cached_powers_Q,52,14,0.486,BalancedZippelSeparated
fire7_nb0_rank1245,Automatic,1,ok,928.074,158,2,1,0,0,2305843009213693967:155;2305843009213693973:3,Symbolica_default,cached_powers_Q,41,26,0.528,BalancedZippelSeparated
fire7_nb0_rank1246,Automatic,1,ok,758.883,126,2,1,0,0,2305843009213693967:123;2305843009213693973:3,Symbolica_default,cached_powers_Q,45,18,0.469,BalancedZippelSeparated
fire7_nb0_rank1247,Automatic,1,ok,821.914,118,2,1,0,0,2305843009213693967:115;2305843009213693973:3,Symbolica_default,cached_powers_Q,48,18,0.935,BalancedZippelSeparated
fire7_nb0_rank1248,Automatic,1,ok,930.004,159,2,1,0,0,2305843009213693967:156;2305843009213693973:3,Symbolica_default,cached_powers_Q,46,18,0.509,BalancedZippelSeparated
fire7_nb0_rank1249,Automatic,1,ok,737.283,138,2,1,0,0,2305843009213693967:135;2305843009213693973:3,Symbolica_default,cached_powers_Q,52,8,0.605,BalancedZippelSeparated
fire7_nb0_rank1250,Automatic,1,ok,929.074,101,2,1,0,0,2305843009213693967:98;2305843009213693973:3,Symbolica_default,cached_powers_Q,42,15,0.800,BalancedZippelSeparated
fire7_nb0_rank1251,Automatic,1,ok,972.154,166,2,1,0,0,2305843009213693967:163;2305843009213693973:3,Symbolica_default,cached_powers_Q,54,16,0.706,BalancedZippelSeparated
fire7_nb0_rank1252,Automatic,1,ok,978.054,166,2,1,0,0,2305843009213693967:163;2305843009213693973:3,Symbolica_default,cached_powers_Q,44,24,0.719,BalancedZippelSeparated
fire7_nb0_rank1253,Automatic,1,ok,785.953,131,2,1,0,0,2305843009213693967:128;2305843009213693973:3,Symbolica_default,cached_powers_Q,40,27,0.417,BalancedZippelSeparated
fire7_nb0_rank1254,Automatic,1,ok,955.774,106,2,1,0,0,2305843009213693967:103;2305843009213693973:3,Symbolica_default,cached_powers_Q,36,28,0.802,BalancedZippelSeparated
fire7_nb0_rank1255,Automatic,1,ok,758.603,105,2,1,0,0,2305843009213693967:102;2305843009213693973:3,Symbolica_default,cached_powers_Q,24,36,0.659,BalancedZippelSeparated
fire7_nb0_rank1256,Automatic,1,ok,737.023,105,2,1,0,0,2305843009213693967:102;2305843009213693973:3,Symbolica_default,cached_powers_Q,24,36,0.688,BalancedZippelSeparated
fire7_nb0_rank1257,Automatic,1,ok,901.174,148,2,1,0,0,2305843009213693967:145;2305843009213693973:3,Symbolica_default,cached_powers_Q,51,14,0.481,BalancedZippelSeparated
fire7_nb0_rank1258,Automatic,1,ok,1107.014,152,2,1,0,0,2305843009213693967:149;2305843009213693973:3,Symbolica_default,cached_powers_Q,51,14,0.884,BalancedZippelSeparated
fire7_nb0_rank1259,Automatic,1,ok,463.542,111,2,1,0,0,2305843009213693967:108;2305843009213693973:3,Symbolica_default,cached_powers_Q,54,4,0.396,BalancedZippelSeparated
fire7_nb0_rank1260,Automatic,1,ok,691.743,113,2,1,0,0,2305843009213693967:110;2305843009213693973:3,Symbolica_default,cached_powers_Q,45,15,0.424,BalancedZippelSeparated
fire7_nb0_rank1261,Automatic,1,ok,810.044,137,2,1,0,0,2305843009213693967:134;2305843009213693973:3,Symbolica_default,cached_powers_Q,48,21,0.706,BalancedZippelSeparated
fire7_nb0_rank1262,Automatic,1,ok,510.672,101,2,1,0,0,2305843009213693967:98;2305843009213693973:3,Symbolica_default,cached_powers_Q,47,12,0.640,BalancedZippelSeparated
fire7_nb0_rank1263,Automatic,1,ok,1088.114,132,2,1,0,0,2305843009213693967:129;2305843009213693973:3,Symbolica_default,cached_powers_Q,52,10,0.818,BalancedZippelSeparated
fire7_nb0_rank1264,Automatic,1,ok,781.783,137,2,1,0,0,2305843009213693967:134;2305843009213693973:3,Symbolica_default,cached_powers_Q,36,30,0.624,BalancedZippelSeparated
fire7_nb0_rank1265,Automatic,1,ok,691.213,115,2,1,0,0,2305843009213693967:112;2305843009213693973:3,Symbolica_default,cached_powers_Q,45,18,0.825,BalancedZippelSeparated
fire7_nb0_rank1266,Automatic,1,ok,600.662,98,2,1,0,0,2305843009213693967:95;2305843009213693973:3,Symbolica_default,cached_powers_Q,39,12,0.459,BalancedZippelSeparated
fire7_nb0_rank1267,Automatic,1,ok,1141.085,151,2,1,0,0,2305843009213693967:148;2305843009213693973:3,Symbolica_default,cached_powers_Q,44,18,0.894,BalancedZippelSeparated
fire7_nb0_rank1268,Automatic,1,ok,654.282,85,2,1,0,0,2305843009213693967:82;2305843009213693973:3,Symbolica_default,cached_powers_Q,28,24,0.461,BalancedZippelSeparated
fire7_nb0_rank1269,Automatic,1,ok,615.143,85,2,1,0,0,2305843009213693967:82;2305843009213693973:3,Symbolica_default,cached_powers_Q,28,24,0.601,BalancedZippelSeparated
fire7_nb0_rank1270,Automatic,1,ok,759.843,104,2,1,0,0,2305843009213693967:101;2305843009213693973:3,Symbolica_default,cached_powers_Q,40,21,0.829,BalancedZippelSeparated
fire7_nb0_rank1271,Automatic,1,ok,973.724,102,2,1,0,0,2305843009213693967:99;2305843009213693973:3,Symbolica_default,cached_powers_Q,42,12,0.608,BalancedZippelSeparated
fire7_nb0_rank1272,Automatic,1,ok,834.983,147,2,1,0,0,2305843009213693967:144;2305843009213693973:3,Symbolica_default,cached_powers_Q,52,14,0.553,BalancedZippelSeparated
fire7_nb0_rank1273,Automatic,1,ok,734.592,125,2,1,0,0,2305843009213693967:122;2305843009213693973:3,Symbolica_default,cached_powers_Q,42,21,0.530,BalancedZippelSeparated
fire7_nb0_rank1274,Automatic,1,ok,892.553,173,2,1,0,0,2305843009213693967:170;2305843009213693973:3,Symbolica_default,cached_powers_Q,43,24,0.566,BalancedZippelSeparated
fire7_nb0_rank1275,Automatic,1,ok,869.903,173,2,1,0,0,2305843009213693967:170;2305843009213693973:3,Symbolica_default,cached_powers_Q,43,24,0.583,BalancedZippelSeparated
fire7_nb0_rank1276,Automatic,1,ok,1016.194,166,2,1,0,0,2305843009213693967:163;2305843009213693973:3,Symbolica_default,cached_powers_Q,44,24,0.458,BalancedZippelSeparated
fire7_nb0_rank1277,Automatic,1,ok,906.934,144,2,1,0,0,2305843009213693967:141;2305843009213693973:3,Symbolica_default,cached_powers_Q,44,24,0.891,BalancedZippelSeparated
fire7_nb0_rank1278,Automatic,1,ok,923.854,137,2,1,0,0,2305843009213693967:134;2305843009213693973:3,Symbolica_default,cached_powers_Q,44,18,0.433,BalancedZippelSeparated
fire7_nb0_rank1279,Automatic,1,ok,999.894,111,2,1,0,0,2305843009213693967:108;2305843009213693973:3,Symbolica_default,cached_powers_Q,45,15,0.779,BalancedZippelSeparated
fire7_nb0_rank1280,Automatic,1,ok,728.423,105,2,1,0,0,2305843009213693967:102;2305843009213693973:3,Symbolica_default,cached_powers_Q,40,18,0.656,BalancedZippelSeparated
fire7_nb0_rank1281,Automatic,1,ok,888.543,158,2,1,0,0,2305843009213693967:155;2305843009213693973:3,Symbolica_default,cached_powers_Q,42,26,0.701,BalancedZippelSeparated
fire7_nb0_rank1282,Automatic,1,ok,696.553,114,2,1,0,0,2305843009213693967:111;2305843009213693973:3,Symbolica_default,cached_powers_Q,21,40,0.551,BalancedZippelSeparated
fire7_nb0_rank1283,Automatic,1,ok,1069.785,134,2,1,0,0,2305843009213693967:131;2305843009213693973:3,Symbolica_default,cached_powers_Q,6,60,0.336,BalancedZippelSeparated
fire7_nb0_rank1284,Automatic,1,ok,662.693,149,2,1,0,0,2305843009213693967:146;2305843009213693973:3,Symbolica_default,cached_powers_Q,56,8,0.518,BalancedZippelSeparated
fire7_nb0_rank1285,Automatic,1,ok,655.893,125,2,1,0,0,2305843009213693967:122;2305843009213693973:3,Symbolica_default,cached_powers_Q,40,20,0.400,BalancedZippelSeparated
fire7_nb0_rank1286,Automatic,1,ok,688.863,95,2,1,0,0,2305843009213693967:92;2305843009213693973:3,Symbolica_default,cached_powers_Q,41,15,0.426,BalancedZippelSeparated
fire7_nb0_rank1287,Automatic,1,ok,940.074,137,2,1,0,0,2305843009213693967:134;2305843009213693973:3,Symbolica_default,cached_powers_Q,36,27,0.637,BalancedZippelSeparated
fire7_nb0_rank1288,Automatic,1,ok,745.603,100,2,1,0,0,2305843009213693967:97;2305843009213693973:3,Symbolica_default,cached_powers_Q,30,28,0.668,BalancedZippelSeparated
fire7_nb0_rank1289,Automatic,1,ok,755.783,92,2,1,0,0,2305843009213693967:89;2305843009213693973:3,Symbolica_default,cached_powers_Q,30,28,0.528,BalancedZippelSeparated
fire7_nb0_rank1290,Automatic,1,ok,820.193,137,2,1,0,0,2305843009213693967:134;2305843009213693973:3,Symbolica_default,cached_powers_Q,43,18,0.624,BalancedZippelSeparated
fire7_nb0_rank1291,Automatic,1,ok,655.653,109,2,1,0,0,2305843009213693967:106;2305843009213693973:3,Symbolica_default,cached_powers_Q,45,8,0.643,BalancedZippelSeparated
fire7_nb0_rank1292,Automatic,1,ok,631.863,109,2,1,0,0,2305843009213693967:106;2305843009213693973:3,Symbolica_default,cached_powers_Q,39,24,0.415,BalancedZippelSeparated
fire7_nb0_rank1293,Automatic,1,ok,754.683,132,2,1,0,0,2305843009213693967:129;2305843009213693973:3,Symbolica_default,cached_powers_Q,30,36,0.638,BalancedZippelSeparated
fire7_nb0_rank1294,Automatic,1,ok,563.782,111,2,1,0,0,2305843009213693967:108;2305843009213693973:3,Symbolica_default,cached_powers_Q,45,15,0.630,BalancedZippelSeparated
fire7_nb0_rank1295,Automatic,1,ok,930.024,167,2,1,0,0,2305843009213693967:164;2305843009213693973:3,Symbolica_default,cached_powers_Q,42,26,0.541,BalancedZippelSeparated
fire7_nb0_rank1296,Automatic,1,ok,754.963,94,2,1,0,0,2305843009213693967:91;2305843009213693973:3,Symbolica_default,cached_powers_Q,36,15,0.437,BalancedZippelSeparated
fire7_nb0_rank1297,Automatic,1,ok,1015.645,137,2,1,0,0,2305843009213693967:134;2305843009213693973:3,Symbolica_default,cached_powers_Q,36,27,0.753,BalancedZippelSeparated
fire7_nb0_rank1298,Automatic,1,ok,761.743,111,2,1,0,0,2305843009213693967:108;2305843009213693973:3,Symbolica_default,cached_powers_Q,45,15,0.657,BalancedZippelSeparated
fire7_nb0_rank1299,Automatic,1,ok,774.913,120,2,1,0,0,2305843009213693967:117;2305843009213693973:3,Symbolica_default,cached_powers_Q,45,15,0.471,BalancedZippelSeparated
fire7_nb0_rank1300,Automatic,1,ok,806.893,135,2,1,0,0,2305843009213693967:132;2305843009213693973:3,Symbolica_default,cached_powers_Q,28,36,0.443,BalancedZippelSeparated
fire7_nb0_rank1301,Automatic,1,ok,870.213,152,2,1,0,0,2305843009213693967:149;2305843009213693973:3,Symbolica_default,cached_powers_Q,39,26,0.523,BalancedZippelSeparated
fire7_nb0_rank1302,Automatic,1,ok,689.553,100,2,1,0,0,2305843009213693967:97;2305843009213693973:3,Symbolica_default,cached_powers_Q,42,12,0.429,BalancedZippelSeparated
fire7_nb0_rank1303,Automatic,1,ok,825.943,122,2,1,0,0,2305843009213693967:119;2305843009213693973:3,Symbolica_default,cached_powers_Q,40,18,0.438,BalancedZippelSeparated
fire7_nb0_rank1304,Automatic,1,ok,721.973,137,2,1,0,0,2305843009213693967:134;2305843009213693973:3,Symbolica_default,cached_powers_Q,36,27,0.635,BalancedZippelSeparated
fire7_nb0_rank1305,Automatic,1,ok,782.653,122,2,1,0,0,2305843009213693967:119;2305843009213693973:3,Symbolica_default,cached_powers_Q,40,18,0.640,BalancedZippelSeparated
fire7_nb0_rank1306,Automatic,1,ok,1158.395,130,2,1,0,0,2305843009213693967:127;2305843009213693973:3,Symbolica_default,cached_powers_Q,40,18,0.637,BalancedZippelSeparated
fire7_nb0_rank1307,Automatic,1,ok,657.383,83,2,1,0,0,2305843009213693967:80;2305843009213693973:3,Symbolica_default,cached_powers_Q,27,25,0.671,BalancedZippelSeparated
fire7_nb0_rank1308,Automatic,1,ok,995.924,120,2,1,0,0,2305843009213693967:117;2305843009213693973:3,Symbolica_default,cached_powers_Q,40,18,0.872,BalancedZippelSeparated
fire7_nb0_rank1309,Automatic,1,ok,726.043,122,2,1,0,0,2305843009213693967:119;2305843009213693973:3,Symbolica_default,cached_powers_Q,36,24,0.428,BalancedZippelSeparated
fire7_nb0_rank1310,Automatic,1,ok,747.783,127,2,1,0,0,2305843009213693967:124;2305843009213693973:3,Symbolica_default,cached_powers_Q,36,27,0.414,BalancedZippelSeparated
fire7_nb0_rank1311,Automatic,1,ok,984.614,106,2,1,0,0,2305843009213693967:103;2305843009213693973:3,Symbolica_default,cached_powers_Q,42,15,0.873,BalancedZippelSeparated
fire7_nb0_rank1312,Automatic,1,ok,711.523,114,2,1,0,0,2305843009213693967:111;2305843009213693973:3,Symbolica_default,cached_powers_Q,50,6,0.443,BalancedZippelSeparated
fire7_nb0_rank1313,Automatic,1,ok,950.824,127,2,1,0,0,2305843009213693967:124;2305843009213693973:3,Symbolica_default,cached_powers_Q,36,27,0.812,BalancedZippelSeparated
fire7_nb0_rank1314,Automatic,1,ok,778.703,127,2,1,0,0,2305843009213693967:124;2305843009213693973:3,Symbolica_default,cached_powers_Q,40,20,0.464,BalancedZippelSeparated
fire7_nb0_rank1315,Automatic,1,ok,682.553,96,2,1,0,0,2305843009213693967:93;2305843009213693973:3,Symbolica_default,cached_powers_Q,18,45,0.626,BalancedZippelSeparated
fire7_nb0_rank1316,Automatic,1,ok,769.663,120,2,1,0,0,2305843009213693967:117;2305843009213693973:3,Symbolica_default,cached_powers_Q,29,36,0.614,BalancedZippelSeparated
fire7_nb0_rank1317,Automatic,1,ok,651.713,97,2,1,0,0,2305843009213693967:94;2305843009213693973:3,Symbolica_default,cached_powers_Q,45,12,0.461,BalancedZippelSeparated
fire7_nb0_rank1318,Automatic,1,ok,921.584,132,2,1,0,0,2305843009213693967:129;2305843009213693973:3,Symbolica_default,cached_powers_Q,44,14,0.461,BalancedZippelSeparated
fire7_nb0_rank1319,Automatic,1,ok,736.473,119,2,1,0,0,2305843009213693967:116;2305843009213693973:3,Symbolica_default,cached_powers_Q,36,27,0.411,BalancedZippelSeparated
fire7_nb0_rank1320,Automatic,1,ok,460.172,102,2,1,0,0,2305843009213693967:99;2305843009213693973:3,Symbolica_default,cached_powers_Q,18,36,0.623,BalancedZippelSeparated
fire7_nb0_rank1321,Automatic,1,ok,1149.254,144,2,1,0,0,2305843009213693967:141;2305843009213693973:3,Symbolica_default,cached_powers_Q,40,24,0.859,BalancedZippelSeparated
fire7_nb0_rank1322,Automatic,1,ok,885.174,154,2,1,0,0,2305843009213693967:151;2305843009213693973:3,Symbolica_default,cached_powers_Q,40,24,0.650,BalancedZippelSeparated
fire7_nb0_rank1323,Automatic,1,ok,941.124,131,2,1,0,0,2305843009213693967:128;2305843009213693973:3,Symbolica_default,cached_powers_Q,36,27,0.590,BalancedZippelSeparated
fire7_nb0_rank1324,Automatic,1,ok,858.904,113,2,1,0,0,2305843009213693967:110;2305843009213693973:3,Symbolica_default,cached_powers_Q,40,20,0.455,BalancedZippelSeparated
fire7_nb0_rank1325,Automatic,1,ok,824.874,123,2,1,0,0,2305843009213693967:120;2305843009213693973:3,Symbolica_default,cached_powers_Q,36,27,0.597,BalancedZippelSeparated
fire7_nb0_rank1326,Automatic,1,ok,895.723,160,2,1,0,0,2305843009213693967:157;2305843009213693973:3,Symbolica_default,cached_powers_Q,48,10,0.450,BalancedZippelSeparated
fire7_nb0_rank1327,Automatic,1,ok,688.033,118,2,1,0,0,2305843009213693967:115;2305843009213693973:3,Symbolica_default,cached_powers_Q,47,9,0.440,BalancedZippelSeparated
fire7_nb0_rank1328,Automatic,1,ok,922.484,99,2,1,0,0,2305843009213693967:96;2305843009213693973:3,Symbolica_default,cached_powers_Q,35,24,0.908,BalancedZippelSeparated
fire7_nb0_rank1329,Automatic,1,ok,733.883,114,2,1,0,0,2305843009213693967:111;2305843009213693973:3,Symbolica_default,cached_powers_Q,45,12,0.616,BalancedZippelSeparated
fire7_nb0_rank1330,Automatic,1,ok,813.903,107,2,1,0,0,2305843009213693967:104;2305843009213693973:3,Symbolica_default,cached_powers_Q,32,21,0.729,BalancedZippelSeparated
fire7_nb0_rank1331,Automatic,1,ok,783.924,107,2,1,0,0,2305843009213693967:104;2305843009213693973:3,Symbolica_default,cached_powers_Q,32,21,0.674,BalancedZippelSeparated
fire7_nb0_rank1332,Automatic,1,ok,775.643,111,2,1,0,0,2305843009213693967:108;2305843009213693973:3,Symbolica_default,cached_powers_Q,30,24,0.880,BalancedZippelSeparated
fire7_nb0_rank1333,Automatic,1,ok,810.143,93,2,1,0,0,2305843009213693967:90;2305843009213693973:3,Symbolica_default,cached_powers_Q,42,12,0.433,BalancedZippelSeparated
fire7_nb0_rank1334,Automatic,1,ok,793.133,94,2,1,0,0,2305843009213693967:91;2305843009213693973:3,Symbolica_default,cached_powers_Q,30,20,0.794,BalancedZippelSeparated
fire7_nb0_rank1335,Automatic,1,ok,692.893,94,2,1,0,0,2305843009213693967:91;2305843009213693973:3,Symbolica_default,cached_powers_Q,45,12,0.457,BalancedZippelSeparated
fire7_nb0_rank1336,Automatic,1,ok,482.742,89,2,1,0,0,2305843009213693967:86;2305843009213693973:3,Symbolica_default,cached_powers_Q,45,12,0.599,BalancedZippelSeparated
fire7_nb0_rank1337,Automatic,1,ok,765.803,111,2,1,0,0,2305843009213693967:108;2305843009213693973:3,Symbolica_default,cached_powers_Q,45,10,0.790,BalancedZippelSeparated
fire7_nb0_rank1338,Automatic,1,ok,872.944,154,2,1,0,0,2305843009213693967:151;2305843009213693973:3,Symbolica_default,cached_powers_Q,48,14,0.707,BalancedZippelSeparated
fire7_nb0_rank1339,Automatic,1,ok,497.262,92,2,1,0,0,2305843009213693967:89;2305843009213693973:3,Symbolica_default,cached_powers_Q,42,10,0.563,BalancedZippelSeparated
fire7_nb0_rank1340,Automatic,1,ok,450.712,93,2,1,0,0,2305843009213693967:90;2305843009213693973:3,Symbolica_default,cached_powers_Q,40,10,0.441,BalancedZippelSeparated
fire7_nb0_rank1341,Automatic,1,ok,670.783,87,2,1,0,0,2305843009213693967:84;2305843009213693973:3,Symbolica_default,cached_powers_Q,24,28,0.648,BalancedZippelSeparated
fire7_nb0_rank1342,Automatic,1,ok,910.513,125,2,1,0,0,2305843009213693967:122;2305843009213693973:3,Symbolica_default,cached_powers_Q,36,27,0.607,BalancedZippelSeparated
fire7_nb0_rank1343,Automatic,1,ok,457.442,92,2,1,0,0,2305843009213693967:89;2305843009213693973:3,Symbolica_default,cached_powers_Q,40,10,0.616,BalancedZippelSeparated
fire7_nb0_rank1344,Automatic,1,ok,902.194,176,2,1,0,0,2305843009213693967:173;2305843009213693973:3,Symbolica_default,cached_powers_Q,38,24,0.712,BalancedZippelSeparated
fire7_nb0_rank1345,Automatic,1,ok,564.572,97,2,1,0,0,2305843009213693967:94;2305843009213693973:3,Symbolica_default,cached_powers_Q,40,15,0.559,BalancedZippelSeparated
fire7_nb0_rank1346,Automatic,1,ok,923.993,109,2,1,0,0,2305843009213693967:106;2305843009213693973:3,Symbolica_default,cached_powers_Q,25,36,0.881,BalancedZippelSeparated
fire7_nb0_rank1347,Automatic,1,ok,697.123,98,2,1,0,0,2305843009213693967:95;2305843009213693973:3,Symbolica_default,cached_powers_Q,18,36,0.470,BalancedZippelSeparated
fire7_nb0_rank1348,Automatic,1,ok,829.893,114,2,1,0,0,2305843009213693967:111;2305843009213693973:3,Symbolica_default,cached_powers_Q,37,18,0.441,BalancedZippelSeparated
fire7_nb0_rank1349,Automatic,1,ok,1037.634,163,2,1,0,0,2305843009213693967:160;2305843009213693973:3,Symbolica_default,cached_powers_Q,40,24,0.703,BalancedZippelSeparated
fire7_nb0_rank1350,Automatic,1,ok,1094.044,139,2,1,0,0,2305843009213693967:136;2305843009213693973:3,Symbolica_default,cached_powers_Q,36,20,0.449,BalancedZippelSeparated
fire7_nb0_rank1351,Automatic,1,ok,918.764,103,2,1,0,0,2305843009213693967:100;2305843009213693973:3,Symbolica_default,cached_powers_Q,44,12,0.812,BalancedZippelSeparated
fire7_nb0_rank1352,Automatic,1,ok,597.132,106,2,1,0,0,2305843009213693967:103;2305843009213693973:3,Symbolica_default,cached_powers_Q,40,15,0.450,BalancedZippelSeparated
fire7_nb0_rank1353,Automatic,1,ok,733.093,82,2,1,0,0,2305843009213693967:79;2305843009213693973:3,Symbolica_default,cached_powers_Q,28,18,0.579,BalancedZippelSeparated
fire7_nb0_rank1354,Automatic,1,ok,614.362,82,2,1,0,0,2305843009213693967:79;2305843009213693973:3,Symbolica_default,cached_powers_Q,28,18,0.394,BalancedZippelSeparated
fire7_nb0_rank1355,Automatic,1,ok,688.743,96,2,1,0,0,2305843009213693967:93;2305843009213693973:3,Symbolica_default,cached_powers_Q,40,15,0.628,BalancedZippelSeparated
fire7_nb0_rank1356,Automatic,1,ok,981.364,146,2,1,0,0,2305843009213693967:143;2305843009213693973:3,Symbolica_default,cached_powers_Q,50,8,0.868,BalancedZippelSeparated
fire7_nb0_rank1357,Automatic,1,ok,843.613,139,2,1,0,0,2305843009213693967:136;2305843009213693973:3,Symbolica_default,cached_powers_Q,42,14,0.454,BalancedZippelSeparated
fire7_nb0_rank1358,Automatic,1,ok,886.443,117,2,1,0,0,2305843009213693967:114;2305843009213693973:3,Symbolica_default,cached_powers_Q,35,27,0.798,BalancedZippelSeparated
fire7_nb0_rank1359,Automatic,1,ok,739.154,109,2,1,0,0,2305843009213693967:106;2305843009213693973:3,Symbolica_default,cached_powers_Q,25,36,0.498,BalancedZippelSeparated
fire7_nb0_rank1360,Automatic,1,ok,1112.745,109,2,1,0,0,2305843009213693967:106;2305843009213693973:3,Symbolica_default,cached_powers_Q,25,36,0.636,BalancedZippelSeparated
fire7_nb0_rank1361,Automatic,1,ok,714.773,110,2,1,0,0,2305843009213693967:107;2305843009213693973:3,Symbolica_default,cached_powers_Q,36,21,0.532,BalancedZippelSeparated
fire7_nb0_rank1362,Automatic,1,ok,729.323,109,2,1,0,0,2305843009213693967:106;2305843009213693973:3,Symbolica_default,cached_powers_Q,25,36,0.642,BalancedZippelSeparated
fire7_nb0_rank1363,Automatic,1,ok,1054.035,145,2,1,0,0,2305843009213693967:142;2305843009213693973:3,Symbolica_default,cached_powers_Q,36,20,0.840,BalancedZippelSeparated
fire7_nb0_rank1364,Automatic,1,ok,689.743,103,2,1,0,0,2305843009213693967:100;2305843009213693973:3,Symbolica_default,cached_powers_Q,5,56,0.397,BalancedZippelSeparated
fire7_nb0_rank1365,Automatic,1,ok,675.713,102,2,1,0,0,2305843009213693967:99;2305843009213693973:3,Symbolica_default,cached_powers_Q,5,56,0.640,BalancedZippelSeparated
fire7_nb0_rank1366,Automatic,1,ok,691.112,109,2,1,0,0,2305843009213693967:106;2305843009213693973:3,Symbolica_default,cached_powers_Q,25,36,0.658,BalancedZippelSeparated
fire7_nb0_rank1367,Automatic,1,ok,1024.724,104,2,1,0,0,2305843009213693967:101;2305843009213693973:3,Symbolica_default,cached_powers_Q,35,18,0.836,BalancedZippelSeparated
fire7_nb0_rank1368,Automatic,1,ok,631.332,85,2,1,0,0,2305843009213693967:82;2305843009213693973:3,Symbolica_default,cached_powers_Q,38,12,0.427,BalancedZippelSeparated
fire7_nb0_rank1369,Automatic,1,ok,615.983,87,2,1,0,0,2305843009213693967:84;2305843009213693973:3,Symbolica_default,cached_powers_Q,18,35,0.472,BalancedZippelSeparated
fire7_nb0_rank1370,Automatic,1,ok,541.972,120,2,1,0,0,2305843009213693967:117;2305843009213693973:3,Symbolica_default,cached_powers_Q,32,27,0.572,BalancedZippelSeparated
fire7_nb0_rank1371,Automatic,1,ok,871.944,98,2,1,0,0,2305843009213693967:95;2305843009213693973:3,Symbolica_default,cached_powers_Q,18,36,0.818,BalancedZippelSeparated
fire7_nb0_rank1372,Automatic,1,ok,698.373,98,2,1,0,0,2305843009213693967:95;2305843009213693973:3,Symbolica_default,cached_powers_Q,30,28,0.660,BalancedZippelSeparated
fire7_nb0_rank1373,Automatic,1,ok,728.243,105,2,1,0,0,2305843009213693967:102;2305843009213693973:3,Symbolica_default,cached_powers_Q,45,10,0.432,BalancedZippelSeparated
fire7_nb0_rank1374,Automatic,1,ok,1278.415,148,2,1,0,0,2305843009213693967:145;2305843009213693973:3,Symbolica_default,cached_powers_Q,45,14,0.599,BalancedZippelSeparated
fire7_nb0_rank1375,Automatic,1,ok,669.973,88,2,1,0,0,2305843009213693967:85;2305843009213693973:3,Symbolica_default,cached_powers_Q,34,12,0.668,BalancedZippelSeparated
fire7_nb0_rank1376,Automatic,1,ok,632.583,89,2,1,0,0,2305843009213693967:86;2305843009213693973:3,Symbolica_default,cached_powers_Q,30,20,0.410,BalancedZippelSeparated
fire7_nb0_rank1377,Automatic,1,ok,443.482,89,2,1,0,0,2305843009213693967:86;2305843009213693973:3,Symbolica_default,cached_powers_Q,30,20,0.370,BalancedZippelSeparated
fire7_nb0_rank1378,Automatic,1,ok,602.812,113,2,1,0,0,2305843009213693967:110;2305843009213693973:3,Symbolica_default,cached_powers_Q,30,27,0.355,BalancedZippelSeparated
fire7_nb0_rank1379,Automatic,1,ok,758.683,93,2,1,0,0,2305843009213693967:90;2305843009213693973:3,Symbolica_default,cached_powers_Q,18,36,0.360,BalancedZippelSeparated
fire7_nb0_rank1380,Automatic,1,ok,653.763,122,2,1,0,0,2305843009213693967:119;2305843009213693973:3,Symbolica_default,cached_powers_Q,23,39,0.510,BalancedZippelSeparated
fire7_nb0_rank1381,Automatic,1,ok,788.714,86,2,1,0,0,2305843009213693967:83;2305843009213693973:3,Symbolica_default,cached_powers_Q,36,9,0.480,BalancedZippelSeparated
fire7_nb0_rank1382,Automatic,1,ok,877.044,122,2,1,0,0,2305843009213693967:119;2305843009213693973:3,Symbolica_default,cached_powers_Q,40,15,0.751,BalancedZippelSeparated
fire7_nb0_rank1383,Automatic,1,ok,1127.924,125,2,1,0,0,2305843009213693967:122;2305843009213693973:3,Symbolica_default,cached_powers_Q,36,21,0.621,BalancedZippelSeparated
fire7_nb0_rank1384,Automatic,1,ok,724.923,77,2,1,0,0,2305843009213693967:74;2305843009213693973:3,Symbolica_default,cached_powers_Q,24,25,0.627,BalancedZippelSeparated
fire7_nb0_rank1385,Automatic,1,ok,579.643,89,2,1,0,0,2305843009213693967:86;2305843009213693973:3,Symbolica_default,cached_powers_Q,22,25,0.532,BalancedZippelSeparated
fire7_nb0_rank1386,Automatic,1,ok,662.842,93,2,1,0,0,2305843009213693967:90;2305843009213693973:3,Symbolica_default,cached_powers_Q,42,9,0.343,BalancedZippelSeparated
fire7_nb0_rank1387,Automatic,1,ok,675.643,125,2,1,0,0,2305843009213693967:122;2305843009213693973:3,Symbolica_default,cached_powers_Q,36,21,0.523,BalancedZippelSeparated
fire7_nb0_rank1388,Automatic,1,ok,888.924,211,2,1,0,0,2305843009213693967:208;2305843009213693973:3,Symbolica_default,cached_powers_Q,42,14,0.502,BalancedZippelSeparated
fire7_nb0_rank1389,Automatic,1,ok,541.532,87,2,1,0,0,2305843009213693967:84;2305843009213693973:3,Symbolica_default,cached_powers_Q,18,35,0.503,BalancedZippelSeparated
fire7_nb0_rank1390,Automatic,1,ok,841.243,160,2,1,0,0,2305843009213693967:157;2305843009213693973:3,Symbolica_default,cached_powers_Q,32,28,0.404,BalancedZippelSeparated
fire7_nb0_rank1391,Automatic,1,ok,831.483,141,2,1,0,0,2305843009213693967:138;2305843009213693973:3,Symbolica_default,cached_powers_Q,25,28,0.477,BalancedZippelSeparated
fire7_nb0_rank1392,Automatic,1,ok,601.752,85,2,1,0,0,2305843009213693967:82;2305843009213693973:3,Symbolica_default,cached_powers_Q,30,15,0.729,BalancedZippelSeparated
fire7_nb0_rank1393,Automatic,1,ok,847.523,141,2,1,0,0,2305843009213693967:138;2305843009213693973:3,Symbolica_default,cached_powers_Q,25,28,0.668,BalancedZippelSeparated
fire7_nb0_rank1394,Automatic,1,ok,1060.854,95,2,1,0,0,2305843009213693967:92;2305843009213693973:3,Symbolica_default,cached_powers_Q,36,15,0.574,BalancedZippelSeparated
fire7_nb0_rank1395,Automatic,1,ok,703.772,108,2,1,0,0,2305843009213693967:105;2305843009213693973:3,Symbolica_default,cached_powers_Q,36,20,0.435,BalancedZippelSeparated
fire7_nb0_rank1396,Automatic,1,ok,828.724,85,2,1,0,0,2305843009213693967:82;2305843009213693973:3,Symbolica_default,cached_powers_Q,30,20,0.515,BalancedZippelSeparated
fire7_nb0_rank1397,Automatic,1,ok,675.513,113,2,1,0,0,2305843009213693967:110;2305843009213693973:3,Symbolica_default,cached_powers_Q,36,18,0.477,BalancedZippelSeparated
fire7_nb0_rank1398,Automatic,1,ok,731.703,125,2,1,0,0,2305843009213693967:122;2305843009213693973:3,Symbolica_default,cached_powers_Q,36,21,0.630,BalancedZippelSeparated
fire7_nb0_rank1399,Automatic,1,ok,550.232,97,2,1,0,0,2305843009213693967:94;2305843009213693973:3,Symbolica_default,cached_powers_Q,35,12,0.572,BalancedZippelSeparated
fire7_nb0_rank1400,Automatic,1,ok,763.433,98,2,1,0,0,2305843009213693967:95;2305843009213693973:3,Symbolica_default,cached_powers_Q,35,18,0.438,BalancedZippelSeparated
fire7_nb0_rank1401,Automatic,1,ok,990.304,137,2,1,0,0,2305843009213693967:134;2305843009213693973:3,Symbolica_default,cached_powers_Q,36,18,0.806,BalancedZippelSeparated
fire7_nb0_rank1402,Automatic,1,ok,833.253,147,2,1,0,0,2305843009213693967:144;2305843009213693973:3,Symbolica_default,cached_powers_Q,36,24,0.659,BalancedZippelSeparated
fire7_nb0_rank1403,Automatic,1,ok,1085.364,147,2,1,0,0,2305843009213693967:144;2305843009213693973:3,Symbolica_default,cached_powers_Q,36,24,0.843,BalancedZippelSeparated
fire7_nb0_rank1404,Automatic,1,ok,668.273,128,2,1,0,0,2305843009213693967:125;2305843009213693973:3,Symbolica_default,cached_powers_Q,36,24,0.588,BalancedZippelSeparated
fire7_nb0_rank1405,Automatic,1,ok,830.193,136,2,1,0,0,2305843009213693967:133;2305843009213693973:3,Symbolica_default,cached_powers_Q,42,14,0.439,BalancedZippelSeparated
fire7_nb0_rank1406,Automatic,1,ok,971.574,107,2,1,0,0,2305843009213693967:104;2305843009213693973:3,Symbolica_default,cached_powers_Q,25,27,0.868,BalancedZippelSeparated
fire7_nb0_rank1407,Automatic,1,ok,759.473,125,2,1,0,0,2305843009213693967:122;2305843009213693973:3,Symbolica_default,cached_powers_Q,36,21,0.480,BalancedZippelSeparated
fire7_nb0_rank1408,Automatic,1,ok,762.943,130,2,1,0,0,2305843009213693967:127;2305843009213693973:3,Symbolica_default,cached_powers_Q,15,42,0.454,BalancedZippelSeparated
fire7_nb0_rank1409,Automatic,1,ok,599.043,93,2,1,0,0,2305843009213693967:90;2305843009213693973:3,Symbolica_default,cached_powers_Q,41,9,0.583,BalancedZippelSeparated
fire7_nb0_rank1410,Automatic,1,ok,667.223,98,2,1,0,0,2305843009213693967:95;2305843009213693973:3,Symbolica_default,cached_powers_Q,18,36,0.595,BalancedZippelSeparated
fire7_nb0_rank1411,Automatic,1,ok,947.744,95,2,1,0,0,2305843009213693967:92;2305843009213693973:3,Symbolica_default,cached_powers_Q,42,9,0.773,BalancedZippelSeparated
fire7_nb0_rank1412,Automatic,1,ok,499.022,77,2,1,0,0,2305843009213693967:74;2305843009213693973:3,Symbolica_default,cached_powers_Q,23,25,0.644,BalancedZippelSeparated
fire7_nb0_rank1413,Automatic,1,ok,500.432,75,2,1,0,0,2305843009213693967:72;2305843009213693973:3,Symbolica_default,cached_powers_Q,23,25,0.580,BalancedZippelSeparated
fire7_nb0_rank1414,Automatic,1,ok,911.993,93,2,1,0,0,2305843009213693967:90;2305843009213693973:3,Symbolica_default,cached_powers_Q,36,15,0.794,BalancedZippelSeparated
fire7_nb0_rank1415,Automatic,1,ok,796.583,104,2,1,0,0,2305843009213693967:101;2305843009213693973:3,Symbolica_default,cached_powers_Q,35,18,0.628,BalancedZippelSeparated
fire7_nb0_rank1416,Automatic,1,ok,839.663,116,2,1,0,0,2305843009213693967:113;2305843009213693973:3,Symbolica_default,cached_powers_Q,40,12,0.797,BalancedZippelSeparated
fire7_nb0_rank1417,Automatic,1,ok,534.403,89,2,1,0,0,2305843009213693967:86;2305843009213693973:3,Symbolica_default,cached_powers_Q,30,20,0.601,BalancedZippelSeparated
fire7_nb0_rank1418,Automatic,1,ok,613.233,92,2,1,0,0,2305843009213693967:89;2305843009213693973:3,Symbolica_default,cached_powers_Q,35,15,0.653,BalancedZippelSeparated
fire7_nb0_rank1419,Automatic,1,ok,605.012,126,2,1,0,0,2305843009213693967:123;2305843009213693973:3,Symbolica_default,cached_powers_Q,45,8,0.477,BalancedZippelSeparated
fire7_nb0_rank1420,Automatic,1,ok,618.343,98,2,1,0,0,2305843009213693967:95;2305843009213693973:3,Symbolica_default,cached_powers_Q,45,6,0.362,BalancedZippelSeparated
fire7_nb0_rank1421,Automatic,1,ok,839.914,101,2,1,0,0,2305843009213693967:98;2305843009213693973:3,Symbolica_default,cached_powers_Q,40,10,0.713,BalancedZippelSeparated
fire7_nb0_rank1422,Automatic,1,ok,867.434,109,2,1,0,0,2305843009213693967:106;2305843009213693973:3,Symbolica_default,cached_powers_Q,36,20,0.768,BalancedZippelSeparated
fire7_nb0_rank1423,Automatic,1,ok,781.893,97,2,1,0,0,2305843009213693967:94;2305843009213693973:3,Symbolica_default,cached_powers_Q,35,15,0.670,BalancedZippelSeparated
fire7_nb0_rank1424,Automatic,1,ok,611.152,98,2,1,0,0,2305843009213693967:95;2305843009213693973:3,Symbolica_default,cached_powers_Q,45,6,0.354,BalancedZippelSeparated
fire7_nb0_rank1425,Automatic,1,ok,766.963,128,2,1,0,0,2305843009213693967:125;2305843009213693973:3,Symbolica_default,cached_powers_Q,35,24,0.503,BalancedZippelSeparated
fire7_nb0_rank1426,Automatic,1,ok,657.243,125,2,1,0,0,2305843009213693967:122;2305843009213693973:3,Symbolica_default,cached_powers_Q,39,18,0.399,BalancedZippelSeparated
fire7_nb0_rank1427,Automatic,1,ok,527.142,101,2,1,0,0,2305843009213693967:98;2305843009213693973:3,Symbolica_default,cached_powers_Q,36,20,0.477,BalancedZippelSeparated
fire7_nb0_rank1428,Automatic,1,ok,595.273,104,2,1,0,0,2305843009213693967:101;2305843009213693973:3,Symbolica_default,cached_powers_Q,36,20,0.503,BalancedZippelSeparated
fire7_nb0_rank1429,Automatic,1,ok,781.503,100,2,1,0,0,2305843009213693967:97;2305843009213693973:3,Symbolica_default,cached_powers_Q,45,6,0.668,BalancedZippelSeparated
fire7_nb0_rank1430,Automatic,1,ok,684.653,99,2,1,0,0,2305843009213693967:96;2305843009213693973:3,Symbolica_default,cached_powers_Q,40,10,0.664,BalancedZippelSeparated
fire7_nb0_rank1431,Automatic,1,ok,864.044,119,2,1,0,0,2305843009213693967:116;2305843009213693973:3,Symbolica_default,cached_powers_Q,42,9,0.743,BalancedZippelSeparated
fire7_nb0_rank1432,Automatic,1,ok,804.873,98,2,1,0,0,2305843009213693967:95;2305843009213693973:3,Symbolica_default,cached_powers_Q,35,15,0.557,BalancedZippelSeparated
fire7_nb0_rank1433,Automatic,1,ok,583.102,92,2,1,0,0,2305843009213693967:89;2305843009213693973:3,Symbolica_default,cached_powers_Q,29,15,0.485,BalancedZippelSeparated
fire7_nb0_rank1434,Automatic,1,ok,681.453,121,2,1,0,0,2305843009213693967:118;2305843009213693973:3,Symbolica_default,cached_powers_Q,36,18,0.372,BalancedZippelSeparated
fire7_nb0_rank1435,Automatic,1,ok,474.392,92,2,1,0,0,2305843009213693967:89;2305843009213693973:3,Symbolica_default,cached_powers_Q,36,15,0.459,BalancedZippelSeparated
fire7_nb0_rank1436,Automatic,1,ok,478.652,106,2,1,0,0,2305843009213693967:103;2305843009213693973:3,Symbolica_default,cached_powers_Q,36,20,0.525,BalancedZippelSeparated
fire7_nb0_rank1437,Automatic,1,ok,616.383,89,2,1,0,0,2305843009213693967:86;2305843009213693973:3,Symbolica_default,cached_powers_Q,30,20,0.379,BalancedZippelSeparated
fire7_nb0_rank1438,Automatic,1,ok,554.512,105,2,1,0,0,2305843009213693967:102;2305843009213693973:3,Symbolica_default,cached_powers_Q,25,27,0.438,BalancedZippelSeparated
fire7_nb0_rank1439,Automatic,1,ok,585.532,106,2,1,0,0,2305843009213693967:103;2305843009213693973:3,Symbolica_default,cached_powers_Q,36,15,0.570,BalancedZippelSeparated
fire7_nb0_rank1440,Automatic,1,ok,676.003,106,2,1,0,0,2305843009213693967:103;2305843009213693973:3,Symbolica_default,cached_powers_Q,30,27,0.386,BalancedZippelSeparated
fire7_nb0_rank1441,Automatic,1,ok,707.593,103,2,1,0,0,2305843009213693967:100;2305843009213693973:3,Symbolica_default,cached_powers_Q,30,21,0.670,BalancedZippelSeparated
fire7_nb0_rank1442,Automatic,1,ok,603.722,85,2,1,0,0,2305843009213693967:82;2305843009213693973:3,Symbolica_default,cached_powers_Q,18,35,0.437,BalancedZippelSeparated
fire7_nb0_rank1443,Automatic,1,ok,557.432,123,2,1,0,0,2305843009213693967:120;2305843009213693973:3,Symbolica_default,cached_powers_Q,30,24,0.591,BalancedZippelSeparated
fire7_nb0_rank1444,Automatic,1,ok,813.123,89,2,1,0,0,2305843009213693967:86;2305843009213693973:3,Symbolica_default,cached_powers_Q,40,9,0.776,BalancedZippelSeparated
fire7_nb0_rank1445,Automatic,1,ok,479.802,101,2,1,0,0,2305843009213693967:98;2305843009213693973:3,Symbolica_default,cached_powers_Q,40,9,0.584,BalancedZippelSeparated
fire7_nb0_rank1446,Automatic,1,ok,648.103,119,2,1,0,0,2305843009213693967:116;2305843009213693973:3,Symbolica_default,cached_powers_Q,44,8,0.593,BalancedZippelSeparated
fire7_nb0_rank1447,Automatic,1,ok,628.962,90,2,1,0,0,2305843009213693967:87;2305843009213693973:3,Symbolica_default,cached_powers_Q,40,9,0.672,BalancedZippelSeparated
fire7_nb0_rank1448,Automatic,1,ok,716.673,102,2,1,0,0,2305843009213693967:99;2305843009213693973:3,Symbolica_default,cached_powers_Q,32,21,0.643,BalancedZippelSeparated
fire7_nb0_rank1449,Automatic,1,ok,906.224,101,2,1,0,0,2305843009213693967:98;2305843009213693973:3,Symbolica_default,cached_powers_Q,25,27,0.863,BalancedZippelSeparated
fire7_nb0_rank1450,Automatic,1,ok,599.752,122,2,1,0,0,2305843009213693967:119;2305843009213693973:3,Symbolica_default,cached_powers_Q,40,12,0.557,BalancedZippelSeparated
fire7_nb0_rank1451,Automatic,1,ok,410.402,80,2,1,0,0,2305843009213693967:77;2305843009213693973:3,Symbolica_default,cached_powers_Q,34,10,0.598,BalancedZippelSeparated
fire7_nb0_rank1452,Automatic,1,ok,1036.814,138,2,1,0,0,2305843009213693967:135;2305843009213693973:3,Symbolica_default,cached_powers_Q,39,18,0.808,BalancedZippelSeparated
fire7_nb0_rank1453,Automatic,1,ok,672.702,112,2,1,0,0,2305843009213693967:109;2305843009213693973:3,Symbolica_default,cached_powers_Q,36,15,0.617,BalancedZippelSeparated
fire7_nb0_rank1454,Automatic,1,ok,964.253,109,2,1,0,0,2305843009213693967:106;2305843009213693973:3,Symbolica_default,cached_powers_Q,32,21,0.672,BalancedZippelSeparated
fire7_nb0_rank1455,Automatic,1,ok,640.632,102,2,1,0,0,2305843009213693967:99;2305843009213693973:3,Symbolica_default,cached_powers_Q,36,12,0.446,BalancedZippelSeparated
fire7_nb0_rank1456,Automatic,1,ok,615.823,103,2,1,0,0,2305843009213693967:100;2305843009213693973:3,Symbolica_default,cached_powers_Q,36,12,0.540,BalancedZippelSeparated
fire7_nb0_rank1457,Automatic,1,ok,595.433,134,2,1,0,0,2305843009213693967:131;2305843009213693973:3,Symbolica_default,cached_powers_Q,38,21,0.486,BalancedZippelSeparated
fire7_nb0_rank1458,Automatic,1,ok,725.753,102,2,1,0,0,2305843009213693967:99;2305843009213693973:3,Symbolica_default,cached_powers_Q,32,21,0.452,BalancedZippelSeparated
fire7_nb0_rank1459,Automatic,1,ok,711.853,140,2,1,0,0,2305843009213693967:137;2305843009213693973:3,Symbolica_default,cached_powers_Q,39,14,0.389,BalancedZippelSeparated
fire7_nb0_rank1460,Automatic,1,ok,779.014,120,2,1,0,0,2305843009213693967:117;2305843009213693973:3,Symbolica_default,cached_powers_Q,35,21,0.506,BalancedZippelSeparated
fire7_nb0_rank1461,Automatic,1,ok,807.224,83,2,1,0,0,2305843009213693967:80;2305843009213693973:3,Symbolica_default,cached_powers_Q,30,20,0.585,BalancedZippelSeparated
fire7_nb0_rank1462,Automatic,1,ok,832.284,83,2,1,0,0,2305843009213693967:80;2305843009213693973:3,Symbolica_default,cached_powers_Q,36,12,0.732,BalancedZippelSeparated
fire7_nb0_rank1463,Automatic,1,ok,904.924,96,2,1,0,0,2305843009213693967:93;2305843009213693973:3,Symbolica_default,cached_powers_Q,40,9,0.778,BalancedZippelSeparated
fire7_nb0_rank1464,Automatic,1,ok,601.813,110,2,1,0,0,2305843009213693967:107;2305843009213693973:3,Symbolica_default,cached_powers_Q,27,24,0.360,BalancedZippelSeparated
fire7_nb0_rank1465,Automatic,1,ok,542.912,83,2,1,0,0,2305843009213693967:80;2305843009213693973:3,Symbolica_default,cached_powers_Q,36,12,0.530,BalancedZippelSeparated
fire7_nb0_rank1466,Automatic,1,ok,665.533,107,2,1,0,0,2305843009213693967:104;2305843009213693973:3,Symbolica_default,cached_powers_Q,36,15,0.359,BalancedZippelSeparated
fire7_nb0_rank1467,Automatic,1,ok,411.552,83,2,1,0,0,2305843009213693967:80;2305843009213693973:3,Symbolica_default,cached_powers_Q,36,12,0.354,BalancedZippelSeparated
fire7_nb0_rank1468,Automatic,1,ok,621.692,82,2,1,0,0,2305843009213693967:79;2305843009213693973:3,Symbolica_default,cached_powers_Q,30,15,0.536,BalancedZippelSeparated
fire7_nb0_rank1469,Automatic,1,ok,671.173,80,2,1,0,0,2305843009213693967:77;2305843009213693973:3,Symbolica_default,cached_powers_Q,30,15,0.429,BalancedZippelSeparated
fire7_nb0_rank1470,Automatic,1,ok,616.182,81,2,1,0,0,2305843009213693967:78;2305843009213693973:3,Symbolica_default,cached_powers_Q,30,15,0.525,BalancedZippelSeparated
fire7_nb0_rank1471,Automatic,1,ok,779.783,121,2,1,0,0,2305843009213693967:118;2305843009213693973:3,Symbolica_default,cached_powers_Q,30,20,0.431,BalancedZippelSeparated
fire7_nb0_rank1472,Automatic,1,ok,744.833,112,2,1,0,0,2305843009213693967:109;2305843009213693973:3,Symbolica_default,cached_powers_Q,40,10,0.404,BalancedZippelSeparated
fire7_nb0_rank1473,Automatic,1,ok,392.642,95,2,1,0,0,2305843009213693967:92;2305843009213693973:3,Symbolica_default,cached_powers_Q,5,48,0.372,BalancedZippelSeparated
fire7_nb0_rank1474,Automatic,1,ok,485.072,97,2,1,0,0,2305843009213693967:94;2305843009213693973:3,Symbolica_default,cached_powers_Q,5,48,0.505,BalancedZippelSeparated
fire7_nb0_rank1475,Automatic,1,ok,722.663,113,2,1,0,0,2305843009213693967:110;2305843009213693973:3,Symbolica_default,cached_powers_Q,39,9,0.435,BalancedZippelSeparated
fire7_nb0_rank1476,Automatic,1,ok,701.313,104,2,1,0,0,2305843009213693967:101;2305843009213693973:3,Symbolica_default,cached_powers_Q,32,20,0.432,BalancedZippelSeparated
fire7_nb0_rank1477,Automatic,1,ok,780.533,115,2,1,0,0,2305843009213693967:112;2305843009213693973:3,Symbolica_default,cached_powers_Q,37,10,0.424,BalancedZippelSeparated
fire7_nb0_rank1478,Automatic,1,ok,771.973,128,2,1,0,0,2305843009213693967:125;2305843009213693973:3,Symbolica_default,cached_powers_Q,27,26,0.648,BalancedZippelSeparated
fire7_nb0_rank1479,Automatic,1,ok,717.283,99,2,1,0,0,2305843009213693967:96;2305843009213693973:3,Symbolica_default,cached_powers_Q,30,21,0.440,BalancedZippelSeparated
fire7_nb0_rank1480,Automatic,1,ok,690.783,93,2,1,0,0,2305843009213693967:90;2305843009213693973:3,Symbolica_default,cached_powers_Q,30,21,0.417,BalancedZippelSeparated
fire7_nb0_rank1481,Automatic,1,ok,763.663,109,2,1,0,0,2305843009213693967:106;2305843009213693973:3,Symbolica_default,cached_powers_Q,32,21,0.725,BalancedZippelSeparated
fire7_nb0_rank1482,Automatic,1,ok,576.542,116,2,1,0,0,2305843009213693967:113;2305843009213693973:3,Symbolica_default,cached_powers_Q,15,36,0.570,BalancedZippelSeparated
fire7_nb0_rank1483,Automatic,1,ok,478.992,89,2,1,0,0,2305843009213693967:86;2305843009213693973:3,Symbolica_default,cached_powers_Q,38,9,0.401,BalancedZippelSeparated
fire7_nb0_rank1484,Automatic,1,ok,551.852,93,2,1,0,0,2305843009213693967:90;2305843009213693973:3,Symbolica_default,cached_powers_Q,32,15,0.590,BalancedZippelSeparated
fire7_nb0_rank1485,Automatic,1,ok,969.724,133,2,1,0,0,2305843009213693967:130;2305843009213693973:3,Symbolica_default,cached_powers_Q,27,26,0.878,BalancedZippelSeparated
fire7_nb0_rank1486,Automatic,1,ok,839.293,160,2,1,0,0,2305843009213693967:157;2305843009213693973:3,Symbolica_default,cached_powers_Q,42,13,0.577,BalancedZippelSeparated
fire7_nb0_rank1487,Automatic,1,ok,434.581,79,2,1,0,0,2305843009213693967:76;2305843009213693973:3,Symbolica_default,cached_powers_Q,33,12,0.608,BalancedZippelSeparated
fire7_nb0_rank1488,Automatic,1,ok,688.223,93,2,1,0,0,2305843009213693967:90;2305843009213693973:3,Symbolica_default,cached_powers_Q,32,18,0.471,BalancedZippelSeparated
fire7_nb0_rank1489,Automatic,1,ok,823.464,79,2,1,0,0,2305843009213693967:76;2305843009213693973:3,Symbolica_default,cached_powers_Q,33,12,0.568,BalancedZippelSeparated
fire7_nb0_rank1490,Automatic,1,ok,783.453,115,2,1,0,0,2305843009213693967:112;2305843009213693973:3,Symbolica_default,cached_powers_Q,35,18,0.585,BalancedZippelSeparated
fire7_nb0_rank1491,Automatic,1,ok,615.393,81,2,1,0,0,2305843009213693967:78;2305843009213693973:3,Symbolica_default,cached_powers_Q,35,10,0.402,BalancedZippelSeparated
fire7_nb0_rank1492,Automatic,1,ok,887.284,88,2,1,0,0,2305843009213693967:85;2305843009213693973:3,Symbolica_default,cached_powers_Q,25,28,0.812,BalancedZippelSeparated
fire7_nb0_rank1493,Automatic,1,ok,841.643,80,2,1,0,0,2305843009213693967:77;2305843009213693973:3,Symbolica_default,cached_powers_Q,25,28,0.630,BalancedZippelSeparated
fire7_nb0_rank1494,Automatic,1,ok,966.313,119,2,1,0,0,2305843009213693967:116;2305843009213693973:3,Symbolica_default,cached_powers_Q,32,18,0.590,BalancedZippelSeparated
fire7_nb0_rank1495,Automatic,1,ok,591.262,85,2,1,0,0,2305843009213693967:82;2305843009213693973:3,Symbolica_default,cached_powers_Q,30,12,0.473,BalancedZippelSeparated
fire7_nb0_rank1496,Automatic,1,ok,627.733,98,2,1,0,0,2305843009213693967:95;2305843009213693973:3,Symbolica_default,cached_powers_Q,29,15,0.359,BalancedZippelSeparated
fire7_nb0_rank1497,Automatic,1,ok,817.434,137,2,1,0,0,2305843009213693967:134;2305843009213693973:3,Symbolica_default,cached_powers_Q,39,12,0.330,BalancedZippelSeparated
fire7_nb0_rank1498,Automatic,1,ok,616.723,81,2,1,0,0,2305843009213693967:78;2305843009213693973:3,Symbolica_default,cached_powers_Q,30,20,0.438,BalancedZippelSeparated
fire7_nb0_rank1499,Automatic,1,ok,690.563,85,2,1,0,0,2305843009213693967:82;2305843009213693973:3,Symbolica_default,cached_powers_Q,30,20,0.348,BalancedZippelSeparated
fire7_nb0_rank1500,Automatic,1,ok,871.783,129,2,1,0,0,2305843009213693967:126;2305843009213693973:3,Symbolica_default,cached_powers_Q,39,18,0.360,BalancedZippelSeparated
fire7_nb0_rank1501,Automatic,1,ok,574.523,83,2,1,0,0,2305843009213693967:80;2305843009213693973:3,Symbolica_default,cached_powers_Q,18,28,0.450,BalancedZippelSeparated
fire7_nb0_rank1502,Automatic,1,ok,512.292,131,2,1,0,0,2305843009213693967:128;2305843009213693973:3,Symbolica_default,cached_powers_Q,39,12,0.362,BalancedZippelSeparated
fire7_nb0_rank1503,Automatic,1,ok,576.252,100,2,1,0,0,2305843009213693967:97;2305843009213693973:3,Symbolica_default,cached_powers_Q,35,12,0.334,BalancedZippelSeparated
fire7_nb0_rank1504,Automatic,1,ok,1032.973,88,2,1,0,0,2305843009213693967:85;2305843009213693973:3,Symbolica_default,cached_powers_Q,32,18,0.588,BalancedZippelSeparated
fire7_nb0_rank1505,Automatic,1,ok,967.514,100,2,1,0,0,2305843009213693967:97;2305843009213693973:3,Symbolica_default,cached_powers_Q,35,12,0.707,BalancedZippelSeparated
fire7_nb0_rank1506,Automatic,1,ok,979.134,79,2,1,0,0,2305843009213693967:76;2305843009213693973:3,Symbolica_default,cached_powers_Q,18,28,0.545,BalancedZippelSeparated
fire7_nb0_rank1507,Automatic,1,ok,622.992,85,2,1,0,0,2305843009213693967:82;2305843009213693973:3,Symbolica_default,cached_powers_Q,18,28,0.402,BalancedZippelSeparated
fire7_nb0_rank1508,Automatic,1,ok,757.013,149,2,1,0,0,2305843009213693967:146;2305843009213693973:3,Symbolica_default,cached_powers_Q,44,6,0.552,BalancedZippelSeparated
fire7_nb0_rank1509,Automatic,1,ok,1052.235,127,2,1,0,0,2305843009213693967:124;2305843009213693973:3,Symbolica_default,cached_powers_Q,24,24,0.858,BalancedZippelSeparated
fire7_nb0_rank1510,Automatic,1,ok,847.944,104,2,1,0,0,2305843009213693967:101;2305843009213693973:3,Symbolica_default,cached_powers_Q,35,12,0.440,BalancedZippelSeparated
fire7_nb0_rank1511,Automatic,1,ok,882.023,104,2,1,0,0,2305843009213693967:101;2305843009213693973:3,Symbolica_default,cached_powers_Q,35,12,0.766,BalancedZippelSeparated
fire7_nb0_rank1512,Automatic,1,ok,1041.834,127,2,1,0,0,2305843009213693967:124;2305843009213693973:3,Symbolica_default,cached_powers_Q,24,24,0.800,BalancedZippelSeparated
fire7_nb0_rank1513,Automatic,1,ok,777.583,121,2,1,0,0,2305843009213693967:118;2305843009213693973:3,Symbolica_default,cached_powers_Q,38,12,0.577,BalancedZippelSeparated
fire7_nb0_rank1514,Automatic,1,ok,529.482,108,2,1,0,0,2305843009213693967:105;2305843009213693973:3,Symbolica_default,cached_powers_Q,24,27,0.501,BalancedZippelSeparated
fire7_nb0_rank1515,Automatic,1,ok,855.923,100,2,1,0,0,2305843009213693967:97;2305843009213693973:3,Symbolica_default,cached_powers_Q,35,12,0.635,BalancedZippelSeparated
fire7_nb0_rank1516,Automatic,1,ok,506.372,108,2,1,0,0,2305843009213693967:105;2305843009213693973:3,Symbolica_default,cached_powers_Q,24,27,0.370,BalancedZippelSeparated
fire7_nb0_rank1517,Automatic,1,ok,547.232,81,2,1,0,0,2305843009213693967:78;2305843009213693973:3,Symbolica_default,cached_powers_Q,25,20,0.355,BalancedZippelSeparated
fire7_nb0_rank1518,Automatic,1,ok,565.222,90,2,1,0,0,2305843009213693967:87;2305843009213693973:3,Symbolica_default,cached_powers_Q,24,24,0.369,BalancedZippelSeparated
fire7_nb0_rank1519,Automatic,1,ok,858.344,96,2,1,0,0,2305843009213693967:93;2305843009213693973:3,Symbolica_default,cached_powers_Q,28,21,0.734,BalancedZippelSeparated
fire7_nb0_rank1520,Automatic,1,ok,879.733,100,2,1,0,0,2305843009213693967:97;2305843009213693973:3,Symbolica_default,cached_powers_Q,32,16,0.536,BalancedZippelSeparated
fire7_nb0_rank1521,Automatic,1,ok,1010.664,90,2,1,0,0,2305843009213693967:87;2305843009213693973:3,Symbolica_default,cached_powers_Q,15,36,0.519,BalancedZippelSeparated
fire7_nb0_rank1522,Automatic,1,ok,666.823,116,2,1,0,0,2305843009213693967:113;2305843009213693973:3,Symbolica_default,cached_powers_Q,15,36,0.373,BalancedZippelSeparated
fire7_nb0_rank1523,Automatic,1,ok,627.432,89,2,1,0,0,2305843009213693967:86;2305843009213693973:3,Symbolica_default,cached_powers_Q,24,24,0.559,BalancedZippelSeparated
fire7_nb0_rank1524,Automatic,1,ok,556.502,90,2,1,0,0,2305843009213693967:87;2305843009213693973:3,Symbolica_default,cached_powers_Q,25,21,0.389,BalancedZippelSeparated
fire7_nb0_rank1525,Automatic,1,ok,715.113,104,2,1,0,0,2305843009213693967:101;2305843009213693973:3,Symbolica_default,cached_powers_Q,35,12,0.345,BalancedZippelSeparated
fire7_nb0_rank1526,Automatic,1,ok,416.662,82,2,1,0,0,2305843009213693967:79;2305843009213693973:3,Symbolica_default,cached_powers_Q,25,24,0.380,BalancedZippelSeparated
fire7_nb0_rank1527,Automatic,1,ok,654.403,109,2,1,0,0,2305843009213693967:106;2305843009213693973:3,Symbolica_default,cached_powers_Q,30,14,0.345,BalancedZippelSeparated
fire7_nb0_rank1528,Automatic,1,ok,1098.165,126,2,1,0,0,2305843009213693967:123;2305843009213693973:3,Symbolica_default,cached_powers_Q,39,8,0.540,BalancedZippelSeparated
fire7_nb0_rank1529,Automatic,1,ok,655.362,110,2,1,0,0,2305843009213693967:107;2305843009213693973:3,Symbolica_default,cached_powers_Q,24,27,0.905,BalancedZippelSeparated
fire7_nb0_rank1530,Automatic,1,ok,674.373,85,2,1,0,0,2305843009213693967:82;2305843009213693973:3,Symbolica_default,cached_powers_Q,39,6,0.388,BalancedZippelSeparated
fire7_nb0_rank1531,Automatic,1,ok,864.683,123,2,1,0,0,2305843009213693967:120;2305843009213693973:3,Symbolica_default,cached_powers_Q,28,24,0.614,BalancedZippelSeparated
fire7_nb0_rank1532,Automatic,1,ok,949.524,114,2,1,0,0,2305843009213693967:111;2305843009213693973:3,Symbolica_default,cached_powers_Q,15,36,0.767,BalancedZippelSeparated
fire7_nb0_rank1533,Automatic,1,ok,741.453,114,2,1,0,0,2305843009213693967:111;2305843009213693973:3,Symbolica_default,cached_powers_Q,15,36,0.443,BalancedZippelSeparated
fire7_nb0_rank1534,Automatic,1,ok,693.823,98,2,1,0,0,2305843009213693967:95;2305843009213693973:3,Symbolica_default,cached_powers_Q,28,21,0.601,BalancedZippelSeparated
fire7_nb0_rank1535,Automatic,1,ok,885.864,98,2,1,0,0,2305843009213693967:95;2305843009213693973:3,Symbolica_default,cached_powers_Q,18,27,0.800,BalancedZippelSeparated
fire7_nb0_rank1536,Automatic,1,ok,566.872,79,2,1,0,0,2305843009213693967:76;2305843009213693973:3,Symbolica_default,cached_powers_Q,23,20,0.410,BalancedZippelSeparated
fire7_nb0_rank1537,Automatic,1,ok,824.003,149,2,1,0,0,2305843009213693967:146;2305843009213693973:3,Symbolica_default,cached_powers_Q,38,14,0.701,BalancedZippelSeparated
fire7_nb0_rank1538,Automatic,1,ok,491.793,87,2,1,0,0,2305843009213693967:84;2305843009213693973:3,Symbolica_default,cached_powers_Q,30,15,0.414,BalancedZippelSeparated
fire7_nb0_rank1539,Automatic,1,ok,486.612,107,2,1,0,0,2305843009213693967:104;2305843009213693973:3,Symbolica_default,cached_powers_Q,36,15,0.427,BalancedZippelSeparated
fire7_nb0_rank1540,Automatic,1,ok,676.223,80,2,1,0,0,2305843009213693967:77;2305843009213693973:3,Symbolica_default,cached_powers_Q,23,28,0.616,BalancedZippelSeparated
fire7_nb0_rank1541,Automatic,1,ok,490.772,88,2,1,0,0,2305843009213693967:85;2305843009213693973:3,Symbolica_default,cached_powers_Q,23,28,0.649,BalancedZippelSeparated
fire7_nb0_rank1542,Automatic,1,ok,786.823,81,2,1,0,0,2305843009213693967:78;2305843009213693973:3,Symbolica_default,cached_powers_Q,35,8,0.512,BalancedZippelSeparated
fire7_nb0_rank1543,Automatic,1,ok,461.642,85,2,1,0,0,2305843009213693967:82;2305843009213693973:3,Symbolica_default,cached_powers_Q,35,8,0.390,BalancedZippelSeparated
fire7_nb0_rank1544,Automatic,1,ok,794.824,149,2,1,0,0,2305843009213693967:146;2305843009213693973:3,Symbolica_default,cached_powers_Q,38,14,0.427,BalancedZippelSeparated
fire7_nb0_rank1545,Automatic,1,ok,869.844,111,2,1,0,0,2305843009213693967:108;2305843009213693973:3,Symbolica_default,cached_powers_Q,35,12,0.701,BalancedZippelSeparated
fire7_nb0_rank1546,Automatic,1,ok,653.302,106,2,1,0,0,2305843009213693967:103;2305843009213693973:3,Symbolica_default,cached_powers_Q,36,10,0.541,BalancedZippelSeparated
fire7_nb0_rank1547,Automatic,1,ok,699.353,124,2,1,0,0,2305843009213693967:121;2305843009213693973:3,Symbolica_default,cached_powers_Q,39,9,0.526,BalancedZippelSeparated
fire7_nb0_rank1548,Automatic,1,ok,569.703,107,2,1,0,0,2305843009213693967:104;2305843009213693973:3,Symbolica_default,cached_powers_Q,36,15,0.352,BalancedZippelSeparated
fire7_nb0_rank1549,Automatic,1,ok,760.853,98,2,1,0,0,2305843009213693967:95;2305843009213693973:3,Symbolica_default,cached_powers_Q,28,21,0.381,BalancedZippelSeparated
fire7_nb0_rank1550,Automatic,1,ok,506.072,84,2,1,0,0,2305843009213693967:81;2305843009213693973:3,Symbolica_default,cached_powers_Q,35,10,0.428,BalancedZippelSeparated
fire7_nb0_rank1551,Automatic,1,ok,729.763,139,2,1,0,0,2305843009213693967:136;2305843009213693973:3,Symbolica_default,cached_powers_Q,36,10,0.358,BalancedZippelSeparated
fire7_nb0_rank1552,Automatic,1,ok,467.601,97,2,1,0,0,2305843009213693967:94;2305843009213693973:3,Symbolica_default,cached_powers_Q,24,27,0.331,BalancedZippelSeparated
fire7_nb0_rank1553,Automatic,1,ok,681.823,122,2,1,0,0,2305843009213693967:119;2305843009213693973:3,Symbolica_default,cached_powers_Q,39,9,0.331,BalancedZippelSeparated
fire7_nb0_rank1554,Automatic,1,ok,791.114,88,2,1,0,0,2305843009213693967:85;2305843009213693973:3,Symbolica_default,cached_powers_Q,21,24,0.494,BalancedZippelSeparated
fire7_nb0_rank1555,Automatic,1,ok,818.433,99,2,1,0,0,2305843009213693967:96;2305843009213693973:3,Symbolica_default,cached_powers_Q,36,10,0.524,BalancedZippelSeparated
fire7_nb0_rank1556,Automatic,1,ok,812.294,90,2,1,0,0,2305843009213693967:87;2305843009213693973:3,Symbolica_default,cached_powers_Q,24,24,0.733,BalancedZippelSeparated
fire7_nb0_rank1557,Automatic,1,ok,656.312,97,2,1,0,0,2305843009213693967:94;2305843009213693973:3,Symbolica_default,cached_powers_Q,36,10,0.381,BalancedZippelSeparated
fire7_nb0_rank1558,Automatic,1,ok,457.112,79,2,1,0,0,2305843009213693967:76;2305843009213693973:3,Symbolica_default,cached_powers_Q,22,15,0.296,BalancedZippelSeparated
fire7_nb0_rank1559,Automatic,1,ok,557.882,94,2,1,0,0,2305843009213693967:91;2305843009213693973:3,Symbolica_default,cached_powers_Q,15,27,0.340,BalancedZippelSeparated
fire7_nb0_rank1560,Automatic,1,ok,568.212,94,2,1,0,0,2305843009213693967:91;2305843009213693973:3,Symbolica_default,cached_powers_Q,15,27,0.324,BalancedZippelSeparated
fire7_nb0_rank1561,Automatic,1,ok,641.763,102,2,1,0,0,2305843009213693967:99;2305843009213693973:3,Symbolica_default,cached_powers_Q,36,10,0.562,BalancedZippelSeparated
fire7_nb0_rank1562,Automatic,1,ok,754.063,133,2,1,0,0,2305843009213693967:130;2305843009213693973:3,Symbolica_default,cached_powers_Q,27,20,0.579,BalancedZippelSeparated
fire7_nb0_rank1563,Automatic,1,ok,760.384,115,2,1,0,0,2305843009213693967:112;2305843009213693973:3,Symbolica_default,cached_powers_Q,33,14,0.423,BalancedZippelSeparated
fire7_nb0_rank1564,Automatic,1,ok,622.213,76,2,1,0,0,2305843009213693967:73;2305843009213693973:3,Symbolica_default,cached_powers_Q,24,20,0.401,BalancedZippelSeparated
fire7_nb0_rank1565,Automatic,1,ok,451.442,80,2,1,0,0,2305843009213693967:77;2305843009213693973:3,Symbolica_default,cached_powers_Q,24,20,0.406,BalancedZippelSeparated
fire7_nb0_rank1566,Automatic,1,ok,722.763,135,2,1,0,0,2305843009213693967:132;2305843009213693973:3,Symbolica_default,cached_powers_Q,33,14,0.418,BalancedZippelSeparated
fire7_nb0_rank1567,Automatic,1,ok,727.443,113,2,1,0,0,2305843009213693967:110;2305843009213693973:3,Symbolica_default,cached_powers_Q,39,10,0.633,BalancedZippelSeparated
fire7_nb0_rank1568,Automatic,1,ok,400.811,75,2,1,0,0,2305843009213693967:72;2305843009213693973:3,Symbolica_default,cached_powers_Q,22,14,0.536,BalancedZippelSeparated
fire7_nb0_rank1569,Automatic,1,ok,846.273,87,2,1,0,0,2305843009213693967:84;2305843009213693973:3,Symbolica_default,cached_powers_Q,30,15,0.757,BalancedZippelSeparated
fire7_nb0_rank1570,Automatic,1,ok,763.923,133,2,1,0,0,2305843009213693967:130;2305843009213693973:3,Symbolica_default,cached_powers_Q,33,14,0.408,BalancedZippelSeparated
fire7_nb0_rank1571,Automatic,1,ok,603.992,80,2,1,0,0,2305843009213693967:77;2305843009213693973:3,Symbolica_default,cached_powers_Q,30,15,0.381,BalancedZippelSeparated
fire7_nb0_rank1572,Automatic,1,ok,689.792,133,2,1,0,0,2305843009213693967:130;2305843009213693973:3,Symbolica_default,cached_powers_Q,33,14,0.736,BalancedZippelSeparated
fire7_nb0_rank1573,Automatic,1,ok,413.481,86,2,1,0,0,2305843009213693967:83;2305843009213693973:3,Symbolica_default,cached_powers_Q,32,5,0.461,BalancedZippelSeparated
fire7_nb0_rank1574,Automatic,1,ok,734.732,89,2,1,0,0,2305843009213693967:86;2305843009213693973:3,Symbolica_default,cached_powers_Q,30,15,0.853,BalancedZippelSeparated
fire7_nb0_rank1575,Automatic,1,ok,526.102,85,2,1,0,0,2305843009213693967:82;2305843009213693973:3,Symbolica_default,cached_powers_Q,35,6,0.476,BalancedZippelSeparated
fire7_nb0_rank1576,Automatic,1,ok,871.894,133,2,1,0,0,2305843009213693967:130;2305843009213693973:3,Symbolica_default,cached_powers_Q,36,9,0.742,BalancedZippelSeparated
fire7_nb0_rank1577,Automatic,1,ok,579.303,79,2,1,0,0,2305843009213693967:76;2305843009213693973:3,Symbolica_default,cached_powers_Q,25,12,0.389,BalancedZippelSeparated
fire7_nb0_rank1578,Automatic,1,ok,500.632,92,2,1,0,0,2305843009213693967:89;2305843009213693973:3,Symbolica_default,cached_powers_Q,15,27,0.394,BalancedZippelSeparated
fire7_nb0_rank1579,Automatic,1,ok,597.652,128,2,1,0,0,2305843009213693967:125;2305843009213693973:3,Symbolica_default,cached_powers_Q,24,24,0.615,BalancedZippelSeparated
fire7_nb0_rank1580,Automatic,1,ok,528.122,92,2,1,0,0,2305843009213693967:89;2305843009213693973:3,Symbolica_default,cached_powers_Q,15,27,0.503,BalancedZippelSeparated
fire7_nb0_rank1581,Automatic,1,ok,914.924,90,2,1,0,0,2305843009213693967:87;2305843009213693973:3,Symbolica_default,cached_powers_Q,20,27,0.522,BalancedZippelSeparated
fire7_nb0_rank1582,Automatic,1,ok,388.802,80,2,1,0,0,2305843009213693967:77;2305843009213693973:3,Symbolica_default,cached_powers_Q,26,8,0.488,BalancedZippelSeparated
fire7_nb0_rank1583,Automatic,1,ok,584.882,74,2,1,0,0,2305843009213693967:71;2305843009213693973:3,Symbolica_default,cached_powers_Q,18,25,0.671,BalancedZippelSeparated
fire7_nb0_rank1584,Automatic,1,ok,572.882,81,2,1,0,0,2305843009213693967:78;2305843009213693973:3,Symbolica_default,cached_powers_Q,30,9,0.367,BalancedZippelSeparated
fire7_nb0_rank1585,Automatic,1,ok,670.873,83,2,1,0,0,2305843009213693967:80;2305843009213693973:3,Symbolica_default,cached_powers_Q,35,6,0.665,BalancedZippelSeparated
fire7_nb0_rank1586,Automatic,1,ok,758.232,93,2,1,0,0,2305843009213693967:90;2305843009213693973:3,Symbolica_default,cached_powers_Q,32,10,0.339,BalancedZippelSeparated
fire7_nb0_rank1587,Automatic,1,ok,841.023,83,2,1,0,0,2305843009213693967:80;2305843009213693973:3,Symbolica_default,cached_powers_Q,25,15,0.738,BalancedZippelSeparated
fire7_nb0_rank1588,Automatic,1,ok,715.453,83,2,1,0,0,2305843009213693967:80;2305843009213693973:3,Symbolica_default,cached_powers_Q,35,6,0.521,BalancedZippelSeparated
fire7_nb0_rank1589,Automatic,1,ok,871.323,82,2,1,0,0,2305843009213693967:79;2305843009213693973:3,Symbolica_default,cached_powers_Q,30,12,0.500,BalancedZippelSeparated
fire7_nb0_rank1590,Automatic,1,ok,455.952,74,2,1,0,0,2305843009213693967:71;2305843009213693973:3,Symbolica_default,cached_powers_Q,20,20,0.328,BalancedZippelSeparated
fire7_nb0_rank1591,Automatic,1,ok,578.992,97,2,1,0,0,2305843009213693967:94;2305843009213693973:3,Symbolica_default,cached_powers_Q,36,4,0.301,BalancedZippelSeparated
fire7_nb0_rank1592,Automatic,1,ok,799.033,81,2,1,0,0,2305843009213693967:78;2305843009213693973:3,Symbolica_default,cached_powers_Q,15,28,0.493,BalancedZippelSeparated
fire7_nb0_rank1593,Automatic,1,ok,772.493,119,2,1,0,0,2305843009213693967:116;2305843009213693973:3,Symbolica_default,cached_powers_Q,18,26,0.396,BalancedZippelSeparated
fire7_nb0_rank1594,Automatic,1,ok,676.673,95,2,1,0,0,2305843009213693967:92;2305843009213693973:3,Symbolica_default,cached_powers_Q,30,12,0.366,BalancedZippelSeparated
fire7_nb0_rank1595,Automatic,1,ok,695.213,113,2,1,0,0,2305843009213693967:110;2305843009213693973:3,Symbolica_default,cached_powers_Q,36,6,0.346,BalancedZippelSeparated
fire7_nb0_rank1596,Automatic,1,ok,878.824,83,2,1,0,0,2305843009213693967:80;2305843009213693973:3,Symbolica_default,cached_powers_Q,25,15,0.482,BalancedZippelSeparated
fire7_nb0_rank1597,Automatic,1,ok,683.123,80,2,1,0,0,2305843009213693967:77;2305843009213693973:3,Symbolica_default,cached_powers_Q,18,24,0.347,BalancedZippelSeparated
fire7_nb0_rank1598,Automatic,1,ok,711.843,83,2,1,0,0,2305843009213693967:80;2305843009213693973:3,Symbolica_default,cached_powers_Q,20,24,0.383,BalancedZippelSeparated
fire7_nb0_rank1599,Automatic,1,ok,693.593,108,2,1,0,0,2305843009213693967:105;2305843009213693973:3,Symbolica_default,cached_powers_Q,36,6,0.353,BalancedZippelSeparated
fire7_nb0_rank1600,Automatic,1,ok,878.774,102,2,1,0,0,2305843009213693967:99;2305843009213693973:3,Symbolica_default,cached_powers_Q,5,42,0.483,BalancedZippelSeparated
fire7_nb0_rank1601,Automatic,1,ok,626.833,102,2,1,0,0,2305843009213693967:99;2305843009213693973:3,Symbolica_default,cached_powers_Q,5,42,0.532,BalancedZippelSeparated
fire7_nb0_rank1602,Automatic,1,ok,557.692,88,2,1,0,0,2305843009213693967:85;2305843009213693973:3,Symbolica_default,cached_powers_Q,32,10,0.379,BalancedZippelSeparated
fire7_nb0_rank1603,Automatic,1,ok,805.663,80,2,1,0,0,2305843009213693967:77;2305843009213693973:3,Symbolica_default,cached_powers_Q,18,24,0.716,BalancedZippelSeparated
fire7_nb0_rank1604,Automatic,1,ok,467.902,82,2,1,0,0,2305843009213693967:79;2305843009213693973:3,Symbolica_default,cached_powers_Q,30,12,0.357,BalancedZippelSeparated
fire7_nb0_rank1605,Automatic,1,ok,744.923,144,2,1,0,0,2305843009213693967:141;2305843009213693973:3,Symbolica_default,cached_powers_Q,15,30,0.391,BalancedZippelSeparated
fire7_nb0_rank1606,Automatic,1,ok,718.712,93,2,1,0,0,2305843009213693967:90;2305843009213693973:3,Symbolica_default,cached_powers_Q,32,10,0.439,BalancedZippelSeparated
fire7_nb0_rank1607,Automatic,1,ok,584.403,70,2,1,0,0,2305843009213693967:67;2305843009213693973:3,Symbolica_default,cached_powers_Q,21,15,0.368,BalancedZippelSeparated
fire7_nb0_rank1608,Automatic,1,ok,775.743,123,2,1,0,0,2305843009213693967:120;2305843009213693973:3,Symbolica_default,cached_powers_Q,27,18,0.382,BalancedZippelSeparated
fire7_nb0_rank1609,Automatic,1,ok,678.873,113,2,1,0,0,2305843009213693967:110;2305843009213693973:3,Symbolica_default,cached_powers_Q,36,8,0.380,BalancedZippelSeparated
fire7_nb0_rank1610,Automatic,1,ok,843.573,82,2,1,0,0,2305843009213693967:79;2305843009213693973:3,Symbolica_default,cached_powers_Q,22,21,0.589,BalancedZippelSeparated
fire7_nb0_rank1611,Automatic,1,ok,643.643,76,2,1,0,0,2305843009213693967:73;2305843009213693973:3,Symbolica_default,cached_powers_Q,30,9,0.372,BalancedZippelSeparated
fire7_nb0_rank1612,Automatic,1,ok,783.043,81,2,1,0,0,2305843009213693967:78;2305843009213693973:3,Symbolica_default,cached_powers_Q,15,28,0.691,BalancedZippelSeparated
fire7_nb0_rank1613,Automatic,1,ok,799.484,123,2,1,0,0,2305843009213693967:120;2305843009213693973:3,Symbolica_default,cached_powers_Q,27,18,0.395,BalancedZippelSeparated
fire7_nb0_rank1614,Automatic,1,ok,691.403,97,2,1,0,0,2305843009213693967:94;2305843009213693973:3,Symbolica_default,cached_powers_Q,27,15,0.378,BalancedZippelSeparated
fire7_nb0_rank1615,Automatic,1,ok,754.033,78,2,1,0,0,2305843009213693967:75;2305843009213693973:3,Symbolica_default,cached_powers_Q,30,9,0.699,BalancedZippelSeparated
fire7_nb0_rank1616,Automatic,1,ok,438.202,80,2,1,0,0,2305843009213693967:77;2305843009213693973:3,Symbolica_default,cached_powers_Q,23,15,0.370,BalancedZippelSeparated
fire7_nb0_rank1617,Automatic,1,ok,678.293,110,2,1,0,0,2305843009213693967:107;2305843009213693973:3,Symbolica_default,cached_powers_Q,32,12,0.661,BalancedZippelSeparated
fire7_nb0_rank1618,Automatic,1,ok,585.172,92,2,1,0,0,2305843009213693967:89;2305843009213693973:3,Symbolica_default,cached_powers_Q,24,18,0.384,BalancedZippelSeparated
fire7_nb0_rank1619,Automatic,1,ok,599.103,80,2,1,0,0,2305843009213693967:77;2305843009213693973:3,Symbolica_default,cached_powers_Q,18,24,0.371,BalancedZippelSeparated
fire7_nb0_rank1620,Automatic,1,ok,922.883,114,2,1,0,0,2305843009213693967:111;2305843009213693973:3,Symbolica_default,cached_powers_Q,23,24,0.548,BalancedZippelSeparated
fire7_nb0_rank1621,Automatic,1,ok,500.292,81,2,1,0,0,2305843009213693967:78;2305843009213693973:3,Symbolica_default,cached_powers_Q,25,15,0.523,BalancedZippelSeparated
fire7_nb0_rank1622,Automatic,1,ok,458.762,77,2,1,0,0,2305843009213693967:74;2305843009213693973:3,Symbolica_default,cached_powers_Q,25,15,0.531,BalancedZippelSeparated
fire7_nb0_rank1623,Automatic,1,ok,840.943,101,2,1,0,0,2305843009213693967:98;2305843009213693973:3,Symbolica_default,cached_powers_Q,27,18,0.529,BalancedZippelSeparated
fire7_nb0_rank1624,Automatic,1,ok,486.362,90,2,1,0,0,2305843009213693967:87;2305843009213693973:3,Symbolica_default,cached_powers_Q,24,16,0.400,BalancedZippelSeparated
fire7_nb0_rank1625,Automatic,1,ok,544.042,74,2,1,0,0,2305843009213693967:71;2305843009213693973:3,Symbolica_default,cached_powers_Q,18,20,0.499,BalancedZippelSeparated
fire7_nb0_rank1626,Automatic,1,ok,672.373,89,2,1,0,0,2305843009213693967:86;2305843009213693973:3,Symbolica_default,cached_powers_Q,24,21,0.539,BalancedZippelSeparated
fire7_nb0_rank1627,Automatic,1,ok,722.143,119,2,1,0,0,2305843009213693967:116;2305843009213693973:3,Symbolica_default,cached_powers_Q,27,18,0.594,BalancedZippelSeparated
fire7_nb0_rank1628,Automatic,1,ok,438.891,90,2,1,0,0,2305843009213693967:87;2305843009213693973:3,Symbolica_default,cached_powers_Q,34,6,0.356,BalancedZippelSeparated
fire7_nb0_rank1629,Automatic,1,ok,461.662,87,2,1,0,0,2305843009213693967:84;2305843009213693973:3,Symbolica_default,cached_powers_Q,15,27,0.377,BalancedZippelSeparated
fire7_nb0_rank1630,Automatic,1,ok,820.913,98,2,1,0,0,2305843009213693967:95;2305843009213693973:3,Symbolica_default,cached_powers_Q,28,12,0.713,BalancedZippelSeparated
fire7_nb0_rank1631,Automatic,1,ok,656.912,73,2,1,0,0,2305843009213693967:70;2305843009213693973:3,Symbolica_default,cached_powers_Q,28,12,0.378,BalancedZippelSeparated
fire7_nb0_rank1632,Automatic,1,ok,535.272,74,2,1,0,0,2305843009213693967:71;2305843009213693973:3,Symbolica_default,cached_powers_Q,24,9,0.690,BalancedZippelSeparated
fire7_nb0_rank1633,Automatic,1,ok,636.973,91,2,1,0,0,2305843009213693967:88;2305843009213693973:3,Symbolica_default,cached_powers_Q,32,9,0.370,BalancedZippelSeparated
fire7_nb0_rank1634,Automatic,1,ok,622.252,74,2,1,0,0,2305843009213693967:71;2305843009213693973:3,Symbolica_default,cached_powers_Q,18,20,0.323,BalancedZippelSeparated
fire7_nb0_rank1635,Automatic,1,ok,619.813,68,2,1,0,0,2305843009213693967:65;2305843009213693973:3,Symbolica_default,cached_powers_Q,25,16,0.658,BalancedZippelSeparated
fire7_nb0_rank1636,Automatic,1,ok,448.082,95,2,1,0,0,2305843009213693967:92;2305843009213693973:3,Symbolica_default,cached_powers_Q,27,15,0.386,BalancedZippelSeparated
fire7_nb0_rank1637,Automatic,1,ok,447.692,82,2,1,0,0,2305843009213693967:79;2305843009213693973:3,Symbolica_default,cached_powers_Q,29,9,0.344,BalancedZippelSeparated
fire7_nb0_rank1638,Automatic,1,ok,604.722,113,2,1,0,0,2305843009213693967:110;2305843009213693973:3,Symbolica_default,cached_powers_Q,24,20,0.494,BalancedZippelSeparated
fire7_nb0_rank1639,Automatic,1,ok,536.703,78,2,1,0,0,2305843009213693967:75;2305843009213693973:3,Symbolica_default,cached_powers_Q,24,9,0.732,BalancedZippelSeparated
fire7_nb0_rank1640,Automatic,1,ok,482.142,95,2,1,0,0,2305843009213693967:92;2305843009213693973:3,Symbolica_default,cached_powers_Q,31,10,0.378,BalancedZippelSeparated
fire7_nb0_rank1641,Automatic,1,ok,701.733,72,2,1,0,0,2305843009213693967:69;2305843009213693973:3,Symbolica_default,cached_powers_Q,29,9,0.532,BalancedZippelSeparated
fire7_nb0_rank1642,Automatic,1,ok,559.583,72,2,1,0,0,2305843009213693967:69;2305843009213693973:3,Symbolica_default,cached_powers_Q,29,9,0.369,BalancedZippelSeparated
fire7_nb0_rank1643,Automatic,1,ok,390.032,76,2,1,0,0,2305843009213693967:73;2305843009213693973:3,Symbolica_default,cached_powers_Q,30,9,0.553,BalancedZippelSeparated
fire7_nb0_rank1644,Automatic,1,ok,679.343,78,2,1,0,0,2305843009213693967:75;2305843009213693973:3,Symbolica_default,cached_powers_Q,29,9,0.741,BalancedZippelSeparated
fire7_nb0_rank1645,Automatic,1,ok,766.783,92,2,1,0,0,2305843009213693967:89;2305843009213693973:3,Symbolica_default,cached_powers_Q,28,12,0.381,BalancedZippelSeparated
fire7_nb0_rank1646,Automatic,1,ok,453.591,99,2,1,0,0,2305843009213693967:96;2305843009213693973:3,Symbolica_default,cached_powers_Q,27,18,0.354,BalancedZippelSeparated
fire7_nb0_rank1647,Automatic,1,ok,354.121,109,2,1,0,0,2305843009213693967:106;2305843009213693973:3,Symbolica_default,cached_powers_Q,5,36,0.292,BalancedZippelSeparated
fire7_nb0_rank1648,Automatic,1,ok,846.033,119,2,1,0,0,2305843009213693967:116;2305843009213693973:3,Symbolica_default,cached_powers_Q,26,18,0.678,BalancedZippelSeparated
fire7_nb0_rank1649,Automatic,1,ok,771.953,83,2,1,0,0,2305843009213693967:80;2305843009213693973:3,Symbolica_default,cached_powers_Q,25,15,0.492,BalancedZippelSeparated
fire7_nb0_rank1650,Automatic,1,ok,530.462,70,2,1,0,0,2305843009213693967:67;2305843009213693973:3,Symbolica_default,cached_powers_Q,21,18,0.646,BalancedZippelSeparated
fire7_nb0_rank1651,Automatic,1,ok,795.404,91,2,1,0,0,2305843009213693967:88;2305843009213693973:3,Symbolica_default,cached_powers_Q,28,10,0.639,BalancedZippelSeparated
fire7_nb0_rank1652,Automatic,1,ok,571.812,75,2,1,0,0,2305843009213693967:72;2305843009213693973:3,Symbolica_default,cached_powers_Q,30,8,0.335,BalancedZippelSeparated
fire7_nb0_rank1653,Automatic,1,ok,609.133,98,2,1,0,0,2305843009213693967:95;2305843009213693973:3,Symbolica_default,cached_powers_Q,36,6,0.437,BalancedZippelSeparated
fire7_nb0_rank1654,Automatic,1,ok,509.582,121,2,1,0,0,2305843009213693967:118;2305843009213693973:3,Symbolica_default,cached_powers_Q,39,3,0.285,BalancedZippelSeparated
fire7_nb0_rank1655,Automatic,1,ok,625.512,87,2,1,0,0,2305843009213693967:84;2305843009213693973:3,Symbolica_default,cached_powers_Q,24,18,0.441,BalancedZippelSeparated
fire7_nb0_rank1656,Automatic,1,ok,498.302,108,2,1,0,0,2305843009213693967:105;2305843009213693973:3,Symbolica_default,cached_powers_Q,29,12,0.463,BalancedZippelSeparated
fire7_nb0_rank1657,Automatic,1,ok,717.583,94,2,1,0,0,2305843009213693967:91;2305843009213693973:3,Symbolica_default,cached_powers_Q,15,27,0.341,BalancedZippelSeparated
fire7_nb0_rank1658,Automatic,1,ok,439.322,95,2,1,0,0,2305843009213693967:92;2305843009213693973:3,Symbolica_default,cached_powers_Q,35,6,0.583,BalancedZippelSeparated
fire7_nb0_rank1659,Automatic,1,ok,582.452,96,2,1,0,0,2305843009213693967:93;2305843009213693973:3,Symbolica_default,cached_powers_Q,24,18,0.884,BalancedZippelSeparated
fire7_nb0_rank1660,Automatic,1,ok,593.733,81,2,1,0,0,2305843009213693967:78;2305843009213693973:3,Symbolica_default,cached_powers_Q,20,24,0.633,BalancedZippelSeparated
fire7_nb0_rank1661,Automatic,1,ok,658.143,77,2,1,0,0,2305843009213693967:74;2305843009213693973:3,Symbolica_default,cached_powers_Q,30,8,0.500,BalancedZippelSeparated
fire7_nb0_rank1662,Automatic,1,ok,643.163,92,2,1,0,0,2305843009213693967:89;2305843009213693973:3,Symbolica_default,cached_powers_Q,15,27,0.538,BalancedZippelSeparated
fire7_nb0_rank1663,Automatic,1,ok,894.964,123,2,1,0,0,2305843009213693967:120;2305843009213693973:3,Symbolica_default,cached_powers_Q,30,14,0.569,BalancedZippelSeparated
fire7_nb0_rank1664,Automatic,1,ok,694.183,117,2,1,0,0,2305843009213693967:114;2305843009213693973:3,Symbolica_default,cached_powers_Q,30,14,0.561,BalancedZippelSeparated
fire7_nb0_rank1665,Automatic,1,ok,691.783,77,2,1,0,0,2305843009213693967:74;2305843009213693973:3,Symbolica_default,cached_powers_Q,30,4,0.459,BalancedZippelSeparated
fire7_nb0_rank1666,Automatic,1,ok,600.002,75,2,1,0,0,2305843009213693967:72;2305843009213693973:3,Symbolica_default,cached_powers_Q,25,15,0.390,BalancedZippelSeparated
fire7_nb0_rank1667,Automatic,1,ok,831.873,75,2,1,0,0,2305843009213693967:72;2305843009213693973:3,Symbolica_default,cached_powers_Q,25,15,0.527,BalancedZippelSeparated
fire7_nb0_rank1668,Automatic,1,ok,449.192,82,2,1,0,0,2305843009213693967:79;2305843009213693973:3,Symbolica_default,cached_powers_Q,30,9,0.495,BalancedZippelSeparated
fire7_nb0_rank1669,Automatic,1,ok,752.003,91,2,1,0,0,2305843009213693967:88;2305843009213693973:3,Symbolica_default,cached_powers_Q,27,12,0.758,BalancedZippelSeparated
fire7_nb0_rank1670,Automatic,1,ok,395.012,79,2,1,0,0,2305843009213693967:76;2305843009213693973:3,Symbolica_default,cached_powers_Q,30,8,0.530,BalancedZippelSeparated
fire7_nb0_rank1671,Automatic,1,ok,716.873,71,2,1,0,0,2305843009213693967:68;2305843009213693973:3,Symbolica_default,cached_powers_Q,25,10,0.529,BalancedZippelSeparated
fire7_nb0_rank1672,Automatic,1,ok,605.622,71,2,1,0,0,2305843009213693967:68;2305843009213693973:3,Symbolica_default,cached_powers_Q,20,16,0.345,BalancedZippelSeparated
fire7_nb0_rank1673,Automatic,1,ok,511.832,77,2,1,0,0,2305843009213693967:74;2305843009213693973:3,Symbolica_default,cached_powers_Q,28,9,0.374,BalancedZippelSeparated
fire7_nb0_rank1674,Automatic,1,ok,709.543,72,2,1,0,0,2305843009213693967:69;2305843009213693973:3,Symbolica_default,cached_powers_Q,28,9,0.759,BalancedZippelSeparated
fire7_nb0_rank1675,Automatic,1,ok,576.723,78,2,1,0,0,2305843009213693967:75;2305843009213693973:3,Symbolica_default,cached_powers_Q,28,9,0.383,BalancedZippelSeparated
fire7_nb0_rank1676,Automatic,1,ok,529.592,75,2,1,0,0,2305843009213693967:72;2305843009213693973:3,Symbolica_default,cached_powers_Q,22,10,0.540,BalancedZippelSeparated
fire7_nb0_rank1677,Automatic,1,ok,453.822,84,2,1,0,0,2305843009213693967:81;2305843009213693973:3,Symbolica_default,cached_powers_Q,18,18,0.390,BalancedZippelSeparated
fire7_nb0_rank1678,Automatic,1,ok,477.302,81,2,1,0,0,2305843009213693967:78;2305843009213693973:3,Symbolica_default,cached_powers_Q,24,15,0.516,BalancedZippelSeparated
fire7_nb0_rank1679,Automatic,1,ok,763.003,92,2,1,0,0,2305843009213693967:89;2305843009213693973:3,Symbolica_default,cached_powers_Q,14,27,0.752,BalancedZippelSeparated
fire7_nb0_rank1680,Automatic,1,ok,299.491,79,2,1,0,0,2305843009213693967:76;2305843009213693973:3,Symbolica_default,cached_powers_Q,7,24,0.476,BalancedZippelSeparated
fire7_nb0_rank1681,Automatic,1,ok,742.253,79,2,1,0,0,2305843009213693967:76;2305843009213693973:3,Symbolica_default,cached_powers_Q,15,28,0.558,BalancedZippelSeparated
fire7_nb0_rank1682,Automatic,1,ok,361.902,72,2,1,0,0,2305843009213693967:69;2305843009213693973:3,Symbolica_default,cached_powers_Q,28,9,0.396,BalancedZippelSeparated
fire7_nb0_rank1683,Automatic,1,ok,772.173,88,2,1,0,0,2305843009213693967:85;2305843009213693973:3,Symbolica_default,cached_powers_Q,32,6,0.484,BalancedZippelSeparated
fire7_nb0_rank1684,Automatic,1,ok,375.432,77,2,1,0,0,2305843009213693967:74;2305843009213693973:3,Symbolica_default,cached_powers_Q,28,9,0.575,BalancedZippelSeparated
fire7_nb0_rank1685,Automatic,1,ok,954.174,71,2,1,0,0,2305843009213693967:68;2305843009213693973:3,Symbolica_default,cached_powers_Q,28,8,0.650,BalancedZippelSeparated
fire7_nb0_rank1686,Automatic,1,ok,668.113,88,2,1,0,0,2305843009213693967:85;2305843009213693973:3,Symbolica_default,cached_powers_Q,32,6,0.371,BalancedZippelSeparated
fire7_nb0_rank1687,Automatic,1,ok,341.521,75,2,1,0,0,2305843009213693967:72;2305843009213693973:3,Symbolica_default,cached_powers_Q,22,10,0.523,BalancedZippelSeparated
fire7_nb0_rank1688,Automatic,1,ok,880.104,116,2,1,0,0,2305843009213693967:113;2305843009213693973:3,Symbolica_default,cached_powers_Q,24,18,0.751,BalancedZippelSeparated
fire7_nb0_rank1689,Automatic,1,ok,409.452,68,2,1,0,0,2305843009213693967:65;2305843009213693973:3,Symbolica_default,cached_powers_Q,15,20,0.352,BalancedZippelSeparated
fire7_nb0_rank1690,Automatic,1,ok,535.223,68,2,1,0,0,2305843009213693967:65;2305843009213693973:3,Symbolica_default,cached_powers_Q,15,20,0.353,BalancedZippelSeparated
fire7_nb0_rank1691,Automatic,1,ok,747.183,81,2,1,0,0,2305843009213693967:78;2305843009213693973:3,Symbolica_default,cached_powers_Q,24,15,0.527,BalancedZippelSeparated
fire7_nb0_rank1692,Automatic,1,ok,465.462,85,2,1,0,0,2305843009213693967:82;2305843009213693973:3,Symbolica_default,cached_powers_Q,24,18,0.528,BalancedZippelSeparated
fire7_nb0_rank1693,Automatic,1,ok,410.131,91,2,1,0,0,2305843009213693967:88;2305843009213693973:3,Symbolica_default,cached_powers_Q,32,5,0.527,BalancedZippelSeparated
fire7_nb0_rank1694,Automatic,1,ok,755.733,82,2,1,0,0,2305843009213693967:79;2305843009213693973:3,Symbolica_default,cached_powers_Q,29,9,0.750,BalancedZippelSeparated
fire7_nb0_rank1695,Automatic,1,ok,601.783,91,2,1,0,0,2305843009213693967:88;2305843009213693973:3,Symbolica_default,cached_powers_Q,25,12,0.379,BalancedZippelSeparated
fire7_nb0_rank1696,Automatic,1,ok,714.643,80,2,1,0,0,2305843009213693967:77;2305843009213693973:3,Symbolica_default,cached_powers_Q,30,8,0.524,BalancedZippelSeparated
fire7_nb0_rank1697,Automatic,1,ok,649.452,97,2,1,0,0,2305843009213693967:94;2305843009213693973:3,Symbolica_default,cached_powers_Q,16,27,0.405,BalancedZippelSeparated
fire7_nb0_rank1698,Automatic,1,ok,434.842,68,2,1,0,0,2305843009213693967:65;2305843009213693973:3,Symbolica_default,cached_powers_Q,25,9,0.371,BalancedZippelSeparated
fire7_nb0_rank1699,Automatic,1,ok,793.413,87,2,1,0,0,2305843009213693967:84;2305843009213693973:3,Symbolica_default,cached_powers_Q,25,12,0.698,BalancedZippelSeparated
fire7_nb0_rank1700,Automatic,1,ok,594.313,83,2,1,0,0,2305843009213693967:80;2305843009213693973:3,Symbolica_default,cached_powers_Q,32,4,0.363,BalancedZippelSeparated
fire7_nb0_rank1701,Automatic,1,ok,577.693,85,2,1,0,0,2305843009213693967:82;2305843009213693973:3,Symbolica_default,cached_powers_Q,24,15,0.671,BalancedZippelSeparated
fire7_nb0_rank1702,Automatic,1,ok,788.903,78,2,1,0,0,2305843009213693967:75;2305843009213693973:3,Symbolica_default,cached_powers_Q,25,12,0.542,BalancedZippelSeparated
fire7_nb0_rank1703,Automatic,1,ok,385.272,73,2,1,0,0,2305843009213693967:70;2305843009213693973:3,Symbolica_default,cached_powers_Q,15,21,0.613,BalancedZippelSeparated
fire7_nb0_rank1704,Automatic,1,ok,819.543,84,2,1,0,0,2305843009213693967:81;2305843009213693973:3,Symbolica_default,cached_powers_Q,18,21,0.531,BalancedZippelSeparated
fire7_nb0_rank1705,Automatic,1,ok,603.122,79,2,1,0,0,2305843009213693967:76;2305843009213693973:3,Symbolica_default,cached_powers_Q,15,21,0.391,BalancedZippelSeparated
fire7_nb0_rank1706,Automatic,1,ok,510.532,101,2,1,0,0,2305843009213693967:98;2305843009213693973:3,Symbolica_default,cached_powers_Q,17,18,0.500,BalancedZippelSeparated
fire7_nb0_rank1707,Automatic,1,ok,863.334,101,2,1,0,0,2305843009213693967:98;2305843009213693973:3,Symbolica_default,cached_powers_Q,17,18,0.710,BalancedZippelSeparated
fire7_nb0_rank1708,Automatic,1,ok,452.482,89,2,1,0,0,2305843009213693967:86;2305843009213693973:3,Symbolica_default,cached_powers_Q,25,12,0.392,BalancedZippelSeparated
fire7_nb0_rank1709,Automatic,1,ok,386.872,80,2,1,0,0,2305843009213693967:77;2305843009213693973:3,Symbolica_default,cached_powers_Q,31,6,0.332,BalancedZippelSeparated
fire7_nb0_rank1710,Automatic,1,ok,567.682,92,2,1,0,0,2305843009213693967:89;2305843009213693973:3,Symbolica_default,cached_powers_Q,20,18,0.330,BalancedZippelSeparated
fire7_nb0_rank1711,Automatic,1,ok,594.613,89,2,1,0,0,2305843009213693967:86;2305843009213693973:3,Symbolica_default,cached_powers_Q,25,12,0.481,BalancedZippelSeparated
fire7_nb0_rank1712,Automatic,1,ok,725.313,113,2,1,0,0,2305843009213693967:110;2305843009213693973:3,Symbolica_default,cached_powers_Q,27,14,0.334,BalancedZippelSeparated
fire7_nb0_rank1713,Automatic,1,ok,442.432,92,2,1,0,0,2305843009213693967:89;2305843009213693973:3,Symbolica_default,cached_powers_Q,20,18,0.313,BalancedZippelSeparated
fire7_nb0_rank1714,Automatic,1,ok,772.843,102,2,1,0,0,2305843009213693967:99;2305843009213693973:3,Symbolica_default,cached_powers_Q,27,14,0.499,BalancedZippelSeparated
fire7_nb0_rank1715,Automatic,1,ok,827.073,100,2,1,0,0,2305843009213693967:97;2305843009213693973:3,Symbolica_default,cached_powers_Q,25,12,0.476,BalancedZippelSeparated
fire7_nb0_rank1716,Automatic,1,ok,663.902,74,2,1,0,0,2305843009213693967:71;2305843009213693973:3,Symbolica_default,cached_powers_Q,18,20,0.390,BalancedZippelSeparated
fire7_nb0_rank1717,Automatic,1,ok,605.522,89,2,1,0,0,2305843009213693967:86;2305843009213693973:3,Symbolica_default,cached_powers_Q,25,12,0.473,BalancedZippelSeparated
fire7_nb0_rank1718,Automatic,1,ok,529.442,82,2,1,0,0,2305843009213693967:79;2305843009213693973:3,Symbolica_default,cached_powers_Q,18,18,0.316,BalancedZippelSeparated
fire7_nb0_rank1719,Automatic,1,ok,535.572,82,2,1,0,0,2305843009213693967:79;2305843009213693973:3,Symbolica_default,cached_powers_Q,18,18,0.325,BalancedZippelSeparated
fire7_nb0_rank1720,Automatic,1,ok,423.312,90,2,1,0,0,2305843009213693967:87;2305843009213693973:3,Symbolica_default,cached_powers_Q,14,27,0.453,BalancedZippelSeparated
fire7_nb0_rank1721,Automatic,1,ok,424.062,89,2,1,0,0,2305843009213693967:86;2305843009213693973:3,Symbolica_default,cached_powers_Q,25,12,0.337,BalancedZippelSeparated
fire7_nb0_rank1722,Automatic,1,ok,540.702,85,2,1,0,0,2305843009213693967:82;2305843009213693973:3,Symbolica_default,cached_powers_Q,24,15,0.311,BalancedZippelSeparated
fire7_nb0_rank1723,Automatic,1,ok,691.453,69,2,1,0,0,2305843009213693967:66;2305843009213693973:3,Symbolica_default,cached_powers_Q,25,9,0.618,BalancedZippelSeparated
fire7_nb0_rank1724,Automatic,1,ok,697.443,67,2,1,0,0,2305843009213693967:64;2305843009213693973:3,Symbolica_default,cached_powers_Q,25,9,0.459,BalancedZippelSeparated
fire7_nb0_rank1725,Automatic,1,ok,689.222,96,2,1,0,0,2305843009213693967:93;2305843009213693973:3,Symbolica_default,cached_powers_Q,30,10,0.501,BalancedZippelSeparated
fire7_nb0_rank1726,Automatic,1,ok,536.032,72,2,1,0,0,2305843009213693967:69;2305843009213693973:3,Symbolica_default,cached_powers_Q,20,15,0.299,BalancedZippelSeparated
fire7_nb0_rank1727,Automatic,1,ok,656.742,92,2,1,0,0,2305843009213693967:89;2305843009213693973:3,Symbolica_default,cached_powers_Q,20,18,0.454,BalancedZippelSeparated
fire7_nb0_rank1728,Automatic,1,ok,421.831,85,2,1,0,0,2305843009213693967:82;2305843009213693973:3,Symbolica_default,cached_powers_Q,24,15,0.390,BalancedZippelSeparated
fire7_nb0_rank1729,Automatic,1,ok,714.313,73,2,1,0,0,2305843009213693967:70;2305843009213693973:3,Symbolica_default,cached_powers_Q,20,15,0.694,BalancedZippelSeparated
fire7_nb0_rank1730,Automatic,1,ok,618.383,96,2,1,0,0,2305843009213693967:93;2305843009213693973:3,Symbolica_default,cached_powers_Q,32,6,0.360,BalancedZippelSeparated
fire7_nb0_rank1731,Automatic,1,ok,618.982,81,2,1,0,0,2305843009213693967:78;2305843009213693973:3,Symbolica_default,cached_powers_Q,4,36,0.477,BalancedZippelSeparated
fire7_nb0_rank1732,Automatic,1,ok,385.112,73,2,1,0,0,2305843009213693967:70;2305843009213693973:3,Symbolica_default,cached_powers_Q,21,12,0.359,BalancedZippelSeparated
fire7_nb0_rank1733,Automatic,1,ok,360.892,67,2,1,0,0,2305843009213693967:64;2305843009213693973:3,Symbolica_default,cached_powers_Q,25,8,0.539,BalancedZippelSeparated
fire7_nb0_rank1734,Automatic,1,ok,767.673,80,2,1,0,0,2305843009213693967:77;2305843009213693973:3,Symbolica_default,cached_powers_Q,24,15,0.536,BalancedZippelSeparated
fire7_nb0_rank1735,Automatic,1,ok,539.362,81,2,1,0,0,2305843009213693967:78;2305843009213693973:3,Symbolica_default,cached_powers_Q,15,21,0.379,BalancedZippelSeparated
fire7_nb0_rank1736,Automatic,1,ok,451.821,86,2,1,0,0,2305843009213693967:83;2305843009213693973:3,Symbolica_default,cached_powers_Q,30,6,0.472,BalancedZippelSeparated
fire7_nb0_rank1737,Automatic,1,ok,903.804,111,2,1,0,0,2305843009213693967:108;2305843009213693973:3,Symbolica_default,cached_powers_Q,27,14,0.737,BalancedZippelSeparated
fire7_nb0_rank1738,Automatic,1,ok,500.932,69,2,1,0,0,2305843009213693967:66;2305843009213693973:3,Symbolica_default,cached_powers_Q,25,8,0.375,BalancedZippelSeparated
fire7_nb0_rank1739,Automatic,1,ok,936.374,148,2,1,0,0,2305843009213693967:145;2305843009213693973:3,Symbolica_default,cached_powers_Q,31,6,0.487,BalancedZippelSeparated
fire7_nb0_rank1740,Automatic,1,ok,410.962,82,2,1,0,0,2305843009213693967:79;2305843009213693973:3,Symbolica_default,cached_powers_Q,18,18,0.350,BalancedZippelSeparated
fire7_nb0_rank1741,Automatic,1,ok,630.942,82,2,1,0,0,2305843009213693967:79;2305843009213693973:3,Symbolica_default,cached_powers_Q,18,18,0.364,BalancedZippelSeparated
fire7_nb0_rank1742,Automatic,1,ok,366.582,74,2,1,0,0,2305843009213693967:71;2305843009213693973:3,Symbolica_default,cached_powers_Q,28,6,0.531,BalancedZippelSeparated
fire7_nb0_rank1743,Automatic,1,ok,1005.494,133,2,1,0,0,2305843009213693967:130;2305843009213693973:3,Symbolica_default,cached_powers_Q,31,6,0.681,BalancedZippelSeparated
fire7_nb0_rank1744,Automatic,1,ok,636.233,93,2,1,0,0,2305843009213693967:90;2305843009213693973:3,Symbolica_default,cached_powers_Q,27,10,0.376,BalancedZippelSeparated
fire7_nb0_rank1745,Automatic,1,ok,851.364,92,2,1,0,0,2305843009213693967:89;2305843009213693973:3,Symbolica_default,cached_powers_Q,21,16,0.536,BalancedZippelSeparated
fire7_nb0_rank1746,Automatic,1,ok,656.313,102,2,1,0,0,2305843009213693967:99;2305843009213693973:3,Symbolica_default,cached_powers_Q,23,18,0.598,BalancedZippelSeparated
fire7_nb0_rank1747,Automatic,1,ok,312.561,70,2,1,0,0,2305843009213693967:67;2305843009213693973:3,Symbolica_default,cached_powers_Q,30,4,0.316,BalancedZippelSeparated
fire7_nb0_rank1748,Automatic,1,ok,354.422,84,2,1,0,0,2305843009213693967:81;2305843009213693973:3,Symbolica_default,cached_powers_Q,32,2,0.544,BalancedZippelSeparated
fire7_nb0_rank1749,Automatic,1,ok,502.292,102,2,1,0,0,2305843009213693967:99;2305843009213693973:3,Symbolica_default,cached_powers_Q,23,18,0.585,BalancedZippelSeparated
fire7_nb0_rank1750,Automatic,1,ok,717.023,68,2,1,0,0,2305843009213693967:65;2305843009213693973:3,Symbolica_default,cached_powers_Q,20,12,0.484,BalancedZippelSeparated
fire7_nb0_rank1751,Automatic,1,ok,316.582,72,2,1,0,0,2305843009213693967:69;2305843009213693973:3,Symbolica_default,cached_powers_Q,25,4,0.471,BalancedZippelSeparated
fire7_nb0_rank1752,Automatic,1,ok,624.753,85,2,1,0,0,2305843009213693967:82;2305843009213693973:3,Symbolica_default,cached_powers_Q,20,16,0.331,BalancedZippelSeparated
fire7_nb0_rank1753,Automatic,1,ok,626.052,68,2,1,0,0,2305843009213693967:65;2305843009213693973:3,Symbolica_default,cached_powers_Q,5,28,0.464,BalancedZippelSeparated
fire7_nb0_rank1754,Automatic,1,ok,395.922,77,2,1,0,0,2305843009213693967:74;2305843009213693973:3,Symbolica_default,cached_powers_Q,25,10,0.373,BalancedZippelSeparated
fire7_nb0_rank1755,Automatic,1,ok,442.731,86,2,1,0,0,2305843009213693967:83;2305843009213693973:3,Symbolica_default,cached_powers_Q,20,21,0.557,BalancedZippelSeparated
fire7_nb0_rank1756,Automatic,1,ok,472.242,94,2,1,0,0,2305843009213693967:91;2305843009213693973:3,Symbolica_default,cached_powers_Q,28,6,0.540,BalancedZippelSeparated
fire7_nb0_rank1757,Automatic,1,ok,669.703,104,2,1,0,0,2305843009213693967:101;2305843009213693973:3,Symbolica_default,cached_powers_Q,30,8,0.378,BalancedZippelSeparated
fire7_nb0_rank1758,Automatic,1,ok,802.083,89,2,1,0,0,2305843009213693967:86;2305843009213693973:3,Symbolica_default,cached_powers_Q,24,12,0.495,BalancedZippelSeparated
fire7_nb0_rank1759,Automatic,1,ok,596.803,84,2,1,0,0,2305843009213693967:81;2305843009213693973:3,Symbolica_default,cached_powers_Q,12,27,0.387,BalancedZippelSeparated
fire7_nb0_rank1760,Automatic,1,ok,636.432,87,2,1,0,0,2305843009213693967:84;2305843009213693973:3,Symbolica_default,cached_powers_Q,21,16,0.366,BalancedZippelSeparated
fire7_nb0_rank1761,Automatic,1,ok,641.022,92,2,1,0,0,2305843009213693967:89;2305843009213693973:3,Symbolica_default,cached_powers_Q,21,16,0.705,BalancedZippelSeparated
fire7_nb0_rank1762,Automatic,1,ok,552.592,86,2,1,0,0,2305843009213693967:83;2305843009213693973:3,Symbolica_default,cached_powers_Q,31,3,0.333,BalancedZippelSeparated
fire7_nb0_rank1763,Automatic,1,ok,604.473,89,2,1,0,0,2305843009213693967:86;2305843009213693973:3,Symbolica_default,cached_powers_Q,24,12,0.370,BalancedZippelSeparated
fire7_nb0_rank1764,Automatic,1,ok,781.444,89,2,1,0,0,2305843009213693967:86;2305843009213693973:3,Symbolica_default,cached_powers_Q,24,12,0.538,BalancedZippelSeparated
fire7_nb0_rank1765,Automatic,1,ok,604.072,75,2,1,0,0,2305843009213693967:72;2305843009213693973:3,Symbolica_default,cached_powers_Q,20,15,0.349,BalancedZippelSeparated
fire7_nb0_rank1766,Automatic,1,ok,943.863,148,2,1,0,0,2305843009213693967:145;2305843009213693973:3,Symbolica_default,cached_powers_Q,30,6,0.652,BalancedZippelSeparated
fire7_nb0_rank1767,Automatic,1,ok,607.232,71,2,1,0,0,2305843009213693967:68;2305843009213693973:3,Symbolica_default,cached_powers_Q,20,15,0.348,BalancedZippelSeparated
fire7_nb0_rank1768,Automatic,1,ok,569.803,73,2,1,0,0,2305843009213693967:70;2305843009213693973:3,Symbolica_default,cached_powers_Q,20,15,0.346,BalancedZippelSeparated
fire7_nb0_rank1769,Automatic,1,ok,713.903,71,2,1,0,0,2305843009213693967:68;2305843009213693973:3,Symbolica_default,cached_powers_Q,20,15,0.703,BalancedZippelSeparated
fire7_nb0_rank1770,Automatic,1,ok,425.161,75,2,1,0,0,2305843009213693967:72;2305843009213693973:3,Symbolica_default,cached_powers_Q,20,15,0.351,BalancedZippelSeparated
fire7_nb0_rank1771,Automatic,1,ok,410.721,74,2,1,0,0,2305843009213693967:71;2305843009213693973:3,Symbolica_default,cached_powers_Q,20,15,0.356,BalancedZippelSeparated
fire7_nb0_rank1772,Automatic,1,ok,397.932,71,2,1,0,0,2305843009213693967:68;2305843009213693973:3,Symbolica_default,cached_powers_Q,20,15,0.559,BalancedZippelSeparated
fire7_nb0_rank1773,Automatic,1,ok,538.562,71,2,1,0,0,2305843009213693967:68;2305843009213693973:3,Symbolica_default,cached_powers_Q,20,15,0.374,BalancedZippelSeparated
fire7_nb0_rank1774,Automatic,1,ok,600.772,75,2,1,0,0,2305843009213693967:72;2305843009213693973:3,Symbolica_default,cached_powers_Q,20,15,0.370,BalancedZippelSeparated
fire7_nb0_rank1775,Automatic,1,ok,719.373,71,2,1,0,0,2305843009213693967:68;2305843009213693973:3,Symbolica_default,cached_powers_Q,20,15,0.697,BalancedZippelSeparated
fire7_nb0_rank1776,Automatic,1,ok,405.712,94,2,1,0,0,2305843009213693967:91;2305843009213693973:3,Symbolica_default,cached_powers_Q,28,6,0.344,BalancedZippelSeparated
fire7_nb0_rank1777,Automatic,1,ok,583.323,72,2,1,0,0,2305843009213693967:69;2305843009213693973:3,Symbolica_default,cached_powers_Q,16,15,0.596,BalancedZippelSeparated
fire7_nb0_rank1778,Automatic,1,ok,742.473,79,2,1,0,0,2305843009213693967:76;2305843009213693973:3,Symbolica_default,cached_powers_Q,24,10,0.508,BalancedZippelSeparated
fire7_nb0_rank1779,Automatic,1,ok,371.041,69,2,1,0,0,2305843009213693967:66;2305843009213693973:3,Symbolica_default,cached_powers_Q,16,15,0.480,BalancedZippelSeparated
fire7_nb0_rank1780,Automatic,1,ok,640.353,128,2,1,0,0,2305843009213693967:125;2305843009213693973:3,Symbolica_default,cached_powers_Q,24,13,0.367,BalancedZippelSeparated
fire7_nb0_rank1781,Automatic,1,ok,383.072,70,2,1,0,0,2305843009213693967:67;2305843009213693973:3,Symbolica_default,cached_powers_Q,25,9,0.322,BalancedZippelSeparated
fire7_nb0_rank1782,Automatic,1,ok,355.172,70,2,1,0,0,2305843009213693967:67;2305843009213693973:3,Symbolica_default,cached_powers_Q,25,9,0.319,BalancedZippelSeparated
fire7_nb0_rank1783,Automatic,1,ok,392.212,74,2,1,0,0,2305843009213693967:71;2305843009213693973:3,Symbolica_default,cached_powers_Q,20,15,0.273,BalancedZippelSeparated
fire7_nb0_rank1784,Automatic,1,ok,426.162,87,2,1,0,0,2305843009213693967:84;2305843009213693973:3,Symbolica_default,cached_powers_Q,24,12,0.456,BalancedZippelSeparated
fire7_nb0_rank1785,Automatic,1,ok,691.952,93,2,1,0,0,2305843009213693967:90;2305843009213693973:3,Symbolica_default,cached_powers_Q,30,6,0.438,BalancedZippelSeparated
fire7_nb0_rank1786,Automatic,1,ok,674.093,86,2,1,0,0,2305843009213693967:83;2305843009213693973:3,Symbolica_default,cached_powers_Q,19,14,0.407,BalancedZippelSeparated
fire7_nb0_rank1787,Automatic,1,ok,665.653,70,2,1,0,0,2305843009213693967:67;2305843009213693973:3,Symbolica_default,cached_powers_Q,20,15,0.546,BalancedZippelSeparated
fire7_nb0_rank1788,Automatic,1,ok,707.272,70,2,1,0,0,2305843009213693967:67;2305843009213693973:3,Symbolica_default,cached_powers_Q,20,15,0.430,BalancedZippelSeparated
fire7_nb0_rank1789,Automatic,1,ok,640.223,98,2,1,0,0,2305843009213693967:95;2305843009213693973:3,Symbolica_default,cached_powers_Q,24,14,0.497,BalancedZippelSeparated
fire7_nb0_rank1790,Automatic,1,ok,579.342,74,2,1,0,0,2305843009213693967:71;2305843009213693973:3,Symbolica_default,cached_powers_Q,20,15,0.319,BalancedZippelSeparated
fire7_nb0_rank1791,Automatic,1,ok,398.811,87,2,1,0,0,2305843009213693967:84;2305843009213693973:3,Symbolica_default,cached_powers_Q,24,12,0.463,BalancedZippelSeparated
fire7_nb0_rank1792,Automatic,1,ok,539.772,87,2,1,0,0,2305843009213693967:84;2305843009213693973:3,Symbolica_default,cached_powers_Q,24,12,0.471,BalancedZippelSeparated
fire7_nb0_rank1793,Automatic,1,ok,373.652,67,2,1,0,0,2305843009213693967:64;2305843009213693973:3,Symbolica_default,cached_powers_Q,20,15,0.281,BalancedZippelSeparated
fire7_nb0_rank1794,Automatic,1,ok,459.601,115,2,1,0,0,2305843009213693967:112;2305843009213693973:3,Symbolica_default,cached_powers_Q,24,14,0.315,BalancedZippelSeparated
fire7_nb0_rank1795,Automatic,1,ok,569.332,89,2,1,0,0,2305843009213693967:86;2305843009213693973:3,Symbolica_default,cached_powers_Q,24,12,0.305,BalancedZippelSeparated
fire7_nb0_rank1796,Automatic,1,ok,695.813,74,2,1,0,0,2305843009213693967:71;2305843009213693973:3,Symbolica_default,cached_powers_Q,20,15,0.410,BalancedZippelSeparated
fire7_nb0_rank1797,Automatic,1,ok,683.372,87,2,1,0,0,2305843009213693967:84;2305843009213693973:3,Symbolica_default,cached_powers_Q,24,12,0.454,BalancedZippelSeparated
fire7_nb0_rank1798,Automatic,1,ok,675.913,77,2,1,0,0,2305843009213693967:74;2305843009213693973:3,Symbolica_default,cached_powers_Q,16,15,0.611,BalancedZippelSeparated
fire7_nb0_rank1799,Automatic,1,ok,543.732,70,2,1,0,0,2305843009213693967:67;2305843009213693973:3,Symbolica_default,cached_powers_Q,20,15,0.367,BalancedZippelSeparated
fire7_nb0_rank1800,Automatic,1,ok,399.951,71,2,1,0,0,2305843009213693967:68;2305843009213693973:3,Symbolica_default,cached_powers_Q,25,9,0.524,BalancedZippelSeparated
fire7_nb0_rank1801,Automatic,1,ok,632.322,87,2,1,0,0,2305843009213693967:84;2305843009213693973:3,Symbolica_default,cached_powers_Q,24,12,0.383,BalancedZippelSeparated
fire7_nb0_rank1802,Automatic,1,ok,405.501,79,2,1,0,0,2305843009213693967:76;2305843009213693973:3,Symbolica_default,cached_powers_Q,13,21,0.567,BalancedZippelSeparated
fire7_nb0_rank1803,Automatic,1,ok,739.713,70,2,1,0,0,2305843009213693967:67;2305843009213693973:3,Symbolica_default,cached_powers_Q,24,9,0.495,BalancedZippelSeparated
fire7_nb0_rank1804,Automatic,1,ok,410.982,76,2,1,0,0,2305843009213693967:73;2305843009213693973:3,Symbolica_default,cached_powers_Q,24,10,0.586,BalancedZippelSeparated
fire7_nb0_rank1805,Automatic,1,ok,607.303,87,2,1,0,0,2305843009213693967:84;2305843009213693973:3,Symbolica_default,cached_powers_Q,24,12,0.531,BalancedZippelSeparated
fire7_nb0_rank1806,Automatic,1,ok,786.863,84,2,1,0,0,2305843009213693967:81;2305843009213693973:3,Symbolica_default,cached_powers_Q,24,10,0.733,BalancedZippelSeparated
fire7_nb0_rank1807,Automatic,1,ok,636.092,79,2,1,0,0,2305843009213693967:76;2305843009213693973:3,Symbolica_default,cached_powers_Q,27,10,0.374,BalancedZippelSeparated
fire7_nb0_rank1808,Automatic,1,ok,567.812,67,2,1,0,0,2305843009213693967:64;2305843009213693973:3,Symbolica_default,cached_powers_Q,20,15,0.321,BalancedZippelSeparated
fire7_nb0_rank1809,Automatic,1,ok,648.793,66,2,1,0,0,2305843009213693967:63;2305843009213693973:3,Symbolica_default,cached_powers_Q,15,20,0.426,BalancedZippelSeparated
fire7_nb0_rank1810,Automatic,1,ok,770.933,111,2,1,0,0,2305843009213693967:108;2305843009213693973:3,Symbolica_default,cached_powers_Q,26,14,0.441,BalancedZippelSeparated
fire7_nb0_rank1811,Automatic,1,ok,676.573,72,2,1,0,0,2305843009213693967:69;2305843009213693973:3,Symbolica_default,cached_powers_Q,23,9,0.586,BalancedZippelSeparated
fire7_nb0_rank1812,Automatic,1,ok,586.773,67,2,1,0,0,2305843009213693967:64;2305843009213693973:3,Symbolica_default,cached_powers_Q,20,15,0.343,BalancedZippelSeparated
fire7_nb0_rank1813,Automatic,1,ok,389.681,70,2,1,0,0,2305843009213693967:67;2305843009213693973:3,Symbolica_default,cached_powers_Q,20,15,0.330,BalancedZippelSeparated
fire7_nb0_rank1814,Automatic,1,ok,387.281,85,2,1,0,0,2305843009213693967:82;2305843009213693973:3,Symbolica_default,cached_powers_Q,27,6,0.475,BalancedZippelSeparated
fire7_nb0_rank1815,Automatic,1,ok,461.222,64,2,1,0,0,2305843009213693967:61;2305843009213693973:3,Symbolica_default,cached_powers_Q,17,15,0.423,BalancedZippelSeparated
fire7_nb0_rank1816,Automatic,1,ok,376.051,70,2,1,0,0,2305843009213693967:67;2305843009213693973:3,Symbolica_default,cached_powers_Q,20,15,0.309,BalancedZippelSeparated
fire7_nb0_rank1817,Automatic,1,ok,585.102,74,2,1,0,0,2305843009213693967:71;2305843009213693973:3,Symbolica_default,cached_powers_Q,20,15,0.283,BalancedZippelSeparated
fire7_nb0_rank1818,Automatic,1,ok,714.163,74,2,1,0,0,2305843009213693967:71;2305843009213693973:3,Symbolica_default,cached_powers_Q,19,15,0.535,BalancedZippelSeparated
fire7_nb0_rank1819,Automatic,1,ok,630.592,91,2,1,0,0,2305843009213693967:88;2305843009213693973:3,Symbolica_default,cached_powers_Q,27,8,0.410,BalancedZippelSeparated
fire7_nb0_rank1820,Automatic,1,ok,696.453,67,2,1,0,0,2305843009213693967:64;2305843009213693973:3,Symbolica_default,cached_powers_Q,20,15,0.572,BalancedZippelSeparated
fire7_nb0_rank1821,Automatic,1,ok,480.092,74,2,1,0,0,2305843009213693967:71;2305843009213693973:3,Symbolica_default,cached_powers_Q,22,5,0.297,BalancedZippelSeparated
fire7_nb0_rank1822,Automatic,1,ok,550.113,71,2,1,0,0,2305843009213693967:68;2305843009213693973:3,Symbolica_default,cached_powers_Q,20,15,0.470,BalancedZippelSeparated
fire7_nb0_rank1823,Automatic,1,ok,525.592,76,2,1,0,0,2305843009213693967:73;2305843009213693973:3,Symbolica_default,cached_powers_Q,24,10,0.322,BalancedZippelSeparated
fire7_nb0_rank1824,Automatic,1,ok,449.832,84,2,1,0,0,2305843009213693967:81;2305843009213693973:3,Symbolica_default,cached_powers_Q,24,10,0.487,BalancedZippelSeparated
fire7_nb0_rank1825,Automatic,1,ok,477.102,71,2,1,0,0,2305843009213693967:68;2305843009213693973:3,Symbolica_default,cached_powers_Q,25,6,0.297,BalancedZippelSeparated
fire7_nb0_rank1826,Automatic,1,ok,480.552,61,2,1,0,0,2305843009213693967:58;2305843009213693973:3,Symbolica_default,cached_powers_Q,20,12,0.282,BalancedZippelSeparated
fire7_nb0_rank1827,Automatic,1,ok,409.812,61,2,1,0,0,2305843009213693967:58;2305843009213693973:3,Symbolica_default,cached_powers_Q,20,12,0.385,BalancedZippelSeparated
fire7_nb0_rank1828,Automatic,1,ok,830.624,81,2,1,0,0,2305843009213693967:78;2305843009213693973:3,Symbolica_default,cached_powers_Q,24,6,0.418,BalancedZippelSeparated
fire7_nb0_rank1829,Automatic,1,ok,657.873,98,2,1,0,0,2305843009213693967:95;2305843009213693973:3,Symbolica_default,cached_powers_Q,23,14,0.383,BalancedZippelSeparated
fire7_nb0_rank1830,Automatic,1,ok,345.062,74,2,1,0,0,2305843009213693967:71;2305843009213693973:3,Symbolica_default,cached_powers_Q,22,5,0.312,BalancedZippelSeparated
fire7_nb0_rank1831,Automatic,1,ok,794.014,92,2,1,0,0,2305843009213693967:89;2305843009213693973:3,Symbolica_default,cached_powers_Q,27,10,0.476,BalancedZippelSeparated
fire7_nb0_rank1832,Automatic,1,ok,554.162,71,2,1,0,0,2305843009213693967:68;2305843009213693973:3,Symbolica_default,cached_powers_Q,25,6,0.331,BalancedZippelSeparated
fire7_nb0_rank1833,Automatic,1,ok,346.302,95,2,1,0,0,2305843009213693967:92;2305843009213693973:3,Symbolica_default,cached_powers_Q,6,27,0.327,BalancedZippelSeparated
fire7_nb0_rank1834,Automatic,1,ok,667.193,86,2,1,0,0,2305843009213693967:83;2305843009213693973:3,Symbolica_default,cached_powers_Q,29,3,0.664,BalancedZippelSeparated
fire7_nb0_rank1835,Automatic,1,ok,375.202,61,2,1,0,0,2305843009213693967:58;2305843009213693973:3,Symbolica_default,cached_powers_Q,20,8,0.508,BalancedZippelSeparated
fire7_nb0_rank1836,Automatic,1,ok,609.212,76,2,1,0,0,2305843009213693967:73;2305843009213693973:3,Symbolica_default,cached_powers_Q,22,10,0.605,BalancedZippelSeparated
fire7_nb0_rank1837,Automatic,1,ok,811.113,121,2,1,0,0,2305843009213693967:118;2305843009213693973:3,Symbolica_default,cached_powers_Q,26,9,0.494,BalancedZippelSeparated
fire7_nb0_rank1838,Automatic,1,ok,440.512,99,2,1,0,0,2305843009213693967:96;2305843009213693973:3,Symbolica_default,cached_powers_Q,27,6,0.481,BalancedZippelSeparated
fire7_nb0_rank1839,Automatic,1,ok,404.412,69,2,1,0,0,2305843009213693967:66;2305843009213693973:3,Symbolica_default,cached_powers_Q,16,15,0.445,BalancedZippelSeparated
fire7_nb0_rank1840,Automatic,1,ok,429.442,62,2,1,0,0,2305843009213693967:59;2305843009213693973:3,Symbolica_default,cached_powers_Q,20,8,0.319,BalancedZippelSeparated
fire7_nb0_rank1841,Automatic,1,ok,513.832,86,2,1,0,0,2305843009213693967:83;2305843009213693973:3,Symbolica_default,cached_powers_Q,24,9,0.483,BalancedZippelSeparated
fire7_nb0_rank1842,Automatic,1,ok,595.103,88,2,1,0,0,2305843009213693967:85;2305843009213693973:3,Symbolica_default,cached_powers_Q,21,14,0.443,BalancedZippelSeparated
fire7_nb0_rank1843,Automatic,1,ok,653.433,92,2,1,0,0,2305843009213693967:89;2305843009213693973:3,Symbolica_default,cached_powers_Q,27,10,0.422,BalancedZippelSeparated
fire7_nb0_rank1844,Automatic,1,ok,651.132,74,2,1,0,0,2305843009213693967:71;2305843009213693973:3,Symbolica_default,cached_powers_Q,23,9,0.465,BalancedZippelSeparated
fire7_nb0_rank1845,Automatic,1,ok,659.573,99,2,1,0,0,2305843009213693967:96;2305843009213693973:3,Symbolica_default,cached_powers_Q,16,20,0.305,BalancedZippelSeparated
fire7_nb0_rank1846,Automatic,1,ok,621.743,63,2,1,0,0,2305843009213693967:60;2305843009213693973:3,Symbolica_default,cached_powers_Q,20,9,0.558,BalancedZippelSeparated
fire7_nb0_rank1847,Automatic,1,ok,327.951,63,2,1,0,0,2305843009213693967:60;2305843009213693973:3,Symbolica_default,cached_powers_Q,20,9,0.404,BalancedZippelSeparated
fire7_nb0_rank1848,Automatic,1,ok,354.211,74,2,1,0,0,2305843009213693967:71;2305843009213693973:3,Symbolica_default,cached_powers_Q,25,6,0.292,BalancedZippelSeparated
fire7_nb0_rank1849,Automatic,1,ok,532.322,83,2,1,0,0,2305843009213693967:80;2305843009213693973:3,Symbolica_default,cached_powers_Q,23,15,0.341,BalancedZippelSeparated
fire7_nb0_rank1850,Automatic,1,ok,522.142,94,2,1,0,0,2305843009213693967:91;2305843009213693973:3,Symbolica_default,cached_powers_Q,27,9,0.455,BalancedZippelSeparated
fire7_nb0_rank1851,Automatic,1,ok,401.212,72,2,1,0,0,2305843009213693967:69;2305843009213693973:3,Symbolica_default,cached_powers_Q,12,24,0.332,BalancedZippelSeparated
fire7_nb0_rank1852,Automatic,1,ok,608.972,65,2,1,0,0,2305843009213693967:62;2305843009213693973:3,Symbolica_default,cached_powers_Q,25,6,0.454,BalancedZippelSeparated
fire7_nb0_rank1853,Automatic,1,ok,659.592,77,2,1,0,0,2305843009213693967:74;2305843009213693973:3,Symbolica_default,cached_powers_Q,12,24,0.431,BalancedZippelSeparated
fire7_nb0_rank1854,Automatic,1,ok,584.552,70,2,1,0,0,2305843009213693967:67;2305843009213693973:3,Symbolica_default,cached_powers_Q,25,6,0.393,BalancedZippelSeparated
fire7_nb0_rank1855,Automatic,1,ok,530.422,77,2,1,0,0,2305843009213693967:74;2305843009213693973:3,Symbolica_default,cached_powers_Q,12,24,0.448,BalancedZippelSeparated
fire7_nb0_rank1856,Automatic,1,ok,621.903,90,2,1,0,0,2305843009213693967:87;2305843009213693973:3,Symbolica_default,cached_powers_Q,27,8,0.559,BalancedZippelSeparated
fire7_nb0_rank1857,Automatic,1,ok,491.482,70,2,1,0,0,2305843009213693967:67;2305843009213693973:3,Symbolica_default,cached_powers_Q,15,15,0.284,BalancedZippelSeparated
fire7_nb0_rank1858,Automatic,1,ok,565.302,68,2,1,0,0,2305843009213693967:65;2305843009213693973:3,Symbolica_default,cached_powers_Q,15,15,0.329,BalancedZippelSeparated
fire7_nb0_rank1859,Automatic,1,ok,801.654,79,2,1,0,0,2305843009213693967:76;2305843009213693973:3,Symbolica_default,cached_powers_Q,20,12,0.472,BalancedZippelSeparated
fire7_nb0_rank1860,Automatic,1,ok,520.122,61,2,1,0,0,2305843009213693967:58;2305843009213693973:3,Symbolica_default,cached_powers_Q,19,12,0.341,BalancedZippelSeparated
fire7_nb0_rank1861,Automatic,1,ok,490.112,97,2,1,0,0,2305843009213693967:94;2305843009213693973:3,Symbolica_default,cached_powers_Q,24,14,0.488,BalancedZippelSeparated
fire7_nb0_rank1862,Automatic,1,ok,633.963,63,2,1,0,0,2305843009213693967:60;2305843009213693973:3,Symbolica_default,cached_powers_Q,19,12,0.517,BalancedZippelSeparated
fire7_nb0_rank1863,Automatic,1,ok,337.751,63,2,1,0,0,2305843009213693967:60;2305843009213693973:3,Symbolica_default,cached_powers_Q,19,12,0.337,BalancedZippelSeparated
fire7_nb0_rank1864,Automatic,1,ok,481.651,67,2,1,0,0,2305843009213693967:64;2305843009213693973:3,Symbolica_default,cached_powers_Q,24,6,0.494,BalancedZippelSeparated
fire7_nb0_rank1865,Automatic,1,ok,612.932,80,2,1,0,0,2305843009213693967:77;2305843009213693973:3,Symbolica_default,cached_powers_Q,24,10,0.376,BalancedZippelSeparated
fire7_nb0_rank1866,Automatic,1,ok,509.672,91,2,1,0,0,2305843009213693967:88;2305843009213693973:3,Symbolica_default,cached_powers_Q,5,27,0.315,BalancedZippelSeparated
fire7_nb0_rank1867,Automatic,1,ok,371.161,73,2,1,0,0,2305843009213693967:70;2305843009213693973:3,Symbolica_default,cached_powers_Q,24,6,0.359,BalancedZippelSeparated
fire7_nb0_rank1868,Automatic,1,ok,805.103,102,2,1,0,0,2305843009213693967:99;2305843009213693973:3,Symbolica_default,cached_powers_Q,23,14,0.492,BalancedZippelSeparated
fire7_nb0_rank1869,Automatic,1,ok,606.492,74,2,1,0,0,2305843009213693967:71;2305843009213693973:3,Symbolica_default,cached_powers_Q,24,10,0.430,BalancedZippelSeparated
fire7_nb0_rank1870,Automatic,1,ok,366.072,68,2,1,0,0,2305843009213693967:65;2305843009213693973:3,Symbolica_default,cached_powers_Q,15,15,0.510,BalancedZippelSeparated
fire7_nb0_rank1871,Automatic,1,ok,537.793,66,2,1,0,0,2305843009213693967:63;2305843009213693973:3,Symbolica_default,cached_powers_Q,15,15,0.583,BalancedZippelSeparated
fire7_nb0_rank1872,Automatic,1,ok,564.973,68,2,1,0,0,2305843009213693967:65;2305843009213693973:3,Symbolica_default,cached_powers_Q,15,15,0.344,BalancedZippelSeparated
fire7_nb0_rank1873,Automatic,1,ok,362.072,66,2,1,0,0,2305843009213693967:63;2305843009213693973:3,Symbolica_default,cached_powers_Q,15,15,0.515,BalancedZippelSeparated
fire7_nb0_rank1874,Automatic,1,ok,531.652,65,2,1,0,0,2305843009213693967:62;2305843009213693973:3,Symbolica_default,cached_powers_Q,12,15,0.447,BalancedZippelSeparated
fire7_nb0_rank1875,Automatic,1,ok,556.203,69,2,1,0,0,2305843009213693967:66;2305843009213693973:3,Symbolica_default,cached_powers_Q,16,15,0.364,BalancedZippelSeparated
fire7_nb0_rank1876,Automatic,1,ok,550.983,70,2,1,0,0,2305843009213693967:67;2305843009213693973:3,Symbolica_default,cached_powers_Q,15,15,0.469,BalancedZippelSeparated
fire7_nb0_rank1877,Automatic,1,ok,543.933,62,2,1,0,0,2305843009213693967:59;2305843009213693973:3,Symbolica_default,cached_powers_Q,16,15,0.344,BalancedZippelSeparated
fire7_nb0_rank1878,Automatic,1,ok,669.353,85,2,1,0,0,2305843009213693967:82;2305843009213693973:3,Symbolica_default,cached_powers_Q,25,6,0.361,BalancedZippelSeparated
fire7_nb0_rank1879,Automatic,1,ok,497.402,70,2,1,0,0,2305843009213693967:67;2305843009213693973:3,Symbolica_default,cached_powers_Q,19,6,0.379,BalancedZippelSeparated
fire7_nb0_rank1880,Automatic,1,ok,619.323,84,2,1,0,0,2305843009213693967:81;2305843009213693973:3,Symbolica_default,cached_powers_Q,20,14,0.528,BalancedZippelSeparated
fire7_nb0_rank1881,Automatic,1,ok,735.223,68,2,1,0,0,2305843009213693967:65;2305843009213693973:3,Symbolica_default,cached_powers_Q,15,15,0.432,BalancedZippelSeparated
fire7_nb0_rank1882,Automatic,1,ok,423.192,66,2,1,0,0,2305843009213693967:63;2305843009213693973:3,Symbolica_default,cached_powers_Q,15,15,0.481,BalancedZippelSeparated
fire7_nb0_rank1883,Automatic,1,ok,494.132,60,2,1,0,0,2305843009213693967:57;2305843009213693973:3,Symbolica_default,cached_powers_Q,16,15,0.334,BalancedZippelSeparated
fire7_nb0_rank1884,Automatic,1,ok,710.683,84,2,1,0,0,2305843009213693967:81;2305843009213693973:3,Symbolica_default,cached_powers_Q,15,18,0.475,BalancedZippelSeparated
fire7_nb0_rank1885,Automatic,1,ok,683.103,110,2,1,0,0,2305843009213693967:107;2305843009213693973:3,Symbolica_default,cached_powers_Q,12,24,0.549,BalancedZippelSeparated
fire7_nb0_rank1886,Automatic,1,ok,637.493,101,2,1,0,0,2305843009213693967:98;2305843009213693973:3,Symbolica_default,cached_powers_Q,18,18,0.368,BalancedZippelSeparated
fire7_nb0_rank1887,Automatic,1,ok,702.483,70,2,1,0,0,2305843009213693967:67;2305843009213693973:3,Symbolica_default,cached_powers_Q,15,15,0.682,BalancedZippelSeparated
fire7_nb0_rank1888,Automatic,1,ok,402.742,75,2,1,0,0,2305843009213693967:72;2305843009213693973:3,Symbolica_default,cached_powers_Q,12,21,0.581,BalancedZippelSeparated
fire7_nb0_rank1889,Automatic,1,ok,449.872,96,2,1,0,0,2305843009213693967:93;2305843009213693973:3,Symbolica_default,cached_powers_Q,23,14,0.380,BalancedZippelSeparated
fire7_nb0_rank1890,Automatic,1,ok,392.591,75,2,1,0,0,2305843009213693967:72;2305843009213693973:3,Symbolica_default,cached_powers_Q,12,21,0.558,BalancedZippelSeparated
fire7_nb0_rank1891,Automatic,1,ok,547.723,64,2,1,0,0,2305843009213693967:61;2305843009213693973:3,Symbolica_default,cached_powers_Q,15,15,0.333,BalancedZippelSeparated
fire7_nb0_rank1892,Automatic,1,ok,381.182,82,2,1,0,0,2305843009213693967:79;2305843009213693973:3,Symbolica_default,cached_powers_Q,24,9,0.346,BalancedZippelSeparated
fire7_nb0_rank1893,Automatic,1,ok,744.313,78,2,1,0,0,2305843009213693967:75;2305843009213693973:3,Symbolica_default,cached_powers_Q,27,4,0.629,BalancedZippelSeparated
fire7_nb0_rank1894,Automatic,1,ok,519.472,64,2,1,0,0,2305843009213693967:61;2305843009213693973:3,Symbolica_default,cached_powers_Q,14,20,0.524,BalancedZippelSeparated
fire7_nb0_rank1895,Automatic,1,ok,743.133,87,2,1,0,0,2305843009213693967:84;2305843009213693973:3,Symbolica_default,cached_powers_Q,26,6,0.484,BalancedZippelSeparated
fire7_nb0_rank1896,Automatic,1,ok,348.901,64,2,1,0,0,2305843009213693967:61;2305843009213693973:3,Symbolica_default,cached_powers_Q,18,9,0.529,BalancedZippelSeparated
fire7_nb0_rank1897,Automatic,1,ok,557.912,78,2,1,0,0,2305843009213693967:75;2305843009213693973:3,Symbolica_default,cached_powers_Q,18,15,0.343,BalancedZippelSeparated
fire7_nb0_rank1898,Automatic,1,ok,825.874,108,2,1,0,0,2305843009213693967:105;2305843009213693973:3,Symbolica_default,cached_powers_Q,12,24,0.718,BalancedZippelSeparated
fire7_nb0_rank1899,Automatic,1,ok,711.313,75,2,1,0,0,2305843009213693967:72;2305843009213693973:3,Symbolica_default,cached_powers_Q,24,6,0.629,BalancedZippelSeparated
fire7_nb0_rank1900,Automatic,1,ok,347.151,60,2,1,0,0,2305843009213693967:57;2305843009213693973:3,Symbolica_default,cached_powers_Q,16,15,0.420,BalancedZippelSeparated
fire7_nb0_rank1901,Automatic,1,ok,416.961,62,2,1,0,0,2305843009213693967:59;2305843009213693973:3,Symbolica_default,cached_powers_Q,16,15,0.394,BalancedZippelSeparated
fire7_nb0_rank1902,Automatic,1,ok,341.771,66,2,1,0,0,2305843009213693967:63;2305843009213693973:3,Symbolica_default,cached_powers_Q,20,9,0.287,BalancedZippelSeparated
fire7_nb0_rank1903,Automatic,1,ok,362.612,82,2,1,0,0,2305843009213693967:79;2305843009213693973:3,Symbolica_default,cached_powers_Q,15,18,0.305,BalancedZippelSeparated
fire7_nb0_rank1904,Automatic,1,ok,354.852,63,2,1,0,0,2305843009213693967:60;2305843009213693973:3,Symbolica_default,cached_powers_Q,16,15,0.290,BalancedZippelSeparated
fire7_nb0_rank1905,Automatic,1,ok,518.492,65,2,1,0,0,2305843009213693967:62;2305843009213693973:3,Symbolica_default,cached_powers_Q,16,15,0.456,BalancedZippelSeparated
fire7_nb0_rank1906,Automatic,1,ok,683.153,66,2,1,0,0,2305843009213693967:63;2305843009213693973:3,Symbolica_default,cached_powers_Q,15,15,0.440,BalancedZippelSeparated
fire7_nb0_rank1907,Automatic,1,ok,628.063,65,2,1,0,0,2305843009213693967:62;2305843009213693973:3,Symbolica_default,cached_powers_Q,16,15,0.415,BalancedZippelSeparated
fire7_nb0_rank1908,Automatic,1,ok,640.323,72,2,1,0,0,2305843009213693967:69;2305843009213693973:3,Symbolica_default,cached_powers_Q,23,6,0.440,BalancedZippelSeparated
fire7_nb0_rank1909,Automatic,1,ok,519.432,71,2,1,0,0,2305843009213693967:68;2305843009213693973:3,Symbolica_default,cached_powers_Q,20,15,0.316,BalancedZippelSeparated
fire7_nb0_rank1910,Automatic,1,ok,501.902,78,2,1,0,0,2305843009213693967:75;2305843009213693973:3,Symbolica_default,cached_powers_Q,18,15,0.402,BalancedZippelSeparated
fire7_nb0_rank1911,Automatic,1,ok,332.261,69,2,1,0,0,2305843009213693967:66;2305843009213693973:3,Symbolica_default,cached_powers_Q,15,15,0.253,BalancedZippelSeparated
fire7_nb0_rank1912,Automatic,1,ok,381.342,78,2,1,0,0,2305843009213693967:75;2305843009213693973:3,Symbolica_default,cached_powers_Q,24,8,0.292,BalancedZippelSeparated
fire7_nb0_rank1913,Automatic,1,ok,500.762,75,2,1,0,0,2305843009213693967:72;2305843009213693973:3,Symbolica_default,cached_powers_Q,24,6,0.288,BalancedZippelSeparated
fire7_nb0_rank1914,Automatic,1,ok,658.133,73,2,1,0,0,2305843009213693967:70;2305843009213693973:3,Symbolica_default,cached_powers_Q,24,6,0.427,BalancedZippelSeparated
fire7_nb0_rank1915,Automatic,1,ok,674.133,65,2,1,0,0,2305843009213693967:62;2305843009213693973:3,Symbolica_default,cached_powers_Q,16,15,0.441,BalancedZippelSeparated
fire7_nb0_rank1916,Automatic,1,ok,644.333,69,2,1,0,0,2305843009213693967:66;2305843009213693973:3,Symbolica_default,cached_powers_Q,20,10,0.415,BalancedZippelSeparated
fire7_nb0_rank1917,Automatic,1,ok,654.712,82,2,1,0,0,2305843009213693967:79;2305843009213693973:3,Symbolica_default,cached_powers_Q,24,8,0.444,BalancedZippelSeparated
fire7_nb0_rank1918,Automatic,1,ok,359.801,73,2,1,0,0,2305843009213693967:70;2305843009213693973:3,Symbolica_default,cached_powers_Q,24,6,0.314,BalancedZippelSeparated
fire7_nb0_rank1919,Automatic,1,ok,374.342,63,2,1,0,0,2305843009213693967:60;2305843009213693973:3,Symbolica_default,cached_powers_Q,16,15,0.353,BalancedZippelSeparated
fire7_nb0_rank1920,Automatic,1,ok,587.242,65,2,1,0,0,2305843009213693967:62;2305843009213693973:3,Symbolica_default,cached_powers_Q,16,15,0.350,BalancedZippelSeparated
fire7_nb0_rank1921,Automatic,1,ok,371.281,75,2,1,0,0,2305843009213693967:72;2305843009213693973:3,Symbolica_default,cached_powers_Q,24,6,0.487,BalancedZippelSeparated
fire7_nb0_rank1922,Automatic,1,ok,416.882,59,2,1,0,0,2305843009213693967:56;2305843009213693973:3,Symbolica_default,cached_powers_Q,20,8,0.247,BalancedZippelSeparated
fire7_nb0_rank1923,Automatic,1,ok,247.021,70,2,1,0,0,2305843009213693967:67;2305843009213693973:3,Symbolica_default,cached_powers_Q,4,28,0.270,BalancedZippelSeparated
fire7_nb0_rank1924,Automatic,1,ok,420.102,61,2,1,0,0,2305843009213693967:58;2305843009213693973:3,Symbolica_default,cached_powers_Q,20,8,0.554,BalancedZippelSeparated
fire7_nb0_rank1925,Automatic,1,ok,774.803,101,2,1,0,0,2305843009213693967:98;2305843009213693973:3,Symbolica_default,cached_powers_Q,21,9,0.639,BalancedZippelSeparated
fire7_nb0_rank1926,Automatic,1,ok,714.263,75,2,1,0,0,2305843009213693967:72;2305843009213693973:3,Symbolica_default,cached_powers_Q,19,10,0.609,BalancedZippelSeparated
fire7_nb0_rank1927,Automatic,1,ok,701.453,70,2,1,0,0,2305843009213693967:67;2305843009213693973:3,Symbolica_default,cached_powers_Q,24,6,0.434,BalancedZippelSeparated
fire7_nb0_rank1928,Automatic,1,ok,331.482,89,2,1,0,0,2305843009213693967:86;2305843009213693973:3,Symbolica_default,cached_powers_Q,27,4,0.305,BalancedZippelSeparated
fire7_nb0_rank1929,Automatic,1,ok,457.742,87,2,1,0,0,2305843009213693967:84;2305843009213693973:3,Symbolica_default,cached_powers_Q,19,14,0.414,BalancedZippelSeparated
fire7_nb0_rank1930,Automatic,1,ok,305.431,62,2,1,0,0,2305843009213693967:59;2305843009213693973:3,Symbolica_default,cached_powers_Q,20,9,0.279,BalancedZippelSeparated
fire7_nb0_rank1931,Automatic,1,ok,335.421,73,2,1,0,0,2305843009213693967:70;2305843009213693973:3,Symbolica_default,cached_powers_Q,24,6,0.394,BalancedZippelSeparated
fire7_nb0_rank1932,Automatic,1,ok,366.611,73,2,1,0,0,2305843009213693967:70;2305843009213693973:3,Symbolica_default,cached_powers_Q,24,6,0.351,BalancedZippelSeparated
fire7_nb0_rank1933,Automatic,1,ok,420.222,64,2,1,0,0,2305843009213693967:61;2305843009213693973:3,Symbolica_default,cached_powers_Q,20,6,0.230,BalancedZippelSeparated
fire7_nb0_rank1934,Automatic,1,ok,762.203,62,2,1,0,0,2305843009213693967:59;2305843009213693973:3,Symbolica_default,cached_powers_Q,20,6,0.382,BalancedZippelSeparated
fire7_nb0_rank1935,Automatic,1,ok,630.052,67,2,1,0,0,2305843009213693967:64;2305843009213693973:3,Symbolica_default,cached_powers_Q,18,9,0.573,BalancedZippelSeparated
fire7_nb0_rank1936,Automatic,1,ok,362.051,65,2,1,0,0,2305843009213693967:62;2305843009213693973:3,Symbolica_default,cached_powers_Q,6,20,0.939,BalancedZippelSeparated
fire7_nb0_rank1937,Automatic,1,ok,622.102,66,2,1,0,0,2305843009213693967:63;2305843009213693973:3,Symbolica_default,cached_powers_Q,25,3,0.577,BalancedZippelSeparated
fire7_nb0_rank1938,Automatic,1,ok,402.272,67,2,1,0,0,2305843009213693967:64;2305843009213693973:3,Symbolica_default,cached_powers_Q,15,10,0.419,BalancedZippelSeparated
fire7_nb0_rank1939,Automatic,1,ok,532.103,69,2,1,0,0,2305843009213693967:66;2305843009213693973:3,Symbolica_default,cached_powers_Q,20,10,0.312,BalancedZippelSeparated
fire7_nb0_rank1940,Automatic,1,ok,530.203,75,2,1,0,0,2305843009213693967:72;2305843009213693973:3,Symbolica_default,cached_powers_Q,24,10,0.407,BalancedZippelSeparated
fire7_nb0_rank1941,Automatic,1,ok,533.332,69,2,1,0,0,2305843009213693967:66;2305843009213693973:3,Symbolica_default,cached_powers_Q,18,6,0.298,BalancedZippelSeparated
fire7_nb0_rank1942,Automatic,1,ok,734.363,73,2,1,0,0,2305843009213693967:70;2305843009213693973:3,Symbolica_default,cached_powers_Q,20,10,0.473,BalancedZippelSeparated
fire7_nb0_rank1943,Automatic,1,ok,357.361,89,2,1,0,0,2305843009213693967:86;2305843009213693973:3,Symbolica_default,cached_powers_Q,26,4,0.504,BalancedZippelSeparated
fire7_nb0_rank1944,Automatic,1,ok,388.211,73,2,1,0,0,2305843009213693967:70;2305843009213693973:3,Symbolica_default,cached_powers_Q,12,21,0.520,BalancedZippelSeparated
fire7_nb0_rank1945,Automatic,1,ok,412.302,59,2,1,0,0,2305843009213693967:56;2305843009213693973:3,Symbolica_default,cached_powers_Q,15,12,0.485,BalancedZippelSeparated
fire7_nb0_rank1946,Automatic,1,ok,364.902,59,2,1,0,0,2305843009213693967:56;2305843009213693973:3,Symbolica_default,cached_powers_Q,15,12,0.461,BalancedZippelSeparated
fire7_nb0_rank1947,Automatic,1,ok,595.532,76,2,1,0,0,2305843009213693967:73;2305843009213693973:3,Symbolica_default,cached_powers_Q,15,12,0.585,BalancedZippelSeparated
fire7_nb0_rank1948,Automatic,1,ok,307.971,59,2,1,0,0,2305843009213693967:56;2305843009213693973:3,Symbolica_default,cached_powers_Q,15,12,0.326,BalancedZippelSeparated
fire7_nb0_rank1949,Automatic,1,ok,261.391,61,2,1,0,0,2305843009213693967:58;2305843009213693973:3,Symbolica_default,cached_powers_Q,5,20,0.292,BalancedZippelSeparated
fire7_nb0_rank1950,Automatic,1,ok,555.122,61,2,1,0,0,2305843009213693967:58;2305843009213693973:3,Symbolica_default,cached_powers_Q,5,20,0.389,BalancedZippelSeparated
fire7_nb0_rank1951,Automatic,1,ok,298.021,59,2,1,0,0,2305843009213693967:56;2305843009213693973:3,Symbolica_default,cached_powers_Q,15,12,0.330,BalancedZippelSeparated
fire7_nb0_rank1952,Automatic,1,ok,326.811,61,2,1,0,0,2305843009213693967:58;2305843009213693973:3,Symbolica_default,cached_powers_Q,20,6,0.316,BalancedZippelSeparated
fire7_nb0_rank1953,Automatic,1,ok,686.663,59,2,1,0,0,2305843009213693967:56;2305843009213693973:3,Symbolica_default,cached_powers_Q,20,6,0.438,BalancedZippelSeparated
fire7_nb0_rank1954,Automatic,1,ok,304.731,57,2,1,0,0,2305843009213693967:54;2305843009213693973:3,Symbolica_default,cached_powers_Q,18,8,0.327,BalancedZippelSeparated
fire7_nb0_rank1955,Automatic,1,ok,551.042,75,2,1,0,0,2305843009213693967:72;2305843009213693973:3,Symbolica_default,cached_powers_Q,23,6,0.433,BalancedZippelSeparated
fire7_nb0_rank1956,Automatic,1,ok,283.391,61,2,1,0,0,2305843009213693967:58;2305843009213693973:3,Symbolica_default,cached_powers_Q,5,20,0.284,BalancedZippelSeparated
fire7_nb0_rank1957,Automatic,1,ok,411.482,61,2,1,0,0,2305843009213693967:58;2305843009213693973:3,Symbolica_default,cached_powers_Q,5,20,0.268,BalancedZippelSeparated
fire7_nb0_rank1958,Automatic,1,ok,513.142,61,2,1,0,0,2305843009213693967:58;2305843009213693973:3,Symbolica_default,cached_powers_Q,5,20,0.341,BalancedZippelSeparated
fire7_nb0_rank1959,Automatic,1,ok,319.771,63,2,1,0,0,2305843009213693967:60;2305843009213693973:3,Symbolica_default,cached_powers_Q,18,8,0.493,BalancedZippelSeparated
fire7_nb0_rank1960,Automatic,1,ok,774.413,84,2,1,0,0,2305843009213693967:81;2305843009213693973:3,Symbolica_default,cached_powers_Q,15,18,0.510,BalancedZippelSeparated
fire7_nb0_rank1961,Automatic,1,ok,564.892,68,2,1,0,0,2305843009213693967:65;2305843009213693973:3,Symbolica_default,cached_powers_Q,15,15,0.316,BalancedZippelSeparated
fire7_nb0_rank1962,Automatic,1,ok,510.622,65,2,1,0,0,2305843009213693967:62;2305843009213693973:3,Symbolica_default,cached_powers_Q,18,9,0.313,BalancedZippelSeparated
fire7_nb0_rank1963,Automatic,1,ok,601.513,61,2,1,0,0,2305843009213693967:58;2305843009213693973:3,Symbolica_default,cached_powers_Q,15,12,0.472,BalancedZippelSeparated
fire7_nb0_rank1964,Automatic,1,ok,329.401,60,2,1,0,0,2305843009213693967:57;2305843009213693973:3,Symbolica_default,cached_powers_Q,16,9,0.323,BalancedZippelSeparated
fire7_nb0_rank1965,Automatic,1,ok,504.113,95,2,1,0,0,2305843009213693967:92;2305843009213693973:3,Symbolica_default,cached_powers_Q,5,24,0.305,BalancedZippelSeparated
fire7_nb0_rank1966,Automatic,1,ok,681.913,109,2,1,0,0,2305843009213693967:106;2305843009213693973:3,Symbolica_default,cached_powers_Q,5,24,0.621,BalancedZippelSeparated
fire7_nb0_rank1967,Automatic,1,ok,509.982,59,2,1,0,0,2305843009213693967:56;2305843009213693973:3,Symbolica_default,cached_powers_Q,18,8,0.326,BalancedZippelSeparated
fire7_nb0_rank1968,Automatic,1,ok,583.083,71,2,1,0,0,2305843009213693967:68;2305843009213693973:3,Symbolica_default,cached_powers_Q,18,10,0.304,BalancedZippelSeparated
fire7_nb0_rank1969,Automatic,1,ok,510.812,62,2,1,0,0,2305843009213693967:59;2305843009213693973:3,Symbolica_default,cached_powers_Q,20,9,0.306,BalancedZippelSeparated
fire7_nb0_rank1970,Automatic,1,ok,367.441,62,2,1,0,0,2305843009213693967:59;2305843009213693973:3,Symbolica_default,cached_powers_Q,20,9,0.483,BalancedZippelSeparated
fire7_nb0_rank1971,Automatic,1,ok,567.793,62,2,1,0,0,2305843009213693967:59;2305843009213693973:3,Symbolica_default,cached_powers_Q,20,9,0.330,BalancedZippelSeparated
fire7_nb0_rank1972,Automatic,1,ok,490.792,62,2,1,0,0,2305843009213693967:59;2305843009213693973:3,Symbolica_default,cached_powers_Q,20,9,0.678,BalancedZippelSeparated
fire7_nb0_rank1973,Automatic,1,ok,377.982,62,2,1,0,0,2305843009213693967:59;2305843009213693973:3,Symbolica_default,cached_powers_Q,20,9,0.517,BalancedZippelSeparated
fire7_nb0_rank1974,Automatic,1,ok,531.982,71,2,1,0,0,2305843009213693967:68;2305843009213693973:3,Symbolica_default,cached_powers_Q,15,10,0.339,BalancedZippelSeparated
fire7_nb0_rank1975,Automatic,1,ok,514.322,72,2,1,0,0,2305843009213693967:69;2305843009213693973:3,Symbolica_default,cached_powers_Q,15,10,0.472,BalancedZippelSeparated
fire7_nb0_rank1976,Automatic,1,ok,588.262,76,2,1,0,0,2305843009213693967:73;2305843009213693973:3,Symbolica_default,cached_powers_Q,24,4,0.326,BalancedZippelSeparated
fire7_nb0_rank1977,Automatic,1,ok,550.562,87,2,1,0,0,2305843009213693967:84;2305843009213693973:3,Symbolica_default,cached_powers_Q,12,18,0.334,BalancedZippelSeparated
fire7_nb0_rank1978,Automatic,1,ok,363.132,58,2,1,0,0,2305843009213693967:55;2305843009213693973:3,Symbolica_default,cached_powers_Q,16,9,0.290,BalancedZippelSeparated
fire7_nb0_rank1979,Automatic,1,ok,543.152,71,2,1,0,0,2305843009213693967:68;2305843009213693973:3,Symbolica_default,cached_powers_Q,15,10,0.377,BalancedZippelSeparated
fire7_nb0_rank1980,Automatic,1,ok,406.522,70,2,1,0,0,2305843009213693967:67;2305843009213693973:3,Symbolica_default,cached_powers_Q,15,15,0.492,BalancedZippelSeparated
fire7_nb0_rank1981,Automatic,1,ok,395.032,87,2,1,0,0,2305843009213693967:84;2305843009213693973:3,Symbolica_default,cached_powers_Q,12,18,0.371,BalancedZippelSeparated
fire7_nb0_rank1982,Automatic,1,ok,544.653,82,2,1,0,0,2305843009213693967:79;2305843009213693973:3,Symbolica_default,cached_powers_Q,12,18,0.315,BalancedZippelSeparated
fire7_nb0_rank1983,Automatic,1,ok,350.402,62,2,1,0,0,2305843009213693967:59;2305843009213693973:3,Symbolica_default,cached_powers_Q,13,10,0.405,BalancedZippelSeparated
fire7_nb0_rank1984,Automatic,1,ok,363.682,60,2,1,0,0,2305843009213693967:57;2305843009213693973:3,Symbolica_default,cached_powers_Q,20,6,0.397,BalancedZippelSeparated
fire7_nb0_rank1985,Automatic,1,ok,708.313,59,2,1,0,0,2305843009213693967:56;2305843009213693973:3,Symbolica_default,cached_powers_Q,20,6,0.481,BalancedZippelSeparated
fire7_nb0_rank1986,Automatic,1,ok,578.082,65,2,1,0,0,2305843009213693967:62;2305843009213693973:3,Symbolica_default,cached_powers_Q,20,9,0.405,BalancedZippelSeparated
fire7_nb0_rank1987,Automatic,1,ok,557.413,63,2,1,0,0,2305843009213693967:60;2305843009213693973:3,Symbolica_default,cached_powers_Q,20,9,0.554,BalancedZippelSeparated
fire7_nb0_rank1988,Automatic,1,ok,384.061,63,2,1,0,0,2305843009213693967:60;2305843009213693973:3,Symbolica_default,cached_powers_Q,20,9,0.395,BalancedZippelSeparated
fire7_nb0_rank1989,Automatic,1,ok,347.871,65,2,1,0,0,2305843009213693967:62;2305843009213693973:3,Symbolica_default,cached_powers_Q,10,15,0.544,BalancedZippelSeparated
fire7_nb0_rank1990,Automatic,1,ok,666.793,79,2,1,0,0,2305843009213693967:76;2305843009213693973:3,Symbolica_default,cached_powers_Q,4,27,0.483,BalancedZippelSeparated
fire7_nb0_rank1991,Automatic,1,ok,464.062,85,2,1,0,0,2305843009213693967:82;2305843009213693973:3,Symbolica_default,cached_powers_Q,18,14,0.664,BalancedZippelSeparated
fire7_nb0_rank1992,Automatic,1,ok,430.872,81,2,1,0,0,2305843009213693967:78;2305843009213693973:3,Symbolica_default,cached_powers_Q,18,12,0.346,BalancedZippelSeparated
fire7_nb0_rank1993,Automatic,1,ok,378.362,60,2,1,0,0,2305843009213693967:57;2305843009213693973:3,Symbolica_default,cached_powers_Q,15,9,0.579,BalancedZippelSeparated
fire7_nb0_rank1994,Automatic,1,ok,402.642,66,2,1,0,0,2305843009213693967:63;2305843009213693973:3,Symbolica_default,cached_powers_Q,12,9,0.457,BalancedZippelSeparated
fire7_nb0_rank1995,Automatic,1,ok,676.593,63,2,1,0,0,2305843009213693967:60;2305843009213693973:3,Symbolica_default,cached_powers_Q,20,6,0.700,BalancedZippelSeparated
fire7_nb0_rank1996,Automatic,1,ok,336.412,56,2,1,0,0,2305843009213693967:53;2305843009213693973:3,Symbolica_default,cached_powers_Q,12,10,0.578,BalancedZippelSeparated
fire7_nb0_rank1997,Automatic,1,ok,524.682,62,2,1,0,0,2305843009213693967:59;2305843009213693973:3,Symbolica_default,cached_powers_Q,19,9,0.544,BalancedZippelSeparated
fire7_nb0_rank1998,Automatic,1,ok,324.871,62,2,1,0,0,2305843009213693967:59;2305843009213693973:3,Symbolica_default,cached_powers_Q,17,5,0.463,BalancedZippelSeparated
fire7_nb0_rank1999,Automatic,1,ok,342.422,79,2,1,0,0,2305843009213693967:76;2305843009213693973:3,Symbolica_default,cached_powers_Q,4,27,0.480,BalancedZippelSeparated
fire7_nb0_rank2000,Automatic,1,ok,468.242,62,2,1,0,0,2305843009213693967:59;2305843009213693973:3,Symbolica_default,cached_powers_Q,19,9,0.719,BalancedZippelSeparated
fire7_nb0_rank2001,Automatic,1,ok,422.792,67,2,1,0,0,2305843009213693967:64;2305843009213693973:3,Symbolica_default,cached_powers_Q,11,21,0.560,BalancedZippelSeparated
fire7_nb0_rank2002,Automatic,1,ok,775.723,76,2,1,0,0,2305843009213693967:73;2305843009213693973:3,Symbolica_default,cached_powers_Q,18,12,0.468,BalancedZippelSeparated
fire7_nb0_rank2003,Automatic,1,ok,590.833,80,2,1,0,0,2305843009213693967:77;2305843009213693973:3,Symbolica_default,cached_powers_Q,12,18,0.370,BalancedZippelSeparated
fire7_nb0_rank2004,Automatic,1,ok,630.363,86,2,1,0,0,2305843009213693967:83;2305843009213693973:3,Symbolica_default,cached_powers_Q,12,18,0.506,BalancedZippelSeparated
fire7_nb0_rank2005,Automatic,1,ok,594.383,71,2,1,0,0,2305843009213693967:68;2305843009213693973:3,Symbolica_default,cached_powers_Q,19,6,0.354,BalancedZippelSeparated
fire7_nb0_rank2006,Automatic,1,ok,505.332,58,2,1,0,0,2305843009213693967:55;2305843009213693973:3,Symbolica_default,cached_powers_Q,19,6,0.359,BalancedZippelSeparated
fire7_nb0_rank2007,Automatic,1,ok,438.021,71,2,1,0,0,2305843009213693967:68;2305843009213693973:3,Symbolica_default,cached_powers_Q,24,6,0.527,BalancedZippelSeparated
fire7_nb0_rank2008,Automatic,1,ok,738.203,63,2,1,0,0,2305843009213693967:60;2305843009213693973:3,Symbolica_default,cached_powers_Q,20,6,0.455,BalancedZippelSeparated
fire7_nb0_rank2009,Automatic,1,ok,381.352,60,2,1,0,0,2305843009213693967:57;2305843009213693973:3,Symbolica_default,cached_powers_Q,19,9,0.607,BalancedZippelSeparated
fire7_nb0_rank2010,Automatic,1,ok,526.392,60,2,1,0,0,2305843009213693967:57;2305843009213693973:3,Symbolica_default,cached_powers_Q,19,9,0.371,BalancedZippelSeparated
fire7_nb0_rank2011,Automatic,1,ok,573.423,86,2,1,0,0,2305843009213693967:83;2305843009213693973:3,Symbolica_default,cached_powers_Q,12,18,0.363,BalancedZippelSeparated
fire7_nb0_rank2012,Automatic,1,ok,528.332,61,2,1,0,0,2305843009213693967:58;2305843009213693973:3,Symbolica_default,cached_powers_Q,15,9,0.365,BalancedZippelSeparated
fire7_nb0_rank2013,Automatic,1,ok,720.723,60,2,1,0,0,2305843009213693967:57;2305843009213693973:3,Symbolica_default,cached_powers_Q,19,9,0.681,BalancedZippelSeparated
fire7_nb0_rank2014,Automatic,1,ok,321.541,61,2,1,0,0,2305843009213693967:58;2305843009213693973:3,Symbolica_default,cached_powers_Q,15,9,0.566,BalancedZippelSeparated
fire7_nb0_rank2015,Automatic,1,ok,561.452,62,2,1,0,0,2305843009213693967:59;2305843009213693973:3,Symbolica_default,cached_powers_Q,19,9,0.368,BalancedZippelSeparated
fire7_nb0_rank2016,Automatic,1,ok,386.242,65,2,1,0,0,2305843009213693967:62;2305843009213693973:3,Symbolica_default,cached_powers_Q,16,10,0.401,BalancedZippelSeparated
fire7_nb0_rank2017,Automatic,1,ok,387.112,86,2,1,0,0,2305843009213693967:83;2305843009213693973:3,Symbolica_default,cached_powers_Q,12,18,0.336,BalancedZippelSeparated
fire7_nb0_rank2018,Automatic,1,ok,693.402,81,2,1,0,0,2305843009213693967:78;2305843009213693973:3,Symbolica_default,cached_powers_Q,12,18,0.442,BalancedZippelSeparated
fire7_nb0_rank2019,Automatic,1,ok,395.262,61,2,1,0,0,2305843009213693967:58;2305843009213693973:3,Symbolica_default,cached_powers_Q,19,6,0.525,BalancedZippelSeparated
fire7_nb0_rank2020,Automatic,1,ok,542.202,69,2,1,0,0,2305843009213693967:66;2305843009213693973:3,Symbolica_default,cached_powers_Q,16,10,0.511,BalancedZippelSeparated
fire7_nb0_rank2021,Automatic,1,ok,736.503,66,2,1,0,0,2305843009213693967:63;2305843009213693973:3,Symbolica_default,cached_powers_Q,12,18,0.712,BalancedZippelSeparated
fire7_nb0_rank2022,Automatic,1,ok,633.463,78,2,1,0,0,2305843009213693967:75;2305843009213693973:3,Symbolica_default,cached_powers_Q,21,6,0.419,BalancedZippelSeparated
fire7_nb0_rank2023,Automatic,1,ok,416.761,85,2,1,0,0,2305843009213693967:82;2305843009213693973:3,Symbolica_default,cached_powers_Q,17,14,0.381,BalancedZippelSeparated
fire7_nb0_rank2024,Automatic,1,ok,716.523,61,2,1,0,0,2305843009213693967:58;2305843009213693973:3,Symbolica_default,cached_powers_Q,10,15,0.509,BalancedZippelSeparated
fire7_nb0_rank2025,Automatic,1,ok,449.012,81,2,1,0,0,2305843009213693967:78;2305843009213693973:3,Symbolica_default,cached_powers_Q,20,6,0.482,BalancedZippelSeparated
fire7_nb0_rank2026,Automatic,1,ok,547.372,78,2,1,0,0,2305843009213693967:75;2305843009213693973:3,Symbolica_default,cached_powers_Q,21,6,0.723,BalancedZippelSeparated
fire7_nb0_rank2027,Automatic,1,ok,290.441,61,2,1,0,0,2305843009213693967:58;2305843009213693973:3,Symbolica_default,cached_powers_Q,24,4,0.383,BalancedZippelSeparated
fire7_nb0_rank2028,Automatic,1,ok,465.012,57,2,1,0,0,2305843009213693967:54;2305843009213693973:3,Symbolica_default,cached_powers_Q,20,4,0.294,BalancedZippelSeparated
fire7_nb0_rank2029,Automatic,1,ok,405.662,59,2,1,0,0,2305843009213693967:56;2305843009213693973:3,Symbolica_default,cached_powers_Q,20,4,0.652,BalancedZippelSeparated
fire7_nb0_rank2030,Automatic,1,ok,578.693,64,2,1,0,0,2305843009213693967:61;2305843009213693973:3,Symbolica_default,cached_powers_Q,20,6,0.348,BalancedZippelSeparated
fire7_nb0_rank2031,Automatic,1,ok,386.582,81,2,1,0,0,2305843009213693967:78;2305843009213693973:3,Symbolica_default,cached_powers_Q,18,12,0.546,BalancedZippelSeparated
fire7_nb0_rank2032,Automatic,1,ok,652.892,57,2,1,0,0,2305843009213693967:54;2305843009213693973:3,Symbolica_default,cached_powers_Q,16,9,0.447,BalancedZippelSeparated
fire7_nb0_rank2033,Automatic,1,ok,545.643,95,2,1,0,0,2305843009213693967:92;2305843009213693973:3,Symbolica_default,cached_powers_Q,5,20,0.305,BalancedZippelSeparated
fire7_nb0_rank2034,Automatic,1,ok,479.413,61,2,1,0,0,2305843009213693967:58;2305843009213693973:3,Symbolica_default,cached_powers_Q,10,15,0.692,BalancedZippelSeparated
fire7_nb0_rank2035,Automatic,1,ok,345.592,63,2,1,0,0,2305843009213693967:60;2305843009213693973:3,Symbolica_default,cached_powers_Q,10,15,0.561,BalancedZippelSeparated
fire7_nb0_rank2036,Automatic,1,ok,565.832,61,2,1,0,0,2305843009213693967:58;2305843009213693973:3,Symbolica_default,cached_powers_Q,10,15,0.365,BalancedZippelSeparated
fire7_nb0_rank2037,Automatic,1,ok,430.051,53,2,1,0,0,2305843009213693967:50;2305843009213693973:3,Symbolica_default,cached_powers_Q,20,6,0.712,BalancedZippelSeparated
fire7_nb0_rank2038,Automatic,1,ok,320.572,55,2,1,0,0,2305843009213693967:52;2305843009213693973:3,Symbolica_default,cached_powers_Q,20,6,0.336,BalancedZippelSeparated
fire7_nb0_rank2039,Automatic,1,ok,605.993,63,2,1,0,0,2305843009213693967:60;2305843009213693973:3,Symbolica_default,cached_powers_Q,10,15,0.467,BalancedZippelSeparated
fire7_nb0_rank2040,Automatic,1,ok,716.683,68,2,1,0,0,2305843009213693967:65;2305843009213693973:3,Symbolica_default,cached_powers_Q,19,8,0.663,BalancedZippelSeparated
fire7_nb0_rank2041,Automatic,1,ok,376.671,84,2,1,0,0,2305843009213693967:81;2305843009213693973:3,Symbolica_default,cached_powers_Q,20,6,0.352,BalancedZippelSeparated
fire7_nb0_rank2042,Automatic,1,ok,391.882,62,2,1,0,0,2305843009213693967:59;2305843009213693973:3,Symbolica_default,cached_powers_Q,20,6,0.320,BalancedZippelSeparated
fire7_nb0_rank2043,Automatic,1,ok,383.042,79,2,1,0,0,2305843009213693967:76;2305843009213693973:3,Symbolica_default,cached_powers_Q,12,18,0.380,BalancedZippelSeparated
fire7_nb0_rank2044,Automatic,1,ok,497.832,65,2,1,0,0,2305843009213693967:62;2305843009213693973:3,Symbolica_default,cached_powers_Q,15,6,0.295,BalancedZippelSeparated
fire7_nb0_rank2045,Automatic,1,ok,428.782,64,2,1,0,0,2305843009213693967:61;2305843009213693973:3,Symbolica_default,cached_powers_Q,16,10,0.502,BalancedZippelSeparated
fire7_nb0_rank2046,Automatic,1,ok,556.503,78,2,1,0,0,2305843009213693967:75;2305843009213693973:3,Symbolica_default,cached_powers_Q,20,6,0.335,BalancedZippelSeparated
fire7_nb0_rank2047,Automatic,1,ok,678.333,113,2,1,0,0,2305843009213693967:110;2305843009213693973:3,Symbolica_default,cached_powers_Q,21,7,0.380,BalancedZippelSeparated
fire7_nb0_rank2048,Automatic,1,ok,560.253,60,2,1,0,0,2305843009213693967:57;2305843009213693973:3,Symbolica_default,cached_powers_Q,12,15,0.423,BalancedZippelSeparated
fire7_nb0_rank2049,Automatic,1,ok,403.622,69,2,1,0,0,2305843009213693967:66;2305843009213693973:3,Symbolica_default,cached_powers_Q,24,4,0.369,BalancedZippelSeparated
fire7_nb0_rank2050,Automatic,1,ok,401.062,65,2,1,0,0,2305843009213693967:62;2305843009213693973:3,Symbolica_default,cached_powers_Q,15,6,0.625,BalancedZippelSeparated
fire7_nb0_rank2051,Automatic,1,ok,358.121,68,2,1,0,0,2305843009213693967:65;2305843009213693973:3,Symbolica_default,cached_powers_Q,19,9,0.356,BalancedZippelSeparated
fire7_nb0_rank2052,Automatic,1,ok,419.912,58,2,1,0,0,2305843009213693967:55;2305843009213693973:3,Symbolica_default,cached_powers_Q,15,12,0.690,BalancedZippelSeparated
fire7_nb0_rank2053,Automatic,1,ok,588.693,78,2,1,0,0,2305843009213693967:75;2305843009213693973:3,Symbolica_default,cached_powers_Q,21,6,0.377,BalancedZippelSeparated
fire7_nb0_rank2054,Automatic,1,ok,691.313,57,2,1,0,0,2305843009213693967:54;2305843009213693973:3,Symbolica_default,cached_powers_Q,20,6,0.438,BalancedZippelSeparated
fire7_nb0_rank2055,Automatic,1,ok,326.362,77,2,1,0,0,2305843009213693967:74;2305843009213693973:3,Symbolica_default,cached_powers_Q,21,4,0.568,BalancedZippelSeparated
fire7_nb0_rank2056,Automatic,1,ok,820.874,72,2,1,0,0,2305843009213693967:69;2305843009213693973:3,Symbolica_default,cached_powers_Q,18,10,0.445,BalancedZippelSeparated
fire7_nb0_rank2057,Automatic,1,ok,541.862,60,2,1,0,0,2305843009213693967:57;2305843009213693973:3,Symbolica_default,cached_powers_Q,16,6,0.377,BalancedZippelSeparated
fire7_nb0_rank2058,Automatic,1,ok,775.013,70,2,1,0,0,2305843009213693967:67;2305843009213693973:3,Symbolica_default,cached_powers_Q,18,10,0.481,BalancedZippelSeparated
fire7_nb0_rank2059,Automatic,1,ok,544.762,72,2,1,0,0,2305843009213693967:69;2305843009213693973:3,Symbolica_default,cached_powers_Q,21,6,0.566,BalancedZippelSeparated
fire7_nb0_rank2060,Automatic,1,ok,683.993,60,2,1,0,0,2305843009213693967:57;2305843009213693973:3,Symbolica_default,cached_powers_Q,19,9,0.468,BalancedZippelSeparated
fire7_nb0_rank2061,Automatic,1,ok,419.112,86,2,1,0,0,2305843009213693967:83;2305843009213693973:3,Symbolica_default,cached_powers_Q,11,18,0.537,BalancedZippelSeparated
fire7_nb0_rank2062,Automatic,1,ok,591.362,107,2,1,0,0,2305843009213693967:104;2305843009213693973:3,Symbolica_default,cached_powers_Q,23,4,0.389,BalancedZippelSeparated
fire7_nb0_rank2063,Automatic,1,ok,371.112,60,2,1,0,0,2305843009213693967:57;2305843009213693973:3,Symbolica_default,cached_powers_Q,20,6,0.534,BalancedZippelSeparated
fire7_nb0_rank2064,Automatic,1,ok,403.372,58,2,1,0,0,2305843009213693967:55;2305843009213693973:3,Symbolica_default,cached_powers_Q,16,9,0.487,BalancedZippelSeparated
fire7_nb0_rank2065,Automatic,1,ok,394.711,56,2,1,0,0,2305843009213693967:53;2305843009213693973:3,Symbolica_default,cached_powers_Q,11,10,0.627,BalancedZippelSeparated
fire7_nb0_rank2066,Automatic,1,ok,424.432,81,2,1,0,0,2305843009213693967:78;2305843009213693973:3,Symbolica_default,cached_powers_Q,12,18,0.404,BalancedZippelSeparated
fire7_nb0_rank2067,Automatic,1,ok,684.263,72,2,1,0,0,2305843009213693967:69;2305843009213693973:3,Symbolica_default,cached_powers_Q,21,6,0.358,BalancedZippelSeparated
fire7_nb0_rank2068,Automatic,1,ok,779.783,78,2,1,0,0,2305843009213693967:75;2305843009213693973:3,Symbolica_default,cached_powers_Q,15,14,0.482,BalancedZippelSeparated
fire7_nb0_rank2069,Automatic,1,ok,398.422,63,2,1,0,0,2305843009213693967:60;2305843009213693973:3,Symbolica_default,cached_powers_Q,10,15,0.517,BalancedZippelSeparated
fire7_nb0_rank2070,Automatic,1,ok,710.093,79,2,1,0,0,2305843009213693967:76;2305843009213693973:3,Symbolica_default,cached_powers_Q,21,6,0.497,BalancedZippelSeparated
fire7_nb0_rank2071,Automatic,1,ok,336.722,56,2,1,0,0,2305843009213693967:53;2305843009213693973:3,Symbolica_default,cached_powers_Q,11,10,0.539,BalancedZippelSeparated
fire7_nb0_rank2072,Automatic,1,ok,751.363,78,2,1,0,0,2305843009213693967:75;2305843009213693973:3,Symbolica_default,cached_powers_Q,20,6,0.358,BalancedZippelSeparated
fire7_nb0_rank2073,Automatic,1,ok,483.582,71,2,1,0,0,2305843009213693967:68;2305843009213693973:3,Symbolica_default,cached_powers_Q,16,12,0.541,BalancedZippelSeparated
fire7_nb0_rank2074,Automatic,1,ok,364.162,60,2,1,0,0,2305843009213693967:57;2305843009213693973:3,Symbolica_default,cached_powers_Q,12,15,0.545,BalancedZippelSeparated
fire7_nb0_rank2075,Automatic,1,ok,666.613,58,2,1,0,0,2305843009213693967:55;2305843009213693973:3,Symbolica_default,cached_powers_Q,15,9,0.650,BalancedZippelSeparated
fire7_nb0_rank2076,Automatic,1,ok,366.202,58,2,1,0,0,2305843009213693967:55;2305843009213693973:3,Symbolica_default,cached_powers_Q,15,9,0.533,BalancedZippelSeparated
fire7_nb0_rank2077,Automatic,1,ok,354.341,70,2,1,0,0,2305843009213693967:67;2305843009213693973:3,Symbolica_default,cached_powers_Q,15,10,0.391,BalancedZippelSeparated
fire7_nb0_rank2078,Automatic,1,ok,352.921,62,2,1,0,0,2305843009213693967:59;2305843009213693973:3,Symbolica_default,cached_powers_Q,12,15,0.316,BalancedZippelSeparated
fire7_nb0_rank2079,Automatic,1,ok,465.892,61,2,1,0,0,2305843009213693967:58;2305843009213693973:3,Symbolica_default,cached_powers_Q,14,9,0.672,BalancedZippelSeparated
fire7_nb0_rank2080,Automatic,1,ok,321.811,61,2,1,0,0,2305843009213693967:58;2305843009213693973:3,Symbolica_default,cached_powers_Q,14,9,0.389,BalancedZippelSeparated
fire7_nb0_rank2081,Automatic,1,ok,383.971,54,2,1,0,0,2305843009213693967:51;2305843009213693973:3,Symbolica_default,cached_powers_Q,20,3,0.551,BalancedZippelSeparated
fire7_nb0_rank2082,Automatic,1,ok,796.473,75,2,1,0,0,2305843009213693967:72;2305843009213693973:3,Symbolica_default,cached_powers_Q,12,14,0.512,BalancedZippelSeparated
fire7_nb0_rank2083,Automatic,1,ok,497.792,56,2,1,0,0,2305843009213693967:53;2305843009213693973:3,Symbolica_default,cached_powers_Q,10,12,0.374,BalancedZippelSeparated
fire7_nb0_rank2084,Automatic,1,ok,671.433,77,2,1,0,0,2305843009213693967:74;2305843009213693973:3,Symbolica_default,cached_powers_Q,21,3,0.640,BalancedZippelSeparated
fire7_nb0_rank2085,Automatic,1,ok,414.562,59,2,1,0,0,2305843009213693967:56;2305843009213693973:3,Symbolica_default,cached_powers_Q,15,9,0.457,BalancedZippelSeparated
fire7_nb0_rank2086,Automatic,1,ok,424.131,65,2,1,0,0,2305843009213693967:62;2305843009213693973:3,Symbolica_default,cached_powers_Q,16,10,0.505,BalancedZippelSeparated
fire7_nb0_rank2087,Automatic,1,ok,631.642,56,2,1,0,0,2305843009213693967:53;2305843009213693973:3,Symbolica_default,cached_powers_Q,20,3,0.610,BalancedZippelSeparated
fire7_nb0_rank2088,Automatic,1,ok,368.702,70,2,1,0,0,2305843009213693967:67;2305843009213693973:3,Symbolica_default,cached_powers_Q,15,10,0.354,BalancedZippelSeparated
fire7_nb0_rank2089,Automatic,1,ok,617.782,71,2,1,0,0,2305843009213693967:68;2305843009213693973:3,Symbolica_default,cached_powers_Q,18,6,0.493,BalancedZippelSeparated
fire7_nb0_rank2090,Automatic,1,ok,479.772,56,2,1,0,0,2305843009213693967:53;2305843009213693973:3,Symbolica_default,cached_powers_Q,10,12,0.384,BalancedZippelSeparated
fire7_nb0_rank2091,Automatic,1,ok,348.692,58,2,1,0,0,2305843009213693967:55;2305843009213693973:3,Symbolica_default,cached_powers_Q,15,9,0.345,BalancedZippelSeparated
fire7_nb0_rank2092,Automatic,1,ok,472.862,58,2,1,0,0,2305843009213693967:55;2305843009213693973:3,Symbolica_default,cached_powers_Q,15,9,0.685,BalancedZippelSeparated
fire7_nb0_rank2093,Automatic,1,ok,525.142,62,2,1,0,0,2305843009213693967:59;2305843009213693973:3,Symbolica_default,cached_powers_Q,12,10,0.348,BalancedZippelSeparated
fire7_nb0_rank2094,Automatic,1,ok,581.982,78,2,1,0,0,2305843009213693967:75;2305843009213693973:3,Symbolica_default,cached_powers_Q,18,10,0.509,BalancedZippelSeparated
fire7_nb0_rank2095,Automatic,1,ok,401.831,56,2,1,0,0,2305843009213693967:53;2305843009213693973:3,Symbolica_default,cached_powers_Q,12,8,0.530,BalancedZippelSeparated
fire7_nb0_rank2096,Automatic,1,ok,349.952,56,2,1,0,0,2305843009213693967:53;2305843009213693973:3,Symbolica_default,cached_powers_Q,12,15,0.358,BalancedZippelSeparated
fire7_nb0_rank2097,Automatic,1,ok,661.773,66,2,1,0,0,2305843009213693967:63;2305843009213693973:3,Symbolica_default,cached_powers_Q,20,5,0.403,BalancedZippelSeparated
fire7_nb0_rank2098,Automatic,1,ok,327.891,54,2,1,0,0,2305843009213693967:51;2305843009213693973:3,Symbolica_default,cached_powers_Q,16,6,0.517,BalancedZippelSeparated
fire7_nb0_rank2099,Automatic,1,ok,705.994,60,2,1,0,0,2305843009213693967:57;2305843009213693973:3,Symbolica_default,cached_powers_Q,12,15,0.463,BalancedZippelSeparated
fire7_nb0_rank2100,Automatic,1,ok,422.072,72,2,1,0,0,2305843009213693967:69;2305843009213693973:3,Symbolica_default,cached_powers_Q,20,6,0.464,BalancedZippelSeparated
fire7_nb0_rank2101,Automatic,1,ok,373.691,66,2,1,0,0,2305843009213693967:63;2305843009213693973:3,Symbolica_default,cached_powers_Q,15,10,0.511,BalancedZippelSeparated
fire7_nb0_rank2102,Automatic,1,ok,397.341,54,2,1,0,0,2305843009213693967:51;2305843009213693973:3,Symbolica_default,cached_powers_Q,20,3,0.657,BalancedZippelSeparated
fire7_nb0_rank2103,Automatic,1,ok,488.582,57,2,1,0,0,2305843009213693967:54;2305843009213693973:3,Symbolica_default,cached_powers_Q,15,9,0.371,BalancedZippelSeparated
fire7_nb0_rank2104,Automatic,1,ok,690.472,84,2,1,0,0,2305843009213693967:81;2305843009213693973:3,Symbolica_default,cached_powers_Q,18,6,0.422,BalancedZippelSeparated
fire7_nb0_rank2105,Automatic,1,ok,391.652,72,2,1,0,0,2305843009213693967:69;2305843009213693973:3,Symbolica_default,cached_powers_Q,20,6,0.478,BalancedZippelSeparated
fire7_nb0_rank2106,Automatic,1,ok,397.372,70,2,1,0,0,2305843009213693967:67;2305843009213693973:3,Symbolica_default,cached_powers_Q,15,10,0.525,BalancedZippelSeparated
fire7_nb0_rank2107,Automatic,1,ok,338.052,56,2,1,0,0,2305843009213693967:53;2305843009213693973:3,Symbolica_default,cached_powers_Q,15,9,0.371,BalancedZippelSeparated
fire7_nb0_rank2108,Automatic,1,ok,411.461,76,2,1,0,0,2305843009213693967:73;2305843009213693973:3,Symbolica_default,cached_powers_Q,18,10,0.517,BalancedZippelSeparated
fire7_nb0_rank2109,Automatic,1,ok,393.252,76,2,1,0,0,2305843009213693967:73;2305843009213693973:3,Symbolica_default,cached_powers_Q,17,10,0.365,BalancedZippelSeparated
fire7_nb0_rank2110,Automatic,1,ok,386.492,70,2,1,0,0,2305843009213693967:67;2305843009213693973:3,Symbolica_default,cached_powers_Q,12,12,0.573,BalancedZippelSeparated
fire7_nb0_rank2111,Automatic,1,ok,338.741,68,2,1,0,0,2305843009213693967:65;2305843009213693973:3,Symbolica_default,cached_powers_Q,18,9,0.507,BalancedZippelSeparated
fire7_nb0_rank2112,Automatic,1,ok,354.621,55,2,1,0,0,2305843009213693967:52;2305843009213693973:3,Symbolica_default,cached_powers_Q,10,12,0.562,BalancedZippelSeparated
fire7_nb0_rank2113,Automatic,1,ok,522.712,60,2,1,0,0,2305843009213693967:57;2305843009213693973:3,Symbolica_default,cached_powers_Q,12,15,0.332,BalancedZippelSeparated
fire7_nb0_rank2114,Automatic,1,ok,547.243,65,2,1,0,0,2305843009213693967:62;2305843009213693973:3,Symbolica_default,cached_powers_Q,16,10,0.383,BalancedZippelSeparated
fire7_nb0_rank2115,Automatic,1,ok,538.452,66,2,1,0,0,2305843009213693967:63;2305843009213693973:3,Symbolica_default,cached_powers_Q,15,10,0.361,BalancedZippelSeparated
fire7_nb0_rank2116,Automatic,1,ok,427.782,55,2,1,0,0,2305843009213693967:52;2305843009213693973:3,Symbolica_default,cached_powers_Q,10,12,0.489,BalancedZippelSeparated
fire7_nb0_rank2117,Automatic,1,ok,582.493,66,2,1,0,0,2305843009213693967:63;2305843009213693973:3,Symbolica_default,cached_powers_Q,15,10,0.368,BalancedZippelSeparated
fire7_nb0_rank2118,Automatic,1,ok,542.523,66,2,1,0,0,2305843009213693967:63;2305843009213693973:3,Symbolica_default,cached_powers_Q,15,10,0.688,BalancedZippelSeparated
fire7_nb0_rank2119,Automatic,1,ok,354.142,55,2,1,0,0,2305843009213693967:52;2305843009213693973:3,Symbolica_default,cached_powers_Q,10,12,0.543,BalancedZippelSeparated
fire7_nb0_rank2120,Automatic,1,ok,596.122,71,2,1,0,0,2305843009213693967:68;2305843009213693973:3,Symbolica_default,cached_powers_Q,15,12,0.377,BalancedZippelSeparated
fire7_nb0_rank2121,Automatic,1,ok,597.353,69,2,1,0,0,2305843009213693967:66;2305843009213693973:3,Symbolica_default,cached_powers_Q,10,10,0.434,BalancedZippelSeparated
fire7_nb0_rank2122,Automatic,1,ok,388.672,60,2,1,0,0,2305843009213693967:57;2305843009213693973:3,Symbolica_default,cached_powers_Q,12,15,0.334,BalancedZippelSeparated
fire7_nb0_rank2123,Automatic,1,ok,561.112,73,2,1,0,0,2305843009213693967:70;2305843009213693973:3,Symbolica_default,cached_powers_Q,12,14,0.374,BalancedZippelSeparated
fire7_nb0_rank2124,Automatic,1,ok,386.642,62,2,1,0,0,2305843009213693967:59;2305843009213693973:3,Symbolica_default,cached_powers_Q,15,10,0.560,BalancedZippelSeparated
fire7_nb0_rank2125,Automatic,1,ok,400.021,75,2,1,0,0,2305843009213693967:72;2305843009213693973:3,Symbolica_default,cached_powers_Q,12,14,0.518,BalancedZippelSeparated
fire7_nb0_rank2126,Automatic,1,ok,690.063,73,2,1,0,0,2305843009213693967:70;2305843009213693973:3,Symbolica_default,cached_powers_Q,12,14,0.709,BalancedZippelSeparated
fire7_nb0_rank2127,Automatic,1,ok,512.442,66,2,1,0,0,2305843009213693967:63;2305843009213693973:3,Symbolica_default,cached_powers_Q,15,10,0.369,BalancedZippelSeparated
fire7_nb0_rank2128,Automatic,1,ok,733.883,70,2,1,0,0,2305843009213693967:67;2305843009213693973:3,Symbolica_default,cached_powers_Q,15,10,0.479,BalancedZippelSeparated
fire7_nb0_rank2129,Automatic,1,ok,284.302,68,2,1,0,0,2305843009213693967:65;2305843009213693973:3,Symbolica_default,cached_powers_Q,4,21,0.532,BalancedZippelSeparated
fire7_nb0_rank2130,Automatic,1,ok,394.061,67,2,1,0,0,2305843009213693967:64;2305843009213693973:3,Symbolica_default,cached_powers_Q,5,18,0.498,BalancedZippelSeparated
fire7_nb0_rank2131,Automatic,1,ok,472.962,67,2,1,0,0,2305843009213693967:64;2305843009213693973:3,Symbolica_default,cached_powers_Q,5,18,0.338,BalancedZippelSeparated
fire7_nb0_rank2132,Automatic,1,ok,479.412,68,2,1,0,0,2305843009213693967:65;2305843009213693973:3,Symbolica_default,cached_powers_Q,18,6,0.300,BalancedZippelSeparated
fire7_nb0_rank2133,Automatic,1,ok,481.002,66,2,1,0,0,2305843009213693967:63;2305843009213693973:3,Symbolica_default,cached_powers_Q,15,10,0.443,BalancedZippelSeparated
fire7_nb0_rank2134,Automatic,1,ok,237.151,62,2,1,0,0,2305843009213693967:59;2305843009213693973:3,Symbolica_default,cached_powers_Q,4,21,0.309,BalancedZippelSeparated
fire7_nb0_rank2135,Automatic,1,ok,305.231,68,2,1,0,0,2305843009213693967:65;2305843009213693973:3,Symbolica_default,cached_powers_Q,4,21,0.317,BalancedZippelSeparated
fire7_nb0_rank2136,Automatic,1,ok,674.633,70,2,1,0,0,2305843009213693967:67;2305843009213693973:3,Symbolica_default,cached_powers_Q,15,10,0.467,BalancedZippelSeparated
fire7_nb0_rank2137,Automatic,1,ok,781.663,71,2,1,0,0,2305843009213693967:68;2305843009213693973:3,Symbolica_default,cached_powers_Q,18,10,0.646,BalancedZippelSeparated
fire7_nb0_rank2138,Automatic,1,ok,386.582,72,2,1,0,0,2305843009213693967:69;2305843009213693973:3,Symbolica_default,cached_powers_Q,11,14,0.373,BalancedZippelSeparated
fire7_nb0_rank2139,Automatic,1,ok,318.681,56,2,1,0,0,2305843009213693967:53;2305843009213693973:3,Symbolica_default,cached_powers_Q,15,9,0.442,BalancedZippelSeparated
fire7_nb0_rank2140,Automatic,1,ok,462.462,57,2,1,0,0,2305843009213693967:54;2305843009213693973:3,Symbolica_default,cached_powers_Q,15,9,0.276,BalancedZippelSeparated
fire7_nb0_rank2141,Automatic,1,ok,272.701,58,2,1,0,0,2305843009213693967:55;2305843009213693973:3,Symbolica_default,cached_powers_Q,16,5,0.248,BalancedZippelSeparated
fire7_nb0_rank2142,Automatic,1,ok,256.391,68,2,1,0,0,2305843009213693967:65;2305843009213693973:3,Symbolica_default,cached_powers_Q,4,21,0.381,BalancedZippelSeparated
fire7_nb0_rank2143,Automatic,1,ok,319.432,66,2,1,0,0,2305843009213693967:63;2305843009213693973:3,Symbolica_default,cached_powers_Q,18,6,0.365,BalancedZippelSeparated
fire7_nb0_rank2144,Automatic,1,ok,433.671,57,2,1,0,0,2305843009213693967:54;2305843009213693973:3,Symbolica_default,cached_powers_Q,15,9,0.262,BalancedZippelSeparated
fire7_nb0_rank2145,Automatic,1,ok,390.832,78,2,1,0,0,2305843009213693967:75;2305843009213693973:3,Symbolica_default,cached_powers_Q,15,14,0.287,BalancedZippelSeparated
fire7_nb0_rank2146,Automatic,1,ok,546.303,68,2,1,0,0,2305843009213693967:65;2305843009213693973:3,Symbolica_default,cached_powers_Q,4,21,0.603,BalancedZippelSeparated
fire7_nb0_rank2147,Automatic,1,ok,569.292,56,2,1,0,0,2305843009213693967:53;2305843009213693973:3,Symbolica_default,cached_powers_Q,15,9,0.433,BalancedZippelSeparated
fire7_nb0_rank2148,Automatic,1,ok,356.341,65,2,1,0,0,2305843009213693967:62;2305843009213693973:3,Symbolica_default,cached_powers_Q,18,6,0.339,BalancedZippelSeparated
fire7_nb0_rank2149,Automatic,1,ok,662.243,71,2,1,0,0,2305843009213693967:68;2305843009213693973:3,Symbolica_default,cached_powers_Q,18,6,0.476,BalancedZippelSeparated
fire7_nb0_rank2150,Automatic,1,ok,385.111,58,2,1,0,0,2305843009213693967:55;2305843009213693973:3,Symbolica_default,cached_powers_Q,15,9,0.563,BalancedZippelSeparated
fire7_nb0_rank2151,Automatic,1,ok,492.292,114,2,1,0,0,2305843009213693967:111;2305843009213693973:3,Symbolica_default,cached_powers_Q,19,7,0.335,BalancedZippelSeparated
fire7_nb0_rank2152,Automatic,1,ok,366.721,70,2,1,0,0,2305843009213693967:67;2305843009213693973:3,Symbolica_default,cached_powers_Q,18,8,0.322,BalancedZippelSeparated
fire7_nb0_rank2153,Automatic,1,ok,568.353,96,2,1,0,0,2305843009213693967:93;2305843009213693973:3,Symbolica_default,cached_powers_Q,20,4,0.307,BalancedZippelSeparated
fire7_nb0_rank2154,Automatic,1,ok,405.891,61,2,1,0,0,2305843009213693967:58;2305843009213693973:3,Symbolica_default,cached_powers_Q,15,10,0.546,BalancedZippelSeparated
fire7_nb0_rank2155,Automatic,1,ok,667.742,66,2,1,0,0,2305843009213693967:63;2305843009213693973:3,Symbolica_default,cached_powers_Q,18,6,0.468,BalancedZippelSeparated
fire7_nb0_rank2156,Automatic,1,ok,353.901,61,2,1,0,0,2305843009213693967:58;2305843009213693973:3,Symbolica_default,cached_powers_Q,16,6,0.552,BalancedZippelSeparated
fire7_nb0_rank2157,Automatic,1,ok,359.271,59,2,1,0,0,2305843009213693967:56;2305843009213693973:3,Symbolica_default,cached_powers_Q,16,6,0.326,BalancedZippelSeparated
fire7_nb0_rank2158,Automatic,1,ok,355.452,66,2,1,0,0,2305843009213693967:63;2305843009213693973:3,Symbolica_default,cached_powers_Q,18,6,0.345,BalancedZippelSeparated
fire7_nb0_rank2159,Automatic,1,ok,552.492,83,2,1,0,0,2305843009213693967:80;2305843009213693973:3,Symbolica_default,cached_powers_Q,18,6,0.300,BalancedZippelSeparated
fire7_nb0_rank2160,Automatic,1,ok,746.192,65,2,1,0,0,2305843009213693967:62;2305843009213693973:3,Symbolica_default,cached_powers_Q,15,10,0.659,BalancedZippelSeparated
fire7_nb0_rank2161,Automatic,1,ok,346.101,60,2,1,0,0,2305843009213693967:57;2305843009213693973:3,Symbolica_default,cached_powers_Q,11,15,0.338,BalancedZippelSeparated
fire7_nb0_rank2162,Automatic,1,ok,779.953,74,2,1,0,0,2305843009213693967:71;2305843009213693973:3,Symbolica_default,cached_powers_Q,12,14,0.446,BalancedZippelSeparated
fire7_nb0_rank2163,Automatic,1,ok,496.162,59,2,1,0,0,2305843009213693967:56;2305843009213693973:3,Symbolica_default,cached_powers_Q,20,3,0.336,BalancedZippelSeparated
fire7_nb0_rank2164,Automatic,1,ok,592.502,68,2,1,0,0,2305843009213693967:65;2305843009213693973:3,Symbolica_default,cached_powers_Q,12,12,0.531,BalancedZippelSeparated
fire7_nb0_rank2165,Automatic,1,ok,350.811,57,2,1,0,0,2305843009213693967:54;2305843009213693973:3,Symbolica_default,cached_powers_Q,15,9,0.357,BalancedZippelSeparated
fire7_nb0_rank2166,Automatic,1,ok,410.701,65,2,1,0,0,2305843009213693967:62;2305843009213693973:3,Symbolica_default,cached_powers_Q,15,10,0.536,BalancedZippelSeparated
fire7_nb0_rank2167,Automatic,1,ok,657.422,72,2,1,0,0,2305843009213693967:69;2305843009213693973:3,Symbolica_default,cached_powers_Q,12,14,0.409,BalancedZippelSeparated
fire7_nb0_rank2168,Automatic,1,ok,453.682,61,2,1,0,0,2305843009213693967:58;2305843009213693973:3,Symbolica_default,cached_powers_Q,15,10,0.433,BalancedZippelSeparated
fire7_nb0_rank2169,Automatic,1,ok,340.571,59,2,1,0,0,2305843009213693967:56;2305843009213693973:3,Symbolica_default,cached_powers_Q,13,6,0.365,BalancedZippelSeparated
fire7_nb0_rank2170,Automatic,1,ok,585.512,59,2,1,0,0,2305843009213693967:56;2305843009213693973:3,Symbolica_default,cached_powers_Q,13,6,0.375,BalancedZippelSeparated
fire7_nb0_rank2171,Automatic,1,ok,398.552,78,2,1,0,0,2305843009213693967:75;2305843009213693973:3,Symbolica_default,cached_powers_Q,14,14,0.522,BalancedZippelSeparated
fire7_nb0_rank2172,Automatic,1,ok,469.602,68,2,1,0,0,2305843009213693967:65;2305843009213693973:3,Symbolica_default,cached_powers_Q,12,12,0.335,BalancedZippelSeparated
fire7_nb0_rank2173,Automatic,1,ok,370.711,65,2,1,0,0,2305843009213693967:62;2305843009213693973:3,Symbolica_default,cached_powers_Q,15,10,0.435,BalancedZippelSeparated
fire7_nb0_rank2174,Automatic,1,ok,269.701,60,2,1,0,0,2305843009213693967:57;2305843009213693973:3,Symbolica_default,cached_powers_Q,14,5,0.340,BalancedZippelSeparated
fire7_nb0_rank2175,Automatic,1,ok,429.581,66,2,1,0,0,2305843009213693967:63;2305843009213693973:3,Symbolica_default,cached_powers_Q,18,6,0.207,BalancedZippelSeparated
fire7_nb0_rank2176,Automatic,1,ok,379.941,69,2,1,0,0,2305843009213693967:66;2305843009213693973:3,Symbolica_default,cached_powers_Q,18,10,0.286,BalancedZippelSeparated
fire7_nb0_rank2177,Automatic,1,ok,387.461,60,2,1,0,0,2305843009213693967:57;2305843009213693973:3,Symbolica_default,cached_powers_Q,14,5,0.279,BalancedZippelSeparated
fire7_nb0_rank2178,Automatic,1,ok,270.070,56,2,1,0,0,2305843009213693967:53;2305843009213693973:3,Symbolica_default,cached_powers_Q,12,6,0.396,BalancedZippelSeparated
fire7_nb0_rank2179,Automatic,1,ok,402.801,79,2,1,0,0,2305843009213693967:76;2305843009213693973:3,Symbolica_default,cached_powers_Q,5,18,0.361,BalancedZippelSeparated
fire7_nb0_rank2180,Automatic,1,ok,695.723,68,2,1,0,0,2305843009213693967:65;2305843009213693973:3,Symbolica_default,cached_powers_Q,12,12,0.636,BalancedZippelSeparated
fire7_nb0_rank2181,Automatic,1,ok,603.442,57,2,1,0,0,2305843009213693967:54;2305843009213693973:3,Symbolica_default,cached_powers_Q,15,9,0.592,BalancedZippelSeparated
fire7_nb0_rank2182,Automatic,1,ok,356.491,65,2,1,0,0,2305843009213693967:62;2305843009213693973:3,Symbolica_default,cached_powers_Q,15,10,0.467,BalancedZippelSeparated
fire7_nb0_rank2183,Automatic,1,ok,351.822,73,2,1,0,0,2305843009213693967:70;2305843009213693973:3,Symbolica_default,cached_powers_Q,12,14,0.331,BalancedZippelSeparated
fire7_nb0_rank2184,Automatic,1,ok,402.141,66,2,1,0,0,2305843009213693967:63;2305843009213693973:3,Symbolica_default,cached_powers_Q,11,10,0.442,BalancedZippelSeparated
fire7_nb0_rank2185,Automatic,1,ok,621.222,58,2,1,0,0,2305843009213693967:55;2305843009213693973:3,Symbolica_default,cached_powers_Q,12,10,0.427,BalancedZippelSeparated
fire7_nb0_rank2186,Automatic,1,ok,576.473,61,2,1,0,0,2305843009213693967:58;2305843009213693973:3,Symbolica_default,cached_powers_Q,15,10,0.376,BalancedZippelSeparated
fire7_nb0_rank2187,Automatic,1,ok,563.223,65,2,1,0,0,2305843009213693967:62;2305843009213693973:3,Symbolica_default,cached_powers_Q,15,10,0.363,BalancedZippelSeparated
fire7_nb0_rank2188,Automatic,1,ok,680.613,62,2,1,0,0,2305843009213693967:59;2305843009213693973:3,Symbolica_default,cached_powers_Q,18,4,0.427,BalancedZippelSeparated
fire7_nb0_rank2189,Automatic,1,ok,326.401,55,2,1,0,0,2305843009213693967:52;2305843009213693973:3,Symbolica_default,cached_powers_Q,15,6,0.513,BalancedZippelSeparated
fire7_nb0_rank2190,Automatic,1,ok,486.202,55,2,1,0,0,2305843009213693967:52;2305843009213693973:3,Symbolica_default,cached_powers_Q,15,6,0.347,BalancedZippelSeparated
fire7_nb0_rank2191,Automatic,1,ok,396.492,61,2,1,0,0,2305843009213693967:58;2305843009213693973:3,Symbolica_default,cached_powers_Q,15,10,0.494,BalancedZippelSeparated
fire7_nb0_rank2192,Automatic,1,ok,331.502,70,2,1,0,0,2305843009213693967:67;2305843009213693973:3,Symbolica_default,cached_powers_Q,17,9,0.557,BalancedZippelSeparated
fire7_nb0_rank2193,Automatic,1,ok,347.251,63,2,1,0,0,2305843009213693967:60;2305843009213693973:3,Symbolica_default,cached_powers_Q,19,6,0.313,BalancedZippelSeparated
fire7_nb0_rank2194,Automatic,1,ok,399.492,60,2,1,0,0,2305843009213693967:57;2305843009213693973:3,Symbolica_default,cached_powers_Q,12,10,0.472,BalancedZippelSeparated
fire7_nb0_rank2195,Automatic,1,ok,320.861,55,2,1,0,0,2305843009213693967:52;2305843009213693973:3,Symbolica_default,cached_powers_Q,15,6,0.510,BalancedZippelSeparated
fire7_nb0_rank2196,Automatic,1,ok,316.742,55,2,1,0,0,2305843009213693967:52;2305843009213693973:3,Symbolica_default,cached_powers_Q,15,6,0.508,BalancedZippelSeparated
fire7_nb0_rank2197,Automatic,1,ok,619.042,54,2,1,0,0,2305843009213693967:51;2305843009213693973:3,Symbolica_default,cached_powers_Q,10,12,0.485,BalancedZippelSeparated
fire7_nb0_rank2198,Automatic,1,ok,515.193,55,2,1,0,0,2305843009213693967:52;2305843009213693973:3,Symbolica_default,cached_powers_Q,15,6,0.346,BalancedZippelSeparated
fire7_nb0_rank2199,Automatic,1,ok,314.501,55,2,1,0,0,2305843009213693967:52;2305843009213693973:3,Symbolica_default,cached_powers_Q,15,6,0.310,BalancedZippelSeparated
fire7_nb0_rank2200,Automatic,1,ok,600.213,52,2,1,0,0,2305843009213693967:49;2305843009213693973:3,Symbolica_default,cached_powers_Q,10,10,0.430,BalancedZippelSeparated
fire7_nb0_rank2201,Automatic,1,ok,306.572,52,2,1,0,0,2305843009213693967:49;2305843009213693973:3,Symbolica_default,cached_powers_Q,10,10,0.526,BalancedZippelSeparated
fire7_nb0_rank2202,Automatic,1,ok,333.572,55,2,1,0,0,2305843009213693967:52;2305843009213693973:3,Symbolica_default,cached_powers_Q,19,6,0.352,BalancedZippelSeparated
fire7_nb0_rank2203,Automatic,1,ok,500.233,51,2,1,0,0,2305843009213693967:48;2305843009213693973:3,Symbolica_default,cached_powers_Q,15,8,0.364,BalancedZippelSeparated
fire7_nb0_rank2204,Automatic,1,ok,736.394,61,2,1,0,0,2305843009213693967:58;2305843009213693973:3,Symbolica_default,cached_powers_Q,15,10,0.446,BalancedZippelSeparated
fire7_nb0_rank2205,Automatic,1,ok,324.951,56,2,1,0,0,2305843009213693967:53;2305843009213693973:3,Symbolica_default,cached_powers_Q,14,9,0.523,BalancedZippelSeparated
fire7_nb0_rank2206,Automatic,1,ok,698.263,58,2,1,0,0,2305843009213693967:55;2305843009213693973:3,Symbolica_default,cached_powers_Q,14,9,0.445,BalancedZippelSeparated
fire7_nb0_rank2207,Automatic,1,ok,331.201,54,2,1,0,0,2305843009213693967:51;2305843009213693973:3,Symbolica_default,cached_powers_Q,10,12,0.350,BalancedZippelSeparated
fire7_nb0_rank2208,Automatic,1,ok,440.632,54,2,1,0,0,2305843009213693967:51;2305843009213693973:3,Symbolica_default,cached_powers_Q,10,12,0.588,BalancedZippelSeparated
fire7_nb0_rank2209,Automatic,1,ok,268.681,61,2,1,0,0,2305843009213693967:58;2305843009213693973:3,Symbolica_default,cached_powers_Q,5,15,0.323,BalancedZippelSeparated
fire7_nb0_rank2210,Automatic,1,ok,647.283,56,2,1,0,0,2305843009213693967:53;2305843009213693973:3,Symbolica_default,cached_powers_Q,14,9,0.678,BalancedZippelSeparated
fire7_nb0_rank2211,Automatic,1,ok,513.893,56,2,1,0,0,2305843009213693967:53;2305843009213693973:3,Symbolica_default,cached_powers_Q,14,9,0.340,BalancedZippelSeparated
fire7_nb0_rank2212,Automatic,1,ok,659.213,57,2,1,0,0,2305843009213693967:54;2305843009213693973:3,Symbolica_default,cached_powers_Q,8,15,0.422,BalancedZippelSeparated
fire7_nb0_rank2213,Automatic,1,ok,417.142,61,2,1,0,0,2305843009213693967:58;2305843009213693973:3,Symbolica_default,cached_powers_Q,5,15,0.314,BalancedZippelSeparated
fire7_nb0_rank2214,Automatic,1,ok,428.932,58,2,1,0,0,2305843009213693967:55;2305843009213693973:3,Symbolica_default,cached_powers_Q,16,6,0.384,BalancedZippelSeparated
fire7_nb0_rank2215,Automatic,1,ok,344.352,60,2,1,0,0,2305843009213693967:57;2305843009213693973:3,Symbolica_default,cached_powers_Q,8,15,0.360,BalancedZippelSeparated
fire7_nb0_rank2216,Automatic,1,ok,410.212,58,2,1,0,0,2305843009213693967:55;2305843009213693973:3,Symbolica_default,cached_powers_Q,8,15,0.541,BalancedZippelSeparated
fire7_nb0_rank2217,Automatic,1,ok,466.952,53,2,1,0,0,2305843009213693967:50;2305843009213693973:3,Symbolica_default,cached_powers_Q,10,12,0.568,BalancedZippelSeparated
fire7_nb0_rank2218,Automatic,1,ok,607.772,53,2,1,0,0,2305843009213693967:50;2305843009213693973:3,Symbolica_default,cached_powers_Q,10,12,0.631,BalancedZippelSeparated
fire7_nb0_rank2219,Automatic,1,ok,317.721,56,2,1,0,0,2305843009213693967:53;2305843009213693973:3,Symbolica_default,cached_powers_Q,16,6,0.300,BalancedZippelSeparated
fire7_nb0_rank2220,Automatic,1,ok,295.801,56,2,1,0,0,2305843009213693967:53;2305843009213693973:3,Symbolica_default,cached_powers_Q,16,6,0.243,BalancedZippelSeparated
fire7_nb0_rank2221,Automatic,1,ok,277.201,56,2,1,0,0,2305843009213693967:53;2305843009213693973:3,Symbolica_default,cached_powers_Q,11,8,0.254,BalancedZippelSeparated
fire7_nb0_rank2222,Automatic,1,ok,438.831,53,2,1,0,0,2305843009213693967:50;2305843009213693973:3,Symbolica_default,cached_powers_Q,10,12,0.271,BalancedZippelSeparated
fire7_nb0_rank2223,Automatic,1,ok,303.241,78,2,1,0,0,2305843009213693967:75;2305843009213693973:3,Symbolica_default,cached_powers_Q,18,6,0.216,BalancedZippelSeparated
fire7_nb0_rank2224,Automatic,1,ok,411.211,53,2,1,0,0,2305843009213693967:50;2305843009213693973:3,Symbolica_default,cached_powers_Q,15,6,0.233,BalancedZippelSeparated
fire7_nb0_rank2225,Automatic,1,ok,272.921,53,2,1,0,0,2305843009213693967:50;2305843009213693973:3,Symbolica_default,cached_powers_Q,10,12,0.283,BalancedZippelSeparated
fire7_nb0_rank2226,Automatic,1,ok,274.390,53,2,1,0,0,2305843009213693967:50;2305843009213693973:3,Symbolica_default,cached_powers_Q,10,12,0.305,BalancedZippelSeparated
fire7_nb0_rank2227,Automatic,1,ok,441.681,55,2,1,0,0,2305843009213693967:52;2305843009213693973:3,Symbolica_default,cached_powers_Q,15,6,0.250,BalancedZippelSeparated
fire7_nb0_rank2228,Automatic,1,ok,614.163,57,2,1,0,0,2305843009213693967:54;2305843009213693973:3,Symbolica_default,cached_powers_Q,8,15,0.400,BalancedZippelSeparated
fire7_nb0_rank2229,Automatic,1,ok,511.852,53,2,1,0,0,2305843009213693967:50;2305843009213693973:3,Symbolica_default,cached_powers_Q,10,12,0.378,BalancedZippelSeparated
fire7_nb0_rank2230,Automatic,1,ok,415.242,55,2,1,0,0,2305843009213693967:52;2305843009213693973:3,Symbolica_default,cached_powers_Q,15,6,0.626,BalancedZippelSeparated
fire7_nb0_rank2231,Automatic,1,ok,331.921,53,2,1,0,0,2305843009213693967:50;2305843009213693973:3,Symbolica_default,cached_powers_Q,15,6,0.344,BalancedZippelSeparated
fire7_nb0_rank2232,Automatic,1,ok,583.742,53,2,1,0,0,2305843009213693967:50;2305843009213693973:3,Symbolica_default,cached_powers_Q,10,12,0.400,BalancedZippelSeparated
fire7_nb0_rank2233,Automatic,1,ok,499.322,77,2,1,0,0,2305843009213693967:74;2305843009213693973:3,Symbolica_default,cached_powers_Q,11,14,0.405,BalancedZippelSeparated
fire7_nb0_rank2234,Automatic,1,ok,667.303,71,2,1,0,0,2305843009213693967:68;2305843009213693973:3,Symbolica_default,cached_powers_Q,11,14,0.393,BalancedZippelSeparated
fire7_nb0_rank2235,Automatic,1,ok,448.522,68,2,1,0,0,2305843009213693967:65;2305843009213693973:3,Symbolica_default,cached_powers_Q,16,6,0.530,BalancedZippelSeparated
fire7_nb0_rank2236,Automatic,1,ok,663.203,74,2,1,0,0,2305843009213693967:71;2305843009213693973:3,Symbolica_default,cached_powers_Q,17,10,0.444,BalancedZippelSeparated
fire7_nb0_rank2237,Automatic,1,ok,243.861,58,2,1,0,0,2305843009213693967:55;2305843009213693973:3,Symbolica_default,cached_powers_Q,15,2,0.392,BalancedZippelSeparated
fire7_nb0_rank2238,Automatic,1,ok,521.792,74,2,1,0,0,2305843009213693967:71;2305843009213693973:3,Symbolica_default,cached_powers_Q,12,14,0.471,BalancedZippelSeparated
fire7_nb0_rank2239,Automatic,1,ok,307.502,71,2,1,0,0,2305843009213693967:68;2305843009213693973:3,Symbolica_default,cached_powers_Q,12,14,0.387,BalancedZippelSeparated
fire7_nb0_rank2240,Automatic,1,ok,343.612,67,2,1,0,0,2305843009213693967:64;2305843009213693973:3,Symbolica_default,cached_powers_Q,17,6,0.243,BalancedZippelSeparated
fire7_nb0_rank2241,Automatic,1,ok,279.811,85,2,1,0,0,2305843009213693967:82;2305843009213693973:3,Symbolica_default,cached_powers_Q,18,3,0.249,BalancedZippelSeparated
fire7_nb0_rank2242,Automatic,1,ok,249.411,60,2,1,0,0,2305843009213693967:57;2305843009213693973:3,Symbolica_default,cached_powers_Q,14,4,0.259,BalancedZippelSeparated
fire7_nb0_rank2243,Automatic,1,ok,286.991,54,2,1,0,0,2305843009213693967:51;2305843009213693973:3,Symbolica_default,cached_powers_Q,16,6,0.273,BalancedZippelSeparated
fire7_nb0_rank2244,Automatic,1,ok,562.272,56,2,1,0,0,2305843009213693967:53;2305843009213693973:3,Symbolica_default,cached_powers_Q,16,4,0.360,BalancedZippelSeparated
fire7_nb0_rank2245,Automatic,1,ok,429.801,68,2,1,0,0,2305843009213693967:65;2305843009213693973:3,Symbolica_default,cached_powers_Q,15,10,0.549,BalancedZippelSeparated
fire7_nb0_rank2246,Automatic,1,ok,677.103,64,2,1,0,0,2305843009213693967:61;2305843009213693973:3,Symbolica_default,cached_powers_Q,15,10,0.407,BalancedZippelSeparated
fire7_nb0_rank2247,Automatic,1,ok,583.412,57,2,1,0,0,2305843009213693967:54;2305843009213693973:3,Symbolica_default,cached_powers_Q,10,9,0.382,BalancedZippelSeparated
fire7_nb0_rank2248,Automatic,1,ok,323.991,54,2,1,0,0,2305843009213693967:51;2305843009213693973:3,Symbolica_default,cached_powers_Q,16,4,0.391,BalancedZippelSeparated
fire7_nb0_rank2249,Automatic,1,ok,348.721,56,2,1,0,0,2305843009213693967:53;2305843009213693973:3,Symbolica_default,cached_powers_Q,16,4,0.305,BalancedZippelSeparated
fire7_nb0_rank2250,Automatic,1,ok,587.652,66,2,1,0,0,2305843009213693967:63;2305843009213693973:3,Symbolica_default,cached_powers_Q,15,10,0.375,BalancedZippelSeparated
fire7_nb0_rank2251,Automatic,1,ok,338.601,54,2,1,0,0,2305843009213693967:51;2305843009213693973:3,Symbolica_default,cached_powers_Q,16,4,0.314,BalancedZippelSeparated
fire7_nb0_rank2252,Automatic,1,ok,352.121,75,2,1,0,0,2305843009213693967:72;2305843009213693973:3,Symbolica_default,cached_powers_Q,16,6,0.345,BalancedZippelSeparated
fire7_nb0_rank2253,Automatic,1,ok,330.351,57,2,1,0,0,2305843009213693967:54;2305843009213693973:3,Symbolica_default,cached_powers_Q,4,15,0.617,BalancedZippelSeparated
fire7_nb0_rank2254,Automatic,1,ok,521.502,70,2,1,0,0,2305843009213693967:67;2305843009213693973:3,Symbolica_default,cached_powers_Q,12,12,0.569,BalancedZippelSeparated
fire7_nb0_rank2255,Automatic,1,ok,571.112,60,2,1,0,0,2305843009213693967:57;2305843009213693973:3,Symbolica_default,cached_powers_Q,12,10,0.640,BalancedZippelSeparated
fire7_nb0_rank2256,Automatic,1,ok,282.711,58,2,1,0,0,2305843009213693967:55;2305843009213693973:3,Symbolica_default,cached_powers_Q,12,10,0.360,BalancedZippelSeparated
fire7_nb0_rank2257,Automatic,1,ok,253.411,58,2,1,0,0,2305843009213693967:55;2305843009213693973:3,Symbolica_default,cached_powers_Q,10,6,0.300,BalancedZippelSeparated
fire7_nb0_rank2258,Automatic,1,ok,323.451,88,2,1,0,0,2305843009213693967:85;2305843009213693973:3,Symbolica_default,cached_powers_Q,20,4,0.275,BalancedZippelSeparated
fire7_nb0_rank2259,Automatic,1,ok,465.811,66,2,1,0,0,2305843009213693967:63;2305843009213693973:3,Symbolica_default,cached_powers_Q,15,10,0.419,BalancedZippelSeparated
fire7_nb0_rank2260,Automatic,1,ok,340.861,59,2,1,0,0,2305843009213693967:56;2305843009213693973:3,Symbolica_default,cached_powers_Q,12,10,0.273,BalancedZippelSeparated
fire7_nb0_rank2261,Automatic,1,ok,335.552,59,2,1,0,0,2305843009213693967:56;2305843009213693973:3,Symbolica_default,cached_powers_Q,15,10,0.311,BalancedZippelSeparated
fire7_nb0_rank2262,Automatic,1,ok,286.741,52,2,1,0,0,2305843009213693967:49;2305843009213693973:3,Symbolica_default,cached_powers_Q,15,4,0.405,BalancedZippelSeparated
fire7_nb0_rank2263,Automatic,1,ok,678.442,58,2,1,0,0,2305843009213693967:55;2305843009213693973:3,Symbolica_default,cached_powers_Q,15,6,0.402,BalancedZippelSeparated
fire7_nb0_rank2264,Automatic,1,ok,673.443,59,2,1,0,0,2305843009213693967:56;2305843009213693973:3,Symbolica_default,cached_powers_Q,12,10,0.600,BalancedZippelSeparated
fire7_nb0_rank2265,Automatic,1,ok,585.733,70,2,1,0,0,2305843009213693967:67;2305843009213693973:3,Symbolica_default,cached_powers_Q,18,6,0.380,BalancedZippelSeparated
fire7_nb0_rank2266,Automatic,1,ok,280.331,54,2,1,0,0,2305843009213693967:51;2305843009213693973:3,Symbolica_default,cached_powers_Q,10,9,0.274,BalancedZippelSeparated
fire7_nb0_rank2267,Automatic,1,ok,376.952,67,2,1,0,0,2305843009213693967:64;2305843009213693973:3,Symbolica_default,cached_powers_Q,12,12,0.234,BalancedZippelSeparated
fire7_nb0_rank2268,Automatic,1,ok,234.810,49,2,1,0,0,2305843009213693967:46;2305843009213693973:3,Symbolica_default,cached_powers_Q,12,6,0.266,BalancedZippelSeparated
fire7_nb0_rank2269,Automatic,1,ok,338.301,66,2,1,0,0,2305843009213693967:63;2305843009213693973:3,Symbolica_default,cached_powers_Q,18,6,0.262,BalancedZippelSeparated
fire7_nb0_rank2270,Automatic,1,ok,315.751,67,2,1,0,0,2305843009213693967:64;2305843009213693973:3,Symbolica_default,cached_powers_Q,15,10,0.312,BalancedZippelSeparated
fire7_nb0_rank2271,Automatic,1,ok,273.001,66,2,1,0,0,2305843009213693967:63;2305843009213693973:3,Symbolica_default,cached_powers_Q,18,4,0.420,BalancedZippelSeparated
fire7_nb0_rank2272,Automatic,1,ok,635.183,75,2,1,0,0,2305843009213693967:72;2305843009213693973:3,Symbolica_default,cached_powers_Q,16,6,0.345,BalancedZippelSeparated
fire7_nb0_rank2273,Automatic,1,ok,406.042,65,2,1,0,0,2305843009213693967:62;2305843009213693973:3,Symbolica_default,cached_powers_Q,18,6,0.394,BalancedZippelSeparated
fire7_nb0_rank2274,Automatic,1,ok,379.811,54,2,1,0,0,2305843009213693967:51;2305843009213693973:3,Symbolica_default,cached_powers_Q,15,6,0.551,BalancedZippelSeparated
fire7_nb0_rank2275,Automatic,1,ok,563.562,61,2,1,0,0,2305843009213693967:58;2305843009213693973:3,Symbolica_default,cached_powers_Q,4,18,0.518,BalancedZippelSeparated
fire7_nb0_rank2276,Automatic,1,ok,317.801,59,2,1,0,0,2305843009213693967:56;2305843009213693973:3,Symbolica_default,cached_powers_Q,19,2,0.467,BalancedZippelSeparated
fire7_nb0_rank2277,Automatic,1,ok,466.472,75,2,1,0,0,2305843009213693967:72;2305843009213693973:3,Symbolica_default,cached_powers_Q,15,6,0.246,BalancedZippelSeparated
fire7_nb0_rank2278,Automatic,1,ok,298.461,69,2,1,0,0,2305843009213693967:66;2305843009213693973:3,Symbolica_default,cached_powers_Q,9,14,0.242,BalancedZippelSeparated
fire7_nb0_rank2279,Automatic,1,ok,341.622,57,2,1,0,0,2305843009213693967:54;2305843009213693973:3,Symbolica_default,cached_powers_Q,12,10,0.276,BalancedZippelSeparated
fire7_nb0_rank2280,Automatic,1,ok,266.011,60,2,1,0,0,2305843009213693967:57;2305843009213693973:3,Symbolica_default,cached_powers_Q,18,2,0.236,BalancedZippelSeparated
fire7_nb0_rank2281,Automatic,1,ok,461.992,66,2,1,0,0,2305843009213693967:63;2305843009213693973:3,Symbolica_default,cached_powers_Q,18,2,0.408,BalancedZippelSeparated
fire7_nb0_rank2282,Automatic,1,ok,670.583,59,2,1,0,0,2305843009213693967:56;2305843009213693973:3,Symbolica_default,cached_powers_Q,12,10,0.437,BalancedZippelSeparated
fire7_nb0_rank2283,Automatic,1,ok,613.882,55,2,1,0,0,2305843009213693967:52;2305843009213693973:3,Symbolica_default,cached_powers_Q,15,6,0.406,BalancedZippelSeparated
fire7_nb0_rank2284,Automatic,1,ok,484.862,54,2,1,0,0,2305843009213693967:51;2305843009213693973:3,Symbolica_default,cached_powers_Q,15,9,0.323,BalancedZippelSeparated
fire7_nb0_rank2285,Automatic,1,ok,722.343,66,2,1,0,0,2305843009213693967:63;2305843009213693973:3,Symbolica_default,cached_powers_Q,18,6,0.389,BalancedZippelSeparated
fire7_nb0_rank2286,Automatic,1,ok,442.581,53,2,1,0,0,2305843009213693967:50;2305843009213693973:3,Symbolica_default,cached_powers_Q,9,12,0.617,BalancedZippelSeparated
fire7_nb0_rank2287,Automatic,1,ok,305.331,53,2,1,0,0,2305843009213693967:50;2305843009213693973:3,Symbolica_default,cached_powers_Q,9,12,0.368,BalancedZippelSeparated
fire7_nb0_rank2288,Automatic,1,ok,519.972,53,2,1,0,0,2305843009213693967:50;2305843009213693973:3,Symbolica_default,cached_powers_Q,9,12,0.404,BalancedZippelSeparated
fire7_nb0_rank2289,Automatic,1,ok,338.291,52,2,1,0,0,2305843009213693967:49;2305843009213693973:3,Symbolica_default,cached_powers_Q,10,6,0.558,BalancedZippelSeparated
fire7_nb0_rank2290,Automatic,1,ok,696.163,61,2,1,0,0,2305843009213693967:58;2305843009213693973:3,Symbolica_default,cached_powers_Q,12,10,0.435,BalancedZippelSeparated
fire7_nb0_rank2291,Automatic,1,ok,687.583,57,2,1,0,0,2305843009213693967:54;2305843009213693973:3,Symbolica_default,cached_powers_Q,12,10,0.642,BalancedZippelSeparated
fire7_nb0_rank2292,Automatic,1,ok,364.881,59,2,1,0,0,2305843009213693967:56;2305843009213693973:3,Symbolica_default,cached_powers_Q,12,10,0.295,BalancedZippelSeparated
fire7_nb0_rank2293,Automatic,1,ok,325.241,59,2,1,0,0,2305843009213693967:56;2305843009213693973:3,Symbolica_default,cached_powers_Q,19,2,0.398,BalancedZippelSeparated
fire7_nb0_rank2294,Automatic,1,ok,415.792,91,2,1,0,0,2305843009213693967:88;2305843009213693973:3,Symbolica_default,cached_powers_Q,20,3,0.213,BalancedZippelSeparated
fire7_nb0_rank2295,Automatic,1,ok,292.791,57,2,1,0,0,2305843009213693967:54;2305843009213693973:3,Symbolica_default,cached_powers_Q,9,10,0.222,BalancedZippelSeparated
fire7_nb0_rank2296,Automatic,1,ok,362.051,50,2,1,0,0,2305843009213693967:47;2305843009213693973:3,Symbolica_default,cached_powers_Q,10,8,0.240,BalancedZippelSeparated
fire7_nb0_rank2297,Automatic,1,ok,246.691,50,2,1,0,0,2305843009213693967:47;2305843009213693973:3,Symbolica_default,cached_powers_Q,10,8,0.239,BalancedZippelSeparated
fire7_nb0_rank2298,Automatic,1,ok,353.902,62,2,1,0,0,2305843009213693967:59;2305843009213693973:3,Symbolica_default,cached_powers_Q,10,6,0.198,BalancedZippelSeparated
fire7_nb0_rank2299,Automatic,1,ok,389.211,52,2,1,0,0,2305843009213693967:49;2305843009213693973:3,Symbolica_default,cached_powers_Q,10,6,0.387,BalancedZippelSeparated
fire7_nb0_rank2300,Automatic,1,ok,268.130,52,2,1,0,0,2305843009213693967:49;2305843009213693973:3,Symbolica_default,cached_powers_Q,10,6,0.295,BalancedZippelSeparated
fire7_nb0_rank2301,Automatic,1,ok,425.842,74,2,1,0,0,2305843009213693967:71;2305843009213693973:3,Symbolica_default,cached_powers_Q,11,14,0.340,BalancedZippelSeparated
fire7_nb0_rank2302,Automatic,1,ok,743.843,72,2,1,0,0,2305843009213693967:69;2305843009213693973:3,Symbolica_default,cached_powers_Q,18,5,0.636,BalancedZippelSeparated
fire7_nb0_rank2303,Automatic,1,ok,334.411,59,2,1,0,0,2305843009213693967:56;2305843009213693973:3,Symbolica_default,cached_powers_Q,14,6,0.323,BalancedZippelSeparated
fire7_nb0_rank2304,Automatic,1,ok,287.782,60,2,1,0,0,2305843009213693967:57;2305843009213693973:3,Symbolica_default,cached_powers_Q,13,4,0.252,BalancedZippelSeparated
fire7_nb0_rank2305,Automatic,1,ok,283.221,56,2,1,0,0,2305843009213693967:53;2305843009213693973:3,Symbolica_default,cached_powers_Q,16,4,0.229,BalancedZippelSeparated
fire7_nb0_rank2306,Automatic,1,ok,436.462,62,2,1,0,0,2305843009213693967:59;2305843009213693973:3,Symbolica_default,cached_powers_Q,12,10,0.338,BalancedZippelSeparated
fire7_nb0_rank2307,Automatic,1,ok,417.661,55,2,1,0,0,2305843009213693967:52;2305843009213693973:3,Symbolica_default,cached_powers_Q,10,9,0.218,BalancedZippelSeparated
fire7_nb0_rank2308,Automatic,1,ok,261.991,55,2,1,0,0,2305843009213693967:52;2305843009213693973:3,Symbolica_default,cached_powers_Q,10,9,0.235,BalancedZippelSeparated
fire7_nb0_rank2309,Automatic,1,ok,390.022,62,2,1,0,0,2305843009213693967:59;2305843009213693973:3,Symbolica_default,cached_powers_Q,12,10,0.215,BalancedZippelSeparated
fire7_nb0_rank2310,Automatic,1,ok,275.951,55,2,1,0,0,2305843009213693967:52;2305843009213693973:3,Symbolica_default,cached_powers_Q,10,9,0.298,BalancedZippelSeparated
fire7_nb0_rank2311,Automatic,1,ok,653.652,64,2,1,0,0,2305843009213693967:61;2305843009213693973:3,Symbolica_default,cached_powers_Q,12,12,0.369,BalancedZippelSeparated
fire7_nb0_rank2312,Automatic,1,ok,626.323,63,2,1,0,0,2305843009213693967:60;2305843009213693973:3,Symbolica_default,cached_powers_Q,14,10,0.407,BalancedZippelSeparated
fire7_nb0_rank2313,Automatic,1,ok,464.212,63,2,1,0,0,2305843009213693967:60;2305843009213693973:3,Symbolica_default,cached_powers_Q,14,10,0.509,BalancedZippelSeparated
fire7_nb0_rank2314,Automatic,1,ok,350.341,55,2,1,0,0,2305843009213693967:52;2305843009213693973:3,Symbolica_default,cached_powers_Q,10,9,0.336,BalancedZippelSeparated
fire7_nb0_rank2315,Automatic,1,ok,399.802,54,2,1,0,0,2305843009213693967:51;2305843009213693973:3,Symbolica_default,cached_powers_Q,12,5,0.191,BalancedZippelSeparated
fire7_nb0_rank2316,Automatic,1,ok,330.991,66,2,1,0,0,2305843009213693967:63;2305843009213693973:3,Symbolica_default,cached_powers_Q,12,12,0.228,BalancedZippelSeparated
fire7_nb0_rank2317,Automatic,1,ok,305.181,67,2,1,0,0,2305843009213693967:64;2305843009213693973:3,Symbolica_default,cached_powers_Q,9,14,0.243,BalancedZippelSeparated
fire7_nb0_rank2318,Automatic,1,ok,276.091,51,2,1,0,0,2305843009213693967:48;2305843009213693973:3,Symbolica_default,cached_powers_Q,12,6,0.276,BalancedZippelSeparated
fire7_nb0_rank2319,Automatic,1,ok,546.832,54,2,1,0,0,2305843009213693967:51;2305843009213693973:3,Symbolica_default,cached_powers_Q,12,5,0.390,BalancedZippelSeparated
fire7_nb0_rank2320,Automatic,1,ok,634.173,62,2,1,0,0,2305843009213693967:59;2305843009213693973:3,Symbolica_default,cached_powers_Q,9,12,0.387,BalancedZippelSeparated
fire7_nb0_rank2321,Automatic,1,ok,292.981,56,2,1,0,0,2305843009213693967:53;2305843009213693973:3,Symbolica_default,cached_powers_Q,9,10,0.454,BalancedZippelSeparated
fire7_nb0_rank2322,Automatic,1,ok,415.632,53,2,1,0,0,2305843009213693967:50;2305843009213693973:3,Symbolica_default,cached_powers_Q,6,15,0.272,BalancedZippelSeparated
fire7_nb0_rank2323,Automatic,1,ok,285.571,75,2,1,0,0,2305843009213693967:72;2305843009213693973:3,Symbolica_default,cached_powers_Q,18,4,0.279,BalancedZippelSeparated
fire7_nb0_rank2324,Automatic,1,ok,308.091,51,2,1,0,0,2305843009213693967:48;2305843009213693973:3,Symbolica_default,cached_powers_Q,12,9,0.236,BalancedZippelSeparated
fire7_nb0_rank2325,Automatic,1,ok,265.681,48,2,1,0,0,2305843009213693967:45;2305843009213693973:3,Symbolica_default,cached_powers_Q,16,2,0.383,BalancedZippelSeparated
fire7_nb0_rank2326,Automatic,1,ok,259.761,68,2,1,0,0,2305843009213693967:65;2305843009213693973:3,Symbolica_default,cached_powers_Q,18,4,0.188,BalancedZippelSeparated
fire7_nb0_rank2327,Automatic,1,ok,269.211,52,2,1,0,0,2305843009213693967:49;2305843009213693973:3,Symbolica_default,cached_powers_Q,12,9,0.355,BalancedZippelSeparated
fire7_nb0_rank2328,Automatic,1,ok,666.862,66,2,1,0,0,2305843009213693967:63;2305843009213693973:3,Symbolica_default,cached_powers_Q,18,6,0.350,BalancedZippelSeparated
fire7_nb0_rank2329,Automatic,1,ok,679.063,54,2,1,0,0,2305843009213693967:51;2305843009213693973:3,Symbolica_default,cached_powers_Q,6,15,0.571,BalancedZippelSeparated
fire7_nb0_rank2330,Automatic,1,ok,417.811,73,2,1,0,0,2305843009213693967:70;2305843009213693973:3,Symbolica_default,cached_powers_Q,15,6,0.448,BalancedZippelSeparated
fire7_nb0_rank2331,Automatic,1,ok,429.581,52,2,1,0,0,2305843009213693967:49;2305843009213693973:3,Symbolica_default,cached_powers_Q,6,15,0.303,BalancedZippelSeparated
fire7_nb0_rank2332,Automatic,1,ok,250.701,50,2,1,0,0,2305843009213693967:47;2305843009213693973:3,Symbolica_default,cached_powers_Q,16,2,0.270,BalancedZippelSeparated
fire7_nb0_rank2333,Automatic,1,ok,344.921,66,2,1,0,0,2305843009213693967:63;2305843009213693973:3,Symbolica_default,cached_powers_Q,18,6,0.279,BalancedZippelSeparated
fire7_nb0_rank2334,Automatic,1,ok,478.972,66,2,1,0,0,2305843009213693967:63;2305843009213693973:3,Symbolica_default,cached_powers_Q,12,12,0.431,BalancedZippelSeparated
fire7_nb0_rank2335,Automatic,1,ok,346.491,73,2,1,0,0,2305843009213693967:70;2305843009213693973:3,Symbolica_default,cached_powers_Q,15,6,0.254,BalancedZippelSeparated
fire7_nb0_rank2336,Automatic,1,ok,384.941,55,2,1,0,0,2305843009213693967:52;2305843009213693973:3,Symbolica_default,cached_powers_Q,15,6,0.253,BalancedZippelSeparated
fire7_nb0_rank2337,Automatic,1,ok,294.301,52,2,1,0,0,2305843009213693967:49;2305843009213693973:3,Symbolica_default,cached_powers_Q,6,15,0.218,BalancedZippelSeparated
fire7_nb0_rank2338,Automatic,1,ok,560.392,52,2,1,0,0,2305843009213693967:49;2305843009213693973:3,Symbolica_default,cached_powers_Q,16,2,0.574,BalancedZippelSeparated
fire7_nb0_rank2339,Automatic,1,ok,414.882,53,2,1,0,0,2305843009213693967:50;2305843009213693973:3,Symbolica_default,cached_powers_Q,15,6,0.330,BalancedZippelSeparated
fire7_nb0_rank2340,Automatic,1,ok,541.411,52,2,1,0,0,2305843009213693967:49;2305843009213693973:3,Symbolica_default,cached_powers_Q,6,15,0.295,BalancedZippelSeparated
fire7_nb0_rank2341,Automatic,1,ok,376.372,55,2,1,0,0,2305843009213693967:52;2305843009213693973:3,Symbolica_default,cached_powers_Q,4,15,0.304,BalancedZippelSeparated
fire7_nb0_rank2342,Automatic,1,ok,338.682,54,2,1,0,0,2305843009213693967:51;2305843009213693973:3,Symbolica_default,cached_powers_Q,15,4,0.303,BalancedZippelSeparated
fire7_nb0_rank2343,Automatic,1,ok,454.882,55,2,1,0,0,2305843009213693967:52;2305843009213693973:3,Symbolica_default,cached_powers_Q,5,9,0.298,BalancedZippelSeparated
fire7_nb0_rank2344,Automatic,1,ok,258.671,55,2,1,0,0,2305843009213693967:52;2305843009213693973:3,Symbolica_default,cached_powers_Q,4,15,0.325,BalancedZippelSeparated
fire7_nb0_rank2345,Automatic,1,ok,357.421,54,2,1,0,0,2305843009213693967:51;2305843009213693973:3,Symbolica_default,cached_powers_Q,6,15,0.372,BalancedZippelSeparated
fire7_nb0_rank2346,Automatic,1,ok,260.691,54,2,1,0,0,2305843009213693967:51;2305843009213693973:3,Symbolica_default,cached_powers_Q,12,6,0.399,BalancedZippelSeparated
fire7_nb0_rank2347,Automatic,1,ok,275.332,57,2,1,0,0,2305843009213693967:54;2305843009213693973:3,Symbolica_default,cached_powers_Q,15,6,0.254,BalancedZippelSeparated
fire7_nb0_rank2348,Automatic,1,ok,488.542,54,2,1,0,0,2305843009213693967:51;2305843009213693973:3,Symbolica_default,cached_powers_Q,15,4,0.487,BalancedZippelSeparated
fire7_nb0_rank2349,Automatic,1,ok,576.242,49,2,1,0,0,2305843009213693967:46;2305843009213693973:3,Symbolica_default,cached_powers_Q,12,6,0.585,BalancedZippelSeparated
fire7_nb0_rank2350,Automatic,1,ok,414.922,49,2,1,0,0,2305843009213693967:46;2305843009213693973:3,Symbolica_default,cached_powers_Q,12,6,0.337,BalancedZippelSeparated
fire7_nb0_rank2351,Automatic,1,ok,534.152,85,2,1,0,0,2305843009213693967:82;2305843009213693973:3,Symbolica_default,cached_powers_Q,14,7,0.314,BalancedZippelSeparated
fire7_nb0_rank2352,Automatic,1,ok,269.011,60,2,1,0,0,2305843009213693967:57;2305843009213693973:3,Symbolica_default,cached_powers_Q,12,10,0.289,BalancedZippelSeparated
fire7_nb0_rank2353,Automatic,1,ok,405.691,52,2,1,0,0,2305843009213693967:49;2305843009213693973:3,Symbolica_default,cached_powers_Q,10,6,0.270,BalancedZippelSeparated
fire7_nb0_rank2354,Automatic,1,ok,413.042,55,2,1,0,0,2305843009213693967:52;2305843009213693973:3,Symbolica_default,cached_powers_Q,12,6,0.271,BalancedZippelSeparated
fire7_nb0_rank2355,Automatic,1,ok,375.421,52,2,1,0,0,2305843009213693967:49;2305843009213693973:3,Symbolica_default,cached_powers_Q,15,3,0.259,BalancedZippelSeparated
fire7_nb0_rank2356,Automatic,1,ok,408.601,87,2,1,0,0,2305843009213693967:84;2305843009213693973:3,Symbolica_default,cached_powers_Q,12,9,0.354,BalancedZippelSeparated
fire7_nb0_rank2357,Automatic,1,ok,742.233,87,2,1,0,0,2305843009213693967:84;2305843009213693973:3,Symbolica_default,cached_powers_Q,12,9,0.340,BalancedZippelSeparated
fire7_nb0_rank2358,Automatic,1,ok,392.581,51,2,1,0,0,2305843009213693967:48;2305843009213693973:3,Symbolica_default,cached_powers_Q,12,9,0.388,BalancedZippelSeparated
fire7_nb0_rank2359,Automatic,1,ok,512.962,54,2,1,0,0,2305843009213693967:51;2305843009213693973:3,Symbolica_default,cached_powers_Q,12,6,0.365,BalancedZippelSeparated
fire7_nb0_rank2360,Automatic,1,ok,375.621,89,2,1,0,0,2305843009213693967:86;2305843009213693973:3,Symbolica_default,cached_powers_Q,14,7,0.235,BalancedZippelSeparated
fire7_nb0_rank2361,Automatic,1,ok,243.681,62,2,1,0,0,2305843009213693967:59;2305843009213693973:3,Symbolica_default,cached_powers_Q,18,2,0.256,BalancedZippelSeparated
fire7_nb0_rank2362,Automatic,1,ok,321.411,55,2,1,0,0,2305843009213693967:52;2305843009213693973:3,Symbolica_default,cached_powers_Q,15,6,0.306,BalancedZippelSeparated
fire7_nb0_rank2363,Automatic,1,ok,404.811,56,2,1,0,0,2305843009213693967:53;2305843009213693973:3,Symbolica_default,cached_powers_Q,12,6,0.442,BalancedZippelSeparated
fire7_nb0_rank2364,Automatic,1,ok,310.851,65,2,1,0,0,2305843009213693967:62;2305843009213693973:3,Symbolica_default,cached_powers_Q,16,4,0.288,BalancedZippelSeparated
fire7_nb0_rank2365,Automatic,1,ok,615.373,56,2,1,0,0,2305843009213693967:53;2305843009213693973:3,Symbolica_default,cached_powers_Q,10,4,0.409,BalancedZippelSeparated
fire7_nb0_rank2366,Automatic,1,ok,454.661,51,2,1,0,0,2305843009213693967:48;2305843009213693973:3,Symbolica_default,cached_powers_Q,15,3,0.298,BalancedZippelSeparated
fire7_nb0_rank2367,Automatic,1,ok,511.482,47,2,1,0,0,2305843009213693967:44;2305843009213693973:3,Symbolica_default,cached_powers_Q,15,4,0.408,BalancedZippelSeparated
fire7_nb0_rank2368,Automatic,1,ok,292.731,48,2,1,0,0,2305843009213693967:45;2305843009213693973:3,Symbolica_default,cached_powers_Q,10,8,0.307,BalancedZippelSeparated
fire7_nb0_rank2369,Automatic,1,ok,391.542,69,2,1,0,0,2305843009213693967:66;2305843009213693973:3,Symbolica_default,cached_powers_Q,16,3,0.202,BalancedZippelSeparated
fire7_nb0_rank2370,Automatic,1,ok,262.741,57,2,1,0,0,2305843009213693967:54;2305843009213693973:3,Symbolica_default,cached_powers_Q,15,6,0.283,BalancedZippelSeparated
fire7_nb0_rank2371,Automatic,1,ok,251.031,49,2,1,0,0,2305843009213693967:46;2305843009213693973:3,Symbolica_default,cached_powers_Q,15,6,0.413,BalancedZippelSeparated
fire7_nb0_rank2372,Automatic,1,ok,258.821,49,2,1,0,0,2305843009213693967:46;2305843009213693973:3,Symbolica_default,cached_powers_Q,10,8,0.501,BalancedZippelSeparated
fire7_nb0_rank2373,Automatic,1,ok,430.091,49,2,1,0,0,2305843009213693967:46;2305843009213693973:3,Symbolica_default,cached_powers_Q,10,8,0.310,BalancedZippelSeparated
fire7_nb0_rank2374,Automatic,1,ok,605.702,57,2,1,0,0,2305843009213693967:54;2305843009213693973:3,Symbolica_default,cached_powers_Q,13,4,0.575,BalancedZippelSeparated
fire7_nb0_rank2375,Automatic,1,ok,522.062,69,2,1,0,0,2305843009213693967:66;2305843009213693973:3,Symbolica_default,cached_powers_Q,18,3,0.388,BalancedZippelSeparated
fire7_nb0_rank2376,Automatic,1,ok,536.553,58,2,1,0,0,2305843009213693967:55;2305843009213693973:3,Symbolica_default,cached_powers_Q,10,4,0.503,BalancedZippelSeparated
fire7_nb0_rank2377,Automatic,1,ok,246.141,48,2,1,0,0,2305843009213693967:45;2305843009213693973:3,Symbolica_default,cached_powers_Q,16,2,0.386,BalancedZippelSeparated
fire7_nb0_rank2378,Automatic,1,ok,372.541,49,2,1,0,0,2305843009213693967:46;2305843009213693973:3,Symbolica_default,cached_powers_Q,16,2,0.254,BalancedZippelSeparated
fire7_nb0_rank2379,Automatic,1,ok,364.382,51,2,1,0,0,2305843009213693967:48;2305843009213693973:3,Symbolica_default,cached_powers_Q,16,2,0.248,BalancedZippelSeparated
fire7_nb0_rank2380,Automatic,1,ok,288.981,52,2,1,0,0,2305843009213693967:49;2305843009213693973:3,Symbolica_default,cached_powers_Q,11,9,0.200,BalancedZippelSeparated
fire7_nb0_rank2381,Automatic,1,ok,283.661,52,2,1,0,0,2305843009213693967:49;2305843009213693973:3,Symbolica_default,cached_powers_Q,11,9,0.249,BalancedZippelSeparated
fire7_nb0_rank2382,Automatic,1,ok,254.001,50,2,1,0,0,2305843009213693967:47;2305843009213693973:3,Symbolica_default,cached_powers_Q,16,2,0.233,BalancedZippelSeparated
fire7_nb0_rank2383,Automatic,1,ok,516.152,62,2,1,0,0,2305843009213693967:59;2305843009213693973:3,Symbolica_default,cached_powers_Q,9,12,0.574,BalancedZippelSeparated
fire7_nb0_rank2384,Automatic,1,ok,308.551,48,2,1,0,0,2305843009213693967:45;2305843009213693973:3,Symbolica_default,cached_powers_Q,16,2,0.447,BalancedZippelSeparated
fire7_nb0_rank2385,Automatic,1,ok,528.273,78,2,1,0,0,2305843009213693967:75;2305843009213693973:3,Symbolica_default,cached_powers_Q,16,6,0.273,BalancedZippelSeparated
fire7_nb0_rank2386,Automatic,1,ok,343.382,90,2,1,0,0,2305843009213693967:87;2305843009213693973:3,Symbolica_default,cached_powers_Q,12,7,0.234,BalancedZippelSeparated
fire7_nb0_rank2387,Automatic,1,ok,220.491,56,2,1,0,0,2305843009213693967:53;2305843009213693973:3,Symbolica_default,cached_powers_Q,10,4,0.252,BalancedZippelSeparated
fire7_nb0_rank2388,Automatic,1,ok,382.872,78,2,1,0,0,2305843009213693967:75;2305843009213693973:3,Symbolica_default,cached_powers_Q,16,6,0.277,BalancedZippelSeparated
fire7_nb0_rank2389,Automatic,1,ok,271.101,55,2,1,0,0,2305843009213693967:52;2305843009213693973:3,Symbolica_default,cached_powers_Q,4,15,0.426,BalancedZippelSeparated
fire7_nb0_rank2390,Automatic,1,ok,348.351,47,2,1,0,0,2305843009213693967:44;2305843009213693973:3,Symbolica_default,cached_powers_Q,12,6,0.384,BalancedZippelSeparated
fire7_nb0_rank2391,Automatic,1,ok,535.462,47,2,1,0,0,2305843009213693967:44;2305843009213693973:3,Symbolica_default,cached_powers_Q,12,6,0.570,BalancedZippelSeparated
fire7_nb0_rank2392,Automatic,1,ok,238.541,53,2,1,0,0,2305843009213693967:50;2305843009213693973:3,Symbolica_default,cached_powers_Q,4,15,0.320,BalancedZippelSeparated
fire7_nb0_rank2393,Automatic,1,ok,424.842,47,2,1,0,0,2305843009213693967:44;2305843009213693973:3,Symbolica_default,cached_powers_Q,12,6,0.239,BalancedZippelSeparated
fire7_nb0_rank2394,Automatic,1,ok,240.121,55,2,1,0,0,2305843009213693967:52;2305843009213693973:3,Symbolica_default,cached_powers_Q,4,15,0.347,BalancedZippelSeparated
fire7_nb0_rank2395,Automatic,1,ok,237.411,47,2,1,0,0,2305843009213693967:44;2305843009213693973:3,Symbolica_default,cached_powers_Q,12,6,0.267,BalancedZippelSeparated
fire7_nb0_rank2396,Automatic,1,ok,310.212,60,2,1,0,0,2305843009213693967:57;2305843009213693973:3,Symbolica_default,cached_powers_Q,15,6,0.251,BalancedZippelSeparated
fire7_nb0_rank2397,Automatic,1,ok,498.082,58,2,1,0,0,2305843009213693967:55;2305843009213693973:3,Symbolica_default,cached_powers_Q,15,6,0.271,BalancedZippelSeparated
fire7_nb0_rank2398,Automatic,1,ok,588.703,58,2,1,0,0,2305843009213693967:55;2305843009213693973:3,Symbolica_default,cached_powers_Q,15,6,0.372,BalancedZippelSeparated
fire7_nb0_rank2399,Automatic,1,ok,622.503,63,2,1,0,0,2305843009213693967:60;2305843009213693973:3,Symbolica_default,cached_powers_Q,18,3,0.352,BalancedZippelSeparated
fire7_nb0_rank2400,Automatic,1,ok,376.652,55,2,1,0,0,2305843009213693967:52;2305843009213693973:3,Symbolica_default,cached_powers_Q,15,6,0.381,BalancedZippelSeparated
fire7_nb0_rank2401,Automatic,1,ok,550.842,50,2,1,0,0,2305843009213693967:47;2305843009213693973:3,Symbolica_default,cached_powers_Q,10,6,0.392,BalancedZippelSeparated
fire7_nb0_rank2402,Automatic,1,ok,468.802,58,2,1,0,0,2305843009213693967:55;2305843009213693973:3,Symbolica_default,cached_powers_Q,15,3,0.265,BalancedZippelSeparated
fire7_nb0_rank2403,Automatic,1,ok,418.252,59,2,1,0,0,2305843009213693967:56;2305843009213693973:3,Symbolica_default,cached_powers_Q,15,4,0.459,BalancedZippelSeparated
fire7_nb0_rank2404,Automatic,1,ok,701.333,60,2,1,0,0,2305843009213693967:57;2305843009213693973:3,Symbolica_default,cached_powers_Q,11,10,0.567,BalancedZippelSeparated
fire7_nb0_rank2405,Automatic,1,ok,347.881,53,2,1,0,0,2305843009213693967:50;2305843009213693973:3,Symbolica_default,cached_powers_Q,12,6,0.337,BalancedZippelSeparated
fire7_nb0_rank2406,Automatic,1,ok,340.611,58,2,1,0,0,2305843009213693967:55;2305843009213693973:3,Symbolica_default,cached_powers_Q,15,3,0.431,BalancedZippelSeparated
fire7_nb0_rank2407,Automatic,1,ok,285.561,53,2,1,0,0,2305843009213693967:50;2305843009213693973:3,Symbolica_default,cached_powers_Q,12,6,0.411,BalancedZippelSeparated
fire7_nb0_rank2408,Automatic,1,ok,323.431,56,2,1,0,0,2305843009213693967:53;2305843009213693973:3,Symbolica_default,cached_powers_Q,15,3,0.258,BalancedZippelSeparated
fire7_nb0_rank2409,Automatic,1,ok,623.103,49,2,1,0,0,2305843009213693967:46;2305843009213693973:3,Symbolica_default,cached_powers_Q,12,9,0.406,BalancedZippelSeparated
fire7_nb0_rank2410,Automatic,1,ok,573.593,49,2,1,0,0,2305843009213693967:46;2305843009213693973:3,Symbolica_default,cached_powers_Q,12,9,0.409,BalancedZippelSeparated
fire7_nb0_rank2411,Automatic,1,ok,473.402,53,2,1,0,0,2305843009213693967:50;2305843009213693973:3,Symbolica_default,cached_powers_Q,12,6,0.460,BalancedZippelSeparated
fire7_nb0_rank2412,Automatic,1,ok,209.031,52,2,1,0,0,2305843009213693967:49;2305843009213693973:3,Symbolica_default,cached_powers_Q,12,4,0.394,BalancedZippelSeparated
fire7_nb0_rank2413,Automatic,1,ok,318.242,56,2,1,0,0,2305843009213693967:53;2305843009213693973:3,Symbolica_default,cached_powers_Q,15,6,0.248,BalancedZippelSeparated
fire7_nb0_rank2414,Automatic,1,ok,291.190,56,2,1,0,0,2305843009213693967:53;2305843009213693973:3,Symbolica_default,cached_powers_Q,15,6,0.279,BalancedZippelSeparated
fire7_nb0_rank2415,Automatic,1,ok,239.541,50,2,1,0,0,2305843009213693967:47;2305843009213693973:3,Symbolica_default,cached_powers_Q,10,6,0.265,BalancedZippelSeparated
fire7_nb0_rank2416,Automatic,1,ok,329.431,50,2,1,0,0,2305843009213693967:47;2305843009213693973:3,Symbolica_default,cached_powers_Q,10,6,0.355,BalancedZippelSeparated
fire7_nb0_rank2417,Automatic,1,ok,645.403,53,2,1,0,0,2305843009213693967:50;2305843009213693973:3,Symbolica_default,cached_powers_Q,12,6,0.382,BalancedZippelSeparated
fire7_nb0_rank2418,Automatic,1,ok,639.063,51,2,1,0,0,2305843009213693967:48;2305843009213693973:3,Symbolica_default,cached_powers_Q,12,9,0.365,BalancedZippelSeparated
fire7_nb0_rank2419,Automatic,1,ok,330.261,67,2,1,0,0,2305843009213693967:64;2305843009213693973:3,Symbolica_default,cached_powers_Q,5,12,0.546,BalancedZippelSeparated
fire7_nb0_rank2420,Automatic,1,ok,216.440,52,2,1,0,0,2305843009213693967:49;2305843009213693973:3,Symbolica_default,cached_powers_Q,6,10,0.281,BalancedZippelSeparated
fire7_nb0_rank2421,Automatic,1,ok,406.512,52,2,1,0,0,2305843009213693967:49;2305843009213693973:3,Symbolica_default,cached_powers_Q,6,10,0.254,BalancedZippelSeparated
fire7_nb0_rank2422,Automatic,1,ok,434.742,53,2,1,0,0,2305843009213693967:50;2305843009213693973:3,Symbolica_default,cached_powers_Q,12,6,0.403,BalancedZippelSeparated
fire7_nb0_rank2423,Automatic,1,ok,277.082,53,2,1,0,0,2305843009213693967:50;2305843009213693973:3,Symbolica_default,cached_powers_Q,12,6,0.267,BalancedZippelSeparated
fire7_nb0_rank2424,Automatic,1,ok,307.101,57,2,1,0,0,2305843009213693967:54;2305843009213693973:3,Symbolica_default,cached_powers_Q,15,4,0.312,BalancedZippelSeparated
fire7_nb0_rank2425,Automatic,1,ok,343.232,73,2,1,0,0,2305843009213693967:70;2305843009213693973:3,Symbolica_default,cached_powers_Q,16,5,0.513,BalancedZippelSeparated
fire7_nb0_rank2426,Automatic,1,ok,476.252,55,2,1,0,0,2305843009213693967:52;2305843009213693973:3,Symbolica_default,cached_powers_Q,15,6,0.313,BalancedZippelSeparated
fire7_nb0_rank2427,Automatic,1,ok,634.582,53,2,1,0,0,2305843009213693967:50;2305843009213693973:3,Symbolica_default,cached_powers_Q,9,6,0.415,BalancedZippelSeparated
fire7_nb0_rank2428,Automatic,1,ok,472.412,50,2,1,0,0,2305843009213693967:47;2305843009213693973:3,Symbolica_default,cached_powers_Q,15,2,0.309,BalancedZippelSeparated
fire7_nb0_rank2429,Automatic,1,ok,498.231,60,2,1,0,0,2305843009213693967:57;2305843009213693973:3,Symbolica_default,cached_powers_Q,15,6,0.277,BalancedZippelSeparated
fire7_nb0_rank2430,Automatic,1,ok,587.543,57,2,1,0,0,2305843009213693967:54;2305843009213693973:3,Symbolica_default,cached_powers_Q,3,18,0.424,BalancedZippelSeparated
fire7_nb0_rank2431,Automatic,1,ok,332.761,51,2,1,0,0,2305843009213693967:48;2305843009213693973:3,Symbolica_default,cached_powers_Q,15,4,0.288,BalancedZippelSeparated
fire7_nb0_rank2432,Automatic,1,ok,647.973,60,2,1,0,0,2305843009213693967:57;2305843009213693973:3,Symbolica_default,cached_powers_Q,15,6,0.379,BalancedZippelSeparated
fire7_nb0_rank2433,Automatic,1,ok,364.751,58,2,1,0,0,2305843009213693967:55;2305843009213693973:3,Symbolica_default,cached_powers_Q,15,6,0.486,BalancedZippelSeparated
fire7_nb0_rank2434,Automatic,1,ok,262.711,54,2,1,0,0,2305843009213693967:51;2305843009213693973:3,Symbolica_default,cached_powers_Q,11,4,0.331,BalancedZippelSeparated
fire7_nb0_rank2435,Automatic,1,ok,400.591,52,2,1,0,0,2305843009213693967:49;2305843009213693973:3,Symbolica_default,cached_powers_Q,12,6,0.265,BalancedZippelSeparated
fire7_nb0_rank2436,Automatic,1,ok,226.361,51,2,1,0,0,2305843009213693967:48;2305843009213693973:3,Symbolica_default,cached_powers_Q,15,4,0.269,BalancedZippelSeparated
fire7_nb0_rank2437,Automatic,1,ok,298.692,50,2,1,0,0,2305843009213693967:47;2305843009213693973:3,Symbolica_default,cached_powers_Q,5,8,0.366,BalancedZippelSeparated
fire7_nb0_rank2438,Automatic,1,ok,313.332,50,2,1,0,0,2305843009213693967:47;2305843009213693973:3,Symbolica_default,cached_powers_Q,5,8,0.324,BalancedZippelSeparated
fire7_nb0_rank2439,Automatic,1,ok,584.302,52,2,1,0,0,2305843009213693967:49;2305843009213693973:3,Symbolica_default,cached_powers_Q,12,6,0.372,BalancedZippelSeparated
fire7_nb0_rank2440,Automatic,1,ok,433.712,49,2,1,0,0,2305843009213693967:46;2305843009213693973:3,Symbolica_default,cached_powers_Q,12,6,0.286,BalancedZippelSeparated
fire7_nb0_rank2441,Automatic,1,ok,282.432,58,2,1,0,0,2305843009213693967:55;2305843009213693973:3,Symbolica_default,cached_powers_Q,9,10,0.256,BalancedZippelSeparated
fire7_nb0_rank2442,Automatic,1,ok,241.061,56,2,1,0,0,2305843009213693967:53;2305843009213693973:3,Symbolica_default,cached_powers_Q,9,10,0.343,BalancedZippelSeparated
fire7_nb0_rank2443,Automatic,1,ok,379.931,49,2,1,0,0,2305843009213693967:46;2305843009213693973:3,Symbolica_default,cached_powers_Q,4,12,0.218,BalancedZippelSeparated
fire7_nb0_rank2444,Automatic,1,ok,262.641,52,2,1,0,0,2305843009213693967:49;2305843009213693973:3,Symbolica_default,cached_powers_Q,9,6,0.225,BalancedZippelSeparated
fire7_nb0_rank2445,Automatic,1,ok,421.822,58,2,1,0,0,2305843009213693967:55;2305843009213693973:3,Symbolica_default,cached_powers_Q,9,10,0.370,BalancedZippelSeparated
fire7_nb0_rank2446,Automatic,1,ok,206.811,45,2,1,0,0,2305843009213693967:42;2305843009213693973:3,Symbolica_default,cached_powers_Q,12,3,0.268,BalancedZippelSeparated
fire7_nb0_rank2447,Automatic,1,ok,531.723,45,2,1,0,0,2305843009213693967:42;2305843009213693973:3,Symbolica_default,cached_powers_Q,12,6,0.320,BalancedZippelSeparated
fire7_nb0_rank2448,Automatic,1,ok,393.761,45,2,1,0,0,2305843009213693967:42;2305843009213693973:3,Symbolica_default,cached_powers_Q,12,6,0.510,BalancedZippelSeparated
fire7_nb0_rank2449,Automatic,1,ok,521.222,45,2,1,0,0,2305843009213693967:42;2305843009213693973:3,Symbolica_default,cached_powers_Q,12,6,0.378,BalancedZippelSeparated
fire7_nb0_rank2450,Automatic,1,ok,316.372,51,2,1,0,0,2305843009213693967:48;2305843009213693973:3,Symbolica_default,cached_powers_Q,4,15,0.418,BalancedZippelSeparated
fire7_nb0_rank2451,Automatic,1,ok,393.001,53,2,1,0,0,2305843009213693967:50;2305843009213693973:3,Symbolica_default,cached_powers_Q,4,15,0.577,BalancedZippelSeparated
fire7_nb0_rank2452,Automatic,1,ok,581.723,72,2,1,0,0,2305843009213693967:69;2305843009213693973:3,Symbolica_default,cached_powers_Q,14,4,0.349,BalancedZippelSeparated
fire7_nb0_rank2453,Automatic,1,ok,588.452,76,2,1,0,0,2305843009213693967:73;2305843009213693973:3,Symbolica_default,cached_powers_Q,9,9,0.381,BalancedZippelSeparated
fire7_nb0_rank2454,Automatic,1,ok,289.981,62,2,1,0,0,2305843009213693967:59;2305843009213693973:3,Symbolica_default,cached_powers_Q,4,14,0.378,BalancedZippelSeparated
fire7_nb0_rank2455,Automatic,1,ok,290.332,47,2,1,0,0,2305843009213693967:44;2305843009213693973:3,Symbolica_default,cached_powers_Q,12,6,0.227,BalancedZippelSeparated
fire7_nb0_rank2456,Automatic,1,ok,285.001,51,2,1,0,0,2305843009213693967:48;2305843009213693973:3,Symbolica_default,cached_powers_Q,10,9,0.380,BalancedZippelSeparated
fire7_nb0_rank2457,Automatic,1,ok,329.961,71,2,1,0,0,2305843009213693967:68;2305843009213693973:3,Symbolica_default,cached_powers_Q,4,14,0.264,BalancedZippelSeparated
fire7_nb0_rank2458,Automatic,1,ok,267.241,81,2,1,0,0,2305843009213693967:78;2305843009213693973:3,Symbolica_default,cached_powers_Q,17,2,0.264,BalancedZippelSeparated
fire7_nb0_rank2459,Automatic,1,ok,331.491,54,2,1,0,0,2305843009213693967:51;2305843009213693973:3,Symbolica_default,cached_powers_Q,12,6,0.264,BalancedZippelSeparated
fire7_nb0_rank2460,Automatic,1,ok,370.092,63,2,1,0,0,2305843009213693967:60;2305843009213693973:3,Symbolica_default,cached_powers_Q,4,12,0.514,BalancedZippelSeparated
fire7_nb0_rank2461,Automatic,1,ok,532.192,52,2,1,0,0,2305843009213693967:49;2305843009213693973:3,Symbolica_default,cached_powers_Q,6,10,0.341,BalancedZippelSeparated
fire7_nb0_rank2462,Automatic,1,ok,500.313,54,2,1,0,0,2305843009213693967:51;2305843009213693973:3,Symbolica_default,cached_powers_Q,14,6,0.292,BalancedZippelSeparated
fire7_nb0_rank2463,Automatic,1,ok,301.641,49,2,1,0,0,2305843009213693967:46;2305843009213693973:3,Symbolica_default,cached_powers_Q,12,9,0.316,BalancedZippelSeparated
fire7_nb0_rank2464,Automatic,1,ok,231.191,51,2,1,0,0,2305843009213693967:48;2305843009213693973:3,Symbolica_default,cached_powers_Q,4,15,0.243,BalancedZippelSeparated
fire7_nb0_rank2465,Automatic,1,ok,217.211,53,2,1,0,0,2305843009213693967:50;2305843009213693973:3,Symbolica_default,cached_powers_Q,4,15,0.266,BalancedZippelSeparated
fire7_nb0_rank2466,Automatic,1,ok,307.382,60,2,1,0,0,2305843009213693967:57;2305843009213693973:3,Symbolica_default,cached_powers_Q,9,12,0.264,BalancedZippelSeparated
fire7_nb0_rank2467,Automatic,1,ok,229.811,52,2,1,0,0,2305843009213693967:49;2305843009213693973:3,Symbolica_default,cached_powers_Q,10,3,0.387,BalancedZippelSeparated
fire7_nb0_rank2468,Automatic,1,ok,261.041,45,2,1,0,0,2305843009213693967:42;2305843009213693973:3,Symbolica_default,cached_powers_Q,12,6,0.301,BalancedZippelSeparated
fire7_nb0_rank2469,Automatic,1,ok,297.021,70,2,1,0,0,2305843009213693967:67;2305843009213693973:3,Symbolica_default,cached_powers_Q,16,2,0.281,BalancedZippelSeparated
fire7_nb0_rank2470,Automatic,1,ok,272.071,49,2,1,0,0,2305843009213693967:46;2305843009213693973:3,Symbolica_default,cached_powers_Q,10,6,0.442,BalancedZippelSeparated
fire7_nb0_rank2471,Automatic,1,ok,497.912,68,2,1,0,0,2305843009213693967:65;2305843009213693973:3,Symbolica_default,cached_powers_Q,16,3,0.289,BalancedZippelSeparated
fire7_nb0_rank2472,Automatic,1,ok,369.001,62,2,1,0,0,2305843009213693967:59;2305843009213693973:3,Symbolica_default,cached_powers_Q,10,10,0.442,BalancedZippelSeparated
fire7_nb0_rank2473,Automatic,1,ok,295.791,55,2,1,0,0,2305843009213693967:52;2305843009213693973:3,Symbolica_default,cached_powers_Q,10,2,0.413,BalancedZippelSeparated
fire7_nb0_rank2474,Automatic,1,ok,254.961,55,2,1,0,0,2305843009213693967:52;2305843009213693973:3,Symbolica_default,cached_powers_Q,10,2,0.284,BalancedZippelSeparated
fire7_nb0_rank2475,Automatic,1,ok,251.541,52,2,1,0,0,2305843009213693967:49;2305843009213693973:3,Symbolica_default,cached_powers_Q,5,9,0.484,BalancedZippelSeparated
fire7_nb0_rank2476,Automatic,1,ok,342.121,56,2,1,0,0,2305843009213693967:53;2305843009213693973:3,Symbolica_default,cached_powers_Q,9,10,0.401,BalancedZippelSeparated
fire7_nb0_rank2477,Automatic,1,ok,297.181,52,2,1,0,0,2305843009213693967:49;2305843009213693973:3,Symbolica_default,cached_powers_Q,12,6,0.242,BalancedZippelSeparated
fire7_nb0_rank2478,Automatic,1,ok,286.461,54,2,1,0,0,2305843009213693967:51;2305843009213693973:3,Symbolica_default,cached_powers_Q,9,10,0.315,BalancedZippelSeparated
fire7_nb0_rank2479,Automatic,1,ok,262.181,59,2,1,0,0,2305843009213693967:56;2305843009213693973:3,Symbolica_default,cached_powers_Q,4,10,0.428,BalancedZippelSeparated
fire7_nb0_rank2480,Automatic,1,ok,293.021,47,2,1,0,0,2305843009213693967:44;2305843009213693973:3,Symbolica_default,cached_powers_Q,12,6,0.310,BalancedZippelSeparated
fire7_nb0_rank2481,Automatic,1,ok,267.671,49,2,1,0,0,2305843009213693967:46;2305843009213693973:3,Symbolica_default,cached_powers_Q,12,3,0.435,BalancedZippelSeparated
fire7_nb0_rank2482,Automatic,1,ok,260.141,56,2,1,0,0,2305843009213693967:53;2305843009213693973:3,Symbolica_default,cached_powers_Q,9,10,0.246,BalancedZippelSeparated
fire7_nb0_rank2483,Automatic,1,ok,290.412,48,2,1,0,0,2305843009213693967:45;2305843009213693973:3,Symbolica_default,cached_powers_Q,12,4,0.360,BalancedZippelSeparated
fire7_nb0_rank2484,Automatic,1,ok,246.631,65,2,1,0,0,2305843009213693967:62;2305843009213693973:3,Symbolica_default,cached_powers_Q,4,12,0.241,BalancedZippelSeparated
fire7_nb0_rank2485,Automatic,1,ok,246.331,53,2,1,0,0,2305843009213693967:50;2305843009213693973:3,Symbolica_default,cached_powers_Q,15,2,0.256,BalancedZippelSeparated
fire7_nb0_rank2486,Automatic,1,ok,269.091,51,2,1,0,0,2305843009213693967:48;2305843009213693973:3,Symbolica_default,cached_powers_Q,12,4,0.273,BalancedZippelSeparated
fire7_nb0_rank2487,Automatic,1,ok,412.432,55,2,1,0,0,2305843009213693967:52;2305843009213693973:3,Symbolica_default,cached_powers_Q,10,2,0.264,BalancedZippelSeparated
fire7_nb0_rank2488,Automatic,1,ok,283.011,51,2,1,0,0,2305843009213693967:48;2305843009213693973:3,Symbolica_default,cached_powers_Q,8,6,0.303,BalancedZippelSeparated
fire7_nb0_rank2489,Automatic,1,ok,455.972,51,2,1,0,0,2305843009213693967:48;2305843009213693973:3,Symbolica_default,cached_powers_Q,8,6,0.268,BalancedZippelSeparated
fire7_nb0_rank2490,Automatic,1,ok,264.311,61,2,1,0,0,2305843009213693967:58;2305843009213693973:3,Symbolica_default,cached_powers_Q,5,10,0.274,BalancedZippelSeparated
fire7_nb0_rank2491,Automatic,1,ok,347.042,50,2,1,0,0,2305843009213693967:47;2305843009213693973:3,Symbolica_default,cached_powers_Q,12,6,0.413,BalancedZippelSeparated
fire7_nb0_rank2492,Automatic,1,ok,255.901,54,2,1,0,0,2305843009213693967:51;2305843009213693973:3,Symbolica_default,cached_powers_Q,9,10,0.249,BalancedZippelSeparated
fire7_nb0_rank2493,Automatic,1,ok,213.931,44,2,1,0,0,2305843009213693967:41;2305843009213693973:3,Symbolica_default,cached_powers_Q,12,4,0.264,BalancedZippelSeparated
fire7_nb0_rank2494,Automatic,1,ok,292.281,88,2,1,0,0,2305843009213693967:85;2305843009213693973:3,Symbolica_default,cached_powers_Q,16,2,0.233,BalancedZippelSeparated
fire7_nb0_rank2495,Automatic,1,ok,295.991,56,2,1,0,0,2305843009213693967:53;2305843009213693973:3,Symbolica_default,cached_powers_Q,9,10,0.401,BalancedZippelSeparated
fire7_nb0_rank2496,Automatic,1,ok,366.012,48,2,1,0,0,2305843009213693967:45;2305843009213693973:3,Symbolica_default,cached_powers_Q,9,6,0.227,BalancedZippelSeparated
fire7_nb0_rank2497,Automatic,1,ok,296.011,54,2,1,0,0,2305843009213693967:51;2305843009213693973:3,Symbolica_default,cached_powers_Q,9,10,0.324,BalancedZippelSeparated
fire7_nb0_rank2498,Automatic,1,ok,562.643,73,2,1,0,0,2305843009213693967:70;2305843009213693973:3,Symbolica_default,cached_powers_Q,14,5,0.310,BalancedZippelSeparated
fire7_nb0_rank2499,Automatic,1,ok,292.041,48,2,1,0,0,2305843009213693967:45;2305843009213693973:3,Symbolica_default,cached_powers_Q,10,4,0.285,BalancedZippelSeparated
fire7_nb0_rank2500,Automatic,1,ok,540.471,50,2,1,0,0,2305843009213693967:47;2305843009213693973:3,Symbolica_default,cached_powers_Q,12,6,0.301,BalancedZippelSeparated
fire7_nb0_rank2501,Automatic,1,ok,311.721,47,2,1,0,0,2305843009213693967:44;2305843009213693973:3,Symbolica_default,cached_powers_Q,9,9,0.319,BalancedZippelSeparated
fire7_nb0_rank2502,Automatic,1,ok,207.121,44,2,1,0,0,2305843009213693967:41;2305843009213693973:3,Symbolica_default,cached_powers_Q,12,2,0.285,BalancedZippelSeparated
fire7_nb0_rank2503,Automatic,1,ok,372.581,69,2,1,0,0,2305843009213693967:66;2305843009213693973:3,Symbolica_default,cached_powers_Q,14,3,0.469,BalancedZippelSeparated
fire7_nb0_rank2504,Automatic,1,ok,231.671,48,2,1,0,0,2305843009213693967:45;2305843009213693973:3,Symbolica_default,cached_powers_Q,5,8,0.440,BalancedZippelSeparated
fire7_nb0_rank2505,Automatic,1,ok,235.621,48,2,1,0,0,2305843009213693967:45;2305843009213693973:3,Symbolica_default,cached_powers_Q,5,8,0.288,BalancedZippelSeparated
fire7_nb0_rank2506,Automatic,1,ok,331.571,45,2,1,0,0,2305843009213693967:42;2305843009213693973:3,Symbolica_default,cached_powers_Q,12,2,0.287,BalancedZippelSeparated
fire7_nb0_rank2507,Automatic,1,ok,245.111,53,2,1,0,0,2305843009213693967:50;2305843009213693973:3,Symbolica_default,cached_powers_Q,4,15,0.347,BalancedZippelSeparated
fire7_nb0_rank2508,Automatic,1,ok,233.391,51,2,1,0,0,2305843009213693967:48;2305843009213693973:3,Symbolica_default,cached_powers_Q,4,15,0.349,BalancedZippelSeparated
fire7_nb0_rank2509,Automatic,1,ok,295.261,53,2,1,0,0,2305843009213693967:50;2305843009213693973:3,Symbolica_default,cached_powers_Q,4,15,0.252,BalancedZippelSeparated
fire7_nb0_rank2510,Automatic,1,ok,288.390,51,2,1,0,0,2305843009213693967:48;2305843009213693973:3,Symbolica_default,cached_powers_Q,10,8,0.250,BalancedZippelSeparated
fire7_nb0_rank2511,Automatic,1,ok,264.891,49,2,1,0,0,2305843009213693967:46;2305843009213693973:3,Symbolica_default,cached_powers_Q,12,4,0.245,BalancedZippelSeparated
fire7_nb0_rank2512,Automatic,1,ok,323.702,54,2,1,0,0,2305843009213693967:51;2305843009213693973:3,Symbolica_default,cached_powers_Q,9,10,0.309,BalancedZippelSeparated
fire7_nb0_rank2513,Automatic,1,ok,280.752,49,2,1,0,0,2305843009213693967:46;2305843009213693973:3,Symbolica_default,cached_powers_Q,12,3,0.463,BalancedZippelSeparated
fire7_nb0_rank2514,Automatic,1,ok,420.032,54,2,1,0,0,2305843009213693967:51;2305843009213693973:3,Symbolica_default,cached_powers_Q,5,9,0.281,BalancedZippelSeparated
fire7_nb0_rank2515,Automatic,1,ok,259.421,46,2,1,0,0,2305843009213693967:43;2305843009213693973:3,Symbolica_default,cached_powers_Q,12,2,0.298,BalancedZippelSeparated
fire7_nb0_rank2516,Automatic,1,ok,383.221,47,2,1,0,0,2305843009213693967:44;2305843009213693973:3,Symbolica_default,cached_powers_Q,8,9,0.275,BalancedZippelSeparated
fire7_nb0_rank2517,Automatic,1,ok,380.472,54,2,1,0,0,2305843009213693967:51;2305843009213693973:3,Symbolica_default,cached_powers_Q,14,4,0.263,BalancedZippelSeparated
fire7_nb0_rank2518,Automatic,1,ok,469.432,56,2,1,0,0,2305843009213693967:53;2305843009213693973:3,Symbolica_default,cached_powers_Q,9,10,0.261,BalancedZippelSeparated
fire7_nb0_rank2519,Automatic,1,ok,376.662,50,2,1,0,0,2305843009213693967:47;2305843009213693973:3,Symbolica_default,cached_powers_Q,12,4,0.253,BalancedZippelSeparated
fire7_nb0_rank2520,Automatic,1,ok,433.662,54,2,1,0,0,2305843009213693967:51;2305843009213693973:3,Symbolica_default,cached_powers_Q,9,10,0.254,BalancedZippelSeparated
fire7_nb0_rank2521,Automatic,1,ok,244.481,46,2,1,0,0,2305843009213693967:43;2305843009213693973:3,Symbolica_default,cached_powers_Q,12,2,0.422,BalancedZippelSeparated
fire7_nb0_rank2522,Automatic,1,ok,301.491,47,2,1,0,0,2305843009213693967:44;2305843009213693973:3,Symbolica_default,cached_powers_Q,12,4,0.291,BalancedZippelSeparated
fire7_nb0_rank2523,Automatic,1,ok,309.681,50,2,1,0,0,2305843009213693967:47;2305843009213693973:3,Symbolica_default,cached_powers_Q,12,4,0.265,BalancedZippelSeparated
fire7_nb0_rank2524,Automatic,1,ok,195.291,51,2,1,0,0,2305843009213693967:48;2305843009213693973:3,Symbolica_default,cached_powers_Q,10,2,0.254,BalancedZippelSeparated
fire7_nb0_rank2525,Automatic,1,ok,332.192,46,2,1,0,0,2305843009213693967:43;2305843009213693973:3,Symbolica_default,cached_powers_Q,12,4,0.254,BalancedZippelSeparated
fire7_nb0_rank2526,Automatic,1,ok,339.102,55,2,1,0,0,2305843009213693967:52;2305843009213693973:3,Symbolica_default,cached_powers_Q,7,5,0.259,BalancedZippelSeparated
fire7_nb0_rank2527,Automatic,1,ok,372.141,46,2,1,0,0,2305843009213693967:43;2305843009213693973:3,Symbolica_default,cached_powers_Q,9,9,0.243,BalancedZippelSeparated
fire7_nb0_rank2528,Automatic,1,ok,279.191,54,2,1,0,0,2305843009213693967:51;2305843009213693973:3,Symbolica_default,cached_powers_Q,9,10,0.250,BalancedZippelSeparated
fire7_nb0_rank2529,Automatic,1,ok,253.541,47,2,1,0,0,2305843009213693967:44;2305843009213693973:3,Symbolica_default,cached_powers_Q,12,3,0.378,BalancedZippelSeparated
fire7_nb0_rank2530,Automatic,1,ok,239.311,46,2,1,0,0,2305843009213693967:43;2305843009213693973:3,Symbolica_default,cached_powers_Q,10,4,0.282,BalancedZippelSeparated
fire7_nb0_rank2531,Automatic,1,ok,417.962,46,2,1,0,0,2305843009213693967:43;2305843009213693973:3,Symbolica_default,cached_powers_Q,10,4,0.289,BalancedZippelSeparated
fire7_nb0_rank2532,Automatic,1,ok,248.781,46,2,1,0,0,2305843009213693967:43;2305843009213693973:3,Symbolica_default,cached_powers_Q,12,2,0.280,BalancedZippelSeparated
fire7_nb0_rank2533,Automatic,1,ok,249.711,64,2,1,0,0,2305843009213693967:61;2305843009213693973:3,Symbolica_default,cached_powers_Q,3,14,0.487,BalancedZippelSeparated
fire7_nb0_rank2534,Automatic,1,ok,377.482,46,2,1,0,0,2305843009213693967:43;2305843009213693973:3,Symbolica_default,cached_powers_Q,8,6,0.407,BalancedZippelSeparated
fire7_nb0_rank2535,Automatic,1,ok,236.052,64,2,1,0,0,2305843009213693967:61;2305843009213693973:3,Symbolica_default,cached_powers_Q,3,14,0.225,BalancedZippelSeparated
fire7_nb0_rank2536,Automatic,1,ok,215.231,44,2,1,0,0,2305843009213693967:41;2305843009213693973:3,Symbolica_default,cached_powers_Q,9,4,0.394,BalancedZippelSeparated
fire7_nb0_rank2537,Automatic,1,ok,357.852,46,2,1,0,0,2305843009213693967:43;2305843009213693973:3,Symbolica_default,cached_powers_Q,8,6,0.253,BalancedZippelSeparated
fire7_nb0_rank2538,Automatic,1,ok,195.231,57,2,1,0,0,2305843009213693967:54;2305843009213693973:3,Symbolica_default,cached_powers_Q,5,6,0.234,BalancedZippelSeparated
fire7_nb0_rank2539,Automatic,1,ok,382.972,60,2,1,0,0,2305843009213693967:57;2305843009213693973:3,Symbolica_default,cached_powers_Q,12,6,0.252,BalancedZippelSeparated
fire7_nb0_rank2540,Automatic,1,ok,258.041,46,2,1,0,0,2305843009213693967:43;2305843009213693973:3,Symbolica_default,cached_powers_Q,9,4,0.260,BalancedZippelSeparated
fire7_nb0_rank2541,Automatic,1,ok,397.771,57,2,1,0,0,2305843009213693967:54;2305843009213693973:3,Symbolica_default,cached_powers_Q,4,10,0.289,BalancedZippelSeparated
fire7_nb0_rank2542,Automatic,1,ok,274.372,60,2,1,0,0,2305843009213693967:57;2305843009213693973:3,Symbolica_default,cached_powers_Q,12,6,0.294,BalancedZippelSeparated
fire7_nb0_rank2543,Automatic,1,ok,273.671,45,2,1,0,0,2305843009213693967:42;2305843009213693973:3,Symbolica_default,cached_powers_Q,10,4,0.305,BalancedZippelSeparated
fire7_nb0_rank2544,Automatic,1,ok,269.421,45,2,1,0,0,2305843009213693967:42;2305843009213693973:3,Symbolica_default,cached_powers_Q,10,4,0.397,BalancedZippelSeparated
fire7_nb0_rank2545,Automatic,1,ok,256.362,50,2,1,0,0,2305843009213693967:47;2305843009213693973:3,Symbolica_default,cached_powers_Q,8,6,0.266,BalancedZippelSeparated
fire7_nb0_rank2546,Automatic,1,ok,272.841,50,2,1,0,0,2305843009213693967:47;2305843009213693973:3,Symbolica_default,cached_powers_Q,8,6,0.272,BalancedZippelSeparated
fire7_nb0_rank2547,Automatic,1,ok,308.421,54,2,1,0,0,2305843009213693967:51;2305843009213693973:3,Symbolica_default,cached_powers_Q,10,6,0.252,BalancedZippelSeparated
fire7_nb0_rank2548,Automatic,1,ok,333.272,44,2,1,0,0,2305843009213693967:41;2305843009213693973:3,Symbolica_default,cached_powers_Q,8,6,0.431,BalancedZippelSeparated
fire7_nb0_rank2549,Automatic,1,ok,241.731,57,2,1,0,0,2305843009213693967:54;2305843009213693973:3,Symbolica_default,cached_powers_Q,12,3,0.253,BalancedZippelSeparated
fire7_nb0_rank2550,Automatic,1,ok,486.752,73,2,1,0,0,2305843009213693967:70;2305843009213693973:3,Symbolica_default,cached_powers_Q,9,7,0.286,BalancedZippelSeparated
fire7_nb0_rank2551,Automatic,1,ok,287.071,67,2,1,0,0,2305843009213693967:64;2305843009213693973:3,Symbolica_default,cached_powers_Q,9,7,0.279,BalancedZippelSeparated
fire7_nb0_rank2552,Automatic,1,ok,399.132,46,2,1,0,0,2305843009213693967:43;2305843009213693973:3,Symbolica_default,cached_powers_Q,9,6,0.287,BalancedZippelSeparated
fire7_nb0_rank2553,Automatic,1,ok,211.100,47,2,1,0,0,2305843009213693967:44;2305843009213693973:3,Symbolica_default,cached_powers_Q,10,3,0.262,BalancedZippelSeparated
fire7_nb0_rank2554,Automatic,1,ok,227.321,46,2,1,0,0,2305843009213693967:43;2305843009213693973:3,Symbolica_default,cached_powers_Q,11,2,0.390,BalancedZippelSeparated
fire7_nb0_rank2555,Automatic,1,ok,273.132,50,2,1,0,0,2305843009213693967:47;2305843009213693973:3,Symbolica_default,cached_powers_Q,8,6,0.351,BalancedZippelSeparated
fire7_nb0_rank2556,Automatic,1,ok,230.091,47,2,1,0,0,2305843009213693967:44;2305843009213693973:3,Symbolica_default,cached_powers_Q,10,3,0.336,BalancedZippelSeparated
fire7_nb0_rank2557,Automatic,1,ok,256.701,47,2,1,0,0,2305843009213693967:44;2305843009213693973:3,Symbolica_default,cached_powers_Q,10,3,0.382,BalancedZippelSeparated
fire7_nb0_rank2558,Automatic,1,ok,218.611,43,2,1,0,0,2305843009213693967:40;2305843009213693973:3,Symbolica_default,cached_powers_Q,12,3,0.292,BalancedZippelSeparated
fire7_nb0_rank2559,Automatic,1,ok,424.052,43,2,1,0,0,2305843009213693967:40;2305843009213693973:3,Symbolica_default,cached_powers_Q,12,3,0.271,BalancedZippelSeparated
fire7_nb0_rank2560,Automatic,1,ok,210.441,47,2,1,0,0,2305843009213693967:44;2305843009213693973:3,Symbolica_default,cached_powers_Q,10,3,0.295,BalancedZippelSeparated
fire7_nb0_rank2561,Automatic,1,ok,278.611,43,2,1,0,0,2305843009213693967:40;2305843009213693973:3,Symbolica_default,cached_powers_Q,12,3,0.365,BalancedZippelSeparated
fire7_nb0_rank2562,Automatic,1,ok,199.471,47,2,1,0,0,2305843009213693967:44;2305843009213693973:3,Symbolica_default,cached_powers_Q,4,9,0.385,BalancedZippelSeparated
fire7_nb0_rank2563,Automatic,1,ok,404.941,51,2,1,0,0,2305843009213693967:48;2305843009213693973:3,Symbolica_default,cached_powers_Q,6,10,0.338,BalancedZippelSeparated
fire7_nb0_rank2564,Automatic,1,ok,365.742,45,2,1,0,0,2305843009213693967:42;2305843009213693973:3,Symbolica_default,cached_powers_Q,12,4,0.265,BalancedZippelSeparated
fire7_nb0_rank2565,Automatic,1,ok,505.922,51,2,1,0,0,2305843009213693967:48;2305843009213693973:3,Symbolica_default,cached_powers_Q,6,10,0.310,BalancedZippelSeparated
fire7_nb0_rank2566,Automatic,1,ok,274.762,61,2,1,0,0,2305843009213693967:58;2305843009213693973:3,Symbolica_default,cached_powers_Q,4,12,0.276,BalancedZippelSeparated
fire7_nb0_rank2567,Automatic,1,ok,258.161,46,2,1,0,0,2305843009213693967:43;2305843009213693973:3,Symbolica_default,cached_powers_Q,9,6,0.305,BalancedZippelSeparated
fire7_nb0_rank2568,Automatic,1,ok,451.052,46,2,1,0,0,2305843009213693967:43;2305843009213693973:3,Symbolica_default,cached_powers_Q,9,6,0.317,BalancedZippelSeparated
fire7_nb0_rank2569,Automatic,1,ok,471.842,54,2,1,0,0,2305843009213693967:51;2305843009213693973:3,Symbolica_default,cached_powers_Q,10,4,0.298,BalancedZippelSeparated
fire7_nb0_rank2570,Automatic,1,ok,297.742,48,2,1,0,0,2305843009213693967:45;2305843009213693973:3,Symbolica_default,cached_powers_Q,10,3,0.262,BalancedZippelSeparated
fire7_nb0_rank2571,Automatic,1,ok,358.042,54,2,1,0,0,2305843009213693967:51;2305843009213693973:3,Symbolica_default,cached_powers_Q,9,10,0.506,BalancedZippelSeparated
fire7_nb0_rank2572,Automatic,1,ok,308.551,65,2,1,0,0,2305843009213693967:62;2305843009213693973:3,Symbolica_default,cached_powers_Q,9,7,0.411,BalancedZippelSeparated
fire7_nb0_rank2573,Automatic,1,ok,243.411,61,2,1,0,0,2305843009213693967:58;2305843009213693973:3,Symbolica_default,cached_powers_Q,4,12,0.364,BalancedZippelSeparated
fire7_nb0_rank2574,Automatic,1,ok,222.930,47,2,1,0,0,2305843009213693967:44;2305843009213693973:3,Symbolica_default,cached_powers_Q,10,3,0.315,BalancedZippelSeparated
fire7_nb0_rank2575,Automatic,1,ok,183.311,47,2,1,0,0,2305843009213693967:44;2305843009213693973:3,Symbolica_default,cached_powers_Q,10,3,0.360,BalancedZippelSeparated
fire7_nb0_rank2576,Automatic,1,ok,255.911,57,2,1,0,0,2305843009213693967:54;2305843009213693973:3,Symbolica_default,cached_powers_Q,5,6,0.323,BalancedZippelSeparated
fire7_nb0_rank2577,Automatic,1,ok,348.952,57,2,1,0,0,2305843009213693967:54;2305843009213693973:3,Symbolica_default,cached_powers_Q,5,6,0.245,BalancedZippelSeparated
fire7_nb0_rank2578,Automatic,1,ok,281.991,47,2,1,0,0,2305843009213693967:44;2305843009213693973:3,Symbolica_default,cached_powers_Q,9,9,0.292,BalancedZippelSeparated
fire7_nb0_rank2579,Automatic,1,ok,505.942,54,2,1,0,0,2305843009213693967:51;2305843009213693973:3,Symbolica_default,cached_powers_Q,9,10,0.277,BalancedZippelSeparated
fire7_nb0_rank2580,Automatic,1,ok,238.591,47,2,1,0,0,2305843009213693967:44;2305843009213693973:3,Symbolica_default,cached_powers_Q,4,9,0.270,BalancedZippelSeparated
fire7_nb0_rank2581,Automatic,1,ok,309.961,46,2,1,0,0,2305843009213693967:43;2305843009213693973:3,Symbolica_default,cached_powers_Q,9,6,0.418,BalancedZippelSeparated
fire7_nb0_rank2582,Automatic,1,ok,205.021,46,2,1,0,0,2305843009213693967:43;2305843009213693973:3,Symbolica_default,cached_powers_Q,4,9,0.251,BalancedZippelSeparated
fire7_nb0_rank2583,Automatic,1,ok,196.601,46,2,1,0,0,2305843009213693967:43;2305843009213693973:3,Symbolica_default,cached_powers_Q,4,9,0.247,BalancedZippelSeparated
fire7_nb0_rank2584,Automatic,1,ok,201.121,45,2,1,0,0,2305843009213693967:42;2305843009213693973:3,Symbolica_default,cached_powers_Q,10,3,0.401,BalancedZippelSeparated
fire7_nb0_rank2585,Automatic,1,ok,360.071,44,2,1,0,0,2305843009213693967:41;2305843009213693973:3,Symbolica_default,cached_powers_Q,8,6,0.252,BalancedZippelSeparated
fire7_nb0_rank2586,Automatic,1,ok,179.361,47,2,1,0,0,2305843009213693967:44;2305843009213693973:3,Symbolica_default,cached_powers_Q,4,9,0.228,BalancedZippelSeparated
fire7_nb0_rank2587,Automatic,1,ok,415.862,65,2,1,0,0,2305843009213693967:62;2305843009213693973:3,Symbolica_default,cached_powers_Q,12,5,0.269,BalancedZippelSeparated
fire7_nb0_rank2588,Automatic,1,ok,252.781,58,2,1,0,0,2305843009213693967:55;2305843009213693973:3,Symbolica_default,cached_powers_Q,12,4,0.433,BalancedZippelSeparated
fire7_nb0_rank2589,Automatic,1,ok,267.131,61,2,1,0,0,2305843009213693967:58;2305843009213693973:3,Symbolica_default,cached_powers_Q,4,12,0.265,BalancedZippelSeparated
fire7_nb0_rank2590,Automatic,1,ok,222.641,52,2,1,0,0,2305843009213693967:49;2305843009213693973:3,Symbolica_default,cached_powers_Q,5,9,0.294,BalancedZippelSeparated
fire7_nb0_rank2591,Automatic,1,ok,246.801,49,2,1,0,0,2305843009213693967:46;2305843009213693973:3,Symbolica_default,cached_powers_Q,8,6,0.295,BalancedZippelSeparated
fire7_nb0_rank2592,Automatic,1,ok,253.931,52,2,1,0,0,2305843009213693967:49;2305843009213693973:3,Symbolica_default,cached_powers_Q,5,9,0.446,BalancedZippelSeparated
fire7_nb0_rank2593,Automatic,1,ok,259.201,49,2,1,0,0,2305843009213693967:46;2305843009213693973:3,Symbolica_default,cached_powers_Q,8,6,0.317,BalancedZippelSeparated
fire7_nb0_rank2594,Automatic,1,ok,238.261,52,2,1,0,0,2305843009213693967:49;2305843009213693973:3,Symbolica_default,cached_powers_Q,5,9,0.290,BalancedZippelSeparated
fire7_nb0_rank2595,Automatic,1,ok,403.471,52,2,1,0,0,2305843009213693967:49;2305843009213693973:3,Symbolica_default,cached_powers_Q,5,9,0.268,BalancedZippelSeparated
fire7_nb0_rank2596,Automatic,1,ok,251.272,49,2,1,0,0,2305843009213693967:46;2305843009213693973:3,Symbolica_default,cached_powers_Q,8,6,0.276,BalancedZippelSeparated
fire7_nb0_rank2597,Automatic,1,ok,218.950,49,2,1,0,0,2305843009213693967:46;2305843009213693973:3,Symbolica_default,cached_powers_Q,8,6,0.261,BalancedZippelSeparated
fire7_nb0_rank2598,Automatic,1,ok,235.591,57,2,1,0,0,2305843009213693967:54;2305843009213693973:3,Symbolica_default,cached_powers_Q,12,4,0.374,BalancedZippelSeparated
fire7_nb0_rank2599,Automatic,1,ok,217.861,61,2,1,0,0,2305843009213693967:58;2305843009213693973:3,Symbolica_default,cached_powers_Q,4,12,0.255,BalancedZippelSeparated
fire7_nb0_rank2600,Automatic,1,ok,213.930,49,2,1,0,0,2305843009213693967:46;2305843009213693973:3,Symbolica_default,cached_powers_Q,8,6,0.392,BalancedZippelSeparated
fire7_nb0_rank2601,Automatic,1,ok,391.802,48,2,1,0,0,2305843009213693967:45;2305843009213693973:3,Symbolica_default,cached_powers_Q,8,6,0.240,BalancedZippelSeparated
fire7_nb0_rank2602,Automatic,1,ok,211.992,51,2,1,0,0,2305843009213693967:48;2305843009213693973:3,Symbolica_default,cached_powers_Q,3,10,0.208,BalancedZippelSeparated
fire7_nb0_rank2603,Automatic,1,ok,239.950,46,2,1,0,0,2305843009213693967:43;2305843009213693973:3,Symbolica_default,cached_powers_Q,8,3,0.378,BalancedZippelSeparated
fire7_nb0_rank2604,Automatic,1,ok,413.082,49,2,1,0,0,2305843009213693967:46;2305843009213693973:3,Symbolica_default,cached_powers_Q,8,6,0.235,BalancedZippelSeparated
fire7_nb0_rank2605,Automatic,1,ok,392.441,49,2,1,0,0,2305843009213693967:46;2305843009213693973:3,Symbolica_default,cached_powers_Q,8,6,0.263,BalancedZippelSeparated
fire7_nb0_rank2606,Automatic,1,ok,386.411,46,2,1,0,0,2305843009213693967:43;2305843009213693973:3,Symbolica_default,cached_powers_Q,8,3,0.230,BalancedZippelSeparated
fire7_nb0_rank2607,Automatic,1,ok,224.071,45,2,1,0,0,2305843009213693967:42;2305843009213693973:3,Symbolica_default,cached_powers_Q,9,4,0.399,BalancedZippelSeparated
fire7_nb0_rank2608,Automatic,1,ok,289.751,47,2,1,0,0,2305843009213693967:44;2305843009213693973:3,Symbolica_default,cached_powers_Q,8,6,0.442,BalancedZippelSeparated
fire7_nb0_rank2609,Automatic,1,ok,439.772,47,2,1,0,0,2305843009213693967:44;2305843009213693973:3,Symbolica_default,cached_powers_Q,8,6,0.275,BalancedZippelSeparated
fire7_nb0_rank2610,Automatic,1,ok,290.901,46,2,1,0,0,2305843009213693967:43;2305843009213693973:3,Symbolica_default,cached_powers_Q,12,2,0.431,BalancedZippelSeparated
fire7_nb0_rank2611,Automatic,1,ok,271.541,48,2,1,0,0,2305843009213693967:45;2305843009213693973:3,Symbolica_default,cached_powers_Q,12,2,0.271,BalancedZippelSeparated
fire7_nb0_rank2612,Automatic,1,ok,417.922,55,2,1,0,0,2305843009213693967:52;2305843009213693973:3,Symbolica_default,cached_powers_Q,12,2,0.264,BalancedZippelSeparated
fire7_nb0_rank2613,Automatic,1,ok,311.321,50,2,1,0,0,2305843009213693967:47;2305843009213693973:3,Symbolica_default,cached_powers_Q,6,4,0.246,BalancedZippelSeparated
fire7_nb0_rank2614,Automatic,1,ok,204.711,48,2,1,0,0,2305843009213693967:45;2305843009213693973:3,Symbolica_default,cached_powers_Q,4,9,0.388,BalancedZippelSeparated
fire7_nb0_rank2615,Automatic,1,ok,431.932,45,2,1,0,0,2305843009213693967:42;2305843009213693973:3,Symbolica_default,cached_powers_Q,11,3,0.350,BalancedZippelSeparated
fire7_nb0_rank2616,Automatic,1,ok,262.470,44,2,1,0,0,2305843009213693967:41;2305843009213693973:3,Symbolica_default,cached_powers_Q,12,2,0.269,BalancedZippelSeparated
fire7_nb0_rank2617,Automatic,1,ok,215.551,46,2,1,0,0,2305843009213693967:43;2305843009213693973:3,Symbolica_default,cached_powers_Q,4,9,0.298,BalancedZippelSeparated
fire7_nb0_rank2618,Automatic,1,ok,207.081,46,2,1,0,0,2305843009213693967:43;2305843009213693973:3,Symbolica_default,cached_powers_Q,4,9,0.414,BalancedZippelSeparated
fire7_nb0_rank2619,Automatic,1,ok,295.331,51,2,1,0,0,2305843009213693967:48;2305843009213693973:3,Symbolica_default,cached_powers_Q,6,10,0.232,BalancedZippelSeparated
fire7_nb0_rank2620,Automatic,1,ok,266.691,49,2,1,0,0,2305843009213693967:46;2305843009213693973:3,Symbolica_default,cached_powers_Q,6,10,0.263,BalancedZippelSeparated
fire7_nb0_rank2621,Automatic,1,ok,265.671,49,2,1,0,0,2305843009213693967:46;2305843009213693973:3,Symbolica_default,cached_powers_Q,10,8,0.252,BalancedZippelSeparated
fire7_nb0_rank2622,Automatic,1,ok,248.321,55,2,1,0,0,2305843009213693967:52;2305843009213693973:3,Symbolica_default,cached_powers_Q,7,4,0.379,BalancedZippelSeparated
fire7_nb0_rank2623,Automatic,1,ok,256.501,46,2,1,0,0,2305843009213693967:43;2305843009213693973:3,Symbolica_default,cached_powers_Q,4,9,0.363,BalancedZippelSeparated
fire7_nb0_rank2624,Automatic,1,ok,273.941,51,2,1,0,0,2305843009213693967:48;2305843009213693973:3,Symbolica_default,cached_powers_Q,12,4,0.237,BalancedZippelSeparated
fire7_nb0_rank2625,Automatic,1,ok,282.231,47,2,1,0,0,2305843009213693967:44;2305843009213693973:3,Symbolica_default,cached_powers_Q,9,6,0.277,BalancedZippelSeparated
fire7_nb0_rank2626,Automatic,1,ok,290.761,45,2,1,0,0,2305843009213693967:42;2305843009213693973:3,Symbolica_default,cached_powers_Q,9,6,0.225,BalancedZippelSeparated
fire7_nb0_rank2627,Automatic,1,ok,283.331,45,2,1,0,0,2305843009213693967:42;2305843009213693973:3,Symbolica_default,cached_powers_Q,9,6,0.431,BalancedZippelSeparated
fire7_nb0_rank2628,Automatic,1,ok,270.331,45,2,1,0,0,2305843009213693967:42;2305843009213693973:3,Symbolica_default,cached_powers_Q,12,2,0.477,BalancedZippelSeparated
fire7_nb0_rank2629,Automatic,1,ok,257.311,46,2,1,0,0,2305843009213693967:43;2305843009213693973:3,Symbolica_default,cached_powers_Q,6,6,0.315,BalancedZippelSeparated
fire7_nb0_rank2630,Automatic,1,ok,489.042,49,2,1,0,0,2305843009213693967:46;2305843009213693973:3,Symbolica_default,cached_powers_Q,6,8,0.285,BalancedZippelSeparated
fire7_nb0_rank2631,Automatic,1,ok,243.491,55,2,1,0,0,2305843009213693967:52;2305843009213693973:3,Symbolica_default,cached_powers_Q,4,10,0.305,BalancedZippelSeparated
fire7_nb0_rank2632,Automatic,1,ok,311.191,46,2,1,0,0,2305843009213693967:43;2305843009213693973:3,Symbolica_default,cached_powers_Q,7,3,0.420,BalancedZippelSeparated
fire7_nb0_rank2633,Automatic,1,ok,226.941,51,2,1,0,0,2305843009213693967:48;2305843009213693973:3,Symbolica_default,cached_powers_Q,10,4,0.216,BalancedZippelSeparated
fire7_nb0_rank2634,Automatic,1,ok,381.771,60,2,1,0,0,2305843009213693967:57;2305843009213693973:3,Symbolica_default,cached_powers_Q,10,6,0.192,BalancedZippelSeparated
fire7_nb0_rank2635,Automatic,1,ok,271.802,48,2,1,0,0,2305843009213693967:45;2305843009213693973:3,Symbolica_default,cached_powers_Q,10,4,0.203,BalancedZippelSeparated
fire7_nb0_rank2636,Automatic,1,ok,240.641,49,2,1,0,0,2305843009213693967:46;2305843009213693973:3,Symbolica_default,cached_powers_Q,8,4,0.375,BalancedZippelSeparated
fire7_nb0_rank2637,Automatic,1,ok,263.911,46,2,1,0,0,2305843009213693967:43;2305843009213693973:3,Symbolica_default,cached_powers_Q,7,3,0.342,BalancedZippelSeparated
fire7_nb0_rank2638,Automatic,1,ok,254.901,47,2,1,0,0,2305843009213693967:44;2305843009213693973:3,Symbolica_default,cached_powers_Q,8,6,0.253,BalancedZippelSeparated
fire7_nb0_rank2639,Automatic,1,ok,202.601,49,2,1,0,0,2305843009213693967:46;2305843009213693973:3,Symbolica_default,cached_powers_Q,3,10,0.275,BalancedZippelSeparated
fire7_nb0_rank2640,Automatic,1,ok,370.671,46,2,1,0,0,2305843009213693967:43;2305843009213693973:3,Symbolica_default,cached_powers_Q,4,9,0.254,BalancedZippelSeparated
fire7_nb0_rank2641,Automatic,1,ok,274.321,50,2,1,0,0,2305843009213693967:47;2305843009213693973:3,Symbolica_default,cached_powers_Q,4,10,0.373,BalancedZippelSeparated
fire7_nb0_rank2642,Automatic,1,ok,321.772,65,2,1,0,0,2305843009213693967:62;2305843009213693973:3,Symbolica_default,cached_powers_Q,12,3,0.269,BalancedZippelSeparated
fire7_nb0_rank2643,Automatic,1,ok,255.501,50,2,1,0,0,2305843009213693967:47;2305843009213693973:3,Symbolica_default,cached_powers_Q,10,4,0.203,BalancedZippelSeparated
fire7_nb0_rank2644,Automatic,1,ok,260.791,47,2,1,0,0,2305843009213693967:44;2305843009213693973:3,Symbolica_default,cached_powers_Q,9,6,0.226,BalancedZippelSeparated
fire7_nb0_rank2645,Automatic,1,ok,263.131,60,2,1,0,0,2305843009213693967:57;2305843009213693973:3,Symbolica_default,cached_powers_Q,9,5,0.222,BalancedZippelSeparated
fire7_nb0_rank2646,Automatic,1,ok,423.381,63,2,1,0,0,2305843009213693967:60;2305843009213693973:3,Symbolica_default,cached_powers_Q,12,5,0.344,BalancedZippelSeparated
fire7_nb0_rank2647,Automatic,1,ok,270.011,50,2,1,0,0,2305843009213693967:47;2305843009213693973:3,Symbolica_default,cached_powers_Q,4,10,0.466,BalancedZippelSeparated
fire7_nb0_rank2648,Automatic,1,ok,446.582,60,2,1,0,0,2305843009213693967:57;2305843009213693973:3,Symbolica_default,cached_powers_Q,9,5,0.263,BalancedZippelSeparated
fire7_nb0_rank2649,Automatic,1,ok,328.011,45,2,1,0,0,2305843009213693967:42;2305843009213693973:3,Symbolica_default,cached_powers_Q,9,6,0.393,BalancedZippelSeparated
fire7_nb0_rank2650,Automatic,1,ok,281.571,45,2,1,0,0,2305843009213693967:42;2305843009213693973:3,Symbolica_default,cached_powers_Q,9,6,0.225,BalancedZippelSeparated
fire7_nb0_rank2651,Automatic,1,ok,210.491,48,2,1,0,0,2305843009213693967:45;2305843009213693973:3,Symbolica_default,cached_powers_Q,9,3,0.212,BalancedZippelSeparated
fire7_nb0_rank2652,Automatic,1,ok,285.551,45,2,1,0,0,2305843009213693967:42;2305843009213693973:3,Symbolica_default,cached_powers_Q,9,6,0.223,BalancedZippelSeparated
fire7_nb0_rank2653,Automatic,1,ok,290.902,45,2,1,0,0,2305843009213693967:42;2305843009213693973:3,Symbolica_default,cached_powers_Q,9,6,0.359,BalancedZippelSeparated
fire7_nb0_rank2654,Automatic,1,ok,225.050,48,2,1,0,0,2305843009213693967:45;2305843009213693973:3,Symbolica_default,cached_powers_Q,9,3,0.173,BalancedZippelSeparated
fire7_nb0_rank2655,Automatic,1,ok,261.431,45,2,1,0,0,2305843009213693967:42;2305843009213693973:3,Symbolica_default,cached_powers_Q,9,6,0.194,BalancedZippelSeparated
fire7_nb0_rank2656,Automatic,1,ok,234.431,44,2,1,0,0,2305843009213693967:41;2305843009213693973:3,Symbolica_default,cached_powers_Q,6,6,0.228,BalancedZippelSeparated
fire7_nb0_rank2657,Automatic,1,ok,367.851,51,2,1,0,0,2305843009213693967:48;2305843009213693973:3,Symbolica_default,cached_powers_Q,12,4,0.215,BalancedZippelSeparated
fire7_nb0_rank2658,Automatic,1,ok,241.032,51,2,1,0,0,2305843009213693967:48;2305843009213693973:3,Symbolica_default,cached_powers_Q,12,4,0.284,BalancedZippelSeparated
fire7_nb0_rank2659,Automatic,1,ok,264.941,50,2,1,0,0,2305843009213693967:47;2305843009213693973:3,Symbolica_default,cached_powers_Q,4,10,0.441,BalancedZippelSeparated
fire7_nb0_rank2660,Automatic,1,ok,450.972,57,2,1,0,0,2305843009213693967:54;2305843009213693973:3,Symbolica_default,cached_powers_Q,10,5,0.291,BalancedZippelSeparated
fire7_nb0_rank2661,Automatic,1,ok,217.021,50,2,1,0,0,2305843009213693967:47;2305843009213693973:3,Symbolica_default,cached_powers_Q,6,10,0.271,BalancedZippelSeparated
fire7_nb0_rank2662,Automatic,1,ok,229.571,41,2,1,0,0,2305843009213693967:38;2305843009213693973:3,Symbolica_default,cached_powers_Q,9,2,0.260,BalancedZippelSeparated
fire7_nb0_rank2663,Automatic,1,ok,292.211,45,2,1,0,0,2305843009213693967:42;2305843009213693973:3,Symbolica_default,cached_powers_Q,9,2,0.398,BalancedZippelSeparated
fire7_nb0_rank2664,Automatic,1,ok,245.121,44,2,1,0,0,2305843009213693967:41;2305843009213693973:3,Symbolica_default,cached_powers_Q,5,8,0.313,BalancedZippelSeparated
fire7_nb0_rank2665,Automatic,1,ok,276.411,49,2,1,0,0,2305843009213693967:46;2305843009213693973:3,Symbolica_default,cached_powers_Q,9,3,0.466,BalancedZippelSeparated
fire7_nb0_rank2666,Automatic,1,ok,418.592,44,2,1,0,0,2305843009213693967:41;2305843009213693973:3,Symbolica_default,cached_powers_Q,5,8,0.256,BalancedZippelSeparated
fire7_nb0_rank2667,Automatic,1,ok,350.051,59,2,1,0,0,2305843009213693967:56;2305843009213693973:3,Symbolica_default,cached_powers_Q,10,5,0.442,BalancedZippelSeparated
fire7_nb0_rank2668,Automatic,1,ok,461.092,49,2,1,0,0,2305843009213693967:46;2305843009213693973:3,Symbolica_default,cached_powers_Q,9,3,0.272,BalancedZippelSeparated
fire7_nb0_rank2669,Automatic,1,ok,411.191,59,2,1,0,0,2305843009213693967:56;2305843009213693973:3,Symbolica_default,cached_powers_Q,10,5,0.265,BalancedZippelSeparated
fire7_nb0_rank2670,Automatic,1,ok,399.312,55,2,1,0,0,2305843009213693967:52;2305843009213693973:3,Symbolica_default,cached_powers_Q,10,5,0.244,BalancedZippelSeparated
fire7_nb0_rank2671,Automatic,1,ok,234.221,44,2,1,0,0,2305843009213693967:41;2305843009213693973:3,Symbolica_default,cached_powers_Q,10,4,0.181,BalancedZippelSeparated
fire7_nb0_rank2672,Automatic,1,ok,303.311,62,2,1,0,0,2305843009213693967:59;2305843009213693973:3,Symbolica_default,cached_powers_Q,9,6,0.223,BalancedZippelSeparated
fire7_nb0_rank2673,Automatic,1,ok,273.251,44,2,1,0,0,2305843009213693967:41;2305843009213693973:3,Symbolica_default,cached_powers_Q,9,6,0.278,BalancedZippelSeparated
fire7_nb0_rank2674,Automatic,1,ok,197.490,45,2,1,0,0,2305843009213693967:42;2305843009213693973:3,Symbolica_default,cached_powers_Q,8,2,0.270,BalancedZippelSeparated
fire7_nb0_rank2675,Automatic,1,ok,283.651,45,2,1,0,0,2305843009213693967:42;2305843009213693973:3,Symbolica_default,cached_powers_Q,9,6,0.276,BalancedZippelSeparated
fire7_nb0_rank2676,Automatic,1,ok,292.011,55,2,1,0,0,2305843009213693967:52;2305843009213693973:3,Symbolica_default,cached_powers_Q,10,5,0.304,BalancedZippelSeparated
fire7_nb0_rank2677,Automatic,1,ok,222.351,50,2,1,0,0,2305843009213693967:47;2305843009213693973:3,Symbolica_default,cached_powers_Q,6,3,0.412,BalancedZippelSeparated
fire7_nb0_rank2678,Automatic,1,ok,222.461,51,2,1,0,0,2305843009213693967:48;2305843009213693973:3,Symbolica_default,cached_powers_Q,3,10,0.223,BalancedZippelSeparated
fire7_nb0_rank2679,Automatic,1,ok,237.311,46,2,1,0,0,2305843009213693967:43;2305843009213693973:3,Symbolica_default,cached_powers_Q,6,6,0.199,BalancedZippelSeparated
fire7_nb0_rank2680,Automatic,1,ok,194.861,50,2,1,0,0,2305843009213693967:47;2305843009213693973:3,Symbolica_default,cached_powers_Q,10,3,0.228,BalancedZippelSeparated
fire7_nb0_rank2681,Automatic,1,ok,339.351,62,2,1,0,0,2305843009213693967:59;2305843009213693973:3,Symbolica_default,cached_powers_Q,10,5,0.254,BalancedZippelSeparated
fire7_nb0_rank2682,Automatic,1,ok,366.372,67,2,1,0,0,2305843009213693967:64;2305843009213693973:3,Symbolica_default,cached_powers_Q,9,4,0.328,BalancedZippelSeparated
fire7_nb0_rank2683,Automatic,1,ok,189.811,51,2,1,0,0,2305843009213693967:48;2305843009213693973:3,Symbolica_default,cached_powers_Q,3,10,0.349,BalancedZippelSeparated
fire7_nb0_rank2684,Automatic,1,ok,286.741,45,2,1,0,0,2305843009213693967:42;2305843009213693973:3,Symbolica_default,cached_powers_Q,9,6,0.213,BalancedZippelSeparated
fire7_nb0_rank2685,Automatic,1,ok,357.851,43,2,1,0,0,2305843009213693967:40;2305843009213693973:3,Symbolica_default,cached_powers_Q,9,6,0.334,BalancedZippelSeparated
fire7_nb0_rank2686,Automatic,1,ok,212.911,51,2,1,0,0,2305843009213693967:48;2305843009213693973:3,Symbolica_default,cached_powers_Q,12,2,0.264,BalancedZippelSeparated
fire7_nb0_rank2687,Automatic,1,ok,227.641,44,2,1,0,0,2305843009213693967:41;2305843009213693973:3,Symbolica_default,cached_powers_Q,4,9,0.240,BalancedZippelSeparated
fire7_nb0_rank2688,Automatic,1,ok,480.452,49,2,1,0,0,2305843009213693967:46;2305843009213693973:3,Symbolica_default,cached_powers_Q,10,4,0.307,BalancedZippelSeparated
fire7_nb0_rank2689,Automatic,1,ok,422.751,48,2,1,0,0,2305843009213693967:45;2305843009213693973:3,Symbolica_default,cached_powers_Q,8,6,0.265,BalancedZippelSeparated
fire7_nb0_rank2690,Automatic,1,ok,460.621,43,2,1,0,0,2305843009213693967:40;2305843009213693973:3,Symbolica_default,cached_powers_Q,9,6,0.262,BalancedZippelSeparated
fire7_nb0_rank2691,Automatic,1,ok,376.102,44,2,1,0,0,2305843009213693967:41;2305843009213693973:3,Symbolica_default,cached_powers_Q,4,9,0.300,BalancedZippelSeparated
fire7_nb0_rank2692,Automatic,1,ok,254.781,43,2,1,0,0,2305843009213693967:40;2305843009213693973:3,Symbolica_default,cached_powers_Q,9,6,0.439,BalancedZippelSeparated
fire7_nb0_rank2693,Automatic,1,ok,261.461,43,2,1,0,0,2305843009213693967:40;2305843009213693973:3,Symbolica_default,cached_powers_Q,9,6,0.462,BalancedZippelSeparated
fire7_nb0_rank2694,Automatic,1,ok,267.891,43,2,1,0,0,2305843009213693967:40;2305843009213693973:3,Symbolica_default,cached_powers_Q,6,6,0.259,BalancedZippelSeparated
fire7_nb0_rank2695,Automatic,1,ok,474.932,57,2,1,0,0,2305843009213693967:54;2305843009213693973:3,Symbolica_default,cached_powers_Q,12,3,0.295,BalancedZippelSeparated
fire7_nb0_rank2696,Automatic,1,ok,273.771,58,2,1,0,0,2305843009213693967:55;2305843009213693973:3,Symbolica_default,cached_powers_Q,9,5,0.301,BalancedZippelSeparated
fire7_nb0_rank2697,Automatic,1,ok,326.462,49,2,1,0,0,2305843009213693967:46;2305843009213693973:3,Symbolica_default,cached_powers_Q,10,4,0.461,BalancedZippelSeparated
fire7_nb0_rank2698,Automatic,1,ok,220.151,44,2,1,0,0,2305843009213693967:41;2305843009213693973:3,Symbolica_default,cached_powers_Q,4,9,0.282,BalancedZippelSeparated
fire7_nb0_rank2699,Automatic,1,ok,318.502,46,2,1,0,0,2305843009213693967:43;2305843009213693973:3,Symbolica_default,cached_powers_Q,6,6,0.294,BalancedZippelSeparated
fire7_nb0_rank2700,Automatic,1,ok,344.871,58,2,1,0,0,2305843009213693967:55;2305843009213693973:3,Symbolica_default,cached_powers_Q,9,5,0.409,BalancedZippelSeparated
fire7_nb0_rank2701,Automatic,1,ok,379.631,45,2,1,0,0,2305843009213693967:42;2305843009213693973:3,Symbolica_default,cached_powers_Q,9,2,0.274,BalancedZippelSeparated
fire7_nb0_rank2702,Automatic,1,ok,207.080,49,2,1,0,0,2305843009213693967:46;2305843009213693973:3,Symbolica_default,cached_powers_Q,6,4,0.291,BalancedZippelSeparated
fire7_nb0_rank2703,Automatic,1,ok,300.331,46,2,1,0,0,2305843009213693967:43;2305843009213693973:3,Symbolica_default,cached_powers_Q,6,6,0.266,BalancedZippelSeparated
fire7_nb0_rank2704,Automatic,1,ok,343.791,61,2,1,0,0,2305843009213693967:58;2305843009213693973:3,Symbolica_default,cached_powers_Q,10,5,0.386,BalancedZippelSeparated
fire7_nb0_rank2705,Automatic,1,ok,256.151,52,2,1,0,0,2305843009213693967:49;2305843009213693973:3,Symbolica_default,cached_powers_Q,9,3,0.301,BalancedZippelSeparated
fire7_nb0_rank2706,Automatic,1,ok,225.760,41,2,1,0,0,2305843009213693967:38;2305843009213693973:3,Symbolica_default,cached_powers_Q,8,3,0.473,BalancedZippelSeparated
fire7_nb0_rank2707,Automatic,1,ok,339.131,41,2,1,0,0,2305843009213693967:38;2305843009213693973:3,Symbolica_default,cached_powers_Q,8,3,0.283,BalancedZippelSeparated
fire7_nb0_rank2708,Automatic,1,ok,291.281,41,2,1,0,0,2305843009213693967:38;2305843009213693973:3,Symbolica_default,cached_powers_Q,9,4,0.471,BalancedZippelSeparated
fire7_nb0_rank2709,Automatic,1,ok,257.492,41,2,1,0,0,2305843009213693967:38;2305843009213693973:3,Symbolica_default,cached_powers_Q,9,4,0.274,BalancedZippelSeparated
fire7_nb0_rank2710,Automatic,1,ok,259.731,43,2,1,0,0,2305843009213693967:40;2305843009213693973:3,Symbolica_default,cached_powers_Q,9,3,0.306,BalancedZippelSeparated
fire7_nb0_rank2711,Automatic,1,ok,261.791,43,2,1,0,0,2305843009213693967:40;2305843009213693973:3,Symbolica_default,cached_powers_Q,6,6,0.298,BalancedZippelSeparated
fire7_nb0_rank2712,Automatic,1,ok,218.591,48,2,1,0,0,2305843009213693967:45;2305843009213693973:3,Symbolica_default,cached_powers_Q,4,6,0.286,BalancedZippelSeparated
fire7_nb0_rank2713,Automatic,1,ok,515.812,41,2,1,0,0,2305843009213693967:38;2305843009213693973:3,Symbolica_default,cached_powers_Q,9,4,0.269,BalancedZippelSeparated
fire7_nb0_rank2714,Automatic,1,ok,287.651,43,2,1,0,0,2305843009213693967:40;2305843009213693973:3,Symbolica_default,cached_powers_Q,9,6,0.433,BalancedZippelSeparated
fire7_nb0_rank2715,Automatic,1,ok,446.702,46,2,1,0,0,2305843009213693967:43;2305843009213693973:3,Symbolica_default,cached_powers_Q,6,6,0.275,BalancedZippelSeparated
fire7_nb0_rank2716,Automatic,1,ok,350.741,57,2,1,0,0,2305843009213693967:54;2305843009213693973:3,Symbolica_default,cached_powers_Q,8,5,0.441,BalancedZippelSeparated
fire7_nb0_rank2717,Automatic,1,ok,478.822,57,2,1,0,0,2305843009213693967:54;2305843009213693973:3,Symbolica_default,cached_powers_Q,8,5,0.273,BalancedZippelSeparated
fire7_nb0_rank2718,Automatic,1,ok,285.981,43,2,1,0,0,2305843009213693967:40;2305843009213693973:3,Symbolica_default,cached_powers_Q,9,6,0.278,BalancedZippelSeparated
fire7_nb0_rank2719,Automatic,1,ok,239.961,48,2,1,0,0,2305843009213693967:45;2305843009213693973:3,Symbolica_default,cached_powers_Q,4,6,0.257,BalancedZippelSeparated
fire7_nb0_rank2720,Automatic,1,ok,226.441,48,2,1,0,0,2305843009213693967:45;2305843009213693973:3,Symbolica_default,cached_powers_Q,4,6,0.303,BalancedZippelSeparated
fire7_nb0_rank2721,Automatic,1,ok,214.660,41,2,1,0,0,2305843009213693967:38;2305843009213693973:3,Symbolica_default,cached_powers_Q,9,2,0.299,BalancedZippelSeparated
fire7_nb0_rank2722,Automatic,1,ok,282.481,41,2,1,0,0,2305843009213693967:38;2305843009213693973:3,Symbolica_default,cached_powers_Q,9,2,0.195,BalancedZippelSeparated
fire7_nb0_rank2723,Automatic,1,ok,186.891,48,2,1,0,0,2305843009213693967:45;2305843009213693973:3,Symbolica_default,cached_powers_Q,4,6,0.202,BalancedZippelSeparated
fire7_nb0_rank2724,Automatic,1,ok,240.591,49,2,1,0,0,2305843009213693967:46;2305843009213693973:3,Symbolica_default,cached_powers_Q,8,3,0.367,BalancedZippelSeparated
fire7_nb0_rank2725,Automatic,1,ok,202.891,39,2,1,0,0,2305843009213693967:36;2305843009213693973:3,Symbolica_default,cached_powers_Q,9,4,0.360,BalancedZippelSeparated
fire7_nb0_rank2726,Automatic,1,ok,222.761,48,2,1,0,0,2305843009213693967:45;2305843009213693973:3,Symbolica_default,cached_powers_Q,4,6,0.339,BalancedZippelSeparated
fire7_nb0_rank2727,Automatic,1,ok,361.172,43,2,1,0,0,2305843009213693967:40;2305843009213693973:3,Symbolica_default,cached_powers_Q,9,6,0.255,BalancedZippelSeparated
fire7_nb0_rank2728,Automatic,1,ok,391.021,39,2,1,0,0,2305843009213693967:36;2305843009213693973:3,Symbolica_default,cached_powers_Q,9,4,0.245,BalancedZippelSeparated
fire7_nb0_rank2729,Automatic,1,ok,279.811,46,2,1,0,0,2305843009213693967:43;2305843009213693973:3,Symbolica_default,cached_powers_Q,6,6,0.274,BalancedZippelSeparated
fire7_nb0_rank2730,Automatic,1,ok,242.381,46,2,1,0,0,2305843009213693967:43;2305843009213693973:3,Symbolica_default,cached_powers_Q,6,6,0.280,BalancedZippelSeparated
fire7_nb0_rank2731,Automatic,1,ok,258.041,49,2,1,0,0,2305843009213693967:46;2305843009213693973:3,Symbolica_default,cached_powers_Q,10,4,0.283,BalancedZippelSeparated
fire7_nb0_rank2732,Automatic,1,ok,255.081,46,2,1,0,0,2305843009213693967:43;2305843009213693973:3,Symbolica_default,cached_powers_Q,6,6,0.231,BalancedZippelSeparated
fire7_nb0_rank2733,Automatic,1,ok,335.691,41,2,1,0,0,2305843009213693967:38;2305843009213693973:3,Symbolica_default,cached_powers_Q,8,2,0.245,BalancedZippelSeparated
fire7_nb0_rank2734,Automatic,1,ok,330.781,49,2,1,0,0,2305843009213693967:46;2305843009213693973:3,Symbolica_default,cached_powers_Q,3,10,0.215,BalancedZippelSeparated
fire7_nb0_rank2735,Automatic,1,ok,344.342,49,2,1,0,0,2305843009213693967:46;2305843009213693973:3,Symbolica_default,cached_powers_Q,3,10,0.225,BalancedZippelSeparated
fire7_nb0_rank2736,Automatic,1,ok,360.452,57,2,1,0,0,2305843009213693967:54;2305843009213693973:3,Symbolica_default,cached_powers_Q,11,3,0.238,BalancedZippelSeparated
fire7_nb0_rank2737,Automatic,1,ok,211.631,43,2,1,0,0,2305843009213693967:40;2305843009213693973:3,Symbolica_default,cached_powers_Q,3,9,0.209,BalancedZippelSeparated
fire7_nb0_rank2738,Automatic,1,ok,342.261,42,2,1,0,0,2305843009213693967:39;2305843009213693973:3,Symbolica_default,cached_powers_Q,8,2,0.280,BalancedZippelSeparated
fire7_nb0_rank2739,Automatic,1,ok,402.571,43,2,1,0,0,2305843009213693967:40;2305843009213693973:3,Symbolica_default,cached_powers_Q,3,9,0.303,BalancedZippelSeparated
fire7_nb0_rank2740,Automatic,1,ok,243.991,43,2,1,0,0,2305843009213693967:40;2305843009213693973:3,Symbolica_default,cached_powers_Q,3,9,0.277,BalancedZippelSeparated
fire7_nb0_rank2741,Automatic,1,ok,272.181,70,2,1,0,0,2305843009213693967:67;2305843009213693973:3,Symbolica_default,cached_powers_Q,8,4,0.460,BalancedZippelSeparated
fire7_nb0_rank2742,Automatic,1,ok,242.151,49,2,1,0,0,2305843009213693967:46;2305843009213693973:3,Symbolica_default,cached_powers_Q,10,2,0.297,BalancedZippelSeparated
fire7_nb0_rank2743,Automatic,1,ok,278.611,41,2,1,0,0,2305843009213693967:38;2305843009213693973:3,Symbolica_default,cached_powers_Q,8,2,0.269,BalancedZippelSeparated
fire7_nb0_rank2744,Automatic,1,ok,207.360,42,2,1,0,0,2305843009213693967:39;2305843009213693973:3,Symbolica_default,cached_powers_Q,8,2,0.294,BalancedZippelSeparated
fire7_nb0_rank2745,Automatic,1,ok,227.151,49,2,1,0,0,2305843009213693967:46;2305843009213693973:3,Symbolica_default,cached_powers_Q,3,10,0.308,BalancedZippelSeparated
fire7_nb0_rank2746,Automatic,1,ok,389.392,42,2,1,0,0,2305843009213693967:39;2305843009213693973:3,Symbolica_default,cached_powers_Q,4,6,0.293,BalancedZippelSeparated
fire7_nb0_rank2747,Automatic,1,ok,410.732,42,2,1,0,0,2305843009213693967:39;2305843009213693973:3,Symbolica_default,cached_powers_Q,4,6,0.309,BalancedZippelSeparated
fire7_nb0_rank2748,Automatic,1,ok,233.701,42,2,1,0,0,2305843009213693967:39;2305843009213693973:3,Symbolica_default,cached_powers_Q,4,6,0.285,BalancedZippelSeparated
fire7_nb0_rank2749,Automatic,1,ok,202.340,42,2,1,0,0,2305843009213693967:39;2305843009213693973:3,Symbolica_default,cached_powers_Q,4,6,0.268,BalancedZippelSeparated
fire7_nb0_rank2750,Automatic,1,ok,198.301,42,2,1,0,0,2305843009213693967:39;2305843009213693973:3,Symbolica_default,cached_powers_Q,4,6,0.257,BalancedZippelSeparated
fire7_nb0_rank2751,Automatic,1,ok,242.201,41,2,1,0,0,2305843009213693967:38;2305843009213693973:3,Symbolica_default,cached_powers_Q,8,2,0.232,BalancedZippelSeparated
fire7_nb0_rank2752,Automatic,1,ok,150.841,40,2,1,0,0,2305843009213693967:37;2305843009213693973:3,Symbolica_default,cached_powers_Q,9,1,0.201,BalancedZippelSeparated
fire7_nb0_rank2753,Automatic,1,ok,151.980,40,2,1,0,0,2305843009213693967:37;2305843009213693973:3,Symbolica_default,cached_powers_Q,9,1,0.203,BalancedZippelSeparated
fire7_nb0_rank2754,Automatic,1,ok,216.751,40,2,1,0,0,2305843009213693967:37;2305843009213693973:3,Symbolica_default,cached_powers_Q,8,4,0.233,BalancedZippelSeparated
fire7_nb0_rank2755,Automatic,1,ok,238.481,42,2,1,0,0,2305843009213693967:39;2305843009213693973:3,Symbolica_default,cached_powers_Q,9,4,0.227,BalancedZippelSeparated
fire7_nb0_rank2756,Automatic,1,ok,174.091,46,2,1,0,0,2305843009213693967:43;2305843009213693973:3,Symbolica_default,cached_powers_Q,5,3,0.218,BalancedZippelSeparated
fire7_nb0_rank2757,Automatic,1,ok,220.661,49,2,1,0,0,2305843009213693967:46;2305843009213693973:3,Symbolica_default,cached_powers_Q,3,10,0.222,BalancedZippelSeparated
fire7_nb0_rank2758,Automatic,1,ok,222.821,47,2,1,0,0,2305843009213693967:44;2305843009213693973:3,Symbolica_default,cached_powers_Q,3,10,0.278,BalancedZippelSeparated
fire7_nb0_rank2759,Automatic,1,ok,278.461,41,2,1,0,0,2305843009213693967:38;2305843009213693973:3,Symbolica_default,cached_powers_Q,8,2,0.275,BalancedZippelSeparated
fire7_nb0_rank2760,Automatic,1,ok,239.632,49,2,1,0,0,2305843009213693967:46;2305843009213693973:3,Symbolica_default,cached_powers_Q,3,10,0.241,BalancedZippelSeparated
fire7_nb0_rank2761,Automatic,1,ok,436.472,43,2,1,0,0,2305843009213693967:40;2305843009213693973:3,Symbolica_default,cached_powers_Q,6,6,0.243,BalancedZippelSeparated
fire7_nb0_rank2762,Automatic,1,ok,267.081,52,2,1,0,0,2305843009213693967:49;2305843009213693973:3,Symbolica_default,cached_powers_Q,10,3,0.238,BalancedZippelSeparated
fire7_nb0_rank2763,Automatic,1,ok,243.881,43,2,1,0,0,2305843009213693967:40;2305843009213693973:3,Symbolica_default,cached_powers_Q,6,6,0.274,BalancedZippelSeparated
fire7_nb0_rank2764,Automatic,1,ok,348.542,43,2,1,0,0,2305843009213693967:40;2305843009213693973:3,Symbolica_default,cached_powers_Q,6,6,0.245,BalancedZippelSeparated
fire7_nb0_rank2765,Automatic,1,ok,253.841,51,2,1,0,0,2305843009213693967:48;2305843009213693973:3,Symbolica_default,cached_powers_Q,8,5,0.210,BalancedZippelSeparated
fire7_nb0_rank2766,Automatic,1,ok,231.291,43,2,1,0,0,2305843009213693967:40;2305843009213693973:3,Symbolica_default,cached_powers_Q,6,6,0.218,BalancedZippelSeparated
fire7_nb0_rank2767,Automatic,1,ok,283.761,43,2,1,0,0,2305843009213693967:40;2305843009213693973:3,Symbolica_default,cached_powers_Q,6,6,0.296,BalancedZippelSeparated
fire7_nb0_rank2768,Automatic,1,ok,280.371,40,2,1,0,0,2305843009213693967:37;2305843009213693973:3,Symbolica_default,cached_powers_Q,8,4,0.276,BalancedZippelSeparated
fire7_nb0_rank2769,Automatic,1,ok,312.051,45,2,1,0,0,2305843009213693967:42;2305843009213693973:3,Symbolica_default,cached_powers_Q,8,6,0.434,BalancedZippelSeparated
fire7_nb0_rank2770,Automatic,1,ok,211.591,47,2,1,0,0,2305843009213693967:44;2305843009213693973:3,Symbolica_default,cached_powers_Q,4,4,0.471,BalancedZippelSeparated
fire7_nb0_rank2771,Automatic,1,ok,241.711,47,2,1,0,0,2305843009213693967:44;2305843009213693973:3,Symbolica_default,cached_powers_Q,4,4,0.273,BalancedZippelSeparated
fire7_nb0_rank2772,Automatic,1,ok,251.201,41,2,1,0,0,2305843009213693967:38;2305843009213693973:3,Symbolica_default,cached_powers_Q,8,2,0.281,BalancedZippelSeparated
fire7_nb0_rank2773,Automatic,1,ok,453.192,53,2,1,0,0,2305843009213693967:50;2305843009213693973:3,Symbolica_default,cached_powers_Q,8,5,0.260,BalancedZippelSeparated
fire7_nb0_rank2774,Automatic,1,ok,288.271,45,2,1,0,0,2305843009213693967:42;2305843009213693973:3,Symbolica_default,cached_powers_Q,9,6,0.487,BalancedZippelSeparated
fire7_nb0_rank2775,Automatic,1,ok,285.311,40,2,1,0,0,2305843009213693967:37;2305843009213693973:3,Symbolica_default,cached_powers_Q,9,4,0.261,BalancedZippelSeparated
fire7_nb0_rank2776,Automatic,1,ok,204.570,42,2,1,0,0,2305843009213693967:39;2305843009213693973:3,Symbolica_default,cached_powers_Q,6,6,0.252,BalancedZippelSeparated
fire7_nb0_rank2777,Automatic,1,ok,379.331,41,2,1,0,0,2305843009213693967:38;2305843009213693973:3,Symbolica_default,cached_powers_Q,8,2,0.341,BalancedZippelSeparated
fire7_nb0_rank2778,Automatic,1,ok,199.790,41,2,1,0,0,2305843009213693967:38;2305843009213693973:3,Symbolica_default,cached_powers_Q,6,6,0.255,BalancedZippelSeparated
fire7_nb0_rank2779,Automatic,1,ok,202.880,41,2,1,0,0,2305843009213693967:38;2305843009213693973:3,Symbolica_default,cached_powers_Q,6,6,0.359,BalancedZippelSeparated
fire7_nb0_rank2780,Automatic,1,ok,187.081,45,2,1,0,0,2305843009213693967:42;2305843009213693973:3,Symbolica_default,cached_powers_Q,5,4,0.261,BalancedZippelSeparated
fire7_nb0_rank2781,Automatic,1,ok,183.680,45,2,1,0,0,2305843009213693967:42;2305843009213693973:3,Symbolica_default,cached_powers_Q,5,4,0.266,BalancedZippelSeparated
fire7_nb0_rank2782,Automatic,1,ok,202.231,50,2,1,0,0,2305843009213693967:47;2305843009213693973:3,Symbolica_default,cached_powers_Q,5,2,0.244,BalancedZippelSeparated
fire7_nb0_rank2783,Automatic,1,ok,318.921,42,2,1,0,0,2305843009213693967:39;2305843009213693973:3,Symbolica_default,cached_powers_Q,4,6,0.266,BalancedZippelSeparated
fire7_nb0_rank2784,Automatic,1,ok,277.511,40,2,1,0,0,2305843009213693967:37;2305843009213693973:3,Symbolica_default,cached_powers_Q,9,4,0.246,BalancedZippelSeparated
fire7_nb0_rank2785,Automatic,1,ok,248.501,40,2,1,0,0,2305843009213693967:37;2305843009213693973:3,Symbolica_default,cached_powers_Q,9,4,0.233,BalancedZippelSeparated
fire7_nb0_rank2786,Automatic,1,ok,191.351,41,2,1,0,0,2305843009213693967:38;2305843009213693973:3,Symbolica_default,cached_powers_Q,8,2,0.332,BalancedZippelSeparated
fire7_nb0_rank2787,Automatic,1,ok,275.951,42,2,1,0,0,2305843009213693967:39;2305843009213693973:3,Symbolica_default,cached_powers_Q,10,1,0.242,BalancedZippelSeparated
fire7_nb0_rank2788,Automatic,1,ok,158.461,46,2,1,0,0,2305843009213693967:43;2305843009213693973:3,Symbolica_default,cached_powers_Q,4,3,0.236,BalancedZippelSeparated
fire7_nb0_rank2789,Automatic,1,ok,287.821,42,2,1,0,0,2305843009213693967:39;2305843009213693973:3,Symbolica_default,cached_powers_Q,9,3,0.411,BalancedZippelSeparated
fire7_nb0_rank2790,Automatic,1,ok,445.132,45,2,1,0,0,2305843009213693967:42;2305843009213693973:3,Symbolica_default,cached_powers_Q,8,6,0.271,BalancedZippelSeparated
fire7_nb0_rank2791,Automatic,1,ok,184.601,41,2,1,0,0,2305843009213693967:38;2305843009213693973:3,Symbolica_default,cached_powers_Q,8,2,0.270,BalancedZippelSeparated
fire7_nb0_rank2792,Automatic,1,ok,224.231,42,2,1,0,0,2305843009213693967:39;2305843009213693973:3,Symbolica_default,cached_powers_Q,8,2,0.266,BalancedZippelSeparated
fire7_nb0_rank2793,Automatic,1,ok,211.091,42,2,1,0,0,2305843009213693967:39;2305843009213693973:3,Symbolica_default,cached_powers_Q,8,2,0.260,BalancedZippelSeparated
fire7_nb0_rank2794,Automatic,1,ok,318.531,37,2,1,0,0,2305843009213693967:34;2305843009213693973:3,Symbolica_default,cached_powers_Q,9,2,0.233,BalancedZippelSeparated
fire7_nb0_rank2795,Automatic,1,ok,342.001,39,2,1,0,0,2305843009213693967:36;2305843009213693973:3,Symbolica_default,cached_powers_Q,8,2,0.244,BalancedZippelSeparated
fire7_nb0_rank2796,Automatic,1,ok,214.371,41,2,1,0,0,2305843009213693967:38;2305843009213693973:3,Symbolica_default,cached_powers_Q,4,6,0.223,BalancedZippelSeparated
fire7_nb0_rank2797,Automatic,1,ok,176.240,50,2,1,0,0,2305843009213693967:47;2305843009213693973:3,Symbolica_default,cached_powers_Q,5,2,0.187,BalancedZippelSeparated
fire7_nb0_rank2798,Automatic,1,ok,162.880,50,2,1,0,0,2305843009213693967:47;2305843009213693973:3,Symbolica_default,cached_powers_Q,5,2,0.203,BalancedZippelSeparated
fire7_nb0_rank2799,Automatic,1,ok,221.011,43,2,1,0,0,2305843009213693967:40;2305843009213693973:3,Symbolica_default,cached_powers_Q,6,6,0.387,BalancedZippelSeparated
fire7_nb0_rank2800,Automatic,1,ok,279.341,42,2,1,0,0,2305843009213693967:39;2305843009213693973:3,Symbolica_default,cached_powers_Q,8,2,0.335,BalancedZippelSeparated
fire7_nb0_rank2801,Automatic,1,ok,247.252,42,2,1,0,0,2305843009213693967:39;2305843009213693973:3,Symbolica_default,cached_powers_Q,6,6,0.234,BalancedZippelSeparated
fire7_nb0_rank2802,Automatic,1,ok,227.080,42,2,1,0,0,2305843009213693967:39;2305843009213693973:3,Symbolica_default,cached_powers_Q,8,2,0.256,BalancedZippelSeparated
fire7_nb0_rank2803,Automatic,1,ok,171.841,41,2,1,0,0,2305843009213693967:38;2305843009213693973:3,Symbolica_default,cached_powers_Q,8,2,0.241,BalancedZippelSeparated
fire7_nb0_rank2804,Automatic,1,ok,177.320,52,2,1,0,0,2305843009213693967:49;2305843009213693973:3,Symbolica_default,cached_powers_Q,5,2,0.369,BalancedZippelSeparated
fire7_nb0_rank2805,Automatic,1,ok,227.961,49,2,1,0,0,2305843009213693967:46;2305843009213693973:3,Symbolica_default,cached_powers_Q,3,10,0.242,BalancedZippelSeparated
fire7_nb0_rank2806,Automatic,1,ok,235.161,41,2,1,0,0,2305843009213693967:38;2305843009213693973:3,Symbolica_default,cached_powers_Q,9,4,0.234,BalancedZippelSeparated
fire7_nb0_rank2807,Automatic,1,ok,203.781,40,2,1,0,0,2305843009213693967:37;2305843009213693973:3,Symbolica_default,cached_powers_Q,8,2,0.232,BalancedZippelSeparated
fire7_nb0_rank2808,Automatic,1,ok,376.112,41,2,1,0,0,2305843009213693967:38;2305843009213693973:3,Symbolica_default,cached_powers_Q,8,2,0.273,BalancedZippelSeparated
fire7_nb0_rank2809,Automatic,1,ok,264.291,40,2,1,0,0,2305843009213693967:37;2305843009213693973:3,Symbolica_default,cached_powers_Q,8,2,0.253,BalancedZippelSeparated
fire7_nb0_rank2810,Automatic,1,ok,260.301,40,2,1,0,0,2305843009213693967:37;2305843009213693973:3,Symbolica_default,cached_powers_Q,9,2,0.264,BalancedZippelSeparated
fire7_nb0_rank2811,Automatic,1,ok,402.692,43,2,1,0,0,2305843009213693967:40;2305843009213693973:3,Symbolica_default,cached_powers_Q,9,2,0.263,BalancedZippelSeparated
fire7_nb0_rank2812,Automatic,1,ok,178.781,44,2,1,0,0,2305843009213693967:41;2305843009213693973:3,Symbolica_default,cached_powers_Q,3,6,0.235,BalancedZippelSeparated
fire7_nb0_rank2813,Automatic,1,ok,367.851,40,2,1,0,0,2305843009213693967:37;2305843009213693973:3,Symbolica_default,cached_powers_Q,9,4,0.247,BalancedZippelSeparated
fire7_nb0_rank2814,Automatic,1,ok,288.232,41,2,1,0,0,2305843009213693967:38;2305843009213693973:3,Symbolica_default,cached_powers_Q,6,2,0.221,BalancedZippelSeparated
fire7_nb0_rank2815,Automatic,1,ok,180.710,41,2,1,0,0,2305843009213693967:38;2305843009213693973:3,Symbolica_default,cached_powers_Q,6,2,0.227,BalancedZippelSeparated
fire7_nb0_rank2816,Automatic,1,ok,364.121,49,2,1,0,0,2305843009213693967:46;2305843009213693973:3,Symbolica_default,cached_powers_Q,3,10,0.242,BalancedZippelSeparated
fire7_nb0_rank2817,Automatic,1,ok,231.221,65,2,1,0,0,2305843009213693967:62;2305843009213693973:3,Symbolica_default,cached_powers_Q,9,2,0.348,BalancedZippelSeparated
fire7_nb0_rank2818,Automatic,1,ok,242.511,40,2,1,0,0,2305843009213693967:37;2305843009213693973:3,Symbolica_default,cached_powers_Q,9,4,0.370,BalancedZippelSeparated
fire7_nb0_rank2819,Automatic,1,ok,249.071,38,2,1,0,0,2305843009213693967:35;2305843009213693973:3,Symbolica_default,cached_powers_Q,9,4,0.263,BalancedZippelSeparated
fire7_nb0_rank2820,Automatic,1,ok,210.721,38,2,1,0,0,2305843009213693967:35;2305843009213693973:3,Symbolica_default,cached_powers_Q,9,4,0.269,BalancedZippelSeparated
fire7_nb0_rank2821,Automatic,1,ok,192.071,37,2,1,0,0,2305843009213693967:34;2305843009213693973:3,Symbolica_default,cached_powers_Q,9,2,0.216,BalancedZippelSeparated
fire7_nb0_rank2822,Automatic,1,ok,191.920,40,2,1,0,0,2305843009213693967:37;2305843009213693973:3,Symbolica_default,cached_powers_Q,4,6,0.238,BalancedZippelSeparated
fire7_nb0_rank2823,Automatic,1,ok,326.862,48,2,1,0,0,2305843009213693967:45;2305843009213693973:3,Symbolica_default,cached_powers_Q,4,6,0.217,BalancedZippelSeparated
fire7_nb0_rank2824,Automatic,1,ok,283.701,48,2,1,0,0,2305843009213693967:45;2305843009213693973:3,Symbolica_default,cached_powers_Q,4,6,0.244,BalancedZippelSeparated
fire7_nb0_rank2825,Automatic,1,ok,190.851,42,2,1,0,0,2305843009213693967:39;2305843009213693973:3,Symbolica_default,cached_powers_Q,4,6,0.244,BalancedZippelSeparated
fire7_nb0_rank2826,Automatic,1,ok,171.840,48,2,1,0,0,2305843009213693967:45;2305843009213693973:3,Symbolica_default,cached_powers_Q,4,6,0.360,BalancedZippelSeparated
fire7_nb0_rank2827,Automatic,1,ok,203.270,40,2,1,0,0,2305843009213693967:37;2305843009213693973:3,Symbolica_default,cached_powers_Q,4,6,0.395,BalancedZippelSeparated
fire7_nb0_rank2828,Automatic,1,ok,234.681,40,2,1,0,0,2305843009213693967:37;2305843009213693973:3,Symbolica_default,cached_powers_Q,4,6,0.245,BalancedZippelSeparated
fire7_nb0_rank2829,Automatic,1,ok,256.811,40,2,1,0,0,2305843009213693967:37;2305843009213693973:3,Symbolica_default,cached_powers_Q,4,6,0.384,BalancedZippelSeparated
fire7_nb0_rank2830,Automatic,1,ok,229.161,48,2,1,0,0,2305843009213693967:45;2305843009213693973:3,Symbolica_default,cached_powers_Q,4,6,0.248,BalancedZippelSeparated
fire7_nb0_rank2831,Automatic,1,ok,185.481,53,2,1,0,0,2305843009213693967:50;2305843009213693973:3,Symbolica_default,cached_powers_Q,3,5,0.263,BalancedZippelSeparated
fire7_nb0_rank2832,Automatic,1,ok,355.301,53,2,1,0,0,2305843009213693967:50;2305843009213693973:3,Symbolica_default,cached_powers_Q,3,5,0.258,BalancedZippelSeparated
fire7_nb0_rank2833,Automatic,1,ok,412.852,40,2,1,0,0,2305843009213693967:37;2305843009213693973:3,Symbolica_default,cached_powers_Q,4,6,0.294,BalancedZippelSeparated
fire7_nb0_rank2834,Automatic,1,ok,359.121,48,2,1,0,0,2305843009213693967:45;2305843009213693973:3,Symbolica_default,cached_powers_Q,4,6,0.300,BalancedZippelSeparated
fire7_nb0_rank2835,Automatic,1,ok,208.951,40,2,1,0,0,2305843009213693967:37;2305843009213693973:3,Symbolica_default,cached_powers_Q,4,6,0.277,BalancedZippelSeparated
fire7_nb0_rank2836,Automatic,1,ok,233.891,40,2,1,0,0,2305843009213693967:37;2305843009213693973:3,Symbolica_default,cached_powers_Q,4,6,0.294,BalancedZippelSeparated
fire7_nb0_rank2837,Automatic,1,ok,262.051,39,2,1,0,0,2305843009213693967:36;2305843009213693973:3,Symbolica_default,cached_powers_Q,9,2,0.288,BalancedZippelSeparated
fire7_nb0_rank2838,Automatic,1,ok,225.021,40,2,1,0,0,2305843009213693967:37;2305843009213693973:3,Symbolica_default,cached_powers_Q,9,2,0.274,BalancedZippelSeparated
fire7_nb0_rank2839,Automatic,1,ok,228.241,42,2,1,0,0,2305843009213693967:39;2305843009213693973:3,Symbolica_default,cached_powers_Q,4,6,0.294,BalancedZippelSeparated
fire7_nb0_rank2840,Automatic,1,ok,257.472,39,2,1,0,0,2305843009213693967:36;2305843009213693973:3,Symbolica_default,cached_powers_Q,9,2,0.295,BalancedZippelSeparated
fire7_nb0_rank2841,Automatic,1,ok,267.001,39,2,1,0,0,2305843009213693967:36;2305843009213693973:3,Symbolica_default,cached_powers_Q,9,2,0.420,BalancedZippelSeparated
fire7_nb0_rank2842,Automatic,1,ok,261.491,39,2,1,0,0,2305843009213693967:36;2305843009213693973:3,Symbolica_default,cached_powers_Q,9,2,0.287,BalancedZippelSeparated
fire7_nb0_rank2843,Automatic,1,ok,330.171,57,2,1,0,0,2305843009213693967:54;2305843009213693973:3,Symbolica_default,cached_powers_Q,4,5,0.273,BalancedZippelSeparated
fire7_nb0_rank2844,Automatic,1,ok,372.102,42,2,1,0,0,2305843009213693967:39;2305843009213693973:3,Symbolica_default,cached_powers_Q,4,6,0.294,BalancedZippelSeparated
fire7_nb0_rank2845,Automatic,1,ok,207.681,37,2,1,0,0,2305843009213693967:34;2305843009213693973:3,Symbolica_default,cached_powers_Q,9,2,0.452,BalancedZippelSeparated
fire7_nb0_rank2846,Automatic,1,ok,225.921,37,2,1,0,0,2305843009213693967:34;2305843009213693973:3,Symbolica_default,cached_powers_Q,6,4,0.290,BalancedZippelSeparated
fire7_nb0_rank2847,Automatic,1,ok,255.291,37,2,1,0,0,2305843009213693967:34;2305843009213693973:3,Symbolica_default,cached_powers_Q,6,4,0.288,BalancedZippelSeparated
fire7_nb0_rank2848,Automatic,1,ok,331.562,52,2,1,0,0,2305843009213693967:49;2305843009213693973:3,Symbolica_default,cached_powers_Q,8,3,0.289,BalancedZippelSeparated
fire7_nb0_rank2849,Automatic,1,ok,230.121,39,2,1,0,0,2305843009213693967:36;2305843009213693973:3,Symbolica_default,cached_powers_Q,9,2,0.262,BalancedZippelSeparated
fire7_nb0_rank2850,Automatic,1,ok,346.281,37,2,1,0,0,2305843009213693967:34;2305843009213693973:3,Symbolica_default,cached_powers_Q,9,2,0.272,BalancedZippelSeparated
fire7_nb0_rank2851,Automatic,1,ok,254.071,46,2,1,0,0,2305843009213693967:43;2305843009213693973:3,Symbolica_default,cached_powers_Q,8,4,0.251,BalancedZippelSeparated
fire7_nb0_rank2852,Automatic,1,ok,169.971,43,2,1,0,0,2305843009213693967:40;2305843009213693973:3,Symbolica_default,cached_powers_Q,5,3,0.247,BalancedZippelSeparated
fire7_nb0_rank2853,Automatic,1,ok,332.572,40,2,1,0,0,2305843009213693967:37;2305843009213693973:3,Symbolica_default,cached_powers_Q,4,6,0.272,BalancedZippelSeparated
fire7_nb0_rank2854,Automatic,1,ok,205.391,40,2,1,0,0,2305843009213693967:37;2305843009213693973:3,Symbolica_default,cached_powers_Q,4,6,0.204,BalancedZippelSeparated
fire7_nb0_rank2855,Automatic,1,ok,170.101,43,2,1,0,0,2305843009213693967:40;2305843009213693973:3,Symbolica_default,cached_powers_Q,5,3,0.174,BalancedZippelSeparated
fire7_nb0_rank2856,Automatic,1,ok,379.822,38,2,1,0,0,2305843009213693967:35;2305843009213693973:3,Symbolica_default,cached_powers_Q,9,2,0.172,BalancedZippelSeparated
fire7_nb0_rank2857,Automatic,1,ok,158.470,37,2,1,0,0,2305843009213693967:34;2305843009213693973:3,Symbolica_default,cached_powers_Q,9,2,0.208,BalancedZippelSeparated
fire7_nb0_rank2858,Automatic,1,ok,402.532,52,2,1,0,0,2305843009213693967:49;2305843009213693973:3,Symbolica_default,cached_powers_Q,8,3,0.218,BalancedZippelSeparated
fire7_nb0_rank2859,Automatic,1,ok,477.112,52,2,1,0,0,2305843009213693967:49;2305843009213693973:3,Symbolica_default,cached_powers_Q,8,3,0.259,BalancedZippelSeparated
fire7_nb0_rank2860,Automatic,1,ok,492.052,50,2,1,0,0,2305843009213693967:47;2305843009213693973:3,Symbolica_default,cached_powers_Q,8,3,0.266,BalancedZippelSeparated
fire7_nb0_rank2861,Automatic,1,ok,287.311,50,2,1,0,0,2305843009213693967:47;2305843009213693973:3,Symbolica_default,cached_powers_Q,8,3,0.249,BalancedZippelSeparated
fire7_nb0_rank2862,Automatic,1,ok,338.391,43,2,1,0,0,2305843009213693967:40;2305843009213693973:3,Symbolica_default,cached_powers_Q,9,6,0.337,BalancedZippelSeparated
fire7_nb0_rank2863,Automatic,1,ok,217.891,42,2,1,0,0,2305843009213693967:39;2305843009213693973:3,Symbolica_default,cached_powers_Q,3,6,0.231,BalancedZippelSeparated
fire7_nb0_rank2864,Automatic,1,ok,375.622,47,2,1,0,0,2305843009213693967:44;2305843009213693973:3,Symbolica_default,cached_powers_Q,5,6,0.280,BalancedZippelSeparated
fire7_nb0_rank2865,Automatic,1,ok,191.121,42,2,1,0,0,2305843009213693967:39;2305843009213693973:3,Symbolica_default,cached_powers_Q,4,4,0.376,BalancedZippelSeparated
fire7_nb0_rank2866,Automatic,1,ok,225.631,37,2,1,0,0,2305843009213693967:34;2305843009213693973:3,Symbolica_default,cached_powers_Q,6,4,0.226,BalancedZippelSeparated
fire7_nb0_rank2867,Automatic,1,ok,236.531,39,2,1,0,0,2305843009213693967:36;2305843009213693973:3,Symbolica_default,cached_powers_Q,9,2,0.269,BalancedZippelSeparated
fire7_nb0_rank2868,Automatic,1,ok,196.412,40,2,1,0,0,2305843009213693967:37;2305843009213693973:3,Symbolica_default,cached_powers_Q,4,6,0.234,BalancedZippelSeparated
fire7_nb0_rank2869,Automatic,1,ok,209.351,40,2,1,0,0,2305843009213693967:37;2305843009213693973:3,Symbolica_default,cached_powers_Q,4,6,0.339,BalancedZippelSeparated
fire7_nb0_rank2870,Automatic,1,ok,185.910,37,2,1,0,0,2305843009213693967:34;2305843009213693973:3,Symbolica_default,cached_powers_Q,6,4,0.188,BalancedZippelSeparated
fire7_nb0_rank2871,Automatic,1,ok,244.971,39,2,1,0,0,2305843009213693967:36;2305843009213693973:3,Symbolica_default,cached_powers_Q,9,2,0.168,BalancedZippelSeparated
fire7_nb0_rank2872,Automatic,1,ok,229.631,38,2,1,0,0,2305843009213693967:35;2305843009213693973:3,Symbolica_default,cached_powers_Q,9,2,0.203,BalancedZippelSeparated
fire7_nb0_rank2873,Automatic,1,ok,216.861,41,2,1,0,0,2305843009213693967:38;2305843009213693973:3,Symbolica_default,cached_powers_Q,4,6,0.338,BalancedZippelSeparated
fire7_nb0_rank2874,Automatic,1,ok,179.780,40,2,1,0,0,2305843009213693967:37;2305843009213693973:3,Symbolica_default,cached_powers_Q,4,6,0.233,BalancedZippelSeparated
fire7_nb0_rank2875,Automatic,1,ok,176.461,40,2,1,0,0,2305843009213693967:37;2305843009213693973:3,Symbolica_default,cached_powers_Q,4,6,0.227,BalancedZippelSeparated
fire7_nb0_rank2876,Automatic,1,ok,219.750,40,2,1,0,0,2305843009213693967:37;2305843009213693973:3,Symbolica_default,cached_powers_Q,4,6,0.218,BalancedZippelSeparated
fire7_nb0_rank2877,Automatic,1,ok,233.671,38,2,1,0,0,2305843009213693967:35;2305843009213693973:3,Symbolica_default,cached_powers_Q,9,2,0.266,BalancedZippelSeparated
fire7_nb0_rank2878,Automatic,1,ok,228.261,37,2,1,0,0,2305843009213693967:34;2305843009213693973:3,Symbolica_default,cached_powers_Q,6,3,0.270,BalancedZippelSeparated
fire7_nb0_rank2879,Automatic,1,ok,208.231,45,2,1,0,0,2305843009213693967:42;2305843009213693973:3,Symbolica_default,cached_powers_Q,5,3,0.427,BalancedZippelSeparated
fire7_nb0_rank2880,Automatic,1,ok,195.681,45,2,1,0,0,2305843009213693967:42;2305843009213693973:3,Symbolica_default,cached_powers_Q,5,3,0.270,BalancedZippelSeparated
fire7_nb0_rank2881,Automatic,1,ok,245.401,38,2,1,0,0,2305843009213693967:35;2305843009213693973:3,Symbolica_default,cached_powers_Q,9,2,0.216,BalancedZippelSeparated
fire7_nb0_rank2882,Automatic,1,ok,298.901,45,2,1,0,0,2305843009213693967:42;2305843009213693973:3,Symbolica_default,cached_powers_Q,6,3,0.169,BalancedZippelSeparated
fire7_nb0_rank2883,Automatic,1,ok,196.711,45,2,1,0,0,2305843009213693967:42;2305843009213693973:3,Symbolica_default,cached_powers_Q,4,6,0.200,BalancedZippelSeparated
fire7_nb0_rank2884,Automatic,1,ok,296.871,45,2,1,0,0,2305843009213693967:42;2305843009213693973:3,Symbolica_default,cached_powers_Q,4,6,0.232,BalancedZippelSeparated
fire7_nb0_rank2885,Automatic,1,ok,178.440,45,2,1,0,0,2305843009213693967:42;2305843009213693973:3,Symbolica_default,cached_powers_Q,4,6,0.261,BalancedZippelSeparated
fire7_nb0_rank2886,Automatic,1,ok,346.312,45,2,1,0,0,2305843009213693967:42;2305843009213693973:3,Symbolica_default,cached_powers_Q,4,6,0.213,BalancedZippelSeparated
fire7_nb0_rank2887,Automatic,1,ok,197.010,46,2,1,0,0,2305843009213693967:43;2305843009213693973:3,Symbolica_default,cached_powers_Q,4,6,0.211,BalancedZippelSeparated
fire7_nb0_rank2888,Automatic,1,ok,214.281,45,2,1,0,0,2305843009213693967:42;2305843009213693973:3,Symbolica_default,cached_powers_Q,6,3,0.274,BalancedZippelSeparated
fire7_nb0_rank2889,Automatic,1,ok,292.071,47,2,1,0,0,2305843009213693967:44;2305843009213693973:3,Symbolica_default,cached_powers_Q,8,3,0.362,BalancedZippelSeparated
fire7_nb0_rank2890,Automatic,1,ok,212.551,46,2,1,0,0,2305843009213693967:43;2305843009213693973:3,Symbolica_default,cached_powers_Q,6,3,0.249,BalancedZippelSeparated
fire7_nb0_rank2891,Automatic,1,ok,259.021,40,2,1,0,0,2305843009213693967:37;2305843009213693973:3,Symbolica_default,cached_powers_Q,8,4,0.280,BalancedZippelSeparated
fire7_nb0_rank2892,Automatic,1,ok,342.981,45,2,1,0,0,2305843009213693967:42;2305843009213693973:3,Symbolica_default,cached_powers_Q,5,3,0.251,BalancedZippelSeparated
fire7_nb0_rank2893,Automatic,1,ok,214.051,45,2,1,0,0,2305843009213693967:42;2305843009213693973:3,Symbolica_default,cached_powers_Q,5,3,0.240,BalancedZippelSeparated
fire7_nb0_rank2894,Automatic,1,ok,344.431,45,2,1,0,0,2305843009213693967:42;2305843009213693973:3,Symbolica_default,cached_powers_Q,5,3,0.213,BalancedZippelSeparated
fire7_nb0_rank2895,Automatic,1,ok,184.181,46,2,1,0,0,2305843009213693967:43;2305843009213693973:3,Symbolica_default,cached_powers_Q,5,2,0.276,BalancedZippelSeparated
fire7_nb0_rank2896,Automatic,1,ok,195.381,41,2,1,0,0,2305843009213693967:38;2305843009213693973:3,Symbolica_default,cached_powers_Q,5,4,0.253,BalancedZippelSeparated
fire7_nb0_rank2897,Automatic,1,ok,199.201,41,2,1,0,0,2305843009213693967:38;2305843009213693973:3,Symbolica_default,cached_powers_Q,5,4,0.248,BalancedZippelSeparated
fire7_nb0_rank2898,Automatic,1,ok,343.982,41,2,1,0,0,2305843009213693967:38;2305843009213693973:3,Symbolica_default,cached_powers_Q,5,4,0.235,BalancedZippelSeparated
fire7_nb0_rank2899,Automatic,1,ok,176.151,45,2,1,0,0,2305843009213693967:42;2305843009213693973:3,Symbolica_default,cached_powers_Q,5,3,0.190,BalancedZippelSeparated
fire7_nb0_rank2900,Automatic,1,ok,311.251,45,2,1,0,0,2305843009213693967:42;2305843009213693973:3,Symbolica_default,cached_powers_Q,5,3,0.195,BalancedZippelSeparated
fire7_nb0_rank2901,Automatic,1,ok,168.101,45,2,1,0,0,2305843009213693967:42;2305843009213693973:3,Symbolica_default,cached_powers_Q,5,3,0.179,BalancedZippelSeparated
fire7_nb0_rank2902,Automatic,1,ok,235.751,42,2,1,0,0,2305843009213693967:39;2305843009213693973:3,Symbolica_default,cached_powers_Q,3,6,0.245,BalancedZippelSeparated
fire7_nb0_rank2903,Automatic,1,ok,291.701,57,2,1,0,0,2305843009213693967:54;2305843009213693973:3,Symbolica_default,cached_powers_Q,7,2,0.208,BalancedZippelSeparated
fire7_nb0_rank2904,Automatic,1,ok,173.521,42,2,1,0,0,2305843009213693967:39;2305843009213693973:3,Symbolica_default,cached_powers_Q,4,4,0.238,BalancedZippelSeparated
fire7_nb0_rank2905,Automatic,1,ok,294.142,45,2,1,0,0,2305843009213693967:42;2305843009213693973:3,Symbolica_default,cached_powers_Q,8,3,0.426,BalancedZippelSeparated
fire7_nb0_rank2906,Automatic,1,ok,218.561,40,2,1,0,0,2305843009213693967:37;2305843009213693973:3,Symbolica_default,cached_powers_Q,6,4,0.294,BalancedZippelSeparated
fire7_nb0_rank2907,Automatic,1,ok,199.591,38,2,1,0,0,2305843009213693967:35;2305843009213693973:3,Symbolica_default,cached_powers_Q,6,4,0.371,BalancedZippelSeparated
fire7_nb0_rank2908,Automatic,1,ok,188.491,41,2,1,0,0,2305843009213693967:38;2305843009213693973:3,Symbolica_default,cached_powers_Q,5,4,0.237,BalancedZippelSeparated
fire7_nb0_rank2909,Automatic,1,ok,159.991,41,2,1,0,0,2305843009213693967:38;2305843009213693973:3,Symbolica_default,cached_powers_Q,5,4,0.250,BalancedZippelSeparated
fire7_nb0_rank2910,Automatic,1,ok,232.571,42,2,1,0,0,2305843009213693967:39;2305843009213693973:3,Symbolica_default,cached_powers_Q,6,3,0.221,BalancedZippelSeparated
fire7_nb0_rank2911,Automatic,1,ok,176.021,43,2,1,0,0,2305843009213693967:40;2305843009213693973:3,Symbolica_default,cached_powers_Q,5,3,0.324,BalancedZippelSeparated
fire7_nb0_rank2912,Automatic,1,ok,340.142,38,2,1,0,0,2305843009213693967:35;2305843009213693973:3,Symbolica_default,cached_powers_Q,9,2,0.236,BalancedZippelSeparated
fire7_nb0_rank2913,Automatic,1,ok,254.721,38,2,1,0,0,2305843009213693967:35;2305843009213693973:3,Symbolica_default,cached_powers_Q,9,2,0.382,BalancedZippelSeparated
fire7_nb0_rank2914,Automatic,1,ok,239.010,38,2,1,0,0,2305843009213693967:35;2305843009213693973:3,Symbolica_default,cached_powers_Q,9,2,0.221,BalancedZippelSeparated
fire7_nb0_rank2915,Automatic,1,ok,245.281,38,2,1,0,0,2305843009213693967:35;2305843009213693973:3,Symbolica_default,cached_powers_Q,9,2,0.230,BalancedZippelSeparated
fire7_nb0_rank2916,Automatic,1,ok,171.910,40,2,1,0,0,2305843009213693967:37;2305843009213693973:3,Symbolica_default,cached_powers_Q,3,4,0.248,BalancedZippelSeparated
fire7_nb0_rank2917,Automatic,1,ok,213.100,40,2,1,0,0,2305843009213693967:37;2305843009213693973:3,Symbolica_default,cached_powers_Q,3,4,0.374,BalancedZippelSeparated
fire7_nb0_rank2918,Automatic,1,ok,210.661,38,2,1,0,0,2305843009213693967:35;2305843009213693973:3,Symbolica_default,cached_powers_Q,9,2,0.229,BalancedZippelSeparated
fire7_nb0_rank2919,Automatic,1,ok,205.241,42,2,1,0,0,2305843009213693967:39;2305843009213693973:3,Symbolica_default,cached_powers_Q,6,3,0.226,BalancedZippelSeparated
fire7_nb0_rank2920,Automatic,1,ok,367.752,48,2,1,0,0,2305843009213693967:45;2305843009213693973:3,Symbolica_default,cached_powers_Q,6,5,0.243,BalancedZippelSeparated
fire7_nb0_rank2921,Automatic,1,ok,174.841,38,2,1,0,0,2305843009213693967:35;2305843009213693973:3,Symbolica_default,cached_powers_Q,4,6,0.232,BalancedZippelSeparated
fire7_nb0_rank2922,Automatic,1,ok,191.701,38,2,1,0,0,2305843009213693967:35;2305843009213693973:3,Symbolica_default,cached_powers_Q,4,6,0.243,BalancedZippelSeparated
fire7_nb0_rank2923,Automatic,1,ok,276.382,48,2,1,0,0,2305843009213693967:45;2305843009213693973:3,Symbolica_default,cached_powers_Q,6,5,0.428,BalancedZippelSeparated
fire7_nb0_rank2924,Automatic,1,ok,241.311,38,2,1,0,0,2305843009213693967:35;2305843009213693973:3,Symbolica_default,cached_powers_Q,4,4,0.281,BalancedZippelSeparated
fire7_nb0_rank2925,Automatic,1,ok,292.872,38,2,1,0,0,2305843009213693967:35;2305843009213693973:3,Symbolica_default,cached_powers_Q,4,4,0.412,BalancedZippelSeparated
fire7_nb0_rank2926,Automatic,1,ok,248.201,43,2,1,0,0,2305843009213693967:40;2305843009213693973:3,Symbolica_default,cached_powers_Q,8,3,0.217,BalancedZippelSeparated
fire7_nb0_rank2927,Automatic,1,ok,171.971,46,2,1,0,0,2305843009213693967:43;2305843009213693973:3,Symbolica_default,cached_powers_Q,4,2,0.333,BalancedZippelSeparated
fire7_nb0_rank2928,Automatic,1,ok,172.001,38,2,1,0,0,2305843009213693967:35;2305843009213693973:3,Symbolica_default,cached_powers_Q,6,2,0.218,BalancedZippelSeparated
fire7_nb0_rank2929,Automatic,1,ok,168.171,43,2,1,0,0,2305843009213693967:40;2305843009213693973:3,Symbolica_default,cached_powers_Q,5,3,0.231,BalancedZippelSeparated
fire7_nb0_rank2930,Automatic,1,ok,185.810,40,2,1,0,0,2305843009213693967:37;2305843009213693973:3,Symbolica_default,cached_powers_Q,8,1,0.252,BalancedZippelSeparated
fire7_nb0_rank2931,Automatic,1,ok,383.661,38,2,1,0,0,2305843009213693967:35;2305843009213693973:3,Symbolica_default,cached_powers_Q,9,2,0.271,BalancedZippelSeparated
fire7_nb0_rank2932,Automatic,1,ok,234.931,45,2,1,0,0,2305843009213693967:42;2305843009213693973:3,Symbolica_default,cached_powers_Q,8,3,0.277,BalancedZippelSeparated
fire7_nb0_rank2933,Automatic,1,ok,319.062,43,2,1,0,0,2305843009213693967:40;2305843009213693973:3,Symbolica_default,cached_powers_Q,5,3,0.276,BalancedZippelSeparated
fire7_nb0_rank2934,Automatic,1,ok,219.761,40,2,1,0,0,2305843009213693967:37;2305843009213693973:3,Symbolica_default,cached_powers_Q,9,2,0.342,BalancedZippelSeparated
fire7_nb0_rank2935,Automatic,1,ok,201.221,38,2,1,0,0,2305843009213693967:35;2305843009213693973:3,Symbolica_default,cached_powers_Q,9,2,0.230,BalancedZippelSeparated
fire7_nb0_rank2936,Automatic,1,ok,232.911,40,2,1,0,0,2305843009213693967:37;2305843009213693973:3,Symbolica_default,cached_powers_Q,3,6,0.311,BalancedZippelSeparated
fire7_nb0_rank2937,Automatic,1,ok,170.021,49,2,1,0,0,2305843009213693967:46;2305843009213693973:3,Symbolica_default,cached_powers_Q,3,5,0.160,BalancedZippelSeparated
fire7_nb0_rank2938,Automatic,1,ok,229.471,52,2,1,0,0,2305843009213693967:49;2305843009213693973:3,Symbolica_default,cached_powers_Q,8,3,0.347,BalancedZippelSeparated
fire7_nb0_rank2939,Automatic,1,ok,185.911,36,2,1,0,0,2305843009213693967:33;2305843009213693973:3,Symbolica_default,cached_powers_Q,6,2,0.192,BalancedZippelSeparated
fire7_nb0_rank2940,Automatic,1,ok,200.821,37,2,1,0,0,2305843009213693967:34;2305843009213693973:3,Symbolica_default,cached_powers_Q,6,2,0.419,BalancedZippelSeparated
fire7_nb0_rank2941,Automatic,1,ok,180.821,37,2,1,0,0,2305843009213693967:34;2305843009213693973:3,Symbolica_default,cached_powers_Q,6,2,0.255,BalancedZippelSeparated
fire7_nb0_rank2942,Automatic,1,ok,189.011,43,2,1,0,0,2305843009213693967:40;2305843009213693973:3,Symbolica_default,cached_powers_Q,5,3,0.263,BalancedZippelSeparated
fire7_nb0_rank2943,Automatic,1,ok,206.140,43,2,1,0,0,2305843009213693967:40;2305843009213693973:3,Symbolica_default,cached_powers_Q,5,3,0.244,BalancedZippelSeparated
fire7_nb0_rank2944,Automatic,1,ok,191.280,43,2,1,0,0,2305843009213693967:40;2305843009213693973:3,Symbolica_default,cached_powers_Q,5,3,0.358,BalancedZippelSeparated
fire7_nb0_rank2945,Automatic,1,ok,230.041,38,2,1,0,0,2305843009213693967:35;2305843009213693973:3,Symbolica_default,cached_powers_Q,9,2,0.402,BalancedZippelSeparated
fire7_nb0_rank2946,Automatic,1,ok,250.361,42,2,1,0,0,2305843009213693967:39;2305843009213693973:3,Symbolica_default,cached_powers_Q,8,4,0.323,BalancedZippelSeparated
fire7_nb0_rank2947,Automatic,1,ok,242.921,38,2,1,0,0,2305843009213693967:35;2305843009213693973:3,Symbolica_default,cached_powers_Q,3,4,0.424,BalancedZippelSeparated
fire7_nb0_rank2948,Automatic,1,ok,247.791,42,2,1,0,0,2305843009213693967:39;2305843009213693973:3,Symbolica_default,cached_powers_Q,6,3,0.288,BalancedZippelSeparated
fire7_nb0_rank2949,Automatic,1,ok,243.781,40,2,1,0,0,2305843009213693967:37;2305843009213693973:3,Symbolica_default,cached_powers_Q,3,6,0.270,BalancedZippelSeparated
fire7_nb0_rank2950,Automatic,1,ok,212.631,39,2,1,0,0,2305843009213693967:36;2305843009213693973:3,Symbolica_default,cached_powers_Q,6,3,0.378,BalancedZippelSeparated
fire7_nb0_rank2951,Automatic,1,ok,178.441,38,2,1,0,0,2305843009213693967:35;2305843009213693973:3,Symbolica_default,cached_powers_Q,3,4,0.213,BalancedZippelSeparated
fire7_nb0_rank2952,Automatic,1,ok,174.351,38,2,1,0,0,2305843009213693967:35;2305843009213693973:3,Symbolica_default,cached_powers_Q,3,4,0.242,BalancedZippelSeparated
fire7_nb0_rank2953,Automatic,1,ok,163.181,41,2,1,0,0,2305843009213693967:38;2305843009213693973:3,Symbolica_default,cached_powers_Q,3,6,0.369,BalancedZippelSeparated
fire7_nb0_rank2954,Automatic,1,ok,297.581,40,2,1,0,0,2305843009213693967:37;2305843009213693973:3,Symbolica_default,cached_powers_Q,3,6,0.203,BalancedZippelSeparated
fire7_nb0_rank2955,Automatic,1,ok,189.401,38,2,1,0,0,2305843009213693967:35;2305843009213693973:3,Symbolica_default,cached_powers_Q,6,4,0.239,BalancedZippelSeparated
fire7_nb0_rank2956,Automatic,1,ok,279.641,42,2,1,0,0,2305843009213693967:39;2305843009213693973:3,Symbolica_default,cached_powers_Q,4,4,0.205,BalancedZippelSeparated
fire7_nb0_rank2957,Automatic,1,ok,222.221,42,2,1,0,0,2305843009213693967:39;2305843009213693973:3,Symbolica_default,cached_powers_Q,4,4,0.253,BalancedZippelSeparated
fire7_nb0_rank2958,Automatic,1,ok,156.491,39,2,1,0,0,2305843009213693967:36;2305843009213693973:3,Symbolica_default,cached_powers_Q,4,3,0.246,BalancedZippelSeparated
fire7_nb0_rank2959,Automatic,1,ok,194.761,36,2,1,0,0,2305843009213693967:33;2305843009213693973:3,Symbolica_default,cached_powers_Q,6,4,0.268,BalancedZippelSeparated
fire7_nb0_rank2960,Automatic,1,ok,240.811,38,2,1,0,0,2305843009213693967:35;2305843009213693973:3,Symbolica_default,cached_powers_Q,4,6,0.232,BalancedZippelSeparated
fire7_nb0_rank2961,Automatic,1,ok,334.991,40,2,1,0,0,2305843009213693967:37;2305843009213693973:3,Symbolica_default,cached_powers_Q,3,6,0.222,BalancedZippelSeparated
fire7_nb0_rank2962,Automatic,1,ok,203.691,40,2,1,0,0,2305843009213693967:37;2305843009213693973:3,Symbolica_default,cached_powers_Q,8,2,0.244,BalancedZippelSeparated
fire7_nb0_rank2963,Automatic,1,ok,173.151,40,2,1,0,0,2305843009213693967:37;2305843009213693973:3,Symbolica_default,cached_powers_Q,3,6,0.234,BalancedZippelSeparated
fire7_nb0_rank2964,Automatic,1,ok,181.931,35,2,1,0,0,2305843009213693967:32;2305843009213693973:3,Symbolica_default,cached_powers_Q,6,2,0.358,BalancedZippelSeparated
fire7_nb0_rank2965,Automatic,1,ok,300.552,40,2,1,0,0,2305843009213693967:37;2305843009213693973:3,Symbolica_default,cached_powers_Q,3,6,0.243,BalancedZippelSeparated
fire7_nb0_rank2966,Automatic,1,ok,185.211,40,2,1,0,0,2305843009213693967:37;2305843009213693973:3,Symbolica_default,cached_powers_Q,3,6,0.204,BalancedZippelSeparated
fire7_nb0_rank2967,Automatic,1,ok,174.321,36,2,1,0,0,2305843009213693967:33;2305843009213693973:3,Symbolica_default,cached_powers_Q,6,2,0.230,BalancedZippelSeparated
fire7_nb0_rank2968,Automatic,1,ok,211.381,37,2,1,0,0,2305843009213693967:34;2305843009213693973:3,Symbolica_default,cached_powers_Q,6,2,0.290,BalancedZippelSeparated
fire7_nb0_rank2969,Automatic,1,ok,243.031,46,2,1,0,0,2305843009213693967:43;2305843009213693973:3,Symbolica_default,cached_powers_Q,7,3,0.282,BalancedZippelSeparated
fire7_nb0_rank2970,Automatic,1,ok,332.171,38,2,1,0,0,2305843009213693967:35;2305843009213693973:3,Symbolica_default,cached_powers_Q,3,4,0.269,BalancedZippelSeparated
fire7_nb0_rank2971,Automatic,1,ok,217.400,35,2,1,0,0,2305843009213693967:32;2305843009213693973:3,Symbolica_default,cached_powers_Q,6,2,0.287,BalancedZippelSeparated
fire7_nb0_rank2972,Automatic,1,ok,188.060,40,2,1,0,0,2305843009213693967:37;2305843009213693973:3,Symbolica_default,cached_powers_Q,3,6,0.405,BalancedZippelSeparated
fire7_nb0_rank2973,Automatic,1,ok,212.031,40,2,1,0,0,2305843009213693967:37;2305843009213693973:3,Symbolica_default,cached_powers_Q,8,2,0.237,BalancedZippelSeparated
fire7_nb0_rank2974,Automatic,1,ok,186.880,40,2,1,0,0,2305843009213693967:37;2305843009213693973:3,Symbolica_default,cached_powers_Q,3,6,0.241,BalancedZippelSeparated
fire7_nb0_rank2975,Automatic,1,ok,157.501,34,2,1,0,0,2305843009213693967:31;2305843009213693973:3,Symbolica_default,cached_powers_Q,6,2,0.229,BalancedZippelSeparated
fire7_nb0_rank2976,Automatic,1,ok,240.271,53,2,1,0,0,2305843009213693967:50;2305843009213693973:3,Symbolica_default,cached_powers_Q,4,5,0.238,BalancedZippelSeparated
fire7_nb0_rank2977,Automatic,1,ok,242.411,51,2,1,0,0,2305843009213693967:48;2305843009213693973:3,Symbolica_default,cached_powers_Q,4,5,0.174,BalancedZippelSeparated
fire7_nb0_rank2978,Automatic,1,ok,323.542,36,2,1,0,0,2305843009213693967:33;2305843009213693973:3,Symbolica_default,cached_powers_Q,6,2,0.206,BalancedZippelSeparated
fire7_nb0_rank2979,Automatic,1,ok,158.661,35,2,1,0,0,2305843009213693967:32;2305843009213693973:3,Symbolica_default,cached_powers_Q,6,2,0.202,BalancedZippelSeparated
fire7_nb0_rank2980,Automatic,1,ok,219.841,36,2,1,0,0,2305843009213693967:33;2305843009213693973:3,Symbolica_default,cached_powers_Q,6,2,0.233,BalancedZippelSeparated
fire7_nb0_rank2981,Automatic,1,ok,163.310,39,2,1,0,0,2305843009213693967:36;2305843009213693973:3,Symbolica_default,cached_powers_Q,4,3,0.261,BalancedZippelSeparated
fire7_nb0_rank2982,Automatic,1,ok,199.351,39,2,1,0,0,2305843009213693967:36;2305843009213693973:3,Symbolica_default,cached_powers_Q,4,3,0.302,BalancedZippelSeparated
fire7_nb0_rank2983,Automatic,1,ok,167.800,39,2,1,0,0,2305843009213693967:36;2305843009213693973:3,Symbolica_default,cached_powers_Q,4,3,0.243,BalancedZippelSeparated
fire7_nb0_rank2984,Automatic,1,ok,179.310,39,2,1,0,0,2305843009213693967:36;2305843009213693973:3,Symbolica_default,cached_powers_Q,4,3,0.222,BalancedZippelSeparated
fire7_nb0_rank2985,Automatic,1,ok,185.630,34,2,1,0,0,2305843009213693967:31;2305843009213693973:3,Symbolica_default,cached_powers_Q,6,2,0.206,BalancedZippelSeparated
fire7_nb0_rank2986,Automatic,1,ok,149.591,39,2,1,0,0,2305843009213693967:36;2305843009213693973:3,Symbolica_default,cached_powers_Q,4,3,0.309,BalancedZippelSeparated
fire7_nb0_rank2987,Automatic,1,ok,160.540,39,2,1,0,0,2305843009213693967:36;2305843009213693973:3,Symbolica_default,cached_powers_Q,4,3,0.181,BalancedZippelSeparated
fire7_nb0_rank2988,Automatic,1,ok,338.761,49,2,1,0,0,2305843009213693967:46;2305843009213693973:3,Symbolica_default,cached_powers_Q,3,5,0.204,BalancedZippelSeparated
fire7_nb0_rank2989,Automatic,1,ok,269.781,35,2,1,0,0,2305843009213693967:32;2305843009213693973:3,Symbolica_default,cached_powers_Q,6,2,0.226,BalancedZippelSeparated
fire7_nb0_rank2990,Automatic,1,ok,155.630,34,2,1,0,0,2305843009213693967:31;2305843009213693973:3,Symbolica_default,cached_powers_Q,6,2,0.222,BalancedZippelSeparated
fire7_nb0_rank2991,Automatic,1,ok,230.031,51,2,1,0,0,2305843009213693967:48;2305843009213693973:3,Symbolica_default,cached_powers_Q,6,4,0.237,BalancedZippelSeparated
fire7_nb0_rank2992,Automatic,1,ok,224.851,36,2,1,0,0,2305843009213693967:33;2305843009213693973:3,Symbolica_default,cached_powers_Q,6,4,0.203,BalancedZippelSeparated
fire7_nb0_rank2993,Automatic,1,ok,209.401,51,2,1,0,0,2305843009213693967:48;2305843009213693973:3,Symbolica_default,cached_powers_Q,6,4,0.403,BalancedZippelSeparated
fire7_nb0_rank2994,Automatic,1,ok,334.861,37,2,1,0,0,2305843009213693967:34;2305843009213693973:3,Symbolica_default,cached_powers_Q,4,3,0.269,BalancedZippelSeparated
fire7_nb0_rank2995,Automatic,1,ok,206.871,41,2,1,0,0,2305843009213693967:38;2305843009213693973:3,Symbolica_default,cached_powers_Q,6,3,0.238,BalancedZippelSeparated
fire7_nb0_rank2996,Automatic,1,ok,216.231,41,2,1,0,0,2305843009213693967:38;2305843009213693973:3,Symbolica_default,cached_powers_Q,6,3,0.386,BalancedZippelSeparated
fire7_nb0_rank2997,Automatic,1,ok,166.861,35,2,1,0,0,2305843009213693967:32;2305843009213693973:3,Symbolica_default,cached_powers_Q,6,2,0.202,BalancedZippelSeparated
fire7_nb0_rank2998,Automatic,1,ok,154.071,35,2,1,0,0,2305843009213693967:32;2305843009213693973:3,Symbolica_default,cached_powers_Q,6,2,0.318,BalancedZippelSeparated
fire7_nb0_rank2999,Automatic,1,ok,150.781,35,2,1,0,0,2305843009213693967:32;2305843009213693973:3,Symbolica_default,cached_powers_Q,6,2,0.193,BalancedZippelSeparated
fire7_nb0_rank3000,Automatic,1,ok,155.910,35,2,1,0,0,2305843009213693967:32;2305843009213693973:3,Symbolica_default,cached_powers_Q,6,2,0.327,BalancedZippelSeparated
fire7_nb0_rank3001,Automatic,1,ok,213.421,41,2,1,0,0,2305843009213693967:38;2305843009213693973:3,Symbolica_default,cached_powers_Q,6,3,0.177,BalancedZippelSeparated
fire7_nb0_rank3002,Automatic,1,ok,190.941,41,2,1,0,0,2305843009213693967:38;2305843009213693973:3,Symbolica_default,cached_powers_Q,6,3,0.197,BalancedZippelSeparated
fire7_nb0_rank3003,Automatic,1,ok,195.010,41,2,1,0,0,2305843009213693967:38;2305843009213693973:3,Symbolica_default,cached_powers_Q,6,3,0.314,BalancedZippelSeparated
fire7_nb0_rank3004,Automatic,1,ok,218.610,40,2,1,0,0,2305843009213693967:37;2305843009213693973:3,Symbolica_default,cached_powers_Q,4,4,0.390,BalancedZippelSeparated
fire7_nb0_rank3005,Automatic,1,ok,226.181,40,2,1,0,0,2305843009213693967:37;2305843009213693973:3,Symbolica_default,cached_powers_Q,6,4,0.401,BalancedZippelSeparated
fire7_nb0_rank3006,Automatic,1,ok,318.261,40,2,1,0,0,2305843009213693967:37;2305843009213693973:3,Symbolica_default,cached_powers_Q,6,4,0.245,BalancedZippelSeparated
fire7_nb0_rank3007,Automatic,1,ok,182.611,40,2,1,0,0,2305843009213693967:37;2305843009213693973:3,Symbolica_default,cached_powers_Q,3,6,0.246,BalancedZippelSeparated
fire7_nb0_rank3008,Automatic,1,ok,170.171,57,2,1,0,0,2305843009213693967:54;2305843009213693973:3,Symbolica_default,cached_powers_Q,3,6,0.237,BalancedZippelSeparated
fire7_nb0_rank3009,Automatic,1,ok,230.491,41,2,1,0,0,2305843009213693967:38;2305843009213693973:3,Symbolica_default,cached_powers_Q,6,3,0.214,BalancedZippelSeparated
fire7_nb0_rank3010,Automatic,1,ok,214.671,35,2,1,0,0,2305843009213693967:32;2305843009213693973:3,Symbolica_default,cached_powers_Q,6,2,0.174,BalancedZippelSeparated
fire7_nb0_rank3011,Automatic,1,ok,178.611,40,2,1,0,0,2305843009213693967:37;2305843009213693973:3,Symbolica_default,cached_powers_Q,4,4,0.181,BalancedZippelSeparated
fire7_nb0_rank3012,Automatic,1,ok,185.081,36,2,1,0,0,2305843009213693967:33;2305843009213693973:3,Symbolica_default,cached_powers_Q,6,4,0.334,BalancedZippelSeparated
fire7_nb0_rank3013,Automatic,1,ok,203.290,36,2,1,0,0,2305843009213693967:33;2305843009213693973:3,Symbolica_default,cached_powers_Q,6,4,0.197,BalancedZippelSeparated
fire7_nb0_rank3014,Automatic,1,ok,172.471,40,2,1,0,0,2305843009213693967:37;2305843009213693973:3,Symbolica_default,cached_powers_Q,3,6,0.305,BalancedZippelSeparated
fire7_nb0_rank3015,Automatic,1,ok,192.401,37,2,1,0,0,2305843009213693967:34;2305843009213693973:3,Symbolica_default,cached_powers_Q,4,3,0.246,BalancedZippelSeparated
fire7_nb0_rank3016,Automatic,1,ok,188.411,37,2,1,0,0,2305843009213693967:34;2305843009213693973:3,Symbolica_default,cached_powers_Q,4,3,0.272,BalancedZippelSeparated
fire7_nb0_rank3017,Automatic,1,ok,173.840,37,2,1,0,0,2305843009213693967:34;2305843009213693973:3,Symbolica_default,cached_powers_Q,4,3,0.264,BalancedZippelSeparated
fire7_nb0_rank3018,Automatic,1,ok,208.041,37,2,1,0,0,2305843009213693967:34;2305843009213693973:3,Symbolica_default,cached_powers_Q,4,3,0.346,BalancedZippelSeparated
fire7_nb0_rank3019,Automatic,1,ok,162.760,40,2,1,0,0,2305843009213693967:37;2305843009213693973:3,Symbolica_default,cached_powers_Q,3,6,0.220,BalancedZippelSeparated
fire7_nb0_rank3020,Automatic,1,ok,151.221,40,2,1,0,0,2305843009213693967:37;2305843009213693973:3,Symbolica_default,cached_powers_Q,3,6,0.201,BalancedZippelSeparated
fire7_nb0_rank3021,Automatic,1,ok,167.891,37,2,1,0,0,2305843009213693967:34;2305843009213693973:3,Symbolica_default,cached_powers_Q,4,3,0.188,BalancedZippelSeparated
fire7_nb0_rank3022,Automatic,1,ok,148.011,39,2,1,0,0,2305843009213693967:36;2305843009213693973:3,Symbolica_default,cached_powers_Q,4,3,0.316,BalancedZippelSeparated
fire7_nb0_rank3023,Automatic,1,ok,150.761,39,2,1,0,0,2305843009213693967:36;2305843009213693973:3,Symbolica_default,cached_powers_Q,4,3,0.210,BalancedZippelSeparated
fire7_nb0_rank3024,Automatic,1,ok,286.071,39,2,1,0,0,2305843009213693967:36;2305843009213693973:3,Symbolica_default,cached_powers_Q,4,3,0.228,BalancedZippelSeparated
fire7_nb0_rank3025,Automatic,1,ok,184.150,48,2,1,0,0,2305843009213693967:45;2305843009213693973:3,Symbolica_default,cached_powers_Q,4,4,0.238,BalancedZippelSeparated
fire7_nb0_rank3026,Automatic,1,ok,226.231,38,2,1,0,0,2305843009213693967:35;2305843009213693973:3,Symbolica_default,cached_powers_Q,6,4,0.209,BalancedZippelSeparated
fire7_nb0_rank3027,Automatic,1,ok,199.251,37,2,1,0,0,2305843009213693967:34;2305843009213693973:3,Symbolica_default,cached_powers_Q,4,3,0.382,BalancedZippelSeparated
fire7_nb0_rank3028,Automatic,1,ok,181.830,37,2,1,0,0,2305843009213693967:34;2305843009213693973:3,Symbolica_default,cached_powers_Q,4,3,0.283,BalancedZippelSeparated
fire7_nb0_rank3029,Automatic,1,ok,182.851,37,2,1,0,0,2305843009213693967:34;2305843009213693973:3,Symbolica_default,cached_powers_Q,4,3,0.270,BalancedZippelSeparated
fire7_nb0_rank3030,Automatic,1,ok,154.111,37,2,1,0,0,2305843009213693967:34;2305843009213693973:3,Symbolica_default,cached_powers_Q,4,3,0.211,BalancedZippelSeparated
fire7_nb0_rank3031,Automatic,1,ok,151.381,37,2,1,0,0,2305843009213693967:34;2305843009213693973:3,Symbolica_default,cached_powers_Q,4,3,0.309,BalancedZippelSeparated
fire7_nb0_rank3032,Automatic,1,ok,153.811,37,2,1,0,0,2305843009213693967:34;2305843009213693973:3,Symbolica_default,cached_powers_Q,4,3,0.220,BalancedZippelSeparated
fire7_nb0_rank3033,Automatic,1,ok,256.591,34,2,1,0,0,2305843009213693967:31;2305843009213693973:3,Symbolica_default,cached_powers_Q,6,2,0.299,BalancedZippelSeparated
fire7_nb0_rank3034,Automatic,1,ok,301.811,40,2,1,0,0,2305843009213693967:37;2305843009213693973:3,Symbolica_default,cached_powers_Q,4,2,0.230,BalancedZippelSeparated
fire7_nb0_rank3035,Automatic,1,ok,175.361,37,2,1,0,0,2305843009213693967:34;2305843009213693973:3,Symbolica_default,cached_powers_Q,4,3,0.210,BalancedZippelSeparated
fire7_nb0_rank3036,Automatic,1,ok,144.551,36,2,1,0,0,2305843009213693967:33;2305843009213693973:3,Symbolica_default,cached_powers_Q,6,1,0.253,BalancedZippelSeparated
fire7_nb0_rank3037,Automatic,1,ok,244.621,42,2,1,0,0,2305843009213693967:39;2305843009213693973:3,Symbolica_default,cached_powers_Q,6,3,0.393,BalancedZippelSeparated
fire7_nb0_rank3038,Automatic,1,ok,251.421,36,2,1,0,0,2305843009213693967:33;2305843009213693973:3,Symbolica_default,cached_powers_Q,5,4,0.380,BalancedZippelSeparated
fire7_nb0_rank3039,Automatic,1,ok,163.991,40,2,1,0,0,2305843009213693967:37;2305843009213693973:3,Symbolica_default,cached_powers_Q,3,2,0.209,BalancedZippelSeparated
fire7_nb0_rank3040,Automatic,1,ok,210.501,35,2,1,0,0,2305843009213693967:32;2305843009213693973:3,Symbolica_default,cached_powers_Q,6,2,0.245,BalancedZippelSeparated
fire7_nb0_rank3041,Automatic,1,ok,200.861,37,2,1,0,0,2305843009213693967:34;2305843009213693973:3,Symbolica_default,cached_powers_Q,4,3,0.240,BalancedZippelSeparated
fire7_nb0_rank3042,Automatic,1,ok,156.391,37,2,1,0,0,2305843009213693967:34;2305843009213693973:3,Symbolica_default,cached_powers_Q,4,3,0.236,BalancedZippelSeparated
fire7_nb0_rank3043,Automatic,1,ok,149.410,36,2,1,0,0,2305843009213693967:33;2305843009213693973:3,Symbolica_default,cached_powers_Q,6,1,0.210,BalancedZippelSeparated
fire7_nb0_rank3044,Automatic,1,ok,191.071,36,2,1,0,0,2305843009213693967:33;2305843009213693973:3,Symbolica_default,cached_powers_Q,4,4,0.233,BalancedZippelSeparated
fire7_nb0_rank3045,Automatic,1,ok,273.511,48,2,1,0,0,2305843009213693967:45;2305843009213693973:3,Symbolica_default,cached_powers_Q,6,3,0.381,BalancedZippelSeparated
fire7_nb0_rank3046,Automatic,1,ok,226.441,36,2,1,0,0,2305843009213693967:33;2305843009213693973:3,Symbolica_default,cached_powers_Q,6,4,0.233,BalancedZippelSeparated
fire7_nb0_rank3047,Automatic,1,ok,208.411,36,2,1,0,0,2305843009213693967:33;2305843009213693973:3,Symbolica_default,cached_powers_Q,6,4,0.217,BalancedZippelSeparated
fire7_nb0_rank3048,Automatic,1,ok,167.521,55,2,1,0,0,2305843009213693967:52;2305843009213693973:3,Symbolica_default,cached_powers_Q,3,6,0.370,BalancedZippelSeparated
fire7_nb0_rank3049,Automatic,1,ok,167.251,37,2,1,0,0,2305843009213693967:34;2305843009213693973:3,Symbolica_default,cached_powers_Q,4,3,0.256,BalancedZippelSeparated
fire7_nb0_rank3050,Automatic,1,ok,141.741,38,2,1,0,0,2305843009213693967:35;2305843009213693973:3,Symbolica_default,cached_powers_Q,6,1,0.199,BalancedZippelSeparated
fire7_nb0_rank3051,Automatic,1,ok,193.700,36,2,1,0,0,2305843009213693967:33;2305843009213693973:3,Symbolica_default,cached_powers_Q,2,6,0.318,BalancedZippelSeparated
fire7_nb0_rank3052,Automatic,1,ok,204.331,35,2,1,0,0,2305843009213693967:32;2305843009213693973:3,Symbolica_default,cached_powers_Q,4,4,0.350,BalancedZippelSeparated
fire7_nb0_rank3053,Automatic,1,ok,180.391,36,2,1,0,0,2305843009213693967:33;2305843009213693973:3,Symbolica_default,cached_powers_Q,4,4,0.239,BalancedZippelSeparated
fire7_nb0_rank3054,Automatic,1,ok,167.200,39,2,1,0,0,2305843009213693967:36;2305843009213693973:3,Symbolica_default,cached_powers_Q,4,2,0.208,BalancedZippelSeparated
fire7_nb0_rank3055,Automatic,1,ok,175.181,37,2,1,0,0,2305843009213693967:34;2305843009213693973:3,Symbolica_default,cached_powers_Q,4,3,0.223,BalancedZippelSeparated
fire7_nb0_rank3056,Automatic,1,ok,374.262,37,2,1,0,0,2305843009213693967:34;2305843009213693973:3,Symbolica_default,cached_powers_Q,4,3,0.304,BalancedZippelSeparated
fire7_nb0_rank3057,Automatic,1,ok,185.601,37,2,1,0,0,2305843009213693967:34;2305843009213693973:3,Symbolica_default,cached_powers_Q,4,3,0.228,BalancedZippelSeparated
fire7_nb0_rank3058,Automatic,1,ok,175.721,51,2,1,0,0,2305843009213693967:48;2305843009213693973:3,Symbolica_default,cached_powers_Q,6,2,0.413,BalancedZippelSeparated
fire7_nb0_rank3059,Automatic,1,ok,175.550,35,2,1,0,0,2305843009213693967:32;2305843009213693973:3,Symbolica_default,cached_powers_Q,6,2,0.246,BalancedZippelSeparated
fire7_nb0_rank3060,Automatic,1,ok,168.481,37,2,1,0,0,2305843009213693967:34;2305843009213693973:3,Symbolica_default,cached_powers_Q,6,2,0.230,BalancedZippelSeparated
fire7_nb0_rank3061,Automatic,1,ok,213.901,46,2,1,0,0,2305843009213693967:43;2305843009213693973:3,Symbolica_default,cached_powers_Q,5,4,0.202,BalancedZippelSeparated
fire7_nb0_rank3062,Automatic,1,ok,183.350,41,2,1,0,0,2305843009213693967:38;2305843009213693973:3,Symbolica_default,cached_powers_Q,6,3,0.228,BalancedZippelSeparated
fire7_nb0_rank3063,Automatic,1,ok,163.080,36,2,1,0,0,2305843009213693967:33;2305843009213693973:3,Symbolica_default,cached_powers_Q,4,2,0.362,BalancedZippelSeparated
fire7_nb0_rank3064,Automatic,1,ok,181.531,39,2,1,0,0,2305843009213693967:36;2305843009213693973:3,Symbolica_default,cached_powers_Q,4,2,0.363,BalancedZippelSeparated
fire7_nb0_rank3065,Automatic,1,ok,157.351,39,2,1,0,0,2305843009213693967:36;2305843009213693973:3,Symbolica_default,cached_powers_Q,4,2,0.246,BalancedZippelSeparated
fire7_nb0_rank3066,Automatic,1,ok,210.171,36,2,1,0,0,2305843009213693967:33;2305843009213693973:3,Symbolica_default,cached_powers_Q,3,4,0.226,BalancedZippelSeparated
fire7_nb0_rank3067,Automatic,1,ok,328.622,35,2,1,0,0,2305843009213693967:32;2305843009213693973:3,Symbolica_default,cached_powers_Q,6,2,0.243,BalancedZippelSeparated
fire7_nb0_rank3068,Automatic,1,ok,299.052,49,2,1,0,0,2305843009213693967:46;2305843009213693973:3,Symbolica_default,cached_powers_Q,3,5,0.221,BalancedZippelSeparated
fire7_nb0_rank3069,Automatic,1,ok,159.870,47,2,1,0,0,2305843009213693967:44;2305843009213693973:3,Symbolica_default,cached_powers_Q,3,5,0.352,BalancedZippelSeparated
fire7_nb0_rank3070,Automatic,1,ok,264.241,39,2,1,0,0,2305843009213693967:36;2305843009213693973:3,Symbolica_default,cached_powers_Q,4,2,0.208,BalancedZippelSeparated
fire7_nb0_rank3071,Automatic,1,ok,158.360,39,2,1,0,0,2305843009213693967:36;2305843009213693973:3,Symbolica_default,cached_powers_Q,4,2,0.325,BalancedZippelSeparated
fire7_nb0_rank3072,Automatic,1,ok,256.141,39,2,1,0,0,2305843009213693967:36;2305843009213693973:3,Symbolica_default,cached_powers_Q,4,2,0.234,BalancedZippelSeparated
fire7_nb0_rank3073,Automatic,1,ok,150.731,39,2,1,0,0,2305843009213693967:36;2305843009213693973:3,Symbolica_default,cached_powers_Q,4,2,0.229,BalancedZippelSeparated
fire7_nb0_rank3074,Automatic,1,ok,176.260,35,2,1,0,0,2305843009213693967:32;2305843009213693973:3,Symbolica_default,cached_powers_Q,4,3,0.208,BalancedZippelSeparated
fire7_nb0_rank3075,Automatic,1,ok,214.081,39,2,1,0,0,2305843009213693967:36;2305843009213693973:3,Symbolica_default,cached_powers_Q,6,3,0.389,BalancedZippelSeparated
fire7_nb0_rank3076,Automatic,1,ok,197.980,36,2,1,0,0,2305843009213693967:33;2305843009213693973:3,Symbolica_default,cached_powers_Q,3,4,0.262,BalancedZippelSeparated
fire7_nb0_rank3077,Automatic,1,ok,179.691,36,2,1,0,0,2305843009213693967:33;2305843009213693973:3,Symbolica_default,cached_powers_Q,3,4,0.253,BalancedZippelSeparated
fire7_nb0_rank3078,Automatic,1,ok,164.061,50,2,1,0,0,2305843009213693967:47;2305843009213693973:3,Symbolica_default,cached_powers_Q,6,2,0.222,BalancedZippelSeparated
fire7_nb0_rank3079,Automatic,1,ok,168.791,50,2,1,0,0,2305843009213693967:47;2305843009213693973:3,Symbolica_default,cached_powers_Q,6,2,0.230,BalancedZippelSeparated
fire7_nb0_rank3080,Automatic,1,ok,339.571,34,2,1,0,0,2305843009213693967:31;2305843009213693973:3,Symbolica_default,cached_powers_Q,6,2,0.204,BalancedZippelSeparated
fire7_nb0_rank3081,Automatic,1,ok,293.241,36,2,1,0,0,2305843009213693967:33;2305843009213693973:3,Symbolica_default,cached_powers_Q,3,4,0.195,BalancedZippelSeparated
fire7_nb0_rank3082,Automatic,1,ok,181.911,36,2,1,0,0,2305843009213693967:33;2305843009213693973:3,Symbolica_default,cached_powers_Q,3,4,0.193,BalancedZippelSeparated
fire7_nb0_rank3083,Automatic,1,ok,199.851,41,2,1,0,0,2305843009213693967:38;2305843009213693973:3,Symbolica_default,cached_powers_Q,6,3,0.327,BalancedZippelSeparated
fire7_nb0_rank3084,Automatic,1,ok,215.151,39,2,1,0,0,2305843009213693967:36;2305843009213693973:3,Symbolica_default,cached_powers_Q,6,3,0.323,BalancedZippelSeparated
fire7_nb0_rank3085,Automatic,1,ok,180.061,36,2,1,0,0,2305843009213693967:33;2305843009213693973:3,Symbolica_default,cached_powers_Q,6,2,0.350,BalancedZippelSeparated
fire7_nb0_rank3086,Automatic,1,ok,248.281,34,2,1,0,0,2305843009213693967:31;2305843009213693973:3,Symbolica_default,cached_powers_Q,6,2,0.241,BalancedZippelSeparated
fire7_nb0_rank3087,Automatic,1,ok,190.071,36,2,1,0,0,2305843009213693967:33;2305843009213693973:3,Symbolica_default,cached_powers_Q,3,4,0.247,BalancedZippelSeparated
fire7_nb0_rank3088,Automatic,1,ok,194.731,35,2,1,0,0,2305843009213693967:32;2305843009213693973:3,Symbolica_default,cached_powers_Q,3,3,0.260,BalancedZippelSeparated
fire7_nb0_rank3089,Automatic,1,ok,234.591,36,2,1,0,0,2305843009213693967:33;2305843009213693973:3,Symbolica_default,cached_powers_Q,6,2,0.432,BalancedZippelSeparated
fire7_nb0_rank3090,Automatic,1,ok,254.761,36,2,1,0,0,2305843009213693967:33;2305843009213693973:3,Symbolica_default,cached_powers_Q,3,4,0.368,BalancedZippelSeparated
fire7_nb0_rank3091,Automatic,1,ok,193.181,35,2,1,0,0,2305843009213693967:32;2305843009213693973:3,Symbolica_default,cached_powers_Q,3,3,0.291,BalancedZippelSeparated
fire7_nb0_rank3092,Automatic,1,ok,183.070,35,2,1,0,0,2305843009213693967:32;2305843009213693973:3,Symbolica_default,cached_powers_Q,6,1,0.250,BalancedZippelSeparated
fire7_nb0_rank3093,Automatic,1,ok,323.251,33,2,1,0,0,2305843009213693967:30;2305843009213693973:3,Symbolica_default,cached_powers_Q,6,2,0.276,BalancedZippelSeparated
fire7_nb0_rank3094,Automatic,1,ok,230.591,33,2,1,0,0,2305843009213693967:30;2305843009213693973:3,Symbolica_default,cached_powers_Q,6,2,0.386,BalancedZippelSeparated
fire7_nb0_rank3095,Automatic,1,ok,205.531,33,2,1,0,0,2305843009213693967:30;2305843009213693973:3,Symbolica_default,cached_powers_Q,6,2,0.231,BalancedZippelSeparated
fire7_nb0_rank3096,Automatic,1,ok,191.211,33,2,1,0,0,2305843009213693967:30;2305843009213693973:3,Symbolica_default,cached_powers_Q,6,2,0.232,BalancedZippelSeparated
fire7_nb0_rank3097,Automatic,1,ok,166.250,37,2,1,0,0,2305843009213693967:34;2305843009213693973:3,Symbolica_default,cached_powers_Q,4,3,0.226,BalancedZippelSeparated
fire7_nb0_rank3098,Automatic,1,ok,355.831,34,2,1,0,0,2305843009213693967:31;2305843009213693973:3,Symbolica_default,cached_powers_Q,6,2,0.235,BalancedZippelSeparated
fire7_nb0_rank3099,Automatic,1,ok,292.242,34,2,1,0,0,2305843009213693967:31;2305843009213693973:3,Symbolica_default,cached_powers_Q,6,2,0.233,BalancedZippelSeparated
fire7_nb0_rank3100,Automatic,1,ok,227.430,45,2,1,0,0,2305843009213693967:42;2305843009213693973:3,Symbolica_default,cached_powers_Q,5,4,0.212,BalancedZippelSeparated
fire7_nb0_rank3101,Automatic,1,ok,132.171,33,2,1,0,0,2305843009213693967:30;2305843009213693973:3,Symbolica_default,cached_powers_Q,6,1,0.219,BalancedZippelSeparated
fire7_nb0_rank3102,Automatic,1,ok,134.991,33,2,1,0,0,2305843009213693967:30;2305843009213693973:3,Symbolica_default,cached_powers_Q,6,1,0.312,BalancedZippelSeparated
fire7_nb0_rank3103,Automatic,1,ok,325.351,39,2,1,0,0,2305843009213693967:36;2305843009213693973:3,Symbolica_default,cached_powers_Q,4,2,0.376,BalancedZippelSeparated
fire7_nb0_rank3104,Automatic,1,ok,154.150,39,2,1,0,0,2305843009213693967:36;2305843009213693973:3,Symbolica_default,cached_powers_Q,4,2,0.253,BalancedZippelSeparated
fire7_nb0_rank3105,Automatic,1,ok,166.190,39,2,1,0,0,2305843009213693967:36;2305843009213693973:3,Symbolica_default,cached_powers_Q,4,2,0.255,BalancedZippelSeparated
fire7_nb0_rank3106,Automatic,1,ok,185.910,39,2,1,0,0,2305843009213693967:36;2305843009213693973:3,Symbolica_default,cached_powers_Q,4,2,0.244,BalancedZippelSeparated
fire7_nb0_rank3107,Automatic,1,ok,172.320,36,2,1,0,0,2305843009213693967:33;2305843009213693973:3,Symbolica_default,cached_powers_Q,3,4,0.226,BalancedZippelSeparated
fire7_nb0_rank3108,Automatic,1,ok,216.631,37,2,1,0,0,2305843009213693967:34;2305843009213693973:3,Symbolica_default,cached_powers_Q,4,2,0.393,BalancedZippelSeparated
fire7_nb0_rank3109,Automatic,1,ok,181.240,36,2,1,0,0,2305843009213693967:33;2305843009213693973:3,Symbolica_default,cached_powers_Q,2,6,0.217,BalancedZippelSeparated
fire7_nb0_rank3110,Automatic,1,ok,195.971,36,2,1,0,0,2305843009213693967:33;2305843009213693973:3,Symbolica_default,cached_powers_Q,2,6,0.286,BalancedZippelSeparated
fire7_nb0_rank3111,Automatic,1,ok,177.931,37,2,1,0,0,2305843009213693967:34;2305843009213693973:3,Symbolica_default,cached_powers_Q,4,2,0.224,BalancedZippelSeparated
fire7_nb0_rank3112,Automatic,1,ok,192.481,36,2,1,0,0,2305843009213693967:33;2305843009213693973:3,Symbolica_default,cached_powers_Q,6,2,0.240,BalancedZippelSeparated
fire7_nb0_rank3113,Automatic,1,ok,332.461,36,2,1,0,0,2305843009213693967:33;2305843009213693973:3,Symbolica_default,cached_powers_Q,6,2,0.228,BalancedZippelSeparated
fire7_nb0_rank3114,Automatic,1,ok,318.611,38,2,1,0,0,2305843009213693967:35;2305843009213693973:3,Symbolica_default,cached_powers_Q,3,6,0.253,BalancedZippelSeparated
fire7_nb0_rank3115,Automatic,1,ok,179.630,36,2,1,0,0,2305843009213693967:33;2305843009213693973:3,Symbolica_default,cached_powers_Q,3,4,0.274,BalancedZippelSeparated
fire7_nb0_rank3116,Automatic,1,ok,210.111,40,2,1,0,0,2305843009213693967:37;2305843009213693973:3,Symbolica_default,cached_powers_Q,4,3,0.264,BalancedZippelSeparated
fire7_nb0_rank3117,Automatic,1,ok,193.601,38,2,1,0,0,2305843009213693967:35;2305843009213693973:3,Symbolica_default,cached_powers_Q,3,2,0.299,BalancedZippelSeparated
fire7_nb0_rank3118,Automatic,1,ok,153.031,34,2,1,0,0,2305843009213693967:31;2305843009213693973:3,Symbolica_default,cached_powers_Q,6,1,0.204,BalancedZippelSeparated
fire7_nb0_rank3119,Automatic,1,ok,292.622,34,2,1,0,0,2305843009213693967:31;2305843009213693973:3,Symbolica_default,cached_powers_Q,6,1,0.183,BalancedZippelSeparated
fire7_nb0_rank3120,Automatic,1,ok,340.002,36,2,1,0,0,2305843009213693967:33;2305843009213693973:3,Symbolica_default,cached_powers_Q,3,4,0.198,BalancedZippelSeparated
fire7_nb0_rank3121,Automatic,1,ok,157.491,35,2,1,0,0,2305843009213693967:32;2305843009213693973:3,Symbolica_default,cached_powers_Q,3,3,0.208,BalancedZippelSeparated
fire7_nb0_rank3122,Automatic,1,ok,243.461,39,2,1,0,0,2305843009213693967:36;2305843009213693973:3,Symbolica_default,cached_powers_Q,6,3,0.372,BalancedZippelSeparated
fire7_nb0_rank3123,Automatic,1,ok,207.431,37,2,1,0,0,2305843009213693967:34;2305843009213693973:3,Symbolica_default,cached_powers_Q,6,3,0.267,BalancedZippelSeparated
fire7_nb0_rank3124,Automatic,1,ok,158.641,39,2,1,0,0,2305843009213693967:36;2305843009213693973:3,Symbolica_default,cached_powers_Q,4,2,0.269,BalancedZippelSeparated
fire7_nb0_rank3125,Automatic,1,ok,178.531,35,2,1,0,0,2305843009213693967:32;2305843009213693973:3,Symbolica_default,cached_powers_Q,3,3,0.393,BalancedZippelSeparated
fire7_nb0_rank3126,Automatic,1,ok,149.040,43,2,1,0,0,2305843009213693967:40;2305843009213693973:3,Symbolica_default,cached_powers_Q,5,2,0.215,BalancedZippelSeparated
fire7_nb0_rank3127,Automatic,1,ok,146.541,36,2,1,0,0,2305843009213693967:33;2305843009213693973:3,Symbolica_default,cached_powers_Q,3,2,0.352,BalancedZippelSeparated
fire7_nb0_rank3128,Automatic,1,ok,291.311,36,2,1,0,0,2305843009213693967:33;2305843009213693973:3,Symbolica_default,cached_powers_Q,3,2,0.194,BalancedZippelSeparated
fire7_nb0_rank3129,Automatic,1,ok,133.510,38,2,1,0,0,2305843009213693967:35;2305843009213693973:3,Symbolica_default,cached_powers_Q,3,2,0.204,BalancedZippelSeparated
fire7_nb0_rank3130,Automatic,1,ok,150.460,34,2,1,0,0,2305843009213693967:31;2305843009213693973:3,Symbolica_default,cached_powers_Q,6,1,0.206,BalancedZippelSeparated
fire7_nb0_rank3131,Automatic,1,ok,296.502,34,2,1,0,0,2305843009213693967:31;2305843009213693973:3,Symbolica_default,cached_powers_Q,3,4,0.178,BalancedZippelSeparated
fire7_nb0_rank3132,Automatic,1,ok,147.181,34,2,1,0,0,2305843009213693967:31;2305843009213693973:3,Symbolica_default,cached_powers_Q,3,4,0.191,BalancedZippelSeparated
fire7_nb0_rank3133,Automatic,1,ok,171.811,34,2,1,0,0,2305843009213693967:31;2305843009213693973:3,Symbolica_default,cached_powers_Q,3,4,0.173,BalancedZippelSeparated
fire7_nb0_rank3134,Automatic,1,ok,338.921,34,2,1,0,0,2305843009213693967:31;2305843009213693973:3,Symbolica_default,cached_powers_Q,3,4,0.397,BalancedZippelSeparated
fire7_nb0_rank3135,Automatic,1,ok,205.411,35,2,1,0,0,2305843009213693967:32;2305843009213693973:3,Symbolica_default,cached_powers_Q,3,2,0.378,BalancedZippelSeparated
fire7_nb0_rank3136,Automatic,1,ok,202.952,35,2,1,0,0,2305843009213693967:32;2305843009213693973:3,Symbolica_default,cached_powers_Q,3,2,0.256,BalancedZippelSeparated
fire7_nb0_rank3137,Automatic,1,ok,208.861,34,2,1,0,0,2305843009213693967:31;2305843009213693973:3,Symbolica_default,cached_powers_Q,6,1,0.232,BalancedZippelSeparated
fire7_nb0_rank3138,Automatic,1,ok,234.021,33,2,1,0,0,2305843009213693967:30;2305843009213693973:3,Symbolica_default,cached_powers_Q,6,2,0.422,BalancedZippelSeparated
fire7_nb0_rank3139,Automatic,1,ok,208.851,34,2,1,0,0,2305843009213693967:31;2305843009213693973:3,Symbolica_default,cached_powers_Q,3,4,0.415,BalancedZippelSeparated
fire7_nb0_rank3140,Automatic,1,ok,228.211,36,2,1,0,0,2305843009213693967:33;2305843009213693973:3,Symbolica_default,cached_powers_Q,6,2,0.306,BalancedZippelSeparated
fire7_nb0_rank3141,Automatic,1,ok,363.361,33,2,1,0,0,2305843009213693967:30;2305843009213693973:3,Symbolica_default,cached_powers_Q,4,4,0.276,BalancedZippelSeparated
fire7_nb0_rank3142,Automatic,1,ok,171.501,32,2,1,0,0,2305843009213693967:29;2305843009213693973:3,Symbolica_default,cached_powers_Q,6,1,0.237,BalancedZippelSeparated
fire7_nb0_rank3143,Automatic,1,ok,212.001,34,2,1,0,0,2305843009213693967:31;2305843009213693973:3,Symbolica_default,cached_powers_Q,6,1,0.249,BalancedZippelSeparated
fire7_nb0_rank3144,Automatic,1,ok,188.281,34,2,1,0,0,2305843009213693967:31;2305843009213693973:3,Symbolica_default,cached_powers_Q,6,1,0.213,BalancedZippelSeparated
fire7_nb0_rank3145,Automatic,1,ok,190.551,34,2,1,0,0,2305843009213693967:31;2305843009213693973:3,Symbolica_default,cached_powers_Q,3,4,0.363,BalancedZippelSeparated
fire7_nb0_rank3146,Automatic,1,ok,190.261,34,2,1,0,0,2305843009213693967:31;2305843009213693973:3,Symbolica_default,cached_powers_Q,3,4,0.332,BalancedZippelSeparated
fire7_nb0_rank3147,Automatic,1,ok,304.561,35,2,1,0,0,2305843009213693967:32;2305843009213693973:3,Symbolica_default,cached_powers_Q,4,2,0.193,BalancedZippelSeparated
fire7_nb0_rank3148,Automatic,1,ok,318.042,33,2,1,0,0,2305843009213693967:30;2305843009213693973:3,Symbolica_default,cached_powers_Q,4,1,0.237,BalancedZippelSeparated
fire7_nb0_rank3149,Automatic,1,ok,205.050,33,2,1,0,0,2305843009213693967:30;2305843009213693973:3,Symbolica_default,cached_powers_Q,4,1,0.266,BalancedZippelSeparated
fire7_nb0_rank3150,Automatic,1,ok,514.932,34,2,1,0,0,2305843009213693967:31;2305843009213693973:3,Symbolica_default,cached_powers_Q,5,2,0.460,BalancedZippelSeparated
fire7_nb0_rank3151,Automatic,1,ok,259.951,34,2,1,0,0,2305843009213693967:31;2305843009213693973:3,Symbolica_default,cached_powers_Q,3,4,0.272,BalancedZippelSeparated
fire7_nb0_rank3152,Automatic,1,ok,321.391,34,2,1,0,0,2305843009213693967:31;2305843009213693973:3,Symbolica_default,cached_powers_Q,3,4,0.221,BalancedZippelSeparated
fire7_nb0_rank3153,Automatic,1,ok,151.300,34,2,1,0,0,2305843009213693967:31;2305843009213693973:3,Symbolica_default,cached_powers_Q,3,4,0.202,BalancedZippelSeparated
fire7_nb0_rank3154,Automatic,1,ok,144.641,33,2,1,0,0,2305843009213693967:30;2305843009213693973:3,Symbolica_default,cached_powers_Q,3,2,0.236,BalancedZippelSeparated
fire7_nb0_rank3155,Automatic,1,ok,163.871,33,2,1,0,0,2305843009213693967:30;2305843009213693973:3,Symbolica_default,cached_powers_Q,3,2,0.211,BalancedZippelSeparated
fire7_nb0_rank3156,Automatic,1,ok,193.331,34,2,1,0,0,2305843009213693967:31;2305843009213693973:3,Symbolica_default,cached_powers_Q,4,4,0.194,BalancedZippelSeparated
fire7_nb0_rank3157,Automatic,1,ok,157.600,31,2,1,0,0,2305843009213693967:28;2305843009213693973:3,Symbolica_default,cached_powers_Q,4,2,0.220,BalancedZippelSeparated
fire7_nb0_rank3158,Automatic,1,ok,161.821,42,2,1,0,0,2305843009213693967:39;2305843009213693973:3,Symbolica_default,cached_powers_Q,3,3,0.190,BalancedZippelSeparated
fire7_nb0_rank3159,Automatic,1,ok,181.531,33,2,1,0,0,2305843009213693967:30;2305843009213693973:3,Symbolica_default,cached_powers_Q,6,2,0.250,BalancedZippelSeparated
fire7_nb0_rank3160,Automatic,1,ok,213.281,34,2,1,0,0,2305843009213693967:31;2305843009213693973:3,Symbolica_default,cached_powers_Q,5,1,0.287,BalancedZippelSeparated
fire7_nb0_rank3161,Automatic,1,ok,413.791,34,2,1,0,0,2305843009213693967:31;2305843009213693973:3,Symbolica_default,cached_powers_Q,5,1,0.435,BalancedZippelSeparated
fire7_nb0_rank3162,Automatic,1,ok,235.641,34,2,1,0,0,2305843009213693967:31;2305843009213693973:3,Symbolica_default,cached_powers_Q,5,1,0.283,BalancedZippelSeparated
fire7_nb0_rank3163,Automatic,1,ok,282.911,38,2,1,0,0,2305843009213693967:35;2305843009213693973:3,Symbolica_default,cached_powers_Q,3,2,0.251,BalancedZippelSeparated
fire7_nb0_rank3164,Automatic,1,ok,178.911,34,2,1,0,0,2305843009213693967:31;2305843009213693973:3,Symbolica_default,cached_powers_Q,3,4,0.229,BalancedZippelSeparated
fire7_nb0_rank3165,Automatic,1,ok,162.881,34,2,1,0,0,2305843009213693967:31;2305843009213693973:3,Symbolica_default,cached_powers_Q,3,4,0.357,BalancedZippelSeparated
fire7_nb0_rank3166,Automatic,1,ok,316.312,36,2,1,0,0,2305843009213693967:33;2305843009213693973:3,Symbolica_default,cached_powers_Q,6,2,0.218,BalancedZippelSeparated
fire7_nb0_rank3167,Automatic,1,ok,181.490,36,2,1,0,0,2305843009213693967:33;2305843009213693973:3,Symbolica_default,cached_powers_Q,6,2,0.241,BalancedZippelSeparated
fire7_nb0_rank3168,Automatic,1,ok,231.651,41,2,1,0,0,2305843009213693967:38;2305843009213693973:3,Symbolica_default,cached_powers_Q,3,3,0.287,BalancedZippelSeparated
fire7_nb0_rank3169,Automatic,1,ok,220.581,34,2,1,0,0,2305843009213693967:31;2305843009213693973:3,Symbolica_default,cached_powers_Q,5,1,0.294,BalancedZippelSeparated
fire7_nb0_rank3170,Automatic,1,ok,355.812,36,2,1,0,0,2305843009213693967:33;2305843009213693973:3,Symbolica_default,cached_powers_Q,2,3,0.279,BalancedZippelSeparated
fire7_nb0_rank3171,Automatic,1,ok,373.931,36,2,1,0,0,2305843009213693967:33;2305843009213693973:3,Symbolica_default,cached_powers_Q,2,3,0.248,BalancedZippelSeparated
fire7_nb0_rank3172,Automatic,1,ok,151.740,33,2,1,0,0,2305843009213693967:30;2305843009213693973:3,Symbolica_default,cached_powers_Q,3,2,0.235,BalancedZippelSeparated
fire7_nb0_rank3173,Automatic,1,ok,206.391,39,2,1,0,0,2305843009213693967:36;2305843009213693973:3,Symbolica_default,cached_powers_Q,4,3,0.180,BalancedZippelSeparated
fire7_nb0_rank3174,Automatic,1,ok,256.311,33,2,1,0,0,2305843009213693967:30;2305843009213693973:3,Symbolica_default,cached_powers_Q,3,2,0.226,BalancedZippelSeparated
fire7_nb0_rank3175,Automatic,1,ok,143.670,33,2,1,0,0,2305843009213693967:30;2305843009213693973:3,Symbolica_default,cached_powers_Q,3,2,0.222,BalancedZippelSeparated
fire7_nb0_rank3176,Automatic,1,ok,167.510,35,2,1,0,0,2305843009213693967:32;2305843009213693973:3,Symbolica_default,cached_powers_Q,4,3,0.227,BalancedZippelSeparated
fire7_nb0_rank3177,Automatic,1,ok,131.451,33,2,1,0,0,2305843009213693967:30;2305843009213693973:3,Symbolica_default,cached_powers_Q,3,2,0.215,BalancedZippelSeparated
fire7_nb0_rank3178,Automatic,1,ok,153.731,33,2,1,0,0,2305843009213693967:30;2305843009213693973:3,Symbolica_default,cached_powers_Q,3,2,0.196,BalancedZippelSeparated
fire7_nb0_rank3179,Automatic,1,ok,348.021,33,2,1,0,0,2305843009213693967:30;2305843009213693973:3,Symbolica_default,cached_powers_Q,3,2,0.409,BalancedZippelSeparated
fire7_nb0_rank3180,Automatic,1,ok,164.691,32,2,1,0,0,2305843009213693967:29;2305843009213693973:3,Symbolica_default,cached_powers_Q,4,1,0.277,BalancedZippelSeparated
fire7_nb0_rank3181,Automatic,1,ok,274.221,33,2,1,0,0,2305843009213693967:30;2305843009213693973:3,Symbolica_default,cached_powers_Q,3,2,0.498,BalancedZippelSeparated
fire7_nb0_rank3182,Automatic,1,ok,183.651,33,2,1,0,0,2305843009213693967:30;2305843009213693973:3,Symbolica_default,cached_powers_Q,3,2,0.440,BalancedZippelSeparated
fire7_nb0_rank3183,Automatic,1,ok,219.961,35,2,1,0,0,2305843009213693967:32;2305843009213693973:3,Symbolica_default,cached_powers_Q,4,3,0.229,BalancedZippelSeparated
fire7_nb0_rank3184,Automatic,1,ok,320.831,35,2,1,0,0,2305843009213693967:32;2305843009213693973:3,Symbolica_default,cached_powers_Q,4,3,0.201,BalancedZippelSeparated
fire7_nb0_rank3185,Automatic,1,ok,144.871,41,2,1,0,0,2305843009213693967:38;2305843009213693973:3,Symbolica_default,cached_powers_Q,3,3,0.356,BalancedZippelSeparated
fire7_nb0_rank3186,Automatic,1,ok,306.521,33,2,1,0,0,2305843009213693967:30;2305843009213693973:3,Symbolica_default,cached_powers_Q,3,2,0.290,BalancedZippelSeparated
fire7_nb0_rank3187,Automatic,1,ok,198.701,32,2,1,0,0,2305843009213693967:29;2305843009213693973:3,Symbolica_default,cached_powers_Q,4,1,0.292,BalancedZippelSeparated
fire7_nb0_rank3188,Automatic,1,ok,183.591,31,2,1,0,0,2305843009213693967:28;2305843009213693973:3,Symbolica_default,cached_powers_Q,4,1,0.311,BalancedZippelSeparated
fire7_nb0_rank3189,Automatic,1,ok,242.541,33,2,1,0,0,2305843009213693967:30;2305843009213693973:3,Symbolica_default,cached_powers_Q,3,2,0.299,BalancedZippelSeparated
fire7_nb0_rank3190,Automatic,1,ok,304.571,34,2,1,0,0,2305843009213693967:31;2305843009213693973:3,Symbolica_default,cached_powers_Q,6,1,0.200,BalancedZippelSeparated
fire7_nb0_rank3191,Automatic,1,ok,138.251,33,2,1,0,0,2305843009213693967:30;2305843009213693973:3,Symbolica_default,cached_powers_Q,3,2,0.349,BalancedZippelSeparated
fire7_nb0_rank3192,Automatic,1,ok,140.910,32,2,1,0,0,2305843009213693967:29;2305843009213693973:3,Symbolica_default,cached_powers_Q,6,1,0.200,BalancedZippelSeparated
fire7_nb0_rank3193,Automatic,1,ok,160.121,30,2,1,0,0,2305843009213693967:27;2305843009213693973:3,Symbolica_default,cached_powers_Q,4,1,0.194,BalancedZippelSeparated
fire7_nb0_rank3194,Automatic,1,ok,156.901,33,2,1,0,0,2305843009213693967:30;2305843009213693973:3,Symbolica_default,cached_powers_Q,3,2,0.321,BalancedZippelSeparated
fire7_nb0_rank3195,Automatic,1,ok,387.531,30,2,1,0,0,2305843009213693967:27;2305843009213693973:3,Symbolica_default,cached_powers_Q,4,1,0.438,BalancedZippelSeparated
fire7_nb0_rank3196,Automatic,1,ok,355.032,33,2,1,0,0,2305843009213693967:30;2305843009213693973:3,Symbolica_default,cached_powers_Q,3,2,0.286,BalancedZippelSeparated
fire7_nb0_rank3197,Automatic,1,ok,340.722,32,2,1,0,0,2305843009213693967:29;2305843009213693973:3,Symbolica_default,cached_powers_Q,6,1,0.236,BalancedZippelSeparated
fire7_nb0_rank3198,Automatic,1,ok,209.041,30,2,1,0,0,2305843009213693967:27;2305843009213693973:3,Symbolica_default,cached_powers_Q,4,1,0.397,BalancedZippelSeparated
fire7_nb0_rank3199,Automatic,1,ok,262.411,33,2,1,0,0,2305843009213693967:30;2305843009213693973:3,Symbolica_default,cached_powers_Q,3,2,0.215,BalancedZippelSeparated
fire7_nb0_rank3200,Automatic,1,ok,153.930,30,2,1,0,0,2305843009213693967:27;2305843009213693973:3,Symbolica_default,cached_powers_Q,4,1,0.190,BalancedZippelSeparated
fire7_nb0_rank3201,Automatic,1,ok,142.240,31,2,1,0,0,2305843009213693967:28;2305843009213693973:3,Symbolica_default,cached_powers_Q,4,1,0.333,BalancedZippelSeparated
fire7_nb0_rank3202,Automatic,1,ok,117.250,29,2,1,0,0,2305843009213693967:26;2305843009213693973:3,Symbolica_default,cached_powers_Q,4,1,0.200,BalancedZippelSeparated
fire7_nb0_rank3203,Automatic,1,ok,148.141,30,2,1,0,0,2305843009213693967:27;2305843009213693973:3,Symbolica_default,cached_powers_Q,4,1,0.220,BalancedZippelSeparated
fire7_nb0_rank3204,Automatic,1,ok,246.011,33,2,1,0,0,2305843009213693967:30;2305843009213693973:3,Symbolica_default,cached_powers_Q,3,2,0.509,BalancedZippelSeparated
fire7_nb0_rank3205,Automatic,1,ok,166.181,33,2,1,0,0,2305843009213693967:30;2305843009213693973:3,Symbolica_default,cached_powers_Q,3,2,0.268,BalancedZippelSeparated
fire7_nb0_rank3206,Automatic,1,ok,172.651,33,2,1,0,0,2305843009213693967:30;2305843009213693973:3,Symbolica_default,cached_powers_Q,3,2,0.257,BalancedZippelSeparated
fire7_nb0_rank3207,Automatic,1,ok,414.811,30,2,1,0,0,2305843009213693967:27;2305843009213693973:3,Symbolica_default,cached_powers_Q,4,1,0.334,BalancedZippelSeparated
fire7_nb0_rank3208,Automatic,1,ok,170.241,31,2,1,0,0,2305843009213693967:28;2305843009213693973:3,Symbolica_default,cached_powers_Q,3,2,0.281,BalancedZippelSeparated
fire7_nb0_rank3209,Automatic,1,ok,306.551,30,2,1,0,0,2305843009213693967:27;2305843009213693973:3,Symbolica_default,cached_powers_Q,4,1,0.256,BalancedZippelSeparated
fire7_nb0_rank3210,Automatic,1,ok,247.241,33,2,1,0,0,2305843009213693967:30;2305843009213693973:3,Symbolica_default,cached_powers_Q,3,2,0.323,BalancedZippelSeparated
fire7_nb0_rank3211,Automatic,1,ok,194.781,33,2,1,0,0,2305843009213693967:30;2305843009213693973:3,Symbolica_default,cached_powers_Q,3,2,0.260,BalancedZippelSeparated
fire7_nb0_rank3212,Automatic,1,ok,341.401,30,2,1,0,0,2305843009213693967:27;2305843009213693973:3,Symbolica_default,cached_powers_Q,4,1,0.242,BalancedZippelSeparated
fire7_nb0_rank3213,Automatic,1,ok,179.981,31,2,1,0,0,2305843009213693967:28;2305843009213693973:3,Symbolica_default,cached_powers_Q,3,2,0.280,BalancedZippelSeparated
fire7_nb0_rank3214,Automatic,1,ok,176.681,31,2,1,0,0,2305843009213693967:28;2305843009213693973:3,Symbolica_default,cached_powers_Q,3,2,0.234,BalancedZippelSeparated
fire7_nb0_rank3215,Automatic,1,ok,163.960,31,2,1,0,0,2305843009213693967:28;2305843009213693973:3,Symbolica_default,cached_powers_Q,3,2,0.224,BalancedZippelSeparated
fire7_nb0_rank3216,Automatic,1,ok,162.180,31,2,1,0,0,2305843009213693967:28;2305843009213693973:3,Symbolica_default,cached_powers_Q,3,2,0.215,BalancedZippelSeparated
fire7_nb0_rank3217,Automatic,1,ok,161.181,31,2,1,0,0,2305843009213693967:28;2305843009213693973:3,Symbolica_default,cached_powers_Q,3,2,0.224,BalancedZippelSeparated
fire7_nb0_rank3218,Automatic,1,ok,164.231,36,2,1,0,0,2305843009213693967:33;2305843009213693973:3,Symbolica_default,cached_powers_Q,2,3,0.223,BalancedZippelSeparated
fire7_nb0_rank3219,Automatic,1,ok,169.641,31,2,1,0,0,2305843009213693967:28;2305843009213693973:3,Symbolica_default,cached_powers_Q,3,2,0.357,BalancedZippelSeparated
fire7_nb0_rank3220,Automatic,1,ok,298.221,32,2,1,0,0,2305843009213693967:29;2305843009213693973:3,Symbolica_default,cached_powers_Q,3,2,0.288,BalancedZippelSeparated
fire7_nb0_rank3221,Automatic,1,ok,368.451,32,2,1,0,0,2305843009213693967:29;2305843009213693973:3,Symbolica_default,cached_powers_Q,3,2,0.300,BalancedZippelSeparated
fire7_nb0_rank3222,Automatic,1,ok,348.711,32,2,1,0,0,2305843009213693967:29;2305843009213693973:3,Symbolica_default,cached_powers_Q,3,2,0.295,BalancedZippelSeparated
fire7_nb0_rank3223,Automatic,1,ok,214.351,31,2,1,0,0,2305843009213693967:28;2305843009213693973:3,Symbolica_default,cached_powers_Q,3,2,0.461,BalancedZippelSeparated
fire7_nb0_rank3224,Automatic,1,ok,158.341,34,2,1,0,0,2305843009213693967:31;2305843009213693973:3,Symbolica_default,cached_powers_Q,5,1,0.223,BalancedZippelSeparated
fire7_nb0_rank3225,Automatic,1,ok,209.770,39,2,1,0,0,2305843009213693967:36;2305843009213693973:3,Symbolica_default,cached_powers_Q,5,3,0.229,BalancedZippelSeparated
fire7_nb0_rank3226,Automatic,1,ok,141.601,29,2,1,0,0,2305843009213693967:26;2305843009213693973:3,Symbolica_default,cached_powers_Q,4,1,0.186,BalancedZippelSeparated
fire7_nb0_rank3227,Automatic,1,ok,149.360,31,2,1,0,0,2305843009213693967:28;2305843009213693973:3,Symbolica_default,cached_powers_Q,3,2,0.378,BalancedZippelSeparated
fire7_nb0_rank3228,Automatic,1,ok,140.500,31,2,1,0,0,2305843009213693967:28;2305843009213693973:3,Symbolica_default,cached_powers_Q,3,2,0.211,BalancedZippelSeparated
fire7_nb0_rank3229,Automatic,1,ok,203.181,31,2,1,0,0,2305843009213693967:28;2305843009213693973:3,Symbolica_default,cached_powers_Q,3,2,0.452,BalancedZippelSeparated
fire7_nb0_rank3230,Automatic,1,ok,181.011,31,2,1,0,0,2305843009213693967:28;2305843009213693973:3,Symbolica_default,cached_powers_Q,3,2,0.428,BalancedZippelSeparated
fire7_nb0_rank3231,Automatic,1,ok,372.851,31,2,1,0,0,2305843009213693967:28;2305843009213693973:3,Symbolica_default,cached_powers_Q,3,2,0.277,BalancedZippelSeparated
fire7_nb0_rank3232,Automatic,1,ok,193.930,40,2,1,0,0,2305843009213693967:37;2305843009213693973:3,Symbolica_default,cached_powers_Q,3,3,0.428,BalancedZippelSeparated
fire7_nb0_rank3233,Automatic,1,ok,167.100,31,2,1,0,0,2305843009213693967:28;2305843009213693973:3,Symbolica_default,cached_powers_Q,3,2,0.267,BalancedZippelSeparated
fire7_nb0_rank3234,Automatic,1,ok,183.111,31,2,1,0,0,2305843009213693967:28;2305843009213693973:3,Symbolica_default,cached_powers_Q,3,2,0.419,BalancedZippelSeparated
fire7_nb0_rank3235,Automatic,1,ok,227.121,31,2,1,0,0,2305843009213693967:28;2305843009213693973:3,Symbolica_default,cached_powers_Q,3,2,0.355,BalancedZippelSeparated
fire7_nb0_rank3236,Automatic,1,ok,163.650,31,2,1,0,0,2305843009213693967:28;2305843009213693973:3,Symbolica_default,cached_powers_Q,3,2,0.273,BalancedZippelSeparated
fire7_nb0_rank3237,Automatic,1,ok,335.082,31,2,1,0,0,2305843009213693967:28;2305843009213693973:3,Symbolica_default,cached_powers_Q,3,2,0.275,BalancedZippelSeparated
fire7_nb0_rank3238,Automatic,1,ok,141.421,35,2,1,0,0,2305843009213693967:32;2305843009213693973:3,Symbolica_default,cached_powers_Q,3,1,0.271,BalancedZippelSeparated
fire7_nb0_rank3239,Automatic,1,ok,229.211,36,2,1,0,0,2305843009213693967:33;2305843009213693973:3,Symbolica_default,cached_powers_Q,5,2,0.235,BalancedZippelSeparated
fire7_nb0_rank3240,Automatic,1,ok,235.871,37,2,1,0,0,2305843009213693967:34;2305843009213693973:3,Symbolica_default,cached_powers_Q,3,3,0.222,BalancedZippelSeparated
fire7_nb0_rank3241,Automatic,1,ok,148.901,31,2,1,0,0,2305843009213693967:28;2305843009213693973:3,Symbolica_default,cached_powers_Q,3,2,0.180,BalancedZippelSeparated
fire7_nb0_rank3242,Automatic,1,ok,142.851,31,2,1,0,0,2305843009213693967:28;2305843009213693973:3,Symbolica_default,cached_powers_Q,3,2,0.220,BalancedZippelSeparated
fire7_nb0_rank3243,Automatic,1,ok,139.191,31,2,1,0,0,2305843009213693967:28;2305843009213693973:3,Symbolica_default,cached_powers_Q,3,2,0.226,BalancedZippelSeparated
fire7_nb0_rank3244,Automatic,1,ok,163.041,37,2,1,0,0,2305843009213693967:34;2305843009213693973:3,Symbolica_default,cached_powers_Q,2,3,0.222,BalancedZippelSeparated
fire7_nb0_rank3245,Automatic,1,ok,214.711,33,2,1,0,0,2305843009213693967:30;2305843009213693973:3,Symbolica_default,cached_powers_Q,3,1,0.418,BalancedZippelSeparated
fire7_nb0_rank3246,Automatic,1,ok,350.111,34,2,1,0,0,2305843009213693967:31;2305843009213693973:3,Symbolica_default,cached_powers_Q,5,1,0.258,BalancedZippelSeparated
fire7_nb0_rank3247,Automatic,1,ok,209.561,34,2,1,0,0,2305843009213693967:31;2305843009213693973:3,Symbolica_default,cached_powers_Q,5,1,0.245,BalancedZippelSeparated
fire7_nb0_rank3248,Automatic,1,ok,213.021,31,2,1,0,0,2305843009213693967:28;2305843009213693973:3,Symbolica_default,cached_powers_Q,4,1,0.434,BalancedZippelSeparated
fire7_nb0_rank3249,Automatic,1,ok,326.072,33,2,1,0,0,2305843009213693967:30;2305843009213693973:3,Symbolica_default,cached_powers_Q,3,1,0.212,BalancedZippelSeparated
fire7_nb0_rank3250,Automatic,1,ok,139.910,34,2,1,0,0,2305843009213693967:31;2305843009213693973:3,Symbolica_default,cached_powers_Q,2,3,0.347,BalancedZippelSeparated
fire7_nb0_rank3251,Automatic,1,ok,126.970,20,2,1,0,0,2305843009213693967:17;2305843009213693973:3,Symbolica_default,cached_powers_Q,3,2,0.328,BalancedZippelSeparated
fire7_nb0_rank3252,Automatic,1,ok,180.961,32,2,1,0,0,2305843009213693967:29;2305843009213693973:3,Symbolica_default,cached_powers_Q,4,2,0.349,BalancedZippelSeparated
fire7_nb0_rank3253,Automatic,1,ok,138.511,34,2,1,0,0,2305843009213693967:31;2305843009213693973:3,Symbolica_default,cached_powers_Q,2,3,0.170,BalancedZippelSeparated
fire7_nb0_rank3254,Automatic,1,ok,230.961,29,2,1,0,0,2305843009213693967:26;2305843009213693973:3,Symbolica_default,cached_powers_Q,4,1,0.194,BalancedZippelSeparated
fire7_nb0_rank3255,Automatic,1,ok,216.341,34,2,1,0,0,2305843009213693967:31;2305843009213693973:3,Symbolica_default,cached_powers_Q,2,3,0.539,BalancedZippelSeparated
fire7_nb0_rank3256,Automatic,1,ok,361.162,34,2,1,0,0,2305843009213693967:31;2305843009213693973:3,Symbolica_default,cached_powers_Q,2,3,0.238,BalancedZippelSeparated
fire7_nb0_rank3257,Automatic,1,ok,271.371,34,2,1,0,0,2305843009213693967:31;2305843009213693973:3,Symbolica_default,cached_powers_Q,5,1,0.303,BalancedZippelSeparated
fire7_nb0_rank3258,Automatic,1,ok,331.971,30,2,1,0,0,2305843009213693967:27;2305843009213693973:3,Symbolica_default,cached_powers_Q,2,2,0.258,BalancedZippelSeparated
fire7_nb0_rank3259,Automatic,1,ok,165.021,35,2,1,0,0,2305843009213693967:32;2305843009213693973:3,Symbolica_default,cached_powers_Q,1,3,0.295,BalancedZippelSeparated
fire7_nb0_rank3260,Automatic,1,ok,232.151,33,2,1,0,0,2305843009213693967:30;2305843009213693973:3,Symbolica_default,cached_powers_Q,3,1,0.182,BalancedZippelSeparated
fire7_nb0_rank3261,Automatic,1,ok,130.510,20,2,1,0,0,2305843009213693967:17;2305843009213693973:3,Symbolica_default,cached_powers_Q,3,2,0.210,BalancedZippelSeparated
fire7_nb0_rank3262,Automatic,1,ok,150.500,33,2,1,0,0,2305843009213693967:30;2305843009213693973:3,Symbolica_default,cached_powers_Q,3,1,0.251,BalancedZippelSeparated
fire7_nb0_rank3263,Automatic,1,ok,161.240,34,2,1,0,0,2305843009213693967:31;2305843009213693973:3,Symbolica_default,cached_powers_Q,2,3,0.145,BalancedZippelSeparated
fire7_nb0_rank3264,Automatic,1,ok,139.911,34,2,1,0,0,2305843009213693967:31;2305843009213693973:3,Symbolica_default,cached_powers_Q,3,2,0.223,BalancedZippelSeparated
fire7_nb0_rank3265,Automatic,1,ok,263.741,34,2,1,0,0,2305843009213693967:31;2305843009213693973:3,Symbolica_default,cached_powers_Q,2,3,0.208,BalancedZippelSeparated
fire7_nb0_rank3266,Automatic,1,ok,277.281,28,2,1,0,0,2305843009213693967:25;2305843009213693973:3,Symbolica_default,cached_powers_Q,2,2,0.199,BalancedZippelSeparated
fire7_nb0_rank3267,Automatic,1,ok,133.591,34,2,1,0,0,2305843009213693967:31;2305843009213693973:3,Symbolica_default,cached_powers_Q,1,3,0.139,BalancedZippelSeparated
fire7_nb0_rank3268,Automatic,1,ok,150.271,29,2,1,0,0,2305843009213693967:26;2305843009213693973:3,Symbolica_default,cached_powers_Q,2,2,0.176,BalancedZippelSeparated
fire7_nb0_rank3269,Automatic,1,ok,212.220,28,2,1,0,0,2305843009213693967:25;2305843009213693973:3,Symbolica_default,cached_powers_Q,2,2,0.317,BalancedZippelSeparated
fire7_nb0_rank3270,Automatic,1,ok,160.061,30,2,1,0,0,2305843009213693967:27;2305843009213693973:3,Symbolica_default,cached_powers_Q,2,1,0.282,BalancedZippelSeparated
fire7_nb0_rank3271,Automatic,1,ok,235.761,28,2,1,0,0,2305843009213693967:25;2305843009213693973:3,Symbolica_default,cached_powers_Q,2,2,0.485,BalancedZippelSeparated
fire7_nb0_rank3272,Automatic,1,ok,180.441,28,2,1,0,0,2305843009213693967:25;2305843009213693973:3,Symbolica_default,cached_powers_Q,2,2,0.436,BalancedZippelSeparated
fire7_nb0_rank3273,Automatic,1,ok,112.951,32,2,1,0,0,2305843009213693967:29;2305843009213693973:3,Symbolica_default,cached_powers_Q,1,3,0.186,BalancedZippelSeparated
fire7_nb0_rank3274,Automatic,1,ok,124.650,20,2,1,0,0,2305843009213693967:17;2305843009213693973:3,Symbolica_default,cached_powers_Q,3,2,0.349,BalancedZippelSeparated
fire7_nb0_rank3275,Automatic,1,ok,148.111,32,2,1,0,0,2305843009213693967:29;2305843009213693973:3,Symbolica_default,cached_powers_Q,1,3,0.194,BalancedZippelSeparated
fire7_nb0_rank3276,Automatic,1,ok,122.320,33,2,1,0,0,2305843009213693967:30;2305843009213693973:3,Symbolica_default,cached_powers_Q,3,2,0.306,BalancedZippelSeparated
fire7_nb0_rank3277,Automatic,1,ok,137.860,33,2,1,0,0,2305843009213693967:30;2305843009213693973:3,Symbolica_default,cached_powers_Q,3,2,0.190,BalancedZippelSeparated
fire7_nb0_rank3278,Automatic,1,ok,248.672,28,2,1,0,0,2305843009213693967:25;2305843009213693973:3,Symbolica_default,cached_powers_Q,2,2,0.170,BalancedZippelSeparated
fire7_nb0_rank3279,Automatic,1,ok,142.180,28,2,1,0,0,2305843009213693967:25;2305843009213693973:3,Symbolica_default,cached_powers_Q,2,2,0.213,BalancedZippelSeparated
fire7_nb0_rank3280,Automatic,1,ok,146.341,20,2,1,0,0,2305843009213693967:17;2305843009213693973:3,Symbolica_default,cached_powers_Q,3,2,0.236,BalancedZippelSeparated
fire7_nb0_rank3281,Automatic,1,ok,181.631,30,2,1,0,0,2305843009213693967:27;2305843009213693973:3,Symbolica_default,cached_powers_Q,2,2,0.290,BalancedZippelSeparated
fire7_nb0_rank3282,Automatic,1,ok,323.151,18,2,1,0,0,2305843009213693967:15;2305843009213693973:3,Symbolica_default,cached_powers_Q,2,2,0.290,BalancedZippelSeparated
fire7_nb0_rank3283,Automatic,1,ok,297.771,27,2,1,0,0,2305843009213693967:24;2305843009213693973:3,Symbolica_default,cached_powers_Q,2,1,0.261,BalancedZippelSeparated
fire7_nb0_rank3284,Automatic,1,ok,142.390,27,2,1,0,0,2305843009213693967:24;2305843009213693973:3,Symbolica_default,cached_powers_Q,2,1,0.258,BalancedZippelSeparated
fire7_nb0_rank3285,Automatic,1,ok,137.160,34,2,1,0,0,2305843009213693967:31;2305843009213693973:3,Symbolica_default,cached_powers_Q,2,3,0.216,BalancedZippelSeparated
fire7_nb0_rank3286,Automatic,1,ok,120.050,18,2,1,0,0,2305843009213693967:15;2305843009213693973:3,Symbolica_default,cached_powers_Q,2,2,0.234,BalancedZippelSeparated
fire7_nb0_rank3287,Automatic,1,ok,266.491,30,2,1,0,0,2305843009213693967:27;2305843009213693973:3,Symbolica_default,cached_powers_Q,2,2,0.434,BalancedZippelSeparated
fire7_nb0_rank3288,Automatic,1,ok,326.261,34,2,1,0,0,2305843009213693967:31;2305843009213693973:3,Symbolica_default,cached_powers_Q,2,3,0.237,BalancedZippelSeparated
fire7_nb0_rank3289,Automatic,1,ok,190.641,18,2,1,0,0,2305843009213693967:15;2305843009213693973:3,Symbolica_default,cached_powers_Q,2,2,0.371,BalancedZippelSeparated
fire7_nb0_rank3290,Automatic,1,ok,316.022,18,2,1,0,0,2305843009213693967:15;2305843009213693973:3,Symbolica_default,cached_powers_Q,2,2,0.286,BalancedZippelSeparated
fire7_nb0_rank3291,Automatic,1,ok,149.670,27,2,1,0,0,2305843009213693967:24;2305843009213693973:3,Symbolica_default,cached_powers_Q,2,1,0.233,BalancedZippelSeparated
fire7_nb0_rank3292,Automatic,1,ok,191.831,34,2,1,0,0,2305843009213693967:31;2305843009213693973:3,Symbolica_default,cached_powers_Q,2,3,0.244,BalancedZippelSeparated
fire7_nb0_rank3293,Automatic,1,ok,140.010,27,2,1,0,0,2305843009213693967:24;2305843009213693973:3,Symbolica_default,cached_powers_Q,2,1,0.440,BalancedZippelSeparated
fire7_nb0_rank3294,Automatic,1,ok,307.241,27,2,1,0,0,2305843009213693967:24;2305843009213693973:3,Symbolica_default,cached_powers_Q,2,1,0.333,BalancedZippelSeparated
fire7_nb0_rank3295,Automatic,1,ok,157.410,30,2,1,0,0,2305843009213693967:27;2305843009213693973:3,Symbolica_default,cached_powers_Q,2,2,0.256,BalancedZippelSeparated
fire7_nb0_rank3296,Automatic,1,ok,150.791,18,2,1,0,0,2305843009213693967:15;2305843009213693973:3,Symbolica_default,cached_powers_Q,1,2,0.426,BalancedZippelSeparated
fire7_nb0_rank3297,Automatic,1,ok,164.771,27,2,1,0,0,2305843009213693967:24;2305843009213693973:3,Symbolica_default,cached_powers_Q,2,1,0.486,BalancedZippelSeparated
fire7_nb0_rank3298,Automatic,1,ok,145.860,27,2,1,0,0,2305843009213693967:24;2305843009213693973:3,Symbolica_default,cached_powers_Q,2,1,0.299,BalancedZippelSeparated
fire7_nb0_rank3299,Automatic,1,ok,271.621,30,2,1,0,0,2305843009213693967:27;2305843009213693973:3,Symbolica_default,cached_powers_Q,2,2,0.204,BalancedZippelSeparated
fire7_nb0_rank3300,Automatic,1,ok,106.640,27,2,1,0,0,2305843009213693967:24;2305843009213693973:3,Symbolica_default,cached_powers_Q,1,1,0.211,BalancedZippelSeparated
fire7_nb0_rank3301,Automatic,1,ok,118.770,27,2,1,0,0,2305843009213693967:24;2305843009213693973:3,Symbolica_default,cached_powers_Q,2,1,0.200,BalancedZippelSeparated
fire7_nb0_rank3302,Automatic,1,ok,368.422,27,2,1,0,0,2305843009213693967:24;2305843009213693973:3,Symbolica_default,cached_powers_Q,2,1,0.166,BalancedZippelSeparated
fire7_nb0_rank3303,Automatic,1,ok,102.691,27,2,1,0,0,2305843009213693967:24;2305843009213693973:3,Symbolica_default,cached_powers_Q,2,1,0.202,BalancedZippelSeparated
fire7_nb0_rank3304,Automatic,1,ok,111.061,27,2,1,0,0,2305843009213693967:24;2305843009213693973:3,Symbolica_default,cached_powers_Q,2,1,0.166,BalancedZippelSeparated
fire7_nb0_rank3305,Automatic,1,ok,141.691,16,2,1,0,0,2305843009213693967:13;2305843009213693973:3,Symbolica_default,cached_powers_Q,2,1,0.226,BalancedZippelSeparated
fire7_nb0_rank3306,Automatic,1,ok,209.001,27,2,1,0,0,2305843009213693967:24;2305843009213693973:3,Symbolica_default,cached_powers_Q,2,1,0.430,BalancedZippelSeparated
fire7_nb0_rank3307,Automatic,1,ok,134.141,16,2,1,0,0,2305843009213693967:13;2305843009213693973:3,Symbolica_default,cached_powers_Q,2,1,0.413,BalancedZippelSeparated
fire7_nb0_rank3308,Automatic,1,ok,119.291,24,2,1,0,0,2305843009213693967:21;2305843009213693973:3,Symbolica_default,cached_powers_Q,1,1,0.165,BalancedZippelSeparated
fire7_nb0_rank3309,Automatic,1,ok,107.940,24,2,1,0,0,2305843009213693967:21;2305843009213693973:3,Symbolica_default,cached_powers_Q,1,1,0.156,BalancedZippelSeparated
fire7_nb0_rank3310,Automatic,1,ok,111.381,24,2,1,0,0,2305843009213693967:21;2305843009213693973:3,Symbolica_default,cached_powers_Q,1,1,0.150,BalancedZippelSeparated
fire7_nb0_rank3311,Automatic,1,ok,97.431,16,2,1,0,0,2305843009213693967:13;2305843009213693973:3,Symbolica_default,cached_powers_Q,2,1,0.134,BalancedZippelSeparated
fire7_nb0_rank3312,Automatic,1,ok,97.070,16,2,1,0,0,2305843009213693967:13;2305843009213693973:3,Symbolica_default,cached_powers_Q,2,1,0.122,BalancedZippelSeparated
fire7_nb0_rank3313,Automatic,1,ok,94.051,16,2,1,0,0,2305843009213693967:13;2305843009213693973:3,Symbolica_default,cached_powers_Q,2,1,0.109,BalancedZippelSeparated
fire7_nb0_rank3314,Automatic,1,ok,243.151,16,2,1,0,0,2305843009213693967:13;2305843009213693973:3,Symbolica_default,cached_powers_Q,2,1,0.092,BalancedZippelSeparated
fire7_nb0_rank3315,Automatic,1,ok,158.771,16,2,1,0,0,2305843009213693967:13;2305843009213693973:3,Symbolica_default,cached_powers_Q,2,1,0.150,BalancedZippelSeparated
fire7_nb0_rank3316,Automatic,1,ok,136.980,16,2,1,0,0,2305843009213693967:13;2305843009213693973:3,Symbolica_default,cached_powers_Q,2,1,0.130,BalancedZippelSeparated
fire7_nb0_rank3317,Automatic,1,ok,124.031,16,2,1,0,0,2305843009213693967:13;2305843009213693973:3,Symbolica_default,cached_powers_Q,2,1,0.121,BalancedZippelSeparated
fire7_nb0_rank3318,Automatic,1,ok,112.551,14,2,1,0,0,2305843009213693967:11;2305843009213693973:3,Symbolica_default,cached_powers_Q,1,1,0.084,BalancedZippelSeparated
fire7_nb0_rank3319,Automatic,1,ok,153.311,14,2,1,0,0,2305843009213693967:11;2305843009213693973:3,Symbolica_default,cached_powers_Q,1,1,0.092,BalancedZippelSeparated
