case,method,seed,status,elapsed_us,probes,primes,images,support_reuses,support_fallbacks,probes_by_prime,prime_policy,oracle,num_terms,den_terms,setup_ms,selected_methods
fire7_graph5_rank0001,Automatic,1,ok,290.991,51,2,1,0,0,2305843009213693967:48;2305843009213693973:3,Symbolica_default,cached_powers_Q,26,14,0.641,BalancedZippelSeparated
fire7_graph5_rank0002,Automatic,1,ok,452.992,55,2,1,0,0,2305843009213693967:52;2305843009213693973:3,Symbolica_default,cached_powers_Q,29,16,0.738,BalancedZippelSeparated
fire7_graph5_rank0003,Automatic,1,ok,470.241,48,2,1,0,0,2305843009213693967:45;2305843009213693973:3,Symbolica_default,cached_powers_Q,24,14,0.447,BalancedZippelSeparated
fire7_graph5_rank0004,Automatic,1,ok,333.572,50,2,1,0,0,2305843009213693967:47;2305843009213693973:3,Symbolica_default,cached_powers_Q,22,14,0.588,BalancedZippelSeparated
fire7_graph5_rank0005,Automatic,1,ok,317.531,43,2,1,0,0,2305843009213693967:40;2305843009213693973:3,Symbolica_default,cached_powers_Q,20,12,0.714,BalancedZippelSeparated
fire7_graph5_rank0006,Automatic,1,ok,428.402,48,2,1,0,0,2305843009213693967:45;2305843009213693973:3,Symbolica_default,cached_powers_Q,24,14,0.470,BalancedZippelSeparated
fire7_graph5_rank0007,Automatic,1,ok,569.262,46,2,1,0,0,2305843009213693967:43;2305843009213693973:3,Symbolica_default,cached_powers_Q,19,12,0.536,BalancedZippelSeparated
fire7_graph5_rank0008,Automatic,1,ok,428.962,37,2,1,0,0,2305843009213693967:34;2305843009213693973:3,Symbolica_default,cached_powers_Q,16,14,0.417,BalancedZippelSeparated
fire7_graph5_rank0009,Automatic,1,ok,257.521,37,2,1,0,0,2305843009213693967:34;2305843009213693973:3,Symbolica_default,cached_powers_Q,16,14,0.601,BalancedZippelSeparated
fire7_graph5_rank0010,Automatic,1,ok,269.251,40,2,1,0,0,2305843009213693967:37;2305843009213693973:3,Symbolica_default,cached_powers_Q,18,12,0.493,BalancedZippelSeparated
fire7_graph5_rank0011,Automatic,1,ok,233.490,40,2,1,0,0,2305843009213693967:37;2305843009213693973:3,Symbolica_default,cached_powers_Q,16,12,0.476,BalancedZippelSeparated
fire7_graph5_rank0012,Automatic,1,ok,517.872,40,2,1,0,0,2305843009213693967:37;2305843009213693973:3,Symbolica_default,cached_powers_Q,17,10,0.448,BalancedZippelSeparated
fire7_graph5_rank0013,Automatic,1,ok,230.631,34,2,1,0,0,2305843009213693967:31;2305843009213693973:3,Symbolica_default,cached_powers_Q,13,6,0.380,BalancedZippelSeparated
fire7_graph5_rank0014,Automatic,1,ok,259.471,40,2,1,0,0,2305843009213693967:37;2305843009213693973:3,Symbolica_default,cached_powers_Q,17,12,0.543,BalancedZippelSeparated
fire7_graph5_rank0015,Automatic,1,ok,504.682,37,2,1,0,0,2305843009213693967:34;2305843009213693973:3,Symbolica_default,cached_powers_Q,16,14,0.511,BalancedZippelSeparated
fire7_graph5_rank0016,Automatic,1,ok,252.941,37,2,1,0,0,2305843009213693967:34;2305843009213693973:3,Symbolica_default,cached_powers_Q,16,14,0.388,BalancedZippelSeparated
fire7_graph5_rank0017,Automatic,1,ok,309.801,40,2,1,0,0,2305843009213693967:37;2305843009213693973:3,Symbolica_default,cached_powers_Q,16,12,0.707,BalancedZippelSeparated
fire7_graph5_rank0018,Automatic,1,ok,245.692,36,2,1,0,0,2305843009213693967:33;2305843009213693973:3,Symbolica_default,cached_powers_Q,14,10,0.568,BalancedZippelSeparated
fire7_graph5_rank0019,Automatic,1,ok,233.401,36,2,1,0,0,2305843009213693967:33;2305843009213693973:3,Symbolica_default,cached_powers_Q,14,10,0.374,BalancedZippelSeparated
fire7_graph5_rank0020,Automatic,1,ok,277.341,32,2,1,0,0,2305843009213693967:29;2305843009213693973:3,Symbolica_default,cached_powers_Q,12,12,0.495,BalancedZippelSeparated
fire7_graph5_rank0021,Automatic,1,ok,417.641,38,2,1,0,0,2305843009213693967:35;2305843009213693973:3,Symbolica_default,cached_powers_Q,13,10,0.375,BalancedZippelSeparated
fire7_graph5_rank0022,Automatic,1,ok,245.791,38,2,1,0,0,2305843009213693967:35;2305843009213693973:3,Symbolica_default,cached_powers_Q,13,10,0.622,BalancedZippelSeparated
fire7_graph5_rank0023,Automatic,1,ok,233.661,36,2,1,0,0,2305843009213693967:33;2305843009213693973:3,Symbolica_default,cached_powers_Q,14,10,0.385,BalancedZippelSeparated
fire7_graph5_rank0024,Automatic,1,ok,237.810,38,2,1,0,0,2305843009213693967:35;2305843009213693973:3,Symbolica_default,cached_powers_Q,14,10,0.359,BalancedZippelSeparated
fire7_graph5_rank0025,Automatic,1,ok,405.262,33,2,1,0,0,2305843009213693967:30;2305843009213693973:3,Symbolica_default,cached_powers_Q,12,10,0.330,BalancedZippelSeparated
fire7_graph5_rank0026,Automatic,1,ok,268.321,38,2,1,0,0,2305843009213693967:35;2305843009213693973:3,Symbolica_default,cached_powers_Q,14,10,0.376,BalancedZippelSeparated
fire7_graph5_rank0027,Automatic,1,ok,378.442,40,2,1,0,0,2305843009213693967:37;2305843009213693973:3,Symbolica_default,cached_powers_Q,13,10,0.359,BalancedZippelSeparated
fire7_graph5_rank0028,Automatic,1,ok,319.961,40,2,1,0,0,2305843009213693967:37;2305843009213693973:3,Symbolica_default,cached_powers_Q,13,10,0.603,BalancedZippelSeparated
fire7_graph5_rank0029,Automatic,1,ok,241.621,40,2,1,0,0,2305843009213693967:37;2305843009213693973:3,Symbolica_default,cached_powers_Q,17,10,0.489,BalancedZippelSeparated
fire7_graph5_rank0030,Automatic,1,ok,479.072,36,2,1,0,0,2305843009213693967:33;2305843009213693973:3,Symbolica_default,cached_powers_Q,14,8,0.343,BalancedZippelSeparated
fire7_graph5_rank0031,Automatic,1,ok,313.482,31,2,1,0,0,2305843009213693967:28;2305843009213693973:3,Symbolica_default,cached_powers_Q,12,10,0.460,BalancedZippelSeparated
fire7_graph5_rank0032,Automatic,1,ok,287.691,31,2,1,0,0,2305843009213693967:28;2305843009213693973:3,Symbolica_default,cached_powers_Q,10,12,0.676,BalancedZippelSeparated
fire7_graph5_rank0033,Automatic,1,ok,258.571,36,2,1,0,0,2305843009213693967:33;2305843009213693973:3,Symbolica_default,cached_powers_Q,14,10,0.547,BalancedZippelSeparated
fire7_graph5_rank0034,Automatic,1,ok,233.561,34,2,1,0,0,2305843009213693967:31;2305843009213693973:3,Symbolica_default,cached_powers_Q,13,12,0.371,BalancedZippelSeparated
fire7_graph5_rank0035,Automatic,1,ok,523.872,32,2,1,0,0,2305843009213693967:29;2305843009213693973:3,Symbolica_default,cached_powers_Q,9,10,0.450,BalancedZippelSeparated
fire7_graph5_rank0036,Automatic,1,ok,257.951,33,2,1,0,0,2305843009213693967:30;2305843009213693973:3,Symbolica_default,cached_powers_Q,12,10,0.556,BalancedZippelSeparated
fire7_graph5_rank0037,Automatic,1,ok,260.811,27,2,1,0,0,2305843009213693967:24;2305843009213693973:3,Symbolica_default,cached_powers_Q,6,12,0.418,BalancedZippelSeparated
fire7_graph5_rank0038,Automatic,1,ok,275.171,30,2,1,0,0,2305843009213693967:27;2305843009213693973:3,Symbolica_default,cached_powers_Q,10,10,0.573,BalancedZippelSeparated
fire7_graph5_rank0039,Automatic,1,ok,257.531,34,2,1,0,0,2305843009213693967:31;2305843009213693973:3,Symbolica_default,cached_powers_Q,10,10,0.589,BalancedZippelSeparated
fire7_graph5_rank0040,Automatic,1,ok,274.271,29,2,1,0,0,2305843009213693967:26;2305843009213693973:3,Symbolica_default,cached_powers_Q,9,8,0.402,BalancedZippelSeparated
fire7_graph5_rank0041,Automatic,1,ok,190.791,29,2,1,0,0,2305843009213693967:26;2305843009213693973:3,Symbolica_default,cached_powers_Q,9,8,0.323,BalancedZippelSeparated
fire7_graph5_rank0042,Automatic,1,ok,199.161,33,2,1,0,0,2305843009213693967:30;2305843009213693973:3,Symbolica_default,cached_powers_Q,13,6,0.302,BalancedZippelSeparated
fire7_graph5_rank0043,Automatic,1,ok,293.681,38,2,1,0,0,2305843009213693967:35;2305843009213693973:3,Symbolica_default,cached_powers_Q,14,10,0.430,BalancedZippelSeparated
fire7_graph5_rank0044,Automatic,1,ok,210.771,32,2,1,0,0,2305843009213693967:29;2305843009213693973:3,Symbolica_default,cached_powers_Q,12,12,0.334,BalancedZippelSeparated
fire7_graph5_rank0045,Automatic,1,ok,332.161,31,2,1,0,0,2305843009213693967:28;2305843009213693973:3,Symbolica_default,cached_powers_Q,12,6,0.326,BalancedZippelSeparated
fire7_graph5_rank0046,Automatic,1,ok,207.261,29,2,1,0,0,2305843009213693967:26;2305843009213693973:3,Symbolica_default,cached_powers_Q,9,10,0.402,BalancedZippelSeparated
fire7_graph5_rank0047,Automatic,1,ok,437.251,42,2,1,0,0,2305843009213693967:39;2305843009213693973:3,Symbolica_default,cached_powers_Q,14,5,0.345,BalancedZippelSeparated
fire7_graph5_rank0048,Automatic,1,ok,367.951,29,2,1,0,0,2305843009213693967:26;2305843009213693973:3,Symbolica_default,cached_powers_Q,10,10,0.383,BalancedZippelSeparated
fire7_graph5_rank0049,Automatic,1,ok,386.621,31,2,1,0,0,2305843009213693967:28;2305843009213693973:3,Symbolica_default,cached_powers_Q,12,6,0.324,BalancedZippelSeparated
fire7_graph5_rank0050,Automatic,1,ok,227.271,30,2,1,0,0,2305843009213693967:27;2305843009213693973:3,Symbolica_default,cached_powers_Q,10,10,0.333,BalancedZippelSeparated
fire7_graph5_rank0051,Automatic,1,ok,203.921,29,2,1,0,0,2305843009213693967:26;2305843009213693973:3,Symbolica_default,cached_powers_Q,9,8,0.548,BalancedZippelSeparated
fire7_graph5_rank0052,Automatic,1,ok,195.111,28,2,1,0,0,2305843009213693967:25;2305843009213693973:3,Symbolica_default,cached_powers_Q,9,8,0.329,BalancedZippelSeparated
fire7_graph5_rank0053,Automatic,1,ok,253.461,28,2,1,0,0,2305843009213693967:25;2305843009213693973:3,Symbolica_default,cached_powers_Q,10,8,0.421,BalancedZippelSeparated
fire7_graph5_rank0054,Automatic,1,ok,197.361,28,2,1,0,0,2305843009213693967:25;2305843009213693973:3,Symbolica_default,cached_powers_Q,10,8,0.323,BalancedZippelSeparated
fire7_graph5_rank0055,Automatic,1,ok,199.501,31,2,1,0,0,2305843009213693967:28;2305843009213693973:3,Symbolica_default,cached_powers_Q,12,6,0.248,BalancedZippelSeparated
fire7_graph5_rank0056,Automatic,1,ok,230.881,28,2,1,0,0,2305843009213693967:25;2305843009213693973:3,Symbolica_default,cached_powers_Q,10,8,0.579,BalancedZippelSeparated
fire7_graph5_rank0057,Automatic,1,ok,267.251,31,2,1,0,0,2305843009213693967:28;2305843009213693973:3,Symbolica_default,cached_powers_Q,12,10,0.363,BalancedZippelSeparated
fire7_graph5_rank0058,Automatic,1,ok,411.152,31,2,1,0,0,2305843009213693967:28;2305843009213693973:3,Symbolica_default,cached_powers_Q,12,6,0.347,BalancedZippelSeparated
fire7_graph5_rank0059,Automatic,1,ok,257.081,30,2,1,0,0,2305843009213693967:27;2305843009213693973:3,Symbolica_default,cached_powers_Q,9,10,0.651,BalancedZippelSeparated
fire7_graph5_rank0060,Automatic,1,ok,224.091,28,2,1,0,0,2305843009213693967:25;2305843009213693973:3,Symbolica_default,cached_powers_Q,10,8,0.557,BalancedZippelSeparated
fire7_graph5_rank0061,Automatic,1,ok,216.801,32,2,1,0,0,2305843009213693967:29;2305843009213693973:3,Symbolica_default,cached_powers_Q,10,5,0.356,BalancedZippelSeparated
fire7_graph5_rank0062,Automatic,1,ok,282.502,31,2,1,0,0,2305843009213693967:28;2305843009213693973:3,Symbolica_default,cached_powers_Q,11,10,0.649,BalancedZippelSeparated
fire7_graph5_rank0063,Automatic,1,ok,371.571,28,2,1,0,0,2305843009213693967:25;2305843009213693973:3,Symbolica_default,cached_powers_Q,10,8,0.355,BalancedZippelSeparated
fire7_graph5_rank0064,Automatic,1,ok,469.031,26,2,1,0,0,2305843009213693967:23;2305843009213693973:3,Symbolica_default,cached_powers_Q,8,8,0.467,BalancedZippelSeparated
fire7_graph5_rank0065,Automatic,1,ok,227.501,28,2,1,0,0,2305843009213693967:25;2305843009213693973:3,Symbolica_default,cached_powers_Q,10,8,0.379,BalancedZippelSeparated
fire7_graph5_rank0066,Automatic,1,ok,442.612,31,2,1,0,0,2305843009213693967:28;2305843009213693973:3,Symbolica_default,cached_powers_Q,12,10,0.360,BalancedZippelSeparated
fire7_graph5_rank0067,Automatic,1,ok,396.142,28,2,1,0,0,2305843009213693967:25;2305843009213693973:3,Symbolica_default,cached_powers_Q,9,8,0.368,BalancedZippelSeparated
fire7_graph5_rank0068,Automatic,1,ok,221.811,32,2,1,0,0,2305843009213693967:29;2305843009213693973:3,Symbolica_default,cached_powers_Q,11,8,0.297,BalancedZippelSeparated
fire7_graph5_rank0069,Automatic,1,ok,225.301,29,2,1,0,0,2305843009213693967:26;2305843009213693973:3,Symbolica_default,cached_powers_Q,9,6,0.278,BalancedZippelSeparated
fire7_graph5_rank0070,Automatic,1,ok,181.351,29,2,1,0,0,2305843009213693967:26;2305843009213693973:3,Symbolica_default,cached_powers_Q,7,10,0.310,BalancedZippelSeparated
fire7_graph5_rank0071,Automatic,1,ok,226.191,32,2,1,0,0,2305843009213693967:29;2305843009213693973:3,Symbolica_default,cached_powers_Q,11,8,0.417,BalancedZippelSeparated
fire7_graph5_rank0072,Automatic,1,ok,352.631,28,2,1,0,0,2305843009213693967:25;2305843009213693973:3,Symbolica_default,cached_powers_Q,10,8,0.308,BalancedZippelSeparated
fire7_graph5_rank0073,Automatic,1,ok,226.810,30,2,1,0,0,2305843009213693967:27;2305843009213693973:3,Symbolica_default,cached_powers_Q,11,5,0.339,BalancedZippelSeparated
fire7_graph5_rank0074,Automatic,1,ok,259.041,32,2,1,0,0,2305843009213693967:29;2305843009213693973:3,Symbolica_default,cached_powers_Q,9,10,0.549,BalancedZippelSeparated
fire7_graph5_rank0075,Automatic,1,ok,450.202,32,2,1,0,0,2305843009213693967:29;2305843009213693973:3,Symbolica_default,cached_powers_Q,11,8,0.468,BalancedZippelSeparated
fire7_graph5_rank0076,Automatic,1,ok,223.921,28,2,1,0,0,2305843009213693967:25;2305843009213693973:3,Symbolica_default,cached_powers_Q,10,5,0.356,BalancedZippelSeparated
fire7_graph5_rank0077,Automatic,1,ok,199.501,26,2,1,0,0,2305843009213693967:23;2305843009213693973:3,Symbolica_default,cached_powers_Q,8,8,0.454,BalancedZippelSeparated
fire7_graph5_rank0078,Automatic,1,ok,173.151,27,2,1,0,0,2305843009213693967:24;2305843009213693973:3,Symbolica_default,cached_powers_Q,7,8,0.331,BalancedZippelSeparated
fire7_graph5_rank0079,Automatic,1,ok,232.941,27,2,1,0,0,2305843009213693967:24;2305843009213693973:3,Symbolica_default,cached_powers_Q,7,8,0.328,BalancedZippelSeparated
fire7_graph5_rank0080,Automatic,1,ok,162.540,25,2,1,0,0,2305843009213693967:22;2305843009213693973:3,Symbolica_default,cached_powers_Q,8,6,0.464,BalancedZippelSeparated
fire7_graph5_rank0081,Automatic,1,ok,171.051,26,2,1,0,0,2305843009213693967:23;2305843009213693973:3,Symbolica_default,cached_powers_Q,7,6,0.400,BalancedZippelSeparated
fire7_graph5_rank0082,Automatic,1,ok,194.800,26,2,1,0,0,2305843009213693967:23;2305843009213693973:3,Symbolica_default,cached_powers_Q,8,8,0.310,BalancedZippelSeparated
fire7_graph5_rank0083,Automatic,1,ok,399.482,26,2,1,0,0,2305843009213693967:23;2305843009213693973:3,Symbolica_default,cached_powers_Q,8,8,0.396,BalancedZippelSeparated
fire7_graph5_rank0084,Automatic,1,ok,291.862,26,2,1,0,0,2305843009213693967:23;2305843009213693973:3,Symbolica_default,cached_powers_Q,8,8,0.408,BalancedZippelSeparated
fire7_graph5_rank0085,Automatic,1,ok,247.631,29,2,1,0,0,2305843009213693967:26;2305843009213693973:3,Symbolica_default,cached_powers_Q,8,5,0.532,BalancedZippelSeparated
fire7_graph5_rank0086,Automatic,1,ok,234.261,24,2,1,0,0,2305843009213693967:21;2305843009213693973:3,Symbolica_default,cached_powers_Q,5,8,0.646,BalancedZippelSeparated
fire7_graph5_rank0087,Automatic,1,ok,419.042,26,2,1,0,0,2305843009213693967:23;2305843009213693973:3,Symbolica_default,cached_powers_Q,7,6,0.374,BalancedZippelSeparated
fire7_graph5_rank0088,Automatic,1,ok,213.260,25,2,1,0,0,2305843009213693967:22;2305843009213693973:3,Symbolica_default,cached_powers_Q,8,6,0.415,BalancedZippelSeparated
fire7_graph5_rank0089,Automatic,1,ok,311.811,31,2,1,0,0,2305843009213693967:28;2305843009213693973:3,Symbolica_default,cached_powers_Q,10,12,0.419,BalancedZippelSeparated
fire7_graph5_rank0090,Automatic,1,ok,382.742,27,2,1,0,0,2305843009213693967:24;2305843009213693973:3,Symbolica_default,cached_powers_Q,7,8,0.352,BalancedZippelSeparated
fire7_graph5_rank0091,Automatic,1,ok,195.440,31,2,1,0,0,2305843009213693967:28;2305843009213693973:3,Symbolica_default,cached_powers_Q,12,5,0.325,BalancedZippelSeparated
fire7_graph5_rank0092,Automatic,1,ok,488.372,28,2,1,0,0,2305843009213693967:25;2305843009213693973:3,Symbolica_default,cached_powers_Q,10,5,0.451,BalancedZippelSeparated
fire7_graph5_rank0093,Automatic,1,ok,221.861,30,2,1,0,0,2305843009213693967:27;2305843009213693973:3,Symbolica_default,cached_powers_Q,10,5,0.328,BalancedZippelSeparated
fire7_graph5_rank0094,Automatic,1,ok,195.641,28,2,1,0,0,2305843009213693967:25;2305843009213693973:3,Symbolica_default,cached_powers_Q,10,5,0.517,BalancedZippelSeparated
fire7_graph5_rank0095,Automatic,1,ok,294.151,28,2,1,0,0,2305843009213693967:25;2305843009213693973:3,Symbolica_default,cached_powers_Q,8,10,0.669,BalancedZippelSeparated
fire7_graph5_rank0096,Automatic,1,ok,234.260,29,2,1,0,0,2305843009213693967:26;2305843009213693973:3,Symbolica_default,cached_powers_Q,7,10,0.363,BalancedZippelSeparated
fire7_graph5_rank0097,Automatic,1,ok,425.741,26,2,1,0,0,2305843009213693967:23;2305843009213693973:3,Symbolica_default,cached_powers_Q,8,8,0.395,BalancedZippelSeparated
fire7_graph5_rank0098,Automatic,1,ok,418.302,25,2,1,0,0,2305843009213693967:22;2305843009213693973:3,Symbolica_default,cached_powers_Q,4,10,0.338,BalancedZippelSeparated
fire7_graph5_rank0099,Automatic,1,ok,351.742,29,2,1,0,0,2305843009213693967:26;2305843009213693973:3,Symbolica_default,cached_powers_Q,7,10,0.367,BalancedZippelSeparated
fire7_graph5_rank0100,Automatic,1,ok,240.261,28,2,1,0,0,2305843009213693967:25;2305843009213693973:3,Symbolica_default,cached_powers_Q,6,10,0.328,BalancedZippelSeparated
fire7_graph5_rank0101,Automatic,1,ok,218.121,30,2,1,0,0,2305843009213693967:27;2305843009213693973:3,Symbolica_default,cached_powers_Q,9,6,0.335,BalancedZippelSeparated
fire7_graph5_rank0102,Automatic,1,ok,216.930,25,2,1,0,0,2305843009213693967:22;2305843009213693973:3,Symbolica_default,cached_powers_Q,5,10,0.333,BalancedZippelSeparated
fire7_graph5_rank0103,Automatic,1,ok,214.401,28,2,1,0,0,2305843009213693967:25;2305843009213693973:3,Symbolica_default,cached_powers_Q,8,6,0.537,BalancedZippelSeparated
fire7_graph5_rank0104,Automatic,1,ok,211.271,28,2,1,0,0,2305843009213693967:25;2305843009213693973:3,Symbolica_default,cached_powers_Q,8,6,0.558,BalancedZippelSeparated
fire7_graph5_rank0105,Automatic,1,ok,385.032,28,2,1,0,0,2305843009213693967:25;2305843009213693973:3,Symbolica_default,cached_powers_Q,8,10,0.362,BalancedZippelSeparated
fire7_graph5_rank0106,Automatic,1,ok,251.091,28,2,1,0,0,2305843009213693967:25;2305843009213693973:3,Symbolica_default,cached_powers_Q,10,5,0.604,BalancedZippelSeparated
fire7_graph5_rank0107,Automatic,1,ok,203.411,28,2,1,0,0,2305843009213693967:25;2305843009213693973:3,Symbolica_default,cached_powers_Q,8,6,0.614,BalancedZippelSeparated
fire7_graph5_rank0108,Automatic,1,ok,191.750,24,2,1,0,0,2305843009213693967:21;2305843009213693973:3,Symbolica_default,cached_powers_Q,5,8,0.322,BalancedZippelSeparated
fire7_graph5_rank0109,Automatic,1,ok,271.632,26,2,1,0,0,2305843009213693967:23;2305843009213693973:3,Symbolica_default,cached_powers_Q,8,8,0.414,BalancedZippelSeparated
fire7_graph5_rank0110,Automatic,1,ok,208.311,28,2,1,0,0,2305843009213693967:25;2305843009213693973:3,Symbolica_default,cached_powers_Q,10,5,0.331,BalancedZippelSeparated
fire7_graph5_rank0111,Automatic,1,ok,186.401,28,2,1,0,0,2305843009213693967:25;2305843009213693973:3,Symbolica_default,cached_powers_Q,10,5,0.337,BalancedZippelSeparated
fire7_graph5_rank0112,Automatic,1,ok,248.391,27,2,1,0,0,2305843009213693967:24;2305843009213693973:3,Symbolica_default,cached_powers_Q,8,5,0.364,BalancedZippelSeparated
fire7_graph5_rank0113,Automatic,1,ok,202.071,27,2,1,0,0,2305843009213693967:24;2305843009213693973:3,Symbolica_default,cached_powers_Q,8,4,0.357,BalancedZippelSeparated
fire7_graph5_rank0114,Automatic,1,ok,286.181,26,2,1,0,0,2305843009213693967:23;2305843009213693973:3,Symbolica_default,cached_powers_Q,6,8,0.414,BalancedZippelSeparated
fire7_graph5_rank0115,Automatic,1,ok,396.382,25,2,1,0,0,2305843009213693967:22;2305843009213693973:3,Symbolica_default,cached_powers_Q,5,10,0.342,BalancedZippelSeparated
fire7_graph5_rank0116,Automatic,1,ok,239.581,26,2,1,0,0,2305843009213693967:23;2305843009213693973:3,Symbolica_default,cached_powers_Q,7,8,0.307,BalancedZippelSeparated
fire7_graph5_rank0117,Automatic,1,ok,472.882,30,2,1,0,0,2305843009213693967:27;2305843009213693973:3,Symbolica_default,cached_powers_Q,9,10,0.454,BalancedZippelSeparated
fire7_graph5_rank0118,Automatic,1,ok,384.142,26,2,1,0,0,2305843009213693967:23;2305843009213693973:3,Symbolica_default,cached_powers_Q,7,6,0.347,BalancedZippelSeparated
fire7_graph5_rank0119,Automatic,1,ok,204.050,29,2,1,0,0,2305843009213693967:26;2305843009213693973:3,Symbolica_default,cached_powers_Q,8,6,0.371,BalancedZippelSeparated
fire7_graph5_rank0120,Automatic,1,ok,203.040,28,2,1,0,0,2305843009213693967:25;2305843009213693973:3,Symbolica_default,cached_powers_Q,10,5,0.596,BalancedZippelSeparated
fire7_graph5_rank0121,Automatic,1,ok,178.601,24,2,1,0,0,2305843009213693967:21;2305843009213693973:3,Symbolica_default,cached_powers_Q,6,6,0.393,BalancedZippelSeparated
fire7_graph5_rank0122,Automatic,1,ok,162.521,24,2,1,0,0,2305843009213693967:21;2305843009213693973:3,Symbolica_default,cached_powers_Q,6,6,0.267,BalancedZippelSeparated
fire7_graph5_rank0123,Automatic,1,ok,251.821,26,2,1,0,0,2305843009213693967:23;2305843009213693973:3,Symbolica_default,cached_powers_Q,7,8,0.327,BalancedZippelSeparated
fire7_graph5_rank0124,Automatic,1,ok,218.231,28,2,1,0,0,2305843009213693967:25;2305843009213693973:3,Symbolica_default,cached_powers_Q,10,5,0.350,BalancedZippelSeparated
fire7_graph5_rank0125,Automatic,1,ok,411.762,24,2,1,0,0,2305843009213693967:21;2305843009213693973:3,Symbolica_default,cached_powers_Q,6,6,0.591,BalancedZippelSeparated
fire7_graph5_rank0126,Automatic,1,ok,243.201,30,2,1,0,0,2305843009213693967:27;2305843009213693973:3,Symbolica_default,cached_powers_Q,9,5,0.295,BalancedZippelSeparated
fire7_graph5_rank0127,Automatic,1,ok,212.751,28,2,1,0,0,2305843009213693967:25;2305843009213693973:3,Symbolica_default,cached_powers_Q,9,5,0.311,BalancedZippelSeparated
fire7_graph5_rank0128,Automatic,1,ok,192.591,26,2,1,0,0,2305843009213693967:23;2305843009213693973:3,Symbolica_default,cached_powers_Q,8,8,0.314,BalancedZippelSeparated
fire7_graph5_rank0129,Automatic,1,ok,170.420,27,2,1,0,0,2305843009213693967:24;2305843009213693973:3,Symbolica_default,cached_powers_Q,8,5,0.308,BalancedZippelSeparated
fire7_graph5_rank0130,Automatic,1,ok,193.160,34,2,1,0,0,2305843009213693967:31;2305843009213693973:3,Symbolica_default,cached_powers_Q,11,10,0.302,BalancedZippelSeparated
fire7_graph5_rank0131,Automatic,1,ok,215.361,26,2,1,0,0,2305843009213693967:23;2305843009213693973:3,Symbolica_default,cached_powers_Q,6,8,0.333,BalancedZippelSeparated
fire7_graph5_rank0132,Automatic,1,ok,155.271,26,2,1,0,0,2305843009213693967:23;2305843009213693973:3,Symbolica_default,cached_powers_Q,6,4,0.293,BalancedZippelSeparated
fire7_graph5_rank0133,Automatic,1,ok,166.221,29,2,1,0,0,2305843009213693967:26;2305843009213693973:3,Symbolica_default,cached_powers_Q,8,5,0.258,BalancedZippelSeparated
fire7_graph5_rank0134,Automatic,1,ok,235.741,28,2,1,0,0,2305843009213693967:25;2305843009213693973:3,Symbolica_default,cached_powers_Q,9,5,0.294,BalancedZippelSeparated
fire7_graph5_rank0135,Automatic,1,ok,271.201,25,2,1,0,0,2305843009213693967:22;2305843009213693973:3,Symbolica_default,cached_powers_Q,8,6,0.379,BalancedZippelSeparated
fire7_graph5_rank0136,Automatic,1,ok,266.651,26,2,1,0,0,2305843009213693967:23;2305843009213693973:3,Symbolica_default,cached_powers_Q,7,6,0.351,BalancedZippelSeparated
fire7_graph5_rank0137,Automatic,1,ok,254.721,25,2,1,0,0,2305843009213693967:22;2305843009213693973:3,Symbolica_default,cached_powers_Q,8,6,0.358,BalancedZippelSeparated
fire7_graph5_rank0138,Automatic,1,ok,178.281,24,2,1,0,0,2305843009213693967:21;2305843009213693973:3,Symbolica_default,cached_powers_Q,5,6,0.380,BalancedZippelSeparated
fire7_graph5_rank0139,Automatic,1,ok,196.070,36,2,1,0,0,2305843009213693967:33;2305843009213693973:3,Symbolica_default,cached_powers_Q,10,5,0.463,BalancedZippelSeparated
fire7_graph5_rank0140,Automatic,1,ok,200.601,30,2,1,0,0,2305843009213693967:27;2305843009213693973:3,Symbolica_default,cached_powers_Q,8,12,0.295,BalancedZippelSeparated
fire7_graph5_rank0141,Automatic,1,ok,183.031,23,2,1,0,0,2305843009213693967:20;2305843009213693973:3,Symbolica_default,cached_powers_Q,6,6,0.305,BalancedZippelSeparated
fire7_graph5_rank0142,Automatic,1,ok,165.721,25,2,1,0,0,2305843009213693967:22;2305843009213693973:3,Symbolica_default,cached_powers_Q,7,6,0.402,BalancedZippelSeparated
fire7_graph5_rank0143,Automatic,1,ok,186.391,30,2,1,0,0,2305843009213693967:27;2305843009213693973:3,Symbolica_default,cached_powers_Q,9,8,0.408,BalancedZippelSeparated
fire7_graph5_rank0144,Automatic,1,ok,266.731,27,2,1,0,0,2305843009213693967:24;2305843009213693973:3,Symbolica_default,cached_powers_Q,7,4,0.294,BalancedZippelSeparated
fire7_graph5_rank0145,Automatic,1,ok,253.290,26,2,1,0,0,2305843009213693967:23;2305843009213693973:3,Symbolica_default,cached_powers_Q,7,6,0.622,BalancedZippelSeparated
fire7_graph5_rank0146,Automatic,1,ok,249.271,26,2,1,0,0,2305843009213693967:23;2305843009213693973:3,Symbolica_default,cached_powers_Q,7,6,0.389,BalancedZippelSeparated
fire7_graph5_rank0147,Automatic,1,ok,198.461,24,2,1,0,0,2305843009213693967:21;2305843009213693973:3,Symbolica_default,cached_powers_Q,5,6,0.415,BalancedZippelSeparated
fire7_graph5_rank0148,Automatic,1,ok,210.171,25,2,1,0,0,2305843009213693967:22;2305843009213693973:3,Symbolica_default,cached_powers_Q,8,6,0.288,BalancedZippelSeparated
fire7_graph5_rank0149,Automatic,1,ok,303.351,27,2,1,0,0,2305843009213693967:24;2305843009213693973:3,Symbolica_default,cached_powers_Q,5,12,0.267,BalancedZippelSeparated
fire7_graph5_rank0150,Automatic,1,ok,173.350,26,2,1,0,0,2305843009213693967:23;2305843009213693973:3,Symbolica_default,cached_powers_Q,8,8,0.290,BalancedZippelSeparated
fire7_graph5_rank0151,Automatic,1,ok,144.681,31,2,1,0,0,2305843009213693967:28;2305843009213693973:3,Symbolica_default,cached_powers_Q,8,6,0.276,BalancedZippelSeparated
fire7_graph5_rank0152,Automatic,1,ok,152.391,25,2,1,0,0,2305843009213693967:22;2305843009213693973:3,Symbolica_default,cached_powers_Q,5,10,0.274,BalancedZippelSeparated
fire7_graph5_rank0153,Automatic,1,ok,191.071,25,2,1,0,0,2305843009213693967:22;2305843009213693973:3,Symbolica_default,cached_powers_Q,6,6,0.503,BalancedZippelSeparated
fire7_graph5_rank0154,Automatic,1,ok,180.411,28,2,1,0,0,2305843009213693967:25;2305843009213693973:3,Symbolica_default,cached_powers_Q,8,8,0.455,BalancedZippelSeparated
fire7_graph5_rank0155,Automatic,1,ok,250.591,26,2,1,0,0,2305843009213693967:23;2305843009213693973:3,Symbolica_default,cached_powers_Q,6,8,0.498,BalancedZippelSeparated
fire7_graph5_rank0156,Automatic,1,ok,432.212,27,2,1,0,0,2305843009213693967:24;2305843009213693973:3,Symbolica_default,cached_powers_Q,9,4,0.338,BalancedZippelSeparated
fire7_graph5_rank0157,Automatic,1,ok,378.151,26,2,1,0,0,2305843009213693967:23;2305843009213693973:3,Symbolica_default,cached_powers_Q,6,5,0.381,BalancedZippelSeparated
fire7_graph5_rank0158,Automatic,1,ok,194.130,22,2,1,0,0,2305843009213693967:19;2305843009213693973:3,Symbolica_default,cached_powers_Q,5,5,0.300,BalancedZippelSeparated
fire7_graph5_rank0159,Automatic,1,ok,181.180,30,2,1,0,0,2305843009213693967:27;2305843009213693973:3,Symbolica_default,cached_powers_Q,8,8,0.461,BalancedZippelSeparated
fire7_graph5_rank0160,Automatic,1,ok,164.110,27,2,1,0,0,2305843009213693967:24;2305843009213693973:3,Symbolica_default,cached_powers_Q,9,4,0.260,BalancedZippelSeparated
fire7_graph5_rank0161,Automatic,1,ok,151.580,23,2,1,0,0,2305843009213693967:20;2305843009213693973:3,Symbolica_default,cached_powers_Q,4,8,0.253,BalancedZippelSeparated
fire7_graph5_rank0162,Automatic,1,ok,158.921,25,2,1,0,0,2305843009213693967:22;2305843009213693973:3,Symbolica_default,cached_powers_Q,8,6,0.283,BalancedZippelSeparated
fire7_graph5_rank0163,Automatic,1,ok,271.191,21,2,1,0,0,2305843009213693967:18;2305843009213693973:3,Symbolica_default,cached_powers_Q,3,6,0.430,BalancedZippelSeparated
fire7_graph5_rank0164,Automatic,1,ok,188.030,31,2,1,0,0,2305843009213693967:28;2305843009213693973:3,Symbolica_default,cached_powers_Q,7,6,0.382,BalancedZippelSeparated
fire7_graph5_rank0165,Automatic,1,ok,294.181,25,2,1,0,0,2305843009213693967:22;2305843009213693973:3,Symbolica_default,cached_powers_Q,5,10,0.388,BalancedZippelSeparated
fire7_graph5_rank0166,Automatic,1,ok,225.220,27,2,1,0,0,2305843009213693967:24;2305843009213693973:3,Symbolica_default,cached_powers_Q,9,4,0.328,BalancedZippelSeparated
fire7_graph5_rank0167,Automatic,1,ok,273.591,28,2,1,0,0,2305843009213693967:25;2305843009213693973:3,Symbolica_default,cached_powers_Q,9,6,0.533,BalancedZippelSeparated
fire7_graph5_rank0168,Automatic,1,ok,356.742,23,2,1,0,0,2305843009213693967:20;2305843009213693973:3,Symbolica_default,cached_powers_Q,6,6,0.403,BalancedZippelSeparated
fire7_graph5_rank0169,Automatic,1,ok,259.452,29,2,1,0,0,2305843009213693967:26;2305843009213693973:3,Symbolica_default,cached_powers_Q,8,6,0.566,BalancedZippelSeparated
fire7_graph5_rank0170,Automatic,1,ok,196.530,28,2,1,0,0,2305843009213693967:25;2305843009213693973:3,Symbolica_default,cached_powers_Q,8,10,0.352,BalancedZippelSeparated
fire7_graph5_rank0171,Automatic,1,ok,183.131,22,2,1,0,0,2305843009213693967:19;2305843009213693973:3,Symbolica_default,cached_powers_Q,4,6,0.282,BalancedZippelSeparated
fire7_graph5_rank0172,Automatic,1,ok,141.901,27,2,1,0,0,2305843009213693967:24;2305843009213693973:3,Symbolica_default,cached_powers_Q,6,3,0.309,BalancedZippelSeparated
fire7_graph5_rank0173,Automatic,1,ok,172.661,25,2,1,0,0,2305843009213693967:22;2305843009213693973:3,Symbolica_default,cached_powers_Q,6,8,0.433,BalancedZippelSeparated
fire7_graph5_rank0174,Automatic,1,ok,149.551,24,2,1,0,0,2305843009213693967:21;2305843009213693973:3,Symbolica_default,cached_powers_Q,4,6,0.321,BalancedZippelSeparated
fire7_graph5_rank0175,Automatic,1,ok,152.301,25,2,1,0,0,2305843009213693967:22;2305843009213693973:3,Symbolica_default,cached_powers_Q,8,4,0.280,BalancedZippelSeparated
fire7_graph5_rank0176,Automatic,1,ok,329.681,28,2,1,0,0,2305843009213693967:25;2305843009213693973:3,Symbolica_default,cached_powers_Q,8,6,0.550,BalancedZippelSeparated
fire7_graph5_rank0177,Automatic,1,ok,435.072,23,2,1,0,0,2305843009213693967:20;2305843009213693973:3,Symbolica_default,cached_powers_Q,6,6,0.405,BalancedZippelSeparated
fire7_graph5_rank0178,Automatic,1,ok,448.902,27,2,1,0,0,2305843009213693967:24;2305843009213693973:3,Symbolica_default,cached_powers_Q,8,6,0.415,BalancedZippelSeparated
fire7_graph5_rank0179,Automatic,1,ok,196.901,26,2,1,0,0,2305843009213693967:23;2305843009213693973:3,Symbolica_default,cached_powers_Q,5,8,0.383,BalancedZippelSeparated
fire7_graph5_rank0180,Automatic,1,ok,172.501,30,2,1,0,0,2305843009213693967:27;2305843009213693973:3,Symbolica_default,cached_powers_Q,8,8,0.289,BalancedZippelSeparated
fire7_graph5_rank0181,Automatic,1,ok,320.921,30,2,1,0,0,2305843009213693967:27;2305843009213693973:3,Symbolica_default,cached_powers_Q,8,8,0.427,BalancedZippelSeparated
fire7_graph5_rank0182,Automatic,1,ok,165.850,30,2,1,0,0,2305843009213693967:27;2305843009213693973:3,Symbolica_default,cached_powers_Q,8,8,0.371,BalancedZippelSeparated
fire7_graph5_rank0183,Automatic,1,ok,158.390,25,2,1,0,0,2305843009213693967:22;2305843009213693973:3,Symbolica_default,cached_powers_Q,7,4,0.421,BalancedZippelSeparated
fire7_graph5_rank0184,Automatic,1,ok,150.791,26,2,1,0,0,2305843009213693967:23;2305843009213693973:3,Symbolica_default,cached_powers_Q,6,3,0.433,BalancedZippelSeparated
fire7_graph5_rank0185,Automatic,1,ok,140.011,20,2,1,0,0,2305843009213693967:17;2305843009213693973:3,Symbolica_default,cached_powers_Q,4,4,0.284,BalancedZippelSeparated
fire7_graph5_rank0186,Automatic,1,ok,175.501,25,2,1,0,0,2305843009213693967:22;2305843009213693973:3,Symbolica_default,cached_powers_Q,8,4,0.303,BalancedZippelSeparated
fire7_graph5_rank0187,Automatic,1,ok,398.872,25,2,1,0,0,2305843009213693967:22;2305843009213693973:3,Symbolica_default,cached_powers_Q,7,4,0.434,BalancedZippelSeparated
fire7_graph5_rank0188,Automatic,1,ok,199.321,25,2,1,0,0,2305843009213693967:22;2305843009213693973:3,Symbolica_default,cached_powers_Q,7,4,0.474,BalancedZippelSeparated
fire7_graph5_rank0189,Automatic,1,ok,293.992,27,2,1,0,0,2305843009213693967:24;2305843009213693973:3,Symbolica_default,cached_powers_Q,8,6,0.373,BalancedZippelSeparated
fire7_graph5_rank0190,Automatic,1,ok,227.771,25,2,1,0,0,2305843009213693967:22;2305843009213693973:3,Symbolica_default,cached_powers_Q,5,8,0.292,BalancedZippelSeparated
fire7_graph5_rank0191,Automatic,1,ok,170.231,26,2,1,0,0,2305843009213693967:23;2305843009213693973:3,Symbolica_default,cached_powers_Q,6,4,0.603,BalancedZippelSeparated
fire7_graph5_rank0192,Automatic,1,ok,284.861,22,2,1,0,0,2305843009213693967:19;2305843009213693973:3,Symbolica_default,cached_powers_Q,4,6,0.531,BalancedZippelSeparated
fire7_graph5_rank0193,Automatic,1,ok,224.251,22,2,1,0,0,2305843009213693967:19;2305843009213693973:3,Symbolica_default,cached_powers_Q,4,6,0.394,BalancedZippelSeparated
fire7_graph5_rank0194,Automatic,1,ok,230.651,22,2,1,0,0,2305843009213693967:19;2305843009213693973:3,Symbolica_default,cached_powers_Q,4,6,0.602,BalancedZippelSeparated
fire7_graph5_rank0195,Automatic,1,ok,153.391,22,2,1,0,0,2305843009213693967:19;2305843009213693973:3,Symbolica_default,cached_powers_Q,4,6,0.425,BalancedZippelSeparated
fire7_graph5_rank0196,Automatic,1,ok,300.762,24,2,1,0,0,2305843009213693967:21;2305843009213693973:3,Symbolica_default,cached_powers_Q,6,6,0.397,BalancedZippelSeparated
fire7_graph5_rank0197,Automatic,1,ok,167.511,24,2,1,0,0,2305843009213693967:21;2305843009213693973:3,Symbolica_default,cached_powers_Q,4,6,0.294,BalancedZippelSeparated
fire7_graph5_rank0198,Automatic,1,ok,196.381,24,2,1,0,0,2305843009213693967:21;2305843009213693973:3,Symbolica_default,cached_powers_Q,6,6,0.390,BalancedZippelSeparated
fire7_graph5_rank0199,Automatic,1,ok,146.381,24,2,1,0,0,2305843009213693967:21;2305843009213693973:3,Symbolica_default,cached_powers_Q,5,8,0.259,BalancedZippelSeparated
fire7_graph5_rank0200,Automatic,1,ok,274.592,23,2,1,0,0,2305843009213693967:20;2305843009213693973:3,Symbolica_default,cached_powers_Q,6,6,0.368,BalancedZippelSeparated
fire7_graph5_rank0201,Automatic,1,ok,414.061,32,2,1,0,0,2305843009213693967:29;2305843009213693973:3,Symbolica_default,cached_powers_Q,7,4,0.372,BalancedZippelSeparated
fire7_graph5_rank0202,Automatic,1,ok,226.401,25,2,1,0,0,2305843009213693967:22;2305843009213693973:3,Symbolica_default,cached_powers_Q,4,10,0.614,BalancedZippelSeparated
fire7_graph5_rank0203,Automatic,1,ok,192.121,25,2,1,0,0,2305843009213693967:22;2305843009213693973:3,Symbolica_default,cached_powers_Q,6,8,0.489,BalancedZippelSeparated
fire7_graph5_rank0204,Automatic,1,ok,317.001,22,2,1,0,0,2305843009213693967:19;2305843009213693973:3,Symbolica_default,cached_powers_Q,6,4,0.397,BalancedZippelSeparated
fire7_graph5_rank0205,Automatic,1,ok,171.351,26,2,1,0,0,2305843009213693967:23;2305843009213693973:3,Symbolica_default,cached_powers_Q,8,8,0.396,BalancedZippelSeparated
fire7_graph5_rank0206,Automatic,1,ok,287.681,23,2,1,0,0,2305843009213693967:20;2305843009213693973:3,Symbolica_default,cached_powers_Q,6,6,0.287,BalancedZippelSeparated
fire7_graph5_rank0207,Automatic,1,ok,195.071,23,2,1,0,0,2305843009213693967:20;2305843009213693973:3,Symbolica_default,cached_powers_Q,6,6,0.269,BalancedZippelSeparated
fire7_graph5_rank0208,Automatic,1,ok,291.631,26,2,1,0,0,2305843009213693967:23;2305843009213693973:3,Symbolica_default,cached_powers_Q,6,8,0.491,BalancedZippelSeparated
fire7_graph5_rank0209,Automatic,1,ok,301.271,22,2,1,0,0,2305843009213693967:19;2305843009213693973:3,Symbolica_default,cached_powers_Q,4,6,0.539,BalancedZippelSeparated
fire7_graph5_rank0210,Automatic,1,ok,153.950,23,2,1,0,0,2305843009213693967:20;2305843009213693973:3,Symbolica_default,cached_powers_Q,4,6,0.548,BalancedZippelSeparated
fire7_graph5_rank0211,Automatic,1,ok,210.181,24,2,1,0,0,2305843009213693967:21;2305843009213693973:3,Symbolica_default,cached_powers_Q,6,6,0.333,BalancedZippelSeparated
fire7_graph5_rank0212,Automatic,1,ok,201.641,24,2,1,0,0,2305843009213693967:21;2305843009213693973:3,Symbolica_default,cached_powers_Q,6,6,0.486,BalancedZippelSeparated
fire7_graph5_rank0213,Automatic,1,ok,217.271,25,2,1,0,0,2305843009213693967:22;2305843009213693973:3,Symbolica_default,cached_powers_Q,8,4,0.493,BalancedZippelSeparated
fire7_graph5_rank0214,Automatic,1,ok,217.191,22,2,1,0,0,2305843009213693967:19;2305843009213693973:3,Symbolica_default,cached_powers_Q,4,6,0.451,BalancedZippelSeparated
fire7_graph5_rank0215,Automatic,1,ok,516.972,25,2,1,0,0,2305843009213693967:22;2305843009213693973:3,Symbolica_default,cached_powers_Q,6,8,0.438,BalancedZippelSeparated
fire7_graph5_rank0216,Automatic,1,ok,196.410,26,2,1,0,0,2305843009213693967:23;2305843009213693973:3,Symbolica_default,cached_powers_Q,5,8,0.345,BalancedZippelSeparated
fire7_graph5_rank0217,Automatic,1,ok,223.031,26,2,1,0,0,2305843009213693967:23;2305843009213693973:3,Symbolica_default,cached_powers_Q,5,8,0.317,BalancedZippelSeparated
fire7_graph5_rank0218,Automatic,1,ok,207.151,25,2,1,0,0,2305843009213693967:22;2305843009213693973:3,Symbolica_default,cached_powers_Q,7,4,0.317,BalancedZippelSeparated
fire7_graph5_rank0219,Automatic,1,ok,182.681,25,2,1,0,0,2305843009213693967:22;2305843009213693973:3,Symbolica_default,cached_powers_Q,8,4,0.332,BalancedZippelSeparated
fire7_graph5_rank0220,Automatic,1,ok,255.721,23,2,1,0,0,2305843009213693967:20;2305843009213693973:3,Symbolica_default,cached_powers_Q,3,8,0.489,BalancedZippelSeparated
fire7_graph5_rank0221,Automatic,1,ok,350.491,25,2,1,0,0,2305843009213693967:22;2305843009213693973:3,Symbolica_default,cached_powers_Q,8,4,0.298,BalancedZippelSeparated
fire7_graph5_rank0222,Automatic,1,ok,456.782,25,2,1,0,0,2305843009213693967:22;2305843009213693973:3,Symbolica_default,cached_powers_Q,8,4,0.339,BalancedZippelSeparated
fire7_graph5_rank0223,Automatic,1,ok,189.601,25,2,1,0,0,2305843009213693967:22;2305843009213693973:3,Symbolica_default,cached_powers_Q,8,4,0.334,BalancedZippelSeparated
fire7_graph5_rank0224,Automatic,1,ok,253.741,23,2,1,0,0,2305843009213693967:20;2305843009213693973:3,Symbolica_default,cached_powers_Q,6,6,0.625,BalancedZippelSeparated
fire7_graph5_rank0225,Automatic,1,ok,171.751,24,2,1,0,0,2305843009213693967:21;2305843009213693973:3,Symbolica_default,cached_powers_Q,6,4,0.363,BalancedZippelSeparated
fire7_graph5_rank0226,Automatic,1,ok,191.461,23,2,1,0,0,2305843009213693967:20;2305843009213693973:3,Symbolica_default,cached_powers_Q,5,4,0.351,BalancedZippelSeparated
fire7_graph5_rank0227,Automatic,1,ok,204.281,25,2,1,0,0,2305843009213693967:22;2305843009213693973:3,Symbolica_default,cached_powers_Q,7,4,0.324,BalancedZippelSeparated
fire7_graph5_rank0228,Automatic,1,ok,191.921,27,2,1,0,0,2305843009213693967:24;2305843009213693973:3,Symbolica_default,cached_powers_Q,6,4,0.335,BalancedZippelSeparated
fire7_graph5_rank0229,Automatic,1,ok,215.020,27,2,1,0,0,2305843009213693967:24;2305843009213693973:3,Symbolica_default,cached_powers_Q,6,4,0.300,BalancedZippelSeparated
fire7_graph5_rank0230,Automatic,1,ok,218.291,23,2,1,0,0,2305843009213693967:20;2305843009213693973:3,Symbolica_default,cached_powers_Q,6,6,0.346,BalancedZippelSeparated
fire7_graph5_rank0231,Automatic,1,ok,213.900,24,2,1,0,0,2305843009213693967:21;2305843009213693973:3,Symbolica_default,cached_powers_Q,5,6,0.503,BalancedZippelSeparated
fire7_graph5_rank0232,Automatic,1,ok,219.471,27,2,1,0,0,2305843009213693967:24;2305843009213693973:3,Symbolica_default,cached_powers_Q,7,4,0.299,BalancedZippelSeparated
fire7_graph5_rank0233,Automatic,1,ok,212.401,25,2,1,0,0,2305843009213693967:22;2305843009213693973:3,Symbolica_default,cached_powers_Q,8,4,0.459,BalancedZippelSeparated
fire7_graph5_rank0234,Automatic,1,ok,198.731,23,2,1,0,0,2305843009213693967:20;2305843009213693973:3,Symbolica_default,cached_powers_Q,6,6,0.532,BalancedZippelSeparated
fire7_graph5_rank0235,Automatic,1,ok,273.471,22,2,1,0,0,2305843009213693967:19;2305843009213693973:3,Symbolica_default,cached_powers_Q,4,6,0.270,BalancedZippelSeparated
fire7_graph5_rank0236,Automatic,1,ok,301.041,30,2,1,0,0,2305843009213693967:27;2305843009213693973:3,Symbolica_default,cached_powers_Q,6,3,0.301,BalancedZippelSeparated
fire7_graph5_rank0237,Automatic,1,ok,171.481,24,2,1,0,0,2305843009213693967:21;2305843009213693973:3,Symbolica_default,cached_powers_Q,5,6,0.234,BalancedZippelSeparated
fire7_graph5_rank0238,Automatic,1,ok,151.230,25,2,1,0,0,2305843009213693967:22;2305843009213693973:3,Symbolica_default,cached_powers_Q,8,4,0.223,BalancedZippelSeparated
fire7_graph5_rank0239,Automatic,1,ok,161.521,28,2,1,0,0,2305843009213693967:25;2305843009213693973:3,Symbolica_default,cached_powers_Q,6,5,0.198,BalancedZippelSeparated
fire7_graph5_rank0240,Automatic,1,ok,283.051,27,2,1,0,0,2305843009213693967:24;2305843009213693973:3,Symbolica_default,cached_powers_Q,7,5,0.246,BalancedZippelSeparated
fire7_graph5_rank0241,Automatic,1,ok,162.280,25,2,1,0,0,2305843009213693967:22;2305843009213693973:3,Symbolica_default,cached_powers_Q,6,6,0.387,BalancedZippelSeparated
fire7_graph5_rank0242,Automatic,1,ok,235.821,21,2,1,0,0,2305843009213693967:18;2305843009213693973:3,Symbolica_default,cached_powers_Q,3,6,0.435,BalancedZippelSeparated
fire7_graph5_rank0243,Automatic,1,ok,242.741,23,2,1,0,0,2305843009213693967:20;2305843009213693973:3,Symbolica_default,cached_powers_Q,6,6,0.595,BalancedZippelSeparated
fire7_graph5_rank0244,Automatic,1,ok,267.502,27,2,1,0,0,2305843009213693967:24;2305843009213693973:3,Symbolica_default,cached_powers_Q,7,4,0.481,BalancedZippelSeparated
fire7_graph5_rank0245,Automatic,1,ok,215.891,30,2,1,0,0,2305843009213693967:27;2305843009213693973:3,Symbolica_default,cached_powers_Q,8,3,0.259,BalancedZippelSeparated
fire7_graph5_rank0246,Automatic,1,ok,166.281,25,2,1,0,0,2305843009213693967:22;2305843009213693973:3,Symbolica_default,cached_powers_Q,5,6,0.428,BalancedZippelSeparated
fire7_graph5_rank0247,Automatic,1,ok,180.801,23,2,1,0,0,2305843009213693967:20;2305843009213693973:3,Symbolica_default,cached_powers_Q,6,6,0.355,BalancedZippelSeparated
fire7_graph5_rank0248,Automatic,1,ok,303.752,25,2,1,0,0,2305843009213693967:22;2305843009213693973:3,Symbolica_default,cached_powers_Q,6,4,0.239,BalancedZippelSeparated
fire7_graph5_rank0249,Automatic,1,ok,160.861,22,2,1,0,0,2305843009213693967:19;2305843009213693973:3,Symbolica_default,cached_powers_Q,4,6,0.229,BalancedZippelSeparated
fire7_graph5_rank0250,Automatic,1,ok,156.051,23,2,1,0,0,2305843009213693967:20;2305843009213693973:3,Symbolica_default,cached_powers_Q,4,6,0.266,BalancedZippelSeparated
fire7_graph5_rank0251,Automatic,1,ok,197.790,22,2,1,0,0,2305843009213693967:19;2305843009213693973:3,Symbolica_default,cached_powers_Q,4,6,0.331,BalancedZippelSeparated
fire7_graph5_rank0252,Automatic,1,ok,200.541,25,2,1,0,0,2305843009213693967:22;2305843009213693973:3,Symbolica_default,cached_powers_Q,7,4,0.498,BalancedZippelSeparated
fire7_graph5_rank0253,Automatic,1,ok,443.631,24,2,1,0,0,2305843009213693967:21;2305843009213693973:3,Symbolica_default,cached_powers_Q,6,6,0.461,BalancedZippelSeparated
fire7_graph5_rank0254,Automatic,1,ok,171.511,21,2,1,0,0,2305843009213693967:18;2305843009213693973:3,Symbolica_default,cached_powers_Q,3,6,0.333,BalancedZippelSeparated
fire7_graph5_rank0255,Automatic,1,ok,377.831,26,2,1,0,0,2305843009213693967:23;2305843009213693973:3,Symbolica_default,cached_powers_Q,6,4,0.330,BalancedZippelSeparated
fire7_graph5_rank0256,Automatic,1,ok,181.910,20,2,1,0,0,2305843009213693967:17;2305843009213693973:3,Symbolica_default,cached_powers_Q,5,4,0.308,BalancedZippelSeparated
fire7_graph5_rank0257,Automatic,1,ok,363.521,26,2,1,0,0,2305843009213693967:23;2305843009213693973:3,Symbolica_default,cached_powers_Q,6,5,0.317,BalancedZippelSeparated
fire7_graph5_rank0258,Automatic,1,ok,322.741,25,2,1,0,0,2305843009213693967:22;2305843009213693973:3,Symbolica_default,cached_powers_Q,7,4,0.536,BalancedZippelSeparated
fire7_graph5_rank0259,Automatic,1,ok,373.912,20,2,1,0,0,2305843009213693967:17;2305843009213693973:3,Symbolica_default,cached_powers_Q,4,4,0.309,BalancedZippelSeparated
fire7_graph5_rank0260,Automatic,1,ok,369.542,26,2,1,0,0,2305843009213693967:23;2305843009213693973:3,Symbolica_default,cached_powers_Q,6,4,0.287,BalancedZippelSeparated
fire7_graph5_rank0261,Automatic,1,ok,440.652,21,2,1,0,0,2305843009213693967:18;2305843009213693973:3,Symbolica_default,cached_powers_Q,3,6,0.565,BalancedZippelSeparated
fire7_graph5_rank0262,Automatic,1,ok,420.072,23,2,1,0,0,2305843009213693967:20;2305843009213693973:3,Symbolica_default,cached_powers_Q,6,6,0.292,BalancedZippelSeparated
fire7_graph5_rank0263,Automatic,1,ok,311.292,26,2,1,0,0,2305843009213693967:23;2305843009213693973:3,Symbolica_default,cached_powers_Q,6,4,0.562,BalancedZippelSeparated
fire7_graph5_rank0264,Automatic,1,ok,207.671,26,2,1,0,0,2305843009213693967:23;2305843009213693973:3,Symbolica_default,cached_powers_Q,6,4,0.283,BalancedZippelSeparated
fire7_graph5_rank0265,Automatic,1,ok,212.041,25,2,1,0,0,2305843009213693967:22;2305843009213693973:3,Symbolica_default,cached_powers_Q,6,4,0.282,BalancedZippelSeparated
fire7_graph5_rank0266,Automatic,1,ok,253.931,26,2,1,0,0,2305843009213693967:23;2305843009213693973:3,Symbolica_default,cached_powers_Q,6,5,0.601,BalancedZippelSeparated
fire7_graph5_rank0267,Automatic,1,ok,212.001,27,2,1,0,0,2305843009213693967:24;2305843009213693973:3,Symbolica_default,cached_powers_Q,7,4,0.329,BalancedZippelSeparated
fire7_graph5_rank0268,Automatic,1,ok,209.441,30,2,1,0,0,2305843009213693967:27;2305843009213693973:3,Symbolica_default,cached_powers_Q,7,4,0.481,BalancedZippelSeparated
fire7_graph5_rank0269,Automatic,1,ok,193.941,25,2,1,0,0,2305843009213693967:22;2305843009213693973:3,Symbolica_default,cached_powers_Q,7,4,0.322,BalancedZippelSeparated
fire7_graph5_rank0270,Automatic,1,ok,361.651,22,2,1,0,0,2305843009213693967:19;2305843009213693973:3,Symbolica_default,cached_powers_Q,6,4,0.300,BalancedZippelSeparated
fire7_graph5_rank0271,Automatic,1,ok,498.742,22,2,1,0,0,2305843009213693967:19;2305843009213693973:3,Symbolica_default,cached_powers_Q,6,4,0.382,BalancedZippelSeparated
fire7_graph5_rank0272,Automatic,1,ok,254.811,23,2,1,0,0,2305843009213693967:20;2305843009213693973:3,Symbolica_default,cached_powers_Q,6,6,0.574,BalancedZippelSeparated
fire7_graph5_rank0273,Automatic,1,ok,178.561,28,2,1,0,0,2305843009213693967:25;2305843009213693973:3,Symbolica_default,cached_powers_Q,6,5,0.451,BalancedZippelSeparated
fire7_graph5_rank0274,Automatic,1,ok,200.281,36,2,1,0,0,2305843009213693967:33;2305843009213693973:3,Symbolica_default,cached_powers_Q,7,3,0.235,BalancedZippelSeparated
fire7_graph5_rank0275,Automatic,1,ok,147.781,25,2,1,0,0,2305843009213693967:22;2305843009213693973:3,Symbolica_default,cached_powers_Q,5,8,0.278,BalancedZippelSeparated
fire7_graph5_rank0276,Automatic,1,ok,135.011,20,2,1,0,0,2305843009213693967:17;2305843009213693973:3,Symbolica_default,cached_powers_Q,4,4,0.394,BalancedZippelSeparated
fire7_graph5_rank0277,Automatic,1,ok,187.961,20,2,1,0,0,2305843009213693967:17;2305843009213693973:3,Symbolica_default,cached_powers_Q,4,4,0.381,BalancedZippelSeparated
fire7_graph5_rank0278,Automatic,1,ok,156.100,21,2,1,0,0,2305843009213693967:18;2305843009213693973:3,Symbolica_default,cached_powers_Q,3,6,0.196,BalancedZippelSeparated
fire7_graph5_rank0279,Automatic,1,ok,167.540,28,2,1,0,0,2305843009213693967:25;2305843009213693973:3,Symbolica_default,cached_powers_Q,6,5,0.340,BalancedZippelSeparated
fire7_graph5_rank0280,Automatic,1,ok,188.301,23,2,1,0,0,2305843009213693967:20;2305843009213693973:3,Symbolica_default,cached_powers_Q,3,8,0.299,BalancedZippelSeparated
fire7_graph5_rank0281,Automatic,1,ok,245.431,23,2,1,0,0,2305843009213693967:20;2305843009213693973:3,Symbolica_default,cached_powers_Q,3,8,0.619,BalancedZippelSeparated
fire7_graph5_rank0282,Automatic,1,ok,388.812,21,2,1,0,0,2305843009213693967:18;2305843009213693973:3,Symbolica_default,cached_powers_Q,3,6,0.400,BalancedZippelSeparated
fire7_graph5_rank0283,Automatic,1,ok,314.201,24,2,1,0,0,2305843009213693967:21;2305843009213693973:3,Symbolica_default,cached_powers_Q,7,3,0.288,BalancedZippelSeparated
fire7_graph5_rank0284,Automatic,1,ok,155.330,25,2,1,0,0,2305843009213693967:22;2305843009213693973:3,Symbolica_default,cached_powers_Q,7,4,0.398,BalancedZippelSeparated
fire7_graph5_rank0285,Automatic,1,ok,144.381,20,2,1,0,0,2305843009213693967:17;2305843009213693973:3,Symbolica_default,cached_powers_Q,4,4,0.357,BalancedZippelSeparated
fire7_graph5_rank0286,Automatic,1,ok,157.860,22,2,1,0,0,2305843009213693967:19;2305843009213693973:3,Symbolica_default,cached_powers_Q,6,4,0.336,BalancedZippelSeparated
fire7_graph5_rank0287,Automatic,1,ok,294.801,22,2,1,0,0,2305843009213693967:19;2305843009213693973:3,Symbolica_default,cached_powers_Q,6,4,0.572,BalancedZippelSeparated
fire7_graph5_rank0288,Automatic,1,ok,172.011,20,2,1,0,0,2305843009213693967:17;2305843009213693973:3,Symbolica_default,cached_powers_Q,4,4,0.323,BalancedZippelSeparated
fire7_graph5_rank0289,Automatic,1,ok,360.452,22,2,1,0,0,2305843009213693967:19;2305843009213693973:3,Symbolica_default,cached_powers_Q,6,4,0.274,BalancedZippelSeparated
fire7_graph5_rank0290,Automatic,1,ok,257.641,21,2,1,0,0,2305843009213693967:18;2305843009213693973:3,Symbolica_default,cached_powers_Q,3,6,0.389,BalancedZippelSeparated
fire7_graph5_rank0291,Automatic,1,ok,186.871,23,2,1,0,0,2305843009213693967:20;2305843009213693973:3,Symbolica_default,cached_powers_Q,4,8,0.458,BalancedZippelSeparated
fire7_graph5_rank0292,Automatic,1,ok,291.621,20,2,1,0,0,2305843009213693967:17;2305843009213693973:3,Symbolica_default,cached_powers_Q,4,4,0.286,BalancedZippelSeparated
fire7_graph5_rank0293,Automatic,1,ok,132.041,19,2,1,0,0,2305843009213693967:16;2305843009213693973:3,Symbolica_default,cached_powers_Q,2,4,0.281,BalancedZippelSeparated
fire7_graph5_rank0294,Automatic,1,ok,153.591,23,2,1,0,0,2305843009213693967:20;2305843009213693973:3,Symbolica_default,cached_powers_Q,4,8,0.187,BalancedZippelSeparated
fire7_graph5_rank0295,Automatic,1,ok,163.380,25,2,1,0,0,2305843009213693967:22;2305843009213693973:3,Symbolica_default,cached_powers_Q,6,8,0.257,BalancedZippelSeparated
fire7_graph5_rank0296,Automatic,1,ok,146.131,22,2,1,0,0,2305843009213693967:19;2305843009213693973:3,Symbolica_default,cached_powers_Q,4,6,0.273,BalancedZippelSeparated
fire7_graph5_rank0297,Automatic,1,ok,326.761,24,2,1,0,0,2305843009213693967:21;2305843009213693973:3,Symbolica_default,cached_powers_Q,6,4,0.246,BalancedZippelSeparated
fire7_graph5_rank0298,Automatic,1,ok,290.751,24,2,1,0,0,2305843009213693967:21;2305843009213693973:3,Symbolica_default,cached_powers_Q,5,4,0.408,BalancedZippelSeparated
fire7_graph5_rank0299,Automatic,1,ok,197.661,26,2,1,0,0,2305843009213693967:23;2305843009213693973:3,Symbolica_default,cached_powers_Q,6,3,0.254,BalancedZippelSeparated
fire7_graph5_rank0300,Automatic,1,ok,411.012,22,2,1,0,0,2305843009213693967:19;2305843009213693973:3,Symbolica_default,cached_powers_Q,4,6,0.378,BalancedZippelSeparated
fire7_graph5_rank0301,Automatic,1,ok,206.491,21,2,1,0,0,2305843009213693967:18;2305843009213693973:3,Symbolica_default,cached_powers_Q,2,6,0.563,BalancedZippelSeparated
fire7_graph5_rank0302,Automatic,1,ok,192.401,24,2,1,0,0,2305843009213693967:21;2305843009213693973:3,Symbolica_default,cached_powers_Q,5,6,0.327,BalancedZippelSeparated
fire7_graph5_rank0303,Automatic,1,ok,219.201,26,2,1,0,0,2305843009213693967:23;2305843009213693973:3,Symbolica_default,cached_powers_Q,5,3,0.291,BalancedZippelSeparated
fire7_graph5_rank0304,Automatic,1,ok,151.820,26,2,1,0,0,2305843009213693967:23;2305843009213693973:3,Symbolica_default,cached_powers_Q,6,4,0.281,BalancedZippelSeparated
fire7_graph5_rank0305,Automatic,1,ok,136.381,23,2,1,0,0,2305843009213693967:20;2305843009213693973:3,Symbolica_default,cached_powers_Q,4,3,0.285,BalancedZippelSeparated
fire7_graph5_rank0306,Automatic,1,ok,306.112,25,2,1,0,0,2305843009213693967:22;2305843009213693973:3,Symbolica_default,cached_powers_Q,6,8,0.262,BalancedZippelSeparated
fire7_graph5_rank0307,Automatic,1,ok,149.711,21,2,1,0,0,2305843009213693967:18;2305843009213693973:3,Symbolica_default,cached_powers_Q,3,6,0.232,BalancedZippelSeparated
fire7_graph5_rank0308,Automatic,1,ok,141.220,21,2,1,0,0,2305843009213693967:18;2305843009213693973:3,Symbolica_default,cached_powers_Q,3,6,0.228,BalancedZippelSeparated
fire7_graph5_rank0309,Automatic,1,ok,176.500,25,2,1,0,0,2305843009213693967:22;2305843009213693973:3,Symbolica_default,cached_powers_Q,6,6,0.231,BalancedZippelSeparated
fire7_graph5_rank0310,Automatic,1,ok,205.901,24,2,1,0,0,2305843009213693967:21;2305843009213693973:3,Symbolica_default,cached_powers_Q,5,6,0.298,BalancedZippelSeparated
fire7_graph5_rank0311,Automatic,1,ok,239.381,24,2,1,0,0,2305843009213693967:21;2305843009213693973:3,Symbolica_default,cached_powers_Q,5,6,0.403,BalancedZippelSeparated
fire7_graph5_rank0312,Automatic,1,ok,254.571,21,2,1,0,0,2305843009213693967:18;2305843009213693973:3,Symbolica_default,cached_powers_Q,3,6,0.595,BalancedZippelSeparated
fire7_graph5_rank0313,Automatic,1,ok,184.191,26,2,1,0,0,2305843009213693967:23;2305843009213693973:3,Symbolica_default,cached_powers_Q,6,5,0.322,BalancedZippelSeparated
fire7_graph5_rank0314,Automatic,1,ok,177.250,28,2,1,0,0,2305843009213693967:25;2305843009213693973:3,Symbolica_default,cached_powers_Q,6,5,0.263,BalancedZippelSeparated
fire7_graph5_rank0315,Automatic,1,ok,161.231,24,2,1,0,0,2305843009213693967:21;2305843009213693973:3,Symbolica_default,cached_powers_Q,6,4,0.224,BalancedZippelSeparated
fire7_graph5_rank0316,Automatic,1,ok,120.871,18,2,1,0,0,2305843009213693967:15;2305843009213693973:3,Symbolica_default,cached_powers_Q,3,3,0.284,BalancedZippelSeparated
fire7_graph5_rank0317,Automatic,1,ok,141.791,24,2,1,0,0,2305843009213693967:21;2305843009213693973:3,Symbolica_default,cached_powers_Q,6,4,0.225,BalancedZippelSeparated
fire7_graph5_rank0318,Automatic,1,ok,237.890,22,2,1,0,0,2305843009213693967:19;2305843009213693973:3,Symbolica_default,cached_powers_Q,6,4,0.397,BalancedZippelSeparated
fire7_graph5_rank0319,Automatic,1,ok,146.490,20,2,1,0,0,2305843009213693967:17;2305843009213693973:3,Symbolica_default,cached_powers_Q,4,4,0.526,BalancedZippelSeparated
fire7_graph5_rank0320,Automatic,1,ok,240.831,23,2,1,0,0,2305843009213693967:20;2305843009213693973:3,Symbolica_default,cached_powers_Q,6,6,0.354,BalancedZippelSeparated
fire7_graph5_rank0321,Automatic,1,ok,151.711,24,2,1,0,0,2305843009213693967:21;2305843009213693973:3,Symbolica_default,cached_powers_Q,5,6,0.265,BalancedZippelSeparated
fire7_graph5_rank0322,Automatic,1,ok,164.791,24,2,1,0,0,2305843009213693967:21;2305843009213693973:3,Symbolica_default,cached_powers_Q,5,6,0.217,BalancedZippelSeparated
fire7_graph5_rank0323,Automatic,1,ok,334.811,24,2,1,0,0,2305843009213693967:21;2305843009213693973:3,Symbolica_default,cached_powers_Q,4,6,0.300,BalancedZippelSeparated
fire7_graph5_rank0324,Automatic,1,ok,336.672,19,2,1,0,0,2305843009213693967:16;2305843009213693973:3,Symbolica_default,cached_powers_Q,4,3,0.518,BalancedZippelSeparated
fire7_graph5_rank0325,Automatic,1,ok,454.192,22,2,1,0,0,2305843009213693967:19;2305843009213693973:3,Symbolica_default,cached_powers_Q,6,4,0.372,BalancedZippelSeparated
fire7_graph5_rank0326,Automatic,1,ok,372.362,20,2,1,0,0,2305843009213693967:17;2305843009213693973:3,Symbolica_default,cached_powers_Q,4,4,0.526,BalancedZippelSeparated
fire7_graph5_rank0327,Automatic,1,ok,240.781,23,2,1,0,0,2305843009213693967:20;2305843009213693973:3,Symbolica_default,cached_powers_Q,3,8,0.363,BalancedZippelSeparated
fire7_graph5_rank0328,Automatic,1,ok,169.930,22,2,1,0,0,2305843009213693967:19;2305843009213693973:3,Symbolica_default,cached_powers_Q,4,6,0.248,BalancedZippelSeparated
fire7_graph5_rank0329,Automatic,1,ok,168.100,23,2,1,0,0,2305843009213693967:20;2305843009213693973:3,Symbolica_default,cached_powers_Q,6,6,0.391,BalancedZippelSeparated
fire7_graph5_rank0330,Automatic,1,ok,163.271,23,2,1,0,0,2305843009213693967:20;2305843009213693973:3,Symbolica_default,cached_powers_Q,6,6,0.228,BalancedZippelSeparated
fire7_graph5_rank0331,Automatic,1,ok,141.880,19,2,1,0,0,2305843009213693967:16;2305843009213693973:3,Symbolica_default,cached_powers_Q,4,4,0.205,BalancedZippelSeparated
fire7_graph5_rank0332,Automatic,1,ok,134.481,22,2,1,0,0,2305843009213693967:19;2305843009213693973:3,Symbolica_default,cached_powers_Q,4,6,0.248,BalancedZippelSeparated
fire7_graph5_rank0333,Automatic,1,ok,193.500,28,2,1,0,0,2305843009213693967:25;2305843009213693973:3,Symbolica_default,cached_powers_Q,7,3,0.289,BalancedZippelSeparated
fire7_graph5_rank0334,Automatic,1,ok,456.562,23,2,1,0,0,2305843009213693967:20;2305843009213693973:3,Symbolica_default,cached_powers_Q,6,6,0.414,BalancedZippelSeparated
fire7_graph5_rank0335,Automatic,1,ok,373.851,26,2,1,0,0,2305843009213693967:23;2305843009213693973:3,Symbolica_default,cached_powers_Q,5,2,0.330,BalancedZippelSeparated
fire7_graph5_rank0336,Automatic,1,ok,153.271,21,2,1,0,0,2305843009213693967:18;2305843009213693973:3,Symbolica_default,cached_powers_Q,2,6,0.324,BalancedZippelSeparated
fire7_graph5_rank0337,Automatic,1,ok,220.851,23,2,1,0,0,2305843009213693967:20;2305843009213693973:3,Symbolica_default,cached_powers_Q,4,8,0.483,BalancedZippelSeparated
fire7_graph5_rank0338,Automatic,1,ok,238.310,36,2,1,0,0,2305843009213693967:33;2305843009213693973:3,Symbolica_default,cached_powers_Q,7,3,0.310,BalancedZippelSeparated
fire7_graph5_rank0339,Automatic,1,ok,401.721,24,2,1,0,0,2305843009213693967:21;2305843009213693973:3,Symbolica_default,cached_powers_Q,6,4,0.543,BalancedZippelSeparated
fire7_graph5_rank0340,Automatic,1,ok,212.352,18,2,1,0,0,2305843009213693967:15;2305843009213693973:3,Symbolica_default,cached_powers_Q,3,3,0.383,BalancedZippelSeparated
fire7_graph5_rank0341,Automatic,1,ok,154.381,24,2,1,0,0,2305843009213693967:21;2305843009213693973:3,Symbolica_default,cached_powers_Q,2,4,0.441,BalancedZippelSeparated
fire7_graph5_rank0342,Automatic,1,ok,147.621,20,2,1,0,0,2305843009213693967:17;2305843009213693973:3,Symbolica_default,cached_powers_Q,4,4,0.270,BalancedZippelSeparated
fire7_graph5_rank0343,Automatic,1,ok,140.800,20,2,1,0,0,2305843009213693967:17;2305843009213693973:3,Symbolica_default,cached_powers_Q,3,4,0.335,BalancedZippelSeparated
fire7_graph5_rank0344,Automatic,1,ok,138.780,20,2,1,0,0,2305843009213693967:17;2305843009213693973:3,Symbolica_default,cached_powers_Q,5,4,0.345,BalancedZippelSeparated
fire7_graph5_rank0345,Automatic,1,ok,245.771,19,2,1,0,0,2305843009213693967:16;2305843009213693973:3,Symbolica_default,cached_powers_Q,4,4,0.248,BalancedZippelSeparated
fire7_graph5_rank0346,Automatic,1,ok,122.641,21,2,1,0,0,2305843009213693967:18;2305843009213693973:3,Symbolica_default,cached_powers_Q,4,2,0.259,BalancedZippelSeparated
fire7_graph5_rank0347,Automatic,1,ok,140.191,23,2,1,0,0,2305843009213693967:20;2305843009213693973:3,Symbolica_default,cached_powers_Q,4,3,0.319,BalancedZippelSeparated
fire7_graph5_rank0348,Automatic,1,ok,218.781,21,2,1,0,0,2305843009213693967:18;2305843009213693973:3,Symbolica_default,cached_powers_Q,4,3,0.384,BalancedZippelSeparated
fire7_graph5_rank0349,Automatic,1,ok,261.801,24,2,1,0,0,2305843009213693967:21;2305843009213693973:3,Symbolica_default,cached_powers_Q,6,4,0.361,BalancedZippelSeparated
fire7_graph5_rank0350,Automatic,1,ok,369.061,20,2,1,0,0,2305843009213693967:17;2305843009213693973:3,Symbolica_default,cached_powers_Q,4,4,0.606,BalancedZippelSeparated
fire7_graph5_rank0351,Automatic,1,ok,155.731,20,2,1,0,0,2305843009213693967:17;2305843009213693973:3,Symbolica_default,cached_powers_Q,4,4,0.238,BalancedZippelSeparated
fire7_graph5_rank0352,Automatic,1,ok,146.010,28,2,1,0,0,2305843009213693967:25;2305843009213693973:3,Symbolica_default,cached_powers_Q,5,3,0.262,BalancedZippelSeparated
fire7_graph5_rank0353,Automatic,1,ok,138.670,20,2,1,0,0,2305843009213693967:17;2305843009213693973:3,Symbolica_default,cached_powers_Q,5,4,0.357,BalancedZippelSeparated
fire7_graph5_rank0354,Automatic,1,ok,130.431,20,2,1,0,0,2305843009213693967:17;2305843009213693973:3,Symbolica_default,cached_powers_Q,3,4,0.398,BalancedZippelSeparated
fire7_graph5_rank0355,Automatic,1,ok,265.821,22,2,1,0,0,2305843009213693967:19;2305843009213693973:3,Symbolica_default,cached_powers_Q,6,3,0.233,BalancedZippelSeparated
fire7_graph5_rank0356,Automatic,1,ok,140.801,21,2,1,0,0,2305843009213693967:18;2305843009213693973:3,Symbolica_default,cached_powers_Q,4,3,0.264,BalancedZippelSeparated
fire7_graph5_rank0357,Automatic,1,ok,419.892,22,2,1,0,0,2305843009213693967:19;2305843009213693973:3,Symbolica_default,cached_powers_Q,5,3,0.378,BalancedZippelSeparated
fire7_graph5_rank0358,Automatic,1,ok,211.570,24,2,1,0,0,2305843009213693967:21;2305843009213693973:3,Symbolica_default,cached_powers_Q,5,4,0.319,BalancedZippelSeparated
fire7_graph5_rank0359,Automatic,1,ok,383.352,24,2,1,0,0,2305843009213693967:21;2305843009213693973:3,Symbolica_default,cached_powers_Q,6,4,0.294,BalancedZippelSeparated
fire7_graph5_rank0360,Automatic,1,ok,211.371,19,2,1,0,0,2305843009213693967:16;2305843009213693973:3,Symbolica_default,cached_powers_Q,4,3,0.563,BalancedZippelSeparated
fire7_graph5_rank0361,Automatic,1,ok,200.660,23,2,1,0,0,2305843009213693967:20;2305843009213693973:3,Symbolica_default,cached_powers_Q,4,4,0.485,BalancedZippelSeparated
fire7_graph5_rank0362,Automatic,1,ok,201.061,22,2,1,0,0,2305843009213693967:19;2305843009213693973:3,Symbolica_default,cached_powers_Q,6,3,0.304,BalancedZippelSeparated
fire7_graph5_rank0363,Automatic,1,ok,193.061,22,2,1,0,0,2305843009213693967:19;2305843009213693973:3,Symbolica_default,cached_powers_Q,6,3,0.490,BalancedZippelSeparated
fire7_graph5_rank0364,Automatic,1,ok,170.771,23,2,1,0,0,2305843009213693967:20;2305843009213693973:3,Symbolica_default,cached_powers_Q,4,4,0.471,BalancedZippelSeparated
fire7_graph5_rank0365,Automatic,1,ok,291.021,20,2,1,0,0,2305843009213693967:17;2305843009213693973:3,Symbolica_default,cached_powers_Q,3,4,0.517,BalancedZippelSeparated
fire7_graph5_rank0366,Automatic,1,ok,253.011,24,2,1,0,0,2305843009213693967:21;2305843009213693973:3,Symbolica_default,cached_powers_Q,5,3,0.360,BalancedZippelSeparated
fire7_graph5_rank0367,Automatic,1,ok,242.551,24,2,1,0,0,2305843009213693967:21;2305843009213693973:3,Symbolica_default,cached_powers_Q,5,3,0.372,BalancedZippelSeparated
fire7_graph5_rank0368,Automatic,1,ok,144.930,18,2,1,0,0,2305843009213693967:15;2305843009213693973:3,Symbolica_default,cached_powers_Q,3,3,0.326,BalancedZippelSeparated
fire7_graph5_rank0369,Automatic,1,ok,201.401,22,2,1,0,0,2305843009213693967:19;2305843009213693973:3,Symbolica_default,cached_powers_Q,4,6,0.367,BalancedZippelSeparated
fire7_graph5_rank0370,Automatic,1,ok,165.060,21,2,1,0,0,2305843009213693967:18;2305843009213693973:3,Symbolica_default,cached_powers_Q,2,6,0.355,BalancedZippelSeparated
fire7_graph5_rank0371,Automatic,1,ok,302.972,23,2,1,0,0,2305843009213693967:20;2305843009213693973:3,Symbolica_default,cached_powers_Q,4,4,0.255,BalancedZippelSeparated
fire7_graph5_rank0372,Automatic,1,ok,170.831,21,2,1,0,0,2305843009213693967:18;2305843009213693973:3,Symbolica_default,cached_powers_Q,3,6,0.356,BalancedZippelSeparated
fire7_graph5_rank0373,Automatic,1,ok,176.081,24,2,1,0,0,2305843009213693967:21;2305843009213693973:3,Symbolica_default,cached_powers_Q,5,3,0.371,BalancedZippelSeparated
fire7_graph5_rank0374,Automatic,1,ok,240.061,24,2,1,0,0,2305843009213693967:21;2305843009213693973:3,Symbolica_default,cached_powers_Q,5,4,0.359,BalancedZippelSeparated
fire7_graph5_rank0375,Automatic,1,ok,258.801,22,2,1,0,0,2305843009213693967:19;2305843009213693973:3,Symbolica_default,cached_powers_Q,5,3,0.344,BalancedZippelSeparated
fire7_graph5_rank0376,Automatic,1,ok,201.140,21,2,1,0,0,2305843009213693967:18;2305843009213693973:3,Symbolica_default,cached_powers_Q,2,6,0.299,BalancedZippelSeparated
fire7_graph5_rank0377,Automatic,1,ok,171.631,21,2,1,0,0,2305843009213693967:18;2305843009213693973:3,Symbolica_default,cached_powers_Q,4,4,0.324,BalancedZippelSeparated
fire7_graph5_rank0378,Automatic,1,ok,156.360,23,2,1,0,0,2305843009213693967:20;2305843009213693973:3,Symbolica_default,cached_powers_Q,4,6,0.252,BalancedZippelSeparated
fire7_graph5_rank0379,Automatic,1,ok,135.011,20,2,1,0,0,2305843009213693967:17;2305843009213693973:3,Symbolica_default,cached_powers_Q,2,4,0.270,BalancedZippelSeparated
fire7_graph5_rank0380,Automatic,1,ok,131.621,20,2,1,0,0,2305843009213693967:17;2305843009213693973:3,Symbolica_default,cached_powers_Q,3,4,0.260,BalancedZippelSeparated
fire7_graph5_rank0381,Automatic,1,ok,159.471,24,2,1,0,0,2305843009213693967:21;2305843009213693973:3,Symbolica_default,cached_powers_Q,5,3,0.254,BalancedZippelSeparated
fire7_graph5_rank0382,Automatic,1,ok,127.790,19,2,1,0,0,2305843009213693967:16;2305843009213693973:3,Symbolica_default,cached_powers_Q,2,4,0.293,BalancedZippelSeparated
fire7_graph5_rank0383,Automatic,1,ok,166.030,20,2,1,0,0,2305843009213693967:17;2305843009213693973:3,Symbolica_default,cached_powers_Q,3,4,0.264,BalancedZippelSeparated
fire7_graph5_rank0384,Automatic,1,ok,198.960,20,2,1,0,0,2305843009213693967:17;2305843009213693973:3,Symbolica_default,cached_powers_Q,3,4,0.388,BalancedZippelSeparated
fire7_graph5_rank0385,Automatic,1,ok,202.851,18,2,1,0,0,2305843009213693967:15;2305843009213693973:3,Symbolica_default,cached_powers_Q,3,3,0.359,BalancedZippelSeparated
fire7_graph5_rank0386,Automatic,1,ok,219.821,22,2,1,0,0,2305843009213693967:19;2305843009213693973:3,Symbolica_default,cached_powers_Q,6,3,0.472,BalancedZippelSeparated
fire7_graph5_rank0387,Automatic,1,ok,252.461,24,2,1,0,0,2305843009213693967:21;2305843009213693973:3,Symbolica_default,cached_powers_Q,5,3,0.398,BalancedZippelSeparated
fire7_graph5_rank0388,Automatic,1,ok,383.951,20,2,1,0,0,2305843009213693967:17;2305843009213693973:3,Symbolica_default,cached_powers_Q,2,4,0.359,BalancedZippelSeparated
fire7_graph5_rank0389,Automatic,1,ok,239.731,24,2,1,0,0,2305843009213693967:21;2305843009213693973:3,Symbolica_default,cached_powers_Q,5,4,0.386,BalancedZippelSeparated
fire7_graph5_rank0390,Automatic,1,ok,108.241,22,2,1,0,0,2305843009213693967:19;2305843009213693973:3,Symbolica_default,cached_powers_Q,2,4,0.294,BalancedZippelSeparated
fire7_graph5_rank0391,Automatic,1,ok,135.140,20,2,1,0,0,2305843009213693967:17;2305843009213693973:3,Symbolica_default,cached_powers_Q,3,4,0.271,BalancedZippelSeparated
fire7_graph5_rank0392,Automatic,1,ok,123.681,21,2,1,0,0,2305843009213693967:18;2305843009213693973:3,Symbolica_default,cached_powers_Q,4,3,0.443,BalancedZippelSeparated
fire7_graph5_rank0393,Automatic,1,ok,220.151,21,2,1,0,0,2305843009213693967:18;2305843009213693973:3,Symbolica_default,cached_powers_Q,2,6,0.238,BalancedZippelSeparated
fire7_graph5_rank0394,Automatic,1,ok,155.281,21,2,1,0,0,2305843009213693967:18;2305843009213693973:3,Symbolica_default,cached_powers_Q,2,6,0.219,BalancedZippelSeparated
fire7_graph5_rank0395,Automatic,1,ok,188.831,21,2,1,0,0,2305843009213693967:18;2305843009213693973:3,Symbolica_default,cached_powers_Q,4,4,0.518,BalancedZippelSeparated
fire7_graph5_rank0396,Automatic,1,ok,202.391,21,2,1,0,0,2305843009213693967:18;2305843009213693973:3,Symbolica_default,cached_powers_Q,3,6,0.328,BalancedZippelSeparated
fire7_graph5_rank0397,Automatic,1,ok,278.621,21,2,1,0,0,2305843009213693967:18;2305843009213693973:3,Symbolica_default,cached_powers_Q,3,6,0.514,BalancedZippelSeparated
fire7_graph5_rank0398,Automatic,1,ok,348.362,23,2,1,0,0,2305843009213693967:20;2305843009213693973:3,Symbolica_default,cached_powers_Q,4,4,0.347,BalancedZippelSeparated
fire7_graph5_rank0399,Automatic,1,ok,201.891,19,2,1,0,0,2305843009213693967:16;2305843009213693973:3,Symbolica_default,cached_powers_Q,4,3,0.337,BalancedZippelSeparated
fire7_graph5_rank0400,Automatic,1,ok,160.631,21,2,1,0,0,2305843009213693967:18;2305843009213693973:3,Symbolica_default,cached_powers_Q,2,6,0.239,BalancedZippelSeparated
fire7_graph5_rank0401,Automatic,1,ok,137.281,21,2,1,0,0,2305843009213693967:18;2305843009213693973:3,Symbolica_default,cached_powers_Q,3,2,0.237,BalancedZippelSeparated
fire7_graph5_rank0402,Automatic,1,ok,166.601,28,2,1,0,0,2305843009213693967:25;2305843009213693973:3,Symbolica_default,cached_powers_Q,6,3,0.234,BalancedZippelSeparated
fire7_graph5_rank0403,Automatic,1,ok,163.591,20,2,1,0,0,2305843009213693967:17;2305843009213693973:3,Symbolica_default,cached_powers_Q,4,4,0.267,BalancedZippelSeparated
fire7_graph5_rank0404,Automatic,1,ok,141.330,20,2,1,0,0,2305843009213693967:17;2305843009213693973:3,Symbolica_default,cached_powers_Q,3,4,0.353,BalancedZippelSeparated
fire7_graph5_rank0405,Automatic,1,ok,189.761,21,2,1,0,0,2305843009213693967:18;2305843009213693973:3,Symbolica_default,cached_powers_Q,3,6,0.336,BalancedZippelSeparated
fire7_graph5_rank0406,Automatic,1,ok,299.331,24,2,1,0,0,2305843009213693967:21;2305843009213693973:3,Symbolica_default,cached_powers_Q,6,4,0.389,BalancedZippelSeparated
fire7_graph5_rank0407,Automatic,1,ok,201.811,23,2,1,0,0,2305843009213693967:20;2305843009213693973:3,Symbolica_default,cached_powers_Q,3,8,0.315,BalancedZippelSeparated
fire7_graph5_rank0408,Automatic,1,ok,209.551,24,2,1,0,0,2305843009213693967:21;2305843009213693973:3,Symbolica_default,cached_powers_Q,5,3,0.257,BalancedZippelSeparated
fire7_graph5_rank0409,Automatic,1,ok,361.612,22,2,1,0,0,2305843009213693967:19;2305843009213693973:3,Symbolica_default,cached_powers_Q,5,3,0.314,BalancedZippelSeparated
fire7_graph5_rank0410,Automatic,1,ok,154.631,19,2,1,0,0,2305843009213693967:16;2305843009213693973:3,Symbolica_default,cached_powers_Q,3,4,0.319,BalancedZippelSeparated
fire7_graph5_rank0411,Automatic,1,ok,162.480,21,2,1,0,0,2305843009213693967:18;2305843009213693973:3,Symbolica_default,cached_powers_Q,4,4,0.275,BalancedZippelSeparated
fire7_graph5_rank0412,Automatic,1,ok,228.181,20,2,1,0,0,2305843009213693967:17;2305843009213693973:3,Symbolica_default,cached_powers_Q,3,4,0.539,BalancedZippelSeparated
fire7_graph5_rank0413,Automatic,1,ok,223.001,28,2,1,0,0,2305843009213693967:25;2305843009213693973:3,Symbolica_default,cached_powers_Q,6,2,0.377,BalancedZippelSeparated
fire7_graph5_rank0414,Automatic,1,ok,213.680,19,2,1,0,0,2305843009213693967:16;2305843009213693973:3,Symbolica_default,cached_powers_Q,2,4,0.543,BalancedZippelSeparated
fire7_graph5_rank0415,Automatic,1,ok,148.770,19,2,1,0,0,2305843009213693967:16;2305843009213693973:3,Symbolica_default,cached_powers_Q,2,4,0.301,BalancedZippelSeparated
fire7_graph5_rank0416,Automatic,1,ok,138.770,23,2,1,0,0,2305843009213693967:20;2305843009213693973:3,Symbolica_default,cached_powers_Q,4,4,0.281,BalancedZippelSeparated
fire7_graph5_rank0417,Automatic,1,ok,144.261,18,2,1,0,0,2305843009213693967:15;2305843009213693973:3,Symbolica_default,cached_powers_Q,4,3,0.252,BalancedZippelSeparated
fire7_graph5_rank0418,Automatic,1,ok,180.181,22,2,1,0,0,2305843009213693967:19;2305843009213693973:3,Symbolica_default,cached_powers_Q,5,3,0.195,BalancedZippelSeparated
fire7_graph5_rank0419,Automatic,1,ok,128.120,21,2,1,0,0,2305843009213693967:18;2305843009213693973:3,Symbolica_default,cached_powers_Q,2,6,0.245,BalancedZippelSeparated
fire7_graph5_rank0420,Automatic,1,ok,256.421,19,2,1,0,0,2305843009213693967:16;2305843009213693973:3,Symbolica_default,cached_powers_Q,4,4,0.195,BalancedZippelSeparated
fire7_graph5_rank0421,Automatic,1,ok,129.430,20,2,1,0,0,2305843009213693967:17;2305843009213693973:3,Symbolica_default,cached_powers_Q,3,4,0.206,BalancedZippelSeparated
fire7_graph5_rank0422,Automatic,1,ok,117.291,19,2,1,0,0,2305843009213693967:16;2305843009213693973:3,Symbolica_default,cached_powers_Q,2,4,0.233,BalancedZippelSeparated
fire7_graph5_rank0423,Automatic,1,ok,214.870,21,2,1,0,0,2305843009213693967:18;2305843009213693973:3,Symbolica_default,cached_powers_Q,4,4,0.350,BalancedZippelSeparated
fire7_graph5_rank0424,Automatic,1,ok,388.021,21,2,1,0,0,2305843009213693967:18;2305843009213693973:3,Symbolica_default,cached_powers_Q,4,4,0.327,BalancedZippelSeparated
fire7_graph5_rank0425,Automatic,1,ok,181.901,19,2,1,0,0,2305843009213693967:16;2305843009213693973:3,Symbolica_default,cached_powers_Q,2,4,0.555,BalancedZippelSeparated
fire7_graph5_rank0426,Automatic,1,ok,187.941,24,2,1,0,0,2305843009213693967:21;2305843009213693973:3,Symbolica_default,cached_powers_Q,5,4,0.445,BalancedZippelSeparated
fire7_graph5_rank0427,Automatic,1,ok,169.200,21,2,1,0,0,2305843009213693967:18;2305843009213693973:3,Symbolica_default,cached_powers_Q,3,6,0.436,BalancedZippelSeparated
fire7_graph5_rank0428,Automatic,1,ok,163.001,19,2,1,0,0,2305843009213693967:16;2305843009213693973:3,Symbolica_default,cached_powers_Q,2,4,0.314,BalancedZippelSeparated
fire7_graph5_rank0429,Automatic,1,ok,173.881,19,2,1,0,0,2305843009213693967:16;2305843009213693973:3,Symbolica_default,cached_powers_Q,2,4,0.544,BalancedZippelSeparated
fire7_graph5_rank0430,Automatic,1,ok,332.771,21,2,1,0,0,2305843009213693967:18;2305843009213693973:3,Symbolica_default,cached_powers_Q,3,6,0.289,BalancedZippelSeparated
fire7_graph5_rank0431,Automatic,1,ok,194.541,21,2,1,0,0,2305843009213693967:18;2305843009213693973:3,Symbolica_default,cached_powers_Q,3,6,0.555,BalancedZippelSeparated
fire7_graph5_rank0432,Automatic,1,ok,182.820,21,2,1,0,0,2305843009213693967:18;2305843009213693973:3,Symbolica_default,cached_powers_Q,3,6,0.322,BalancedZippelSeparated
fire7_graph5_rank0433,Automatic,1,ok,409.382,19,2,1,0,0,2305843009213693967:16;2305843009213693973:3,Symbolica_default,cached_powers_Q,2,4,0.320,BalancedZippelSeparated
fire7_graph5_rank0434,Automatic,1,ok,204.830,19,2,1,0,0,2305843009213693967:16;2305843009213693973:3,Symbolica_default,cached_powers_Q,2,4,0.455,BalancedZippelSeparated
fire7_graph5_rank0435,Automatic,1,ok,183.540,22,2,1,0,0,2305843009213693967:19;2305843009213693973:3,Symbolica_default,cached_powers_Q,4,3,0.311,BalancedZippelSeparated
fire7_graph5_rank0436,Automatic,1,ok,345.501,24,2,1,0,0,2305843009213693967:21;2305843009213693973:3,Symbolica_default,cached_powers_Q,5,4,0.316,BalancedZippelSeparated
fire7_graph5_rank0437,Automatic,1,ok,203.601,24,2,1,0,0,2305843009213693967:21;2305843009213693973:3,Symbolica_default,cached_powers_Q,5,4,0.505,BalancedZippelSeparated
fire7_graph5_rank0438,Automatic,1,ok,171.071,21,2,1,0,0,2305843009213693967:18;2305843009213693973:3,Symbolica_default,cached_powers_Q,4,4,0.295,BalancedZippelSeparated
fire7_graph5_rank0439,Automatic,1,ok,185.060,20,2,1,0,0,2305843009213693967:17;2305843009213693973:3,Symbolica_default,cached_powers_Q,3,4,0.288,BalancedZippelSeparated
fire7_graph5_rank0440,Automatic,1,ok,197.041,19,2,1,0,0,2305843009213693967:16;2305843009213693973:3,Symbolica_default,cached_powers_Q,2,4,0.660,BalancedZippelSeparated
fire7_graph5_rank0441,Automatic,1,ok,206.831,24,2,1,0,0,2305843009213693967:21;2305843009213693973:3,Symbolica_default,cached_powers_Q,5,4,0.499,BalancedZippelSeparated
fire7_graph5_rank0442,Automatic,1,ok,176.591,20,2,1,0,0,2305843009213693967:17;2305843009213693973:3,Symbolica_default,cached_powers_Q,3,4,0.253,BalancedZippelSeparated
fire7_graph5_rank0443,Automatic,1,ok,193.221,19,2,1,0,0,2305843009213693967:16;2305843009213693973:3,Symbolica_default,cached_powers_Q,3,2,0.691,BalancedZippelSeparated
fire7_graph5_rank0444,Automatic,1,ok,223.971,22,2,1,0,0,2305843009213693967:19;2305843009213693973:3,Symbolica_default,cached_powers_Q,4,3,0.426,BalancedZippelSeparated
fire7_graph5_rank0445,Automatic,1,ok,138.320,20,2,1,0,0,2305843009213693967:17;2305843009213693973:3,Symbolica_default,cached_powers_Q,3,4,0.290,BalancedZippelSeparated
fire7_graph5_rank0446,Automatic,1,ok,129.081,18,2,1,0,0,2305843009213693967:15;2305843009213693973:3,Symbolica_default,cached_powers_Q,2,3,0.244,BalancedZippelSeparated
fire7_graph5_rank0447,Automatic,1,ok,185.741,22,2,1,0,0,2305843009213693967:19;2305843009213693973:3,Symbolica_default,cached_powers_Q,6,3,0.281,BalancedZippelSeparated
fire7_graph5_rank0448,Automatic,1,ok,148.791,18,2,1,0,0,2305843009213693967:15;2305843009213693973:3,Symbolica_default,cached_powers_Q,2,2,0.387,BalancedZippelSeparated
fire7_graph5_rank0449,Automatic,1,ok,409.862,22,2,1,0,0,2305843009213693967:19;2305843009213693973:3,Symbolica_default,cached_powers_Q,4,3,0.336,BalancedZippelSeparated
fire7_graph5_rank0450,Automatic,1,ok,343.171,22,2,1,0,0,2305843009213693967:19;2305843009213693973:3,Symbolica_default,cached_powers_Q,4,3,0.291,BalancedZippelSeparated
fire7_graph5_rank0451,Automatic,1,ok,404.132,18,2,1,0,0,2305843009213693967:15;2305843009213693973:3,Symbolica_default,cached_powers_Q,3,3,0.593,BalancedZippelSeparated
fire7_graph5_rank0452,Automatic,1,ok,271.870,18,2,1,0,0,2305843009213693967:15;2305843009213693973:3,Symbolica_default,cached_powers_Q,4,3,0.236,BalancedZippelSeparated
fire7_graph5_rank0453,Automatic,1,ok,117.641,17,2,1,0,0,2305843009213693967:14;2305843009213693973:3,Symbolica_default,cached_powers_Q,3,2,0.235,BalancedZippelSeparated
fire7_graph5_rank0454,Automatic,1,ok,125.021,21,2,1,0,0,2305843009213693967:18;2305843009213693973:3,Symbolica_default,cached_powers_Q,3,2,0.288,BalancedZippelSeparated
fire7_graph5_rank0455,Automatic,1,ok,143.250,21,2,1,0,0,2305843009213693967:18;2305843009213693973:3,Symbolica_default,cached_powers_Q,4,4,0.366,BalancedZippelSeparated
fire7_graph5_rank0456,Automatic,1,ok,122.041,20,2,1,0,0,2305843009213693967:17;2305843009213693973:3,Symbolica_default,cached_powers_Q,3,4,0.226,BalancedZippelSeparated
fire7_graph5_rank0457,Automatic,1,ok,196.961,22,2,1,0,0,2305843009213693967:19;2305843009213693973:3,Symbolica_default,cached_powers_Q,5,3,0.290,BalancedZippelSeparated
fire7_graph5_rank0458,Automatic,1,ok,206.351,20,2,1,0,0,2305843009213693967:17;2305843009213693973:3,Symbolica_default,cached_powers_Q,3,4,0.585,BalancedZippelSeparated
fire7_graph5_rank0459,Automatic,1,ok,186.651,20,2,1,0,0,2305843009213693967:17;2305843009213693973:3,Symbolica_default,cached_powers_Q,4,4,0.383,BalancedZippelSeparated
fire7_graph5_rank0460,Automatic,1,ok,174.681,18,2,1,0,0,2305843009213693967:15;2305843009213693973:3,Symbolica_default,cached_powers_Q,3,3,0.317,BalancedZippelSeparated
fire7_graph5_rank0461,Automatic,1,ok,201.691,25,2,1,0,0,2305843009213693967:22;2305843009213693973:3,Symbolica_default,cached_powers_Q,4,4,0.475,BalancedZippelSeparated
fire7_graph5_rank0462,Automatic,1,ok,162.650,22,2,1,0,0,2305843009213693967:19;2305843009213693973:3,Symbolica_default,cached_powers_Q,4,6,0.311,BalancedZippelSeparated
fire7_graph5_rank0463,Automatic,1,ok,139.481,21,2,1,0,0,2305843009213693967:18;2305843009213693973:3,Symbolica_default,cached_powers_Q,4,3,0.287,BalancedZippelSeparated
fire7_graph5_rank0464,Automatic,1,ok,152.290,22,2,1,0,0,2305843009213693967:19;2305843009213693973:3,Symbolica_default,cached_powers_Q,5,3,0.239,BalancedZippelSeparated
fire7_graph5_rank0465,Automatic,1,ok,276.821,24,2,1,0,0,2305843009213693967:21;2305843009213693973:3,Symbolica_default,cached_powers_Q,5,3,0.241,BalancedZippelSeparated
fire7_graph5_rank0466,Automatic,1,ok,162.121,20,2,1,0,0,2305843009213693967:17;2305843009213693973:3,Symbolica_default,cached_powers_Q,4,4,0.423,BalancedZippelSeparated
fire7_graph5_rank0467,Automatic,1,ok,474.672,24,2,1,0,0,2305843009213693967:21;2305843009213693973:3,Symbolica_default,cached_powers_Q,4,6,0.404,BalancedZippelSeparated
fire7_graph5_rank0468,Automatic,1,ok,179.481,19,2,1,0,0,2305843009213693967:16;2305843009213693973:3,Symbolica_default,cached_powers_Q,4,4,0.257,BalancedZippelSeparated
fire7_graph5_rank0469,Automatic,1,ok,316.182,23,2,1,0,0,2305843009213693967:20;2305843009213693973:3,Symbolica_default,cached_powers_Q,4,3,0.310,BalancedZippelSeparated
fire7_graph5_rank0470,Automatic,1,ok,181.891,22,2,1,0,0,2305843009213693967:19;2305843009213693973:3,Symbolica_default,cached_powers_Q,4,6,0.353,BalancedZippelSeparated
fire7_graph5_rank0471,Automatic,1,ok,183.801,22,2,1,0,0,2305843009213693967:19;2305843009213693973:3,Symbolica_default,cached_powers_Q,5,3,0.284,BalancedZippelSeparated
fire7_graph5_rank0472,Automatic,1,ok,231.651,20,2,1,0,0,2305843009213693967:17;2305843009213693973:3,Symbolica_default,cached_powers_Q,4,4,0.392,BalancedZippelSeparated
fire7_graph5_rank0473,Automatic,1,ok,174.431,18,2,1,0,0,2305843009213693967:15;2305843009213693973:3,Symbolica_default,cached_powers_Q,4,3,0.280,BalancedZippelSeparated
fire7_graph5_rank0474,Automatic,1,ok,158.351,18,2,1,0,0,2305843009213693967:15;2305843009213693973:3,Symbolica_default,cached_powers_Q,4,3,0.449,BalancedZippelSeparated
fire7_graph5_rank0475,Automatic,1,ok,219.841,21,2,1,0,0,2305843009213693967:18;2305843009213693973:3,Symbolica_default,cached_powers_Q,4,3,0.502,BalancedZippelSeparated
fire7_graph5_rank0476,Automatic,1,ok,429.462,20,2,1,0,0,2305843009213693967:17;2305843009213693973:3,Symbolica_default,cached_powers_Q,4,4,0.319,BalancedZippelSeparated
fire7_graph5_rank0477,Automatic,1,ok,169.371,20,2,1,0,0,2305843009213693967:17;2305843009213693973:3,Symbolica_default,cached_powers_Q,4,4,0.287,BalancedZippelSeparated
fire7_graph5_rank0478,Automatic,1,ok,159.791,20,2,1,0,0,2305843009213693967:17;2305843009213693973:3,Symbolica_default,cached_powers_Q,4,4,0.351,BalancedZippelSeparated
fire7_graph5_rank0479,Automatic,1,ok,143.980,20,2,1,0,0,2305843009213693967:17;2305843009213693973:3,Symbolica_default,cached_powers_Q,4,4,0.233,BalancedZippelSeparated
fire7_graph5_rank0480,Automatic,1,ok,169.150,22,2,1,0,0,2305843009213693967:19;2305843009213693973:3,Symbolica_default,cached_powers_Q,4,3,0.235,BalancedZippelSeparated
fire7_graph5_rank0481,Automatic,1,ok,178.680,26,2,1,0,0,2305843009213693967:23;2305843009213693973:3,Symbolica_default,cached_powers_Q,5,3,0.355,BalancedZippelSeparated
fire7_graph5_rank0482,Automatic,1,ok,122.600,17,2,1,0,0,2305843009213693967:14;2305843009213693973:3,Symbolica_default,cached_powers_Q,3,3,0.241,BalancedZippelSeparated
fire7_graph5_rank0483,Automatic,1,ok,179.211,20,2,1,0,0,2305843009213693967:17;2305843009213693973:3,Symbolica_default,cached_powers_Q,4,4,0.285,BalancedZippelSeparated
fire7_graph5_rank0484,Automatic,1,ok,149.791,22,2,1,0,0,2305843009213693967:19;2305843009213693973:3,Symbolica_default,cached_powers_Q,3,1,0.575,BalancedZippelSeparated
fire7_graph5_rank0485,Automatic,1,ok,207.941,17,2,1,0,0,2305843009213693967:14;2305843009213693973:3,Symbolica_default,cached_powers_Q,3,3,0.331,BalancedZippelSeparated
fire7_graph5_rank0486,Automatic,1,ok,185.301,19,2,1,0,0,2305843009213693967:16;2305843009213693973:3,Symbolica_default,cached_powers_Q,2,4,0.362,BalancedZippelSeparated
fire7_graph5_rank0487,Automatic,1,ok,211.831,23,2,1,0,0,2305843009213693967:20;2305843009213693973:3,Symbolica_default,cached_powers_Q,4,4,0.280,BalancedZippelSeparated
fire7_graph5_rank0488,Automatic,1,ok,154.751,23,2,1,0,0,2305843009213693967:20;2305843009213693973:3,Symbolica_default,cached_powers_Q,2,8,0.253,BalancedZippelSeparated
fire7_graph5_rank0489,Automatic,1,ok,132.881,20,2,1,0,0,2305843009213693967:17;2305843009213693973:3,Symbolica_default,cached_powers_Q,3,4,0.198,BalancedZippelSeparated
fire7_graph5_rank0490,Automatic,1,ok,113.140,18,2,1,0,0,2305843009213693967:15;2305843009213693973:3,Symbolica_default,cached_powers_Q,2,3,0.344,BalancedZippelSeparated
fire7_graph5_rank0491,Automatic,1,ok,141.641,20,2,1,0,0,2305843009213693967:17;2305843009213693973:3,Symbolica_default,cached_powers_Q,3,4,0.230,BalancedZippelSeparated
fire7_graph5_rank0492,Automatic,1,ok,160.540,18,2,1,0,0,2305843009213693967:15;2305843009213693973:3,Symbolica_default,cached_powers_Q,4,3,0.236,BalancedZippelSeparated
fire7_graph5_rank0493,Automatic,1,ok,226.961,18,2,1,0,0,2305843009213693967:15;2305843009213693973:3,Symbolica_default,cached_powers_Q,4,3,0.335,BalancedZippelSeparated
fire7_graph5_rank0494,Automatic,1,ok,204.370,22,2,1,0,0,2305843009213693967:19;2305843009213693973:3,Symbolica_default,cached_powers_Q,5,3,0.301,BalancedZippelSeparated
fire7_graph5_rank0495,Automatic,1,ok,182.531,22,2,1,0,0,2305843009213693967:19;2305843009213693973:3,Symbolica_default,cached_powers_Q,5,3,0.321,BalancedZippelSeparated
fire7_graph5_rank0496,Automatic,1,ok,183.750,20,2,1,0,0,2305843009213693967:17;2305843009213693973:3,Symbolica_default,cached_powers_Q,3,4,0.300,BalancedZippelSeparated
fire7_graph5_rank0497,Automatic,1,ok,192.610,21,2,1,0,0,2305843009213693967:18;2305843009213693973:3,Symbolica_default,cached_powers_Q,3,6,0.285,BalancedZippelSeparated
fire7_graph5_rank0498,Automatic,1,ok,281.471,21,2,1,0,0,2305843009213693967:18;2305843009213693973:3,Symbolica_default,cached_powers_Q,3,6,0.578,BalancedZippelSeparated
fire7_graph5_rank0499,Automatic,1,ok,159.941,19,2,1,0,0,2305843009213693967:16;2305843009213693973:3,Symbolica_default,cached_powers_Q,2,4,0.323,BalancedZippelSeparated
fire7_graph5_rank0500,Automatic,1,ok,509.611,22,2,1,0,0,2305843009213693967:19;2305843009213693973:3,Symbolica_default,cached_powers_Q,5,3,0.347,BalancedZippelSeparated
fire7_graph5_rank0501,Automatic,1,ok,141.540,19,2,1,0,0,2305843009213693967:16;2305843009213693973:3,Symbolica_default,cached_powers_Q,1,4,0.441,BalancedZippelSeparated
fire7_graph5_rank0502,Automatic,1,ok,169.500,17,2,1,0,0,2305843009213693967:14;2305843009213693973:3,Symbolica_default,cached_powers_Q,3,3,0.308,BalancedZippelSeparated
fire7_graph5_rank0503,Automatic,1,ok,336.661,18,2,1,0,0,2305843009213693967:15;2305843009213693973:3,Symbolica_default,cached_powers_Q,4,3,0.290,BalancedZippelSeparated
fire7_graph5_rank0504,Automatic,1,ok,374.052,18,2,1,0,0,2305843009213693967:15;2305843009213693973:3,Symbolica_default,cached_powers_Q,3,3,0.276,BalancedZippelSeparated
fire7_graph5_rank0505,Automatic,1,ok,177.740,18,2,1,0,0,2305843009213693967:15;2305843009213693973:3,Symbolica_default,cached_powers_Q,3,3,0.363,BalancedZippelSeparated
fire7_graph5_rank0506,Automatic,1,ok,124.310,18,2,1,0,0,2305843009213693967:15;2305843009213693973:3,Symbolica_default,cached_powers_Q,3,3,0.231,BalancedZippelSeparated
fire7_graph5_rank0507,Automatic,1,ok,140.380,18,2,1,0,0,2305843009213693967:15;2305843009213693973:3,Symbolica_default,cached_powers_Q,3,3,0.201,BalancedZippelSeparated
fire7_graph5_rank0508,Automatic,1,ok,128.541,18,2,1,0,0,2305843009213693967:15;2305843009213693973:3,Symbolica_default,cached_powers_Q,4,3,0.212,BalancedZippelSeparated
fire7_graph5_rank0509,Automatic,1,ok,148.030,26,2,1,0,0,2305843009213693967:23;2305843009213693973:3,Symbolica_default,cached_powers_Q,5,3,0.224,BalancedZippelSeparated
fire7_graph5_rank0510,Automatic,1,ok,132.620,22,2,1,0,0,2305843009213693967:19;2305843009213693973:3,Symbolica_default,cached_powers_Q,4,4,0.373,BalancedZippelSeparated
fire7_graph5_rank0511,Automatic,1,ok,147.261,23,2,1,0,0,2305843009213693967:20;2305843009213693973:3,Symbolica_default,cached_powers_Q,4,3,0.228,BalancedZippelSeparated
fire7_graph5_rank0512,Automatic,1,ok,113.890,19,2,1,0,0,2305843009213693967:16;2305843009213693973:3,Symbolica_default,cached_powers_Q,1,4,0.225,BalancedZippelSeparated
fire7_graph5_rank0513,Automatic,1,ok,171.341,22,2,1,0,0,2305843009213693967:19;2305843009213693973:3,Symbolica_default,cached_powers_Q,5,3,0.344,BalancedZippelSeparated
fire7_graph5_rank0514,Automatic,1,ok,267.771,23,2,1,0,0,2305843009213693967:20;2305843009213693973:3,Symbolica_default,cached_powers_Q,4,3,0.372,BalancedZippelSeparated
fire7_graph5_rank0515,Automatic,1,ok,228.511,17,2,1,0,0,2305843009213693967:14;2305843009213693973:3,Symbolica_default,cached_powers_Q,3,3,0.358,BalancedZippelSeparated
fire7_graph5_rank0516,Automatic,1,ok,186.611,22,2,1,0,0,2305843009213693967:19;2305843009213693973:3,Symbolica_default,cached_powers_Q,3,4,0.288,BalancedZippelSeparated
fire7_graph5_rank0517,Automatic,1,ok,213.511,18,2,1,0,0,2305843009213693967:15;2305843009213693973:3,Symbolica_default,cached_powers_Q,3,3,0.539,BalancedZippelSeparated
fire7_graph5_rank0518,Automatic,1,ok,158.131,18,2,1,0,0,2305843009213693967:15;2305843009213693973:3,Symbolica_default,cached_powers_Q,4,3,0.299,BalancedZippelSeparated
fire7_graph5_rank0519,Automatic,1,ok,155.041,18,2,1,0,0,2305843009213693967:15;2305843009213693973:3,Symbolica_default,cached_powers_Q,4,3,0.272,BalancedZippelSeparated
fire7_graph5_rank0520,Automatic,1,ok,367.572,19,2,1,0,0,2305843009213693967:16;2305843009213693973:3,Symbolica_default,cached_powers_Q,2,4,0.291,BalancedZippelSeparated
fire7_graph5_rank0521,Automatic,1,ok,175.911,18,2,1,0,0,2305843009213693967:15;2305843009213693973:3,Symbolica_default,cached_powers_Q,3,3,0.242,BalancedZippelSeparated
fire7_graph5_rank0522,Automatic,1,ok,288.941,20,2,1,0,0,2305843009213693967:17;2305843009213693973:3,Symbolica_default,cached_powers_Q,2,3,0.300,BalancedZippelSeparated
fire7_graph5_rank0523,Automatic,1,ok,107.131,19,2,1,0,0,2305843009213693967:16;2305843009213693973:3,Symbolica_default,cached_powers_Q,1,4,0.275,BalancedZippelSeparated
fire7_graph5_rank0524,Automatic,1,ok,94.100,18,2,1,0,0,2305843009213693967:15;2305843009213693973:3,Symbolica_default,cached_powers_Q,1,3,0.228,BalancedZippelSeparated
fire7_graph5_rank0525,Automatic,1,ok,121.601,17,2,1,0,0,2305843009213693967:14;2305843009213693973:3,Symbolica_default,cached_powers_Q,2,3,0.361,BalancedZippelSeparated
fire7_graph5_rank0526,Automatic,1,ok,121.070,18,2,1,0,0,2305843009213693967:15;2305843009213693973:3,Symbolica_default,cached_powers_Q,3,3,0.198,BalancedZippelSeparated
fire7_graph5_rank0527,Automatic,1,ok,143.131,18,2,1,0,0,2305843009213693967:15;2305843009213693973:3,Symbolica_default,cached_powers_Q,4,3,0.219,BalancedZippelSeparated
fire7_graph5_rank0528,Automatic,1,ok,153.591,18,2,1,0,0,2305843009213693967:15;2305843009213693973:3,Symbolica_default,cached_powers_Q,2,3,0.241,BalancedZippelSeparated
fire7_graph5_rank0529,Automatic,1,ok,142.151,18,2,1,0,0,2305843009213693967:15;2305843009213693973:3,Symbolica_default,cached_powers_Q,4,3,0.373,BalancedZippelSeparated
fire7_graph5_rank0530,Automatic,1,ok,160.011,19,2,1,0,0,2305843009213693967:16;2305843009213693973:3,Symbolica_default,cached_powers_Q,2,4,0.449,BalancedZippelSeparated
fire7_graph5_rank0531,Automatic,1,ok,146.690,18,2,1,0,0,2305843009213693967:15;2305843009213693973:3,Symbolica_default,cached_powers_Q,3,3,0.258,BalancedZippelSeparated
fire7_graph5_rank0532,Automatic,1,ok,142.721,18,2,1,0,0,2305843009213693967:15;2305843009213693973:3,Symbolica_default,cached_powers_Q,4,3,0.208,BalancedZippelSeparated
fire7_graph5_rank0533,Automatic,1,ok,142.251,20,2,1,0,0,2305843009213693967:17;2305843009213693973:3,Symbolica_default,cached_powers_Q,3,4,0.265,BalancedZippelSeparated
fire7_graph5_rank0534,Automatic,1,ok,106.330,16,2,1,0,0,2305843009213693967:13;2305843009213693973:3,Symbolica_default,cached_powers_Q,2,2,0.239,BalancedZippelSeparated
fire7_graph5_rank0535,Automatic,1,ok,140.291,18,2,1,0,0,2305843009213693967:15;2305843009213693973:3,Symbolica_default,cached_powers_Q,3,3,0.184,BalancedZippelSeparated
fire7_graph5_rank0536,Automatic,1,ok,127.021,19,2,1,0,0,2305843009213693967:16;2305843009213693973:3,Symbolica_default,cached_powers_Q,4,4,0.366,BalancedZippelSeparated
fire7_graph5_rank0537,Automatic,1,ok,142.810,18,2,1,0,0,2305843009213693967:15;2305843009213693973:3,Symbolica_default,cached_powers_Q,2,3,0.210,BalancedZippelSeparated
fire7_graph5_rank0538,Automatic,1,ok,147.981,18,2,1,0,0,2305843009213693967:15;2305843009213693973:3,Symbolica_default,cached_powers_Q,4,3,0.276,BalancedZippelSeparated
fire7_graph5_rank0539,Automatic,1,ok,153.611,18,2,1,0,0,2305843009213693967:15;2305843009213693973:3,Symbolica_default,cached_powers_Q,4,3,0.237,BalancedZippelSeparated
fire7_graph5_rank0540,Automatic,1,ok,180.661,18,2,1,0,0,2305843009213693967:15;2305843009213693973:3,Symbolica_default,cached_powers_Q,3,3,0.262,BalancedZippelSeparated
fire7_graph5_rank0541,Automatic,1,ok,381.841,21,2,1,0,0,2305843009213693967:18;2305843009213693973:3,Symbolica_default,cached_powers_Q,3,6,0.283,BalancedZippelSeparated
fire7_graph5_rank0542,Automatic,1,ok,209.041,20,2,1,0,0,2305843009213693967:17;2305843009213693973:3,Symbolica_default,cached_powers_Q,2,4,0.291,BalancedZippelSeparated
fire7_graph5_rank0543,Automatic,1,ok,177.220,18,2,1,0,0,2305843009213693967:15;2305843009213693973:3,Symbolica_default,cached_powers_Q,4,3,0.259,BalancedZippelSeparated
fire7_graph5_rank0544,Automatic,1,ok,184.551,20,2,1,0,0,2305843009213693967:17;2305843009213693973:3,Symbolica_default,cached_powers_Q,3,4,0.274,BalancedZippelSeparated
fire7_graph5_rank0545,Automatic,1,ok,177.031,20,2,1,0,0,2305843009213693967:17;2305843009213693973:3,Symbolica_default,cached_powers_Q,3,4,0.279,BalancedZippelSeparated
fire7_graph5_rank0546,Automatic,1,ok,174.481,21,2,1,0,0,2305843009213693967:18;2305843009213693973:3,Symbolica_default,cached_powers_Q,4,3,0.288,BalancedZippelSeparated
fire7_graph5_rank0547,Automatic,1,ok,121.540,19,2,1,0,0,2305843009213693967:16;2305843009213693973:3,Symbolica_default,cached_powers_Q,1,4,0.391,BalancedZippelSeparated
fire7_graph5_rank0548,Automatic,1,ok,116.860,16,2,1,0,0,2305843009213693967:13;2305843009213693973:3,Symbolica_default,cached_powers_Q,2,2,0.424,BalancedZippelSeparated
fire7_graph5_rank0549,Automatic,1,ok,105.621,18,2,1,0,0,2305843009213693967:15;2305843009213693973:3,Symbolica_default,cached_powers_Q,2,2,0.300,BalancedZippelSeparated
fire7_graph5_rank0550,Automatic,1,ok,324.731,20,2,1,0,0,2305843009213693967:17;2305843009213693973:3,Symbolica_default,cached_powers_Q,3,4,0.265,BalancedZippelSeparated
fire7_graph5_rank0551,Automatic,1,ok,296.541,18,2,1,0,0,2305843009213693967:15;2305843009213693973:3,Symbolica_default,cached_powers_Q,4,3,0.260,BalancedZippelSeparated
fire7_graph5_rank0552,Automatic,1,ok,139.320,18,2,1,0,0,2305843009213693967:15;2305843009213693973:3,Symbolica_default,cached_powers_Q,3,3,0.243,BalancedZippelSeparated
fire7_graph5_rank0553,Automatic,1,ok,130.201,18,2,1,0,0,2305843009213693967:15;2305843009213693973:3,Symbolica_default,cached_powers_Q,3,3,0.238,BalancedZippelSeparated
fire7_graph5_rank0554,Automatic,1,ok,127.681,21,2,1,0,0,2305843009213693967:18;2305843009213693973:3,Symbolica_default,cached_powers_Q,2,6,0.271,BalancedZippelSeparated
fire7_graph5_rank0555,Automatic,1,ok,149.440,20,2,1,0,0,2305843009213693967:17;2305843009213693973:3,Symbolica_default,cached_powers_Q,3,4,0.367,BalancedZippelSeparated
fire7_graph5_rank0556,Automatic,1,ok,123.521,20,2,1,0,0,2305843009213693967:17;2305843009213693973:3,Symbolica_default,cached_powers_Q,3,4,0.368,BalancedZippelSeparated
fire7_graph5_rank0557,Automatic,1,ok,260.981,24,2,1,0,0,2305843009213693967:21;2305843009213693973:3,Symbolica_default,cached_powers_Q,5,2,0.242,BalancedZippelSeparated
fire7_graph5_rank0558,Automatic,1,ok,144.281,16,2,1,0,0,2305843009213693967:13;2305843009213693973:3,Symbolica_default,cached_powers_Q,2,2,0.289,BalancedZippelSeparated
fire7_graph5_rank0559,Automatic,1,ok,103.250,18,2,1,0,0,2305843009213693967:15;2305843009213693973:3,Symbolica_default,cached_powers_Q,1,3,0.385,BalancedZippelSeparated
fire7_graph5_rank0560,Automatic,1,ok,163.071,18,2,1,0,0,2305843009213693967:15;2305843009213693973:3,Symbolica_default,cached_powers_Q,3,3,0.369,BalancedZippelSeparated
fire7_graph5_rank0561,Automatic,1,ok,190.020,18,2,1,0,0,2305843009213693967:15;2305843009213693973:3,Symbolica_default,cached_powers_Q,3,3,0.397,BalancedZippelSeparated
fire7_graph5_rank0562,Automatic,1,ok,134.370,18,2,1,0,0,2305843009213693967:15;2305843009213693973:3,Symbolica_default,cached_powers_Q,3,3,0.263,BalancedZippelSeparated
fire7_graph5_rank0563,Automatic,1,ok,134.340,20,2,1,0,0,2305843009213693967:17;2305843009213693973:3,Symbolica_default,cached_powers_Q,2,4,0.179,BalancedZippelSeparated
fire7_graph5_rank0564,Automatic,1,ok,126.280,21,2,1,0,0,2305843009213693967:18;2305843009213693973:3,Symbolica_default,cached_powers_Q,2,6,0.272,BalancedZippelSeparated
fire7_graph5_rank0565,Automatic,1,ok,140.420,19,2,1,0,0,2305843009213693967:16;2305843009213693973:3,Symbolica_default,cached_powers_Q,1,4,0.283,BalancedZippelSeparated
fire7_graph5_rank0566,Automatic,1,ok,165.491,22,2,1,0,0,2305843009213693967:19;2305843009213693973:3,Symbolica_default,cached_powers_Q,2,4,0.255,BalancedZippelSeparated
fire7_graph5_rank0567,Automatic,1,ok,159.930,18,2,1,0,0,2305843009213693967:15;2305843009213693973:3,Symbolica_default,cached_powers_Q,2,3,0.276,BalancedZippelSeparated
fire7_graph5_rank0568,Automatic,1,ok,180.311,26,2,1,0,0,2305843009213693967:23;2305843009213693973:3,Symbolica_default,cached_powers_Q,4,3,0.503,BalancedZippelSeparated
fire7_graph5_rank0569,Automatic,1,ok,116.560,15,2,1,0,0,2305843009213693967:12;2305843009213693973:3,Symbolica_default,cached_powers_Q,1,2,0.291,BalancedZippelSeparated
fire7_graph5_rank0570,Automatic,1,ok,157.750,17,2,1,0,0,2305843009213693967:14;2305843009213693973:3,Symbolica_default,cached_powers_Q,3,3,0.501,BalancedZippelSeparated
fire7_graph5_rank0571,Automatic,1,ok,151.751,17,2,1,0,0,2305843009213693967:14;2305843009213693973:3,Symbolica_default,cached_powers_Q,3,3,0.328,BalancedZippelSeparated
fire7_graph5_rank0572,Automatic,1,ok,174.011,24,2,1,0,0,2305843009213693967:21;2305843009213693973:3,Symbolica_default,cached_powers_Q,4,2,0.291,BalancedZippelSeparated
fire7_graph5_rank0573,Automatic,1,ok,188.461,21,2,1,0,0,2305843009213693967:18;2305843009213693973:3,Symbolica_default,cached_powers_Q,4,2,0.260,BalancedZippelSeparated
fire7_graph5_rank0574,Automatic,1,ok,192.051,19,2,1,0,0,2305843009213693967:16;2305843009213693973:3,Symbolica_default,cached_powers_Q,2,4,0.293,BalancedZippelSeparated
fire7_graph5_rank0575,Automatic,1,ok,199.231,19,2,1,0,0,2305843009213693967:16;2305843009213693973:3,Symbolica_default,cached_powers_Q,2,4,0.424,BalancedZippelSeparated
fire7_graph5_rank0576,Automatic,1,ok,267.081,16,2,1,0,0,2305843009213693967:13;2305843009213693973:3,Symbolica_default,cached_powers_Q,2,2,0.319,BalancedZippelSeparated
fire7_graph5_rank0577,Automatic,1,ok,151.991,16,2,1,0,0,2305843009213693967:13;2305843009213693973:3,Symbolica_default,cached_powers_Q,2,2,0.303,BalancedZippelSeparated
fire7_graph5_rank0578,Automatic,1,ok,131.921,16,2,1,0,0,2305843009213693967:13;2305843009213693973:3,Symbolica_default,cached_powers_Q,2,2,0.467,BalancedZippelSeparated
fire7_graph5_rank0579,Automatic,1,ok,121.551,15,2,1,0,0,2305843009213693967:12;2305843009213693973:3,Symbolica_default,cached_powers_Q,2,2,0.247,BalancedZippelSeparated
fire7_graph5_rank0580,Automatic,1,ok,164.840,21,2,1,0,0,2305843009213693967:18;2305843009213693973:3,Symbolica_default,cached_powers_Q,2,6,0.270,BalancedZippelSeparated
fire7_graph5_rank0581,Automatic,1,ok,137.600,20,2,1,0,0,2305843009213693967:17;2305843009213693973:3,Symbolica_default,cached_powers_Q,2,2,0.449,BalancedZippelSeparated
fire7_graph5_rank0582,Automatic,1,ok,151.940,21,2,1,0,0,2305843009213693967:18;2305843009213693973:3,Symbolica_default,cached_powers_Q,4,3,0.314,BalancedZippelSeparated
fire7_graph5_rank0583,Automatic,1,ok,185.000,21,2,1,0,0,2305843009213693967:18;2305843009213693973:3,Symbolica_default,cached_powers_Q,3,3,0.363,BalancedZippelSeparated
fire7_graph5_rank0584,Automatic,1,ok,122.830,21,2,1,0,0,2305843009213693967:18;2305843009213693973:3,Symbolica_default,cached_powers_Q,1,4,0.265,BalancedZippelSeparated
fire7_graph5_rank0585,Automatic,1,ok,157.741,19,2,1,0,0,2305843009213693967:16;2305843009213693973:3,Symbolica_default,cached_powers_Q,3,2,0.212,BalancedZippelSeparated
fire7_graph5_rank0586,Automatic,1,ok,153.021,21,2,1,0,0,2305843009213693967:18;2305843009213693973:3,Symbolica_default,cached_powers_Q,3,3,0.232,BalancedZippelSeparated
fire7_graph5_rank0587,Automatic,1,ok,107.710,19,2,1,0,0,2305843009213693967:16;2305843009213693973:3,Symbolica_default,cached_powers_Q,1,4,0.234,BalancedZippelSeparated
fire7_graph5_rank0588,Automatic,1,ok,146.311,21,2,1,0,0,2305843009213693967:18;2305843009213693973:3,Symbolica_default,cached_powers_Q,3,2,0.224,BalancedZippelSeparated
fire7_graph5_rank0589,Automatic,1,ok,146.540,19,2,1,0,0,2305843009213693967:16;2305843009213693973:3,Symbolica_default,cached_powers_Q,4,2,0.213,BalancedZippelSeparated
fire7_graph5_rank0590,Automatic,1,ok,116.631,18,2,1,0,0,2305843009213693967:15;2305843009213693973:3,Symbolica_default,cached_powers_Q,2,2,0.293,BalancedZippelSeparated
fire7_graph5_rank0591,Automatic,1,ok,210.560,19,2,1,0,0,2305843009213693967:16;2305843009213693973:3,Symbolica_default,cached_powers_Q,3,2,0.511,BalancedZippelSeparated
fire7_graph5_rank0592,Automatic,1,ok,248.792,21,2,1,0,0,2305843009213693967:18;2305843009213693973:3,Symbolica_default,cached_powers_Q,4,3,0.539,BalancedZippelSeparated
fire7_graph5_rank0593,Automatic,1,ok,172.160,20,2,1,0,0,2305843009213693967:17;2305843009213693973:3,Symbolica_default,cached_powers_Q,2,2,0.426,BalancedZippelSeparated
fire7_graph5_rank0594,Automatic,1,ok,137.600,16,2,1,0,0,2305843009213693967:13;2305843009213693973:3,Symbolica_default,cached_powers_Q,2,2,0.546,BalancedZippelSeparated
fire7_graph5_rank0595,Automatic,1,ok,118.211,19,2,1,0,0,2305843009213693967:16;2305843009213693973:3,Symbolica_default,cached_powers_Q,1,4,0.286,BalancedZippelSeparated
fire7_graph5_rank0596,Automatic,1,ok,184.530,28,2,1,0,0,2305843009213693967:25;2305843009213693973:3,Symbolica_default,cached_powers_Q,4,3,0.277,BalancedZippelSeparated
fire7_graph5_rank0597,Automatic,1,ok,212.551,17,2,1,0,0,2305843009213693967:14;2305843009213693973:3,Symbolica_default,cached_powers_Q,3,3,0.349,BalancedZippelSeparated
fire7_graph5_rank0598,Automatic,1,ok,153.401,19,2,1,0,0,2305843009213693967:16;2305843009213693973:3,Symbolica_default,cached_powers_Q,1,4,0.538,BalancedZippelSeparated
fire7_graph5_rank0599,Automatic,1,ok,106.711,15,2,1,0,0,2305843009213693967:12;2305843009213693973:3,Symbolica_default,cached_powers_Q,1,1,0.288,BalancedZippelSeparated
fire7_graph5_rank0600,Automatic,1,ok,122.231,18,2,1,0,0,2305843009213693967:15;2305843009213693973:3,Symbolica_default,cached_powers_Q,2,2,0.251,BalancedZippelSeparated
fire7_graph5_rank0601,Automatic,1,ok,125.901,16,2,1,0,0,2305843009213693967:13;2305843009213693973:3,Symbolica_default,cached_powers_Q,3,2,0.209,BalancedZippelSeparated
fire7_graph5_rank0602,Automatic,1,ok,136.240,21,2,1,0,0,2305843009213693967:18;2305843009213693973:3,Symbolica_default,cached_powers_Q,2,6,0.250,BalancedZippelSeparated
fire7_graph5_rank0603,Automatic,1,ok,104.291,17,2,1,0,0,2305843009213693967:14;2305843009213693973:3,Symbolica_default,cached_powers_Q,1,3,0.371,BalancedZippelSeparated
fire7_graph5_rank0604,Automatic,1,ok,158.741,19,2,1,0,0,2305843009213693967:16;2305843009213693973:3,Symbolica_default,cached_powers_Q,4,2,0.208,BalancedZippelSeparated
fire7_graph5_rank0605,Automatic,1,ok,128.451,19,2,1,0,0,2305843009213693967:16;2305843009213693973:3,Symbolica_default,cached_powers_Q,4,2,0.223,BalancedZippelSeparated
fire7_graph5_rank0606,Automatic,1,ok,118.380,17,2,1,0,0,2305843009213693967:14;2305843009213693973:3,Symbolica_default,cached_powers_Q,2,3,0.220,BalancedZippelSeparated
fire7_graph5_rank0607,Automatic,1,ok,306.811,21,2,1,0,0,2305843009213693967:18;2305843009213693973:3,Symbolica_default,cached_powers_Q,2,6,0.460,BalancedZippelSeparated
fire7_graph5_rank0608,Automatic,1,ok,192.041,21,2,1,0,0,2305843009213693967:18;2305843009213693973:3,Symbolica_default,cached_powers_Q,2,6,0.563,BalancedZippelSeparated
fire7_graph5_rank0609,Automatic,1,ok,435.592,20,2,1,0,0,2305843009213693967:17;2305843009213693973:3,Symbolica_default,cached_powers_Q,4,4,0.343,BalancedZippelSeparated
fire7_graph5_rank0610,Automatic,1,ok,193.411,17,2,1,0,0,2305843009213693967:14;2305843009213693973:3,Symbolica_default,cached_powers_Q,2,3,0.342,BalancedZippelSeparated
fire7_graph5_rank0611,Automatic,1,ok,126.661,16,2,1,0,0,2305843009213693967:13;2305843009213693973:3,Symbolica_default,cached_powers_Q,2,2,0.320,BalancedZippelSeparated
fire7_graph5_rank0612,Automatic,1,ok,450.832,17,2,1,0,0,2305843009213693967:14;2305843009213693973:3,Symbolica_default,cached_powers_Q,3,3,0.348,BalancedZippelSeparated
fire7_graph5_rank0613,Automatic,1,ok,222.751,21,2,1,0,0,2305843009213693967:18;2305843009213693973:3,Symbolica_default,cached_powers_Q,4,3,0.452,BalancedZippelSeparated
fire7_graph5_rank0614,Automatic,1,ok,308.101,21,2,1,0,0,2305843009213693967:18;2305843009213693973:3,Symbolica_default,cached_powers_Q,4,3,0.307,BalancedZippelSeparated
fire7_graph5_rank0615,Automatic,1,ok,196.021,20,2,1,0,0,2305843009213693967:17;2305843009213693973:3,Symbolica_default,cached_powers_Q,4,4,0.476,BalancedZippelSeparated
fire7_graph5_rank0616,Automatic,1,ok,409.502,20,2,1,0,0,2305843009213693967:17;2305843009213693973:3,Symbolica_default,cached_powers_Q,4,4,0.393,BalancedZippelSeparated
fire7_graph5_rank0617,Automatic,1,ok,138.951,18,2,1,0,0,2305843009213693967:15;2305843009213693973:3,Symbolica_default,cached_powers_Q,2,2,0.295,BalancedZippelSeparated
fire7_graph5_rank0618,Automatic,1,ok,146.840,16,2,1,0,0,2305843009213693967:13;2305843009213693973:3,Symbolica_default,cached_powers_Q,3,2,0.496,BalancedZippelSeparated
fire7_graph5_rank0619,Automatic,1,ok,203.200,17,2,1,0,0,2305843009213693967:14;2305843009213693973:3,Symbolica_default,cached_powers_Q,3,3,0.362,BalancedZippelSeparated
fire7_graph5_rank0620,Automatic,1,ok,164.980,20,2,1,0,0,2305843009213693967:17;2305843009213693973:3,Symbolica_default,cached_powers_Q,2,4,0.473,BalancedZippelSeparated
fire7_graph5_rank0621,Automatic,1,ok,166.701,18,2,1,0,0,2305843009213693967:15;2305843009213693973:3,Symbolica_default,cached_powers_Q,2,2,0.654,BalancedZippelSeparated
fire7_graph5_rank0622,Automatic,1,ok,170.181,19,2,1,0,0,2305843009213693967:16;2305843009213693973:3,Symbolica_default,cached_powers_Q,4,2,0.309,BalancedZippelSeparated
fire7_graph5_rank0623,Automatic,1,ok,274.341,18,2,1,0,0,2305843009213693967:15;2305843009213693973:3,Symbolica_default,cached_powers_Q,2,2,0.310,BalancedZippelSeparated
fire7_graph5_rank0624,Automatic,1,ok,139.090,15,2,1,0,0,2305843009213693967:12;2305843009213693973:3,Symbolica_default,cached_powers_Q,2,1,0.369,BalancedZippelSeparated
fire7_graph5_rank0625,Automatic,1,ok,219.861,21,2,1,0,0,2305843009213693967:18;2305843009213693973:3,Symbolica_default,cached_powers_Q,3,3,0.450,BalancedZippelSeparated
fire7_graph5_rank0626,Automatic,1,ok,122.840,19,2,1,0,0,2305843009213693967:16;2305843009213693973:3,Symbolica_default,cached_powers_Q,1,4,0.483,BalancedZippelSeparated
fire7_graph5_rank0627,Automatic,1,ok,179.831,17,2,1,0,0,2305843009213693967:14;2305843009213693973:3,Symbolica_default,cached_powers_Q,3,3,0.262,BalancedZippelSeparated
fire7_graph5_rank0628,Automatic,1,ok,328.951,17,2,1,0,0,2305843009213693967:14;2305843009213693973:3,Symbolica_default,cached_powers_Q,3,3,0.292,BalancedZippelSeparated
fire7_graph5_rank0629,Automatic,1,ok,214.311,17,2,1,0,0,2305843009213693967:14;2305843009213693973:3,Symbolica_default,cached_powers_Q,2,2,0.560,BalancedZippelSeparated
fire7_graph5_rank0630,Automatic,1,ok,191.911,26,2,1,0,0,2305843009213693967:23;2305843009213693973:3,Symbolica_default,cached_powers_Q,4,3,0.428,BalancedZippelSeparated
fire7_graph5_rank0631,Automatic,1,ok,240.921,20,2,1,0,0,2305843009213693967:17;2305843009213693973:3,Symbolica_default,cached_powers_Q,4,4,0.236,BalancedZippelSeparated
fire7_graph5_rank0632,Automatic,1,ok,139.191,19,2,1,0,0,2305843009213693967:16;2305843009213693973:3,Symbolica_default,cached_powers_Q,3,2,0.199,BalancedZippelSeparated
fire7_graph5_rank0633,Automatic,1,ok,266.001,26,2,1,0,0,2305843009213693967:23;2305843009213693973:3,Symbolica_default,cached_powers_Q,4,3,0.254,BalancedZippelSeparated
fire7_graph5_rank0634,Automatic,1,ok,109.800,22,2,1,0,0,2305843009213693967:19;2305843009213693973:3,Symbolica_default,cached_powers_Q,2,4,0.234,BalancedZippelSeparated
fire7_graph5_rank0635,Automatic,1,ok,94.420,17,2,1,0,0,2305843009213693967:14;2305843009213693973:3,Symbolica_default,cached_powers_Q,1,3,0.355,BalancedZippelSeparated
fire7_graph5_rank0636,Automatic,1,ok,135.600,24,2,1,0,0,2305843009213693967:21;2305843009213693973:3,Symbolica_default,cached_powers_Q,4,2,0.194,BalancedZippelSeparated
fire7_graph5_rank0637,Automatic,1,ok,99.520,15,2,1,0,0,2305843009213693967:12;2305843009213693973:3,Symbolica_default,cached_powers_Q,2,1,0.247,BalancedZippelSeparated
fire7_graph5_rank0638,Automatic,1,ok,194.890,20,2,1,0,0,2305843009213693967:17;2305843009213693973:3,Symbolica_default,cached_powers_Q,4,4,0.346,BalancedZippelSeparated
fire7_graph5_rank0639,Automatic,1,ok,241.430,23,2,1,0,0,2305843009213693967:20;2305843009213693973:3,Symbolica_default,cached_powers_Q,2,3,0.490,BalancedZippelSeparated
fire7_graph5_rank0640,Automatic,1,ok,222.341,21,2,1,0,0,2305843009213693967:18;2305843009213693973:3,Symbolica_default,cached_powers_Q,3,3,0.307,BalancedZippelSeparated
fire7_graph5_rank0641,Automatic,1,ok,121.780,21,2,1,0,0,2305843009213693967:18;2305843009213693973:3,Symbolica_default,cached_powers_Q,1,6,0.242,BalancedZippelSeparated
fire7_graph5_rank0642,Automatic,1,ok,119.751,19,2,1,0,0,2305843009213693967:16;2305843009213693973:3,Symbolica_default,cached_powers_Q,3,2,0.260,BalancedZippelSeparated
fire7_graph5_rank0643,Automatic,1,ok,115.991,16,2,1,0,0,2305843009213693967:13;2305843009213693973:3,Symbolica_default,cached_powers_Q,3,2,0.374,BalancedZippelSeparated
fire7_graph5_rank0644,Automatic,1,ok,129.591,17,2,1,0,0,2305843009213693967:14;2305843009213693973:3,Symbolica_default,cached_powers_Q,3,3,0.222,BalancedZippelSeparated
fire7_graph5_rank0645,Automatic,1,ok,116.000,19,2,1,0,0,2305843009213693967:16;2305843009213693973:3,Symbolica_default,cached_powers_Q,1,4,0.183,BalancedZippelSeparated
fire7_graph5_rank0646,Automatic,1,ok,96.590,18,2,1,0,0,2305843009213693967:15;2305843009213693973:3,Symbolica_default,cached_powers_Q,2,2,0.241,BalancedZippelSeparated
fire7_graph5_rank0647,Automatic,1,ok,121.731,17,2,1,0,0,2305843009213693967:14;2305843009213693973:3,Symbolica_default,cached_powers_Q,1,3,0.334,BalancedZippelSeparated
fire7_graph5_rank0648,Automatic,1,ok,120.461,16,2,1,0,0,2305843009213693967:13;2305843009213693973:3,Symbolica_default,cached_powers_Q,1,2,0.490,BalancedZippelSeparated
fire7_graph5_rank0649,Automatic,1,ok,242.351,21,2,1,0,0,2305843009213693967:18;2305843009213693973:3,Symbolica_default,cached_powers_Q,3,2,0.524,BalancedZippelSeparated
fire7_graph5_rank0650,Automatic,1,ok,101.791,15,2,1,0,0,2305843009213693967:12;2305843009213693973:3,Symbolica_default,cached_powers_Q,2,1,0.309,BalancedZippelSeparated
fire7_graph5_rank0651,Automatic,1,ok,164.170,23,2,1,0,0,2305843009213693967:20;2305843009213693973:3,Symbolica_default,cached_powers_Q,2,2,0.279,BalancedZippelSeparated
fire7_graph5_rank0652,Automatic,1,ok,223.781,21,2,1,0,0,2305843009213693967:18;2305843009213693973:3,Symbolica_default,cached_powers_Q,3,3,0.325,BalancedZippelSeparated
fire7_graph5_rank0653,Automatic,1,ok,294.111,18,2,1,0,0,2305843009213693967:15;2305843009213693973:3,Symbolica_default,cached_powers_Q,2,2,0.322,BalancedZippelSeparated
fire7_graph5_rank0654,Automatic,1,ok,152.340,18,2,1,0,0,2305843009213693967:15;2305843009213693973:3,Symbolica_default,cached_powers_Q,1,3,0.470,BalancedZippelSeparated
fire7_graph5_rank0655,Automatic,1,ok,125.121,18,2,1,0,0,2305843009213693967:15;2305843009213693973:3,Symbolica_default,cached_powers_Q,3,2,0.242,BalancedZippelSeparated
fire7_graph5_rank0656,Automatic,1,ok,288.681,19,2,1,0,0,2305843009213693967:16;2305843009213693973:3,Symbolica_default,cached_powers_Q,3,2,0.198,BalancedZippelSeparated
fire7_graph5_rank0657,Automatic,1,ok,132.891,19,2,1,0,0,2305843009213693967:16;2305843009213693973:3,Symbolica_default,cached_powers_Q,3,2,0.356,BalancedZippelSeparated
fire7_graph5_rank0658,Automatic,1,ok,126.300,19,2,1,0,0,2305843009213693967:16;2305843009213693973:3,Symbolica_default,cached_powers_Q,4,2,0.224,BalancedZippelSeparated
fire7_graph5_rank0659,Automatic,1,ok,141.041,19,2,1,0,0,2305843009213693967:16;2305843009213693973:3,Symbolica_default,cached_powers_Q,3,2,0.191,BalancedZippelSeparated
fire7_graph5_rank0660,Automatic,1,ok,102.590,22,2,1,0,0,2305843009213693967:19;2305843009213693973:3,Symbolica_default,cached_powers_Q,2,3,0.200,BalancedZippelSeparated
fire7_graph5_rank0661,Automatic,1,ok,144.350,19,2,1,0,0,2305843009213693967:16;2305843009213693973:3,Symbolica_default,cached_powers_Q,4,2,0.316,BalancedZippelSeparated
fire7_graph5_rank0662,Automatic,1,ok,142.440,20,2,1,0,0,2305843009213693967:17;2305843009213693973:3,Symbolica_default,cached_powers_Q,3,4,0.215,BalancedZippelSeparated
fire7_graph5_rank0663,Automatic,1,ok,169.601,18,2,1,0,0,2305843009213693967:15;2305843009213693973:3,Symbolica_default,cached_powers_Q,2,2,0.316,BalancedZippelSeparated
fire7_graph5_rank0664,Automatic,1,ok,149.101,18,2,1,0,0,2305843009213693967:15;2305843009213693973:3,Symbolica_default,cached_powers_Q,2,2,0.375,BalancedZippelSeparated
fire7_graph5_rank0665,Automatic,1,ok,361.431,17,2,1,0,0,2305843009213693967:14;2305843009213693973:3,Symbolica_default,cached_powers_Q,3,3,0.356,BalancedZippelSeparated
fire7_graph5_rank0666,Automatic,1,ok,146.351,15,2,1,0,0,2305843009213693967:12;2305843009213693973:3,Symbolica_default,cached_powers_Q,2,2,0.304,BalancedZippelSeparated
fire7_graph5_rank0667,Automatic,1,ok,279.541,15,2,1,0,0,2305843009213693967:12;2305843009213693973:3,Symbolica_default,cached_powers_Q,2,2,0.279,BalancedZippelSeparated
fire7_graph5_rank0668,Automatic,1,ok,158.081,19,2,1,0,0,2305843009213693967:16;2305843009213693973:3,Symbolica_default,cached_powers_Q,4,2,0.431,BalancedZippelSeparated
fire7_graph5_rank0669,Automatic,1,ok,212.691,21,2,1,0,0,2305843009213693967:18;2305843009213693973:3,Symbolica_default,cached_powers_Q,4,2,0.343,BalancedZippelSeparated
fire7_graph5_rank0670,Automatic,1,ok,191.541,18,2,1,0,0,2305843009213693967:15;2305843009213693973:3,Symbolica_default,cached_powers_Q,2,3,0.282,BalancedZippelSeparated
fire7_graph5_rank0671,Automatic,1,ok,388.572,19,2,1,0,0,2305843009213693967:16;2305843009213693973:3,Symbolica_default,cached_powers_Q,2,4,0.337,BalancedZippelSeparated
fire7_graph5_rank0672,Automatic,1,ok,331.981,20,2,1,0,0,2305843009213693967:17;2305843009213693973:3,Symbolica_default,cached_powers_Q,3,4,0.263,BalancedZippelSeparated
fire7_graph5_rank0673,Automatic,1,ok,129.851,20,2,1,0,0,2305843009213693967:17;2305843009213693973:3,Symbolica_default,cached_powers_Q,3,4,0.255,BalancedZippelSeparated
fire7_graph5_rank0674,Automatic,1,ok,119.100,17,2,1,0,0,2305843009213693967:14;2305843009213693973:3,Symbolica_default,cached_powers_Q,2,3,0.234,BalancedZippelSeparated
fire7_graph5_rank0675,Automatic,1,ok,126.381,20,2,1,0,0,2305843009213693967:17;2305843009213693973:3,Symbolica_default,cached_powers_Q,3,4,0.352,BalancedZippelSeparated
fire7_graph5_rank0676,Automatic,1,ok,104.720,16,2,1,0,0,2305843009213693967:13;2305843009213693973:3,Symbolica_default,cached_powers_Q,2,2,0.208,BalancedZippelSeparated
fire7_graph5_rank0677,Automatic,1,ok,113.991,15,2,1,0,0,2305843009213693967:12;2305843009213693973:3,Symbolica_default,cached_powers_Q,2,2,0.197,BalancedZippelSeparated
fire7_graph5_rank0678,Automatic,1,ok,99.640,15,2,1,0,0,2305843009213693967:12;2305843009213693973:3,Symbolica_default,cached_powers_Q,2,2,0.242,BalancedZippelSeparated
fire7_graph5_rank0679,Automatic,1,ok,113.160,15,2,1,0,0,2305843009213693967:12;2305843009213693973:3,Symbolica_default,cached_powers_Q,2,2,0.231,BalancedZippelSeparated
fire7_graph5_rank0680,Automatic,1,ok,127.021,15,2,1,0,0,2305843009213693967:12;2305843009213693973:3,Symbolica_default,cached_powers_Q,2,2,0.207,BalancedZippelSeparated
fire7_graph5_rank0681,Automatic,1,ok,163.841,15,2,1,0,0,2305843009213693967:12;2305843009213693973:3,Symbolica_default,cached_powers_Q,2,2,0.368,BalancedZippelSeparated
fire7_graph5_rank0682,Automatic,1,ok,208.580,16,2,1,0,0,2305843009213693967:13;2305843009213693973:3,Symbolica_default,cached_powers_Q,2,2,0.313,BalancedZippelSeparated
fire7_graph5_rank0683,Automatic,1,ok,160.700,15,2,1,0,0,2305843009213693967:12;2305843009213693973:3,Symbolica_default,cached_powers_Q,2,2,0.273,BalancedZippelSeparated
fire7_graph5_rank0684,Automatic,1,ok,123.590,21,2,1,0,0,2305843009213693967:18;2305843009213693973:3,Symbolica_default,cached_powers_Q,1,6,0.379,BalancedZippelSeparated
fire7_graph5_rank0685,Automatic,1,ok,183.511,20,2,1,0,0,2305843009213693967:17;2305843009213693973:3,Symbolica_default,cached_powers_Q,2,4,0.271,BalancedZippelSeparated
fire7_graph5_rank0686,Automatic,1,ok,297.671,17,2,1,0,0,2305843009213693967:14;2305843009213693973:3,Symbolica_default,cached_powers_Q,1,2,0.358,BalancedZippelSeparated
fire7_graph5_rank0687,Automatic,1,ok,126.460,17,2,1,0,0,2305843009213693967:14;2305843009213693973:3,Symbolica_default,cached_powers_Q,1,2,0.363,BalancedZippelSeparated
fire7_graph5_rank0688,Automatic,1,ok,247.441,20,2,1,0,0,2305843009213693967:17;2305843009213693973:3,Symbolica_default,cached_powers_Q,2,3,0.421,BalancedZippelSeparated
fire7_graph5_rank0689,Automatic,1,ok,305.462,22,2,1,0,0,2305843009213693967:19;2305843009213693973:3,Symbolica_default,cached_powers_Q,2,3,0.237,BalancedZippelSeparated
fire7_graph5_rank0690,Automatic,1,ok,139.250,16,2,1,0,0,2305843009213693967:13;2305843009213693973:3,Symbolica_default,cached_powers_Q,2,2,0.185,BalancedZippelSeparated
fire7_graph5_rank0691,Automatic,1,ok,106.700,17,2,1,0,0,2305843009213693967:14;2305843009213693973:3,Symbolica_default,cached_powers_Q,1,2,0.253,BalancedZippelSeparated
fire7_graph5_rank0692,Automatic,1,ok,134.181,19,2,1,0,0,2305843009213693967:16;2305843009213693973:3,Symbolica_default,cached_powers_Q,2,4,0.188,BalancedZippelSeparated
fire7_graph5_rank0693,Automatic,1,ok,117.740,17,2,1,0,0,2305843009213693967:14;2305843009213693973:3,Symbolica_default,cached_powers_Q,3,3,0.203,BalancedZippelSeparated
fire7_graph5_rank0694,Automatic,1,ok,99.980,15,2,1,0,0,2305843009213693967:12;2305843009213693973:3,Symbolica_default,cached_powers_Q,1,2,0.233,BalancedZippelSeparated
fire7_graph5_rank0695,Automatic,1,ok,93.961,18,2,1,0,0,2305843009213693967:15;2305843009213693973:3,Symbolica_default,cached_powers_Q,1,3,0.155,BalancedZippelSeparated
fire7_graph5_rank0696,Automatic,1,ok,92.661,16,2,1,0,0,2305843009213693967:13;2305843009213693973:3,Symbolica_default,cached_powers_Q,1,2,0.287,BalancedZippelSeparated
fire7_graph5_rank0697,Automatic,1,ok,371.951,16,2,1,0,0,2305843009213693967:13;2305843009213693973:3,Symbolica_default,cached_powers_Q,2,2,0.318,BalancedZippelSeparated
fire7_graph5_rank0698,Automatic,1,ok,179.120,19,2,1,0,0,2305843009213693967:16;2305843009213693973:3,Symbolica_default,cached_powers_Q,2,4,0.348,BalancedZippelSeparated
fire7_graph5_rank0699,Automatic,1,ok,236.061,19,2,1,0,0,2305843009213693967:16;2305843009213693973:3,Symbolica_default,cached_powers_Q,3,2,0.288,BalancedZippelSeparated
fire7_graph5_rank0700,Automatic,1,ok,150.130,16,2,1,0,0,2305843009213693967:13;2305843009213693973:3,Symbolica_default,cached_powers_Q,2,2,0.293,BalancedZippelSeparated
fire7_graph5_rank0701,Automatic,1,ok,257.411,15,2,1,0,0,2305843009213693967:12;2305843009213693973:3,Symbolica_default,cached_powers_Q,2,2,0.297,BalancedZippelSeparated
fire7_graph5_rank0702,Automatic,1,ok,157.080,19,2,1,0,0,2305843009213693967:16;2305843009213693973:3,Symbolica_default,cached_powers_Q,2,4,0.320,BalancedZippelSeparated
fire7_graph5_rank0703,Automatic,1,ok,355.051,19,2,1,0,0,2305843009213693967:16;2305843009213693973:3,Symbolica_default,cached_powers_Q,2,4,0.252,BalancedZippelSeparated
fire7_graph5_rank0704,Automatic,1,ok,208.281,20,2,1,0,0,2305843009213693967:17;2305843009213693973:3,Symbolica_default,cached_powers_Q,2,4,0.560,BalancedZippelSeparated
fire7_graph5_rank0705,Automatic,1,ok,148.580,16,2,1,0,0,2305843009213693967:13;2305843009213693973:3,Symbolica_default,cached_powers_Q,2,2,0.274,BalancedZippelSeparated
fire7_graph5_rank0706,Automatic,1,ok,195.271,15,2,1,0,0,2305843009213693967:12;2305843009213693973:3,Symbolica_default,cached_powers_Q,2,2,0.552,BalancedZippelSeparated
fire7_graph5_rank0707,Automatic,1,ok,157.631,19,2,1,0,0,2305843009213693967:16;2305843009213693973:3,Symbolica_default,cached_powers_Q,2,4,0.466,BalancedZippelSeparated
fire7_graph5_rank0708,Automatic,1,ok,173.671,17,2,1,0,0,2305843009213693967:14;2305843009213693973:3,Symbolica_default,cached_powers_Q,1,2,0.388,BalancedZippelSeparated
fire7_graph5_rank0709,Automatic,1,ok,251.931,15,2,1,0,0,2305843009213693967:12;2305843009213693973:3,Symbolica_default,cached_powers_Q,1,2,0.237,BalancedZippelSeparated
fire7_graph5_rank0710,Automatic,1,ok,187.221,15,2,1,0,0,2305843009213693967:12;2305843009213693973:3,Symbolica_default,cached_powers_Q,2,2,0.379,BalancedZippelSeparated
fire7_graph5_rank0711,Automatic,1,ok,156.200,15,2,1,0,0,2305843009213693967:12;2305843009213693973:3,Symbolica_default,cached_powers_Q,2,2,0.295,BalancedZippelSeparated
fire7_graph5_rank0712,Automatic,1,ok,216.631,17,2,1,0,0,2305843009213693967:14;2305843009213693973:3,Symbolica_default,cached_powers_Q,3,3,0.358,BalancedZippelSeparated
fire7_graph5_rank0713,Automatic,1,ok,162.631,17,2,1,0,0,2305843009213693967:14;2305843009213693973:3,Symbolica_default,cached_powers_Q,3,3,0.277,BalancedZippelSeparated
fire7_graph5_rank0714,Automatic,1,ok,197.381,16,2,1,0,0,2305843009213693967:13;2305843009213693973:3,Symbolica_default,cached_powers_Q,2,2,0.357,BalancedZippelSeparated
fire7_graph5_rank0715,Automatic,1,ok,200.511,15,2,1,0,0,2305843009213693967:12;2305843009213693973:3,Symbolica_default,cached_powers_Q,2,2,0.428,BalancedZippelSeparated
fire7_graph5_rank0716,Automatic,1,ok,205.241,20,2,1,0,0,2305843009213693967:17;2305843009213693973:3,Symbolica_default,cached_powers_Q,2,3,0.339,BalancedZippelSeparated
fire7_graph5_rank0717,Automatic,1,ok,171.101,19,2,1,0,0,2305843009213693967:16;2305843009213693973:3,Symbolica_default,cached_powers_Q,4,2,0.295,BalancedZippelSeparated
fire7_graph5_rank0718,Automatic,1,ok,228.681,19,2,1,0,0,2305843009213693967:16;2305843009213693973:3,Symbolica_default,cached_powers_Q,2,4,0.545,BalancedZippelSeparated
fire7_graph5_rank0719,Automatic,1,ok,150.181,16,2,1,0,0,2305843009213693967:13;2305843009213693973:3,Symbolica_default,cached_powers_Q,3,2,0.290,BalancedZippelSeparated
fire7_graph5_rank0720,Automatic,1,ok,123.140,18,2,1,0,0,2305843009213693967:15;2305843009213693973:3,Symbolica_default,cached_powers_Q,2,2,0.276,BalancedZippelSeparated
fire7_graph5_rank0721,Automatic,1,ok,172.461,15,2,1,0,0,2305843009213693967:12;2305843009213693973:3,Symbolica_default,cached_powers_Q,2,2,0.341,BalancedZippelSeparated
fire7_graph5_rank0722,Automatic,1,ok,116.250,18,2,1,0,0,2305843009213693967:15;2305843009213693973:3,Symbolica_default,cached_powers_Q,2,3,0.243,BalancedZippelSeparated
fire7_graph5_rank0723,Automatic,1,ok,122.401,16,2,1,0,0,2305843009213693967:13;2305843009213693973:3,Symbolica_default,cached_powers_Q,3,2,0.168,BalancedZippelSeparated
fire7_graph5_rank0724,Automatic,1,ok,211.301,16,2,1,0,0,2305843009213693967:13;2305843009213693973:3,Symbolica_default,cached_powers_Q,3,2,0.179,BalancedZippelSeparated
fire7_graph5_rank0725,Automatic,1,ok,113.600,16,2,1,0,0,2305843009213693967:13;2305843009213693973:3,Symbolica_default,cached_powers_Q,2,2,0.224,BalancedZippelSeparated
fire7_graph5_rank0726,Automatic,1,ok,131.760,16,2,1,0,0,2305843009213693967:13;2305843009213693973:3,Symbolica_default,cached_powers_Q,2,2,0.199,BalancedZippelSeparated
fire7_graph5_rank0727,Automatic,1,ok,125.901,16,2,1,0,0,2305843009213693967:13;2305843009213693973:3,Symbolica_default,cached_powers_Q,3,2,0.182,BalancedZippelSeparated
fire7_graph5_rank0728,Automatic,1,ok,175.871,20,2,1,0,0,2305843009213693967:17;2305843009213693973:3,Symbolica_default,cached_powers_Q,2,4,0.400,BalancedZippelSeparated
fire7_graph5_rank0729,Automatic,1,ok,174.671,16,2,1,0,0,2305843009213693967:13;2305843009213693973:3,Symbolica_default,cached_powers_Q,3,2,0.331,BalancedZippelSeparated
fire7_graph5_rank0730,Automatic,1,ok,209.741,16,2,1,0,0,2305843009213693967:13;2305843009213693973:3,Symbolica_default,cached_powers_Q,2,2,0.301,BalancedZippelSeparated
fire7_graph5_rank0731,Automatic,1,ok,207.211,16,2,1,0,0,2305843009213693967:13;2305843009213693973:3,Symbolica_default,cached_powers_Q,2,2,0.482,BalancedZippelSeparated
fire7_graph5_rank0732,Automatic,1,ok,122.541,15,2,1,0,0,2305843009213693967:12;2305843009213693973:3,Symbolica_default,cached_powers_Q,2,2,0.274,BalancedZippelSeparated
fire7_graph5_rank0733,Automatic,1,ok,126.651,15,2,1,0,0,2305843009213693967:12;2305843009213693973:3,Symbolica_default,cached_powers_Q,2,2,0.226,BalancedZippelSeparated
fire7_graph5_rank0734,Automatic,1,ok,155.010,16,2,1,0,0,2305843009213693967:13;2305843009213693973:3,Symbolica_default,cached_powers_Q,3,2,0.325,BalancedZippelSeparated
fire7_graph5_rank0735,Automatic,1,ok,109.521,16,2,1,0,0,2305843009213693967:13;2305843009213693973:3,Symbolica_default,cached_powers_Q,3,2,0.221,BalancedZippelSeparated
fire7_graph5_rank0736,Automatic,1,ok,130.320,16,2,1,0,0,2305843009213693967:13;2305843009213693973:3,Symbolica_default,cached_powers_Q,3,2,0.214,BalancedZippelSeparated
fire7_graph5_rank0737,Automatic,1,ok,405.561,16,2,1,0,0,2305843009213693967:13;2305843009213693973:3,Symbolica_default,cached_powers_Q,3,2,0.368,BalancedZippelSeparated
fire7_graph5_rank0738,Automatic,1,ok,146.791,18,2,1,0,0,2305843009213693967:15;2305843009213693973:3,Symbolica_default,cached_powers_Q,2,3,0.304,BalancedZippelSeparated
fire7_graph5_rank0739,Automatic,1,ok,266.741,20,2,1,0,0,2305843009213693967:17;2305843009213693973:3,Symbolica_default,cached_powers_Q,2,2,0.255,BalancedZippelSeparated
fire7_graph5_rank0740,Automatic,1,ok,161.101,15,2,1,0,0,2305843009213693967:12;2305843009213693973:3,Symbolica_default,cached_powers_Q,2,2,0.292,BalancedZippelSeparated
fire7_graph5_rank0741,Automatic,1,ok,140.891,16,2,1,0,0,2305843009213693967:13;2305843009213693973:3,Symbolica_default,cached_powers_Q,2,2,0.259,BalancedZippelSeparated
fire7_graph5_rank0742,Automatic,1,ok,215.701,16,2,1,0,0,2305843009213693967:13;2305843009213693973:3,Symbolica_default,cached_powers_Q,2,2,0.516,BalancedZippelSeparated
fire7_graph5_rank0743,Automatic,1,ok,159.971,16,2,1,0,0,2305843009213693967:13;2305843009213693973:3,Symbolica_default,cached_powers_Q,3,2,0.269,BalancedZippelSeparated
fire7_graph5_rank0744,Automatic,1,ok,164.371,19,2,1,0,0,2305843009213693967:16;2305843009213693973:3,Symbolica_default,cached_powers_Q,2,4,0.287,BalancedZippelSeparated
fire7_graph5_rank0745,Automatic,1,ok,188.851,16,2,1,0,0,2305843009213693967:13;2305843009213693973:3,Symbolica_default,cached_powers_Q,2,2,0.529,BalancedZippelSeparated
fire7_graph5_rank0746,Automatic,1,ok,129.930,20,2,1,0,0,2305843009213693967:17;2305843009213693973:3,Symbolica_default,cached_powers_Q,2,3,0.279,BalancedZippelSeparated
fire7_graph5_rank0747,Automatic,1,ok,237.861,21,2,1,0,0,2305843009213693967:18;2305843009213693973:3,Symbolica_default,cached_powers_Q,3,2,0.537,BalancedZippelSeparated
fire7_graph5_rank0748,Automatic,1,ok,187.051,19,2,1,0,0,2305843009213693967:16;2305843009213693973:3,Symbolica_default,cached_powers_Q,2,4,0.477,BalancedZippelSeparated
fire7_graph5_rank0749,Automatic,1,ok,150.751,16,2,1,0,0,2305843009213693967:13;2305843009213693973:3,Symbolica_default,cached_powers_Q,2,2,0.297,BalancedZippelSeparated
fire7_graph5_rank0750,Automatic,1,ok,188.351,16,2,1,0,0,2305843009213693967:13;2305843009213693973:3,Symbolica_default,cached_powers_Q,3,2,0.363,BalancedZippelSeparated
fire7_graph5_rank0751,Automatic,1,ok,286.721,17,2,1,0,0,2305843009213693967:14;2305843009213693973:3,Symbolica_default,cached_powers_Q,2,3,0.279,BalancedZippelSeparated
fire7_graph5_rank0752,Automatic,1,ok,258.652,18,2,1,0,0,2305843009213693967:15;2305843009213693973:3,Symbolica_default,cached_powers_Q,2,3,0.512,BalancedZippelSeparated
fire7_graph5_rank0753,Automatic,1,ok,154.021,15,2,1,0,0,2305843009213693967:12;2305843009213693973:3,Symbolica_default,cached_powers_Q,2,2,0.466,BalancedZippelSeparated
fire7_graph5_rank0754,Automatic,1,ok,155.111,15,2,1,0,0,2305843009213693967:12;2305843009213693973:3,Symbolica_default,cached_powers_Q,2,2,0.290,BalancedZippelSeparated
fire7_graph5_rank0755,Automatic,1,ok,131.260,18,2,1,0,0,2305843009213693967:15;2305843009213693973:3,Symbolica_default,cached_powers_Q,2,2,0.474,BalancedZippelSeparated
fire7_graph5_rank0756,Automatic,1,ok,159.131,16,2,1,0,0,2305843009213693967:13;2305843009213693973:3,Symbolica_default,cached_powers_Q,2,2,0.242,BalancedZippelSeparated
fire7_graph5_rank0757,Automatic,1,ok,153.121,16,2,1,0,0,2305843009213693967:13;2305843009213693973:3,Symbolica_default,cached_powers_Q,2,2,0.444,BalancedZippelSeparated
fire7_graph5_rank0758,Automatic,1,ok,176.651,19,2,1,0,0,2305843009213693967:16;2305843009213693973:3,Symbolica_default,cached_powers_Q,2,4,0.319,BalancedZippelSeparated
fire7_graph5_rank0759,Automatic,1,ok,187.360,19,2,1,0,0,2305843009213693967:16;2305843009213693973:3,Symbolica_default,cached_powers_Q,2,4,0.451,BalancedZippelSeparated
fire7_graph5_rank0760,Automatic,1,ok,152.631,16,2,1,0,0,2305843009213693967:13;2305843009213693973:3,Symbolica_default,cached_powers_Q,2,2,0.449,BalancedZippelSeparated
fire7_graph5_rank0761,Automatic,1,ok,165.550,16,2,1,0,0,2305843009213693967:13;2305843009213693973:3,Symbolica_default,cached_powers_Q,2,2,0.400,BalancedZippelSeparated
fire7_graph5_rank0762,Automatic,1,ok,146.811,15,2,1,0,0,2305843009213693967:12;2305843009213693973:3,Symbolica_default,cached_powers_Q,2,2,0.278,BalancedZippelSeparated
fire7_graph5_rank0763,Automatic,1,ok,151.001,15,2,1,0,0,2305843009213693967:12;2305843009213693973:3,Symbolica_default,cached_powers_Q,1,2,0.410,BalancedZippelSeparated
fire7_graph5_rank0764,Automatic,1,ok,302.432,16,2,1,0,0,2305843009213693967:13;2305843009213693973:3,Symbolica_default,cached_powers_Q,2,2,0.260,BalancedZippelSeparated
fire7_graph5_rank0765,Automatic,1,ok,221.471,16,2,1,0,0,2305843009213693967:13;2305843009213693973:3,Symbolica_default,cached_powers_Q,2,2,0.543,BalancedZippelSeparated
fire7_graph5_rank0766,Automatic,1,ok,170.031,19,2,1,0,0,2305843009213693967:16;2305843009213693973:3,Symbolica_default,cached_powers_Q,2,4,0.315,BalancedZippelSeparated
fire7_graph5_rank0767,Automatic,1,ok,152.191,19,2,1,0,0,2305843009213693967:16;2305843009213693973:3,Symbolica_default,cached_powers_Q,3,2,0.252,BalancedZippelSeparated
fire7_graph5_rank0768,Automatic,1,ok,140.960,15,2,1,0,0,2305843009213693967:12;2305843009213693973:3,Symbolica_default,cached_powers_Q,1,2,0.419,BalancedZippelSeparated
fire7_graph5_rank0769,Automatic,1,ok,170.240,17,2,1,0,0,2305843009213693967:14;2305843009213693973:3,Symbolica_default,cached_powers_Q,2,2,0.268,BalancedZippelSeparated
fire7_graph5_rank0770,Automatic,1,ok,411.712,16,2,1,0,0,2305843009213693967:13;2305843009213693973:3,Symbolica_default,cached_powers_Q,2,2,0.361,BalancedZippelSeparated
fire7_graph5_rank0771,Automatic,1,ok,165.981,17,2,1,0,0,2305843009213693967:14;2305843009213693973:3,Symbolica_default,cached_powers_Q,2,2,0.264,BalancedZippelSeparated
fire7_graph5_rank0772,Automatic,1,ok,131.180,16,2,1,0,0,2305843009213693967:13;2305843009213693973:3,Symbolica_default,cached_powers_Q,2,2,0.255,BalancedZippelSeparated
fire7_graph5_rank0773,Automatic,1,ok,141.211,21,2,1,0,0,2305843009213693967:18;2305843009213693973:3,Symbolica_default,cached_powers_Q,2,4,0.399,BalancedZippelSeparated
fire7_graph5_rank0774,Automatic,1,ok,153.061,17,2,1,0,0,2305843009213693967:14;2305843009213693973:3,Symbolica_default,cached_powers_Q,1,2,0.454,BalancedZippelSeparated
fire7_graph5_rank0775,Automatic,1,ok,495.782,20,2,1,0,0,2305843009213693967:17;2305843009213693973:3,Symbolica_default,cached_powers_Q,2,2,0.308,BalancedZippelSeparated
fire7_graph5_rank0776,Automatic,1,ok,158.871,18,2,1,0,0,2305843009213693967:15;2305843009213693973:3,Symbolica_default,cached_powers_Q,3,1,0.298,BalancedZippelSeparated
fire7_graph5_rank0777,Automatic,1,ok,235.001,19,2,1,0,0,2305843009213693967:16;2305843009213693973:3,Symbolica_default,cached_powers_Q,2,4,0.335,BalancedZippelSeparated
fire7_graph5_rank0778,Automatic,1,ok,147.021,16,2,1,0,0,2305843009213693967:13;2305843009213693973:3,Symbolica_default,cached_powers_Q,2,2,0.279,BalancedZippelSeparated
fire7_graph5_rank0779,Automatic,1,ok,135.941,16,2,1,0,0,2305843009213693967:13;2305843009213693973:3,Symbolica_default,cached_powers_Q,3,2,0.223,BalancedZippelSeparated
fire7_graph5_rank0780,Automatic,1,ok,117.591,20,2,1,0,0,2305843009213693967:17;2305843009213693973:3,Symbolica_default,cached_powers_Q,2,3,0.242,BalancedZippelSeparated
fire7_graph5_rank0781,Automatic,1,ok,102.500,20,2,1,0,0,2305843009213693967:17;2305843009213693973:3,Symbolica_default,cached_powers_Q,2,2,0.187,BalancedZippelSeparated
fire7_graph5_rank0782,Automatic,1,ok,122.341,19,2,1,0,0,2305843009213693967:16;2305843009213693973:3,Symbolica_default,cached_powers_Q,2,4,0.243,BalancedZippelSeparated
fire7_graph5_rank0783,Automatic,1,ok,114.000,16,2,1,0,0,2305843009213693967:13;2305843009213693973:3,Symbolica_default,cached_powers_Q,2,2,0.176,BalancedZippelSeparated
fire7_graph5_rank0784,Automatic,1,ok,105.581,15,2,1,0,0,2305843009213693967:12;2305843009213693973:3,Symbolica_default,cached_powers_Q,2,2,0.180,BalancedZippelSeparated
fire7_graph5_rank0785,Automatic,1,ok,101.551,20,2,1,0,0,2305843009213693967:17;2305843009213693973:3,Symbolica_default,cached_powers_Q,2,3,0.184,BalancedZippelSeparated
fire7_graph5_rank0786,Automatic,1,ok,179.460,18,2,1,0,0,2305843009213693967:15;2305843009213693973:3,Symbolica_default,cached_powers_Q,2,2,0.334,BalancedZippelSeparated
fire7_graph5_rank0787,Automatic,1,ok,172.881,16,2,1,0,0,2305843009213693967:13;2305843009213693973:3,Symbolica_default,cached_powers_Q,1,1,0.440,BalancedZippelSeparated
fire7_graph5_rank0788,Automatic,1,ok,138.571,17,2,1,0,0,2305843009213693967:14;2305843009213693973:3,Symbolica_default,cached_powers_Q,2,3,0.307,BalancedZippelSeparated
fire7_graph5_rank0789,Automatic,1,ok,152.240,17,2,1,0,0,2305843009213693967:14;2305843009213693973:3,Symbolica_default,cached_powers_Q,1,2,0.300,BalancedZippelSeparated
fire7_graph5_rank0790,Automatic,1,ok,148.851,15,2,1,0,0,2305843009213693967:12;2305843009213693973:3,Symbolica_default,cached_powers_Q,2,2,0.287,BalancedZippelSeparated
fire7_graph5_rank0791,Automatic,1,ok,90.270,15,2,1,0,0,2305843009213693967:12;2305843009213693973:3,Symbolica_default,cached_powers_Q,1,2,0.240,BalancedZippelSeparated
fire7_graph5_rank0792,Automatic,1,ok,93.540,15,2,1,0,0,2305843009213693967:12;2305843009213693973:3,Symbolica_default,cached_powers_Q,1,2,0.199,BalancedZippelSeparated
fire7_graph5_rank0793,Automatic,1,ok,119.961,17,2,1,0,0,2305843009213693967:14;2305843009213693973:3,Symbolica_default,cached_powers_Q,2,2,0.217,BalancedZippelSeparated
fire7_graph5_rank0794,Automatic,1,ok,96.560,19,2,1,0,0,2305843009213693967:16;2305843009213693973:3,Symbolica_default,cached_powers_Q,1,4,0.207,BalancedZippelSeparated
fire7_graph5_rank0795,Automatic,1,ok,94.460,14,2,1,0,0,2305843009213693967:11;2305843009213693973:3,Symbolica_default,cached_powers_Q,1,1,0.185,BalancedZippelSeparated
fire7_graph5_rank0796,Automatic,1,ok,120.461,17,2,1,0,0,2305843009213693967:14;2305843009213693973:3,Symbolica_default,cached_powers_Q,2,2,0.204,BalancedZippelSeparated
fire7_graph5_rank0797,Automatic,1,ok,182.451,17,2,1,0,0,2305843009213693967:14;2305843009213693973:3,Symbolica_default,cached_powers_Q,2,3,0.303,BalancedZippelSeparated
fire7_graph5_rank0798,Automatic,1,ok,150.160,19,2,1,0,0,2305843009213693967:16;2305843009213693973:3,Symbolica_default,cached_powers_Q,1,4,0.299,BalancedZippelSeparated
fire7_graph5_rank0799,Automatic,1,ok,191.281,15,2,1,0,0,2305843009213693967:12;2305843009213693973:3,Symbolica_default,cached_powers_Q,2,2,0.324,BalancedZippelSeparated
fire7_graph5_rank0800,Automatic,1,ok,190.021,15,2,1,0,0,2305843009213693967:12;2305843009213693973:3,Symbolica_default,cached_powers_Q,2,2,0.345,BalancedZippelSeparated
fire7_graph5_rank0801,Automatic,1,ok,166.411,19,2,1,0,0,2305843009213693967:16;2305843009213693973:3,Symbolica_default,cached_powers_Q,1,4,0.506,BalancedZippelSeparated
fire7_graph5_rank0802,Automatic,1,ok,119.151,19,2,1,0,0,2305843009213693967:16;2305843009213693973:3,Symbolica_default,cached_powers_Q,1,4,0.244,BalancedZippelSeparated
fire7_graph5_rank0803,Automatic,1,ok,90.940,15,2,1,0,0,2305843009213693967:12;2305843009213693973:3,Symbolica_default,cached_powers_Q,1,2,0.411,BalancedZippelSeparated
fire7_graph5_rank0804,Automatic,1,ok,125.561,15,2,1,0,0,2305843009213693967:12;2305843009213693973:3,Symbolica_default,cached_powers_Q,1,1,0.295,BalancedZippelSeparated
fire7_graph5_rank0805,Automatic,1,ok,102.551,14,2,1,0,0,2305843009213693967:11;2305843009213693973:3,Symbolica_default,cached_powers_Q,1,1,0.479,BalancedZippelSeparated
fire7_graph5_rank0806,Automatic,1,ok,106.250,14,2,1,0,0,2305843009213693967:11;2305843009213693973:3,Symbolica_default,cached_powers_Q,1,1,0.296,BalancedZippelSeparated
fire7_graph5_rank0807,Automatic,1,ok,262.231,14,2,1,0,0,2305843009213693967:11;2305843009213693973:3,Symbolica_default,cached_powers_Q,1,1,0.303,BalancedZippelSeparated
fire7_graph5_rank0808,Automatic,1,ok,112.881,15,2,1,0,0,2305843009213693967:12;2305843009213693973:3,Symbolica_default,cached_powers_Q,1,1,0.229,BalancedZippelSeparated
fire7_graph5_rank0809,Automatic,1,ok,140.610,16,2,1,0,0,2305843009213693967:13;2305843009213693973:3,Symbolica_default,cached_powers_Q,1,1,0.379,BalancedZippelSeparated
fire7_graph5_rank0810,Automatic,1,ok,131.350,18,2,1,0,0,2305843009213693967:15;2305843009213693973:3,Symbolica_default,cached_powers_Q,3,1,0.215,BalancedZippelSeparated
fire7_graph5_rank0811,Automatic,1,ok,215.211,14,2,1,0,0,2305843009213693967:11;2305843009213693973:3,Symbolica_default,cached_powers_Q,1,1,0.501,BalancedZippelSeparated
fire7_graph5_rank0812,Automatic,1,ok,321.771,18,2,1,0,0,2305843009213693967:15;2305843009213693973:3,Symbolica_default,cached_powers_Q,2,2,0.232,BalancedZippelSeparated
fire7_graph5_rank0813,Automatic,1,ok,160.451,17,2,1,0,0,2305843009213693967:14;2305843009213693973:3,Symbolica_default,cached_powers_Q,1,2,0.346,BalancedZippelSeparated
fire7_graph5_rank0814,Automatic,1,ok,132.660,19,2,1,0,0,2305843009213693967:16;2305843009213693973:3,Symbolica_default,cached_powers_Q,1,4,0.267,BalancedZippelSeparated
fire7_graph5_rank0815,Automatic,1,ok,265.271,19,2,1,0,0,2305843009213693967:16;2305843009213693973:3,Symbolica_default,cached_powers_Q,2,2,0.535,BalancedZippelSeparated
fire7_graph5_rank0816,Automatic,1,ok,132.590,17,2,1,0,0,2305843009213693967:14;2305843009213693973:3,Symbolica_default,cached_powers_Q,1,2,0.435,BalancedZippelSeparated
fire7_graph5_rank0817,Automatic,1,ok,259.901,15,2,1,0,0,2305843009213693967:12;2305843009213693973:3,Symbolica_default,cached_powers_Q,2,2,0.487,BalancedZippelSeparated
fire7_graph5_rank0818,Automatic,1,ok,184.600,17,2,1,0,0,2305843009213693967:14;2305843009213693973:3,Symbolica_default,cached_powers_Q,1,3,0.384,BalancedZippelSeparated
fire7_graph5_rank0819,Automatic,1,ok,296.611,15,2,1,0,0,2305843009213693967:12;2305843009213693973:3,Symbolica_default,cached_powers_Q,2,2,0.256,BalancedZippelSeparated
fire7_graph5_rank0820,Automatic,1,ok,205.891,18,2,1,0,0,2305843009213693967:15;2305843009213693973:3,Symbolica_default,cached_powers_Q,2,2,0.323,BalancedZippelSeparated
fire7_graph5_rank0821,Automatic,1,ok,167.251,14,2,1,0,0,2305843009213693967:11;2305843009213693973:3,Symbolica_default,cached_powers_Q,1,1,0.405,BalancedZippelSeparated
fire7_graph5_rank0822,Automatic,1,ok,142.940,20,2,1,0,0,2305843009213693967:17;2305843009213693973:3,Symbolica_default,cached_powers_Q,2,3,0.261,BalancedZippelSeparated
fire7_graph5_rank0823,Automatic,1,ok,173.381,22,2,1,0,0,2305843009213693967:19;2305843009213693973:3,Symbolica_default,cached_powers_Q,2,3,0.353,BalancedZippelSeparated
fire7_graph5_rank0824,Automatic,1,ok,170.511,18,2,1,0,0,2305843009213693967:15;2305843009213693973:3,Symbolica_default,cached_powers_Q,2,2,0.342,BalancedZippelSeparated
fire7_graph5_rank0825,Automatic,1,ok,163.401,15,2,1,0,0,2305843009213693967:12;2305843009213693973:3,Symbolica_default,cached_powers_Q,2,2,0.264,BalancedZippelSeparated
fire7_graph5_rank0826,Automatic,1,ok,164.081,18,2,1,0,0,2305843009213693967:15;2305843009213693973:3,Symbolica_default,cached_powers_Q,2,2,0.370,BalancedZippelSeparated
fire7_graph5_rank0827,Automatic,1,ok,102.680,14,2,1,0,0,2305843009213693967:11;2305843009213693973:3,Symbolica_default,cached_powers_Q,1,1,0.225,BalancedZippelSeparated
fire7_graph5_rank0828,Automatic,1,ok,179.341,21,2,1,0,0,2305843009213693967:18;2305843009213693973:3,Symbolica_default,cached_powers_Q,2,2,0.238,BalancedZippelSeparated
fire7_graph5_rank0829,Automatic,1,ok,122.121,15,2,1,0,0,2305843009213693967:12;2305843009213693973:3,Symbolica_default,cached_powers_Q,2,2,0.393,BalancedZippelSeparated
fire7_graph5_rank0830,Automatic,1,ok,316.481,17,2,1,0,0,2305843009213693967:14;2305843009213693973:3,Symbolica_default,cached_powers_Q,1,2,0.235,BalancedZippelSeparated
fire7_graph5_rank0831,Automatic,1,ok,169.671,19,2,1,0,0,2305843009213693967:16;2305843009213693973:3,Symbolica_default,cached_powers_Q,1,4,0.341,BalancedZippelSeparated
fire7_graph5_rank0832,Automatic,1,ok,122.220,18,2,1,0,0,2305843009213693967:15;2305843009213693973:3,Symbolica_default,cached_powers_Q,1,3,0.263,BalancedZippelSeparated
fire7_graph5_rank0833,Automatic,1,ok,157.730,18,2,1,0,0,2305843009213693967:15;2305843009213693973:3,Symbolica_default,cached_powers_Q,2,2,0.235,BalancedZippelSeparated
fire7_graph5_rank0834,Automatic,1,ok,367.192,15,2,1,0,0,2305843009213693967:12;2305843009213693973:3,Symbolica_default,cached_powers_Q,2,2,0.267,BalancedZippelSeparated
fire7_graph5_rank0835,Automatic,1,ok,258.232,15,2,1,0,0,2305843009213693967:12;2305843009213693973:3,Symbolica_default,cached_powers_Q,2,2,0.199,BalancedZippelSeparated
fire7_graph5_rank0836,Automatic,1,ok,247.181,17,2,1,0,0,2305843009213693967:14;2305843009213693973:3,Symbolica_default,cached_powers_Q,2,1,0.201,BalancedZippelSeparated
fire7_graph5_rank0837,Automatic,1,ok,136.841,14,2,1,0,0,2305843009213693967:11;2305843009213693973:3,Symbolica_default,cached_powers_Q,1,1,0.567,BalancedZippelSeparated
fire7_graph5_rank0838,Automatic,1,ok,142.451,15,2,1,0,0,2305843009213693967:12;2305843009213693973:3,Symbolica_default,cached_powers_Q,2,2,0.276,BalancedZippelSeparated
fire7_graph5_rank0839,Automatic,1,ok,106.200,14,2,1,0,0,2305843009213693967:11;2305843009213693973:3,Symbolica_default,cached_powers_Q,1,1,0.277,BalancedZippelSeparated
fire7_graph5_rank0840,Automatic,1,ok,237.691,18,2,1,0,0,2305843009213693967:15;2305843009213693973:3,Symbolica_default,cached_powers_Q,1,3,0.246,BalancedZippelSeparated
fire7_graph5_rank0841,Automatic,1,ok,254.531,20,2,1,0,0,2305843009213693967:17;2305843009213693973:3,Symbolica_default,cached_powers_Q,2,2,0.229,BalancedZippelSeparated
fire7_graph5_rank0842,Automatic,1,ok,148.770,18,2,1,0,0,2305843009213693967:15;2305843009213693973:3,Symbolica_default,cached_powers_Q,2,2,0.230,BalancedZippelSeparated
fire7_graph5_rank0843,Automatic,1,ok,149.731,15,2,1,0,0,2305843009213693967:12;2305843009213693973:3,Symbolica_default,cached_powers_Q,2,1,0.500,BalancedZippelSeparated
fire7_graph5_rank0844,Automatic,1,ok,359.862,16,2,1,0,0,2305843009213693967:13;2305843009213693973:3,Symbolica_default,cached_powers_Q,1,2,0.317,BalancedZippelSeparated
fire7_graph5_rank0845,Automatic,1,ok,261.801,16,2,1,0,0,2305843009213693967:13;2305843009213693973:3,Symbolica_default,cached_powers_Q,2,2,0.270,BalancedZippelSeparated
fire7_graph5_rank0846,Automatic,1,ok,265.701,18,2,1,0,0,2305843009213693967:15;2305843009213693973:3,Symbolica_default,cached_powers_Q,2,2,0.219,BalancedZippelSeparated
fire7_graph5_rank0847,Automatic,1,ok,90.560,14,2,1,0,0,2305843009213693967:11;2305843009213693973:3,Symbolica_default,cached_powers_Q,1,1,0.242,BalancedZippelSeparated
fire7_graph5_rank0848,Automatic,1,ok,89.020,13,2,1,0,0,2305843009213693967:10;2305843009213693973:3,Symbolica_default,cached_powers_Q,1,1,0.211,BalancedZippelSeparated
fire7_graph5_rank0849,Automatic,1,ok,100.210,14,2,1,0,0,2305843009213693967:11;2305843009213693973:3,Symbolica_default,cached_powers_Q,1,1,0.284,BalancedZippelSeparated
fire7_graph5_rank0850,Automatic,1,ok,160.000,15,2,1,0,0,2305843009213693967:12;2305843009213693973:3,Symbolica_default,cached_powers_Q,2,1,0.252,BalancedZippelSeparated
fire7_graph5_rank0851,Automatic,1,ok,190.371,18,2,1,0,0,2305843009213693967:15;2305843009213693973:3,Symbolica_default,cached_powers_Q,2,2,0.545,BalancedZippelSeparated
fire7_graph5_rank0852,Automatic,1,ok,158.691,17,2,1,0,0,2305843009213693967:14;2305843009213693973:3,Symbolica_default,cached_powers_Q,2,2,0.407,BalancedZippelSeparated
fire7_graph5_rank0853,Automatic,1,ok,147.801,18,2,1,0,0,2305843009213693967:15;2305843009213693973:3,Symbolica_default,cached_powers_Q,2,2,0.380,BalancedZippelSeparated
fire7_graph5_rank0854,Automatic,1,ok,95.870,15,2,1,0,0,2305843009213693967:12;2305843009213693973:3,Symbolica_default,cached_powers_Q,1,1,0.454,BalancedZippelSeparated
fire7_graph5_rank0855,Automatic,1,ok,327.061,14,2,1,0,0,2305843009213693967:11;2305843009213693973:3,Symbolica_default,cached_powers_Q,2,1,0.241,BalancedZippelSeparated
fire7_graph5_rank0856,Automatic,1,ok,159.980,17,2,1,0,0,2305843009213693967:14;2305843009213693973:3,Symbolica_default,cached_powers_Q,2,1,0.414,BalancedZippelSeparated
fire7_graph5_rank0857,Automatic,1,ok,158.820,14,2,1,0,0,2305843009213693967:11;2305843009213693973:3,Symbolica_default,cached_powers_Q,1,1,0.342,BalancedZippelSeparated
fire7_graph5_rank0858,Automatic,1,ok,297.541,14,2,1,0,0,2305843009213693967:11;2305843009213693973:3,Symbolica_default,cached_powers_Q,1,1,0.245,BalancedZippelSeparated
fire7_graph5_rank0859,Automatic,1,ok,142.190,17,2,1,0,0,2305843009213693967:14;2305843009213693973:3,Symbolica_default,cached_powers_Q,2,2,0.398,BalancedZippelSeparated
fire7_graph5_rank0860,Automatic,1,ok,315.081,21,2,1,0,0,2305843009213693967:18;2305843009213693973:3,Symbolica_default,cached_powers_Q,2,2,0.382,BalancedZippelSeparated
fire7_graph5_rank0861,Automatic,1,ok,129.120,13,2,1,0,0,2305843009213693967:10;2305843009213693973:3,Symbolica_default,cached_powers_Q,1,1,0.297,BalancedZippelSeparated
fire7_graph5_rank0862,Automatic,1,ok,227.661,16,2,1,0,0,2305843009213693967:13;2305843009213693973:3,Symbolica_default,cached_powers_Q,2,2,0.329,BalancedZippelSeparated
fire7_graph5_rank0863,Automatic,1,ok,394.411,20,2,1,0,0,2305843009213693967:17;2305843009213693973:3,Symbolica_default,cached_powers_Q,2,1,0.254,BalancedZippelSeparated
fire7_graph5_rank0864,Automatic,1,ok,111.821,14,2,1,0,0,2305843009213693967:11;2305843009213693973:3,Symbolica_default,cached_powers_Q,1,1,0.296,BalancedZippelSeparated
fire7_graph5_rank0865,Automatic,1,ok,111.821,14,2,1,0,0,2305843009213693967:11;2305843009213693973:3,Symbolica_default,cached_powers_Q,1,1,0.220,BalancedZippelSeparated
fire7_graph5_rank0866,Automatic,1,ok,286.561,17,2,1,0,0,2305843009213693967:14;2305843009213693973:3,Symbolica_default,cached_powers_Q,2,2,0.248,BalancedZippelSeparated
fire7_graph5_rank0867,Automatic,1,ok,111.470,13,2,1,0,0,2305843009213693967:10;2305843009213693973:3,Symbolica_default,cached_powers_Q,1,1,0.128,BalancedZippelSeparated
fire7_graph5_rank0868,Automatic,1,ok,157.210,13,2,1,0,0,2305843009213693967:10;2305843009213693973:3,Symbolica_default,cached_powers_Q,1,1,0.340,BalancedZippelSeparated
fire7_graph5_rank0869,Automatic,1,ok,165.351,17,2,1,0,0,2305843009213693967:14;2305843009213693973:3,Symbolica_default,cached_powers_Q,1,3,0.325,BalancedZippelSeparated
fire7_graph5_rank0870,Automatic,1,ok,122.501,15,2,1,0,0,2305843009213693967:12;2305843009213693973:3,Symbolica_default,cached_powers_Q,1,2,0.226,BalancedZippelSeparated
fire7_graph5_rank0871,Automatic,1,ok,121.780,16,2,1,0,0,2305843009213693967:13;2305843009213693973:3,Symbolica_default,cached_powers_Q,2,1,0.220,BalancedZippelSeparated
fire7_graph5_rank0872,Automatic,1,ok,99.310,14,2,1,0,0,2305843009213693967:11;2305843009213693973:3,Symbolica_default,cached_powers_Q,1,1,0.295,BalancedZippelSeparated
fire7_graph5_rank0873,Automatic,1,ok,125.251,18,2,1,0,0,2305843009213693967:15;2305843009213693973:3,Symbolica_default,cached_powers_Q,2,2,0.417,BalancedZippelSeparated
fire7_graph5_rank0874,Automatic,1,ok,421.411,15,2,1,0,0,2305843009213693967:12;2305843009213693973:3,Symbolica_default,cached_powers_Q,2,2,0.341,BalancedZippelSeparated
fire7_graph5_rank0875,Automatic,1,ok,176.930,16,2,1,0,0,2305843009213693967:13;2305843009213693973:3,Symbolica_default,cached_powers_Q,1,2,0.298,BalancedZippelSeparated
fire7_graph5_rank0876,Automatic,1,ok,179.071,16,2,1,0,0,2305843009213693967:13;2305843009213693973:3,Symbolica_default,cached_powers_Q,2,1,0.552,BalancedZippelSeparated
fire7_graph5_rank0877,Automatic,1,ok,126.131,15,2,1,0,0,2305843009213693967:12;2305843009213693973:3,Symbolica_default,cached_powers_Q,2,1,0.169,BalancedZippelSeparated
fire7_graph5_rank0878,Automatic,1,ok,147.320,18,2,1,0,0,2305843009213693967:15;2305843009213693973:3,Symbolica_default,cached_powers_Q,2,2,0.249,BalancedZippelSeparated
fire7_graph5_rank0879,Automatic,1,ok,155.631,18,2,1,0,0,2305843009213693967:15;2305843009213693973:3,Symbolica_default,cached_powers_Q,2,2,0.212,BalancedZippelSeparated
fire7_graph5_rank0880,Automatic,1,ok,181.611,15,2,1,0,0,2305843009213693967:12;2305843009213693973:3,Symbolica_default,cached_powers_Q,2,1,0.242,BalancedZippelSeparated
fire7_graph5_rank0881,Automatic,1,ok,345.681,18,2,1,0,0,2305843009213693967:15;2305843009213693973:3,Symbolica_default,cached_powers_Q,2,2,0.340,BalancedZippelSeparated
fire7_graph5_rank0882,Automatic,1,ok,129.800,16,2,1,0,0,2305843009213693967:13;2305843009213693973:3,Symbolica_default,cached_powers_Q,1,2,0.313,BalancedZippelSeparated
fire7_graph5_rank0883,Automatic,1,ok,130.040,16,2,1,0,0,2305843009213693967:13;2305843009213693973:3,Symbolica_default,cached_powers_Q,1,2,0.261,BalancedZippelSeparated
fire7_graph5_rank0884,Automatic,1,ok,116.921,16,2,1,0,0,2305843009213693967:13;2305843009213693973:3,Symbolica_default,cached_powers_Q,1,2,0.241,BalancedZippelSeparated
fire7_graph5_rank0885,Automatic,1,ok,112.131,16,2,1,0,0,2305843009213693967:13;2305843009213693973:3,Symbolica_default,cached_powers_Q,2,1,0.253,BalancedZippelSeparated
fire7_graph5_rank0886,Automatic,1,ok,112.031,14,2,1,0,0,2305843009213693967:11;2305843009213693973:3,Symbolica_default,cached_powers_Q,2,1,0.375,BalancedZippelSeparated
fire7_graph5_rank0887,Automatic,1,ok,157.271,17,2,1,0,0,2305843009213693967:14;2305843009213693973:3,Symbolica_default,cached_powers_Q,1,2,0.308,BalancedZippelSeparated
fire7_graph5_rank0888,Automatic,1,ok,116.100,13,2,1,0,0,2305843009213693967:10;2305843009213693973:3,Symbolica_default,cached_powers_Q,1,1,0.300,BalancedZippelSeparated
fire7_graph5_rank0889,Automatic,1,ok,213.291,18,2,1,0,0,2305843009213693967:15;2305843009213693973:3,Symbolica_default,cached_powers_Q,2,2,0.485,BalancedZippelSeparated
fire7_graph5_rank0890,Automatic,1,ok,128.811,14,2,1,0,0,2305843009213693967:11;2305843009213693973:3,Symbolica_default,cached_powers_Q,2,1,0.175,BalancedZippelSeparated
fire7_graph5_rank0891,Automatic,1,ok,148.220,15,2,1,0,0,2305843009213693967:12;2305843009213693973:3,Symbolica_default,cached_powers_Q,2,2,0.233,BalancedZippelSeparated
fire7_graph5_rank0892,Automatic,1,ok,325.581,16,2,1,0,0,2305843009213693967:13;2305843009213693973:3,Symbolica_default,cached_powers_Q,2,1,0.253,BalancedZippelSeparated
fire7_graph5_rank0893,Automatic,1,ok,256.871,14,2,1,0,0,2305843009213693967:11;2305843009213693973:3,Symbolica_default,cached_powers_Q,2,1,0.231,BalancedZippelSeparated
fire7_graph5_rank0894,Automatic,1,ok,163.250,16,2,1,0,0,2305843009213693967:13;2305843009213693973:3,Symbolica_default,cached_powers_Q,2,1,0.351,BalancedZippelSeparated
fire7_graph5_rank0895,Automatic,1,ok,159.840,14,2,1,0,0,2305843009213693967:11;2305843009213693973:3,Symbolica_default,cached_powers_Q,2,1,0.318,BalancedZippelSeparated
fire7_graph5_rank0896,Automatic,1,ok,166.881,15,2,1,0,0,2305843009213693967:12;2305843009213693973:3,Symbolica_default,cached_powers_Q,2,2,0.398,BalancedZippelSeparated
fire7_graph5_rank0897,Automatic,1,ok,109.260,15,2,1,0,0,2305843009213693967:12;2305843009213693973:3,Symbolica_default,cached_powers_Q,1,2,0.197,BalancedZippelSeparated
fire7_graph5_rank0898,Automatic,1,ok,242.321,16,2,1,0,0,2305843009213693967:13;2305843009213693973:3,Symbolica_default,cached_powers_Q,1,2,0.214,BalancedZippelSeparated
fire7_graph5_rank0899,Automatic,1,ok,154.470,17,2,1,0,0,2305843009213693967:14;2305843009213693973:3,Symbolica_default,cached_powers_Q,1,2,0.300,BalancedZippelSeparated
fire7_graph5_rank0900,Automatic,1,ok,182.311,16,2,1,0,0,2305843009213693967:13;2305843009213693973:3,Symbolica_default,cached_powers_Q,1,1,0.220,BalancedZippelSeparated
fire7_graph5_rank0901,Automatic,1,ok,150.600,14,2,1,0,0,2305843009213693967:11;2305843009213693973:3,Symbolica_default,cached_powers_Q,2,1,0.320,BalancedZippelSeparated
fire7_graph5_rank0902,Automatic,1,ok,122.620,16,2,1,0,0,2305843009213693967:13;2305843009213693973:3,Symbolica_default,cached_powers_Q,1,2,0.421,BalancedZippelSeparated
fire7_graph5_rank0903,Automatic,1,ok,115.901,15,2,1,0,0,2305843009213693967:12;2305843009213693973:3,Symbolica_default,cached_powers_Q,1,2,0.249,BalancedZippelSeparated
fire7_graph5_rank0904,Automatic,1,ok,111.680,15,2,1,0,0,2305843009213693967:12;2305843009213693973:3,Symbolica_default,cached_powers_Q,1,1,0.267,BalancedZippelSeparated
fire7_graph5_rank0905,Automatic,1,ok,189.741,17,2,1,0,0,2305843009213693967:14;2305843009213693973:3,Symbolica_default,cached_powers_Q,1,2,0.238,BalancedZippelSeparated
fire7_graph5_rank0906,Automatic,1,ok,207.881,14,2,1,0,0,2305843009213693967:11;2305843009213693973:3,Symbolica_default,cached_powers_Q,1,1,0.210,BalancedZippelSeparated
fire7_graph5_rank0907,Automatic,1,ok,313.541,14,2,1,0,0,2305843009213693967:11;2305843009213693973:3,Symbolica_default,cached_powers_Q,1,1,0.232,BalancedZippelSeparated
fire7_graph5_rank0908,Automatic,1,ok,120.900,14,2,1,0,0,2305843009213693967:11;2305843009213693973:3,Symbolica_default,cached_powers_Q,1,1,0.132,BalancedZippelSeparated
fire7_graph5_rank0909,Automatic,1,ok,161.911,15,2,1,0,0,2305843009213693967:12;2305843009213693973:3,Symbolica_default,cached_powers_Q,2,2,0.363,BalancedZippelSeparated
fire7_graph5_rank0910,Automatic,1,ok,127.231,14,2,1,0,0,2305843009213693967:11;2305843009213693973:3,Symbolica_default,cached_powers_Q,1,1,0.133,BalancedZippelSeparated
fire7_graph5_rank0911,Automatic,1,ok,368.052,14,2,1,0,0,2305843009213693967:11;2305843009213693973:3,Symbolica_default,cached_powers_Q,1,1,0.218,BalancedZippelSeparated
fire7_graph5_rank0912,Automatic,1,ok,155.391,14,2,1,0,0,2305843009213693967:11;2305843009213693973:3,Symbolica_default,cached_powers_Q,2,1,0.538,BalancedZippelSeparated
fire7_graph5_rank0913,Automatic,1,ok,177.531,14,2,1,0,0,2305843009213693967:11;2305843009213693973:3,Symbolica_default,cached_powers_Q,2,1,0.494,BalancedZippelSeparated
fire7_graph5_rank0914,Automatic,1,ok,111.241,15,2,1,0,0,2305843009213693967:12;2305843009213693973:3,Symbolica_default,cached_powers_Q,1,2,0.174,BalancedZippelSeparated
fire7_graph5_rank0915,Automatic,1,ok,127.310,14,2,1,0,0,2305843009213693967:11;2305843009213693973:3,Symbolica_default,cached_powers_Q,1,1,0.133,BalancedZippelSeparated
fire7_graph5_rank0916,Automatic,1,ok,113.761,15,2,1,0,0,2305843009213693967:12;2305843009213693973:3,Symbolica_default,cached_powers_Q,1,2,0.185,BalancedZippelSeparated
fire7_graph5_rank0917,Automatic,1,ok,181.981,13,2,1,0,0,2305843009213693967:10;2305843009213693973:3,Symbolica_default,cached_powers_Q,1,1,0.227,BalancedZippelSeparated
fire7_graph5_rank0918,Automatic,1,ok,175.631,15,2,1,0,0,2305843009213693967:12;2305843009213693973:3,Symbolica_default,cached_powers_Q,1,1,0.265,BalancedZippelSeparated
fire7_graph5_rank0919,Automatic,1,ok,135.550,15,2,1,0,0,2305843009213693967:12;2305843009213693973:3,Symbolica_default,cached_powers_Q,1,2,0.220,BalancedZippelSeparated
fire7_graph5_rank0920,Automatic,1,ok,127.281,13,2,1,0,0,2305843009213693967:10;2305843009213693973:3,Symbolica_default,cached_powers_Q,1,1,0.168,BalancedZippelSeparated
fire7_graph5_rank0921,Automatic,1,ok,127.001,16,2,1,0,0,2305843009213693967:13;2305843009213693973:3,Symbolica_default,cached_powers_Q,1,2,0.196,BalancedZippelSeparated
fire7_graph5_rank0922,Automatic,1,ok,118.241,15,2,1,0,0,2305843009213693967:12;2305843009213693973:3,Symbolica_default,cached_powers_Q,1,1,0.315,BalancedZippelSeparated
fire7_graph5_rank0923,Automatic,1,ok,164.161,14,2,1,0,0,2305843009213693967:11;2305843009213693973:3,Symbolica_default,cached_powers_Q,2,1,0.216,BalancedZippelSeparated
fire7_graph5_rank0924,Automatic,1,ok,176.161,14,2,1,0,0,2305843009213693967:11;2305843009213693973:3,Symbolica_default,cached_powers_Q,2,1,0.257,BalancedZippelSeparated
fire7_graph5_rank0925,Automatic,1,ok,153.851,14,2,1,0,0,2305843009213693967:11;2305843009213693973:3,Symbolica_default,cached_powers_Q,1,1,0.214,BalancedZippelSeparated
fire7_graph5_rank0926,Automatic,1,ok,136.661,13,2,1,0,0,2305843009213693967:10;2305843009213693973:3,Symbolica_default,cached_powers_Q,1,1,0.177,BalancedZippelSeparated
fire7_graph5_rank0927,Automatic,1,ok,132.431,14,2,1,0,0,2305843009213693967:11;2305843009213693973:3,Symbolica_default,cached_powers_Q,1,1,0.351,BalancedZippelSeparated
fire7_graph5_rank0928,Automatic,1,ok,119.540,15,2,1,0,0,2305843009213693967:12;2305843009213693973:3,Symbolica_default,cached_powers_Q,1,2,0.216,BalancedZippelSeparated
fire7_graph5_rank0929,Automatic,1,ok,120.581,15,2,1,0,0,2305843009213693967:12;2305843009213693973:3,Symbolica_default,cached_powers_Q,1,2,0.208,BalancedZippelSeparated
fire7_graph5_rank0930,Automatic,1,ok,160.790,15,2,1,0,0,2305843009213693967:12;2305843009213693973:3,Symbolica_default,cached_powers_Q,1,2,0.323,BalancedZippelSeparated
fire7_graph5_rank0931,Automatic,1,ok,181.330,16,2,1,0,0,2305843009213693967:13;2305843009213693973:3,Symbolica_default,cached_powers_Q,1,2,0.299,BalancedZippelSeparated
fire7_graph5_rank0932,Automatic,1,ok,162.511,14,2,1,0,0,2305843009213693967:11;2305843009213693973:3,Symbolica_default,cached_powers_Q,2,1,0.363,BalancedZippelSeparated
fire7_graph5_rank0933,Automatic,1,ok,117.190,13,2,1,0,0,2305843009213693967:10;2305843009213693973:3,Symbolica_default,cached_powers_Q,1,1,0.155,BalancedZippelSeparated
fire7_graph5_rank0934,Automatic,1,ok,118.660,13,2,1,0,0,2305843009213693967:10;2305843009213693973:3,Symbolica_default,cached_powers_Q,1,1,0.148,BalancedZippelSeparated
fire7_graph5_rank0935,Automatic,1,ok,136.781,14,2,1,0,0,2305843009213693967:11;2305843009213693973:3,Symbolica_default,cached_powers_Q,1,1,0.150,BalancedZippelSeparated
fire7_graph5_rank0936,Automatic,1,ok,215.771,14,2,1,0,0,2305843009213693967:11;2305843009213693973:3,Symbolica_default,cached_powers_Q,1,1,0.413,BalancedZippelSeparated
fire7_graph5_rank0937,Automatic,1,ok,189.351,14,2,1,0,0,2305843009213693967:11;2305843009213693973:3,Symbolica_default,cached_powers_Q,1,1,0.209,BalancedZippelSeparated
fire7_graph5_rank0938,Automatic,1,ok,146.641,13,2,1,0,0,2305843009213693967:10;2305843009213693973:3,Symbolica_default,cached_powers_Q,1,1,0.156,BalancedZippelSeparated
fire7_graph5_rank0939,Automatic,1,ok,113.770,13,2,1,0,0,2305843009213693967:10;2305843009213693973:3,Symbolica_default,cached_powers_Q,1,1,0.163,BalancedZippelSeparated
fire7_graph5_rank0940,Automatic,1,ok,103.241,13,2,1,0,0,2305843009213693967:10;2305843009213693973:3,Symbolica_default,cached_powers_Q,1,1,0.132,BalancedZippelSeparated
fire7_graph5_rank0941,Automatic,1,ok,119.410,14,2,1,0,0,2305843009213693967:11;2305843009213693973:3,Symbolica_default,cached_powers_Q,1,1,0.343,BalancedZippelSeparated
fire7_graph5_rank0942,Automatic,1,ok,126.590,13,2,1,0,0,2305843009213693967:10;2305843009213693973:3,Symbolica_default,cached_powers_Q,1,1,0.336,BalancedZippelSeparated
fire7_graph5_rank0943,Automatic,1,ok,159.671,13,2,1,0,0,2305843009213693967:10;2305843009213693973:3,Symbolica_default,cached_powers_Q,1,1,0.231,BalancedZippelSeparated
fire7_graph5_rank0944,Automatic,1,ok,177.971,13,2,1,0,0,2305843009213693967:10;2305843009213693973:3,Symbolica_default,cached_powers_Q,1,1,0.179,BalancedZippelSeparated
fire7_graph5_rank0945,Automatic,1,ok,125.480,13,2,1,0,0,2305843009213693967:10;2305843009213693973:3,Symbolica_default,cached_powers_Q,1,1,0.094,BalancedZippelSeparated
