case,method,seed,status,elapsed_us,probes,primes,images,support_reuses,support_fallbacks,probes_by_prime,prime_policy,oracle,num_terms,den_terms,setup_ms,selected_methods
fire7_graph5_rank0001,Automatic,1,ok,487.433,57,2,1,0,0,2305843009213693967:54;2305843009213693973:3,Symbolica_default,cached_powers_Q,26,14,0.583,BalancedZippel
fire7_graph5_rank0002,Automatic,1,ok,348.911,62,2,1,0,0,2305843009213693967:59;2305843009213693973:3,Symbolica_default,cached_powers_Q,29,16,0.389,BalancedZippel
fire7_graph5_rank0003,Automatic,1,ok,632.103,54,2,1,0,0,2305843009213693967:51;2305843009213693973:3,Symbolica_default,cached_powers_Q,24,14,0.505,BalancedZippel
fire7_graph5_rank0004,Automatic,1,ok,579.293,56,2,1,0,0,2305843009213693967:53;2305843009213693973:3,Symbolica_default,cached_powers_Q,22,14,0.519,BalancedZippel
fire7_graph5_rank0005,Automatic,1,ok,277.791,48,2,1,0,0,2305843009213693967:45;2305843009213693973:3,Symbolica_default,cached_powers_Q,20,12,0.552,BalancedZippel
fire7_graph5_rank0006,Automatic,1,ok,303.281,54,2,1,0,0,2305843009213693967:51;2305843009213693973:3,Symbolica_default,cached_powers_Q,24,14,0.335,BalancedZippel
fire7_graph5_rank0007,Automatic,1,ok,268.761,51,2,1,0,0,2305843009213693967:48;2305843009213693973:3,Symbolica_default,cached_powers_Q,19,12,0.343,BalancedZippel
fire7_graph5_rank0008,Automatic,1,ok,248.311,43,2,1,0,0,2305843009213693967:40;2305843009213693973:3,Symbolica_default,cached_powers_Q,16,14,0.340,BalancedZippel
fire7_graph5_rank0009,Automatic,1,ok,288.722,43,2,1,0,0,2305843009213693967:40;2305843009213693973:3,Symbolica_default,cached_powers_Q,16,14,0.607,BalancedZippel
fire7_graph5_rank0010,Automatic,1,ok,356.132,45,2,1,0,0,2305843009213693967:42;2305843009213693973:3,Symbolica_default,cached_powers_Q,18,12,0.525,BalancedZippel
fire7_graph5_rank0011,Automatic,1,ok,439.562,45,2,1,0,0,2305843009213693967:42;2305843009213693973:3,Symbolica_default,cached_powers_Q,16,12,0.443,BalancedZippel
fire7_graph5_rank0012,Automatic,1,ok,246.171,44,2,1,0,0,2305843009213693967:41;2305843009213693973:3,Symbolica_default,cached_powers_Q,17,10,0.269,BalancedZippel
fire7_graph5_rank0013,Automatic,1,ok,204.961,34,2,1,0,0,2305843009213693967:31;2305843009213693973:3,Symbolica_default,cached_powers_Q,13,6,0.332,BalancedZippel
fire7_graph5_rank0014,Automatic,1,ok,409.652,45,2,1,0,0,2305843009213693967:42;2305843009213693973:3,Symbolica_default,cached_powers_Q,17,12,0.296,BalancedZippel
fire7_graph5_rank0015,Automatic,1,ok,271.661,43,2,1,0,0,2305843009213693967:40;2305843009213693973:3,Symbolica_default,cached_powers_Q,16,14,0.327,BalancedZippel
fire7_graph5_rank0016,Automatic,1,ok,560.083,43,2,1,0,0,2305843009213693967:40;2305843009213693973:3,Symbolica_default,cached_powers_Q,16,14,0.461,BalancedZippel
fire7_graph5_rank0017,Automatic,1,ok,558.703,45,2,1,0,0,2305843009213693967:42;2305843009213693973:3,Symbolica_default,cached_powers_Q,16,12,0.520,BalancedZippel
fire7_graph5_rank0018,Automatic,1,ok,240.072,40,2,1,0,0,2305843009213693967:37;2305843009213693973:3,Symbolica_default,cached_powers_Q,14,10,0.314,BalancedZippel
fire7_graph5_rank0019,Automatic,1,ok,235.561,40,2,1,0,0,2305843009213693967:37;2305843009213693973:3,Symbolica_default,cached_powers_Q,14,10,0.312,BalancedZippel
fire7_graph5_rank0020,Automatic,1,ok,225.541,37,2,1,0,0,2305843009213693967:34;2305843009213693973:3,Symbolica_default,cached_powers_Q,12,12,0.290,BalancedZippel
fire7_graph5_rank0021,Automatic,1,ok,398.092,42,2,1,0,0,2305843009213693967:39;2305843009213693973:3,Symbolica_default,cached_powers_Q,13,10,0.551,BalancedZippel
fire7_graph5_rank0022,Automatic,1,ok,547.113,42,2,1,0,0,2305843009213693967:39;2305843009213693973:3,Symbolica_default,cached_powers_Q,13,10,0.449,BalancedZippel
fire7_graph5_rank0023,Automatic,1,ok,363.052,40,2,1,0,0,2305843009213693967:37;2305843009213693973:3,Symbolica_default,cached_powers_Q,14,10,0.625,BalancedZippel
fire7_graph5_rank0024,Automatic,1,ok,261.131,42,2,1,0,0,2305843009213693967:39;2305843009213693973:3,Symbolica_default,cached_powers_Q,14,10,0.285,BalancedZippel
fire7_graph5_rank0025,Automatic,1,ok,248.211,37,2,1,0,0,2305843009213693967:34;2305843009213693973:3,Symbolica_default,cached_powers_Q,12,10,0.279,BalancedZippel
fire7_graph5_rank0026,Automatic,1,ok,260.141,42,2,1,0,0,2305843009213693967:39;2305843009213693973:3,Symbolica_default,cached_powers_Q,14,10,0.449,BalancedZippel
fire7_graph5_rank0027,Automatic,1,ok,299.292,44,2,1,0,0,2305843009213693967:41;2305843009213693973:3,Symbolica_default,cached_powers_Q,13,10,0.393,BalancedZippel
fire7_graph5_rank0028,Automatic,1,ok,547.913,44,2,1,0,0,2305843009213693967:41;2305843009213693973:3,Symbolica_default,cached_powers_Q,13,10,0.476,BalancedZippel
fire7_graph5_rank0029,Automatic,1,ok,334.132,44,2,1,0,0,2305843009213693967:41;2305843009213693973:3,Symbolica_default,cached_powers_Q,17,10,0.402,BalancedZippel
fire7_graph5_rank0030,Automatic,1,ok,385.402,39,2,1,0,0,2305843009213693967:36;2305843009213693973:3,Symbolica_default,cached_powers_Q,14,8,0.285,BalancedZippel
fire7_graph5_rank0031,Automatic,1,ok,401.612,35,2,1,0,0,2305843009213693967:32;2305843009213693973:3,Symbolica_default,cached_powers_Q,12,10,0.269,BalancedZippel
fire7_graph5_rank0032,Automatic,1,ok,410.882,36,2,1,0,0,2305843009213693967:33;2305843009213693973:3,Symbolica_default,cached_powers_Q,10,12,0.281,BalancedZippel
fire7_graph5_rank0033,Automatic,1,ok,244.091,40,2,1,0,0,2305843009213693967:37;2305843009213693973:3,Symbolica_default,cached_powers_Q,14,10,0.451,BalancedZippel
fire7_graph5_rank0034,Automatic,1,ok,541.363,39,2,1,0,0,2305843009213693967:36;2305843009213693973:3,Symbolica_default,cached_powers_Q,13,12,0.628,BalancedZippel
fire7_graph5_rank0035,Automatic,1,ok,495.332,36,2,1,0,0,2305843009213693967:33;2305843009213693973:3,Symbolica_default,cached_powers_Q,9,10,0.599,BalancedZippel
fire7_graph5_rank0036,Automatic,1,ok,251.351,37,2,1,0,0,2305843009213693967:34;2305843009213693973:3,Symbolica_default,cached_powers_Q,12,10,0.319,BalancedZippel
fire7_graph5_rank0037,Automatic,1,ok,204.741,32,2,1,0,0,2305843009213693967:29;2305843009213693973:3,Symbolica_default,cached_powers_Q,6,12,0.425,BalancedZippel
fire7_graph5_rank0038,Automatic,1,ok,241.641,34,2,1,0,0,2305843009213693967:31;2305843009213693973:3,Symbolica_default,cached_powers_Q,10,10,0.299,BalancedZippel
fire7_graph5_rank0039,Automatic,1,ok,378.192,38,2,1,0,0,2305843009213693967:35;2305843009213693973:3,Symbolica_default,cached_powers_Q,10,10,0.474,BalancedZippel
fire7_graph5_rank0040,Automatic,1,ok,379.082,32,2,1,0,0,2305843009213693967:29;2305843009213693973:3,Symbolica_default,cached_powers_Q,9,8,0.321,BalancedZippel
fire7_graph5_rank0041,Automatic,1,ok,409.682,32,2,1,0,0,2305843009213693967:29;2305843009213693973:3,Symbolica_default,cached_powers_Q,9,8,0.448,BalancedZippel
fire7_graph5_rank0042,Automatic,1,ok,225.401,33,2,1,0,0,2305843009213693967:30;2305843009213693973:3,Symbolica_default,cached_powers_Q,13,6,0.448,BalancedZippel
fire7_graph5_rank0043,Automatic,1,ok,410.662,42,2,1,0,0,2305843009213693967:39;2305843009213693973:3,Symbolica_default,cached_powers_Q,14,10,0.272,BalancedZippel
fire7_graph5_rank0044,Automatic,1,ok,408.552,37,2,1,0,0,2305843009213693967:34;2305843009213693973:3,Symbolica_default,cached_powers_Q,12,12,0.287,BalancedZippel
fire7_graph5_rank0045,Automatic,1,ok,197.251,31,2,1,0,0,2305843009213693967:28;2305843009213693973:3,Symbolica_default,cached_powers_Q,12,6,0.292,BalancedZippel
fire7_graph5_rank0046,Automatic,1,ok,238.012,33,2,1,0,0,2305843009213693967:30;2305843009213693973:3,Symbolica_default,cached_powers_Q,9,10,0.450,BalancedZippel
fire7_graph5_rank0047,Automatic,1,ok,224.081,42,2,1,0,0,2305843009213693967:39;2305843009213693973:3,Symbolica_default,cached_powers_Q,14,5,0.290,BalancedZippel
fire7_graph5_rank0048,Automatic,1,ok,390.521,33,2,1,0,0,2305843009213693967:30;2305843009213693973:3,Symbolica_default,cached_powers_Q,10,10,0.474,BalancedZippel
fire7_graph5_rank0049,Automatic,1,ok,197.540,31,2,1,0,0,2305843009213693967:28;2305843009213693973:3,Symbolica_default,cached_powers_Q,12,6,0.482,BalancedZippel
fire7_graph5_rank0050,Automatic,1,ok,225.941,34,2,1,0,0,2305843009213693967:31;2305843009213693973:3,Symbolica_default,cached_powers_Q,10,10,0.291,BalancedZippel
fire7_graph5_rank0051,Automatic,1,ok,215.681,32,2,1,0,0,2305843009213693967:29;2305843009213693973:3,Symbolica_default,cached_powers_Q,9,8,0.445,BalancedZippel
fire7_graph5_rank0052,Automatic,1,ok,269.191,31,2,1,0,0,2305843009213693967:28;2305843009213693973:3,Symbolica_default,cached_powers_Q,9,8,0.427,BalancedZippel
fire7_graph5_rank0053,Automatic,1,ok,238.481,31,2,1,0,0,2305843009213693967:28;2305843009213693973:3,Symbolica_default,cached_powers_Q,10,8,0.281,BalancedZippel
fire7_graph5_rank0054,Automatic,1,ok,236.021,31,2,1,0,0,2305843009213693967:28;2305843009213693973:3,Symbolica_default,cached_powers_Q,10,8,0.291,BalancedZippel
fire7_graph5_rank0055,Automatic,1,ok,199.041,31,2,1,0,0,2305843009213693967:28;2305843009213693973:3,Symbolica_default,cached_powers_Q,12,6,0.282,BalancedZippel
fire7_graph5_rank0056,Automatic,1,ok,212.331,31,2,1,0,0,2305843009213693967:28;2305843009213693973:3,Symbolica_default,cached_powers_Q,10,8,0.460,BalancedZippel
fire7_graph5_rank0057,Automatic,1,ok,231.401,35,2,1,0,0,2305843009213693967:32;2305843009213693973:3,Symbolica_default,cached_powers_Q,12,10,0.298,BalancedZippel
fire7_graph5_rank0058,Automatic,1,ok,206.151,31,2,1,0,0,2305843009213693967:28;2305843009213693973:3,Symbolica_default,cached_powers_Q,12,6,0.247,BalancedZippel
fire7_graph5_rank0059,Automatic,1,ok,354.661,34,2,1,0,0,2305843009213693967:31;2305843009213693973:3,Symbolica_default,cached_powers_Q,9,10,0.294,BalancedZippel
fire7_graph5_rank0060,Automatic,1,ok,219.431,31,2,1,0,0,2305843009213693967:28;2305843009213693973:3,Symbolica_default,cached_powers_Q,10,8,0.274,BalancedZippel
fire7_graph5_rank0061,Automatic,1,ok,393.372,32,2,1,0,0,2305843009213693967:29;2305843009213693973:3,Symbolica_default,cached_powers_Q,10,5,0.291,BalancedZippel
fire7_graph5_rank0062,Automatic,1,ok,399.902,35,2,1,0,0,2305843009213693967:32;2305843009213693973:3,Symbolica_default,cached_powers_Q,11,10,0.273,BalancedZippel
fire7_graph5_rank0063,Automatic,1,ok,210.890,31,2,1,0,0,2305843009213693967:28;2305843009213693973:3,Symbolica_default,cached_powers_Q,10,8,0.274,BalancedZippel
fire7_graph5_rank0064,Automatic,1,ok,366.401,29,2,1,0,0,2305843009213693967:26;2305843009213693973:3,Symbolica_default,cached_powers_Q,8,8,0.331,BalancedZippel
fire7_graph5_rank0065,Automatic,1,ok,228.411,31,2,1,0,0,2305843009213693967:28;2305843009213693973:3,Symbolica_default,cached_powers_Q,10,8,0.293,BalancedZippel
fire7_graph5_rank0066,Automatic,1,ok,386.772,35,2,1,0,0,2305843009213693967:32;2305843009213693973:3,Symbolica_default,cached_powers_Q,12,10,0.303,BalancedZippel
fire7_graph5_rank0067,Automatic,1,ok,406.502,31,2,1,0,0,2305843009213693967:28;2305843009213693973:3,Symbolica_default,cached_powers_Q,9,8,0.298,BalancedZippel
fire7_graph5_rank0068,Automatic,1,ok,306.581,35,2,1,0,0,2305843009213693967:32;2305843009213693973:3,Symbolica_default,cached_powers_Q,11,8,0.364,BalancedZippel
fire7_graph5_rank0069,Automatic,1,ok,313.541,31,2,1,0,0,2305843009213693967:28;2305843009213693973:3,Symbolica_default,cached_powers_Q,9,6,0.389,BalancedZippel
fire7_graph5_rank0070,Automatic,1,ok,298.481,33,2,1,0,0,2305843009213693967:30;2305843009213693973:3,Symbolica_default,cached_powers_Q,7,10,0.600,BalancedZippel
fire7_graph5_rank0071,Automatic,1,ok,312.312,35,2,1,0,0,2305843009213693967:32;2305843009213693973:3,Symbolica_default,cached_powers_Q,11,8,0.429,BalancedZippel
fire7_graph5_rank0072,Automatic,1,ok,549.753,31,2,1,0,0,2305843009213693967:28;2305843009213693973:3,Symbolica_default,cached_powers_Q,10,8,0.460,BalancedZippel
fire7_graph5_rank0073,Automatic,1,ok,281.491,30,2,1,0,0,2305843009213693967:27;2305843009213693973:3,Symbolica_default,cached_powers_Q,11,5,0.552,BalancedZippel
fire7_graph5_rank0074,Automatic,1,ok,538.483,36,2,1,0,0,2305843009213693967:33;2305843009213693973:3,Symbolica_default,cached_powers_Q,9,10,0.387,BalancedZippel
fire7_graph5_rank0075,Automatic,1,ok,523.762,35,2,1,0,0,2305843009213693967:32;2305843009213693973:3,Symbolica_default,cached_powers_Q,11,8,0.592,BalancedZippel
fire7_graph5_rank0076,Automatic,1,ok,490.772,28,2,1,0,0,2305843009213693967:25;2305843009213693973:3,Symbolica_default,cached_powers_Q,10,5,0.633,BalancedZippel
fire7_graph5_rank0077,Automatic,1,ok,291.561,29,2,1,0,0,2305843009213693967:26;2305843009213693973:3,Symbolica_default,cached_powers_Q,8,8,0.433,BalancedZippel
fire7_graph5_rank0078,Automatic,1,ok,262.831,30,2,1,0,0,2305843009213693967:27;2305843009213693973:3,Symbolica_default,cached_powers_Q,7,8,0.403,BalancedZippel
fire7_graph5_rank0079,Automatic,1,ok,520.023,30,2,1,0,0,2305843009213693967:27;2305843009213693973:3,Symbolica_default,cached_powers_Q,7,8,0.447,BalancedZippel
fire7_graph5_rank0080,Automatic,1,ok,254.911,27,2,1,0,0,2305843009213693967:24;2305843009213693973:3,Symbolica_default,cached_powers_Q,8,6,0.629,BalancedZippel
fire7_graph5_rank0081,Automatic,1,ok,447.562,28,2,1,0,0,2305843009213693967:25;2305843009213693973:3,Symbolica_default,cached_powers_Q,7,6,0.593,BalancedZippel
fire7_graph5_rank0082,Automatic,1,ok,559.813,29,2,1,0,0,2305843009213693967:26;2305843009213693973:3,Symbolica_default,cached_powers_Q,8,8,0.440,BalancedZippel
fire7_graph5_rank0083,Automatic,1,ok,306.701,29,2,1,0,0,2305843009213693967:26;2305843009213693973:3,Symbolica_default,cached_powers_Q,8,8,0.439,BalancedZippel
fire7_graph5_rank0084,Automatic,1,ok,496.393,29,2,1,0,0,2305843009213693967:26;2305843009213693973:3,Symbolica_default,cached_powers_Q,8,8,0.439,BalancedZippel
fire7_graph5_rank0085,Automatic,1,ok,425.593,29,2,1,0,0,2305843009213693967:26;2305843009213693973:3,Symbolica_default,cached_powers_Q,8,5,0.599,BalancedZippel
fire7_graph5_rank0086,Automatic,1,ok,255.151,27,2,1,0,0,2305843009213693967:24;2305843009213693973:3,Symbolica_default,cached_powers_Q,5,8,0.615,BalancedZippel
fire7_graph5_rank0087,Automatic,1,ok,306.291,28,2,1,0,0,2305843009213693967:25;2305843009213693973:3,Symbolica_default,cached_powers_Q,7,6,0.602,BalancedZippel
fire7_graph5_rank0088,Automatic,1,ok,252.271,27,2,1,0,0,2305843009213693967:24;2305843009213693973:3,Symbolica_default,cached_powers_Q,8,6,0.647,BalancedZippel
fire7_graph5_rank0089,Automatic,1,ok,316.961,36,2,1,0,0,2305843009213693967:33;2305843009213693973:3,Symbolica_default,cached_powers_Q,10,12,0.399,BalancedZippel
fire7_graph5_rank0090,Automatic,1,ok,263.142,30,2,1,0,0,2305843009213693967:27;2305843009213693973:3,Symbolica_default,cached_powers_Q,7,8,0.419,BalancedZippel
fire7_graph5_rank0091,Automatic,1,ok,266.922,31,2,1,0,0,2305843009213693967:28;2305843009213693973:3,Symbolica_default,cached_powers_Q,12,5,0.574,BalancedZippel
fire7_graph5_rank0092,Automatic,1,ok,279.471,28,2,1,0,0,2305843009213693967:25;2305843009213693973:3,Symbolica_default,cached_powers_Q,10,5,0.423,BalancedZippel
fire7_graph5_rank0093,Automatic,1,ok,535.652,30,2,1,0,0,2305843009213693967:27;2305843009213693973:3,Symbolica_default,cached_powers_Q,10,5,0.403,BalancedZippel
fire7_graph5_rank0094,Automatic,1,ok,504.832,28,2,1,0,0,2305843009213693967:25;2305843009213693973:3,Symbolica_default,cached_powers_Q,10,5,0.407,BalancedZippel
fire7_graph5_rank0095,Automatic,1,ok,540.142,32,2,1,0,0,2305843009213693967:29;2305843009213693973:3,Symbolica_default,cached_powers_Q,8,10,0.370,BalancedZippel
fire7_graph5_rank0096,Automatic,1,ok,288.482,33,2,1,0,0,2305843009213693967:30;2305843009213693973:3,Symbolica_default,cached_powers_Q,7,10,0.401,BalancedZippel
fire7_graph5_rank0097,Automatic,1,ok,305.782,29,2,1,0,0,2305843009213693967:26;2305843009213693973:3,Symbolica_default,cached_powers_Q,8,8,0.394,BalancedZippel
fire7_graph5_rank0098,Automatic,1,ok,270.392,29,2,1,0,0,2305843009213693967:26;2305843009213693973:3,Symbolica_default,cached_powers_Q,4,10,0.365,BalancedZippel
fire7_graph5_rank0099,Automatic,1,ok,329.592,33,2,1,0,0,2305843009213693967:30;2305843009213693973:3,Symbolica_default,cached_powers_Q,7,10,0.441,BalancedZippel
fire7_graph5_rank0100,Automatic,1,ok,351.752,32,2,1,0,0,2305843009213693967:29;2305843009213693973:3,Symbolica_default,cached_powers_Q,6,10,0.536,BalancedZippel
fire7_graph5_rank0101,Automatic,1,ok,278.141,30,2,1,0,0,2305843009213693967:27;2305843009213693973:3,Symbolica_default,cached_powers_Q,9,6,0.385,BalancedZippel
fire7_graph5_rank0102,Automatic,1,ok,254.641,29,2,1,0,0,2305843009213693967:26;2305843009213693973:3,Symbolica_default,cached_powers_Q,5,10,0.385,BalancedZippel
fire7_graph5_rank0103,Automatic,1,ok,505.782,30,2,1,0,0,2305843009213693967:27;2305843009213693973:3,Symbolica_default,cached_powers_Q,8,6,0.460,BalancedZippel
fire7_graph5_rank0104,Automatic,1,ok,356.692,30,2,1,0,0,2305843009213693967:27;2305843009213693973:3,Symbolica_default,cached_powers_Q,8,6,0.848,BalancedZippel
fire7_graph5_rank0105,Automatic,1,ok,531.253,32,2,1,0,0,2305843009213693967:29;2305843009213693973:3,Symbolica_default,cached_powers_Q,8,10,0.645,BalancedZippel
fire7_graph5_rank0106,Automatic,1,ok,268.851,28,2,1,0,0,2305843009213693967:25;2305843009213693973:3,Symbolica_default,cached_powers_Q,10,5,0.449,BalancedZippel
fire7_graph5_rank0107,Automatic,1,ok,475.613,30,2,1,0,0,2305843009213693967:27;2305843009213693973:3,Symbolica_default,cached_powers_Q,8,6,0.469,BalancedZippel
fire7_graph5_rank0108,Automatic,1,ok,250.591,27,2,1,0,0,2305843009213693967:24;2305843009213693973:3,Symbolica_default,cached_powers_Q,5,8,0.353,BalancedZippel
fire7_graph5_rank0109,Automatic,1,ok,562.193,29,2,1,0,0,2305843009213693967:26;2305843009213693973:3,Symbolica_default,cached_powers_Q,8,8,0.400,BalancedZippel
fire7_graph5_rank0110,Automatic,1,ok,530.033,28,2,1,0,0,2305843009213693967:25;2305843009213693973:3,Symbolica_default,cached_powers_Q,10,5,0.387,BalancedZippel
fire7_graph5_rank0111,Automatic,1,ok,466.823,28,2,1,0,0,2305843009213693967:25;2305843009213693973:3,Symbolica_default,cached_powers_Q,10,5,0.595,BalancedZippel
fire7_graph5_rank0112,Automatic,1,ok,234.501,27,2,1,0,0,2305843009213693967:24;2305843009213693973:3,Symbolica_default,cached_powers_Q,8,5,0.414,BalancedZippel
fire7_graph5_rank0113,Automatic,1,ok,242.091,27,2,1,0,0,2305843009213693967:24;2305843009213693973:3,Symbolica_default,cached_powers_Q,8,4,0.443,BalancedZippel
fire7_graph5_rank0114,Automatic,1,ok,488.953,29,2,1,0,0,2305843009213693967:26;2305843009213693973:3,Symbolica_default,cached_powers_Q,6,8,0.406,BalancedZippel
fire7_graph5_rank0115,Automatic,1,ok,293.311,29,2,1,0,0,2305843009213693967:26;2305843009213693973:3,Symbolica_default,cached_powers_Q,5,10,0.585,BalancedZippel
fire7_graph5_rank0116,Automatic,1,ok,321.342,29,2,1,0,0,2305843009213693967:26;2305843009213693973:3,Symbolica_default,cached_powers_Q,7,8,0.636,BalancedZippel
fire7_graph5_rank0117,Automatic,1,ok,293.841,34,2,1,0,0,2305843009213693967:31;2305843009213693973:3,Symbolica_default,cached_powers_Q,9,10,0.398,BalancedZippel
fire7_graph5_rank0118,Automatic,1,ok,269.682,28,2,1,0,0,2305843009213693967:25;2305843009213693973:3,Symbolica_default,cached_powers_Q,7,6,0.586,BalancedZippel
fire7_graph5_rank0119,Automatic,1,ok,493.252,31,2,1,0,0,2305843009213693967:28;2305843009213693973:3,Symbolica_default,cached_powers_Q,8,6,0.612,BalancedZippel
fire7_graph5_rank0120,Automatic,1,ok,470.542,28,2,1,0,0,2305843009213693967:25;2305843009213693973:3,Symbolica_default,cached_powers_Q,10,5,0.636,BalancedZippel
fire7_graph5_rank0121,Automatic,1,ok,489.083,26,2,1,0,0,2305843009213693967:23;2305843009213693973:3,Symbolica_default,cached_powers_Q,6,6,0.456,BalancedZippel
fire7_graph5_rank0122,Automatic,1,ok,518.673,26,2,1,0,0,2305843009213693967:23;2305843009213693973:3,Symbolica_default,cached_powers_Q,6,6,0.451,BalancedZippel
fire7_graph5_rank0123,Automatic,1,ok,311.962,29,2,1,0,0,2305843009213693967:26;2305843009213693973:3,Symbolica_default,cached_powers_Q,7,8,0.392,BalancedZippel
fire7_graph5_rank0124,Automatic,1,ok,265.172,28,2,1,0,0,2305843009213693967:25;2305843009213693973:3,Symbolica_default,cached_powers_Q,10,5,0.353,BalancedZippel
fire7_graph5_rank0125,Automatic,1,ok,483.472,26,2,1,0,0,2305843009213693967:23;2305843009213693973:3,Symbolica_default,cached_powers_Q,6,6,0.638,BalancedZippel
fire7_graph5_rank0126,Automatic,1,ok,285.502,30,2,1,0,0,2305843009213693967:27;2305843009213693973:3,Symbolica_default,cached_powers_Q,9,5,0.388,BalancedZippel
fire7_graph5_rank0127,Automatic,1,ok,267.401,28,2,1,0,0,2305843009213693967:25;2305843009213693973:3,Symbolica_default,cached_powers_Q,9,5,0.404,BalancedZippel
fire7_graph5_rank0128,Automatic,1,ok,296.441,29,2,1,0,0,2305843009213693967:26;2305843009213693973:3,Symbolica_default,cached_powers_Q,8,8,0.443,BalancedZippel
fire7_graph5_rank0129,Automatic,1,ok,222.961,27,2,1,0,0,2305843009213693967:24;2305843009213693973:3,Symbolica_default,cached_powers_Q,8,5,0.394,BalancedZippel
fire7_graph5_rank0130,Automatic,1,ok,510.112,38,2,1,0,0,2305843009213693967:35;2305843009213693973:3,Symbolica_default,cached_powers_Q,11,10,0.635,BalancedZippel
fire7_graph5_rank0131,Automatic,1,ok,284.601,29,2,1,0,0,2305843009213693967:26;2305843009213693973:3,Symbolica_default,cached_powers_Q,6,8,0.418,BalancedZippel
fire7_graph5_rank0132,Automatic,1,ok,399.752,26,2,1,0,0,2305843009213693967:23;2305843009213693973:3,Symbolica_default,cached_powers_Q,6,4,0.460,BalancedZippel
fire7_graph5_rank0133,Automatic,1,ok,276.831,29,2,1,0,0,2305843009213693967:26;2305843009213693973:3,Symbolica_default,cached_powers_Q,8,5,0.617,BalancedZippel
fire7_graph5_rank0134,Automatic,1,ok,420.191,28,2,1,0,0,2305843009213693967:25;2305843009213693973:3,Symbolica_default,cached_powers_Q,9,5,0.316,BalancedZippel
fire7_graph5_rank0135,Automatic,1,ok,282.071,27,2,1,0,0,2305843009213693967:24;2305843009213693973:3,Symbolica_default,cached_powers_Q,8,6,0.406,BalancedZippel
fire7_graph5_rank0136,Automatic,1,ok,479.082,28,2,1,0,0,2305843009213693967:25;2305843009213693973:3,Symbolica_default,cached_powers_Q,7,6,0.302,BalancedZippel
fire7_graph5_rank0137,Automatic,1,ok,303.631,27,2,1,0,0,2305843009213693967:24;2305843009213693973:3,Symbolica_default,cached_powers_Q,8,6,0.437,BalancedZippel
fire7_graph5_rank0138,Automatic,1,ok,272.922,26,2,1,0,0,2305843009213693967:23;2305843009213693973:3,Symbolica_default,cached_powers_Q,5,6,0.453,BalancedZippel
fire7_graph5_rank0139,Automatic,1,ok,298.351,36,2,1,0,0,2305843009213693967:33;2305843009213693973:3,Symbolica_default,cached_powers_Q,10,5,0.401,BalancedZippel
fire7_graph5_rank0140,Automatic,1,ok,305.372,35,2,1,0,0,2305843009213693967:32;2305843009213693973:3,Symbolica_default,cached_powers_Q,8,12,0.554,BalancedZippel
fire7_graph5_rank0141,Automatic,1,ok,254.111,25,2,1,0,0,2305843009213693967:22;2305843009213693973:3,Symbolica_default,cached_powers_Q,6,6,0.412,BalancedZippel
fire7_graph5_rank0142,Automatic,1,ok,264.862,27,2,1,0,0,2305843009213693967:24;2305843009213693973:3,Symbolica_default,cached_powers_Q,7,6,0.374,BalancedZippel
fire7_graph5_rank0143,Automatic,1,ok,570.252,33,2,1,0,0,2305843009213693967:30;2305843009213693973:3,Symbolica_default,cached_powers_Q,9,8,0.446,BalancedZippel
fire7_graph5_rank0144,Automatic,1,ok,261.342,27,2,1,0,0,2305843009213693967:24;2305843009213693973:3,Symbolica_default,cached_powers_Q,7,4,0.706,BalancedZippel
fire7_graph5_rank0145,Automatic,1,ok,264.981,28,2,1,0,0,2305843009213693967:25;2305843009213693973:3,Symbolica_default,cached_powers_Q,7,6,0.546,BalancedZippel
fire7_graph5_rank0146,Automatic,1,ok,533.802,28,2,1,0,0,2305843009213693967:25;2305843009213693973:3,Symbolica_default,cached_powers_Q,7,6,0.620,BalancedZippel
fire7_graph5_rank0147,Automatic,1,ok,459.642,26,2,1,0,0,2305843009213693967:23;2305843009213693973:3,Symbolica_default,cached_powers_Q,5,6,0.436,BalancedZippel
fire7_graph5_rank0148,Automatic,1,ok,287.521,27,2,1,0,0,2305843009213693967:24;2305843009213693973:3,Symbolica_default,cached_powers_Q,8,6,0.392,BalancedZippel
fire7_graph5_rank0149,Automatic,1,ok,281.541,32,2,1,0,0,2305843009213693967:29;2305843009213693973:3,Symbolica_default,cached_powers_Q,5,12,0.386,BalancedZippel
fire7_graph5_rank0150,Automatic,1,ok,492.182,29,2,1,0,0,2305843009213693967:26;2305843009213693973:3,Symbolica_default,cached_powers_Q,8,8,0.615,BalancedZippel
fire7_graph5_rank0151,Automatic,1,ok,249.752,31,2,1,0,0,2305843009213693967:28;2305843009213693973:3,Symbolica_default,cached_powers_Q,8,6,0.392,BalancedZippel
fire7_graph5_rank0152,Automatic,1,ok,489.232,29,2,1,0,0,2305843009213693967:26;2305843009213693973:3,Symbolica_default,cached_powers_Q,5,10,0.664,BalancedZippel
fire7_graph5_rank0153,Automatic,1,ok,413.852,27,2,1,0,0,2305843009213693967:24;2305843009213693973:3,Symbolica_default,cached_powers_Q,6,6,0.410,BalancedZippel
fire7_graph5_rank0154,Automatic,1,ok,302.262,31,2,1,0,0,2305843009213693967:28;2305843009213693973:3,Symbolica_default,cached_powers_Q,8,8,0.615,BalancedZippel
fire7_graph5_rank0155,Automatic,1,ok,281.781,29,2,1,0,0,2305843009213693967:26;2305843009213693973:3,Symbolica_default,cached_powers_Q,6,8,0.366,BalancedZippel
fire7_graph5_rank0156,Automatic,1,ok,470.772,27,2,1,0,0,2305843009213693967:24;2305843009213693973:3,Symbolica_default,cached_powers_Q,9,4,0.591,BalancedZippel
fire7_graph5_rank0157,Automatic,1,ok,427.302,26,2,1,0,0,2305843009213693967:23;2305843009213693973:3,Symbolica_default,cached_powers_Q,6,5,0.634,BalancedZippel
fire7_graph5_rank0158,Automatic,1,ok,224.161,22,2,1,0,0,2305843009213693967:19;2305843009213693973:3,Symbolica_default,cached_powers_Q,5,5,0.335,BalancedZippel
fire7_graph5_rank0159,Automatic,1,ok,284.771,33,2,1,0,0,2305843009213693967:30;2305843009213693973:3,Symbolica_default,cached_powers_Q,8,8,0.360,BalancedZippel
fire7_graph5_rank0160,Automatic,1,ok,488.852,27,2,1,0,0,2305843009213693967:24;2305843009213693973:3,Symbolica_default,cached_powers_Q,9,4,0.591,BalancedZippel
fire7_graph5_rank0161,Automatic,1,ok,273.222,26,2,1,0,0,2305843009213693967:23;2305843009213693973:3,Symbolica_default,cached_powers_Q,4,8,0.423,BalancedZippel
fire7_graph5_rank0162,Automatic,1,ok,269.991,27,2,1,0,0,2305843009213693967:24;2305843009213693973:3,Symbolica_default,cached_powers_Q,8,6,0.399,BalancedZippel
fire7_graph5_rank0163,Automatic,1,ok,221.151,23,2,1,0,0,2305843009213693967:20;2305843009213693973:3,Symbolica_default,cached_powers_Q,3,6,0.424,BalancedZippel
fire7_graph5_rank0164,Automatic,1,ok,434.622,31,2,1,0,0,2305843009213693967:28;2305843009213693973:3,Symbolica_default,cached_powers_Q,7,6,0.520,BalancedZippel
fire7_graph5_rank0165,Automatic,1,ok,521.722,29,2,1,0,0,2305843009213693967:26;2305843009213693973:3,Symbolica_default,cached_powers_Q,5,10,0.348,BalancedZippel
fire7_graph5_rank0166,Automatic,1,ok,489.902,27,2,1,0,0,2305843009213693967:24;2305843009213693973:3,Symbolica_default,cached_powers_Q,9,4,0.634,BalancedZippel
fire7_graph5_rank0167,Automatic,1,ok,459.682,30,2,1,0,0,2305843009213693967:27;2305843009213693973:3,Symbolica_default,cached_powers_Q,9,6,0.355,BalancedZippel
fire7_graph5_rank0168,Automatic,1,ok,465.002,25,2,1,0,0,2305843009213693967:22;2305843009213693973:3,Symbolica_default,cached_powers_Q,6,6,0.356,BalancedZippel
fire7_graph5_rank0169,Automatic,1,ok,466.102,29,2,1,0,0,2305843009213693967:26;2305843009213693973:3,Symbolica_default,cached_powers_Q,8,6,0.607,BalancedZippel
fire7_graph5_rank0170,Automatic,1,ok,520.273,32,2,1,0,0,2305843009213693967:29;2305843009213693973:3,Symbolica_default,cached_powers_Q,8,10,0.629,BalancedZippel
fire7_graph5_rank0171,Automatic,1,ok,497.522,24,2,1,0,0,2305843009213693967:21;2305843009213693973:3,Symbolica_default,cached_powers_Q,4,6,0.394,BalancedZippel
fire7_graph5_rank0172,Automatic,1,ok,232.401,27,2,1,0,0,2305843009213693967:24;2305843009213693973:3,Symbolica_default,cached_powers_Q,6,3,0.419,BalancedZippel
fire7_graph5_rank0173,Automatic,1,ok,480.783,28,2,1,0,0,2305843009213693967:25;2305843009213693973:3,Symbolica_default,cached_powers_Q,6,8,0.540,BalancedZippel
fire7_graph5_rank0174,Automatic,1,ok,464.322,26,2,1,0,0,2305843009213693967:23;2305843009213693973:3,Symbolica_default,cached_powers_Q,4,6,0.442,BalancedZippel
fire7_graph5_rank0175,Automatic,1,ok,240.561,25,2,1,0,0,2305843009213693967:22;2305843009213693973:3,Symbolica_default,cached_powers_Q,8,4,0.629,BalancedZippel
fire7_graph5_rank0176,Automatic,1,ok,738.534,30,2,1,0,0,2305843009213693967:27;2305843009213693973:3,Symbolica_default,cached_powers_Q,8,6,0.399,BalancedZippel
fire7_graph5_rank0177,Automatic,1,ok,265.521,25,2,1,0,0,2305843009213693967:22;2305843009213693973:3,Symbolica_default,cached_powers_Q,6,6,0.443,BalancedZippel
fire7_graph5_rank0178,Automatic,1,ok,500.653,29,2,1,0,0,2305843009213693967:26;2305843009213693973:3,Symbolica_default,cached_powers_Q,8,6,0.363,BalancedZippel
fire7_graph5_rank0179,Automatic,1,ok,273.661,29,2,1,0,0,2305843009213693967:26;2305843009213693973:3,Symbolica_default,cached_powers_Q,5,8,0.320,BalancedZippel
fire7_graph5_rank0180,Automatic,1,ok,312.931,33,2,1,0,0,2305843009213693967:30;2305843009213693973:3,Symbolica_default,cached_powers_Q,8,8,0.561,BalancedZippel
fire7_graph5_rank0181,Automatic,1,ok,565.862,33,2,1,0,0,2305843009213693967:30;2305843009213693973:3,Symbolica_default,cached_powers_Q,8,8,0.749,BalancedZippel
fire7_graph5_rank0182,Automatic,1,ok,540.223,33,2,1,0,0,2305843009213693967:30;2305843009213693973:3,Symbolica_default,cached_powers_Q,8,8,0.392,BalancedZippel
fire7_graph5_rank0183,Automatic,1,ok,238.031,25,2,1,0,0,2305843009213693967:22;2305843009213693973:3,Symbolica_default,cached_powers_Q,7,4,0.570,BalancedZippel
fire7_graph5_rank0184,Automatic,1,ok,409.872,26,2,1,0,0,2305843009213693967:23;2305843009213693973:3,Symbolica_default,cached_powers_Q,6,3,0.598,BalancedZippel
fire7_graph5_rank0185,Automatic,1,ok,187.601,20,2,1,0,0,2305843009213693967:17;2305843009213693973:3,Symbolica_default,cached_powers_Q,4,4,0.620,BalancedZippel
fire7_graph5_rank0186,Automatic,1,ok,251.402,25,2,1,0,0,2305843009213693967:22;2305843009213693973:3,Symbolica_default,cached_powers_Q,8,4,0.587,BalancedZippel
fire7_graph5_rank0187,Automatic,1,ok,239.431,25,2,1,0,0,2305843009213693967:22;2305843009213693973:3,Symbolica_default,cached_powers_Q,7,4,0.427,BalancedZippel
fire7_graph5_rank0188,Automatic,1,ok,466.133,25,2,1,0,0,2305843009213693967:22;2305843009213693973:3,Symbolica_default,cached_powers_Q,7,4,0.420,BalancedZippel
fire7_graph5_rank0189,Automatic,1,ok,295.461,29,2,1,0,0,2305843009213693967:26;2305843009213693973:3,Symbolica_default,cached_powers_Q,8,6,0.363,BalancedZippel
fire7_graph5_rank0190,Automatic,1,ok,238.551,28,2,1,0,0,2305843009213693967:25;2305843009213693973:3,Symbolica_default,cached_powers_Q,5,8,0.315,BalancedZippel
fire7_graph5_rank0191,Automatic,1,ok,430.042,26,2,1,0,0,2305843009213693967:23;2305843009213693973:3,Symbolica_default,cached_powers_Q,6,4,0.400,BalancedZippel
fire7_graph5_rank0192,Automatic,1,ok,214.791,24,2,1,0,0,2305843009213693967:21;2305843009213693973:3,Symbolica_default,cached_powers_Q,4,6,0.350,BalancedZippel
fire7_graph5_rank0193,Automatic,1,ok,262.051,24,2,1,0,0,2305843009213693967:21;2305843009213693973:3,Symbolica_default,cached_powers_Q,4,6,0.397,BalancedZippel
fire7_graph5_rank0194,Automatic,1,ok,251.271,24,2,1,0,0,2305843009213693967:21;2305843009213693973:3,Symbolica_default,cached_powers_Q,4,6,0.625,BalancedZippel
fire7_graph5_rank0195,Automatic,1,ok,238.381,24,2,1,0,0,2305843009213693967:21;2305843009213693973:3,Symbolica_default,cached_powers_Q,4,6,0.416,BalancedZippel
fire7_graph5_rank0196,Automatic,1,ok,249.751,26,2,1,0,0,2305843009213693967:23;2305843009213693973:3,Symbolica_default,cached_powers_Q,6,6,0.358,BalancedZippel
fire7_graph5_rank0197,Automatic,1,ok,453.642,26,2,1,0,0,2305843009213693967:23;2305843009213693973:3,Symbolica_default,cached_powers_Q,4,6,0.435,BalancedZippel
fire7_graph5_rank0198,Automatic,1,ok,475.243,26,2,1,0,0,2305843009213693967:23;2305843009213693973:3,Symbolica_default,cached_powers_Q,6,6,0.641,BalancedZippel
fire7_graph5_rank0199,Automatic,1,ok,266.051,27,2,1,0,0,2305843009213693967:24;2305843009213693973:3,Symbolica_default,cached_powers_Q,5,8,0.389,BalancedZippel
fire7_graph5_rank0200,Automatic,1,ok,277.451,25,2,1,0,0,2305843009213693967:22;2305843009213693973:3,Symbolica_default,cached_powers_Q,6,6,0.402,BalancedZippel
fire7_graph5_rank0201,Automatic,1,ok,215.801,32,2,1,0,0,2305843009213693967:29;2305843009213693973:3,Symbolica_default,cached_powers_Q,7,4,0.365,BalancedZippel
fire7_graph5_rank0202,Automatic,1,ok,389.461,29,2,1,0,0,2305843009213693967:26;2305843009213693973:3,Symbolica_default,cached_powers_Q,4,10,0.336,BalancedZippel
fire7_graph5_rank0203,Automatic,1,ok,497.562,28,2,1,0,0,2305843009213693967:25;2305843009213693973:3,Symbolica_default,cached_powers_Q,6,8,0.615,BalancedZippel
fire7_graph5_rank0204,Automatic,1,ok,290.851,23,2,1,0,0,2305843009213693967:20;2305843009213693973:3,Symbolica_default,cached_powers_Q,6,4,0.569,BalancedZippel
fire7_graph5_rank0205,Automatic,1,ok,513.623,29,2,1,0,0,2305843009213693967:26;2305843009213693973:3,Symbolica_default,cached_powers_Q,8,8,0.373,BalancedZippel
fire7_graph5_rank0206,Automatic,1,ok,608.393,25,2,1,0,0,2305843009213693967:22;2305843009213693973:3,Symbolica_default,cached_powers_Q,6,6,0.407,BalancedZippel
fire7_graph5_rank0207,Automatic,1,ok,316.532,25,2,1,0,0,2305843009213693967:22;2305843009213693973:3,Symbolica_default,cached_powers_Q,6,6,0.630,BalancedZippel
fire7_graph5_rank0208,Automatic,1,ok,518.182,29,2,1,0,0,2305843009213693967:26;2305843009213693973:3,Symbolica_default,cached_powers_Q,6,8,0.633,BalancedZippel
fire7_graph5_rank0209,Automatic,1,ok,373.972,24,2,1,0,0,2305843009213693967:21;2305843009213693973:3,Symbolica_default,cached_powers_Q,4,6,0.531,BalancedZippel
fire7_graph5_rank0210,Automatic,1,ok,181.731,25,2,1,0,0,2305843009213693967:22;2305843009213693973:3,Symbolica_default,cached_powers_Q,4,6,0.322,BalancedZippel
fire7_graph5_rank0211,Automatic,1,ok,274.801,26,2,1,0,0,2305843009213693967:23;2305843009213693973:3,Symbolica_default,cached_powers_Q,6,6,0.340,BalancedZippel
fire7_graph5_rank0212,Automatic,1,ok,468.093,26,2,1,0,0,2305843009213693967:23;2305843009213693973:3,Symbolica_default,cached_powers_Q,6,6,0.652,BalancedZippel
fire7_graph5_rank0213,Automatic,1,ok,225.371,25,2,1,0,0,2305843009213693967:22;2305843009213693973:3,Symbolica_default,cached_powers_Q,8,4,0.306,BalancedZippel
fire7_graph5_rank0214,Automatic,1,ok,250.921,24,2,1,0,0,2305843009213693967:21;2305843009213693973:3,Symbolica_default,cached_powers_Q,4,6,0.369,BalancedZippel
fire7_graph5_rank0215,Automatic,1,ok,312.292,28,2,1,0,0,2305843009213693967:25;2305843009213693973:3,Symbolica_default,cached_powers_Q,6,8,0.421,BalancedZippel
fire7_graph5_rank0216,Automatic,1,ok,292.151,29,2,1,0,0,2305843009213693967:26;2305843009213693973:3,Symbolica_default,cached_powers_Q,5,8,0.414,BalancedZippel
fire7_graph5_rank0217,Automatic,1,ok,478.742,29,2,1,0,0,2305843009213693967:26;2305843009213693973:3,Symbolica_default,cached_powers_Q,5,8,0.605,BalancedZippel
fire7_graph5_rank0218,Automatic,1,ok,404.042,25,2,1,0,0,2305843009213693967:22;2305843009213693973:3,Symbolica_default,cached_powers_Q,7,4,0.339,BalancedZippel
fire7_graph5_rank0219,Automatic,1,ok,180.901,25,2,1,0,0,2305843009213693967:22;2305843009213693973:3,Symbolica_default,cached_powers_Q,8,4,0.288,BalancedZippel
fire7_graph5_rank0220,Automatic,1,ok,235.641,26,2,1,0,0,2305843009213693967:23;2305843009213693973:3,Symbolica_default,cached_powers_Q,3,8,0.373,BalancedZippel
fire7_graph5_rank0221,Automatic,1,ok,458.142,25,2,1,0,0,2305843009213693967:22;2305843009213693973:3,Symbolica_default,cached_powers_Q,8,4,0.550,BalancedZippel
fire7_graph5_rank0222,Automatic,1,ok,394.422,25,2,1,0,0,2305843009213693967:22;2305843009213693973:3,Symbolica_default,cached_powers_Q,8,4,0.508,BalancedZippel
fire7_graph5_rank0223,Automatic,1,ok,249.101,25,2,1,0,0,2305843009213693967:22;2305843009213693973:3,Symbolica_default,cached_powers_Q,8,4,0.361,BalancedZippel
fire7_graph5_rank0224,Automatic,1,ok,483.832,25,2,1,0,0,2305843009213693967:22;2305843009213693973:3,Symbolica_default,cached_powers_Q,6,6,0.403,BalancedZippel
fire7_graph5_rank0225,Automatic,1,ok,290.391,24,2,1,0,0,2305843009213693967:21;2305843009213693973:3,Symbolica_default,cached_powers_Q,6,4,0.614,BalancedZippel
fire7_graph5_rank0226,Automatic,1,ok,241.001,24,2,1,0,0,2305843009213693967:21;2305843009213693973:3,Symbolica_default,cached_powers_Q,5,4,0.643,BalancedZippel
fire7_graph5_rank0227,Automatic,1,ok,358.461,25,2,1,0,0,2305843009213693967:22;2305843009213693973:3,Symbolica_default,cached_powers_Q,7,4,0.504,BalancedZippel
fire7_graph5_rank0228,Automatic,1,ok,213.831,27,2,1,0,0,2305843009213693967:24;2305843009213693973:3,Symbolica_default,cached_powers_Q,6,4,0.311,BalancedZippel
fire7_graph5_rank0229,Automatic,1,ok,521.752,27,2,1,0,0,2305843009213693967:24;2305843009213693973:3,Symbolica_default,cached_powers_Q,6,4,0.392,BalancedZippel
fire7_graph5_rank0230,Automatic,1,ok,305.361,25,2,1,0,0,2305843009213693967:22;2305843009213693973:3,Symbolica_default,cached_powers_Q,6,6,0.366,BalancedZippel
fire7_graph5_rank0231,Automatic,1,ok,459.172,26,2,1,0,0,2305843009213693967:23;2305843009213693973:3,Symbolica_default,cached_powers_Q,5,6,0.413,BalancedZippel
fire7_graph5_rank0232,Automatic,1,ok,243.601,27,2,1,0,0,2305843009213693967:24;2305843009213693973:3,Symbolica_default,cached_powers_Q,7,4,0.349,BalancedZippel
fire7_graph5_rank0233,Automatic,1,ok,464.732,25,2,1,0,0,2305843009213693967:22;2305843009213693973:3,Symbolica_default,cached_powers_Q,8,4,0.363,BalancedZippel
fire7_graph5_rank0234,Automatic,1,ok,289.581,25,2,1,0,0,2305843009213693967:22;2305843009213693973:3,Symbolica_default,cached_powers_Q,6,6,0.395,BalancedZippel
fire7_graph5_rank0235,Automatic,1,ok,496.662,24,2,1,0,0,2305843009213693967:21;2305843009213693973:3,Symbolica_default,cached_powers_Q,4,6,0.364,BalancedZippel
fire7_graph5_rank0236,Automatic,1,ok,245.501,30,2,1,0,0,2305843009213693967:27;2305843009213693973:3,Symbolica_default,cached_powers_Q,6,3,0.406,BalancedZippel
fire7_graph5_rank0237,Automatic,1,ok,260.001,26,2,1,0,0,2305843009213693967:23;2305843009213693973:3,Symbolica_default,cached_powers_Q,5,6,0.333,BalancedZippel
fire7_graph5_rank0238,Automatic,1,ok,239.041,25,2,1,0,0,2305843009213693967:22;2305843009213693973:3,Symbolica_default,cached_powers_Q,8,4,0.502,BalancedZippel
fire7_graph5_rank0239,Automatic,1,ok,215.461,28,2,1,0,0,2305843009213693967:25;2305843009213693973:3,Symbolica_default,cached_powers_Q,6,5,0.301,BalancedZippel
fire7_graph5_rank0240,Automatic,1,ok,212.631,27,2,1,0,0,2305843009213693967:24;2305843009213693973:3,Symbolica_default,cached_powers_Q,7,5,0.489,BalancedZippel
fire7_graph5_rank0241,Automatic,1,ok,419.951,27,2,1,0,0,2305843009213693967:24;2305843009213693973:3,Symbolica_default,cached_powers_Q,6,6,0.484,BalancedZippel
fire7_graph5_rank0242,Automatic,1,ok,169.900,23,2,1,0,0,2305843009213693967:20;2305843009213693973:3,Symbolica_default,cached_powers_Q,3,6,0.429,BalancedZippel
fire7_graph5_rank0243,Automatic,1,ok,228.231,25,2,1,0,0,2305843009213693967:22;2305843009213693973:3,Symbolica_default,cached_powers_Q,6,6,0.305,BalancedZippel
fire7_graph5_rank0244,Automatic,1,ok,521.653,27,2,1,0,0,2305843009213693967:24;2305843009213693973:3,Symbolica_default,cached_powers_Q,7,4,0.369,BalancedZippel
fire7_graph5_rank0245,Automatic,1,ok,270.582,30,2,1,0,0,2305843009213693967:27;2305843009213693973:3,Symbolica_default,cached_powers_Q,8,3,0.389,BalancedZippel
fire7_graph5_rank0246,Automatic,1,ok,501.242,27,2,1,0,0,2305843009213693967:24;2305843009213693973:3,Symbolica_default,cached_powers_Q,5,6,0.419,BalancedZippel
fire7_graph5_rank0247,Automatic,1,ok,276.192,25,2,1,0,0,2305843009213693967:22;2305843009213693973:3,Symbolica_default,cached_powers_Q,6,6,0.387,BalancedZippel
fire7_graph5_rank0248,Automatic,1,ok,240.461,25,2,1,0,0,2305843009213693967:22;2305843009213693973:3,Symbolica_default,cached_powers_Q,6,4,0.641,BalancedZippel
fire7_graph5_rank0249,Automatic,1,ok,243.302,24,2,1,0,0,2305843009213693967:21;2305843009213693973:3,Symbolica_default,cached_powers_Q,4,6,0.632,BalancedZippel
fire7_graph5_rank0250,Automatic,1,ok,326.751,25,2,1,0,0,2305843009213693967:22;2305843009213693973:3,Symbolica_default,cached_powers_Q,4,6,0.566,BalancedZippel
fire7_graph5_rank0251,Automatic,1,ok,261.621,24,2,1,0,0,2305843009213693967:21;2305843009213693973:3,Symbolica_default,cached_powers_Q,4,6,0.367,BalancedZippel
fire7_graph5_rank0252,Automatic,1,ok,253.292,25,2,1,0,0,2305843009213693967:22;2305843009213693973:3,Symbolica_default,cached_powers_Q,7,4,0.366,BalancedZippel
fire7_graph5_rank0253,Automatic,1,ok,216.731,26,2,1,0,0,2305843009213693967:23;2305843009213693973:3,Symbolica_default,cached_powers_Q,6,6,0.260,BalancedZippel
fire7_graph5_rank0254,Automatic,1,ok,386.861,23,2,1,0,0,2305843009213693967:20;2305843009213693973:3,Symbolica_default,cached_powers_Q,3,6,0.417,BalancedZippel
fire7_graph5_rank0255,Automatic,1,ok,381.312,26,2,1,0,0,2305843009213693967:23;2305843009213693973:3,Symbolica_default,cached_powers_Q,6,4,0.424,BalancedZippel
fire7_graph5_rank0256,Automatic,1,ok,170.950,20,2,1,0,0,2305843009213693967:17;2305843009213693973:3,Symbolica_default,cached_powers_Q,5,4,0.308,BalancedZippel
fire7_graph5_rank0257,Automatic,1,ok,220.021,26,2,1,0,0,2305843009213693967:23;2305843009213693973:3,Symbolica_default,cached_powers_Q,6,5,0.282,BalancedZippel
fire7_graph5_rank0258,Automatic,1,ok,384.752,25,2,1,0,0,2305843009213693967:22;2305843009213693973:3,Symbolica_default,cached_powers_Q,7,4,0.447,BalancedZippel
fire7_graph5_rank0259,Automatic,1,ok,209.691,20,2,1,0,0,2305843009213693967:17;2305843009213693973:3,Symbolica_default,cached_powers_Q,4,4,0.379,BalancedZippel
fire7_graph5_rank0260,Automatic,1,ok,252.021,26,2,1,0,0,2305843009213693967:23;2305843009213693973:3,Symbolica_default,cached_powers_Q,6,4,0.419,BalancedZippel
fire7_graph5_rank0261,Automatic,1,ok,244.691,23,2,1,0,0,2305843009213693967:20;2305843009213693973:3,Symbolica_default,cached_powers_Q,3,6,0.547,BalancedZippel
fire7_graph5_rank0262,Automatic,1,ok,470.832,25,2,1,0,0,2305843009213693967:22;2305843009213693973:3,Symbolica_default,cached_powers_Q,6,6,0.334,BalancedZippel
fire7_graph5_rank0263,Automatic,1,ok,210.531,26,2,1,0,0,2305843009213693967:23;2305843009213693973:3,Symbolica_default,cached_powers_Q,6,4,0.303,BalancedZippel
fire7_graph5_rank0264,Automatic,1,ok,186.141,26,2,1,0,0,2305843009213693967:23;2305843009213693973:3,Symbolica_default,cached_powers_Q,6,4,0.409,BalancedZippel
fire7_graph5_rank0265,Automatic,1,ok,496.582,25,2,1,0,0,2305843009213693967:22;2305843009213693973:3,Symbolica_default,cached_powers_Q,6,4,0.330,BalancedZippel
fire7_graph5_rank0266,Automatic,1,ok,337.992,26,2,1,0,0,2305843009213693967:23;2305843009213693973:3,Symbolica_default,cached_powers_Q,6,5,0.551,BalancedZippel
fire7_graph5_rank0267,Automatic,1,ok,254.291,27,2,1,0,0,2305843009213693967:24;2305843009213693973:3,Symbolica_default,cached_powers_Q,7,4,0.634,BalancedZippel
fire7_graph5_rank0268,Automatic,1,ok,289.772,30,2,1,0,0,2305843009213693967:27;2305843009213693973:3,Symbolica_default,cached_powers_Q,7,4,0.383,BalancedZippel
fire7_graph5_rank0269,Automatic,1,ok,265.721,25,2,1,0,0,2305843009213693967:22;2305843009213693973:3,Symbolica_default,cached_powers_Q,7,4,0.584,BalancedZippel
fire7_graph5_rank0270,Automatic,1,ok,245.061,23,2,1,0,0,2305843009213693967:20;2305843009213693973:3,Symbolica_default,cached_powers_Q,6,4,0.376,BalancedZippel
fire7_graph5_rank0271,Automatic,1,ok,251.771,23,2,1,0,0,2305843009213693967:20;2305843009213693973:3,Symbolica_default,cached_powers_Q,6,4,0.415,BalancedZippel
fire7_graph5_rank0272,Automatic,1,ok,503.572,25,2,1,0,0,2305843009213693967:22;2305843009213693973:3,Symbolica_default,cached_powers_Q,6,6,0.570,BalancedZippel
fire7_graph5_rank0273,Automatic,1,ok,224.372,28,2,1,0,0,2305843009213693967:25;2305843009213693973:3,Symbolica_default,cached_powers_Q,6,5,0.287,BalancedZippel
fire7_graph5_rank0274,Automatic,1,ok,396.412,36,2,1,0,0,2305843009213693967:33;2305843009213693973:3,Symbolica_default,cached_powers_Q,7,3,0.442,BalancedZippel
fire7_graph5_rank0275,Automatic,1,ok,385.272,28,2,1,0,0,2305843009213693967:25;2305843009213693973:3,Symbolica_default,cached_powers_Q,5,8,0.562,BalancedZippel
fire7_graph5_rank0276,Automatic,1,ok,314.672,20,2,1,0,0,2305843009213693967:17;2305843009213693973:3,Symbolica_default,cached_powers_Q,4,4,0.466,BalancedZippel
fire7_graph5_rank0277,Automatic,1,ok,181.411,21,2,1,0,0,2305843009213693967:18;2305843009213693973:3,Symbolica_default,cached_powers_Q,4,4,0.355,BalancedZippel
fire7_graph5_rank0278,Automatic,1,ok,197.411,23,2,1,0,0,2305843009213693967:20;2305843009213693973:3,Symbolica_default,cached_powers_Q,3,6,0.284,BalancedZippel
fire7_graph5_rank0279,Automatic,1,ok,384.551,28,2,1,0,0,2305843009213693967:25;2305843009213693973:3,Symbolica_default,cached_powers_Q,6,5,0.238,BalancedZippel
fire7_graph5_rank0280,Automatic,1,ok,506.973,26,2,1,0,0,2305843009213693967:23;2305843009213693973:3,Symbolica_default,cached_powers_Q,3,8,0.409,BalancedZippel
fire7_graph5_rank0281,Automatic,1,ok,251.001,26,2,1,0,0,2305843009213693967:23;2305843009213693973:3,Symbolica_default,cached_powers_Q,3,8,0.395,BalancedZippel
fire7_graph5_rank0282,Automatic,1,ok,438.653,23,2,1,0,0,2305843009213693967:20;2305843009213693973:3,Symbolica_default,cached_powers_Q,3,6,0.385,BalancedZippel
fire7_graph5_rank0283,Automatic,1,ok,245.231,24,2,1,0,0,2305843009213693967:21;2305843009213693973:3,Symbolica_default,cached_powers_Q,7,3,0.611,BalancedZippel
fire7_graph5_rank0284,Automatic,1,ok,254.861,25,2,1,0,0,2305843009213693967:22;2305843009213693973:3,Symbolica_default,cached_powers_Q,7,4,0.363,BalancedZippel
fire7_graph5_rank0285,Automatic,1,ok,234.531,20,2,1,0,0,2305843009213693967:17;2305843009213693973:3,Symbolica_default,cached_powers_Q,4,4,0.593,BalancedZippel
fire7_graph5_rank0286,Automatic,1,ok,282.821,23,2,1,0,0,2305843009213693967:20;2305843009213693973:3,Symbolica_default,cached_powers_Q,6,4,0.608,BalancedZippel
fire7_graph5_rank0287,Automatic,1,ok,283.621,23,2,1,0,0,2305843009213693967:20;2305843009213693973:3,Symbolica_default,cached_powers_Q,6,4,0.382,BalancedZippel
fire7_graph5_rank0288,Automatic,1,ok,227.551,21,2,1,0,0,2305843009213693967:18;2305843009213693973:3,Symbolica_default,cached_powers_Q,4,4,0.612,BalancedZippel
fire7_graph5_rank0289,Automatic,1,ok,283.451,23,2,1,0,0,2305843009213693967:20;2305843009213693973:3,Symbolica_default,cached_powers_Q,6,4,0.599,BalancedZippel
fire7_graph5_rank0290,Automatic,1,ok,257.441,23,2,1,0,0,2305843009213693967:20;2305843009213693973:3,Symbolica_default,cached_powers_Q,3,6,0.323,BalancedZippel
fire7_graph5_rank0291,Automatic,1,ok,259.561,26,2,1,0,0,2305843009213693967:23;2305843009213693973:3,Symbolica_default,cached_powers_Q,4,8,0.386,BalancedZippel
fire7_graph5_rank0292,Automatic,1,ok,297.982,21,2,1,0,0,2305843009213693967:18;2305843009213693973:3,Symbolica_default,cached_powers_Q,4,4,0.650,BalancedZippel
fire7_graph5_rank0293,Automatic,1,ok,467.272,20,2,1,0,0,2305843009213693967:17;2305843009213693973:3,Symbolica_default,cached_powers_Q,2,4,0.444,BalancedZippel
fire7_graph5_rank0294,Automatic,1,ok,277.001,26,2,1,0,0,2305843009213693967:23;2305843009213693973:3,Symbolica_default,cached_powers_Q,4,8,0.683,BalancedZippel
fire7_graph5_rank0295,Automatic,1,ok,357.142,28,2,1,0,0,2305843009213693967:25;2305843009213693973:3,Symbolica_default,cached_powers_Q,6,8,0.409,BalancedZippel
fire7_graph5_rank0296,Automatic,1,ok,289.581,24,2,1,0,0,2305843009213693967:21;2305843009213693973:3,Symbolica_default,cached_powers_Q,4,6,0.434,BalancedZippel
fire7_graph5_rank0297,Automatic,1,ok,247.261,24,2,1,0,0,2305843009213693967:21;2305843009213693973:3,Symbolica_default,cached_powers_Q,6,4,0.366,BalancedZippel
fire7_graph5_rank0298,Automatic,1,ok,235.811,24,2,1,0,0,2305843009213693967:21;2305843009213693973:3,Symbolica_default,cached_powers_Q,5,4,0.683,BalancedZippel
fire7_graph5_rank0299,Automatic,1,ok,266.521,26,2,1,0,0,2305843009213693967:23;2305843009213693973:3,Symbolica_default,cached_powers_Q,6,3,0.345,BalancedZippel
fire7_graph5_rank0300,Automatic,1,ok,450.222,24,2,1,0,0,2305843009213693967:21;2305843009213693973:3,Symbolica_default,cached_powers_Q,4,6,0.539,BalancedZippel
fire7_graph5_rank0301,Automatic,1,ok,373.722,23,2,1,0,0,2305843009213693967:20;2305843009213693973:3,Symbolica_default,cached_powers_Q,2,6,0.525,BalancedZippel
fire7_graph5_rank0302,Automatic,1,ok,243.172,26,2,1,0,0,2305843009213693967:23;2305843009213693973:3,Symbolica_default,cached_powers_Q,5,6,0.342,BalancedZippel
fire7_graph5_rank0303,Automatic,1,ok,175.380,26,2,1,0,0,2305843009213693967:23;2305843009213693973:3,Symbolica_default,cached_powers_Q,5,3,0.334,BalancedZippel
fire7_graph5_rank0304,Automatic,1,ok,220.632,26,2,1,0,0,2305843009213693967:23;2305843009213693973:3,Symbolica_default,cached_powers_Q,6,4,0.251,BalancedZippel
fire7_graph5_rank0305,Automatic,1,ok,162.061,23,2,1,0,0,2305843009213693967:20;2305843009213693973:3,Symbolica_default,cached_powers_Q,4,3,0.328,BalancedZippel
fire7_graph5_rank0306,Automatic,1,ok,260.371,28,2,1,0,0,2305843009213693967:25;2305843009213693973:3,Symbolica_default,cached_powers_Q,6,8,0.289,BalancedZippel
fire7_graph5_rank0307,Automatic,1,ok,373.822,23,2,1,0,0,2305843009213693967:20;2305843009213693973:3,Symbolica_default,cached_powers_Q,3,6,0.319,BalancedZippel
fire7_graph5_rank0308,Automatic,1,ok,222.271,23,2,1,0,0,2305843009213693967:20;2305843009213693973:3,Symbolica_default,cached_powers_Q,3,6,0.399,BalancedZippel
fire7_graph5_rank0309,Automatic,1,ok,481.312,27,2,1,0,0,2305843009213693967:24;2305843009213693973:3,Symbolica_default,cached_powers_Q,6,6,0.593,BalancedZippel
fire7_graph5_rank0310,Automatic,1,ok,492.922,26,2,1,0,0,2305843009213693967:23;2305843009213693973:3,Symbolica_default,cached_powers_Q,5,6,0.395,BalancedZippel
fire7_graph5_rank0311,Automatic,1,ok,317.391,26,2,1,0,0,2305843009213693967:23;2305843009213693973:3,Symbolica_default,cached_powers_Q,5,6,0.487,BalancedZippel
fire7_graph5_rank0312,Automatic,1,ok,191.361,23,2,1,0,0,2305843009213693967:20;2305843009213693973:3,Symbolica_default,cached_powers_Q,3,6,0.315,BalancedZippel
fire7_graph5_rank0313,Automatic,1,ok,386.511,26,2,1,0,0,2305843009213693967:23;2305843009213693973:3,Symbolica_default,cached_powers_Q,6,5,0.282,BalancedZippel
fire7_graph5_rank0314,Automatic,1,ok,445.952,28,2,1,0,0,2305843009213693967:25;2305843009213693973:3,Symbolica_default,cached_powers_Q,6,5,0.377,BalancedZippel
fire7_graph5_rank0315,Automatic,1,ok,497.312,24,2,1,0,0,2305843009213693967:21;2305843009213693973:3,Symbolica_default,cached_powers_Q,6,4,0.372,BalancedZippel
fire7_graph5_rank0316,Automatic,1,ok,772.984,18,2,1,0,0,2305843009213693967:15;2305843009213693973:3,Symbolica_default,cached_powers_Q,3,3,0.447,BalancedZippel
fire7_graph5_rank0317,Automatic,1,ok,249.702,24,2,1,0,0,2305843009213693967:21;2305843009213693973:3,Symbolica_default,cached_powers_Q,6,4,0.354,BalancedZippel
fire7_graph5_rank0318,Automatic,1,ok,303.252,23,2,1,0,0,2305843009213693967:20;2305843009213693973:3,Symbolica_default,cached_powers_Q,6,4,0.628,BalancedZippel
fire7_graph5_rank0319,Automatic,1,ok,295.112,21,2,1,0,0,2305843009213693967:18;2305843009213693973:3,Symbolica_default,cached_powers_Q,4,4,0.561,BalancedZippel
fire7_graph5_rank0320,Automatic,1,ok,280.431,25,2,1,0,0,2305843009213693967:22;2305843009213693973:3,Symbolica_default,cached_powers_Q,6,6,0.418,BalancedZippel
fire7_graph5_rank0321,Automatic,1,ok,514.023,26,2,1,0,0,2305843009213693967:23;2305843009213693973:3,Symbolica_default,cached_powers_Q,5,6,0.364,BalancedZippel
fire7_graph5_rank0322,Automatic,1,ok,285.032,26,2,1,0,0,2305843009213693967:23;2305843009213693973:3,Symbolica_default,cached_powers_Q,5,6,0.638,BalancedZippel
fire7_graph5_rank0323,Automatic,1,ok,272.511,26,2,1,0,0,2305843009213693967:23;2305843009213693973:3,Symbolica_default,cached_powers_Q,4,6,0.350,BalancedZippel
fire7_graph5_rank0324,Automatic,1,ok,469.883,19,2,1,0,0,2305843009213693967:16;2305843009213693973:3,Symbolica_default,cached_powers_Q,4,3,0.352,BalancedZippel
fire7_graph5_rank0325,Automatic,1,ok,282.081,23,2,1,0,0,2305843009213693967:20;2305843009213693973:3,Symbolica_default,cached_powers_Q,6,4,0.382,BalancedZippel
fire7_graph5_rank0326,Automatic,1,ok,207.261,20,2,1,0,0,2305843009213693967:17;2305843009213693973:3,Symbolica_default,cached_powers_Q,4,4,0.461,BalancedZippel
fire7_graph5_rank0327,Automatic,1,ok,213.192,26,2,1,0,0,2305843009213693967:23;2305843009213693973:3,Symbolica_default,cached_powers_Q,3,8,0.341,BalancedZippel
fire7_graph5_rank0328,Automatic,1,ok,207.771,24,2,1,0,0,2305843009213693967:21;2305843009213693973:3,Symbolica_default,cached_powers_Q,4,6,0.249,BalancedZippel
fire7_graph5_rank0329,Automatic,1,ok,368.602,25,2,1,0,0,2305843009213693967:22;2305843009213693973:3,Symbolica_default,cached_powers_Q,6,6,0.271,BalancedZippel
fire7_graph5_rank0330,Automatic,1,ok,247.261,25,2,1,0,0,2305843009213693967:22;2305843009213693973:3,Symbolica_default,cached_powers_Q,6,6,0.281,BalancedZippel
fire7_graph5_rank0331,Automatic,1,ok,170.221,19,2,1,0,0,2305843009213693967:16;2305843009213693973:3,Symbolica_default,cached_powers_Q,4,4,0.419,BalancedZippel
fire7_graph5_rank0332,Automatic,1,ok,210.431,24,2,1,0,0,2305843009213693967:21;2305843009213693973:3,Symbolica_default,cached_powers_Q,4,6,0.468,BalancedZippel
fire7_graph5_rank0333,Automatic,1,ok,411.262,28,2,1,0,0,2305843009213693967:25;2305843009213693973:3,Symbolica_default,cached_powers_Q,7,3,0.275,BalancedZippel
fire7_graph5_rank0334,Automatic,1,ok,438.202,25,2,1,0,0,2305843009213693967:22;2305843009213693973:3,Symbolica_default,cached_powers_Q,6,6,0.321,BalancedZippel
fire7_graph5_rank0335,Automatic,1,ok,223.271,26,2,1,0,0,2305843009213693967:23;2305843009213693973:3,Symbolica_default,cached_powers_Q,5,2,0.436,BalancedZippel
fire7_graph5_rank0336,Automatic,1,ok,447.942,23,2,1,0,0,2305843009213693967:20;2305843009213693973:3,Symbolica_default,cached_powers_Q,2,6,0.599,BalancedZippel
fire7_graph5_rank0337,Automatic,1,ok,457.293,26,2,1,0,0,2305843009213693967:23;2305843009213693973:3,Symbolica_default,cached_powers_Q,4,8,0.578,BalancedZippel
fire7_graph5_rank0338,Automatic,1,ok,265.621,36,2,1,0,0,2305843009213693967:33;2305843009213693973:3,Symbolica_default,cached_powers_Q,7,3,0.322,BalancedZippel
fire7_graph5_rank0339,Automatic,1,ok,315.421,24,2,1,0,0,2305843009213693967:21;2305843009213693973:3,Symbolica_default,cached_powers_Q,6,4,0.562,BalancedZippel
fire7_graph5_rank0340,Automatic,1,ok,212.092,18,2,1,0,0,2305843009213693967:15;2305843009213693973:3,Symbolica_default,cached_powers_Q,3,3,0.409,BalancedZippel
fire7_graph5_rank0341,Automatic,1,ok,389.952,24,2,1,0,0,2305843009213693967:21;2305843009213693973:3,Symbolica_default,cached_powers_Q,2,4,0.390,BalancedZippel
fire7_graph5_rank0342,Automatic,1,ok,419.822,21,2,1,0,0,2305843009213693967:18;2305843009213693973:3,Symbolica_default,cached_powers_Q,4,4,0.422,BalancedZippel
fire7_graph5_rank0343,Automatic,1,ok,217.481,21,2,1,0,0,2305843009213693967:18;2305843009213693973:3,Symbolica_default,cached_powers_Q,3,4,0.381,BalancedZippel
fire7_graph5_rank0344,Automatic,1,ok,187.961,20,2,1,0,0,2305843009213693967:17;2305843009213693973:3,Symbolica_default,cached_powers_Q,5,4,0.434,BalancedZippel
fire7_graph5_rank0345,Automatic,1,ok,321.592,19,2,1,0,0,2305843009213693967:16;2305843009213693973:3,Symbolica_default,cached_powers_Q,4,4,0.289,BalancedZippel
fire7_graph5_rank0346,Automatic,1,ok,161.551,21,2,1,0,0,2305843009213693967:18;2305843009213693973:3,Symbolica_default,cached_powers_Q,4,2,0.335,BalancedZippel
fire7_graph5_rank0347,Automatic,1,ok,174.341,23,2,1,0,0,2305843009213693967:20;2305843009213693973:3,Symbolica_default,cached_powers_Q,4,3,0.315,BalancedZippel
fire7_graph5_rank0348,Automatic,1,ok,342.031,21,2,1,0,0,2305843009213693967:18;2305843009213693973:3,Symbolica_default,cached_powers_Q,4,3,0.475,BalancedZippel
fire7_graph5_rank0349,Automatic,1,ok,340.542,24,2,1,0,0,2305843009213693967:21;2305843009213693973:3,Symbolica_default,cached_powers_Q,6,4,0.288,BalancedZippel
fire7_graph5_rank0350,Automatic,1,ok,177.211,21,2,1,0,0,2305843009213693967:18;2305843009213693973:3,Symbolica_default,cached_powers_Q,4,4,0.330,BalancedZippel
fire7_graph5_rank0351,Automatic,1,ok,206.111,20,2,1,0,0,2305843009213693967:17;2305843009213693973:3,Symbolica_default,cached_powers_Q,4,4,0.309,BalancedZippel
fire7_graph5_rank0352,Automatic,1,ok,220.871,28,2,1,0,0,2305843009213693967:25;2305843009213693973:3,Symbolica_default,cached_powers_Q,5,3,0.477,BalancedZippel
fire7_graph5_rank0353,Automatic,1,ok,211.861,20,2,1,0,0,2305843009213693967:17;2305843009213693973:3,Symbolica_default,cached_powers_Q,5,4,0.328,BalancedZippel
fire7_graph5_rank0354,Automatic,1,ok,216.431,21,2,1,0,0,2305843009213693967:18;2305843009213693973:3,Symbolica_default,cached_powers_Q,3,4,0.405,BalancedZippel
fire7_graph5_rank0355,Automatic,1,ok,242.081,22,2,1,0,0,2305843009213693967:19;2305843009213693973:3,Symbolica_default,cached_powers_Q,6,3,0.540,BalancedZippel
fire7_graph5_rank0356,Automatic,1,ok,195.151,21,2,1,0,0,2305843009213693967:18;2305843009213693973:3,Symbolica_default,cached_powers_Q,4,3,0.616,BalancedZippel
fire7_graph5_rank0357,Automatic,1,ok,259.551,22,2,1,0,0,2305843009213693967:19;2305843009213693973:3,Symbolica_default,cached_powers_Q,5,3,0.623,BalancedZippel
fire7_graph5_rank0358,Automatic,1,ok,325.991,24,2,1,0,0,2305843009213693967:21;2305843009213693973:3,Symbolica_default,cached_powers_Q,5,4,0.500,BalancedZippel
fire7_graph5_rank0359,Automatic,1,ok,247.441,24,2,1,0,0,2305843009213693967:21;2305843009213693973:3,Symbolica_default,cached_powers_Q,6,4,0.611,BalancedZippel
fire7_graph5_rank0360,Automatic,1,ok,207.331,19,2,1,0,0,2305843009213693967:16;2305843009213693973:3,Symbolica_default,cached_powers_Q,4,3,0.335,BalancedZippel
fire7_graph5_rank0361,Automatic,1,ok,232.991,24,2,1,0,0,2305843009213693967:21;2305843009213693973:3,Symbolica_default,cached_powers_Q,4,4,0.434,BalancedZippel
fire7_graph5_rank0362,Automatic,1,ok,224.081,22,2,1,0,0,2305843009213693967:19;2305843009213693973:3,Symbolica_default,cached_powers_Q,6,3,0.280,BalancedZippel
fire7_graph5_rank0363,Automatic,1,ok,234.831,22,2,1,0,0,2305843009213693967:19;2305843009213693973:3,Symbolica_default,cached_powers_Q,6,3,0.481,BalancedZippel
fire7_graph5_rank0364,Automatic,1,ok,261.281,24,2,1,0,0,2305843009213693967:21;2305843009213693973:3,Symbolica_default,cached_powers_Q,4,4,0.387,BalancedZippel
fire7_graph5_rank0365,Automatic,1,ok,195.861,20,2,1,0,0,2305843009213693967:17;2305843009213693973:3,Symbolica_default,cached_powers_Q,3,4,0.344,BalancedZippel
fire7_graph5_rank0366,Automatic,1,ok,440.212,24,2,1,0,0,2305843009213693967:21;2305843009213693973:3,Symbolica_default,cached_powers_Q,5,3,0.297,BalancedZippel
fire7_graph5_rank0367,Automatic,1,ok,229.210,24,2,1,0,0,2305843009213693967:21;2305843009213693973:3,Symbolica_default,cached_powers_Q,5,3,0.310,BalancedZippel
fire7_graph5_rank0368,Automatic,1,ok,169.511,18,2,1,0,0,2305843009213693967:15;2305843009213693973:3,Symbolica_default,cached_powers_Q,3,3,0.340,BalancedZippel
fire7_graph5_rank0369,Automatic,1,ok,218.261,24,2,1,0,0,2305843009213693967:21;2305843009213693973:3,Symbolica_default,cached_powers_Q,4,6,0.325,BalancedZippel
fire7_graph5_rank0370,Automatic,1,ok,166.330,23,2,1,0,0,2305843009213693967:20;2305843009213693973:3,Symbolica_default,cached_powers_Q,2,6,0.469,BalancedZippel
fire7_graph5_rank0371,Automatic,1,ok,188.021,24,2,1,0,0,2305843009213693967:21;2305843009213693973:3,Symbolica_default,cached_powers_Q,4,4,0.297,BalancedZippel
fire7_graph5_rank0372,Automatic,1,ok,237.571,23,2,1,0,0,2305843009213693967:20;2305843009213693973:3,Symbolica_default,cached_powers_Q,3,6,0.349,BalancedZippel
fire7_graph5_rank0373,Automatic,1,ok,442.752,24,2,1,0,0,2305843009213693967:21;2305843009213693973:3,Symbolica_default,cached_powers_Q,5,3,0.537,BalancedZippel
fire7_graph5_rank0374,Automatic,1,ok,254.051,24,2,1,0,0,2305843009213693967:21;2305843009213693973:3,Symbolica_default,cached_powers_Q,5,4,0.346,BalancedZippel
fire7_graph5_rank0375,Automatic,1,ok,248.371,22,2,1,0,0,2305843009213693967:19;2305843009213693973:3,Symbolica_default,cached_powers_Q,5,3,0.544,BalancedZippel
fire7_graph5_rank0376,Automatic,1,ok,225.661,23,2,1,0,0,2305843009213693967:20;2305843009213693973:3,Symbolica_default,cached_powers_Q,2,6,0.577,BalancedZippel
fire7_graph5_rank0377,Automatic,1,ok,244.221,22,2,1,0,0,2305843009213693967:19;2305843009213693973:3,Symbolica_default,cached_powers_Q,4,4,0.373,BalancedZippel
fire7_graph5_rank0378,Automatic,1,ok,239.211,25,2,1,0,0,2305843009213693967:22;2305843009213693973:3,Symbolica_default,cached_powers_Q,4,6,0.563,BalancedZippel
fire7_graph5_rank0379,Automatic,1,ok,271.451,21,2,1,0,0,2305843009213693967:18;2305843009213693973:3,Symbolica_default,cached_powers_Q,2,4,0.632,BalancedZippel
fire7_graph5_rank0380,Automatic,1,ok,387.012,21,2,1,0,0,2305843009213693967:18;2305843009213693973:3,Symbolica_default,cached_powers_Q,3,4,0.345,BalancedZippel
fire7_graph5_rank0381,Automatic,1,ok,503.103,24,2,1,0,0,2305843009213693967:21;2305843009213693973:3,Symbolica_default,cached_powers_Q,5,3,0.347,BalancedZippel
fire7_graph5_rank0382,Automatic,1,ok,205.361,20,2,1,0,0,2305843009213693967:17;2305843009213693973:3,Symbolica_default,cached_powers_Q,2,4,0.647,BalancedZippel
fire7_graph5_rank0383,Automatic,1,ok,226.451,21,2,1,0,0,2305843009213693967:18;2305843009213693973:3,Symbolica_default,cached_powers_Q,3,4,0.349,BalancedZippel
fire7_graph5_rank0384,Automatic,1,ok,212.871,21,2,1,0,0,2305843009213693967:18;2305843009213693973:3,Symbolica_default,cached_powers_Q,3,4,0.626,BalancedZippel
fire7_graph5_rank0385,Automatic,1,ok,195.441,18,2,1,0,0,2305843009213693967:15;2305843009213693973:3,Symbolica_default,cached_powers_Q,3,3,0.383,BalancedZippel
fire7_graph5_rank0386,Automatic,1,ok,241.641,22,2,1,0,0,2305843009213693967:19;2305843009213693973:3,Symbolica_default,cached_powers_Q,6,3,0.378,BalancedZippel
fire7_graph5_rank0387,Automatic,1,ok,238.321,24,2,1,0,0,2305843009213693967:21;2305843009213693973:3,Symbolica_default,cached_powers_Q,5,3,0.574,BalancedZippel
fire7_graph5_rank0388,Automatic,1,ok,176.331,20,2,1,0,0,2305843009213693967:17;2305843009213693973:3,Symbolica_default,cached_powers_Q,2,4,0.331,BalancedZippel
fire7_graph5_rank0389,Automatic,1,ok,400.282,24,2,1,0,0,2305843009213693967:21;2305843009213693973:3,Symbolica_default,cached_powers_Q,5,4,0.295,BalancedZippel
fire7_graph5_rank0390,Automatic,1,ok,150.170,22,2,1,0,0,2305843009213693967:19;2305843009213693973:3,Symbolica_default,cached_powers_Q,2,4,0.316,BalancedZippel
fire7_graph5_rank0391,Automatic,1,ok,210.081,21,2,1,0,0,2305843009213693967:18;2305843009213693973:3,Symbolica_default,cached_powers_Q,3,4,0.460,BalancedZippel
fire7_graph5_rank0392,Automatic,1,ok,158.881,21,2,1,0,0,2305843009213693967:18;2305843009213693973:3,Symbolica_default,cached_powers_Q,4,3,0.313,BalancedZippel
fire7_graph5_rank0393,Automatic,1,ok,173.921,23,2,1,0,0,2305843009213693967:20;2305843009213693973:3,Symbolica_default,cached_powers_Q,2,6,0.290,BalancedZippel
fire7_graph5_rank0394,Automatic,1,ok,250.391,23,2,1,0,0,2305843009213693967:20;2305843009213693973:3,Symbolica_default,cached_powers_Q,2,6,0.325,BalancedZippel
fire7_graph5_rank0395,Automatic,1,ok,450.942,22,2,1,0,0,2305843009213693967:19;2305843009213693973:3,Symbolica_default,cached_powers_Q,4,4,0.598,BalancedZippel
fire7_graph5_rank0396,Automatic,1,ok,417.182,23,2,1,0,0,2305843009213693967:20;2305843009213693973:3,Symbolica_default,cached_powers_Q,3,6,0.407,BalancedZippel
fire7_graph5_rank0397,Automatic,1,ok,473.972,23,2,1,0,0,2305843009213693967:20;2305843009213693973:3,Symbolica_default,cached_powers_Q,3,6,0.611,BalancedZippel
fire7_graph5_rank0398,Automatic,1,ok,248.361,23,2,1,0,0,2305843009213693967:20;2305843009213693973:3,Symbolica_default,cached_powers_Q,4,4,0.399,BalancedZippel
fire7_graph5_rank0399,Automatic,1,ok,230.891,19,2,1,0,0,2305843009213693967:16;2305843009213693973:3,Symbolica_default,cached_powers_Q,4,3,0.360,BalancedZippel
fire7_graph5_rank0400,Automatic,1,ok,513.243,23,2,1,0,0,2305843009213693967:20;2305843009213693973:3,Symbolica_default,cached_powers_Q,2,6,0.366,BalancedZippel
fire7_graph5_rank0401,Automatic,1,ok,456.632,21,2,1,0,0,2305843009213693967:18;2305843009213693973:3,Symbolica_default,cached_powers_Q,3,2,0.450,BalancedZippel
fire7_graph5_rank0402,Automatic,1,ok,282.242,28,2,1,0,0,2305843009213693967:25;2305843009213693973:3,Symbolica_default,cached_powers_Q,6,3,0.664,BalancedZippel
fire7_graph5_rank0403,Automatic,1,ok,256.011,21,2,1,0,0,2305843009213693967:18;2305843009213693973:3,Symbolica_default,cached_powers_Q,4,4,0.658,BalancedZippel
fire7_graph5_rank0404,Automatic,1,ok,236.051,21,2,1,0,0,2305843009213693967:18;2305843009213693973:3,Symbolica_default,cached_powers_Q,3,4,0.403,BalancedZippel
fire7_graph5_rank0405,Automatic,1,ok,262.071,23,2,1,0,0,2305843009213693967:20;2305843009213693973:3,Symbolica_default,cached_powers_Q,3,6,0.415,BalancedZippel
fire7_graph5_rank0406,Automatic,1,ok,295.112,25,2,1,0,0,2305843009213693967:22;2305843009213693973:3,Symbolica_default,cached_powers_Q,6,4,0.638,BalancedZippel
fire7_graph5_rank0407,Automatic,1,ok,278.011,26,2,1,0,0,2305843009213693967:23;2305843009213693973:3,Symbolica_default,cached_powers_Q,3,8,0.416,BalancedZippel
fire7_graph5_rank0408,Automatic,1,ok,461.863,24,2,1,0,0,2305843009213693967:21;2305843009213693973:3,Symbolica_default,cached_powers_Q,5,3,0.364,BalancedZippel
fire7_graph5_rank0409,Automatic,1,ok,269.292,22,2,1,0,0,2305843009213693967:19;2305843009213693973:3,Symbolica_default,cached_powers_Q,5,3,0.352,BalancedZippel
fire7_graph5_rank0410,Automatic,1,ok,215.921,19,2,1,0,0,2305843009213693967:16;2305843009213693973:3,Symbolica_default,cached_powers_Q,3,4,0.380,BalancedZippel
fire7_graph5_rank0411,Automatic,1,ok,502.623,22,2,1,0,0,2305843009213693967:19;2305843009213693973:3,Symbolica_default,cached_powers_Q,4,4,0.358,BalancedZippel
fire7_graph5_rank0412,Automatic,1,ok,305.602,21,2,1,0,0,2305843009213693967:18;2305843009213693973:3,Symbolica_default,cached_powers_Q,3,4,0.568,BalancedZippel
fire7_graph5_rank0413,Automatic,1,ok,268.011,28,2,1,0,0,2305843009213693967:25;2305843009213693973:3,Symbolica_default,cached_powers_Q,6,2,0.347,BalancedZippel
fire7_graph5_rank0414,Automatic,1,ok,233.451,20,2,1,0,0,2305843009213693967:17;2305843009213693973:3,Symbolica_default,cached_powers_Q,2,4,0.694,BalancedZippel
fire7_graph5_rank0415,Automatic,1,ok,227.081,20,2,1,0,0,2305843009213693967:17;2305843009213693973:3,Symbolica_default,cached_powers_Q,2,4,0.474,BalancedZippel
fire7_graph5_rank0416,Automatic,1,ok,248.131,23,2,1,0,0,2305843009213693967:20;2305843009213693973:3,Symbolica_default,cached_powers_Q,4,4,0.417,BalancedZippel
fire7_graph5_rank0417,Automatic,1,ok,234.801,18,2,1,0,0,2305843009213693967:15;2305843009213693973:3,Symbolica_default,cached_powers_Q,4,3,0.658,BalancedZippel
fire7_graph5_rank0418,Automatic,1,ok,553.983,22,2,1,0,0,2305843009213693967:19;2305843009213693973:3,Symbolica_default,cached_powers_Q,5,3,0.394,BalancedZippel
fire7_graph5_rank0419,Automatic,1,ok,442.782,23,2,1,0,0,2305843009213693967:20;2305843009213693973:3,Symbolica_default,cached_powers_Q,2,6,0.740,BalancedZippel
fire7_graph5_rank0420,Automatic,1,ok,469.483,19,2,1,0,0,2305843009213693967:16;2305843009213693973:3,Symbolica_default,cached_powers_Q,4,4,0.343,BalancedZippel
fire7_graph5_rank0421,Automatic,1,ok,505.303,21,2,1,0,0,2305843009213693967:18;2305843009213693973:3,Symbolica_default,cached_powers_Q,3,4,0.359,BalancedZippel
fire7_graph5_rank0422,Automatic,1,ok,283.212,20,2,1,0,0,2305843009213693967:17;2305843009213693973:3,Symbolica_default,cached_powers_Q,2,4,0.810,BalancedZippel
fire7_graph5_rank0423,Automatic,1,ok,263.541,22,2,1,0,0,2305843009213693967:19;2305843009213693973:3,Symbolica_default,cached_powers_Q,4,4,0.623,BalancedZippel
fire7_graph5_rank0424,Automatic,1,ok,482.532,22,2,1,0,0,2305843009213693967:19;2305843009213693973:3,Symbolica_default,cached_powers_Q,4,4,0.397,BalancedZippel
fire7_graph5_rank0425,Automatic,1,ok,220.541,20,2,1,0,0,2305843009213693967:17;2305843009213693973:3,Symbolica_default,cached_powers_Q,2,4,0.419,BalancedZippel
fire7_graph5_rank0426,Automatic,1,ok,295.692,24,2,1,0,0,2305843009213693967:21;2305843009213693973:3,Symbolica_default,cached_powers_Q,5,4,0.427,BalancedZippel
fire7_graph5_rank0427,Automatic,1,ok,275.062,23,2,1,0,0,2305843009213693967:20;2305843009213693973:3,Symbolica_default,cached_powers_Q,3,6,0.378,BalancedZippel
fire7_graph5_rank0428,Automatic,1,ok,231.521,20,2,1,0,0,2305843009213693967:17;2305843009213693973:3,Symbolica_default,cached_powers_Q,2,4,0.700,BalancedZippel
fire7_graph5_rank0429,Automatic,1,ok,222.661,20,2,1,0,0,2305843009213693967:17;2305843009213693973:3,Symbolica_default,cached_powers_Q,2,4,0.437,BalancedZippel
fire7_graph5_rank0430,Automatic,1,ok,274.841,23,2,1,0,0,2305843009213693967:20;2305843009213693973:3,Symbolica_default,cached_powers_Q,3,6,0.657,BalancedZippel
fire7_graph5_rank0431,Automatic,1,ok,472.672,23,2,1,0,0,2305843009213693967:20;2305843009213693973:3,Symbolica_default,cached_powers_Q,3,6,0.358,BalancedZippel
fire7_graph5_rank0432,Automatic,1,ok,494.523,23,2,1,0,0,2305843009213693967:20;2305843009213693973:3,Symbolica_default,cached_powers_Q,3,6,0.384,BalancedZippel
fire7_graph5_rank0433,Automatic,1,ok,282.641,20,2,1,0,0,2305843009213693967:17;2305843009213693973:3,Symbolica_default,cached_powers_Q,2,4,0.631,BalancedZippel
fire7_graph5_rank0434,Automatic,1,ok,405.762,20,2,1,0,0,2305843009213693967:17;2305843009213693973:3,Symbolica_default,cached_powers_Q,2,4,0.423,BalancedZippel
fire7_graph5_rank0435,Automatic,1,ok,245.042,22,2,1,0,0,2305843009213693967:19;2305843009213693973:3,Symbolica_default,cached_powers_Q,4,3,0.362,BalancedZippel
fire7_graph5_rank0436,Automatic,1,ok,277.421,24,2,1,0,0,2305843009213693967:21;2305843009213693973:3,Symbolica_default,cached_powers_Q,5,4,0.689,BalancedZippel
fire7_graph5_rank0437,Automatic,1,ok,265.372,24,2,1,0,0,2305843009213693967:21;2305843009213693973:3,Symbolica_default,cached_powers_Q,5,4,0.643,BalancedZippel
fire7_graph5_rank0438,Automatic,1,ok,286.331,22,2,1,0,0,2305843009213693967:19;2305843009213693973:3,Symbolica_default,cached_powers_Q,4,4,0.399,BalancedZippel
fire7_graph5_rank0439,Automatic,1,ok,445.952,21,2,1,0,0,2305843009213693967:18;2305843009213693973:3,Symbolica_default,cached_powers_Q,3,4,0.390,BalancedZippel
fire7_graph5_rank0440,Automatic,1,ok,490.832,20,2,1,0,0,2305843009213693967:17;2305843009213693973:3,Symbolica_default,cached_powers_Q,2,4,0.436,BalancedZippel
fire7_graph5_rank0441,Automatic,1,ok,282.031,24,2,1,0,0,2305843009213693967:21;2305843009213693973:3,Symbolica_default,cached_powers_Q,5,4,0.564,BalancedZippel
fire7_graph5_rank0442,Automatic,1,ok,246.581,21,2,1,0,0,2305843009213693967:18;2305843009213693973:3,Symbolica_default,cached_powers_Q,3,4,0.367,BalancedZippel
fire7_graph5_rank0443,Automatic,1,ok,215.681,19,2,1,0,0,2305843009213693967:16;2305843009213693973:3,Symbolica_default,cached_powers_Q,3,2,0.654,BalancedZippel
fire7_graph5_rank0444,Automatic,1,ok,265.461,22,2,1,0,0,2305843009213693967:19;2305843009213693973:3,Symbolica_default,cached_powers_Q,4,3,0.362,BalancedZippel
fire7_graph5_rank0445,Automatic,1,ok,242.901,21,2,1,0,0,2305843009213693967:18;2305843009213693973:3,Symbolica_default,cached_powers_Q,3,4,0.412,BalancedZippel
fire7_graph5_rank0446,Automatic,1,ok,167.910,18,2,1,0,0,2305843009213693967:15;2305843009213693973:3,Symbolica_default,cached_powers_Q,2,3,0.558,BalancedZippel
fire7_graph5_rank0447,Automatic,1,ok,217.821,22,2,1,0,0,2305843009213693967:19;2305843009213693973:3,Symbolica_default,cached_powers_Q,6,3,0.461,BalancedZippel
fire7_graph5_rank0448,Automatic,1,ok,142.401,18,2,1,0,0,2305843009213693967:15;2305843009213693973:3,Symbolica_default,cached_powers_Q,2,2,0.571,BalancedZippel
fire7_graph5_rank0449,Automatic,1,ok,211.111,22,2,1,0,0,2305843009213693967:19;2305843009213693973:3,Symbolica_default,cached_powers_Q,4,3,0.433,BalancedZippel
fire7_graph5_rank0450,Automatic,1,ok,248.931,22,2,1,0,0,2305843009213693967:19;2305843009213693973:3,Symbolica_default,cached_powers_Q,4,3,0.430,BalancedZippel
fire7_graph5_rank0451,Automatic,1,ok,202.641,18,2,1,0,0,2305843009213693967:15;2305843009213693973:3,Symbolica_default,cached_powers_Q,3,3,0.392,BalancedZippel
fire7_graph5_rank0452,Automatic,1,ok,403.202,18,2,1,0,0,2305843009213693967:15;2305843009213693973:3,Symbolica_default,cached_powers_Q,4,3,0.354,BalancedZippel
fire7_graph5_rank0453,Automatic,1,ok,191.971,17,2,1,0,0,2305843009213693967:14;2305843009213693973:3,Symbolica_default,cached_powers_Q,3,2,0.633,BalancedZippel
fire7_graph5_rank0454,Automatic,1,ok,214.491,21,2,1,0,0,2305843009213693967:18;2305843009213693973:3,Symbolica_default,cached_powers_Q,3,2,0.416,BalancedZippel
fire7_graph5_rank0455,Automatic,1,ok,257.551,22,2,1,0,0,2305843009213693967:19;2305843009213693973:3,Symbolica_default,cached_powers_Q,4,4,0.422,BalancedZippel
fire7_graph5_rank0456,Automatic,1,ok,218.321,21,2,1,0,0,2305843009213693967:18;2305843009213693973:3,Symbolica_default,cached_powers_Q,3,4,0.302,BalancedZippel
fire7_graph5_rank0457,Automatic,1,ok,229.041,22,2,1,0,0,2305843009213693967:19;2305843009213693973:3,Symbolica_default,cached_powers_Q,5,3,0.328,BalancedZippel
fire7_graph5_rank0458,Automatic,1,ok,185.351,21,2,1,0,0,2305843009213693967:18;2305843009213693973:3,Symbolica_default,cached_powers_Q,3,4,0.338,BalancedZippel
fire7_graph5_rank0459,Automatic,1,ok,436.712,21,2,1,0,0,2305843009213693967:18;2305843009213693973:3,Symbolica_default,cached_powers_Q,4,4,0.380,BalancedZippel
fire7_graph5_rank0460,Automatic,1,ok,225.321,18,2,1,0,0,2305843009213693967:15;2305843009213693973:3,Symbolica_default,cached_powers_Q,3,3,0.796,BalancedZippel
fire7_graph5_rank0461,Automatic,1,ok,245.691,25,2,1,0,0,2305843009213693967:22;2305843009213693973:3,Symbolica_default,cached_powers_Q,4,4,0.390,BalancedZippel
fire7_graph5_rank0462,Automatic,1,ok,473.742,24,2,1,0,0,2305843009213693967:21;2305843009213693973:3,Symbolica_default,cached_powers_Q,4,6,0.398,BalancedZippel
fire7_graph5_rank0463,Automatic,1,ok,205.501,21,2,1,0,0,2305843009213693967:18;2305843009213693973:3,Symbolica_default,cached_powers_Q,4,3,0.367,BalancedZippel
fire7_graph5_rank0464,Automatic,1,ok,232.141,22,2,1,0,0,2305843009213693967:19;2305843009213693973:3,Symbolica_default,cached_powers_Q,5,3,0.487,BalancedZippel
fire7_graph5_rank0465,Automatic,1,ok,441.792,24,2,1,0,0,2305843009213693967:21;2305843009213693973:3,Symbolica_default,cached_powers_Q,5,3,0.383,BalancedZippel
fire7_graph5_rank0466,Automatic,1,ok,244.731,21,2,1,0,0,2305843009213693967:18;2305843009213693973:3,Symbolica_default,cached_powers_Q,4,4,0.533,BalancedZippel
fire7_graph5_rank0467,Automatic,1,ok,271.451,26,2,1,0,0,2305843009213693967:23;2305843009213693973:3,Symbolica_default,cached_powers_Q,4,6,0.630,BalancedZippel
fire7_graph5_rank0468,Automatic,1,ok,473.083,19,2,1,0,0,2305843009213693967:16;2305843009213693973:3,Symbolica_default,cached_powers_Q,4,4,0.336,BalancedZippel
fire7_graph5_rank0469,Automatic,1,ok,244.701,23,2,1,0,0,2305843009213693967:20;2305843009213693973:3,Symbolica_default,cached_powers_Q,4,3,0.614,BalancedZippel
fire7_graph5_rank0470,Automatic,1,ok,253.761,24,2,1,0,0,2305843009213693967:21;2305843009213693973:3,Symbolica_default,cached_powers_Q,4,6,0.359,BalancedZippel
fire7_graph5_rank0471,Automatic,1,ok,248.131,22,2,1,0,0,2305843009213693967:19;2305843009213693973:3,Symbolica_default,cached_powers_Q,5,3,0.499,BalancedZippel
fire7_graph5_rank0472,Automatic,1,ok,213.281,21,2,1,0,0,2305843009213693967:18;2305843009213693973:3,Symbolica_default,cached_powers_Q,4,4,0.307,BalancedZippel
fire7_graph5_rank0473,Automatic,1,ok,354.691,18,2,1,0,0,2305843009213693967:15;2305843009213693973:3,Symbolica_default,cached_powers_Q,4,3,0.291,BalancedZippel
fire7_graph5_rank0474,Automatic,1,ok,216.741,18,2,1,0,0,2305843009213693967:15;2305843009213693973:3,Symbolica_default,cached_powers_Q,4,3,0.323,BalancedZippel
fire7_graph5_rank0475,Automatic,1,ok,237.511,21,2,1,0,0,2305843009213693967:18;2305843009213693973:3,Symbolica_default,cached_powers_Q,4,3,0.579,BalancedZippel
fire7_graph5_rank0476,Automatic,1,ok,266.461,21,2,1,0,0,2305843009213693967:18;2305843009213693973:3,Symbolica_default,cached_powers_Q,4,4,0.644,BalancedZippel
fire7_graph5_rank0477,Automatic,1,ok,310.282,21,2,1,0,0,2305843009213693967:18;2305843009213693973:3,Symbolica_default,cached_powers_Q,4,4,0.551,BalancedZippel
fire7_graph5_rank0478,Automatic,1,ok,267.871,21,2,1,0,0,2305843009213693967:18;2305843009213693973:3,Symbolica_default,cached_powers_Q,4,4,0.370,BalancedZippel
fire7_graph5_rank0479,Automatic,1,ok,525.672,21,2,1,0,0,2305843009213693967:18;2305843009213693973:3,Symbolica_default,cached_powers_Q,4,4,0.390,BalancedZippel
fire7_graph5_rank0480,Automatic,1,ok,460.872,22,2,1,0,0,2305843009213693967:19;2305843009213693973:3,Symbolica_default,cached_powers_Q,4,3,0.376,BalancedZippel
fire7_graph5_rank0481,Automatic,1,ok,246.352,26,2,1,0,0,2305843009213693967:23;2305843009213693973:3,Symbolica_default,cached_powers_Q,5,3,0.447,BalancedZippel
fire7_graph5_rank0482,Automatic,1,ok,451.352,17,2,1,0,0,2305843009213693967:14;2305843009213693973:3,Symbolica_default,cached_powers_Q,3,3,0.385,BalancedZippel
fire7_graph5_rank0483,Automatic,1,ok,248.121,21,2,1,0,0,2305843009213693967:18;2305843009213693973:3,Symbolica_default,cached_powers_Q,4,4,0.680,BalancedZippel
fire7_graph5_rank0484,Automatic,1,ok,168.001,22,2,1,0,0,2305843009213693967:19;2305843009213693973:3,Symbolica_default,cached_powers_Q,3,1,0.387,BalancedZippel
fire7_graph5_rank0485,Automatic,1,ok,231.281,17,2,1,0,0,2305843009213693967:14;2305843009213693973:3,Symbolica_default,cached_powers_Q,3,3,0.377,BalancedZippel
fire7_graph5_rank0486,Automatic,1,ok,272.682,19,2,1,0,0,2305843009213693967:16;2305843009213693973:3,Symbolica_default,cached_powers_Q,2,4,0.549,BalancedZippel
fire7_graph5_rank0487,Automatic,1,ok,235.281,23,2,1,0,0,2305843009213693967:20;2305843009213693973:3,Symbolica_default,cached_powers_Q,4,4,0.397,BalancedZippel
fire7_graph5_rank0488,Automatic,1,ok,309.062,26,2,1,0,0,2305843009213693967:23;2305843009213693973:3,Symbolica_default,cached_powers_Q,2,8,0.594,BalancedZippel
fire7_graph5_rank0489,Automatic,1,ok,217.501,20,2,1,0,0,2305843009213693967:17;2305843009213693973:3,Symbolica_default,cached_powers_Q,3,4,0.393,BalancedZippel
fire7_graph5_rank0490,Automatic,1,ok,180.631,18,2,1,0,0,2305843009213693967:15;2305843009213693973:3,Symbolica_default,cached_powers_Q,2,3,0.541,BalancedZippel
fire7_graph5_rank0491,Automatic,1,ok,208.692,21,2,1,0,0,2305843009213693967:18;2305843009213693973:3,Symbolica_default,cached_powers_Q,3,4,0.332,BalancedZippel
fire7_graph5_rank0492,Automatic,1,ok,191.031,18,2,1,0,0,2305843009213693967:15;2305843009213693973:3,Symbolica_default,cached_powers_Q,4,3,0.275,BalancedZippel
fire7_graph5_rank0493,Automatic,1,ok,175.861,18,2,1,0,0,2305843009213693967:15;2305843009213693973:3,Symbolica_default,cached_powers_Q,4,3,0.308,BalancedZippel
fire7_graph5_rank0494,Automatic,1,ok,216.671,22,2,1,0,0,2305843009213693967:19;2305843009213693973:3,Symbolica_default,cached_powers_Q,5,3,0.304,BalancedZippel
fire7_graph5_rank0495,Automatic,1,ok,225.471,22,2,1,0,0,2305843009213693967:19;2305843009213693973:3,Symbolica_default,cached_powers_Q,5,3,0.447,BalancedZippel
fire7_graph5_rank0496,Automatic,1,ok,183.651,21,2,1,0,0,2305843009213693967:18;2305843009213693973:3,Symbolica_default,cached_powers_Q,3,4,0.485,BalancedZippel
fire7_graph5_rank0497,Automatic,1,ok,202.031,23,2,1,0,0,2305843009213693967:20;2305843009213693973:3,Symbolica_default,cached_powers_Q,3,6,0.305,BalancedZippel
fire7_graph5_rank0498,Automatic,1,ok,205.901,23,2,1,0,0,2305843009213693967:20;2305843009213693973:3,Symbolica_default,cached_powers_Q,3,6,0.318,BalancedZippel
fire7_graph5_rank0499,Automatic,1,ok,245.101,20,2,1,0,0,2305843009213693967:17;2305843009213693973:3,Symbolica_default,cached_powers_Q,2,4,0.622,BalancedZippel
fire7_graph5_rank0500,Automatic,1,ok,336.101,22,2,1,0,0,2305843009213693967:19;2305843009213693973:3,Symbolica_default,cached_powers_Q,5,3,0.559,BalancedZippel
fire7_graph5_rank0501,Automatic,1,ok,251.891,20,2,1,0,0,2305843009213693967:17;2305843009213693973:3,Symbolica_default,cached_powers_Q,1,4,0.538,BalancedZippel
fire7_graph5_rank0502,Automatic,1,ok,452.762,17,2,1,0,0,2305843009213693967:14;2305843009213693973:3,Symbolica_default,cached_powers_Q,3,3,0.405,BalancedZippel
fire7_graph5_rank0503,Automatic,1,ok,277.052,18,2,1,0,0,2305843009213693967:15;2305843009213693973:3,Symbolica_default,cached_powers_Q,4,3,0.573,BalancedZippel
fire7_graph5_rank0504,Automatic,1,ok,227.521,18,2,1,0,0,2305843009213693967:15;2305843009213693973:3,Symbolica_default,cached_powers_Q,3,3,0.334,BalancedZippel
fire7_graph5_rank0505,Automatic,1,ok,221.421,18,2,1,0,0,2305843009213693967:15;2305843009213693973:3,Symbolica_default,cached_powers_Q,3,3,0.587,BalancedZippel
fire7_graph5_rank0506,Automatic,1,ok,236.532,18,2,1,0,0,2305843009213693967:15;2305843009213693973:3,Symbolica_default,cached_powers_Q,3,3,0.562,BalancedZippel
fire7_graph5_rank0507,Automatic,1,ok,245.681,18,2,1,0,0,2305843009213693967:15;2305843009213693973:3,Symbolica_default,cached_powers_Q,3,3,0.585,BalancedZippel
fire7_graph5_rank0508,Automatic,1,ok,244.761,18,2,1,0,0,2305843009213693967:15;2305843009213693973:3,Symbolica_default,cached_powers_Q,4,3,0.640,BalancedZippel
fire7_graph5_rank0509,Automatic,1,ok,254.311,26,2,1,0,0,2305843009213693967:23;2305843009213693973:3,Symbolica_default,cached_powers_Q,5,3,0.616,BalancedZippel
fire7_graph5_rank0510,Automatic,1,ok,332.212,23,2,1,0,0,2305843009213693967:20;2305843009213693973:3,Symbolica_default,cached_powers_Q,4,4,0.588,BalancedZippel
fire7_graph5_rank0511,Automatic,1,ok,255.441,23,2,1,0,0,2305843009213693967:20;2305843009213693973:3,Symbolica_default,cached_powers_Q,4,3,0.646,BalancedZippel
fire7_graph5_rank0512,Automatic,1,ok,391.202,20,2,1,0,0,2305843009213693967:17;2305843009213693973:3,Symbolica_default,cached_powers_Q,1,4,0.411,BalancedZippel
fire7_graph5_rank0513,Automatic,1,ok,265.661,22,2,1,0,0,2305843009213693967:19;2305843009213693973:3,Symbolica_default,cached_powers_Q,5,3,0.351,BalancedZippel
fire7_graph5_rank0514,Automatic,1,ok,251.591,23,2,1,0,0,2305843009213693967:20;2305843009213693973:3,Symbolica_default,cached_powers_Q,4,3,0.642,BalancedZippel
fire7_graph5_rank0515,Automatic,1,ok,428.122,17,2,1,0,0,2305843009213693967:14;2305843009213693973:3,Symbolica_default,cached_powers_Q,3,3,0.387,BalancedZippel
fire7_graph5_rank0516,Automatic,1,ok,256.591,23,2,1,0,0,2305843009213693967:20;2305843009213693973:3,Symbolica_default,cached_powers_Q,3,4,0.357,BalancedZippel
fire7_graph5_rank0517,Automatic,1,ok,168.611,18,2,1,0,0,2305843009213693967:15;2305843009213693973:3,Symbolica_default,cached_powers_Q,3,3,0.303,BalancedZippel
fire7_graph5_rank0518,Automatic,1,ok,178.941,18,2,1,0,0,2305843009213693967:15;2305843009213693973:3,Symbolica_default,cached_powers_Q,4,3,0.291,BalancedZippel
fire7_graph5_rank0519,Automatic,1,ok,370.402,18,2,1,0,0,2305843009213693967:15;2305843009213693973:3,Symbolica_default,cached_powers_Q,4,3,0.215,BalancedZippel
fire7_graph5_rank0520,Automatic,1,ok,199.261,20,2,1,0,0,2305843009213693967:17;2305843009213693973:3,Symbolica_default,cached_powers_Q,2,4,0.271,BalancedZippel
fire7_graph5_rank0521,Automatic,1,ok,183.371,18,2,1,0,0,2305843009213693967:15;2305843009213693973:3,Symbolica_default,cached_powers_Q,3,3,0.311,BalancedZippel
fire7_graph5_rank0522,Automatic,1,ok,363.572,20,2,1,0,0,2305843009213693967:17;2305843009213693973:3,Symbolica_default,cached_powers_Q,2,3,0.313,BalancedZippel
fire7_graph5_rank0523,Automatic,1,ok,150.610,20,2,1,0,0,2305843009213693967:17;2305843009213693973:3,Symbolica_default,cached_powers_Q,1,4,0.324,BalancedZippel
fire7_graph5_rank0524,Automatic,1,ok,163.421,18,2,1,0,0,2305843009213693967:15;2305843009213693973:3,Symbolica_default,cached_powers_Q,1,3,0.325,BalancedZippel
fire7_graph5_rank0525,Automatic,1,ok,370.502,17,2,1,0,0,2305843009213693967:14;2305843009213693973:3,Symbolica_default,cached_powers_Q,2,3,0.596,BalancedZippel
fire7_graph5_rank0526,Automatic,1,ok,222.811,18,2,1,0,0,2305843009213693967:15;2305843009213693973:3,Symbolica_default,cached_powers_Q,3,3,0.563,BalancedZippel
fire7_graph5_rank0527,Automatic,1,ok,222.352,18,2,1,0,0,2305843009213693967:15;2305843009213693973:3,Symbolica_default,cached_powers_Q,4,3,0.380,BalancedZippel
fire7_graph5_rank0528,Automatic,1,ok,209.310,18,2,1,0,0,2305843009213693967:15;2305843009213693973:3,Symbolica_default,cached_powers_Q,2,3,0.563,BalancedZippel
fire7_graph5_rank0529,Automatic,1,ok,230.531,18,2,1,0,0,2305843009213693967:15;2305843009213693973:3,Symbolica_default,cached_powers_Q,4,3,0.598,BalancedZippel
fire7_graph5_rank0530,Automatic,1,ok,451.532,20,2,1,0,0,2305843009213693967:17;2305843009213693973:3,Symbolica_default,cached_powers_Q,2,4,0.383,BalancedZippel
fire7_graph5_rank0531,Automatic,1,ok,225.981,18,2,1,0,0,2305843009213693967:15;2305843009213693973:3,Symbolica_default,cached_powers_Q,3,3,0.362,BalancedZippel
fire7_graph5_rank0532,Automatic,1,ok,218.591,18,2,1,0,0,2305843009213693967:15;2305843009213693973:3,Symbolica_default,cached_powers_Q,4,3,0.375,BalancedZippel
fire7_graph5_rank0533,Automatic,1,ok,236.732,21,2,1,0,0,2305843009213693967:18;2305843009213693973:3,Symbolica_default,cached_powers_Q,3,4,0.382,BalancedZippel
fire7_graph5_rank0534,Automatic,1,ok,192.641,16,2,1,0,0,2305843009213693967:13;2305843009213693973:3,Symbolica_default,cached_powers_Q,2,2,0.402,BalancedZippel
fire7_graph5_rank0535,Automatic,1,ok,407.673,18,2,1,0,0,2305843009213693967:15;2305843009213693973:3,Symbolica_default,cached_powers_Q,3,3,0.279,BalancedZippel
fire7_graph5_rank0536,Automatic,1,ok,179.290,19,2,1,0,0,2305843009213693967:16;2305843009213693973:3,Symbolica_default,cached_powers_Q,4,4,0.347,BalancedZippel
fire7_graph5_rank0537,Automatic,1,ok,158.341,18,2,1,0,0,2305843009213693967:15;2305843009213693973:3,Symbolica_default,cached_powers_Q,2,3,0.249,BalancedZippel
fire7_graph5_rank0538,Automatic,1,ok,190.901,18,2,1,0,0,2305843009213693967:15;2305843009213693973:3,Symbolica_default,cached_powers_Q,4,3,0.349,BalancedZippel
fire7_graph5_rank0539,Automatic,1,ok,194.011,18,2,1,0,0,2305843009213693967:15;2305843009213693973:3,Symbolica_default,cached_powers_Q,4,3,0.504,BalancedZippel
fire7_graph5_rank0540,Automatic,1,ok,175.351,18,2,1,0,0,2305843009213693967:15;2305843009213693973:3,Symbolica_default,cached_powers_Q,3,3,0.308,BalancedZippel
fire7_graph5_rank0541,Automatic,1,ok,402.452,23,2,1,0,0,2305843009213693967:20;2305843009213693973:3,Symbolica_default,cached_powers_Q,3,6,0.333,BalancedZippel
fire7_graph5_rank0542,Automatic,1,ok,228.092,20,2,1,0,0,2305843009213693967:17;2305843009213693973:3,Symbolica_default,cached_powers_Q,2,4,0.358,BalancedZippel
fire7_graph5_rank0543,Automatic,1,ok,434.472,18,2,1,0,0,2305843009213693967:15;2305843009213693973:3,Symbolica_default,cached_powers_Q,4,3,0.385,BalancedZippel
fire7_graph5_rank0544,Automatic,1,ok,231.661,21,2,1,0,0,2305843009213693967:18;2305843009213693973:3,Symbolica_default,cached_powers_Q,3,4,0.369,BalancedZippel
fire7_graph5_rank0545,Automatic,1,ok,229.721,21,2,1,0,0,2305843009213693967:18;2305843009213693973:3,Symbolica_default,cached_powers_Q,3,4,0.393,BalancedZippel
fire7_graph5_rank0546,Automatic,1,ok,430.953,21,2,1,0,0,2305843009213693967:18;2305843009213693973:3,Symbolica_default,cached_powers_Q,4,3,0.328,BalancedZippel
fire7_graph5_rank0547,Automatic,1,ok,170.901,20,2,1,0,0,2305843009213693967:17;2305843009213693973:3,Symbolica_default,cached_powers_Q,1,4,0.398,BalancedZippel
fire7_graph5_rank0548,Automatic,1,ok,433.762,16,2,1,0,0,2305843009213693967:13;2305843009213693973:3,Symbolica_default,cached_powers_Q,2,2,0.409,BalancedZippel
fire7_graph5_rank0549,Automatic,1,ok,170.131,18,2,1,0,0,2305843009213693967:15;2305843009213693973:3,Symbolica_default,cached_powers_Q,2,2,0.644,BalancedZippel
fire7_graph5_rank0550,Automatic,1,ok,230.501,21,2,1,0,0,2305843009213693967:18;2305843009213693973:3,Symbolica_default,cached_powers_Q,3,4,0.610,BalancedZippel
fire7_graph5_rank0551,Automatic,1,ok,468.142,18,2,1,0,0,2305843009213693967:15;2305843009213693973:3,Symbolica_default,cached_powers_Q,4,3,0.356,BalancedZippel
fire7_graph5_rank0552,Automatic,1,ok,247.111,18,2,1,0,0,2305843009213693967:15;2305843009213693973:3,Symbolica_default,cached_powers_Q,3,3,0.324,BalancedZippel
fire7_graph5_rank0553,Automatic,1,ok,239.150,18,2,1,0,0,2305843009213693967:15;2305843009213693973:3,Symbolica_default,cached_powers_Q,3,3,0.568,BalancedZippel
fire7_graph5_rank0554,Automatic,1,ok,249.431,23,2,1,0,0,2305843009213693967:20;2305843009213693973:3,Symbolica_default,cached_powers_Q,2,6,0.369,BalancedZippel
fire7_graph5_rank0555,Automatic,1,ok,484.392,21,2,1,0,0,2305843009213693967:18;2305843009213693973:3,Symbolica_default,cached_powers_Q,3,4,0.385,BalancedZippel
fire7_graph5_rank0556,Automatic,1,ok,477.952,21,2,1,0,0,2305843009213693967:18;2305843009213693973:3,Symbolica_default,cached_powers_Q,3,4,0.369,BalancedZippel
fire7_graph5_rank0557,Automatic,1,ok,515.923,24,2,1,0,0,2305843009213693967:21;2305843009213693973:3,Symbolica_default,cached_powers_Q,5,2,0.370,BalancedZippel
fire7_graph5_rank0558,Automatic,1,ok,175.551,16,2,1,0,0,2305843009213693967:13;2305843009213693973:3,Symbolica_default,cached_powers_Q,2,2,0.618,BalancedZippel
fire7_graph5_rank0559,Automatic,1,ok,181.411,18,2,1,0,0,2305843009213693967:15;2305843009213693973:3,Symbolica_default,cached_powers_Q,1,3,0.351,BalancedZippel
fire7_graph5_rank0560,Automatic,1,ok,245.201,18,2,1,0,0,2305843009213693967:15;2305843009213693973:3,Symbolica_default,cached_powers_Q,3,3,0.330,BalancedZippel
fire7_graph5_rank0561,Automatic,1,ok,226.321,18,2,1,0,0,2305843009213693967:15;2305843009213693973:3,Symbolica_default,cached_powers_Q,3,3,0.637,BalancedZippel
fire7_graph5_rank0562,Automatic,1,ok,215.650,18,2,1,0,0,2305843009213693967:15;2305843009213693973:3,Symbolica_default,cached_powers_Q,3,3,0.376,BalancedZippel
fire7_graph5_rank0563,Automatic,1,ok,227.571,20,2,1,0,0,2305843009213693967:17;2305843009213693973:3,Symbolica_default,cached_powers_Q,2,4,0.605,BalancedZippel
fire7_graph5_rank0564,Automatic,1,ok,463.032,23,2,1,0,0,2305843009213693967:20;2305843009213693973:3,Symbolica_default,cached_powers_Q,2,6,0.418,BalancedZippel
fire7_graph5_rank0565,Automatic,1,ok,182.070,20,2,1,0,0,2305843009213693967:17;2305843009213693973:3,Symbolica_default,cached_powers_Q,1,4,0.421,BalancedZippel
fire7_graph5_rank0566,Automatic,1,ok,215.361,22,2,1,0,0,2305843009213693967:19;2305843009213693973:3,Symbolica_default,cached_powers_Q,2,4,0.506,BalancedZippel
fire7_graph5_rank0567,Automatic,1,ok,324.632,18,2,1,0,0,2305843009213693967:15;2305843009213693973:3,Symbolica_default,cached_powers_Q,2,3,0.291,BalancedZippel
fire7_graph5_rank0568,Automatic,1,ok,186.161,26,2,1,0,0,2305843009213693967:23;2305843009213693973:3,Symbolica_default,cached_powers_Q,4,3,0.307,BalancedZippel
fire7_graph5_rank0569,Automatic,1,ok,323.592,15,2,1,0,0,2305843009213693967:12;2305843009213693973:3,Symbolica_default,cached_powers_Q,1,2,0.257,BalancedZippel
fire7_graph5_rank0570,Automatic,1,ok,368.041,17,2,1,0,0,2305843009213693967:14;2305843009213693973:3,Symbolica_default,cached_powers_Q,3,3,0.358,BalancedZippel
fire7_graph5_rank0571,Automatic,1,ok,216.952,17,2,1,0,0,2305843009213693967:14;2305843009213693973:3,Symbolica_default,cached_powers_Q,3,3,0.341,BalancedZippel
fire7_graph5_rank0572,Automatic,1,ok,250.481,24,2,1,0,0,2305843009213693967:21;2305843009213693973:3,Symbolica_default,cached_powers_Q,4,2,0.369,BalancedZippel
fire7_graph5_rank0573,Automatic,1,ok,228.651,21,2,1,0,0,2305843009213693967:18;2305843009213693973:3,Symbolica_default,cached_powers_Q,4,2,0.359,BalancedZippel
fire7_graph5_rank0574,Automatic,1,ok,392.322,20,2,1,0,0,2305843009213693967:17;2305843009213693973:3,Symbolica_default,cached_powers_Q,2,4,0.323,BalancedZippel
fire7_graph5_rank0575,Automatic,1,ok,196.261,20,2,1,0,0,2305843009213693967:17;2305843009213693973:3,Symbolica_default,cached_powers_Q,2,4,0.247,BalancedZippel
fire7_graph5_rank0576,Automatic,1,ok,149.961,16,2,1,0,0,2305843009213693967:13;2305843009213693973:3,Symbolica_default,cached_powers_Q,2,2,0.312,BalancedZippel
fire7_graph5_rank0577,Automatic,1,ok,141.761,16,2,1,0,0,2305843009213693967:13;2305843009213693973:3,Symbolica_default,cached_powers_Q,2,2,0.420,BalancedZippel
fire7_graph5_rank0578,Automatic,1,ok,393.412,16,2,1,0,0,2305843009213693967:13;2305843009213693973:3,Symbolica_default,cached_powers_Q,2,2,0.420,BalancedZippel
fire7_graph5_rank0579,Automatic,1,ok,193.001,15,2,1,0,0,2305843009213693967:12;2305843009213693973:3,Symbolica_default,cached_powers_Q,2,2,0.708,BalancedZippel
fire7_graph5_rank0580,Automatic,1,ok,503.632,23,2,1,0,0,2305843009213693967:20;2305843009213693973:3,Symbolica_default,cached_powers_Q,2,6,0.443,BalancedZippel
fire7_graph5_rank0581,Automatic,1,ok,184.891,20,2,1,0,0,2305843009213693967:17;2305843009213693973:3,Symbolica_default,cached_powers_Q,2,2,0.651,BalancedZippel
fire7_graph5_rank0582,Automatic,1,ok,230.571,21,2,1,0,0,2305843009213693967:18;2305843009213693973:3,Symbolica_default,cached_powers_Q,4,3,0.415,BalancedZippel
fire7_graph5_rank0583,Automatic,1,ok,229.701,21,2,1,0,0,2305843009213693967:18;2305843009213693973:3,Symbolica_default,cached_powers_Q,3,3,0.390,BalancedZippel
fire7_graph5_rank0584,Automatic,1,ok,120.890,22,2,1,0,0,2305843009213693967:19;2305843009213693973:3,Symbolica_default,cached_powers_Q,1,4,0.292,BalancedZippel
fire7_graph5_rank0585,Automatic,1,ok,165.661,19,2,1,0,0,2305843009213693967:16;2305843009213693973:3,Symbolica_default,cached_powers_Q,3,2,0.474,BalancedZippel
fire7_graph5_rank0586,Automatic,1,ok,174.621,21,2,1,0,0,2305843009213693967:18;2305843009213693973:3,Symbolica_default,cached_powers_Q,3,3,0.303,BalancedZippel
fire7_graph5_rank0587,Automatic,1,ok,120.461,20,2,1,0,0,2305843009213693967:17;2305843009213693973:3,Symbolica_default,cached_powers_Q,1,4,0.295,BalancedZippel
fire7_graph5_rank0588,Automatic,1,ok,169.720,21,2,1,0,0,2305843009213693967:18;2305843009213693973:3,Symbolica_default,cached_powers_Q,3,2,0.311,BalancedZippel
fire7_graph5_rank0589,Automatic,1,ok,154.971,19,2,1,0,0,2305843009213693967:16;2305843009213693973:3,Symbolica_default,cached_powers_Q,4,2,0.276,BalancedZippel
fire7_graph5_rank0590,Automatic,1,ok,132.901,18,2,1,0,0,2305843009213693967:15;2305843009213693973:3,Symbolica_default,cached_powers_Q,2,2,0.496,BalancedZippel
fire7_graph5_rank0591,Automatic,1,ok,313.821,19,2,1,0,0,2305843009213693967:16;2305843009213693973:3,Symbolica_default,cached_powers_Q,3,2,0.268,BalancedZippel
fire7_graph5_rank0592,Automatic,1,ok,298.991,21,2,1,0,0,2305843009213693967:18;2305843009213693973:3,Symbolica_default,cached_powers_Q,4,3,0.292,BalancedZippel
fire7_graph5_rank0593,Automatic,1,ok,134.611,20,2,1,0,0,2305843009213693967:17;2305843009213693973:3,Symbolica_default,cached_powers_Q,2,2,0.324,BalancedZippel
fire7_graph5_rank0594,Automatic,1,ok,135.311,16,2,1,0,0,2305843009213693967:13;2305843009213693973:3,Symbolica_default,cached_powers_Q,2,2,0.316,BalancedZippel
fire7_graph5_rank0595,Automatic,1,ok,125.421,20,2,1,0,0,2305843009213693967:17;2305843009213693973:3,Symbolica_default,cached_powers_Q,1,4,0.278,BalancedZippel
fire7_graph5_rank0596,Automatic,1,ok,184.612,28,2,1,0,0,2305843009213693967:25;2305843009213693973:3,Symbolica_default,cached_powers_Q,4,3,0.304,BalancedZippel
fire7_graph5_rank0597,Automatic,1,ok,171.681,17,2,1,0,0,2305843009213693967:14;2305843009213693973:3,Symbolica_default,cached_powers_Q,3,3,0.451,BalancedZippel
fire7_graph5_rank0598,Automatic,1,ok,128.070,20,2,1,0,0,2305843009213693967:17;2305843009213693973:3,Symbolica_default,cached_powers_Q,1,4,0.258,BalancedZippel
fire7_graph5_rank0599,Automatic,1,ok,96.770,15,2,1,0,0,2305843009213693967:12;2305843009213693973:3,Symbolica_default,cached_powers_Q,1,1,0.307,BalancedZippel
fire7_graph5_rank0600,Automatic,1,ok,139.680,18,2,1,0,0,2305843009213693967:15;2305843009213693973:3,Symbolica_default,cached_powers_Q,2,2,0.316,BalancedZippel
fire7_graph5_rank0601,Automatic,1,ok,125.351,16,2,1,0,0,2305843009213693967:13;2305843009213693973:3,Symbolica_default,cached_powers_Q,3,2,0.311,BalancedZippel
fire7_graph5_rank0602,Automatic,1,ok,271.301,23,2,1,0,0,2305843009213693967:20;2305843009213693973:3,Symbolica_default,cached_powers_Q,2,6,0.235,BalancedZippel
fire7_graph5_rank0603,Automatic,1,ok,181.420,17,2,1,0,0,2305843009213693967:14;2305843009213693973:3,Symbolica_default,cached_powers_Q,1,3,0.239,BalancedZippel
fire7_graph5_rank0604,Automatic,1,ok,139.200,19,2,1,0,0,2305843009213693967:16;2305843009213693973:3,Symbolica_default,cached_powers_Q,4,2,0.231,BalancedZippel
fire7_graph5_rank0605,Automatic,1,ok,126.641,19,2,1,0,0,2305843009213693967:16;2305843009213693973:3,Symbolica_default,cached_powers_Q,4,2,0.216,BalancedZippel
fire7_graph5_rank0606,Automatic,1,ok,132.641,17,2,1,0,0,2305843009213693967:14;2305843009213693973:3,Symbolica_default,cached_powers_Q,2,3,0.210,BalancedZippel
fire7_graph5_rank0607,Automatic,1,ok,145.831,23,2,1,0,0,2305843009213693967:20;2305843009213693973:3,Symbolica_default,cached_powers_Q,2,6,0.273,BalancedZippel
fire7_graph5_rank0608,Automatic,1,ok,163.581,23,2,1,0,0,2305843009213693967:20;2305843009213693973:3,Symbolica_default,cached_powers_Q,2,6,0.461,BalancedZippel
fire7_graph5_rank0609,Automatic,1,ok,164.041,21,2,1,0,0,2305843009213693967:18;2305843009213693973:3,Symbolica_default,cached_powers_Q,4,4,0.321,BalancedZippel
fire7_graph5_rank0610,Automatic,1,ok,112.441,17,2,1,0,0,2305843009213693967:14;2305843009213693973:3,Symbolica_default,cached_powers_Q,2,3,0.270,BalancedZippel
fire7_graph5_rank0611,Automatic,1,ok,125.901,16,2,1,0,0,2305843009213693967:13;2305843009213693973:3,Symbolica_default,cached_powers_Q,2,2,0.305,BalancedZippel
fire7_graph5_rank0612,Automatic,1,ok,142.381,17,2,1,0,0,2305843009213693967:14;2305843009213693973:3,Symbolica_default,cached_powers_Q,3,3,0.379,BalancedZippel
fire7_graph5_rank0613,Automatic,1,ok,138.311,21,2,1,0,0,2305843009213693967:18;2305843009213693973:3,Symbolica_default,cached_powers_Q,4,3,0.390,BalancedZippel
fire7_graph5_rank0614,Automatic,1,ok,135.211,21,2,1,0,0,2305843009213693967:18;2305843009213693973:3,Symbolica_default,cached_powers_Q,4,3,0.235,BalancedZippel
fire7_graph5_rank0615,Automatic,1,ok,144.900,21,2,1,0,0,2305843009213693967:18;2305843009213693973:3,Symbolica_default,cached_powers_Q,4,4,0.407,BalancedZippel
fire7_graph5_rank0616,Automatic,1,ok,152.791,21,2,1,0,0,2305843009213693967:18;2305843009213693973:3,Symbolica_default,cached_powers_Q,4,4,0.402,BalancedZippel
fire7_graph5_rank0617,Automatic,1,ok,189.441,18,2,1,0,0,2305843009213693967:15;2305843009213693973:3,Symbolica_default,cached_powers_Q,2,2,0.468,BalancedZippel
fire7_graph5_rank0618,Automatic,1,ok,144.110,16,2,1,0,0,2305843009213693967:13;2305843009213693973:3,Symbolica_default,cached_powers_Q,3,2,0.458,BalancedZippel
fire7_graph5_rank0619,Automatic,1,ok,165.021,17,2,1,0,0,2305843009213693967:14;2305843009213693973:3,Symbolica_default,cached_powers_Q,3,3,0.409,BalancedZippel
fire7_graph5_rank0620,Automatic,1,ok,160.801,20,2,1,0,0,2305843009213693967:17;2305843009213693973:3,Symbolica_default,cached_powers_Q,2,4,0.479,BalancedZippel
fire7_graph5_rank0621,Automatic,1,ok,305.952,18,2,1,0,0,2305843009213693967:15;2305843009213693973:3,Symbolica_default,cached_powers_Q,2,2,0.327,BalancedZippel
fire7_graph5_rank0622,Automatic,1,ok,174.101,19,2,1,0,0,2305843009213693967:16;2305843009213693973:3,Symbolica_default,cached_powers_Q,4,2,0.266,BalancedZippel
fire7_graph5_rank0623,Automatic,1,ok,129.831,18,2,1,0,0,2305843009213693967:15;2305843009213693973:3,Symbolica_default,cached_powers_Q,2,2,0.316,BalancedZippel
fire7_graph5_rank0624,Automatic,1,ok,111.541,15,2,1,0,0,2305843009213693967:12;2305843009213693973:3,Symbolica_default,cached_powers_Q,2,1,0.319,BalancedZippel
fire7_graph5_rank0625,Automatic,1,ok,347.872,21,2,1,0,0,2305843009213693967:18;2305843009213693973:3,Symbolica_default,cached_powers_Q,3,3,0.271,BalancedZippel
fire7_graph5_rank0626,Automatic,1,ok,135.520,20,2,1,0,0,2305843009213693967:17;2305843009213693973:3,Symbolica_default,cached_powers_Q,1,4,0.446,BalancedZippel
fire7_graph5_rank0627,Automatic,1,ok,313.651,17,2,1,0,0,2305843009213693967:14;2305843009213693973:3,Symbolica_default,cached_powers_Q,3,3,0.260,BalancedZippel
fire7_graph5_rank0628,Automatic,1,ok,163.930,17,2,1,0,0,2305843009213693967:14;2305843009213693973:3,Symbolica_default,cached_powers_Q,3,3,0.256,BalancedZippel
fire7_graph5_rank0629,Automatic,1,ok,185.170,17,2,1,0,0,2305843009213693967:14;2305843009213693973:3,Symbolica_default,cached_powers_Q,2,2,0.470,BalancedZippel
fire7_graph5_rank0630,Automatic,1,ok,180.591,26,2,1,0,0,2305843009213693967:23;2305843009213693973:3,Symbolica_default,cached_powers_Q,4,3,0.490,BalancedZippel
fire7_graph5_rank0631,Automatic,1,ok,168.811,21,2,1,0,0,2305843009213693967:18;2305843009213693973:3,Symbolica_default,cached_powers_Q,4,4,0.289,BalancedZippel
fire7_graph5_rank0632,Automatic,1,ok,364.482,19,2,1,0,0,2305843009213693967:16;2305843009213693973:3,Symbolica_default,cached_powers_Q,3,2,0.291,BalancedZippel
fire7_graph5_rank0633,Automatic,1,ok,177.630,26,2,1,0,0,2305843009213693967:23;2305843009213693973:3,Symbolica_default,cached_powers_Q,4,3,0.472,BalancedZippel
fire7_graph5_rank0634,Automatic,1,ok,146.930,22,2,1,0,0,2305843009213693967:19;2305843009213693973:3,Symbolica_default,cached_powers_Q,2,4,0.456,BalancedZippel
fire7_graph5_rank0635,Automatic,1,ok,118.910,17,2,1,0,0,2305843009213693967:14;2305843009213693973:3,Symbolica_default,cached_powers_Q,1,3,0.420,BalancedZippel
fire7_graph5_rank0636,Automatic,1,ok,190.371,24,2,1,0,0,2305843009213693967:21;2305843009213693973:3,Symbolica_default,cached_powers_Q,4,2,0.283,BalancedZippel
fire7_graph5_rank0637,Automatic,1,ok,98.800,15,2,1,0,0,2305843009213693967:12;2305843009213693973:3,Symbolica_default,cached_powers_Q,2,1,0.311,BalancedZippel
fire7_graph5_rank0638,Automatic,1,ok,196.301,21,2,1,0,0,2305843009213693967:18;2305843009213693973:3,Symbolica_default,cached_powers_Q,4,4,0.478,BalancedZippel
fire7_graph5_rank0639,Automatic,1,ok,217.661,23,2,1,0,0,2305843009213693967:20;2305843009213693973:3,Symbolica_default,cached_powers_Q,2,3,0.388,BalancedZippel
fire7_graph5_rank0640,Automatic,1,ok,335.022,21,2,1,0,0,2305843009213693967:18;2305843009213693973:3,Symbolica_default,cached_powers_Q,3,3,0.277,BalancedZippel
fire7_graph5_rank0641,Automatic,1,ok,138.821,23,2,1,0,0,2305843009213693967:20;2305843009213693973:3,Symbolica_default,cached_powers_Q,1,6,0.281,BalancedZippel
fire7_graph5_rank0642,Automatic,1,ok,154.150,19,2,1,0,0,2305843009213693967:16;2305843009213693973:3,Symbolica_default,cached_powers_Q,3,2,0.352,BalancedZippel
fire7_graph5_rank0643,Automatic,1,ok,142.491,16,2,1,0,0,2305843009213693967:13;2305843009213693973:3,Symbolica_default,cached_powers_Q,3,2,0.262,BalancedZippel
fire7_graph5_rank0644,Automatic,1,ok,168.161,17,2,1,0,0,2305843009213693967:14;2305843009213693973:3,Symbolica_default,cached_powers_Q,3,3,0.277,BalancedZippel
fire7_graph5_rank0645,Automatic,1,ok,133.831,20,2,1,0,0,2305843009213693967:17;2305843009213693973:3,Symbolica_default,cached_powers_Q,1,4,0.266,BalancedZippel
fire7_graph5_rank0646,Automatic,1,ok,119.750,18,2,1,0,0,2305843009213693967:15;2305843009213693973:3,Symbolica_default,cached_powers_Q,2,2,0.325,BalancedZippel
fire7_graph5_rank0647,Automatic,1,ok,128.971,17,2,1,0,0,2305843009213693967:14;2305843009213693973:3,Symbolica_default,cached_powers_Q,1,3,0.298,BalancedZippel
fire7_graph5_rank0648,Automatic,1,ok,119.461,16,2,1,0,0,2305843009213693967:13;2305843009213693973:3,Symbolica_default,cached_powers_Q,1,2,0.501,BalancedZippel
fire7_graph5_rank0649,Automatic,1,ok,180.491,21,2,1,0,0,2305843009213693967:18;2305843009213693973:3,Symbolica_default,cached_powers_Q,3,2,0.252,BalancedZippel
fire7_graph5_rank0650,Automatic,1,ok,100.670,15,2,1,0,0,2305843009213693967:12;2305843009213693973:3,Symbolica_default,cached_powers_Q,2,1,0.310,BalancedZippel
fire7_graph5_rank0651,Automatic,1,ok,383.582,23,2,1,0,0,2305843009213693967:20;2305843009213693973:3,Symbolica_default,cached_powers_Q,2,2,0.261,BalancedZippel
fire7_graph5_rank0652,Automatic,1,ok,165.321,21,2,1,0,0,2305843009213693967:18;2305843009213693973:3,Symbolica_default,cached_powers_Q,3,3,0.263,BalancedZippel
fire7_graph5_rank0653,Automatic,1,ok,142.191,18,2,1,0,0,2305843009213693967:15;2305843009213693973:3,Symbolica_default,cached_powers_Q,2,2,0.286,BalancedZippel
fire7_graph5_rank0654,Automatic,1,ok,125.310,18,2,1,0,0,2305843009213693967:15;2305843009213693973:3,Symbolica_default,cached_powers_Q,1,3,0.248,BalancedZippel
fire7_graph5_rank0655,Automatic,1,ok,340.261,18,2,1,0,0,2305843009213693967:15;2305843009213693973:3,Symbolica_default,cached_powers_Q,3,2,0.276,BalancedZippel
fire7_graph5_rank0656,Automatic,1,ok,360.561,19,2,1,0,0,2305843009213693967:16;2305843009213693973:3,Symbolica_default,cached_powers_Q,3,2,0.289,BalancedZippel
fire7_graph5_rank0657,Automatic,1,ok,174.901,19,2,1,0,0,2305843009213693967:16;2305843009213693973:3,Symbolica_default,cached_powers_Q,3,2,0.304,BalancedZippel
fire7_graph5_rank0658,Automatic,1,ok,170.411,19,2,1,0,0,2305843009213693967:16;2305843009213693973:3,Symbolica_default,cached_powers_Q,4,2,0.274,BalancedZippel
fire7_graph5_rank0659,Automatic,1,ok,160.950,19,2,1,0,0,2305843009213693967:16;2305843009213693973:3,Symbolica_default,cached_powers_Q,3,2,0.288,BalancedZippel
fire7_graph5_rank0660,Automatic,1,ok,157.661,22,2,1,0,0,2305843009213693967:19;2305843009213693973:3,Symbolica_default,cached_powers_Q,2,3,0.286,BalancedZippel
fire7_graph5_rank0661,Automatic,1,ok,178.312,19,2,1,0,0,2305843009213693967:16;2305843009213693973:3,Symbolica_default,cached_powers_Q,4,2,0.277,BalancedZippel
fire7_graph5_rank0662,Automatic,1,ok,233.651,21,2,1,0,0,2305843009213693967:18;2305843009213693973:3,Symbolica_default,cached_powers_Q,3,4,0.544,BalancedZippel
fire7_graph5_rank0663,Automatic,1,ok,137.841,18,2,1,0,0,2305843009213693967:15;2305843009213693973:3,Symbolica_default,cached_powers_Q,2,2,0.506,BalancedZippel
fire7_graph5_rank0664,Automatic,1,ok,175.691,18,2,1,0,0,2305843009213693967:15;2305843009213693973:3,Symbolica_default,cached_powers_Q,2,2,0.457,BalancedZippel
fire7_graph5_rank0665,Automatic,1,ok,394.282,17,2,1,0,0,2305843009213693967:14;2305843009213693973:3,Symbolica_default,cached_powers_Q,3,3,0.362,BalancedZippel
fire7_graph5_rank0666,Automatic,1,ok,136.780,15,2,1,0,0,2305843009213693967:12;2305843009213693973:3,Symbolica_default,cached_powers_Q,2,2,0.351,BalancedZippel
fire7_graph5_rank0667,Automatic,1,ok,170.001,15,2,1,0,0,2305843009213693967:12;2305843009213693973:3,Symbolica_default,cached_powers_Q,2,2,0.450,BalancedZippel
fire7_graph5_rank0668,Automatic,1,ok,240.661,19,2,1,0,0,2305843009213693967:16;2305843009213693973:3,Symbolica_default,cached_powers_Q,4,2,0.572,BalancedZippel
fire7_graph5_rank0669,Automatic,1,ok,180.871,21,2,1,0,0,2305843009213693967:18;2305843009213693973:3,Symbolica_default,cached_powers_Q,4,2,0.435,BalancedZippel
fire7_graph5_rank0670,Automatic,1,ok,213.291,18,2,1,0,0,2305843009213693967:15;2305843009213693973:3,Symbolica_default,cached_powers_Q,2,3,0.303,BalancedZippel
fire7_graph5_rank0671,Automatic,1,ok,176.021,20,2,1,0,0,2305843009213693967:17;2305843009213693973:3,Symbolica_default,cached_powers_Q,2,4,0.297,BalancedZippel
fire7_graph5_rank0672,Automatic,1,ok,185.261,21,2,1,0,0,2305843009213693967:18;2305843009213693973:3,Symbolica_default,cached_powers_Q,3,4,0.468,BalancedZippel
fire7_graph5_rank0673,Automatic,1,ok,230.232,21,2,1,0,0,2305843009213693967:18;2305843009213693973:3,Symbolica_default,cached_powers_Q,3,4,0.604,BalancedZippel
fire7_graph5_rank0674,Automatic,1,ok,351.082,17,2,1,0,0,2305843009213693967:14;2305843009213693973:3,Symbolica_default,cached_powers_Q,2,3,0.272,BalancedZippel
fire7_graph5_rank0675,Automatic,1,ok,159.081,21,2,1,0,0,2305843009213693967:18;2305843009213693973:3,Symbolica_default,cached_powers_Q,3,4,0.289,BalancedZippel
fire7_graph5_rank0676,Automatic,1,ok,416.282,16,2,1,0,0,2305843009213693967:13;2305843009213693973:3,Symbolica_default,cached_powers_Q,2,2,0.378,BalancedZippel
fire7_graph5_rank0677,Automatic,1,ok,143.811,15,2,1,0,0,2305843009213693967:12;2305843009213693973:3,Symbolica_default,cached_powers_Q,2,2,0.307,BalancedZippel
fire7_graph5_rank0678,Automatic,1,ok,173.161,15,2,1,0,0,2305843009213693967:12;2305843009213693973:3,Symbolica_default,cached_powers_Q,2,2,0.454,BalancedZippel
fire7_graph5_rank0679,Automatic,1,ok,148.191,15,2,1,0,0,2305843009213693967:12;2305843009213693973:3,Symbolica_default,cached_powers_Q,2,2,0.503,BalancedZippel
fire7_graph5_rank0680,Automatic,1,ok,127.671,15,2,1,0,0,2305843009213693967:12;2305843009213693973:3,Symbolica_default,cached_powers_Q,2,2,0.317,BalancedZippel
fire7_graph5_rank0681,Automatic,1,ok,200.681,15,2,1,0,0,2305843009213693967:12;2305843009213693973:3,Symbolica_default,cached_powers_Q,2,2,0.365,BalancedZippel
fire7_graph5_rank0682,Automatic,1,ok,154.031,16,2,1,0,0,2305843009213693967:13;2305843009213693973:3,Symbolica_default,cached_powers_Q,2,2,0.282,BalancedZippel
fire7_graph5_rank0683,Automatic,1,ok,132.631,15,2,1,0,0,2305843009213693967:12;2305843009213693973:3,Symbolica_default,cached_powers_Q,2,2,0.281,BalancedZippel
fire7_graph5_rank0684,Automatic,1,ok,385.151,23,2,1,0,0,2305843009213693967:20;2305843009213693973:3,Symbolica_default,cached_powers_Q,1,6,0.336,BalancedZippel
fire7_graph5_rank0685,Automatic,1,ok,178.481,21,2,1,0,0,2305843009213693967:18;2305843009213693973:3,Symbolica_default,cached_powers_Q,2,4,0.301,BalancedZippel
fire7_graph5_rank0686,Automatic,1,ok,113.550,17,2,1,0,0,2305843009213693967:14;2305843009213693973:3,Symbolica_default,cached_powers_Q,1,2,0.297,BalancedZippel
fire7_graph5_rank0687,Automatic,1,ok,205.921,17,2,1,0,0,2305843009213693967:14;2305843009213693973:3,Symbolica_default,cached_powers_Q,1,2,0.503,BalancedZippel
fire7_graph5_rank0688,Automatic,1,ok,144.761,20,2,1,0,0,2305843009213693967:17;2305843009213693973:3,Symbolica_default,cached_powers_Q,2,3,0.420,BalancedZippel
fire7_graph5_rank0689,Automatic,1,ok,303.422,22,2,1,0,0,2305843009213693967:19;2305843009213693973:3,Symbolica_default,cached_powers_Q,2,3,0.233,BalancedZippel
fire7_graph5_rank0690,Automatic,1,ok,193.001,16,2,1,0,0,2305843009213693967:13;2305843009213693973:3,Symbolica_default,cached_powers_Q,2,2,0.266,BalancedZippel
fire7_graph5_rank0691,Automatic,1,ok,106.820,17,2,1,0,0,2305843009213693967:14;2305843009213693973:3,Symbolica_default,cached_powers_Q,1,2,0.314,BalancedZippel
fire7_graph5_rank0692,Automatic,1,ok,236.121,20,2,1,0,0,2305843009213693967:17;2305843009213693973:3,Symbolica_default,cached_powers_Q,2,4,0.557,BalancedZippel
fire7_graph5_rank0693,Automatic,1,ok,153.610,17,2,1,0,0,2305843009213693967:14;2305843009213693973:3,Symbolica_default,cached_powers_Q,3,3,0.301,BalancedZippel
fire7_graph5_rank0694,Automatic,1,ok,107.550,15,2,1,0,0,2305843009213693967:12;2305843009213693973:3,Symbolica_default,cached_powers_Q,1,2,0.267,BalancedZippel
fire7_graph5_rank0695,Automatic,1,ok,161.780,18,2,1,0,0,2305843009213693967:15;2305843009213693973:3,Symbolica_default,cached_powers_Q,1,3,0.544,BalancedZippel
fire7_graph5_rank0696,Automatic,1,ok,108.310,16,2,1,0,0,2305843009213693967:13;2305843009213693973:3,Symbolica_default,cached_powers_Q,1,2,0.330,BalancedZippel
fire7_graph5_rank0697,Automatic,1,ok,318.492,16,2,1,0,0,2305843009213693967:13;2305843009213693973:3,Symbolica_default,cached_powers_Q,2,2,0.275,BalancedZippel
fire7_graph5_rank0698,Automatic,1,ok,151.471,19,2,1,0,0,2305843009213693967:16;2305843009213693973:3,Symbolica_default,cached_powers_Q,2,4,0.316,BalancedZippel
fire7_graph5_rank0699,Automatic,1,ok,156.761,19,2,1,0,0,2305843009213693967:16;2305843009213693973:3,Symbolica_default,cached_powers_Q,3,2,0.277,BalancedZippel
fire7_graph5_rank0700,Automatic,1,ok,149.181,16,2,1,0,0,2305843009213693967:13;2305843009213693973:3,Symbolica_default,cached_powers_Q,2,2,0.243,BalancedZippel
fire7_graph5_rank0701,Automatic,1,ok,196.581,15,2,1,0,0,2305843009213693967:12;2305843009213693973:3,Symbolica_default,cached_powers_Q,2,2,0.549,BalancedZippel
fire7_graph5_rank0702,Automatic,1,ok,173.711,20,2,1,0,0,2305843009213693967:17;2305843009213693973:3,Symbolica_default,cached_powers_Q,2,4,0.267,BalancedZippel
fire7_graph5_rank0703,Automatic,1,ok,218.071,20,2,1,0,0,2305843009213693967:17;2305843009213693973:3,Symbolica_default,cached_powers_Q,2,4,0.582,BalancedZippel
fire7_graph5_rank0704,Automatic,1,ok,187.960,21,2,1,0,0,2305843009213693967:18;2305843009213693973:3,Symbolica_default,cached_powers_Q,2,4,0.267,BalancedZippel
fire7_graph5_rank0705,Automatic,1,ok,150.080,16,2,1,0,0,2305843009213693967:13;2305843009213693973:3,Symbolica_default,cached_powers_Q,2,2,0.424,BalancedZippel
fire7_graph5_rank0706,Automatic,1,ok,252.821,15,2,1,0,0,2305843009213693967:12;2305843009213693973:3,Symbolica_default,cached_powers_Q,2,2,0.339,BalancedZippel
fire7_graph5_rank0707,Automatic,1,ok,177.981,20,2,1,0,0,2305843009213693967:17;2305843009213693973:3,Symbolica_default,cached_powers_Q,2,4,0.294,BalancedZippel
fire7_graph5_rank0708,Automatic,1,ok,116.361,17,2,1,0,0,2305843009213693967:14;2305843009213693973:3,Symbolica_default,cached_powers_Q,1,2,0.479,BalancedZippel
fire7_graph5_rank0709,Automatic,1,ok,156.991,15,2,1,0,0,2305843009213693967:12;2305843009213693973:3,Symbolica_default,cached_powers_Q,1,2,0.466,BalancedZippel
fire7_graph5_rank0710,Automatic,1,ok,145.351,15,2,1,0,0,2305843009213693967:12;2305843009213693973:3,Symbolica_default,cached_powers_Q,2,2,0.263,BalancedZippel
fire7_graph5_rank0711,Automatic,1,ok,176.141,15,2,1,0,0,2305843009213693967:12;2305843009213693973:3,Symbolica_default,cached_powers_Q,2,2,0.559,BalancedZippel
fire7_graph5_rank0712,Automatic,1,ok,164.941,17,2,1,0,0,2305843009213693967:14;2305843009213693973:3,Symbolica_default,cached_powers_Q,3,3,0.297,BalancedZippel
fire7_graph5_rank0713,Automatic,1,ok,150.291,17,2,1,0,0,2305843009213693967:14;2305843009213693973:3,Symbolica_default,cached_powers_Q,3,3,0.283,BalancedZippel
fire7_graph5_rank0714,Automatic,1,ok,159.431,16,2,1,0,0,2305843009213693967:13;2305843009213693973:3,Symbolica_default,cached_powers_Q,2,2,0.426,BalancedZippel
fire7_graph5_rank0715,Automatic,1,ok,183.051,15,2,1,0,0,2305843009213693967:12;2305843009213693973:3,Symbolica_default,cached_powers_Q,2,2,0.367,BalancedZippel
fire7_graph5_rank0716,Automatic,1,ok,323.791,20,2,1,0,0,2305843009213693967:17;2305843009213693973:3,Symbolica_default,cached_powers_Q,2,3,0.251,BalancedZippel
fire7_graph5_rank0717,Automatic,1,ok,178.761,19,2,1,0,0,2305843009213693967:16;2305843009213693973:3,Symbolica_default,cached_powers_Q,4,2,0.462,BalancedZippel
fire7_graph5_rank0718,Automatic,1,ok,182.631,20,2,1,0,0,2305843009213693967:17;2305843009213693973:3,Symbolica_default,cached_powers_Q,2,4,0.481,BalancedZippel
fire7_graph5_rank0719,Automatic,1,ok,147.221,16,2,1,0,0,2305843009213693967:13;2305843009213693973:3,Symbolica_default,cached_powers_Q,3,2,0.268,BalancedZippel
fire7_graph5_rank0720,Automatic,1,ok,157.671,18,2,1,0,0,2305843009213693967:15;2305843009213693973:3,Symbolica_default,cached_powers_Q,2,2,0.308,BalancedZippel
fire7_graph5_rank0721,Automatic,1,ok,186.461,15,2,1,0,0,2305843009213693967:12;2305843009213693973:3,Symbolica_default,cached_powers_Q,2,2,0.389,BalancedZippel
fire7_graph5_rank0722,Automatic,1,ok,153.580,18,2,1,0,0,2305843009213693967:15;2305843009213693973:3,Symbolica_default,cached_powers_Q,2,3,0.463,BalancedZippel
fire7_graph5_rank0723,Automatic,1,ok,206.050,16,2,1,0,0,2305843009213693967:13;2305843009213693973:3,Symbolica_default,cached_powers_Q,3,2,0.308,BalancedZippel
fire7_graph5_rank0724,Automatic,1,ok,153.861,16,2,1,0,0,2305843009213693967:13;2305843009213693973:3,Symbolica_default,cached_powers_Q,3,2,0.471,BalancedZippel
fire7_graph5_rank0725,Automatic,1,ok,237.281,16,2,1,0,0,2305843009213693967:13;2305843009213693973:3,Symbolica_default,cached_powers_Q,2,2,0.242,BalancedZippel
fire7_graph5_rank0726,Automatic,1,ok,121.651,16,2,1,0,0,2305843009213693967:13;2305843009213693973:3,Symbolica_default,cached_powers_Q,2,2,0.209,BalancedZippel
fire7_graph5_rank0727,Automatic,1,ok,113.371,16,2,1,0,0,2305843009213693967:13;2305843009213693973:3,Symbolica_default,cached_powers_Q,3,2,0.355,BalancedZippel
fire7_graph5_rank0728,Automatic,1,ok,156.811,21,2,1,0,0,2305843009213693967:18;2305843009213693973:3,Symbolica_default,cached_powers_Q,2,4,0.223,BalancedZippel
fire7_graph5_rank0729,Automatic,1,ok,150.971,16,2,1,0,0,2305843009213693967:13;2305843009213693973:3,Symbolica_default,cached_powers_Q,3,2,0.297,BalancedZippel
fire7_graph5_rank0730,Automatic,1,ok,240.021,16,2,1,0,0,2305843009213693967:13;2305843009213693973:3,Symbolica_default,cached_powers_Q,2,2,0.215,BalancedZippel
fire7_graph5_rank0731,Automatic,1,ok,192.261,16,2,1,0,0,2305843009213693967:13;2305843009213693973:3,Symbolica_default,cached_powers_Q,2,2,0.326,BalancedZippel
fire7_graph5_rank0732,Automatic,1,ok,340.642,15,2,1,0,0,2305843009213693967:12;2305843009213693973:3,Symbolica_default,cached_powers_Q,2,2,0.345,BalancedZippel
fire7_graph5_rank0733,Automatic,1,ok,347.332,15,2,1,0,0,2305843009213693967:12;2305843009213693973:3,Symbolica_default,cached_powers_Q,2,2,0.340,BalancedZippel
fire7_graph5_rank0734,Automatic,1,ok,141.200,16,2,1,0,0,2305843009213693967:13;2305843009213693973:3,Symbolica_default,cached_powers_Q,3,2,0.308,BalancedZippel
fire7_graph5_rank0735,Automatic,1,ok,235.501,16,2,1,0,0,2305843009213693967:13;2305843009213693973:3,Symbolica_default,cached_powers_Q,3,2,0.225,BalancedZippel
fire7_graph5_rank0736,Automatic,1,ok,255.961,16,2,1,0,0,2305843009213693967:13;2305843009213693973:3,Symbolica_default,cached_powers_Q,3,2,0.220,BalancedZippel
fire7_graph5_rank0737,Automatic,1,ok,246.091,16,2,1,0,0,2305843009213693967:13;2305843009213693973:3,Symbolica_default,cached_powers_Q,3,2,0.223,BalancedZippel
fire7_graph5_rank0738,Automatic,1,ok,142.031,18,2,1,0,0,2305843009213693967:15;2305843009213693973:3,Symbolica_default,cached_powers_Q,2,3,0.462,BalancedZippel
fire7_graph5_rank0739,Automatic,1,ok,197.481,20,2,1,0,0,2305843009213693967:17;2305843009213693973:3,Symbolica_default,cached_powers_Q,2,2,0.520,BalancedZippel
fire7_graph5_rank0740,Automatic,1,ok,139.970,15,2,1,0,0,2305843009213693967:12;2305843009213693973:3,Symbolica_default,cached_powers_Q,2,2,0.269,BalancedZippel
fire7_graph5_rank0741,Automatic,1,ok,409.092,16,2,1,0,0,2305843009213693967:13;2305843009213693973:3,Symbolica_default,cached_powers_Q,2,2,0.334,BalancedZippel
fire7_graph5_rank0742,Automatic,1,ok,161.081,16,2,1,0,0,2305843009213693967:13;2305843009213693973:3,Symbolica_default,cached_powers_Q,2,2,0.264,BalancedZippel
fire7_graph5_rank0743,Automatic,1,ok,136.001,16,2,1,0,0,2305843009213693967:13;2305843009213693973:3,Symbolica_default,cached_powers_Q,3,2,0.279,BalancedZippel
fire7_graph5_rank0744,Automatic,1,ok,231.141,20,2,1,0,0,2305843009213693967:17;2305843009213693973:3,Symbolica_default,cached_powers_Q,2,4,0.569,BalancedZippel
fire7_graph5_rank0745,Automatic,1,ok,347.282,16,2,1,0,0,2305843009213693967:13;2305843009213693973:3,Symbolica_default,cached_powers_Q,2,2,0.269,BalancedZippel
fire7_graph5_rank0746,Automatic,1,ok,138.050,20,2,1,0,0,2305843009213693967:17;2305843009213693973:3,Symbolica_default,cached_powers_Q,2,3,0.259,BalancedZippel
fire7_graph5_rank0747,Automatic,1,ok,242.241,21,2,1,0,0,2305843009213693967:18;2305843009213693973:3,Symbolica_default,cached_powers_Q,3,2,0.523,BalancedZippel
fire7_graph5_rank0748,Automatic,1,ok,170.871,20,2,1,0,0,2305843009213693967:17;2305843009213693973:3,Symbolica_default,cached_powers_Q,2,4,0.477,BalancedZippel
fire7_graph5_rank0749,Automatic,1,ok,194.491,16,2,1,0,0,2305843009213693967:13;2305843009213693973:3,Symbolica_default,cached_powers_Q,2,2,0.254,BalancedZippel
fire7_graph5_rank0750,Automatic,1,ok,341.291,16,2,1,0,0,2305843009213693967:13;2305843009213693973:3,Symbolica_default,cached_powers_Q,3,2,0.258,BalancedZippel
fire7_graph5_rank0751,Automatic,1,ok,156.521,17,2,1,0,0,2305843009213693967:14;2305843009213693973:3,Symbolica_default,cached_powers_Q,2,3,0.258,BalancedZippel
fire7_graph5_rank0752,Automatic,1,ok,161.241,18,2,1,0,0,2305843009213693967:15;2305843009213693973:3,Symbolica_default,cached_powers_Q,2,3,0.272,BalancedZippel
fire7_graph5_rank0753,Automatic,1,ok,193.041,15,2,1,0,0,2305843009213693967:12;2305843009213693973:3,Symbolica_default,cached_powers_Q,2,2,0.318,BalancedZippel
fire7_graph5_rank0754,Automatic,1,ok,419.612,15,2,1,0,0,2305843009213693967:12;2305843009213693973:3,Symbolica_default,cached_powers_Q,2,2,0.420,BalancedZippel
fire7_graph5_rank0755,Automatic,1,ok,135.941,18,2,1,0,0,2305843009213693967:15;2305843009213693973:3,Symbolica_default,cached_powers_Q,2,2,0.427,BalancedZippel
fire7_graph5_rank0756,Automatic,1,ok,224.111,16,2,1,0,0,2305843009213693967:13;2305843009213693973:3,Symbolica_default,cached_powers_Q,2,2,0.196,BalancedZippel
fire7_graph5_rank0757,Automatic,1,ok,119.181,16,2,1,0,0,2305843009213693967:13;2305843009213693973:3,Symbolica_default,cached_powers_Q,2,2,0.210,BalancedZippel
fire7_graph5_rank0758,Automatic,1,ok,143.600,20,2,1,0,0,2305843009213693967:17;2305843009213693973:3,Symbolica_default,cached_powers_Q,2,4,0.241,BalancedZippel
fire7_graph5_rank0759,Automatic,1,ok,138.461,20,2,1,0,0,2305843009213693967:17;2305843009213693973:3,Symbolica_default,cached_powers_Q,2,4,0.219,BalancedZippel
fire7_graph5_rank0760,Automatic,1,ok,229.821,16,2,1,0,0,2305843009213693967:13;2305843009213693973:3,Symbolica_default,cached_powers_Q,2,2,0.201,BalancedZippel
fire7_graph5_rank0761,Automatic,1,ok,137.901,16,2,1,0,0,2305843009213693967:13;2305843009213693973:3,Symbolica_default,cached_powers_Q,2,2,0.209,BalancedZippel
fire7_graph5_rank0762,Automatic,1,ok,110.830,15,2,1,0,0,2305843009213693967:12;2305843009213693973:3,Symbolica_default,cached_powers_Q,2,2,0.289,BalancedZippel
fire7_graph5_rank0763,Automatic,1,ok,94.390,15,2,1,0,0,2305843009213693967:12;2305843009213693973:3,Symbolica_default,cached_powers_Q,1,2,0.251,BalancedZippel
fire7_graph5_rank0764,Automatic,1,ok,197.801,16,2,1,0,0,2305843009213693967:13;2305843009213693973:3,Symbolica_default,cached_powers_Q,2,2,0.334,BalancedZippel
fire7_graph5_rank0765,Automatic,1,ok,209.741,16,2,1,0,0,2305843009213693967:13;2305843009213693973:3,Symbolica_default,cached_powers_Q,2,2,0.490,BalancedZippel
fire7_graph5_rank0766,Automatic,1,ok,184.181,20,2,1,0,0,2305843009213693967:17;2305843009213693973:3,Symbolica_default,cached_powers_Q,2,4,0.293,BalancedZippel
fire7_graph5_rank0767,Automatic,1,ok,138.071,19,2,1,0,0,2305843009213693967:16;2305843009213693973:3,Symbolica_default,cached_powers_Q,3,2,0.212,BalancedZippel
fire7_graph5_rank0768,Automatic,1,ok,86.720,15,2,1,0,0,2305843009213693967:12;2305843009213693973:3,Symbolica_default,cached_powers_Q,1,2,0.288,BalancedZippel
fire7_graph5_rank0769,Automatic,1,ok,130.820,17,2,1,0,0,2305843009213693967:14;2305843009213693973:3,Symbolica_default,cached_powers_Q,2,2,0.208,BalancedZippel
fire7_graph5_rank0770,Automatic,1,ok,123.251,16,2,1,0,0,2305843009213693967:13;2305843009213693973:3,Symbolica_default,cached_powers_Q,2,2,0.269,BalancedZippel
fire7_graph5_rank0771,Automatic,1,ok,210.841,17,2,1,0,0,2305843009213693967:14;2305843009213693973:3,Symbolica_default,cached_powers_Q,2,2,0.517,BalancedZippel
fire7_graph5_rank0772,Automatic,1,ok,280.121,16,2,1,0,0,2305843009213693967:13;2305843009213693973:3,Symbolica_default,cached_powers_Q,2,2,0.250,BalancedZippel
fire7_graph5_rank0773,Automatic,1,ok,336.531,22,2,1,0,0,2305843009213693967:19;2305843009213693973:3,Symbolica_default,cached_powers_Q,2,4,0.294,BalancedZippel
fire7_graph5_rank0774,Automatic,1,ok,120.740,17,2,1,0,0,2305843009213693967:14;2305843009213693973:3,Symbolica_default,cached_powers_Q,1,2,0.318,BalancedZippel
fire7_graph5_rank0775,Automatic,1,ok,276.751,20,2,1,0,0,2305843009213693967:17;2305843009213693973:3,Symbolica_default,cached_powers_Q,2,2,0.256,BalancedZippel
fire7_graph5_rank0776,Automatic,1,ok,383.742,18,2,1,0,0,2305843009213693967:15;2305843009213693973:3,Symbolica_default,cached_powers_Q,3,1,0.295,BalancedZippel
fire7_graph5_rank0777,Automatic,1,ok,181.061,20,2,1,0,0,2305843009213693967:17;2305843009213693973:3,Symbolica_default,cached_powers_Q,2,4,0.468,BalancedZippel
fire7_graph5_rank0778,Automatic,1,ok,145.790,16,2,1,0,0,2305843009213693967:13;2305843009213693973:3,Symbolica_default,cached_powers_Q,2,2,0.246,BalancedZippel
fire7_graph5_rank0779,Automatic,1,ok,183.641,16,2,1,0,0,2305843009213693967:13;2305843009213693973:3,Symbolica_default,cached_powers_Q,3,2,0.379,BalancedZippel
fire7_graph5_rank0780,Automatic,1,ok,136.511,20,2,1,0,0,2305843009213693967:17;2305843009213693973:3,Symbolica_default,cached_powers_Q,2,3,0.275,BalancedZippel
fire7_graph5_rank0781,Automatic,1,ok,137.911,20,2,1,0,0,2305843009213693967:17;2305843009213693973:3,Symbolica_default,cached_powers_Q,2,2,0.261,BalancedZippel
fire7_graph5_rank0782,Automatic,1,ok,227.282,20,2,1,0,0,2305843009213693967:17;2305843009213693973:3,Symbolica_default,cached_powers_Q,2,4,0.566,BalancedZippel
fire7_graph5_rank0783,Automatic,1,ok,154.841,16,2,1,0,0,2305843009213693967:13;2305843009213693973:3,Symbolica_default,cached_powers_Q,2,2,0.231,BalancedZippel
fire7_graph5_rank0784,Automatic,1,ok,156.411,15,2,1,0,0,2305843009213693967:12;2305843009213693973:3,Symbolica_default,cached_powers_Q,2,2,0.243,BalancedZippel
fire7_graph5_rank0785,Automatic,1,ok,188.970,20,2,1,0,0,2305843009213693967:17;2305843009213693973:3,Symbolica_default,cached_powers_Q,2,3,0.419,BalancedZippel
fire7_graph5_rank0786,Automatic,1,ok,135.911,18,2,1,0,0,2305843009213693967:15;2305843009213693973:3,Symbolica_default,cached_powers_Q,2,2,0.266,BalancedZippel
fire7_graph5_rank0787,Automatic,1,ok,150.961,16,2,1,0,0,2305843009213693967:13;2305843009213693973:3,Symbolica_default,cached_powers_Q,1,1,0.351,BalancedZippel
fire7_graph5_rank0788,Automatic,1,ok,151.251,17,2,1,0,0,2305843009213693967:14;2305843009213693973:3,Symbolica_default,cached_powers_Q,2,3,0.262,BalancedZippel
fire7_graph5_rank0789,Automatic,1,ok,288.441,17,2,1,0,0,2305843009213693967:14;2305843009213693973:3,Symbolica_default,cached_powers_Q,1,2,0.230,BalancedZippel
fire7_graph5_rank0790,Automatic,1,ok,155.191,15,2,1,0,0,2305843009213693967:12;2305843009213693973:3,Symbolica_default,cached_powers_Q,2,2,0.260,BalancedZippel
fire7_graph5_rank0791,Automatic,1,ok,99.910,15,2,1,0,0,2305843009213693967:12;2305843009213693973:3,Symbolica_default,cached_powers_Q,1,2,0.235,BalancedZippel
fire7_graph5_rank0792,Automatic,1,ok,91.221,15,2,1,0,0,2305843009213693967:12;2305843009213693973:3,Symbolica_default,cached_powers_Q,1,2,0.195,BalancedZippel
fire7_graph5_rank0793,Automatic,1,ok,131.900,17,2,1,0,0,2305843009213693967:14;2305843009213693973:3,Symbolica_default,cached_powers_Q,2,2,0.212,BalancedZippel
fire7_graph5_rank0794,Automatic,1,ok,239.332,20,2,1,0,0,2305843009213693967:17;2305843009213693973:3,Symbolica_default,cached_powers_Q,1,4,0.235,BalancedZippel
fire7_graph5_rank0795,Automatic,1,ok,121.861,14,2,1,0,0,2305843009213693967:11;2305843009213693973:3,Symbolica_default,cached_powers_Q,1,1,0.365,BalancedZippel
fire7_graph5_rank0796,Automatic,1,ok,200.921,17,2,1,0,0,2305843009213693967:14;2305843009213693973:3,Symbolica_default,cached_powers_Q,2,2,0.345,BalancedZippel
fire7_graph5_rank0797,Automatic,1,ok,190.301,17,2,1,0,0,2305843009213693967:14;2305843009213693973:3,Symbolica_default,cached_powers_Q,2,3,0.454,BalancedZippel
fire7_graph5_rank0798,Automatic,1,ok,124.191,20,2,1,0,0,2305843009213693967:17;2305843009213693973:3,Symbolica_default,cached_powers_Q,1,4,0.258,BalancedZippel
fire7_graph5_rank0799,Automatic,1,ok,129.220,15,2,1,0,0,2305843009213693967:12;2305843009213693973:3,Symbolica_default,cached_powers_Q,2,2,0.252,BalancedZippel
fire7_graph5_rank0800,Automatic,1,ok,119.361,15,2,1,0,0,2305843009213693967:12;2305843009213693973:3,Symbolica_default,cached_powers_Q,2,2,0.203,BalancedZippel
fire7_graph5_rank0801,Automatic,1,ok,144.941,20,2,1,0,0,2305843009213693967:17;2305843009213693973:3,Symbolica_default,cached_powers_Q,1,4,0.317,BalancedZippel
fire7_graph5_rank0802,Automatic,1,ok,245.172,20,2,1,0,0,2305843009213693967:17;2305843009213693973:3,Symbolica_default,cached_powers_Q,1,4,0.211,BalancedZippel
fire7_graph5_rank0803,Automatic,1,ok,93.370,15,2,1,0,0,2305843009213693967:12;2305843009213693973:3,Symbolica_default,cached_powers_Q,1,2,0.222,BalancedZippel
fire7_graph5_rank0804,Automatic,1,ok,141.301,15,2,1,0,0,2305843009213693967:12;2305843009213693973:3,Symbolica_default,cached_powers_Q,1,1,0.358,BalancedZippel
fire7_graph5_rank0805,Automatic,1,ok,120.501,14,2,1,0,0,2305843009213693967:11;2305843009213693973:3,Symbolica_default,cached_powers_Q,1,1,0.402,BalancedZippel
fire7_graph5_rank0806,Automatic,1,ok,142.760,14,2,1,0,0,2305843009213693967:11;2305843009213693973:3,Symbolica_default,cached_powers_Q,1,1,0.351,BalancedZippel
fire7_graph5_rank0807,Automatic,1,ok,141.641,14,2,1,0,0,2305843009213693967:11;2305843009213693973:3,Symbolica_default,cached_powers_Q,1,1,0.388,BalancedZippel
fire7_graph5_rank0808,Automatic,1,ok,79.301,15,2,1,0,0,2305843009213693967:12;2305843009213693973:3,Symbolica_default,cached_powers_Q,1,1,0.370,BalancedZippel
fire7_graph5_rank0809,Automatic,1,ok,162.191,16,2,1,0,0,2305843009213693967:13;2305843009213693973:3,Symbolica_default,cached_powers_Q,1,1,0.228,BalancedZippel
fire7_graph5_rank0810,Automatic,1,ok,121.280,18,2,1,0,0,2305843009213693967:15;2305843009213693973:3,Symbolica_default,cached_powers_Q,3,1,0.177,BalancedZippel
fire7_graph5_rank0811,Automatic,1,ok,190.281,14,2,1,0,0,2305843009213693967:11;2305843009213693973:3,Symbolica_default,cached_powers_Q,1,1,0.544,BalancedZippel
fire7_graph5_rank0812,Automatic,1,ok,140.110,18,2,1,0,0,2305843009213693967:15;2305843009213693973:3,Symbolica_default,cached_powers_Q,2,2,0.248,BalancedZippel
fire7_graph5_rank0813,Automatic,1,ok,118.730,17,2,1,0,0,2305843009213693967:14;2305843009213693973:3,Symbolica_default,cached_powers_Q,1,2,0.409,BalancedZippel
fire7_graph5_rank0814,Automatic,1,ok,316.071,20,2,1,0,0,2305843009213693967:17;2305843009213693973:3,Symbolica_default,cached_powers_Q,1,4,0.242,BalancedZippel
fire7_graph5_rank0815,Automatic,1,ok,174.751,19,2,1,0,0,2305843009213693967:16;2305843009213693973:3,Symbolica_default,cached_powers_Q,2,2,0.267,BalancedZippel
fire7_graph5_rank0816,Automatic,1,ok,122.721,17,2,1,0,0,2305843009213693967:14;2305843009213693973:3,Symbolica_default,cached_powers_Q,1,2,0.232,BalancedZippel
fire7_graph5_rank0817,Automatic,1,ok,331.772,15,2,1,0,0,2305843009213693967:12;2305843009213693973:3,Symbolica_default,cached_powers_Q,2,2,0.253,BalancedZippel
fire7_graph5_rank0818,Automatic,1,ok,112.381,17,2,1,0,0,2305843009213693967:14;2305843009213693973:3,Symbolica_default,cached_powers_Q,1,3,0.224,BalancedZippel
fire7_graph5_rank0819,Automatic,1,ok,122.741,15,2,1,0,0,2305843009213693967:12;2305843009213693973:3,Symbolica_default,cached_powers_Q,2,2,0.246,BalancedZippel
fire7_graph5_rank0820,Automatic,1,ok,327.551,18,2,1,0,0,2305843009213693967:15;2305843009213693973:3,Symbolica_default,cached_powers_Q,2,2,0.262,BalancedZippel
fire7_graph5_rank0821,Automatic,1,ok,137.890,14,2,1,0,0,2305843009213693967:11;2305843009213693973:3,Symbolica_default,cached_powers_Q,1,1,0.312,BalancedZippel
fire7_graph5_rank0822,Automatic,1,ok,176.301,20,2,1,0,0,2305843009213693967:17;2305843009213693973:3,Symbolica_default,cached_powers_Q,2,3,0.519,BalancedZippel
fire7_graph5_rank0823,Automatic,1,ok,290.771,22,2,1,0,0,2305843009213693967:19;2305843009213693973:3,Symbolica_default,cached_powers_Q,2,3,0.281,BalancedZippel
fire7_graph5_rank0824,Automatic,1,ok,105.241,18,2,1,0,0,2305843009213693967:15;2305843009213693973:3,Symbolica_default,cached_powers_Q,2,2,0.237,BalancedZippel
fire7_graph5_rank0825,Automatic,1,ok,126.410,15,2,1,0,0,2305843009213693967:12;2305843009213693973:3,Symbolica_default,cached_powers_Q,2,2,0.220,BalancedZippel
fire7_graph5_rank0826,Automatic,1,ok,118.911,18,2,1,0,0,2305843009213693967:15;2305843009213693973:3,Symbolica_default,cached_powers_Q,2,2,0.339,BalancedZippel
fire7_graph5_rank0827,Automatic,1,ok,85.700,14,2,1,0,0,2305843009213693967:11;2305843009213693973:3,Symbolica_default,cached_powers_Q,1,1,0.337,BalancedZippel
fire7_graph5_rank0828,Automatic,1,ok,152.821,21,2,1,0,0,2305843009213693967:18;2305843009213693973:3,Symbolica_default,cached_powers_Q,2,2,0.269,BalancedZippel
fire7_graph5_rank0829,Automatic,1,ok,179.770,15,2,1,0,0,2305843009213693967:12;2305843009213693973:3,Symbolica_default,cached_powers_Q,2,2,0.513,BalancedZippel
fire7_graph5_rank0830,Automatic,1,ok,154.331,17,2,1,0,0,2305843009213693967:14;2305843009213693973:3,Symbolica_default,cached_powers_Q,1,2,0.492,BalancedZippel
fire7_graph5_rank0831,Automatic,1,ok,163.611,20,2,1,0,0,2305843009213693967:17;2305843009213693973:3,Symbolica_default,cached_powers_Q,1,4,0.317,BalancedZippel
fire7_graph5_rank0832,Automatic,1,ok,224.181,18,2,1,0,0,2305843009213693967:15;2305843009213693973:3,Symbolica_default,cached_powers_Q,1,3,0.256,BalancedZippel
fire7_graph5_rank0833,Automatic,1,ok,131.690,18,2,1,0,0,2305843009213693967:15;2305843009213693973:3,Symbolica_default,cached_powers_Q,2,2,0.357,BalancedZippel
fire7_graph5_rank0834,Automatic,1,ok,120.201,15,2,1,0,0,2305843009213693967:12;2305843009213693973:3,Symbolica_default,cached_powers_Q,2,2,0.324,BalancedZippel
fire7_graph5_rank0835,Automatic,1,ok,123.291,15,2,1,0,0,2305843009213693967:12;2305843009213693973:3,Symbolica_default,cached_powers_Q,2,2,0.217,BalancedZippel
fire7_graph5_rank0836,Automatic,1,ok,369.512,17,2,1,0,0,2305843009213693967:14;2305843009213693973:3,Symbolica_default,cached_powers_Q,2,1,0.240,BalancedZippel
fire7_graph5_rank0837,Automatic,1,ok,105.160,14,2,1,0,0,2305843009213693967:11;2305843009213693973:3,Symbolica_default,cached_powers_Q,1,1,0.306,BalancedZippel
fire7_graph5_rank0838,Automatic,1,ok,145.701,15,2,1,0,0,2305843009213693967:12;2305843009213693973:3,Symbolica_default,cached_powers_Q,2,2,0.233,BalancedZippel
fire7_graph5_rank0839,Automatic,1,ok,144.291,14,2,1,0,0,2305843009213693967:11;2305843009213693973:3,Symbolica_default,cached_powers_Q,1,1,0.353,BalancedZippel
fire7_graph5_rank0840,Automatic,1,ok,115.640,18,2,1,0,0,2305843009213693967:15;2305843009213693973:3,Symbolica_default,cached_powers_Q,1,3,0.419,BalancedZippel
fire7_graph5_rank0841,Automatic,1,ok,264.471,20,2,1,0,0,2305843009213693967:17;2305843009213693973:3,Symbolica_default,cached_powers_Q,2,2,0.267,BalancedZippel
fire7_graph5_rank0842,Automatic,1,ok,148.020,18,2,1,0,0,2305843009213693967:15;2305843009213693973:3,Symbolica_default,cached_powers_Q,2,2,0.411,BalancedZippel
fire7_graph5_rank0843,Automatic,1,ok,224.731,15,2,1,0,0,2305843009213693967:12;2305843009213693973:3,Symbolica_default,cached_powers_Q,2,1,0.235,BalancedZippel
fire7_graph5_rank0844,Automatic,1,ok,157.121,16,2,1,0,0,2305843009213693967:13;2305843009213693973:3,Symbolica_default,cached_powers_Q,1,2,0.499,BalancedZippel
fire7_graph5_rank0845,Automatic,1,ok,200.781,16,2,1,0,0,2305843009213693967:13;2305843009213693973:3,Symbolica_default,cached_powers_Q,2,2,0.538,BalancedZippel
fire7_graph5_rank0846,Automatic,1,ok,138.870,18,2,1,0,0,2305843009213693967:15;2305843009213693973:3,Symbolica_default,cached_powers_Q,2,2,0.258,BalancedZippel
fire7_graph5_rank0847,Automatic,1,ok,133.001,14,2,1,0,0,2305843009213693967:11;2305843009213693973:3,Symbolica_default,cached_powers_Q,1,1,0.414,BalancedZippel
fire7_graph5_rank0848,Automatic,1,ok,146.421,13,2,1,0,0,2305843009213693967:10;2305843009213693973:3,Symbolica_default,cached_powers_Q,1,1,0.346,BalancedZippel
fire7_graph5_rank0849,Automatic,1,ok,108.131,14,2,1,0,0,2305843009213693967:11;2305843009213693973:3,Symbolica_default,cached_powers_Q,1,1,0.451,BalancedZippel
fire7_graph5_rank0850,Automatic,1,ok,105.120,15,2,1,0,0,2305843009213693967:12;2305843009213693973:3,Symbolica_default,cached_powers_Q,2,1,0.189,BalancedZippel
fire7_graph5_rank0851,Automatic,1,ok,138.741,18,2,1,0,0,2305843009213693967:15;2305843009213693973:3,Symbolica_default,cached_powers_Q,2,2,0.436,BalancedZippel
fire7_graph5_rank0852,Automatic,1,ok,137.930,17,2,1,0,0,2305843009213693967:14;2305843009213693973:3,Symbolica_default,cached_powers_Q,2,2,0.210,BalancedZippel
fire7_graph5_rank0853,Automatic,1,ok,118.200,18,2,1,0,0,2305843009213693967:15;2305843009213693973:3,Symbolica_default,cached_powers_Q,2,2,0.220,BalancedZippel
fire7_graph5_rank0854,Automatic,1,ok,120.520,15,2,1,0,0,2305843009213693967:12;2305843009213693973:3,Symbolica_default,cached_powers_Q,1,1,0.368,BalancedZippel
fire7_graph5_rank0855,Automatic,1,ok,121.811,14,2,1,0,0,2305843009213693967:11;2305843009213693973:3,Symbolica_default,cached_powers_Q,2,1,0.288,BalancedZippel
fire7_graph5_rank0856,Automatic,1,ok,95.140,17,2,1,0,0,2305843009213693967:14;2305843009213693973:3,Symbolica_default,cached_powers_Q,2,1,0.158,BalancedZippel
fire7_graph5_rank0857,Automatic,1,ok,125.751,14,2,1,0,0,2305843009213693967:11;2305843009213693973:3,Symbolica_default,cached_powers_Q,1,1,0.347,BalancedZippel
fire7_graph5_rank0858,Automatic,1,ok,136.431,14,2,1,0,0,2305843009213693967:11;2305843009213693973:3,Symbolica_default,cached_powers_Q,1,1,0.348,BalancedZippel
fire7_graph5_rank0859,Automatic,1,ok,202.001,17,2,1,0,0,2305843009213693967:14;2305843009213693973:3,Symbolica_default,cached_powers_Q,2,2,0.328,BalancedZippel
fire7_graph5_rank0860,Automatic,1,ok,221.461,21,2,1,0,0,2305843009213693967:18;2305843009213693973:3,Symbolica_default,cached_powers_Q,2,2,0.535,BalancedZippel
fire7_graph5_rank0861,Automatic,1,ok,92.681,13,2,1,0,0,2305843009213693967:10;2305843009213693973:3,Symbolica_default,cached_powers_Q,1,1,0.255,BalancedZippel
fire7_graph5_rank0862,Automatic,1,ok,119.651,16,2,1,0,0,2305843009213693967:13;2305843009213693973:3,Symbolica_default,cached_powers_Q,2,2,0.230,BalancedZippel
fire7_graph5_rank0863,Automatic,1,ok,116.490,20,2,1,0,0,2305843009213693967:17;2305843009213693973:3,Symbolica_default,cached_powers_Q,2,1,0.160,BalancedZippel
fire7_graph5_rank0864,Automatic,1,ok,87.060,14,2,1,0,0,2305843009213693967:11;2305843009213693973:3,Symbolica_default,cached_powers_Q,1,1,0.364,BalancedZippel
fire7_graph5_rank0865,Automatic,1,ok,110.941,14,2,1,0,0,2305843009213693967:11;2305843009213693973:3,Symbolica_default,cached_powers_Q,1,1,0.309,BalancedZippel
fire7_graph5_rank0866,Automatic,1,ok,253.021,17,2,1,0,0,2305843009213693967:14;2305843009213693973:3,Symbolica_default,cached_powers_Q,2,2,0.241,BalancedZippel
fire7_graph5_rank0867,Automatic,1,ok,143.101,13,2,1,0,0,2305843009213693967:10;2305843009213693973:3,Symbolica_default,cached_powers_Q,1,1,0.198,BalancedZippel
fire7_graph5_rank0868,Automatic,1,ok,130.171,13,2,1,0,0,2305843009213693967:10;2305843009213693973:3,Symbolica_default,cached_powers_Q,1,1,0.323,BalancedZippel
fire7_graph5_rank0869,Automatic,1,ok,110.271,17,2,1,0,0,2305843009213693967:14;2305843009213693973:3,Symbolica_default,cached_powers_Q,1,3,0.268,BalancedZippel
fire7_graph5_rank0870,Automatic,1,ok,108.050,15,2,1,0,0,2305843009213693967:12;2305843009213693973:3,Symbolica_default,cached_powers_Q,1,2,0.209,BalancedZippel
fire7_graph5_rank0871,Automatic,1,ok,166.770,16,2,1,0,0,2305843009213693967:13;2305843009213693973:3,Symbolica_default,cached_powers_Q,2,1,0.275,BalancedZippel
fire7_graph5_rank0872,Automatic,1,ok,146.571,14,2,1,0,0,2305843009213693967:11;2305843009213693973:3,Symbolica_default,cached_powers_Q,1,1,0.445,BalancedZippel
fire7_graph5_rank0873,Automatic,1,ok,130.281,18,2,1,0,0,2305843009213693967:15;2305843009213693973:3,Symbolica_default,cached_powers_Q,2,2,0.246,BalancedZippel
fire7_graph5_rank0874,Automatic,1,ok,192.511,15,2,1,0,0,2305843009213693967:12;2305843009213693973:3,Symbolica_default,cached_powers_Q,2,2,0.343,BalancedZippel
fire7_graph5_rank0875,Automatic,1,ok,164.680,16,2,1,0,0,2305843009213693967:13;2305843009213693973:3,Symbolica_default,cached_powers_Q,1,2,0.391,BalancedZippel
fire7_graph5_rank0876,Automatic,1,ok,111.900,16,2,1,0,0,2305843009213693967:13;2305843009213693973:3,Symbolica_default,cached_powers_Q,2,1,0.239,BalancedZippel
fire7_graph5_rank0877,Automatic,1,ok,176.511,15,2,1,0,0,2305843009213693967:12;2305843009213693973:3,Symbolica_default,cached_powers_Q,2,1,0.428,BalancedZippel
fire7_graph5_rank0878,Automatic,1,ok,138.250,18,2,1,0,0,2305843009213693967:15;2305843009213693973:3,Symbolica_default,cached_powers_Q,2,2,0.246,BalancedZippel
fire7_graph5_rank0879,Automatic,1,ok,136.980,18,2,1,0,0,2305843009213693967:15;2305843009213693973:3,Symbolica_default,cached_powers_Q,2,2,0.235,BalancedZippel
fire7_graph5_rank0880,Automatic,1,ok,326.412,15,2,1,0,0,2305843009213693967:12;2305843009213693973:3,Symbolica_default,cached_powers_Q,2,1,0.232,BalancedZippel
fire7_graph5_rank0881,Automatic,1,ok,144.051,18,2,1,0,0,2305843009213693967:15;2305843009213693973:3,Symbolica_default,cached_powers_Q,2,2,0.243,BalancedZippel
fire7_graph5_rank0882,Automatic,1,ok,330.601,16,2,1,0,0,2305843009213693967:13;2305843009213693973:3,Symbolica_default,cached_powers_Q,1,2,0.274,BalancedZippel
fire7_graph5_rank0883,Automatic,1,ok,115.270,16,2,1,0,0,2305843009213693967:13;2305843009213693973:3,Symbolica_default,cached_powers_Q,1,2,0.230,BalancedZippel
fire7_graph5_rank0884,Automatic,1,ok,109.601,16,2,1,0,0,2305843009213693967:13;2305843009213693973:3,Symbolica_default,cached_powers_Q,1,2,0.225,BalancedZippel
fire7_graph5_rank0885,Automatic,1,ok,310.682,16,2,1,0,0,2305843009213693967:13;2305843009213693973:3,Symbolica_default,cached_powers_Q,2,1,0.299,BalancedZippel
fire7_graph5_rank0886,Automatic,1,ok,101.520,14,2,1,0,0,2305843009213693967:11;2305843009213693973:3,Symbolica_default,cached_powers_Q,2,1,0.213,BalancedZippel
fire7_graph5_rank0887,Automatic,1,ok,130.790,17,2,1,0,0,2305843009213693967:14;2305843009213693973:3,Symbolica_default,cached_powers_Q,1,2,0.236,BalancedZippel
fire7_graph5_rank0888,Automatic,1,ok,234.501,13,2,1,0,0,2305843009213693967:10;2305843009213693973:3,Symbolica_default,cached_powers_Q,1,1,0.267,BalancedZippel
fire7_graph5_rank0889,Automatic,1,ok,136.371,18,2,1,0,0,2305843009213693967:15;2305843009213693973:3,Symbolica_default,cached_powers_Q,2,2,0.225,BalancedZippel
fire7_graph5_rank0890,Automatic,1,ok,156.970,14,2,1,0,0,2305843009213693967:11;2305843009213693973:3,Symbolica_default,cached_powers_Q,2,1,0.234,BalancedZippel
fire7_graph5_rank0891,Automatic,1,ok,146.780,15,2,1,0,0,2305843009213693967:12;2305843009213693973:3,Symbolica_default,cached_powers_Q,2,2,0.254,BalancedZippel
fire7_graph5_rank0892,Automatic,1,ok,160.971,16,2,1,0,0,2305843009213693967:13;2305843009213693973:3,Symbolica_default,cached_powers_Q,2,1,0.445,BalancedZippel
fire7_graph5_rank0893,Automatic,1,ok,141.020,14,2,1,0,0,2305843009213693967:11;2305843009213693973:3,Symbolica_default,cached_powers_Q,2,1,0.375,BalancedZippel
fire7_graph5_rank0894,Automatic,1,ok,112.700,16,2,1,0,0,2305843009213693967:13;2305843009213693973:3,Symbolica_default,cached_powers_Q,2,1,0.227,BalancedZippel
fire7_graph5_rank0895,Automatic,1,ok,87.500,14,2,1,0,0,2305843009213693967:11;2305843009213693973:3,Symbolica_default,cached_powers_Q,2,1,0.188,BalancedZippel
fire7_graph5_rank0896,Automatic,1,ok,230.781,15,2,1,0,0,2305843009213693967:12;2305843009213693973:3,Symbolica_default,cached_powers_Q,2,2,0.221,BalancedZippel
fire7_graph5_rank0897,Automatic,1,ok,165.861,15,2,1,0,0,2305843009213693967:12;2305843009213693973:3,Symbolica_default,cached_powers_Q,1,2,0.316,BalancedZippel
fire7_graph5_rank0898,Automatic,1,ok,182.951,16,2,1,0,0,2305843009213693967:13;2305843009213693973:3,Symbolica_default,cached_powers_Q,1,2,0.184,BalancedZippel
fire7_graph5_rank0899,Automatic,1,ok,156.651,17,2,1,0,0,2305843009213693967:14;2305843009213693973:3,Symbolica_default,cached_powers_Q,1,2,0.272,BalancedZippel
fire7_graph5_rank0900,Automatic,1,ok,232.321,16,2,1,0,0,2305843009213693967:13;2305843009213693973:3,Symbolica_default,cached_powers_Q,1,1,0.168,BalancedZippel
fire7_graph5_rank0901,Automatic,1,ok,93.880,14,2,1,0,0,2305843009213693967:11;2305843009213693973:3,Symbolica_default,cached_powers_Q,2,1,0.218,BalancedZippel
fire7_graph5_rank0902,Automatic,1,ok,103.090,16,2,1,0,0,2305843009213693967:13;2305843009213693973:3,Symbolica_default,cached_powers_Q,1,2,0.207,BalancedZippel
fire7_graph5_rank0903,Automatic,1,ok,92.580,15,2,1,0,0,2305843009213693967:12;2305843009213693973:3,Symbolica_default,cached_powers_Q,1,2,0.173,BalancedZippel
fire7_graph5_rank0904,Automatic,1,ok,133.570,15,2,1,0,0,2305843009213693967:12;2305843009213693973:3,Symbolica_default,cached_powers_Q,1,1,0.288,BalancedZippel
fire7_graph5_rank0905,Automatic,1,ok,99.230,17,2,1,0,0,2305843009213693967:14;2305843009213693973:3,Symbolica_default,cached_powers_Q,1,2,0.186,BalancedZippel
fire7_graph5_rank0906,Automatic,1,ok,94.820,14,2,1,0,0,2305843009213693967:11;2305843009213693973:3,Symbolica_default,cached_powers_Q,1,1,0.126,BalancedZippel
fire7_graph5_rank0907,Automatic,1,ok,100.161,14,2,1,0,0,2305843009213693967:11;2305843009213693973:3,Symbolica_default,cached_powers_Q,1,1,0.147,BalancedZippel
fire7_graph5_rank0908,Automatic,1,ok,124.920,14,2,1,0,0,2305843009213693967:11;2305843009213693973:3,Symbolica_default,cached_powers_Q,1,1,0.151,BalancedZippel
fire7_graph5_rank0909,Automatic,1,ok,197.081,15,2,1,0,0,2305843009213693967:12;2305843009213693973:3,Symbolica_default,cached_powers_Q,2,2,0.276,BalancedZippel
fire7_graph5_rank0910,Automatic,1,ok,162.011,14,2,1,0,0,2305843009213693967:11;2305843009213693973:3,Symbolica_default,cached_powers_Q,1,1,0.376,BalancedZippel
fire7_graph5_rank0911,Automatic,1,ok,251.991,14,2,1,0,0,2305843009213693967:11;2305843009213693973:3,Symbolica_default,cached_powers_Q,1,1,0.161,BalancedZippel
fire7_graph5_rank0912,Automatic,1,ok,84.530,14,2,1,0,0,2305843009213693967:11;2305843009213693973:3,Symbolica_default,cached_powers_Q,2,1,0.198,BalancedZippel
fire7_graph5_rank0913,Automatic,1,ok,92.361,14,2,1,0,0,2305843009213693967:11;2305843009213693973:3,Symbolica_default,cached_powers_Q,2,1,0.166,BalancedZippel
fire7_graph5_rank0914,Automatic,1,ok,85.391,15,2,1,0,0,2305843009213693967:12;2305843009213693973:3,Symbolica_default,cached_powers_Q,1,2,0.310,BalancedZippel
fire7_graph5_rank0915,Automatic,1,ok,100.370,14,2,1,0,0,2305843009213693967:11;2305843009213693973:3,Symbolica_default,cached_powers_Q,1,1,0.113,BalancedZippel
fire7_graph5_rank0916,Automatic,1,ok,118.361,15,2,1,0,0,2305843009213693967:12;2305843009213693973:3,Symbolica_default,cached_powers_Q,1,2,0.290,BalancedZippel
fire7_graph5_rank0917,Automatic,1,ok,85.370,13,2,1,0,0,2305843009213693967:10;2305843009213693973:3,Symbolica_default,cached_powers_Q,1,1,0.102,BalancedZippel
fire7_graph5_rank0918,Automatic,1,ok,99.210,15,2,1,0,0,2305843009213693967:12;2305843009213693973:3,Symbolica_default,cached_powers_Q,1,1,0.116,BalancedZippel
fire7_graph5_rank0919,Automatic,1,ok,132.580,15,2,1,0,0,2305843009213693967:12;2305843009213693973:3,Symbolica_default,cached_powers_Q,1,2,0.359,BalancedZippel
fire7_graph5_rank0920,Automatic,1,ok,100.221,13,2,1,0,0,2305843009213693967:10;2305843009213693973:3,Symbolica_default,cached_powers_Q,1,1,0.153,BalancedZippel
fire7_graph5_rank0921,Automatic,1,ok,150.501,16,2,1,0,0,2305843009213693967:13;2305843009213693973:3,Symbolica_default,cached_powers_Q,1,2,0.441,BalancedZippel
fire7_graph5_rank0922,Automatic,1,ok,154.461,15,2,1,0,0,2305843009213693967:12;2305843009213693973:3,Symbolica_default,cached_powers_Q,1,1,0.242,BalancedZippel
fire7_graph5_rank0923,Automatic,1,ok,128.951,14,2,1,0,0,2305843009213693967:11;2305843009213693973:3,Symbolica_default,cached_powers_Q,2,1,0.220,BalancedZippel
fire7_graph5_rank0924,Automatic,1,ok,99.560,14,2,1,0,0,2305843009213693967:11;2305843009213693973:3,Symbolica_default,cached_powers_Q,2,1,0.158,BalancedZippel
fire7_graph5_rank0925,Automatic,1,ok,120.430,14,2,1,0,0,2305843009213693967:11;2305843009213693973:3,Symbolica_default,cached_powers_Q,1,1,0.160,BalancedZippel
fire7_graph5_rank0926,Automatic,1,ok,116.790,13,2,1,0,0,2305843009213693967:10;2305843009213693973:3,Symbolica_default,cached_powers_Q,1,1,0.164,BalancedZippel
fire7_graph5_rank0927,Automatic,1,ok,120.191,14,2,1,0,0,2305843009213693967:11;2305843009213693973:3,Symbolica_default,cached_powers_Q,1,1,0.179,BalancedZippel
fire7_graph5_rank0928,Automatic,1,ok,120.991,15,2,1,0,0,2305843009213693967:12;2305843009213693973:3,Symbolica_default,cached_powers_Q,1,2,0.217,BalancedZippel
fire7_graph5_rank0929,Automatic,1,ok,123.250,15,2,1,0,0,2305843009213693967:12;2305843009213693973:3,Symbolica_default,cached_powers_Q,1,2,0.386,BalancedZippel
fire7_graph5_rank0930,Automatic,1,ok,149.621,15,2,1,0,0,2305843009213693967:12;2305843009213693973:3,Symbolica_default,cached_powers_Q,1,2,0.256,BalancedZippel
fire7_graph5_rank0931,Automatic,1,ok,111.561,16,2,1,0,0,2305843009213693967:13;2305843009213693973:3,Symbolica_default,cached_powers_Q,1,2,0.409,BalancedZippel
fire7_graph5_rank0932,Automatic,1,ok,111.171,14,2,1,0,0,2305843009213693967:11;2305843009213693973:3,Symbolica_default,cached_powers_Q,2,1,0.201,BalancedZippel
fire7_graph5_rank0933,Automatic,1,ok,148.880,13,2,1,0,0,2305843009213693967:10;2305843009213693973:3,Symbolica_default,cached_powers_Q,1,1,0.179,BalancedZippel
fire7_graph5_rank0934,Automatic,1,ok,111.560,13,2,1,0,0,2305843009213693967:10;2305843009213693973:3,Symbolica_default,cached_powers_Q,1,1,0.163,BalancedZippel
fire7_graph5_rank0935,Automatic,1,ok,127.081,14,2,1,0,0,2305843009213693967:11;2305843009213693973:3,Symbolica_default,cached_powers_Q,1,1,0.147,BalancedZippel
fire7_graph5_rank0936,Automatic,1,ok,141.851,14,2,1,0,0,2305843009213693967:11;2305843009213693973:3,Symbolica_default,cached_powers_Q,1,1,0.203,BalancedZippel
fire7_graph5_rank0937,Automatic,1,ok,155.321,14,2,1,0,0,2305843009213693967:11;2305843009213693973:3,Symbolica_default,cached_powers_Q,1,1,0.286,BalancedZippel
fire7_graph5_rank0938,Automatic,1,ok,155.040,13,2,1,0,0,2305843009213693967:10;2305843009213693973:3,Symbolica_default,cached_powers_Q,1,1,0.168,BalancedZippel
fire7_graph5_rank0939,Automatic,1,ok,124.580,13,2,1,0,0,2305843009213693967:10;2305843009213693973:3,Symbolica_default,cached_powers_Q,1,1,0.151,BalancedZippel
fire7_graph5_rank0940,Automatic,1,ok,240.881,13,2,1,0,0,2305843009213693967:10;2305843009213693973:3,Symbolica_default,cached_powers_Q,1,1,0.140,BalancedZippel
fire7_graph5_rank0941,Automatic,1,ok,141.021,14,2,1,0,0,2305843009213693967:11;2305843009213693973:3,Symbolica_default,cached_powers_Q,1,1,0.177,BalancedZippel
fire7_graph5_rank0942,Automatic,1,ok,148.811,13,2,1,0,0,2305843009213693967:10;2305843009213693973:3,Symbolica_default,cached_powers_Q,1,1,0.190,BalancedZippel
fire7_graph5_rank0943,Automatic,1,ok,112.960,13,2,1,0,0,2305843009213693967:10;2305843009213693973:3,Symbolica_default,cached_powers_Q,1,1,0.328,BalancedZippel
fire7_graph5_rank0944,Automatic,1,ok,113.820,13,2,1,0,0,2305843009213693967:10;2305843009213693973:3,Symbolica_default,cached_powers_Q,1,1,0.161,BalancedZippel
fire7_graph5_rank0945,Automatic,1,ok,97.330,13,2,1,0,0,2305843009213693967:10;2305843009213693973:3,Symbolica_default,cached_powers_Q,1,1,0.072,BalancedZippel
