case,baseline,current,change,firefly_best
fire7_nb0_rank0001,1732,1731,-1,8180
fire7_nb0_rank0002,1934,1933,-1,8155
fire7_nb0_rank0003,1452,1451,-1,5285
fire7_nb0_rank0004,1277,1276,-1,5264
fire7_nb0_rank0005,1408,1407,-1,5203
fire7_nb0_rank0006,1355,1354,-1,4833
fire7_nb0_rank0007,1165,1164,-1,4092
fire7_nb0_rank0008,1165,1164,-1,4087
fire7_nb0_rank0009,1151,1150,-1,3168
fire7_nb0_rank0010,1324,1323,-1,4812
fire7_nb0_rank0011,1338,1337,-1,4769
fire7_nb0_rank0012,879,878,-1,2647
fire7_nb0_rank0013,1109,1108,-1,3665
fire7_nb0_rank0014,964,963,-1,3311
fire7_nb0_rank0015,979,978,-1,3726
fire7_nb0_rank0016,1103,1102,-1,3756
fire7_nb0_rank0017,1142,1141,-1,4003
fire7_nb0_rank0018,1211,1210,-1,3909
fire7_nb0_rank0019,1090,1089,-1,3800
fire7_nb0_rank0020,879,878,-1,3228
fire7_nb0_rank0021,1028,1027,-1,1197
fire7_nb0_rank0022,1067,1066,-1,3573
fire7_nb0_rank0023,946,945,-1,2414
fire7_nb0_rank0024,986,985,-1,3252
fire7_nb0_rank0025,808,807,-1,2270
fire7_nb0_rank0026,1030,1029,-1,3166
fire7_nb0_rank0027,826,825,-1,2690
fire7_nb0_rank0028,869,868,-1,3143
fire7_nb0_rank0029,765,764,-1,2113
fire7_nb0_rank0030,1018,1017,-1,3220
fire7_nb0_rank0031,1001,1000,-1,3014
fire7_nb0_rank0032,840,839,-1,2104
fire7_nb0_rank0033,761,760,-1,1093
fire7_nb0_rank0034,901,900,-1,2755
fire7_nb0_rank0035,869,868,-1,2721
fire7_nb0_rank0036,868,867,-1,2676
fire7_nb0_rank0037,799,798,-1,2325
fire7_nb0_rank0038,1005,1004,-1,3067
fire7_nb0_rank0039,741,740,-1,1740
fire7_nb0_rank0040,840,839,-1,2632
fire7_nb0_rank0041,621,620,-1,2049
fire7_nb0_rank0042,896,895,-1,2589
fire7_nb0_rank0043,967,966,-1,2786
fire7_nb0_rank0044,945,944,-1,2614
fire7_nb0_rank0045,810,809,-1,2688
fire7_nb0_rank0046,901,900,-1,2723
fire7_nb0_rank0047,836,835,-1,2880
fire7_nb0_rank0048,727,726,-1,1419
fire7_nb0_rank0049,727,726,-1,1419
fire7_nb0_rank0050,678,677,-1,1844
fire7_nb0_rank0051,874,873,-1,2659
fire7_nb0_rank0052,760,759,-1,1610
fire7_nb0_rank0053,783,782,-1,2271
fire7_nb0_rank0054,818,817,-1,2676
fire7_nb0_rank0055,627,626,-1,1857
fire7_nb0_rank0056,599,598,-1,2341
fire7_nb0_rank0057,709,708,-1,1799
fire7_nb0_rank0058,724,723,-1,2096
fire7_nb0_rank0059,751,750,-1,1963
fire7_nb0_rank0060,730,729,-1,2126
fire7_nb0_rank0061,697,696,-1,1591
fire7_nb0_rank0062,697,696,-1,1591
fire7_nb0_rank0063,825,824,-1,2314
fire7_nb0_rank0064,817,816,-1,2349
fire7_nb0_rank0065,599,598,-1,2341
fire7_nb0_rank0066,639,638,-1,1834
fire7_nb0_rank0067,628,627,-1,1824
fire7_nb0_rank0068,616,615,-1,1352
fire7_nb0_rank0069,721,720,-1,2204
fire7_nb0_rank0070,651,650,-1,909
fire7_nb0_rank0071,779,778,-1,2261
fire7_nb0_rank0072,843,842,-1,2176
fire7_nb0_rank0073,588,587,-1,1777
fire7_nb0_rank0074,573,572,-1,1758
fire7_nb0_rank0075,747,746,-1,1393
fire7_nb0_rank0076,641,640,-1,1806
fire7_nb0_rank0077,923,922,-1,2313
fire7_nb0_rank0078,553,552,-1,1351
fire7_nb0_rank0079,673,672,-1,1908
fire7_nb0_rank0080,485,484,-1,1012
fire7_nb0_rank0081,702,701,-1,2302
fire7_nb0_rank0082,659,658,-1,1985
fire7_nb0_rank0083,657,656,-1,1906
fire7_nb0_rank0084,717,716,-1,1546
fire7_nb0_rank0085,608,607,-1,1789
fire7_nb0_rank0086,594,593,-1,1768
fire7_nb0_rank0087,704,703,-1,2018
fire7_nb0_rank0088,717,716,-1,1546
fire7_nb0_rank0089,675,674,-1,1949
fire7_nb0_rank0090,472,471,-1,983
fire7_nb0_rank0091,628,627,-1,1551
fire7_nb0_rank0092,703,702,-1,1178
fire7_nb0_rank0093,602,601,-1,1566
fire7_nb0_rank0094,643,642,-1,1793
fire7_nb0_rank0095,447,446,-1,1142
fire7_nb0_rank0096,589,588,-1,1774
fire7_nb0_rank0097,460,459,-1,1082
fire7_nb0_rank0098,424,423,-1,1042
fire7_nb0_rank0099,706,705,-1,2002
fire7_nb0_rank0100,546,545,-1,1716
fire7_nb0_rank0101,557,556,-1,1433
fire7_nb0_rank0102,687,686,-1,1550
fire7_nb0_rank0103,528,527,-1,744
fire7_nb0_rank0104,515,514,-1,1420
fire7_nb0_rank0105,506,505,-1,1191
fire7_nb0_rank0106,737,736,-1,2076
fire7_nb0_rank0107,595,594,-1,1526
fire7_nb0_rank0108,610,609,-1,1777
fire7_nb0_rank0109,464,463,-1,1405
fire7_nb0_rank0110,621,620,-1,2068
fire7_nb0_rank0111,676,675,-1,1917
fire7_nb0_rank0112,447,446,-1,1135
fire7_nb0_rank0113,542,541,-1,1321
fire7_nb0_rank0114,689,688,-1,2006
fire7_nb0_rank0115,548,547,-1,1502
fire7_nb0_rank0116,636,635,-1,1621
fire7_nb0_rank0117,573,572,-1,1494
fire7_nb0_rank0118,479,478,-1,1396
fire7_nb0_rank0119,465,464,-1,1145
fire7_nb0_rank0120,521,520,-1,1629
fire7_nb0_rank0121,676,675,-1,2001
fire7_nb0_rank0122,512,511,-1,1394
fire7_nb0_rank0123,543,542,-1,1690
fire7_nb0_rank0124,402,401,-1,1046
fire7_nb0_rank0125,511,510,-1,1572
fire7_nb0_rank0126,516,515,-1,1181
fire7_nb0_rank0127,466,465,-1,1014
fire7_nb0_rank0128,500,499,-1,1147
fire7_nb0_rank0129,500,499,-1,1147
fire7_nb0_rank0130,575,574,-1,1535
fire7_nb0_rank0131,448,447,-1,1140
fire7_nb0_rank0132,644,643,-1,1810
fire7_nb0_rank0133,514,513,-1,1353
fire7_nb0_rank0134,638,637,-1,1745
fire7_nb0_rank0135,610,609,-1,1552
fire7_nb0_rank0136,563,562,-1,1729
fire7_nb0_rank0137,666,665,-1,1795
fire7_nb0_rank0138,430,429,-1,1615
fire7_nb0_rank0139,437,436,-1,1395
fire7_nb0_rank0140,488,487,-1,1383
fire7_nb0_rank0141,664,663,-1,1729
fire7_nb0_rank0142,565,564,-1,1515
fire7_nb0_rank0143,495,494,-1,1318
fire7_nb0_rank0144,497,496,-1,1439
fire7_nb0_rank0145,556,555,-1,1669
fire7_nb0_rank0146,460,459,-1,1528
fire7_nb0_rank0147,405,404,-1,1348
fire7_nb0_rank0148,540,539,-1,1884
fire7_nb0_rank0149,485,484,-1,1269
fire7_nb0_rank0150,465,464,-1,1350
fire7_nb0_rank0151,484,483,-1,1314
fire7_nb0_rank0152,405,404,-1,963
fire7_nb0_rank0153,465,464,-1,1399
fire7_nb0_rank0154,497,496,-1,1387
fire7_nb0_rank0155,416,415,-1,869
fire7_nb0_rank0156,540,539,-1,1855
fire7_nb0_rank0157,415,414,-1,1225
fire7_nb0_rank0158,458,457,-1,1318
fire7_nb0_rank0159,581,580,-1,1529
fire7_nb0_rank0160,581,580,-1,1305
fire7_nb0_rank0161,544,543,-1,1535
fire7_nb0_rank0162,434,433,-1,1189
fire7_nb0_rank0163,577,576,-1,1627
fire7_nb0_rank0164,404,403,-1,1227
fire7_nb0_rank0165,567,566,-1,1514
fire7_nb0_rank0166,531,530,-1,1564
fire7_nb0_rank0167,362,361,-1,849
fire7_nb0_rank0168,534,533,-1,1473
fire7_nb0_rank0169,488,487,-1,947
fire7_nb0_rank0170,488,487,-1,947
fire7_nb0_rank0171,427,426,-1,1160
fire7_nb0_rank0172,411,410,-1,912
fire7_nb0_rank0173,513,512,-1,975
fire7_nb0_rank0174,399,398,-1,628
fire7_nb0_rank0175,370,369,-1,628
fire7_nb0_rank0176,604,603,-1,2039
fire7_nb0_rank0177,483,482,-1,1271
fire7_nb0_rank0178,497,496,-1,1554
fire7_nb0_rank0179,396,395,-1,1042
fire7_nb0_rank0180,614,613,-1,1648
fire7_nb0_rank0181,502,501,-1,1612
fire7_nb0_rank0182,415,414,-1,1171
fire7_nb0_rank0183,578,577,-1,1757
fire7_nb0_rank0184,489,488,-1,1256
fire7_nb0_rank0185,371,370,-1,907
fire7_nb0_rank0186,493,492,-1,1416
fire7_nb0_rank0187,394,393,-1,1209
fire7_nb0_rank0188,363,362,-1,1060
fire7_nb0_rank0189,399,398,-1,625
fire7_nb0_rank0190,496,495,-1,1262
fire7_nb0_rank0191,458,457,-1,1160
fire7_nb0_rank0192,325,324,-1,677
fire7_nb0_rank0193,672,671,-1,1483
fire7_nb0_rank0194,413,412,-1,1078
fire7_nb0_rank0195,473,472,-1,1254
fire7_nb0_rank0196,337,336,-1,1046
fire7_nb0_rank0197,411,410,-1,943
fire7_nb0_rank0198,528,527,-1,1453
fire7_nb0_rank0199,546,545,-1,1307
fire7_nb0_rank0200,503,502,-1,1339
fire7_nb0_rank0201,458,457,-1,1233
fire7_nb0_rank0202,519,518,-1,1410
fire7_nb0_rank0203,373,372,-1,840
fire7_nb0_rank0204,544,543,-1,1500
fire7_nb0_rank0205,429,428,-1,878
fire7_nb0_rank0206,429,428,-1,878
fire7_nb0_rank0207,395,394,-1,1215
fire7_nb0_rank0208,483,482,-1,1043
fire7_nb0_rank0209,369,368,-1,1075
fire7_nb0_rank0210,447,446,-1,832
fire7_nb0_rank0211,379,378,-1,1115
fire7_nb0_rank0212,492,491,-1,1310
fire7_nb0_rank0213,396,395,-1,800
fire7_nb0_rank0214,390,389,-1,1078
fire7_nb0_rank0215,374,373,-1,1144
fire7_nb0_rank0216,475,474,-1,1392
fire7_nb0_rank0217,310,309,-1,749
fire7_nb0_rank0218,433,432,-1,1244
fire7_nb0_rank0219,370,369,-1,1175
fire7_nb0_rank0220,493,492,-1,915
fire7_nb0_rank0221,418,417,-1,979
fire7_nb0_rank0222,421,420,-1,952
fire7_nb0_rank0223,421,420,-1,952
fire7_nb0_rank0224,627,626,-1,1482
fire7_nb0_rank0225,506,505,-1,1279
fire7_nb0_rank0226,463,462,-1,1138
fire7_nb0_rank0227,513,512,-1,1687
fire7_nb0_rank0228,493,492,-1,917
fire7_nb0_rank0229,395,394,-1,937
fire7_nb0_rank0230,526,525,-1,1394
fire7_nb0_rank0231,365,364,-1,943
fire7_nb0_rank0232,481,480,-1,999
fire7_nb0_rank0233,307,306,-1,642
fire7_nb0_rank0234,346,345,-1,637
fire7_nb0_rank0235,379,378,-1,1039
fire7_nb0_rank0236,368,367,-1,910
fire7_nb0_rank0237,376,375,-1,882
fire7_nb0_rank0238,401,400,-1,1143
fire7_nb0_rank0239,380,379,-1,979
fire7_nb0_rank0240,418,417,-1,976
fire7_nb0_rank0241,331,330,-1,971
fire7_nb0_rank0242,443,442,-1,1307
fire7_nb0_rank0243,351,350,-1,705
fire7_nb0_rank0244,351,350,-1,705
fire7_nb0_rank0245,442,441,-1,1367
fire7_nb0_rank0246,332,331,-1,939
fire7_nb0_rank0247,434,433,-1,1277
fire7_nb0_rank0248,388,387,-1,1023
fire7_nb0_rank0249,437,436,-1,1122
fire7_nb0_rank0250,347,346,-1,970
fire7_nb0_rank0251,349,348,-1,891
fire7_nb0_rank0252,399,398,-1,1075
fire7_nb0_rank0253,469,468,-1,1170
fire7_nb0_rank0254,393,392,-1,953
fire7_nb0_rank0255,390,389,-1,980
fire7_nb0_rank0256,355,354,-1,785
fire7_nb0_rank0257,443,442,-1,842
fire7_nb0_rank0258,289,288,-1,658
fire7_nb0_rank0259,265,264,-1,654
fire7_nb0_rank0260,307,306,-1,825
fire7_nb0_rank0261,325,324,-1,938
fire7_nb0_rank0262,307,306,-1,503
fire7_nb0_rank0263,426,425,-1,1175
fire7_nb0_rank0264,468,467,-1,1097
fire7_nb0_rank0265,366,365,-1,904
fire7_nb0_rank0266,443,442,-1,842
fire7_nb0_rank0267,301,300,-1,691
fire7_nb0_rank0268,301,300,-1,900
fire7_nb0_rank0269,366,365,-1,703
fire7_nb0_rank0270,366,365,-1,703
fire7_nb0_rank0271,328,327,-1,573
fire7_nb0_rank0272,381,380,-1,860
fire7_nb0_rank0273,383,382,-1,1025
fire7_nb0_rank0274,425,424,-1,1217
fire7_nb0_rank0275,521,520,-1,1663
fire7_nb0_rank0276,301,300,-1,573
fire7_nb0_rank0277,361,360,-1,979
fire7_nb0_rank0278,494,493,-1,1431
fire7_nb0_rank0279,387,386,-1,1300
fire7_nb0_rank0280,313,312,-1,926
fire7_nb0_rank0281,323,322,-1,735
fire7_nb0_rank0282,368,367,-1,697
fire7_nb0_rank0283,423,422,-1,990
fire7_nb0_rank0284,302,301,-1,706
fire7_nb0_rank0285,358,357,-1,955
fire7_nb0_rank0286,407,406,-1,980
fire7_nb0_rank0287,279,278,-1,900
fire7_nb0_rank0288,517,516,-1,1345
fire7_nb0_rank0289,396,395,-1,1067
fire7_nb0_rank0290,495,494,-1,1412
fire7_nb0_rank0291,407,406,-1,988
fire7_nb0_rank0292,339,338,-1,823
fire7_nb0_rank0293,314,313,-1,886
fire7_nb0_rank0294,337,336,-1,1064
fire7_nb0_rank0295,336,335,-1,790
fire7_nb0_rank0296,343,342,-1,805
fire7_nb0_rank0297,299,298,-1,925
fire7_nb0_rank0298,351,350,-1,827
fire7_nb0_rank0299,516,515,-1,1344
fire7_nb0_rank0300,346,345,-1,828
fire7_nb0_rank0301,391,390,-1,921
fire7_nb0_rank0302,391,390,-1,921
fire7_nb0_rank0303,363,362,-1,975
fire7_nb0_rank0304,308,307,-1,914
fire7_nb0_rank0305,274,273,-1,689
fire7_nb0_rank0306,358,357,-1,910
fire7_nb0_rank0307,335,334,-1,595
fire7_nb0_rank0308,313,312,-1,467
fire7_nb0_rank0309,368,367,-1,765
fire7_nb0_rank0310,396,395,-1,1080
fire7_nb0_rank0311,324,323,-1,700
fire7_nb0_rank0312,324,323,-1,700
fire7_nb0_rank0313,397,396,-1,1065
fire7_nb0_rank0314,265,264,-1,623
fire7_nb0_rank0315,408,407,-1,939
fire7_nb0_rank0316,369,368,-1,751
fire7_nb0_rank0317,408,407,-1,937
fire7_nb0_rank0318,358,357,-1,970
fire7_nb0_rank0319,351,350,-1,824
fire7_nb0_rank0320,457,456,-1,1036
fire7_nb0_rank0321,373,372,-1,938
fire7_nb0_rank0322,373,372,-1,924
fire7_nb0_rank0323,400,399,-1,936
fire7_nb0_rank0324,350,349,-1,1061
fire7_nb0_rank0325,534,533,-1,1018
fire7_nb0_rank0326,414,413,-1,930
fire7_nb0_rank0327,443,442,-1,880
fire7_nb0_rank0328,287,286,-1,791
fire7_nb0_rank0329,363,362,-1,916
fire7_nb0_rank0330,314,313,-1,455
fire7_nb0_rank0331,267,266,-1,861
fire7_nb0_rank0332,321,320,-1,694
fire7_nb0_rank0333,379,378,-1,728
fire7_nb0_rank0334,318,317,-1,813
fire7_nb0_rank0335,324,323,-1,697
fire7_nb0_rank0336,345,344,-1,920
fire7_nb0_rank0337,519,518,-1,1017
fire7_nb0_rank0338,281,280,-1,714
fire7_nb0_rank0339,273,272,-1,797
fire7_nb0_rank0340,363,362,-1,904
fire7_nb0_rank0341,324,323,-1,899
fire7_nb0_rank0342,402,401,-1,1149
fire7_nb0_rank0343,356,355,-1,969
fire7_nb0_rank0344,267,266,-1,517
fire7_nb0_rank0345,380,379,-1,830
fire7_nb0_rank0346,257,256,-1,662
fire7_nb0_rank0347,432,431,-1,1345
fire7_nb0_rank0348,280,279,-1,734
fire7_nb0_rank0349,277,276,-1,632
fire7_nb0_rank0350,268,267,-1,701
fire7_nb0_rank0351,410,409,-1,1155
fire7_nb0_rank0352,382,381,-1,941
fire7_nb0_rank0353,333,332,-1,749
fire7_nb0_rank0354,275,274,-1,894
fire7_nb0_rank0355,410,409,-1,828
fire7_nb0_rank0356,375,374,-1,937
fire7_nb0_rank0357,263,262,-1,623
fire7_nb0_rank0358,340,339,-1,1014
fire7_nb0_rank0359,326,325,-1,802
fire7_nb0_rank0360,325,324,-1,723
fire7_nb0_rank0361,305,304,-1,478
fire7_nb0_rank0362,279,278,-1,791
fire7_nb0_rank0363,365,364,-1,915
fire7_nb0_rank0364,320,319,-1,899
fire7_nb0_rank0365,348,347,-1,936
fire7_nb0_rank0366,256,255,-1,520
fire7_nb0_rank0367,305,304,-1,452
fire7_nb0_rank0368,408,407,-1,1075
fire7_nb0_rank0369,305,304,-1,802
fire7_nb0_rank0370,305,304,-1,962
fire7_nb0_rank0371,309,308,-1,879
fire7_nb0_rank0372,336,335,-1,668
fire7_nb0_rank0373,269,268,-1,699
fire7_nb0_rank0374,399,398,-1,1126
fire7_nb0_rank0375,303,302,-1,797
fire7_nb0_rank0376,324,323,-1,488
fire7_nb0_rank0377,400,399,-1,1042
fire7_nb0_rank0378,293,292,-1,660
fire7_nb0_rank0379,267,266,-1,795
fire7_nb0_rank0380,264,263,-1,652
fire7_nb0_rank0381,331,330,-1,783
fire7_nb0_rank0382,208,207,-1,427
fire7_nb0_rank0383,254,253,-1,709
fire7_nb0_rank0384,414,413,-1,1118
fire7_nb0_rank0385,332,331,-1,620
fire7_nb0_rank0386,267,266,-1,614
fire7_nb0_rank0387,332,331,-1,620
fire7_nb0_rank0388,280,279,-1,539
fire7_nb0_rank0389,266,265,-1,557
fire7_nb0_rank0390,319,318,-1,660
fire7_nb0_rank0391,477,476,-1,888
fire7_nb0_rank0392,287,286,-1,435
fire7_nb0_rank0393,361,360,-1,864
fire7_nb0_rank0394,258,257,-1,778
fire7_nb0_rank0395,383,382,-1,1150
fire7_nb0_rank0396,279,278,-1,694
fire7_nb0_rank0397,391,390,-1,1039
fire7_nb0_rank0398,330,329,-1,850
fire7_nb0_rank0399,326,325,-1,833
fire7_nb0_rank0400,237,236,-1,631
fire7_nb0_rank0401,233,232,-1,549
fire7_nb0_rank0402,350,349,-1,668
fire7_nb0_rank0403,229,228,-1,447
fire7_nb0_rank0404,285,284,-1,704
fire7_nb0_rank0405,244,243,-1,447
fire7_nb0_rank0406,320,319,-1,805
fire7_nb0_rank0407,227,226,-1,580
fire7_nb0_rank0408,324,323,-1,657
fire7_nb0_rank0409,247,246,-1,756
fire7_nb0_rank0410,443,442,-1,904
fire7_nb0_rank0411,234,233,-1,557
fire7_nb0_rank0412,298,297,-1,791
fire7_nb0_rank0413,283,282,-1,830
fire7_nb0_rank0414,344,343,-1,827
fire7_nb0_rank0415,238,237,-1,645
fire7_nb0_rank0416,241,240,-1,771
fire7_nb0_rank0417,306,305,-1,837
fire7_nb0_rank0418,242,241,-1,601
fire7_nb0_rank0419,193,192,-1,426
fire7_nb0_rank0420,303,302,-1,770
fire7_nb0_rank0421,288,287,-1,768
fire7_nb0_rank0422,209,208,-1,487
fire7_nb0_rank0423,274,273,-1,628
fire7_nb0_rank0424,232,231,-1,638
fire7_nb0_rank0425,426,425,-1,934
fire7_nb0_rank0426,290,289,-1,667
fire7_nb0_rank0427,234,233,-1,554
fire7_nb0_rank0428,261,260,-1,764
fire7_nb0_rank0429,421,420,-1,939
fire7_nb0_rank0430,367,366,-1,733
fire7_nb0_rank0431,261,260,-1,455
fire7_nb0_rank0432,314,313,-1,469
fire7_nb0_rank0433,287,286,-1,638
fire7_nb0_rank0434,408,407,-1,925
fire7_nb0_rank0435,342,341,-1,895
fire7_nb0_rank0436,244,243,-1,498
fire7_nb0_rank0437,315,314,-1,948
fire7_nb0_rank0438,224,223,-1,676
fire7_nb0_rank0439,336,335,-1,451
fire7_nb0_rank0440,318,317,-1,679
fire7_nb0_rank0441,257,256,-1,701
fire7_nb0_rank0442,244,243,-1,502
fire7_nb0_rank0443,268,267,-1,738
fire7_nb0_rank0444,286,285,-1,675
fire7_nb0_rank0445,381,380,-1,787
fire7_nb0_rank0446,233,232,-1,664
fire7_nb0_rank0447,321,320,-1,719
fire7_nb0_rank0448,289,288,-1,739
fire7_nb0_rank0449,258,257,-1,449
fire7_nb0_rank0450,246,245,-1,602
fire7_nb0_rank0451,230,229,-1,418
fire7_nb0_rank0452,357,356,-1,757
fire7_nb0_rank0453,184,183,-1,401
fire7_nb0_rank0454,314,313,-1,741
fire7_nb0_rank0455,277,276,-1,635
fire7_nb0_rank0456,229,228,-1,412
fire7_nb0_rank0457,228,227,-1,551
fire7_nb0_rank0458,248,247,-1,546
fire7_nb0_rank0459,282,281,-1,726
fire7_nb0_rank0460,280,279,-1,619
fire7_nb0_rank0461,181,180,-1,317
fire7_nb0_rank0462,328,327,-1,649
fire7_nb0_rank0463,226,225,-1,412
fire7_nb0_rank0464,290,289,-1,623
fire7_nb0_rank0465,326,325,-1,783
fire7_nb0_rank0466,268,267,-1,542
fire7_nb0_rank0467,241,240,-1,569
fire7_nb0_rank0468,221,220,-1,493
fire7_nb0_rank0469,372,371,-1,744
fire7_nb0_rank0470,247,246,-1,544
fire7_nb0_rank0471,288,287,-1,745
fire7_nb0_rank0472,377,376,-1,741
fire7_nb0_rank0473,260,259,-1,604
fire7_nb0_rank0474,259,258,-1,583
fire7_nb0_rank0475,294,293,-1,758
fire7_nb0_rank0476,271,270,-1,659
fire7_nb0_rank0477,262,261,-1,556
fire7_nb0_rank0478,238,237,-1,556
fire7_nb0_rank0479,262,261,-1,556
fire7_nb0_rank0480,237,236,-1,551
fire7_nb0_rank0481,234,233,-1,587
fire7_nb0_rank0482,263,262,-1,523
fire7_nb0_rank0483,263,262,-1,523
fire7_nb0_rank0484,306,305,-1,694
fire7_nb0_rank0485,271,270,-1,711
fire7_nb0_rank0486,286,285,-1,736
fire7_nb0_rank0487,219,218,-1,401
fire7_nb0_rank0488,219,218,-1,400
fire7_nb0_rank0489,263,262,-1,534
fire7_nb0_rank0490,315,314,-1,877
fire7_nb0_rank0491,242,241,-1,606
fire7_nb0_rank0492,263,262,-1,534
fire7_nb0_rank0493,258,257,-1,388
fire7_nb0_rank0494,270,269,-1,673
fire7_nb0_rank0495,249,248,-1,591
fire7_nb0_rank0496,215,214,-1,409
fire7_nb0_rank0497,287,286,-1,474
fire7_nb0_rank0498,309,308,-1,836
fire7_nb0_rank0499,225,224,-1,618
fire7_nb0_rank0500,218,217,-1,650
fire7_nb0_rank0501,371,370,-1,708
fire7_nb0_rank0502,304,303,-1,863
fire7_nb0_rank0503,328,327,-1,739
fire7_nb0_rank0504,298,297,-1,896
fire7_nb0_rank0505,250,249,-1,653
fire7_nb0_rank0506,275,274,-1,669
fire7_nb0_rank0507,218,217,-1,446
fire7_nb0_rank0508,224,223,-1,523
fire7_nb0_rank0509,249,248,-1,687
fire7_nb0_rank0510,231,230,-1,396
fire7_nb0_rank0511,286,285,-1,648
fire7_nb0_rank0512,265,264,-1,618
fire7_nb0_rank0513,303,302,-1,657
fire7_nb0_rank0514,274,273,-1,671
fire7_nb0_rank0515,230,229,-1,673
fire7_nb0_rank0516,371,370,-1,752
fire7_nb0_rank0517,277,276,-1,703
fire7_nb0_rank0518,300,299,-1,800
fire7_nb0_rank0519,304,303,-1,633
fire7_nb0_rank0520,232,231,-1,736
fire7_nb0_rank0521,297,296,-1,615
fire7_nb0_rank0522,212,211,-1,499
fire7_nb0_rank0523,216,215,-1,610
fire7_nb0_rank0524,241,240,-1,585
fire7_nb0_rank0525,216,215,-1,466
fire7_nb0_rank0526,263,262,-1,541
fire7_nb0_rank0527,331,330,-1,887
fire7_nb0_rank0528,210,209,-1,491
fire7_nb0_rank0529,261,260,-1,340
fire7_nb0_rank0530,247,246,-1,541
fire7_nb0_rank0531,216,215,-1,449
fire7_nb0_rank0532,258,257,-1,597
fire7_nb0_rank0533,217,216,-1,588
fire7_nb0_rank0534,204,203,-1,397
fire7_nb0_rank0535,299,298,-1,673
fire7_nb0_rank0536,299,298,-1,673
fire7_nb0_rank0537,225,224,-1,539
fire7_nb0_rank0538,214,213,-1,576
fire7_nb0_rank0539,205,204,-1,606
fire7_nb0_rank0540,204,203,-1,397
fire7_nb0_rank0541,189,188,-1,396
fire7_nb0_rank0542,279,278,-1,650
fire7_nb0_rank0543,439,438,-1,660
fire7_nb0_rank0544,237,236,-1,518
fire7_nb0_rank0545,292,291,-1,647
fire7_nb0_rank0546,279,278,-1,762
fire7_nb0_rank0547,305,304,-1,700
fire7_nb0_rank0548,214,213,-1,498
fire7_nb0_rank0549,256,255,-1,604
fire7_nb0_rank0550,217,216,-1,595
fire7_nb0_rank0551,319,318,-1,480
fire7_nb0_rank0552,318,317,-1,620
fire7_nb0_rank0553,317,316,-1,888
fire7_nb0_rank0554,231,230,-1,667
fire7_nb0_rank0555,250,249,-1,341
fire7_nb0_rank0556,189,188,-1,484
fire7_nb0_rank0557,250,249,-1,341
fire7_nb0_rank0558,200,199,-1,490
fire7_nb0_rank0559,200,199,-1,490
fire7_nb0_rank0560,180,179,-1,326
fire7_nb0_rank0561,251,250,-1,612
fire7_nb0_rank0562,265,264,-1,519
fire7_nb0_rank0563,265,264,-1,519
fire7_nb0_rank0564,334,333,-1,862
fire7_nb0_rank0565,439,438,-1,631
fire7_nb0_rank0566,206,205,-1,393
fire7_nb0_rank0567,184,183,-1,337
fire7_nb0_rank0568,225,224,-1,568
fire7_nb0_rank0569,329,328,-1,853
fire7_nb0_rank0570,249,248,-1,585
fire7_nb0_rank0571,253,252,-1,673
fire7_nb0_rank0572,184,183,-1,571
fire7_nb0_rank0573,214,213,-1,651
fire7_nb0_rank0574,210,209,-1,484
fire7_nb0_rank0575,210,209,-1,499
fire7_nb0_rank0576,303,302,-1,836
fire7_nb0_rank0577,205,204,-1,345
fire7_nb0_rank0578,196,195,-1,571
fire7_nb0_rank0579,259,258,-1,521
fire7_nb0_rank0580,378,377,-1,784
fire7_nb0_rank0581,190,189,-1,382
fire7_nb0_rank0582,211,210,-1,478
fire7_nb0_rank0583,327,326,-1,840
fire7_nb0_rank0584,251,250,-1,620
fire7_nb0_rank0585,363,362,-1,725
fire7_nb0_rank0586,254,253,-1,756
fire7_nb0_rank0587,264,263,-1,427
fire7_nb0_rank0588,316,315,-1,695
fire7_nb0_rank0589,328,327,-1,840
fire7_nb0_rank0590,300,299,-1,864
fire7_nb0_rank0591,198,197,-1,590
fire7_nb0_rank0592,222,221,-1,377
fire7_nb0_rank0593,299,298,-1,570
fire7_nb0_rank0594,188,187,-1,475
fire7_nb0_rank0595,319,318,-1,838
fire7_nb0_rank0596,214,213,-1,585
fire7_nb0_rank0597,241,240,-1,644
fire7_nb0_rank0598,213,212,-1,511
fire7_nb0_rank0599,244,243,-1,487
fire7_nb0_rank0600,173,172,-1,475
fire7_nb0_rank0601,249,248,-1,459
fire7_nb0_rank0602,243,242,-1,459
fire7_nb0_rank0603,204,203,-1,436
fire7_nb0_rank0604,304,303,-1,603
fire7_nb0_rank0605,204,203,-1,436
fire7_nb0_rank0606,188,187,-1,367
fire7_nb0_rank0607,243,242,-1,608
fire7_nb0_rank0608,226,225,-1,372
fire7_nb0_rank0609,353,352,-1,749
fire7_nb0_rank0610,318,317,-1,837
fire7_nb0_rank0611,267,266,-1,571
fire7_nb0_rank0612,208,207,-1,555
fire7_nb0_rank0613,277,276,-1,663
fire7_nb0_rank0614,185,184,-1,447
fire7_nb0_rank0615,314,313,-1,863
fire7_nb0_rank0616,199,198,-1,600
fire7_nb0_rank0617,219,218,-1,407
fire7_nb0_rank0618,251,250,-1,664
fire7_nb0_rank0619,202,201,-1,491
fire7_nb0_rank0620,231,230,-1,551
fire7_nb0_rank0621,300,299,-1,660
fire7_nb0_rank0622,264,263,-1,763
fire7_nb0_rank0623,219,218,-1,407
fire7_nb0_rank0624,206,205,-1,458
fire7_nb0_rank0625,211,210,-1,509
fire7_nb0_rank0626,367,366,-1,747
fire7_nb0_rank0627,258,257,-1,591
fire7_nb0_rank0628,224,223,-1,549
fire7_nb0_rank0629,241,240,-1,554
fire7_nb0_rank0630,232,231,-1,488
fire7_nb0_rank0631,282,281,-1,588
fire7_nb0_rank0632,266,265,-1,753
fire7_nb0_rank0633,255,254,-1,653
fire7_nb0_rank0634,219,218,-1,516
fire7_nb0_rank0635,336,335,-1,633
fire7_nb0_rank0636,319,318,-1,610
fire7_nb0_rank0637,261,260,-1,558
fire7_nb0_rank0638,192,191,-1,359
fire7_nb0_rank0639,221,220,-1,562
fire7_nb0_rank0640,180,179,-1,449
fire7_nb0_rank0641,212,211,-1,536
fire7_nb0_rank0642,219,218,-1,483
fire7_nb0_rank0643,336,335,-1,633
fire7_nb0_rank0644,199,198,-1,402
fire7_nb0_rank0645,187,186,-1,624
fire7_nb0_rank0646,232,231,-1,492
fire7_nb0_rank0647,195,194,-1,468
fire7_nb0_rank0648,355,354,-1,544
fire7_nb0_rank0649,210,209,-1,459
fire7_nb0_rank0650,185,184,-1,460
fire7_nb0_rank0651,202,201,-1,457
fire7_nb0_rank0652,240,239,-1,570
fire7_nb0_rank0653,156,155,-1,457
fire7_nb0_rank0654,168,167,-1,440
fire7_nb0_rank0655,249,248,-1,677
fire7_nb0_rank0656,172,171,-1,454
fire7_nb0_rank0657,261,260,-1,555
fire7_nb0_rank0658,176,175,-1,525
fire7_nb0_rank0659,158,157,-1,351
fire7_nb0_rank0660,211,210,-1,553
fire7_nb0_rank0661,195,194,-1,333
fire7_nb0_rank0662,199,198,-1,442
fire7_nb0_rank0663,225,224,-1,532
fire7_nb0_rank0664,273,272,-1,563
fire7_nb0_rank0665,230,229,-1,573
fire7_nb0_rank0666,187,186,-1,313
fire7_nb0_rank0667,258,257,-1,730
fire7_nb0_rank0668,235,234,-1,508
fire7_nb0_rank0669,172,171,-1,337
fire7_nb0_rank0670,212,211,-1,465
fire7_nb0_rank0671,222,221,-1,515
fire7_nb0_rank0672,192,191,-1,440
fire7_nb0_rank0673,191,190,-1,413
fire7_nb0_rank0674,307,306,-1,628
fire7_nb0_rank0675,236,235,-1,669
fire7_nb0_rank0676,200,199,-1,541
fire7_nb0_rank0677,186,185,-1,425
fire7_nb0_rank0678,228,227,-1,561
fire7_nb0_rank0679,197,196,-1,458
fire7_nb0_rank0680,252,251,-1,654
fire7_nb0_rank0681,202,201,-1,434
fire7_nb0_rank0682,198,197,-1,568
fire7_nb0_rank0683,178,177,-1,568
fire7_nb0_rank0684,164,163,-1,422
fire7_nb0_rank0685,255,254,-1,595
fire7_nb0_rank0686,248,247,-1,403
fire7_nb0_rank0687,230,229,-1,428
fire7_nb0_rank0688,230,229,-1,428
fire7_nb0_rank0689,196,195,-1,450
fire7_nb0_rank0690,218,217,-1,478
fire7_nb0_rank0691,209,208,-1,431
fire7_nb0_rank0692,188,187,-1,385
fire7_nb0_rank0693,306,305,-1,592
fire7_nb0_rank0694,177,176,-1,441
fire7_nb0_rank0695,168,167,-1,332
fire7_nb0_rank0696,235,234,-1,591
fire7_nb0_rank0697,197,196,-1,462
fire7_nb0_rank0698,188,187,-1,439
fire7_nb0_rank0699,235,234,-1,569
fire7_nb0_rank0700,204,203,-1,415
fire7_nb0_rank0701,187,186,-1,357
fire7_nb0_rank0702,267,266,-1,515
fire7_nb0_rank0703,154,153,-1,364
fire7_nb0_rank0704,199,198,-1,494
fire7_nb0_rank0705,234,233,-1,590
fire7_nb0_rank0706,204,203,-1,409
fire7_nb0_rank0707,217,216,-1,382
fire7_nb0_rank0708,186,185,-1,384
fire7_nb0_rank0709,232,231,-1,489
fire7_nb0_rank0710,162,161,-1,336
fire7_nb0_rank0711,226,225,-1,541
fire7_nb0_rank0712,169,168,-1,476
fire7_nb0_rank0713,244,243,-1,590
fire7_nb0_rank0714,181,180,-1,274
fire7_nb0_rank0715,215,214,-1,533
fire7_nb0_rank0716,167,166,-1,427
fire7_nb0_rank0717,149,148,-1,338
fire7_nb0_rank0718,277,276,-1,575
fire7_nb0_rank0719,179,178,-1,391
fire7_nb0_rank0720,195,194,-1,410
fire7_nb0_rank0721,152,151,-1,452
fire7_nb0_rank0722,149,148,-1,326
fire7_nb0_rank0723,181,180,-1,384
fire7_nb0_rank0724,236,235,-1,655
fire7_nb0_rank0725,152,151,-1,380
fire7_nb0_rank0726,149,148,-1,326
fire7_nb0_rank0727,188,187,-1,466
fire7_nb0_rank0728,155,154,-1,383
fire7_nb0_rank0729,169,168,-1,380
fire7_nb0_rank0730,186,185,-1,422
fire7_nb0_rank0731,144,143,-1,326
fire7_nb0_rank0732,188,187,-1,351
fire7_nb0_rank0733,158,157,-1,331
fire7_nb0_rank0734,183,182,-1,408
fire7_nb0_rank0735,225,224,-1,529
fire7_nb0_rank0736,205,204,-1,404
fire7_nb0_rank0737,251,250,-1,674
fire7_nb0_rank0738,152,151,-1,376
fire7_nb0_rank0739,185,184,-1,413
fire7_nb0_rank0740,166,165,-1,373
fire7_nb0_rank0741,169,168,-1,443
fire7_nb0_rank0742,180,179,-1,373
fire7_nb0_rank0743,321,320,-1,527
fire7_nb0_rank0744,294,293,-1,585
fire7_nb0_rank0745,301,300,-1,604
fire7_nb0_rank0746,205,204,-1,406
fire7_nb0_rank0747,203,202,-1,495
fire7_nb0_rank0748,205,204,-1,406
fire7_nb0_rank0749,205,204,-1,406
fire7_nb0_rank0750,250,249,-1,673
fire7_nb0_rank0751,244,243,-1,465
fire7_nb0_rank0752,201,200,-1,493
fire7_nb0_rank0753,213,212,-1,511
fire7_nb0_rank0754,178,177,-1,334
fire7_nb0_rank0755,148,147,-1,377
fire7_nb0_rank0756,202,201,-1,479
fire7_nb0_rank0757,180,179,-1,345
fire7_nb0_rank0758,170,169,-1,289
fire7_nb0_rank0759,165,164,-1,432
fire7_nb0_rank0760,180,179,-1,345
fire7_nb0_rank0761,204,203,-1,481
fire7_nb0_rank0762,188,187,-1,402
fire7_nb0_rank0763,158,157,-1,322
fire7_nb0_rank0764,202,201,-1,510
fire7_nb0_rank0765,187,186,-1,349
fire7_nb0_rank0766,196,195,-1,405
fire7_nb0_rank0767,203,202,-1,495
fire7_nb0_rank0768,185,184,-1,486
fire7_nb0_rank0769,170,169,-1,372
fire7_nb0_rank0770,233,232,-1,464
fire7_nb0_rank0771,202,201,-1,431
fire7_nb0_rank0772,138,137,-1,323
fire7_nb0_rank0773,183,182,-1,444
fire7_nb0_rank0774,197,196,-1,483
fire7_nb0_rank0775,155,154,-1,311
fire7_nb0_rank0776,338,337,-1,624
fire7_nb0_rank0777,213,212,-1,397
fire7_nb0_rank0778,227,226,-1,591
fire7_nb0_rank0779,167,166,-1,390
fire7_nb0_rank0780,216,215,-1,545
fire7_nb0_rank0781,164,163,-1,405
fire7_nb0_rank0782,164,163,-1,405
fire7_nb0_rank0783,232,231,-1,566
fire7_nb0_rank0784,221,220,-1,609
fire7_nb0_rank0785,162,161,-1,367
fire7_nb0_rank0786,232,231,-1,566
fire7_nb0_rank0787,162,161,-1,413
fire7_nb0_rank0788,159,158,-1,407
fire7_nb0_rank0789,159,158,-1,407
fire7_nb0_rank0790,195,194,-1,508
fire7_nb0_rank0791,153,152,-1,447
fire7_nb0_rank0792,151,150,-1,345
fire7_nb0_rank0793,179,178,-1,392
fire7_nb0_rank0794,141,140,-1,330
fire7_nb0_rank0795,199,198,-1,514
fire7_nb0_rank0796,150,149,-1,461
fire7_nb0_rank0797,207,206,-1,405
fire7_nb0_rank0798,190,189,-1,470
fire7_nb0_rank0799,180,179,-1,423
fire7_nb0_rank0800,258,257,-1,482
fire7_nb0_rank0801,129,128,-1,287
fire7_nb0_rank0802,153,152,-1,319
fire7_nb0_rank0803,155,154,-1,361
fire7_nb0_rank0804,134,133,-1,289
fire7_nb0_rank0805,177,176,-1,436
fire7_nb0_rank0806,185,184,-1,435
fire7_nb0_rank0807,152,151,-1,269
fire7_nb0_rank0808,197,196,-1,389
fire7_nb0_rank0809,198,197,-1,499
fire7_nb0_rank0810,189,188,-1,404
fire7_nb0_rank0811,188,187,-1,406
fire7_nb0_rank0812,161,160,-1,377
fire7_nb0_rank0813,208,207,-1,460
fire7_nb0_rank0814,222,221,-1,608
fire7_nb0_rank0815,251,250,-1,301
fire7_nb0_rank0816,137,136,-1,328
fire7_nb0_rank0817,233,232,-1,704
fire7_nb0_rank0818,183,182,-1,457
fire7_nb0_rank0819,207,206,-1,585
fire7_nb0_rank0820,166,165,-1,389
fire7_nb0_rank0821,222,221,-1,608
fire7_nb0_rank0822,184,183,-1,432
fire7_nb0_rank0823,203,202,-1,429
fire7_nb0_rank0824,171,170,-1,332
fire7_nb0_rank0825,129,128,-1,243
fire7_nb0_rank0826,149,148,-1,349
fire7_nb0_rank0827,142,141,-1,313
fire7_nb0_rank0828,204,203,-1,392
fire7_nb0_rank0829,161,160,-1,403
fire7_nb0_rank0830,192,191,-1,427
fire7_nb0_rank0831,213,212,-1,394
fire7_nb0_rank0832,200,199,-1,512
fire7_nb0_rank0833,207,206,-1,585
fire7_nb0_rank0834,161,160,-1,418
fire7_nb0_rank0835,184,183,-1,440
fire7_nb0_rank0836,169,168,-1,395
fire7_nb0_rank0837,158,157,-1,328
fire7_nb0_rank0838,178,177,-1,398
fire7_nb0_rank0839,218,217,-1,408
fire7_nb0_rank0840,152,151,-1,275
fire7_nb0_rank0841,151,150,-1,376
fire7_nb0_rank0842,198,197,-1,404
fire7_nb0_rank0843,179,178,-1,313
fire7_nb0_rank0844,167,166,-1,371
fire7_nb0_rank0845,227,226,-1,563
fire7_nb0_rank0846,177,176,-1,427
fire7_nb0_rank0847,158,157,-1,412
fire7_nb0_rank0848,160,159,-1,389
fire7_nb0_rank0849,228,227,-1,429
fire7_nb0_rank0850,203,202,-1,427
fire7_nb0_rank0851,199,198,-1,474
fire7_nb0_rank0852,315,314,-1,602
fire7_nb0_rank0853,166,165,-1,326
fire7_nb0_rank0854,139,138,-1,410
fire7_nb0_rank0855,186,185,-1,317
fire7_nb0_rank0856,156,155,-1,272
fire7_nb0_rank0857,170,169,-1,389
fire7_nb0_rank0858,132,131,-1,309
fire7_nb0_rank0859,120,119,-1,216
fire7_nb0_rank0860,152,151,-1,390
fire7_nb0_rank0861,162,161,-1,414
fire7_nb0_rank0862,227,226,-1,523
fire7_nb0_rank0863,138,137,-1,346
fire7_nb0_rank0864,229,228,-1,346
fire7_nb0_rank0865,193,192,-1,394
fire7_nb0_rank0866,173,172,-1,375
fire7_nb0_rank0867,203,202,-1,424
fire7_nb0_rank0868,167,166,-1,321
fire7_nb0_rank0869,194,193,-1,453
fire7_nb0_rank0870,144,143,-1,387
fire7_nb0_rank0871,194,193,-1,465
fire7_nb0_rank0872,169,168,-1,411
fire7_nb0_rank0873,137,136,-1,325
fire7_nb0_rank0874,183,182,-1,387
fire7_nb0_rank0875,173,172,-1,440
fire7_nb0_rank0876,183,182,-1,387
fire7_nb0_rank0877,173,172,-1,237
fire7_nb0_rank0878,149,148,-1,284
fire7_nb0_rank0879,149,148,-1,284
fire7_nb0_rank0880,153,152,-1,378
fire7_nb0_rank0881,156,155,-1,398
fire7_nb0_rank0882,231,230,-1,555
fire7_nb0_rank0883,155,154,-1,261
fire7_nb0_rank0884,206,205,-1,385
fire7_nb0_rank0885,145,144,-1,308
fire7_nb0_rank0886,188,187,-1,396
fire7_nb0_rank0887,186,185,-1,445
fire7_nb0_rank0888,190,189,-1,389
fire7_nb0_rank0889,189,188,-1,385
fire7_nb0_rank0890,159,158,-1,322
fire7_nb0_rank0891,146,145,-1,301
fire7_nb0_rank0892,163,162,-1,380
fire7_nb0_rank0893,161,160,-1,413
fire7_nb0_rank0894,193,192,-1,394
fire7_nb0_rank0895,154,153,-1,376
fire7_nb0_rank0896,136,135,-1,163
fire7_nb0_rank0897,135,134,-1,163
fire7_nb0_rank0898,185,184,-1,391
fire7_nb0_rank0899,207,206,-1,447
fire7_nb0_rank0900,149,148,-1,406
fire7_nb0_rank0901,145,144,-1,308
fire7_nb0_rank0902,188,187,-1,396
fire7_nb0_rank0903,175,174,-1,307
fire7_nb0_rank0904,188,187,-1,396
fire7_nb0_rank0905,174,173,-1,396
fire7_nb0_rank0906,196,195,-1,408
fire7_nb0_rank0907,188,187,-1,390
fire7_nb0_rank0908,176,175,-1,407
fire7_nb0_rank0909,153,152,-1,268
fire7_nb0_rank0910,235,234,-1,287
fire7_nb0_rank0911,235,234,-1,287
fire7_nb0_rank0912,147,146,-1,393
fire7_nb0_rank0913,166,165,-1,314
fire7_nb0_rank0914,144,143,-1,284
fire7_nb0_rank0915,164,163,-1,295
fire7_nb0_rank0916,194,193,-1,441
fire7_nb0_rank0917,245,244,-1,507
fire7_nb0_rank0918,164,163,-1,295
fire7_nb0_rank0919,249,248,-1,539
fire7_nb0_rank0920,158,157,-1,408
fire7_nb0_rank0921,133,132,-1,236
fire7_nb0_rank0922,160,159,-1,362
fire7_nb0_rank0923,174,173,-1,405
fire7_nb0_rank0924,180,179,-1,441
fire7_nb0_rank0925,144,143,-1,326
fire7_nb0_rank0926,140,139,-1,282
fire7_nb0_rank0927,140,139,-1,282
fire7_nb0_rank0928,172,171,-1,383
fire7_nb0_rank0929,170,169,-1,440
fire7_nb0_rank0930,200,199,-1,478
fire7_nb0_rank0931,168,167,-1,376
fire7_nb0_rank0932,164,163,-1,300
fire7_nb0_rank0933,164,163,-1,295
fire7_nb0_rank0934,183,182,-1,382
fire7_nb0_rank0935,140,139,-1,278
fire7_nb0_rank0936,189,188,-1,459
fire7_nb0_rank0937,140,139,-1,294
fire7_nb0_rank0938,231,230,-1,368
fire7_nb0_rank0939,160,159,-1,373
fire7_nb0_rank0940,128,127,-1,291
fire7_nb0_rank0941,180,179,-1,437
fire7_nb0_rank0942,158,157,-1,419
fire7_nb0_rank0943,196,195,-1,443
fire7_nb0_rank0944,205,204,-1,526
fire7_nb0_rank0945,137,136,-1,302
fire7_nb0_rank0946,194,193,-1,533
fire7_nb0_rank0947,118,117,-1,224
fire7_nb0_rank0948,182,181,-1,362
fire7_nb0_rank0949,190,189,-1,397
fire7_nb0_rank0950,134,133,-1,324
fire7_nb0_rank0951,230,229,-1,379
fire7_nb0_rank0952,163,162,-1,421
fire7_nb0_rank0953,178,177,-1,358
fire7_nb0_rank0954,145,144,-1,362
fire7_nb0_rank0955,195,194,-1,526
fire7_nb0_rank0956,210,209,-1,429
fire7_nb0_rank0957,170,169,-1,422
fire7_nb0_rank0958,129,128,-1,222
fire7_nb0_rank0959,142,141,-1,322
fire7_nb0_rank0960,195,194,-1,528
fire7_nb0_rank0961,135,134,-1,162
fire7_nb0_rank0962,185,184,-1,412
fire7_nb0_rank0963,202,201,-1,431
fire7_nb0_rank0964,202,201,-1,431
fire7_nb0_rank0965,160,159,-1,374
fire7_nb0_rank0966,128,127,-1,322
fire7_nb0_rank0967,171,170,-1,441
fire7_nb0_rank0968,200,199,-1,336
fire7_nb0_rank0969,161,160,-1,356
fire7_nb0_rank0970,154,153,-1,311
fire7_nb0_rank0971,199,198,-1,448
fire7_nb0_rank0972,156,155,-1,350
fire7_nb0_rank0973,126,125,-1,288
fire7_nb0_rank0974,201,200,-1,371
fire7_nb0_rank0975,200,199,-1,336
fire7_nb0_rank0976,148,147,-1,306
fire7_nb0_rank0977,166,165,-1,421
fire7_nb0_rank0978,142,141,-1,365
fire7_nb0_rank0979,127,126,-1,244
fire7_nb0_rank0980,216,215,-1,393
fire7_nb0_rank0981,273,272,-1,562
fire7_nb0_rank0982,170,169,-1,429
fire7_nb0_rank0983,158,157,-1,414
fire7_nb0_rank0984,130,129,-1,310
fire7_nb0_rank0985,137,136,-1,274
fire7_nb0_rank0986,148,147,-1,251
fire7_nb0_rank0987,139,138,-1,301
fire7_nb0_rank0988,172,171,-1,369
fire7_nb0_rank0989,125,124,-1,305
fire7_nb0_rank0990,203,202,-1,429
fire7_nb0_rank0991,215,214,-1,374
fire7_nb0_rank0992,152,151,-1,342
fire7_nb0_rank0993,180,179,-1,305
fire7_nb0_rank0994,135,134,-1,299
fire7_nb0_rank0995,187,186,-1,369
fire7_nb0_rank0996,135,134,-1,299
fire7_nb0_rank0997,168,167,-1,264
fire7_nb0_rank0998,159,158,-1,264
fire7_nb0_rank0999,171,170,-1,403
fire7_nb0_rank1000,131,130,-1,331
fire7_nb0_rank1001,150,149,-1,345
fire7_nb0_rank1002,212,211,-1,445
fire7_nb0_rank1003,146,145,-1,352
fire7_nb0_rank1004,114,113,-1,213
fire7_nb0_rank1005,157,156,-1,288
fire7_nb0_rank1006,137,136,-1,299
fire7_nb0_rank1007,127,126,-1,205
fire7_nb0_rank1008,228,227,-1,458
fire7_nb0_rank1009,140,139,-1,305
fire7_nb0_rank1010,131,130,-1,296
fire7_nb0_rank1011,122,121,-1,244
fire7_nb0_rank1012,141,140,-1,370
fire7_nb0_rank1013,135,134,-1,263
fire7_nb0_rank1014,120,119,-1,282
fire7_nb0_rank1015,173,172,-1,402
fire7_nb0_rank1016,127,126,-1,341
fire7_nb0_rank1017,156,155,-1,310
fire7_nb0_rank1018,152,151,-1,307
fire7_nb0_rank1019,127,126,-1,198
fire7_nb0_rank1020,157,156,-1,288
fire7_nb0_rank1021,128,127,-1,295
fire7_nb0_rank1022,141,140,-1,282
fire7_nb0_rank1023,154,153,-1,408
fire7_nb0_rank1024,212,211,-1,445
fire7_nb0_rank1025,114,113,-1,220
fire7_nb0_rank1026,140,139,-1,305
fire7_nb0_rank1027,150,149,-1,305
fire7_nb0_rank1028,150,149,-1,398
fire7_nb0_rank1029,115,114,-1,283
fire7_nb0_rank1030,197,196,-1,436
fire7_nb0_rank1031,150,149,-1,284
fire7_nb0_rank1032,123,122,-1,271
fire7_nb0_rank1033,144,143,-1,240
fire7_nb0_rank1034,175,174,-1,259
fire7_nb0_rank1035,126,125,-1,299
fire7_nb0_rank1036,113,112,-1,206
fire7_nb0_rank1037,139,138,-1,165
fire7_nb0_rank1038,143,142,-1,341
fire7_nb0_rank1039,229,228,-1,467
fire7_nb0_rank1040,185,184,-1,429
fire7_nb0_rank1041,156,155,-1,317
fire7_nb0_rank1042,133,132,-1,261
fire7_nb0_rank1043,120,119,-1,277
fire7_nb0_rank1044,138,137,-1,309
fire7_nb0_rank1045,133,132,-1,261
fire7_nb0_rank1046,149,148,-1,399
fire7_nb0_rank1047,125,124,-1,206
fire7_nb0_rank1048,142,141,-1,329
fire7_nb0_rank1049,229,228,-1,467
fire7_nb0_rank1050,157,156,-1,346
fire7_nb0_rank1051,140,139,-1,295
fire7_nb0_rank1052,144,143,-1,247
fire7_nb0_rank1053,151,150,-1,401
fire7_nb0_rank1054,118,117,-1,235
fire7_nb0_rank1055,112,111,-1,235
fire7_nb0_rank1056,129,128,-1,298
fire7_nb0_rank1057,124,123,-1,243
fire7_nb0_rank1058,129,128,-1,243
fire7_nb0_rank1059,156,155,-1,315
fire7_nb0_rank1060,216,215,-1,393
fire7_nb0_rank1061,135,134,-1,160
fire7_nb0_rank1062,173,172,-1,411
fire7_nb0_rank1063,174,173,-1,327
fire7_nb0_rank1064,120,119,-1,248
fire7_nb0_rank1065,165,164,-1,374
fire7_nb0_rank1066,120,119,-1,248
fire7_nb0_rank1067,247,246,-1,462
fire7_nb0_rank1068,143,142,-1,332
fire7_nb0_rank1069,131,130,-1,317
fire7_nb0_rank1070,160,159,-1,416
fire7_nb0_rank1071,149,148,-1,322
fire7_nb0_rank1072,147,146,-1,343
fire7_nb0_rank1073,196,195,-1,475
fire7_nb0_rank1074,111,110,-1,248
fire7_nb0_rank1075,146,145,-1,334
fire7_nb0_rank1076,133,132,-1,321
fire7_nb0_rank1077,162,161,-1,418
fire7_nb0_rank1078,149,148,-1,345
fire7_nb0_rank1079,166,165,-1,342
fire7_nb0_rank1080,178,177,-1,487
fire7_nb0_rank1081,123,122,-1,220
fire7_nb0_rank1082,152,151,-1,360
fire7_nb0_rank1083,142,141,-1,304
fire7_nb0_rank1084,141,140,-1,329
fire7_nb0_rank1085,132,131,-1,304
fire7_nb0_rank1086,159,158,-1,394
fire7_nb0_rank1087,120,119,-1,287
fire7_nb0_rank1088,134,133,-1,321
fire7_nb0_rank1089,131,130,-1,319
fire7_nb0_rank1090,148,147,-1,341
fire7_nb0_rank1091,169,168,-1,406
fire7_nb0_rank1092,189,188,-1,473
fire7_nb0_rank1093,102,101,-1,237
fire7_nb0_rank1094,147,146,-1,334
fire7_nb0_rank1095,158,157,-1,337
fire7_nb0_rank1096,129,128,-1,294
fire7_nb0_rank1097,120,119,-1,260
fire7_nb0_rank1098,159,158,-1,318
fire7_nb0_rank1099,158,157,-1,401
fire7_nb0_rank1100,154,153,-1,249
fire7_nb0_rank1101,135,134,-1,249
fire7_nb0_rank1102,138,137,-1,288
fire7_nb0_rank1103,116,115,-1,224
fire7_nb0_rank1104,110,109,-1,240
fire7_nb0_rank1105,107,106,-1,240
fire7_nb0_rank1106,110,109,-1,240
fire7_nb0_rank1107,173,172,-1,388
fire7_nb0_rank1108,154,153,-1,398
fire7_nb0_rank1109,123,122,-1,220
fire7_nb0_rank1110,131,130,-1,154
fire7_nb0_rank1111,118,117,-1,239
fire7_nb0_rank1112,127,126,-1,291
fire7_nb0_rank1113,111,110,-1,225
fire7_nb0_rank1114,116,115,-1,224
fire7_nb0_rank1115,116,115,-1,249
fire7_nb0_rank1116,133,132,-1,287
fire7_nb0_rank1117,116,115,-1,224
fire7_nb0_rank1118,111,110,-1,223
fire7_nb0_rank1119,118,117,-1,236
fire7_nb0_rank1120,110,109,-1,238
fire7_nb0_rank1121,127,126,-1,284
fire7_nb0_rank1122,121,120,-1,275
fire7_nb0_rank1123,127,126,-1,284
fire7_nb0_rank1124,129,128,-1,329
fire7_nb0_rank1125,133,132,-1,287
fire7_nb0_rank1126,122,121,-1,280
fire7_nb0_rank1127,162,161,-1,291
fire7_nb0_rank1128,178,177,-1,302
fire7_nb0_rank1129,139,138,-1,324
fire7_nb0_rank1130,129,128,-1,286
fire7_nb0_rank1131,136,135,-1,280
fire7_nb0_rank1132,122,121,-1,280
fire7_nb0_rank1133,160,159,-1,345
fire7_nb0_rank1134,133,132,-1,287
fire7_nb0_rank1135,141,140,-1,332
fire7_nb0_rank1136,114,113,-1,270
fire7_nb0_rank1137,108,107,-1,219
fire7_nb0_rank1138,165,164,-1,354
fire7_nb0_rank1139,153,152,-1,331
fire7_nb0_rank1140,149,148,-1,320
fire7_nb0_rank1141,116,115,-1,272
fire7_nb0_rank1142,102,101,-1,234
fire7_nb0_rank1143,121,120,-1,291
fire7_nb0_rank1144,160,159,-1,414
fire7_nb0_rank1145,133,132,-1,284
fire7_nb0_rank1146,132,131,-1,225
fire7_nb0_rank1147,129,128,-1,233
fire7_nb0_rank1148,111,110,-1,225
fire7_nb0_rank1149,159,158,-1,413
fire7_nb0_rank1150,105,104,-1,215
fire7_nb0_rank1151,152,151,-1,291
fire7_nb0_rank1152,144,143,-1,338
fire7_nb0_rank1153,131,130,-1,275
fire7_nb0_rank1154,158,157,-1,292
fire7_nb0_rank1155,131,130,-1,277
fire7_nb0_rank1156,104,103,-1,263
fire7_nb0_rank1157,113,112,-1,225
fire7_nb0_rank1158,135,134,-1,240
fire7_nb0_rank1159,118,117,-1,289
fire7_nb0_rank1160,140,139,-1,351
fire7_nb0_rank1161,110,109,-1,205
fire7_nb0_rank1162,104,103,-1,258
fire7_nb0_rank1163,157,156,-1,422
fire7_nb0_rank1164,136,135,-1,308
fire7_nb0_rank1165,149,148,-1,391
fire7_nb0_rank1166,128,127,-1,278
fire7_nb0_rank1167,121,120,-1,203
fire7_nb0_rank1168,154,153,-1,402
fire7_nb0_rank1169,109,108,-1,238
fire7_nb0_rank1170,109,108,-1,238
fire7_nb0_rank1171,108,107,-1,203
fire7_nb0_rank1172,130,129,-1,322
fire7_nb0_rank1173,109,108,-1,228
fire7_nb0_rank1174,91,90,-1,222
fire7_nb0_rank1175,91,90,-1,219
fire7_nb0_rank1176,126,125,-1,226
fire7_nb0_rank1177,105,104,-1,226
fire7_nb0_rank1178,135,134,-1,281
fire7_nb0_rank1179,111,110,-1,255
fire7_nb0_rank1180,103,102,-1,262
fire7_nb0_rank1181,121,120,-1,277
fire7_nb0_rank1182,158,157,-1,340
fire7_nb0_rank1183,158,157,-1,340
fire7_nb0_rank1184,119,118,-1,308
fire7_nb0_rank1185,108,107,-1,203
fire7_nb0_rank1186,108,107,-1,203
fire7_nb0_rank1187,142,141,-1,355
fire7_nb0_rank1188,124,123,-1,282
fire7_nb0_rank1189,118,117,-1,227
fire7_nb0_rank1190,130,129,-1,316
fire7_nb0_rank1191,135,134,-1,323
fire7_nb0_rank1192,98,97,-1,248
fire7_nb0_rank1193,160,159,-1,341
fire7_nb0_rank1194,104,103,-1,204
fire7_nb0_rank1195,127,126,-1,274
fire7_nb0_rank1196,114,113,-1,243
fire7_nb0_rank1197,104,103,-1,253
fire7_nb0_rank1198,150,149,-1,331
fire7_nb0_rank1199,116,115,-1,250
fire7_nb0_rank1200,119,118,-1,275
fire7_nb0_rank1201,133,132,-1,321
fire7_nb0_rank1202,167,166,-1,326
fire7_nb0_rank1203,139,138,-1,244
fire7_nb0_rank1204,135,134,-1,210
fire7_nb0_rank1205,170,169,-1,324
fire7_nb0_rank1206,114,113,-1,243
fire7_nb0_rank1207,110,109,-1,255
fire7_nb0_rank1208,152,151,-1,274
fire7_nb0_rank1209,111,110,-1,222
fire7_nb0_rank1210,121,120,-1,260
fire7_nb0_rank1211,123,122,-1,217
fire7_nb0_rank1212,107,106,-1,228
fire7_nb0_rank1213,130,129,-1,311
fire7_nb0_rank1214,118,117,-1,271
fire7_nb0_rank1215,197,196,-1,363
fire7_nb0_rank1216,100,99,-1,252
fire7_nb0_rank1217,129,128,-1,316
fire7_nb0_rank1218,121,120,-1,266
fire7_nb0_rank1219,108,107,-1,251
fire7_nb0_rank1220,114,113,-1,260
fire7_nb0_rank1221,108,107,-1,244
fire7_nb0_rank1222,127,126,-1,276
fire7_nb0_rank1223,121,120,-1,266
fire7_nb0_rank1224,108,107,-1,202
fire7_nb0_rank1225,110,109,-1,237
fire7_nb0_rank1226,112,111,-1,239
fire7_nb0_rank1227,110,109,-1,237
fire7_nb0_rank1228,120,119,-1,238
fire7_nb0_rank1229,115,114,-1,238
fire7_nb0_rank1230,120,119,-1,238
fire7_nb0_rank1231,115,114,-1,238
fire7_nb0_rank1232,89,88,-1,194
fire7_nb0_rank1233,97,96,-1,275
fire7_nb0_rank1234,121,120,-1,289
fire7_nb0_rank1235,120,119,-1,271
fire7_nb0_rank1236,121,120,-1,190
fire7_nb0_rank1237,121,120,-1,190
fire7_nb0_rank1238,115,114,-1,279
fire7_nb0_rank1239,121,120,-1,263
fire7_nb0_rank1240,114,113,-1,229
fire7_nb0_rank1241,145,144,-1,385
fire7_nb0_rank1242,132,131,-1,304
fire7_nb0_rank1243,107,106,-1,259
fire7_nb0_rank1244,142,141,-1,335
fire7_nb0_rank1245,159,158,-1,299
fire7_nb0_rank1246,127,126,-1,304
fire7_nb0_rank1247,119,118,-1,254
fire7_nb0_rank1248,160,159,-1,331
fire7_nb0_rank1249,139,138,-1,319
fire7_nb0_rank1250,102,101,-1,259
fire7_nb0_rank1251,167,166,-1,340
fire7_nb0_rank1252,167,166,-1,273
fire7_nb0_rank1253,132,131,-1,281
fire7_nb0_rank1254,107,106,-1,230
fire7_nb0_rank1255,106,105,-1,201
fire7_nb0_rank1256,106,105,-1,201
fire7_nb0_rank1257,149,148,-1,327
fire7_nb0_rank1258,153,152,-1,325
fire7_nb0_rank1259,112,111,-1,222
fire7_nb0_rank1260,114,113,-1,275
fire7_nb0_rank1261,138,137,-1,348
fire7_nb0_rank1262,102,101,-1,206
fire7_nb0_rank1263,133,132,-1,318
fire7_nb0_rank1264,138,137,-1,270
fire7_nb0_rank1265,116,115,-1,251
fire7_nb0_rank1266,99,98,-1,257
fire7_nb0_rank1267,152,151,-1,330
fire7_nb0_rank1268,86,85,-1,227
fire7_nb0_rank1269,86,85,-1,227
fire7_nb0_rank1270,105,104,-1,220
fire7_nb0_rank1271,103,102,-1,262
fire7_nb0_rank1272,148,147,-1,344
fire7_nb0_rank1273,126,125,-1,265
fire7_nb0_rank1274,174,173,-1,336
fire7_nb0_rank1275,174,173,-1,336
fire7_nb0_rank1276,167,166,-1,273
fire7_nb0_rank1277,145,144,-1,273
fire7_nb0_rank1278,138,137,-1,306
fire7_nb0_rank1279,112,111,-1,248
fire7_nb0_rank1280,106,105,-1,255
fire7_nb0_rank1281,159,158,-1,258
fire7_nb0_rank1282,115,114,-1,216
fire7_nb0_rank1283,135,134,-1,157
fire7_nb0_rank1284,150,149,-1,320
fire7_nb0_rank1285,126,125,-1,321
fire7_nb0_rank1286,96,95,-1,225
fire7_nb0_rank1287,138,137,-1,295
fire7_nb0_rank1288,101,100,-1,212
fire7_nb0_rank1289,93,92,-1,212
fire7_nb0_rank1290,138,137,-1,304
fire7_nb0_rank1291,110,109,-1,267
fire7_nb0_rank1292,110,109,-1,258
fire7_nb0_rank1293,133,132,-1,207
fire7_nb0_rank1294,112,111,-1,275
fire7_nb0_rank1295,168,167,-1,254
fire7_nb0_rank1296,95,94,-1,204
fire7_nb0_rank1297,138,137,-1,279
fire7_nb0_rank1298,112,111,-1,279
fire7_nb0_rank1299,121,120,-1,281
fire7_nb0_rank1300,136,135,-1,231
fire7_nb0_rank1301,153,152,-1,258
fire7_nb0_rank1302,101,100,-1,202
fire7_nb0_rank1303,123,122,-1,278
fire7_nb0_rank1304,138,137,-1,279
fire7_nb0_rank1305,123,122,-1,278
fire7_nb0_rank1306,131,130,-1,276
fire7_nb0_rank1307,84,83,-1,171
fire7_nb0_rank1308,121,120,-1,276
fire7_nb0_rank1309,123,122,-1,288
fire7_nb0_rank1310,128,127,-1,259
fire7_nb0_rank1311,107,106,-1,240
fire7_nb0_rank1312,115,114,-1,293
fire7_nb0_rank1313,128,127,-1,259
fire7_nb0_rank1314,128,127,-1,312
fire7_nb0_rank1315,97,96,-1,189
fire7_nb0_rank1316,121,120,-1,210
fire7_nb0_rank1317,98,97,-1,251
fire7_nb0_rank1318,133,132,-1,311
fire7_nb0_rank1319,120,119,-1,261
fire7_nb0_rank1320,103,102,-1,167
fire7_nb0_rank1321,145,144,-1,266
fire7_nb0_rank1322,155,154,-1,227
fire7_nb0_rank1323,132,131,-1,296
fire7_nb0_rank1324,114,113,-1,273
fire7_nb0_rank1325,124,123,-1,255
fire7_nb0_rank1326,161,160,-1,255
fire7_nb0_rank1327,119,118,-1,310
fire7_nb0_rank1328,100,99,-1,223
fire7_nb0_rank1329,115,114,-1,252
fire7_nb0_rank1330,108,107,-1,227
fire7_nb0_rank1331,108,107,-1,227
fire7_nb0_rank1332,112,111,-1,275
fire7_nb0_rank1333,94,93,-1,200
fire7_nb0_rank1334,95,94,-1,220
fire7_nb0_rank1335,95,94,-1,199
fire7_nb0_rank1336,90,89,-1,199
fire7_nb0_rank1337,112,111,-1,248
fire7_nb0_rank1338,155,154,-1,315
fire7_nb0_rank1339,93,92,-1,221
fire7_nb0_rank1340,94,93,-1,208
fire7_nb0_rank1341,88,87,-1,209
fire7_nb0_rank1342,126,125,-1,277
fire7_nb0_rank1343,93,92,-1,233
fire7_nb0_rank1344,177,176,-1,323
fire7_nb0_rank1345,98,97,-1,204
fire7_nb0_rank1346,110,109,-1,206
fire7_nb0_rank1347,99,98,-1,200
fire7_nb0_rank1348,115,114,-1,238
fire7_nb0_rank1349,164,163,-1,289
fire7_nb0_rank1350,140,139,-1,237
fire7_nb0_rank1351,104,103,-1,239
fire7_nb0_rank1352,107,106,-1,267
fire7_nb0_rank1353,83,82,-1,223
fire7_nb0_rank1354,83,82,-1,223
fire7_nb0_rank1355,97,96,-1,243
fire7_nb0_rank1356,147,146,-1,320
fire7_nb0_rank1357,140,139,-1,305
fire7_nb0_rank1358,118,117,-1,200
fire7_nb0_rank1359,110,109,-1,206
fire7_nb0_rank1360,110,109,-1,206
fire7_nb0_rank1361,111,110,-1,196
fire7_nb0_rank1362,110,109,-1,206
fire7_nb0_rank1363,146,145,-1,297
fire7_nb0_rank1364,104,103,-1,131
fire7_nb0_rank1365,103,102,-1,131
fire7_nb0_rank1366,110,109,-1,206
fire7_nb0_rank1367,105,104,-1,230
fire7_nb0_rank1368,86,85,-1,193
fire7_nb0_rank1369,88,87,-1,160
fire7_nb0_rank1370,121,120,-1,256
fire7_nb0_rank1371,99,98,-1,200
fire7_nb0_rank1372,99,98,-1,205
fire7_nb0_rank1373,106,105,-1,257
fire7_nb0_rank1374,149,148,-1,314
fire7_nb0_rank1375,89,88,-1,275
fire7_nb0_rank1376,90,89,-1,207
fire7_nb0_rank1377,90,89,-1,207
fire7_nb0_rank1378,114,113,-1,231
fire7_nb0_rank1379,94,93,-1,188
fire7_nb0_rank1380,123,122,-1,210
fire7_nb0_rank1381,87,86,-1,194
fire7_nb0_rank1382,123,122,-1,266
fire7_nb0_rank1383,126,125,-1,273
fire7_nb0_rank1384,78,77,-1,167
fire7_nb0_rank1385,90,89,-1,198
fire7_nb0_rank1386,94,93,-1,197
fire7_nb0_rank1387,126,125,-1,273
fire7_nb0_rank1388,212,211,-1,377
fire7_nb0_rank1389,88,87,-1,160
fire7_nb0_rank1390,161,160,-1,296
fire7_nb0_rank1391,142,141,-1,254
fire7_nb0_rank1392,86,85,-1,205
fire7_nb0_rank1393,142,141,-1,254
fire7_nb0_rank1394,96,95,-1,207
fire7_nb0_rank1395,109,108,-1,263
fire7_nb0_rank1396,86,85,-1,213
fire7_nb0_rank1397,114,113,-1,219
fire7_nb0_rank1398,126,125,-1,273
fire7_nb0_rank1399,98,97,-1,244
fire7_nb0_rank1400,99,98,-1,190
fire7_nb0_rank1401,138,137,-1,276
fire7_nb0_rank1402,148,147,-1,239
fire7_nb0_rank1403,148,147,-1,239
fire7_nb0_rank1404,129,128,-1,239
fire7_nb0_rank1405,137,136,-1,324
fire7_nb0_rank1406,108,107,-1,229
fire7_nb0_rank1407,126,125,-1,273
fire7_nb0_rank1408,131,130,-1,203
fire7_nb0_rank1409,94,93,-1,197
fire7_nb0_rank1410,99,98,-1,188
fire7_nb0_rank1411,96,95,-1,199
fire7_nb0_rank1412,78,77,-1,164
fire7_nb0_rank1413,76,75,-1,165
fire7_nb0_rank1414,94,93,-1,205
fire7_nb0_rank1415,105,104,-1,230
fire7_nb0_rank1416,117,116,-1,245
fire7_nb0_rank1417,90,89,-1,212
fire7_nb0_rank1418,93,92,-1,184
fire7_nb0_rank1419,127,126,-1,285
fire7_nb0_rank1420,99,98,-1,235
fire7_nb0_rank1421,102,101,-1,247
fire7_nb0_rank1422,110,109,-1,242
fire7_nb0_rank1423,98,97,-1,223
fire7_nb0_rank1424,99,98,-1,235
fire7_nb0_rank1425,129,128,-1,238
fire7_nb0_rank1426,126,125,-1,222
fire7_nb0_rank1427,102,101,-1,232
fire7_nb0_rank1428,105,104,-1,233
fire7_nb0_rank1429,101,100,-1,237
fire7_nb0_rank1430,100,99,-1,245
fire7_nb0_rank1431,120,119,-1,270
fire7_nb0_rank1432,99,98,-1,231
fire7_nb0_rank1433,93,92,-1,206
fire7_nb0_rank1434,122,121,-1,276
fire7_nb0_rank1435,93,92,-1,206
fire7_nb0_rank1436,107,106,-1,247
fire7_nb0_rank1437,90,89,-1,212
fire7_nb0_rank1438,106,105,-1,217
fire7_nb0_rank1439,107,106,-1,242
fire7_nb0_rank1440,107,106,-1,180
fire7_nb0_rank1441,104,103,-1,226
fire7_nb0_rank1442,86,85,-1,158
fire7_nb0_rank1443,124,123,-1,265
fire7_nb0_rank1444,90,89,-1,263
fire7_nb0_rank1445,102,101,-1,263
fire7_nb0_rank1446,120,119,-1,276
fire7_nb0_rank1447,91,90,-1,264
fire7_nb0_rank1448,103,102,-1,192
fire7_nb0_rank1449,102,101,-1,193
fire7_nb0_rank1450,123,122,-1,257
fire7_nb0_rank1451,81,80,-1,220
fire7_nb0_rank1452,139,138,-1,256
fire7_nb0_rank1453,113,112,-1,244
fire7_nb0_rank1454,110,109,-1,244
fire7_nb0_rank1455,103,102,-1,252
fire7_nb0_rank1456,104,103,-1,255
fire7_nb0_rank1457,135,134,-1,242
fire7_nb0_rank1458,103,102,-1,192
fire7_nb0_rank1459,141,140,-1,313
fire7_nb0_rank1460,121,120,-1,248
fire7_nb0_rank1461,84,83,-1,189
fire7_nb0_rank1462,84,83,-1,182
fire7_nb0_rank1463,97,96,-1,241
fire7_nb0_rank1464,111,110,-1,264
fire7_nb0_rank1465,84,83,-1,182
fire7_nb0_rank1466,108,107,-1,270
fire7_nb0_rank1467,84,83,-1,186
fire7_nb0_rank1468,83,82,-1,176
fire7_nb0_rank1469,81,80,-1,180
fire7_nb0_rank1470,82,81,-1,204
fire7_nb0_rank1471,122,121,-1,235
fire7_nb0_rank1472,113,112,-1,248
fire7_nb0_rank1473,96,95,-1,125
fire7_nb0_rank1474,98,97,-1,125
fire7_nb0_rank1475,114,113,-1,269
fire7_nb0_rank1476,105,104,-1,189
fire7_nb0_rank1477,116,115,-1,229
fire7_nb0_rank1478,129,128,-1,230
fire7_nb0_rank1479,100,99,-1,185
fire7_nb0_rank1480,94,93,-1,185
fire7_nb0_rank1481,110,109,-1,244
fire7_nb0_rank1482,117,116,-1,187
fire7_nb0_rank1483,90,89,-1,259
fire7_nb0_rank1484,94,93,-1,241
fire7_nb0_rank1485,134,133,-1,225
fire7_nb0_rank1486,161,160,-1,257
fire7_nb0_rank1487,80,79,-1,186
fire7_nb0_rank1488,94,93,-1,192
fire7_nb0_rank1489,80,79,-1,187
fire7_nb0_rank1490,116,115,-1,220
fire7_nb0_rank1491,82,81,-1,202
fire7_nb0_rank1492,89,88,-1,176
fire7_nb0_rank1493,81,80,-1,176
fire7_nb0_rank1494,120,119,-1,272
fire7_nb0_rank1495,86,85,-1,206
fire7_nb0_rank1496,99,98,-1,229
fire7_nb0_rank1497,138,137,-1,245
fire7_nb0_rank1498,82,81,-1,183
fire7_nb0_rank1499,86,85,-1,183
fire7_nb0_rank1500,130,129,-1,202
fire7_nb0_rank1501,84,83,-1,171
fire7_nb0_rank1502,132,131,-1,276
fire7_nb0_rank1503,101,100,-1,189
fire7_nb0_rank1504,89,88,-1,202
fire7_nb0_rank1505,101,100,-1,189
fire7_nb0_rank1506,80,79,-1,155
fire7_nb0_rank1507,86,85,-1,155
fire7_nb0_rank1508,150,149,-1,310
fire7_nb0_rank1509,128,127,-1,244
fire7_nb0_rank1510,105,104,-1,227
fire7_nb0_rank1511,105,104,-1,227
fire7_nb0_rank1512,128,127,-1,244
fire7_nb0_rank1513,122,121,-1,278
fire7_nb0_rank1514,109,108,-1,184
fire7_nb0_rank1515,101,100,-1,189
fire7_nb0_rank1516,109,108,-1,184
fire7_nb0_rank1517,82,81,-1,186
fire7_nb0_rank1518,91,90,-1,183
fire7_nb0_rank1519,97,96,-1,213
fire7_nb0_rank1520,101,100,-1,215
fire7_nb0_rank1521,91,90,-1,162
fire7_nb0_rank1522,117,116,-1,197
fire7_nb0_rank1523,90,89,-1,169
fire7_nb0_rank1524,91,90,-1,183
fire7_nb0_rank1525,105,104,-1,227
fire7_nb0_rank1526,83,82,-1,186
fire7_nb0_rank1527,110,109,-1,220
fire7_nb0_rank1528,127,126,-1,272
fire7_nb0_rank1529,111,110,-1,207
fire7_nb0_rank1530,86,85,-1,186
fire7_nb0_rank1531,124,123,-1,221
fire7_nb0_rank1532,115,114,-1,175
fire7_nb0_rank1533,115,114,-1,175
fire7_nb0_rank1534,99,98,-1,191
fire7_nb0_rank1535,99,98,-1,209
fire7_nb0_rank1536,80,79,-1,162
fire7_nb0_rank1537,150,149,-1,271
fire7_nb0_rank1538,88,87,-1,198
fire7_nb0_rank1539,108,107,-1,225
fire7_nb0_rank1540,81,80,-1,175
fire7_nb0_rank1541,89,88,-1,175
fire7_nb0_rank1542,82,81,-1,228
fire7_nb0_rank1543,86,85,-1,228
fire7_nb0_rank1544,150,149,-1,271
fire7_nb0_rank1545,112,111,-1,241
fire7_nb0_rank1546,107,106,-1,239
fire7_nb0_rank1547,125,124,-1,291
fire7_nb0_rank1548,108,107,-1,225
fire7_nb0_rank1549,99,98,-1,174
fire7_nb0_rank1550,85,84,-1,159
fire7_nb0_rank1551,140,139,-1,282
fire7_nb0_rank1552,98,97,-1,175
fire7_nb0_rank1553,123,122,-1,226
fire7_nb0_rank1554,89,88,-1,170
fire7_nb0_rank1555,100,99,-1,246
fire7_nb0_rank1556,91,90,-1,169
fire7_nb0_rank1557,98,97,-1,191
fire7_nb0_rank1558,80,79,-1,193
fire7_nb0_rank1559,95,94,-1,175
fire7_nb0_rank1560,95,94,-1,175
fire7_nb0_rank1561,103,102,-1,206
fire7_nb0_rank1562,134,133,-1,255
fire7_nb0_rank1563,116,115,-1,260
fire7_nb0_rank1564,77,76,-1,178
fire7_nb0_rank1565,81,80,-1,182
fire7_nb0_rank1566,136,135,-1,311
fire7_nb0_rank1567,114,113,-1,235
fire7_nb0_rank1568,76,75,-1,190
fire7_nb0_rank1569,88,87,-1,197
fire7_nb0_rank1570,134,133,-1,260
fire7_nb0_rank1571,81,80,-1,149
fire7_nb0_rank1572,134,133,-1,242
fire7_nb0_rank1573,87,86,-1,159
fire7_nb0_rank1574,90,89,-1,199
fire7_nb0_rank1575,86,85,-1,171
fire7_nb0_rank1576,134,133,-1,234
fire7_nb0_rank1577,80,79,-1,180
fire7_nb0_rank1578,93,92,-1,173
fire7_nb0_rank1579,129,128,-1,199
fire7_nb0_rank1580,93,92,-1,185
fire7_nb0_rank1581,91,90,-1,178
fire7_nb0_rank1582,81,80,-1,179
fire7_nb0_rank1583,75,74,-1,148
fire7_nb0_rank1584,82,81,-1,233
fire7_nb0_rank1585,84,83,-1,169
fire7_nb0_rank1586,94,93,-1,226
fire7_nb0_rank1587,84,83,-1,185
fire7_nb0_rank1588,84,83,-1,169
fire7_nb0_rank1589,83,82,-1,198
fire7_nb0_rank1590,75,74,-1,181
fire7_nb0_rank1591,98,97,-1,189
fire7_nb0_rank1592,82,81,-1,150
fire7_nb0_rank1593,120,119,-1,227
fire7_nb0_rank1594,96,95,-1,202
fire7_nb0_rank1595,114,113,-1,242
fire7_nb0_rank1596,84,83,-1,185
fire7_nb0_rank1597,81,80,-1,163
fire7_nb0_rank1598,84,83,-1,169
fire7_nb0_rank1599,109,108,-1,239
fire7_nb0_rank1600,103,102,-1,128
fire7_nb0_rank1601,103,102,-1,128
fire7_nb0_rank1602,89,88,-1,184
fire7_nb0_rank1603,81,80,-1,163
fire7_nb0_rank1604,83,82,-1,198
fire7_nb0_rank1605,145,144,-1,191
fire7_nb0_rank1606,94,93,-1,226
fire7_nb0_rank1607,71,70,-1,156
fire7_nb0_rank1608,124,123,-1,218
fire7_nb0_rank1609,114,113,-1,216
fire7_nb0_rank1610,83,82,-1,180
fire7_nb0_rank1611,77,76,-1,206
fire7_nb0_rank1612,82,81,-1,150
fire7_nb0_rank1613,124,123,-1,213
fire7_nb0_rank1614,98,97,-1,242
fire7_nb0_rank1615,79,78,-1,167
fire7_nb0_rank1616,81,80,-1,170
fire7_nb0_rank1617,111,110,-1,261
fire7_nb0_rank1618,93,92,-1,197
fire7_nb0_rank1619,81,80,-1,163
fire7_nb0_rank1620,115,114,-1,199
fire7_nb0_rank1621,82,81,-1,183
fire7_nb0_rank1622,78,77,-1,183
fire7_nb0_rank1623,102,101,-1,187
fire7_nb0_rank1624,91,90,-1,210
fire7_nb0_rank1625,75,74,-1,153
fire7_nb0_rank1626,90,89,-1,202
fire7_nb0_rank1627,120,119,-1,205
fire7_nb0_rank1628,91,90,-1,235
fire7_nb0_rank1629,88,87,-1,163
fire7_nb0_rank1630,99,98,-1,220
fire7_nb0_rank1631,74,73,-1,188
fire7_nb0_rank1632,75,74,-1,170
fire7_nb0_rank1633,92,91,-1,235
fire7_nb0_rank1634,75,74,-1,153
fire7_nb0_rank1635,69,68,-1,146
fire7_nb0_rank1636,96,95,-1,217
fire7_nb0_rank1637,83,82,-1,186
fire7_nb0_rank1638,114,113,-1,192
fire7_nb0_rank1639,79,78,-1,162
fire7_nb0_rank1640,96,95,-1,227
fire7_nb0_rank1641,73,72,-1,184
fire7_nb0_rank1642,73,72,-1,184
fire7_nb0_rank1643,77,76,-1,200
fire7_nb0_rank1644,79,78,-1,184
fire7_nb0_rank1645,93,92,-1,180
fire7_nb0_rank1646,100,99,-1,185
fire7_nb0_rank1647,110,109,-1,122
fire7_nb0_rank1648,120,119,-1,199
fire7_nb0_rank1649,84,83,-1,185
fire7_nb0_rank1650,71,70,-1,152
fire7_nb0_rank1651,92,91,-1,204
fire7_nb0_rank1652,76,75,-1,182
fire7_nb0_rank1653,99,98,-1,217
fire7_nb0_rank1654,122,121,-1,219
fire7_nb0_rank1655,88,87,-1,196
fire7_nb0_rank1656,109,108,-1,239
fire7_nb0_rank1657,95,94,-1,165
fire7_nb0_rank1658,96,95,-1,214
fire7_nb0_rank1659,97,96,-1,184
fire7_nb0_rank1660,82,81,-1,171
fire7_nb0_rank1661,78,77,-1,188
fire7_nb0_rank1662,93,92,-1,178
fire7_nb0_rank1663,124,123,-1,233
fire7_nb0_rank1664,118,117,-1,255
fire7_nb0_rank1665,78,77,-1,149
fire7_nb0_rank1666,76,75,-1,158
fire7_nb0_rank1667,76,75,-1,158
fire7_nb0_rank1668,83,82,-1,189
fire7_nb0_rank1669,92,91,-1,211
fire7_nb0_rank1670,80,79,-1,193
fire7_nb0_rank1671,72,71,-1,173
fire7_nb0_rank1672,72,71,-1,170
fire7_nb0_rank1673,78,77,-1,211
fire7_nb0_rank1674,73,72,-1,184
fire7_nb0_rank1675,79,78,-1,184
fire7_nb0_rank1676,76,75,-1,183
fire7_nb0_rank1677,85,84,-1,174
fire7_nb0_rank1678,82,81,-1,190
fire7_nb0_rank1679,93,92,-1,160
fire7_nb0_rank1680,80,79,-1,135
fire7_nb0_rank1681,80,79,-1,140
fire7_nb0_rank1682,73,72,-1,184
fire7_nb0_rank1683,89,88,-1,195
fire7_nb0_rank1684,78,77,-1,211
fire7_nb0_rank1685,72,71,-1,150
fire7_nb0_rank1686,89,88,-1,202
fire7_nb0_rank1687,76,75,-1,183
fire7_nb0_rank1688,117,116,-1,205
fire7_nb0_rank1689,69,68,-1,141
fire7_nb0_rank1690,69,68,-1,141
fire7_nb0_rank1691,82,81,-1,191
fire7_nb0_rank1692,86,85,-1,180
fire7_nb0_rank1693,92,91,-1,154
fire7_nb0_rank1694,83,82,-1,195
fire7_nb0_rank1695,92,91,-1,201
fire7_nb0_rank1696,81,80,-1,196
fire7_nb0_rank1697,98,97,-1,182
fire7_nb0_rank1698,69,68,-1,165
fire7_nb0_rank1699,88,87,-1,167
fire7_nb0_rank1700,84,83,-1,195
fire7_nb0_rank1701,86,85,-1,168
fire7_nb0_rank1702,79,78,-1,194
fire7_nb0_rank1703,74,73,-1,138
fire7_nb0_rank1704,85,84,-1,159
fire7_nb0_rank1705,80,79,-1,138
fire7_nb0_rank1706,102,101,-1,194
fire7_nb0_rank1707,102,101,-1,194
fire7_nb0_rank1708,90,89,-1,199
fire7_nb0_rank1709,81,80,-1,187
fire7_nb0_rank1710,93,92,-1,183
fire7_nb0_rank1711,90,89,-1,199
fire7_nb0_rank1712,114,113,-1,192
fire7_nb0_rank1713,93,92,-1,183
fire7_nb0_rank1714,103,102,-1,193
fire7_nb0_rank1715,101,100,-1,233
fire7_nb0_rank1716,75,74,-1,145
fire7_nb0_rank1717,90,89,-1,199
fire7_nb0_rank1718,83,82,-1,172
fire7_nb0_rank1719,83,82,-1,172
fire7_nb0_rank1720,91,90,-1,158
fire7_nb0_rank1721,90,89,-1,199
fire7_nb0_rank1722,86,85,-1,179
fire7_nb0_rank1723,70,69,-1,152
fire7_nb0_rank1724,68,67,-1,152
fire7_nb0_rank1725,97,96,-1,213
fire7_nb0_rank1726,73,72,-1,182
fire7_nb0_rank1727,93,92,-1,183
fire7_nb0_rank1728,86,85,-1,179
fire7_nb0_rank1729,74,73,-1,156
fire7_nb0_rank1730,97,96,-1,201
fire7_nb0_rank1731,82,81,-1,105
fire7_nb0_rank1732,74,73,-1,159
fire7_nb0_rank1733,68,67,-1,153
fire7_nb0_rank1734,81,80,-1,179
fire7_nb0_rank1735,82,81,-1,147
fire7_nb0_rank1736,87,86,-1,162
fire7_nb0_rank1737,112,111,-1,166
fire7_nb0_rank1738,70,69,-1,169
fire7_nb0_rank1739,149,148,-1,260
fire7_nb0_rank1740,83,82,-1,162
fire7_nb0_rank1741,83,82,-1,162
fire7_nb0_rank1742,75,74,-1,160
fire7_nb0_rank1743,134,133,-1,280
fire7_nb0_rank1744,94,93,-1,191
fire7_nb0_rank1745,93,92,-1,192
fire7_nb0_rank1746,103,102,-1,171
fire7_nb0_rank1747,71,70,-1,138
fire7_nb0_rank1748,85,84,-1,160
fire7_nb0_rank1749,103,102,-1,171
fire7_nb0_rank1750,69,68,-1,177
fire7_nb0_rank1751,73,72,-1,145
fire7_nb0_rank1752,86,85,-1,180
fire7_nb0_rank1753,69,68,-1,108
fire7_nb0_rank1754,78,77,-1,158
fire7_nb0_rank1755,87,86,-1,171
fire7_nb0_rank1756,95,94,-1,179
fire7_nb0_rank1757,105,104,-1,226
fire7_nb0_rank1758,90,89,-1,195
fire7_nb0_rank1759,85,84,-1,145
fire7_nb0_rank1760,88,87,-1,186
fire7_nb0_rank1761,93,92,-1,192
fire7_nb0_rank1762,87,86,-1,175
fire7_nb0_rank1763,90,89,-1,195
fire7_nb0_rank1764,90,89,-1,195
fire7_nb0_rank1765,76,75,-1,180
fire7_nb0_rank1766,149,148,-1,260
fire7_nb0_rank1767,72,71,-1,152
fire7_nb0_rank1768,74,73,-1,159
fire7_nb0_rank1769,72,71,-1,153
fire7_nb0_rank1770,76,75,-1,156
fire7_nb0_rank1771,75,74,-1,172
fire7_nb0_rank1772,72,71,-1,153
fire7_nb0_rank1773,72,71,-1,156
fire7_nb0_rank1774,76,75,-1,178
fire7_nb0_rank1775,72,71,-1,153
fire7_nb0_rank1776,95,94,-1,179
fire7_nb0_rank1777,73,72,-1,166
fire7_nb0_rank1778,80,79,-1,179
fire7_nb0_rank1779,70,69,-1,164
fire7_nb0_rank1780,129,128,-1,227
fire7_nb0_rank1781,71,70,-1,158
fire7_nb0_rank1782,71,70,-1,158
fire7_nb0_rank1783,75,74,-1,172
fire7_nb0_rank1784,88,87,-1,179
fire7_nb0_rank1785,94,93,-1,188
fire7_nb0_rank1786,87,86,-1,188
fire7_nb0_rank1787,71,70,-1,168
fire7_nb0_rank1788,71,70,-1,168
fire7_nb0_rank1789,99,98,-1,184
fire7_nb0_rank1790,75,74,-1,172
fire7_nb0_rank1791,88,87,-1,177
fire7_nb0_rank1792,88,87,-1,177
fire7_nb0_rank1793,68,67,-1,141
fire7_nb0_rank1794,116,115,-1,186
fire7_nb0_rank1795,90,89,-1,195
fire7_nb0_rank1796,75,74,-1,172
fire7_nb0_rank1797,88,87,-1,181
fire7_nb0_rank1798,78,77,-1,181
fire7_nb0_rank1799,71,70,-1,168
fire7_nb0_rank1800,72,71,-1,157
fire7_nb0_rank1801,88,87,-1,181
fire7_nb0_rank1802,80,79,-1,140
fire7_nb0_rank1803,71,70,-1,158
fire7_nb0_rank1804,77,76,-1,192
fire7_nb0_rank1805,88,87,-1,169
fire7_nb0_rank1806,85,84,-1,190
fire7_nb0_rank1807,80,79,-1,158
fire7_nb0_rank1808,68,67,-1,153
fire7_nb0_rank1809,67,66,-1,129
fire7_nb0_rank1810,112,111,-1,167
fire7_nb0_rank1811,73,72,-1,158
fire7_nb0_rank1812,68,67,-1,141
fire7_nb0_rank1813,71,70,-1,168
fire7_nb0_rank1814,86,85,-1,215
fire7_nb0_rank1815,65,64,-1,131
fire7_nb0_rank1816,71,70,-1,168
fire7_nb0_rank1817,75,74,-1,172
fire7_nb0_rank1818,75,74,-1,172
fire7_nb0_rank1819,92,91,-1,173
fire7_nb0_rank1820,68,67,-1,145
fire7_nb0_rank1821,75,74,-1,148
fire7_nb0_rank1822,72,71,-1,145
fire7_nb0_rank1823,77,76,-1,192
fire7_nb0_rank1824,85,84,-1,190
fire7_nb0_rank1825,72,71,-1,164
fire7_nb0_rank1826,62,61,-1,147
fire7_nb0_rank1827,62,61,-1,149
fire7_nb0_rank1828,82,81,-1,179
fire7_nb0_rank1829,99,98,-1,183
fire7_nb0_rank1830,75,74,-1,149
fire7_nb0_rank1831,93,92,-1,160
fire7_nb0_rank1832,72,71,-1,168
fire7_nb0_rank1833,96,95,-1,118
fire7_nb0_rank1834,87,86,-1,155
fire7_nb0_rank1835,62,61,-1,143
fire7_nb0_rank1836,77,76,-1,192
fire7_nb0_rank1837,122,121,-1,169
fire7_nb0_rank1838,100,99,-1,185
fire7_nb0_rank1839,70,69,-1,153
fire7_nb0_rank1840,63,62,-1,147
fire7_nb0_rank1841,87,86,-1,163
fire7_nb0_rank1842,89,88,-1,157
fire7_nb0_rank1843,93,92,-1,160
fire7_nb0_rank1844,75,74,-1,175
fire7_nb0_rank1845,100,99,-1,171
fire7_nb0_rank1846,64,63,-1,148
fire7_nb0_rank1847,64,63,-1,146
fire7_nb0_rank1848,75,74,-1,159
fire7_nb0_rank1849,84,83,-1,136
fire7_nb0_rank1850,95,94,-1,152
fire7_nb0_rank1851,73,72,-1,138
fire7_nb0_rank1852,66,65,-1,148
fire7_nb0_rank1853,78,77,-1,138
fire7_nb0_rank1854,71,70,-1,144
fire7_nb0_rank1855,78,77,-1,138
fire7_nb0_rank1856,91,90,-1,157
fire7_nb0_rank1857,71,70,-1,140
fire7_nb0_rank1858,69,68,-1,140
fire7_nb0_rank1859,80,79,-1,159
fire7_nb0_rank1860,62,61,-1,151
fire7_nb0_rank1861,98,97,-1,167
fire7_nb0_rank1862,64,63,-1,151
fire7_nb0_rank1863,64,63,-1,151
fire7_nb0_rank1864,68,67,-1,167
fire7_nb0_rank1865,81,80,-1,157
fire7_nb0_rank1866,92,91,-1,113
fire7_nb0_rank1867,74,73,-1,167
fire7_nb0_rank1868,103,102,-1,179
fire7_nb0_rank1869,75,74,-1,151
fire7_nb0_rank1870,69,68,-1,138
fire7_nb0_rank1871,67,66,-1,138
fire7_nb0_rank1872,69,68,-1,138
fire7_nb0_rank1873,67,66,-1,138
fire7_nb0_rank1874,66,65,-1,144
fire7_nb0_rank1875,70,69,-1,155
fire7_nb0_rank1876,71,70,-1,140
fire7_nb0_rank1877,63,62,-1,132
fire7_nb0_rank1878,86,85,-1,207
fire7_nb0_rank1879,71,70,-1,149
fire7_nb0_rank1880,85,84,-1,159
fire7_nb0_rank1881,69,68,-1,138
fire7_nb0_rank1882,67,66,-1,138
fire7_nb0_rank1883,61,60,-1,132
fire7_nb0_rank1884,85,84,-1,168
fire7_nb0_rank1885,111,110,-1,149
fire7_nb0_rank1886,102,101,-1,165
fire7_nb0_rank1887,71,70,-1,140
fire7_nb0_rank1888,76,75,-1,140
fire7_nb0_rank1889,97,96,-1,156
fire7_nb0_rank1890,76,75,-1,140
fire7_nb0_rank1891,65,64,-1,127
fire7_nb0_rank1892,83,82,-1,170
fire7_nb0_rank1893,79,78,-1,180
fire7_nb0_rank1894,65,64,-1,128
fire7_nb0_rank1895,88,87,-1,167
fire7_nb0_rank1896,65,64,-1,135
fire7_nb0_rank1897,79,78,-1,156
fire7_nb0_rank1898,109,108,-1,158
fire7_nb0_rank1899,76,75,-1,179
fire7_nb0_rank1900,61,60,-1,132
fire7_nb0_rank1901,63,62,-1,132
fire7_nb0_rank1902,67,66,-1,173
fire7_nb0_rank1903,83,82,-1,166
fire7_nb0_rank1904,64,63,-1,141
fire7_nb0_rank1905,66,65,-1,139
fire7_nb0_rank1906,67,66,-1,136
fire7_nb0_rank1907,66,65,-1,139
fire7_nb0_rank1908,73,72,-1,169
fire7_nb0_rank1909,72,71,-1,132
fire7_nb0_rank1910,79,78,-1,156
fire7_nb0_rank1911,70,69,-1,171
fire7_nb0_rank1912,79,78,-1,181
fire7_nb0_rank1913,76,75,-1,152
fire7_nb0_rank1914,74,73,-1,137
fire7_nb0_rank1915,66,65,-1,139
fire7_nb0_rank1916,70,69,-1,152
fire7_nb0_rank1917,83,82,-1,191
fire7_nb0_rank1918,74,73,-1,137
fire7_nb0_rank1919,64,63,-1,141
fire7_nb0_rank1920,66,65,-1,139
fire7_nb0_rank1921,76,75,-1,179
fire7_nb0_rank1922,60,59,-1,141
fire7_nb0_rank1923,71,70,-1,98
fire7_nb0_rank1924,62,61,-1,141
fire7_nb0_rank1925,102,101,-1,205
fire7_nb0_rank1926,76,75,-1,165
fire7_nb0_rank1927,71,70,-1,144
fire7_nb0_rank1928,90,89,-1,136
fire7_nb0_rank1929,88,87,-1,156
fire7_nb0_rank1930,63,62,-1,141
fire7_nb0_rank1931,74,73,-1,146
fire7_nb0_rank1932,74,73,-1,146
fire7_nb0_rank1933,65,64,-1,131
fire7_nb0_rank1934,63,62,-1,138
fire7_nb0_rank1935,68,67,-1,138
fire7_nb0_rank1936,66,65,-1,109
fire7_nb0_rank1937,67,66,-1,126
fire7_nb0_rank1938,68,67,-1,139
fire7_nb0_rank1939,70,69,-1,137
fire7_nb0_rank1940,76,75,-1,142
fire7_nb0_rank1941,70,69,-1,148
fire7_nb0_rank1942,74,73,-1,152
fire7_nb0_rank1943,90,89,-1,132
fire7_nb0_rank1944,74,73,-1,130
fire7_nb0_rank1945,60,59,-1,142
fire7_nb0_rank1946,60,59,-1,142
fire7_nb0_rank1947,77,76,-1,144
fire7_nb0_rank1948,60,59,-1,142
fire7_nb0_rank1949,62,61,-1,104
fire7_nb0_rank1950,62,61,-1,104
fire7_nb0_rank1951,60,59,-1,142
fire7_nb0_rank1952,62,61,-1,128
fire7_nb0_rank1953,60,59,-1,136
fire7_nb0_rank1954,58,57,-1,116
fire7_nb0_rank1955,76,75,-1,181
fire7_nb0_rank1956,62,61,-1,104
fire7_nb0_rank1957,62,61,-1,104
fire7_nb0_rank1958,62,61,-1,104
fire7_nb0_rank1959,64,63,-1,133
fire7_nb0_rank1960,85,84,-1,124
fire7_nb0_rank1961,69,68,-1,130
fire7_nb0_rank1962,66,65,-1,128
fire7_nb0_rank1963,62,61,-1,167
fire7_nb0_rank1964,61,60,-1,156
fire7_nb0_rank1965,96,95,-1,119
fire7_nb0_rank1966,110,109,-1,119
fire7_nb0_rank1967,60,59,-1,129
fire7_nb0_rank1968,72,71,-1,165
fire7_nb0_rank1969,63,62,-1,140
fire7_nb0_rank1970,63,62,-1,140
fire7_nb0_rank1971,63,62,-1,140
fire7_nb0_rank1972,63,62,-1,140
fire7_nb0_rank1973,63,62,-1,140
fire7_nb0_rank1974,72,71,-1,159
fire7_nb0_rank1975,73,72,-1,159
fire7_nb0_rank1976,77,76,-1,158
fire7_nb0_rank1977,88,87,-1,147
fire7_nb0_rank1978,59,58,-1,143
fire7_nb0_rank1979,72,71,-1,159
fire7_nb0_rank1980,71,70,-1,132
fire7_nb0_rank1981,88,87,-1,147
fire7_nb0_rank1982,83,82,-1,147
fire7_nb0_rank1983,63,62,-1,129
fire7_nb0_rank1984,61,60,-1,134
fire7_nb0_rank1985,60,59,-1,126
fire7_nb0_rank1986,66,65,-1,140
fire7_nb0_rank1987,64,63,-1,154
fire7_nb0_rank1988,64,63,-1,154
fire7_nb0_rank1989,66,65,-1,136
fire7_nb0_rank1990,80,79,-1,101
fire7_nb0_rank1991,86,85,-1,152
fire7_nb0_rank1992,82,81,-1,129
fire7_nb0_rank1993,61,60,-1,136
fire7_nb0_rank1994,67,66,-1,136
fire7_nb0_rank1995,64,63,-1,140
fire7_nb0_rank1996,57,56,-1,125
fire7_nb0_rank1997,63,62,-1,140
fire7_nb0_rank1998,63,62,-1,145
fire7_nb0_rank1999,80,79,-1,101
fire7_nb0_rank2000,63,62,-1,140
fire7_nb0_rank2001,68,67,-1,128
fire7_nb0_rank2002,77,76,-1,129
fire7_nb0_rank2003,81,80,-1,145
fire7_nb0_rank2004,87,86,-1,148
fire7_nb0_rank2005,72,71,-1,151
fire7_nb0_rank2006,59,58,-1,133
fire7_nb0_rank2007,72,71,-1,128
fire7_nb0_rank2008,64,63,-1,141
fire7_nb0_rank2009,61,60,-1,133
fire7_nb0_rank2010,61,60,-1,140
fire7_nb0_rank2011,87,86,-1,146
fire7_nb0_rank2012,62,61,-1,153
fire7_nb0_rank2013,61,60,-1,140
fire7_nb0_rank2014,62,61,-1,139
fire7_nb0_rank2015,63,62,-1,140
fire7_nb0_rank2016,66,65,-1,150
fire7_nb0_rank2017,87,86,-1,146
fire7_nb0_rank2018,82,81,-1,146
fire7_nb0_rank2019,62,61,-1,137
fire7_nb0_rank2020,70,69,-1,150
fire7_nb0_rank2021,67,66,-1,126
fire7_nb0_rank2022,79,78,-1,145
fire7_nb0_rank2023,86,85,-1,146
fire7_nb0_rank2024,62,61,-1,140
fire7_nb0_rank2025,82,81,-1,157
fire7_nb0_rank2026,79,78,-1,145
fire7_nb0_rank2027,62,61,-1,115
fire7_nb0_rank2028,58,57,-1,116
fire7_nb0_rank2029,60,59,-1,116
fire7_nb0_rank2030,65,64,-1,129
fire7_nb0_rank2031,82,81,-1,124
fire7_nb0_rank2032,58,57,-1,141
fire7_nb0_rank2033,96,95,-1,141
fire7_nb0_rank2034,62,61,-1,140
fire7_nb0_rank2035,64,63,-1,137
fire7_nb0_rank2036,62,61,-1,140
fire7_nb0_rank2037,54,53,-1,113
fire7_nb0_rank2038,56,55,-1,113
fire7_nb0_rank2039,64,63,-1,137
fire7_nb0_rank2040,69,68,-1,166
fire7_nb0_rank2041,85,84,-1,148
fire7_nb0_rank2042,63,62,-1,137
fire7_nb0_rank2043,80,79,-1,144
fire7_nb0_rank2044,66,65,-1,125
fire7_nb0_rank2045,65,64,-1,133
fire7_nb0_rank2046,79,78,-1,148
fire7_nb0_rank2047,114,113,-1,183
fire7_nb0_rank2048,61,60,-1,112
fire7_nb0_rank2049,70,69,-1,137
fire7_nb0_rank2050,66,65,-1,125
fire7_nb0_rank2051,69,68,-1,119
fire7_nb0_rank2052,59,58,-1,121
fire7_nb0_rank2053,79,78,-1,125
fire7_nb0_rank2054,58,57,-1,127
fire7_nb0_rank2055,78,77,-1,129
fire7_nb0_rank2056,73,72,-1,135
fire7_nb0_rank2057,61,60,-1,153
fire7_nb0_rank2058,71,70,-1,146
fire7_nb0_rank2059,73,72,-1,134
fire7_nb0_rank2060,61,60,-1,119
fire7_nb0_rank2061,87,86,-1,145
fire7_nb0_rank2062,108,107,-1,157
fire7_nb0_rank2063,61,60,-1,135
fire7_nb0_rank2064,59,58,-1,138
fire7_nb0_rank2065,57,56,-1,121
fire7_nb0_rank2066,82,81,-1,144
fire7_nb0_rank2067,73,72,-1,138
fire7_nb0_rank2068,79,78,-1,122
fire7_nb0_rank2069,64,63,-1,130
fire7_nb0_rank2070,80,79,-1,143
fire7_nb0_rank2071,57,56,-1,122
fire7_nb0_rank2072,79,78,-1,148
fire7_nb0_rank2073,72,71,-1,128
fire7_nb0_rank2074,61,60,-1,119
fire7_nb0_rank2075,59,58,-1,113
fire7_nb0_rank2076,59,58,-1,113
fire7_nb0_rank2077,71,70,-1,143
fire7_nb0_rank2078,63,62,-1,116
fire7_nb0_rank2079,62,61,-1,138
fire7_nb0_rank2080,62,61,-1,140
fire7_nb0_rank2081,55,54,-1,104
fire7_nb0_rank2082,76,75,-1,137
fire7_nb0_rank2083,57,56,-1,152
fire7_nb0_rank2084,78,77,-1,127
fire7_nb0_rank2085,60,59,-1,121
fire7_nb0_rank2086,66,65,-1,126
fire7_nb0_rank2087,57,56,-1,104
fire7_nb0_rank2088,71,70,-1,143
fire7_nb0_rank2089,72,71,-1,136
fire7_nb0_rank2090,57,56,-1,152
fire7_nb0_rank2091,59,58,-1,113
fire7_nb0_rank2092,59,58,-1,113
fire7_nb0_rank2093,63,62,-1,140
fire7_nb0_rank2094,79,78,-1,134
fire7_nb0_rank2095,57,56,-1,122
fire7_nb0_rank2096,57,56,-1,110
fire7_nb0_rank2097,67,66,-1,102
fire7_nb0_rank2098,55,54,-1,132
fire7_nb0_rank2099,61,60,-1,119
fire7_nb0_rank2100,73,72,-1,128
fire7_nb0_rank2101,67,66,-1,133
fire7_nb0_rank2102,55,54,-1,104
fire7_nb0_rank2103,58,57,-1,119
fire7_nb0_rank2104,85,84,-1,168
fire7_nb0_rank2105,73,72,-1,135
fire7_nb0_rank2106,71,70,-1,134
fire7_nb0_rank2107,57,56,-1,134
fire7_nb0_rank2108,77,76,-1,115
fire7_nb0_rank2109,77,76,-1,109
fire7_nb0_rank2110,71,70,-1,137
fire7_nb0_rank2111,69,68,-1,101
fire7_nb0_rank2112,56,55,-1,136
fire7_nb0_rank2113,61,60,-1,119
fire7_nb0_rank2114,66,65,-1,125
fire7_nb0_rank2115,67,66,-1,133
fire7_nb0_rank2116,56,55,-1,136
fire7_nb0_rank2117,67,66,-1,134
fire7_nb0_rank2118,67,66,-1,143
fire7_nb0_rank2119,56,55,-1,136
fire7_nb0_rank2120,72,71,-1,119
fire7_nb0_rank2121,70,69,-1,137
fire7_nb0_rank2122,61,60,-1,119
fire7_nb0_rank2123,74,73,-1,140
fire7_nb0_rank2124,63,62,-1,133
fire7_nb0_rank2125,76,75,-1,137
fire7_nb0_rank2126,74,73,-1,140
fire7_nb0_rank2127,67,66,-1,133
fire7_nb0_rank2128,71,70,-1,134
fire7_nb0_rank2129,69,68,-1,94
fire7_nb0_rank2130,68,67,-1,102
fire7_nb0_rank2131,68,67,-1,102
fire7_nb0_rank2132,69,68,-1,136
fire7_nb0_rank2133,67,66,-1,133
fire7_nb0_rank2134,63,62,-1,94
fire7_nb0_rank2135,69,68,-1,104
fire7_nb0_rank2136,71,70,-1,134
fire7_nb0_rank2137,72,71,-1,125
fire7_nb0_rank2138,73,72,-1,159
fire7_nb0_rank2139,57,56,-1,132
fire7_nb0_rank2140,58,57,-1,119
fire7_nb0_rank2141,59,58,-1,115
fire7_nb0_rank2142,69,68,-1,94
fire7_nb0_rank2143,67,66,-1,128
fire7_nb0_rank2144,58,57,-1,119
fire7_nb0_rank2145,79,78,-1,122
fire7_nb0_rank2146,69,68,-1,94
fire7_nb0_rank2147,57,56,-1,133
fire7_nb0_rank2148,66,65,-1,127
fire7_nb0_rank2149,72,71,-1,119
fire7_nb0_rank2150,59,58,-1,128
fire7_nb0_rank2151,115,114,-1,152
fire7_nb0_rank2152,71,70,-1,117
fire7_nb0_rank2153,97,96,-1,155
fire7_nb0_rank2154,62,61,-1,129
fire7_nb0_rank2155,67,66,-1,138
fire7_nb0_rank2156,62,61,-1,137
fire7_nb0_rank2157,60,59,-1,140
fire7_nb0_rank2158,67,66,-1,138
fire7_nb0_rank2159,84,83,-1,118
fire7_nb0_rank2160,66,65,-1,122
fire7_nb0_rank2161,61,60,-1,120
fire7_nb0_rank2162,75,74,-1,110
fire7_nb0_rank2163,60,59,-1,103
fire7_nb0_rank2164,69,68,-1,131
fire7_nb0_rank2165,58,57,-1,111
fire7_nb0_rank2166,66,65,-1,116
fire7_nb0_rank2167,73,72,-1,108
fire7_nb0_rank2168,62,61,-1,121
fire7_nb0_rank2169,60,59,-1,118
fire7_nb0_rank2170,60,59,-1,118
fire7_nb0_rank2171,79,78,-1,113
fire7_nb0_rank2172,69,68,-1,131
fire7_nb0_rank2173,66,65,-1,122
fire7_nb0_rank2174,61,60,-1,108
fire7_nb0_rank2175,67,66,-1,118
fire7_nb0_rank2176,70,69,-1,96
fire7_nb0_rank2177,61,60,-1,108
fire7_nb0_rank2178,57,56,-1,106
fire7_nb0_rank2179,80,79,-1,110
fire7_nb0_rank2180,69,68,-1,125
fire7_nb0_rank2181,58,57,-1,111
fire7_nb0_rank2182,66,65,-1,122
fire7_nb0_rank2183,74,73,-1,103
fire7_nb0_rank2184,67,66,-1,155
fire7_nb0_rank2185,59,58,-1,124
fire7_nb0_rank2186,62,61,-1,111
fire7_nb0_rank2187,66,65,-1,114
fire7_nb0_rank2188,63,62,-1,114
fire7_nb0_rank2189,56,55,-1,110
fire7_nb0_rank2190,56,55,-1,112
fire7_nb0_rank2191,62,61,-1,111
fire7_nb0_rank2192,71,70,-1,112
fire7_nb0_rank2193,64,63,-1,113
fire7_nb0_rank2194,61,60,-1,117
fire7_nb0_rank2195,56,55,-1,112
fire7_nb0_rank2196,56,55,-1,112
fire7_nb0_rank2197,55,54,-1,140
fire7_nb0_rank2198,56,55,-1,112
fire7_nb0_rank2199,56,55,-1,110
fire7_nb0_rank2200,53,52,-1,119
fire7_nb0_rank2201,53,52,-1,119
fire7_nb0_rank2202,56,55,-1,113
fire7_nb0_rank2203,52,51,-1,105
fire7_nb0_rank2204,62,61,-1,111
fire7_nb0_rank2205,57,56,-1,128
fire7_nb0_rank2206,59,58,-1,128
fire7_nb0_rank2207,55,54,-1,140
fire7_nb0_rank2208,55,54,-1,140
fire7_nb0_rank2209,62,61,-1,101
fire7_nb0_rank2210,57,56,-1,133
fire7_nb0_rank2211,57,56,-1,128
fire7_nb0_rank2212,58,57,-1,108
fire7_nb0_rank2213,62,61,-1,101
fire7_nb0_rank2214,59,58,-1,130
fire7_nb0_rank2215,61,60,-1,112
fire7_nb0_rank2216,59,58,-1,112
fire7_nb0_rank2217,54,53,-1,116
fire7_nb0_rank2218,54,53,-1,113
fire7_nb0_rank2219,57,56,-1,130
fire7_nb0_rank2220,57,56,-1,130
fire7_nb0_rank2221,57,56,-1,118
fire7_nb0_rank2222,54,53,-1,124
fire7_nb0_rank2223,79,78,-1,104
fire7_nb0_rank2224,54,53,-1,110
fire7_nb0_rank2225,54,53,-1,116
fire7_nb0_rank2226,54,53,-1,113
fire7_nb0_rank2227,56,55,-1,112
fire7_nb0_rank2228,58,57,-1,105
fire7_nb0_rank2229,54,53,-1,100
fire7_nb0_rank2230,56,55,-1,112
fire7_nb0_rank2231,54,53,-1,108
fire7_nb0_rank2232,54,53,-1,124
fire7_nb0_rank2233,78,77,-1,141
fire7_nb0_rank2234,72,71,-1,141
fire7_nb0_rank2235,69,68,-1,152
fire7_nb0_rank2236,75,74,-1,91
fire7_nb0_rank2237,59,58,-1,106
fire7_nb0_rank2238,75,74,-1,113
fire7_nb0_rank2239,72,71,-1,113
fire7_nb0_rank2240,68,67,-1,128
fire7_nb0_rank2241,86,85,-1,124
fire7_nb0_rank2242,61,60,-1,105
fire7_nb0_rank2243,55,54,-1,109
fire7_nb0_rank2244,57,56,-1,129
fire7_nb0_rank2245,69,68,-1,115
fire7_nb0_rank2246,65,64,-1,115
fire7_nb0_rank2247,58,57,-1,135
fire7_nb0_rank2248,55,54,-1,129
fire7_nb0_rank2249,57,56,-1,129
fire7_nb0_rank2250,67,66,-1,117
fire7_nb0_rank2251,55,54,-1,129
fire7_nb0_rank2252,76,75,-1,110
fire7_nb0_rank2253,58,57,-1,96
fire7_nb0_rank2254,71,70,-1,111
fire7_nb0_rank2255,61,60,-1,109
fire7_nb0_rank2256,59,58,-1,109
fire7_nb0_rank2257,59,58,-1,109
fire7_nb0_rank2258,89,88,-1,106
fire7_nb0_rank2259,67,66,-1,93
fire7_nb0_rank2260,60,59,-1,112
fire7_nb0_rank2261,60,59,-1,91
fire7_nb0_rank2262,53,52,-1,98
fire7_nb0_rank2263,59,58,-1,130
fire7_nb0_rank2264,60,59,-1,112
fire7_nb0_rank2265,71,70,-1,104
fire7_nb0_rank2266,55,54,-1,112
fire7_nb0_rank2267,68,67,-1,111
fire7_nb0_rank2268,50,49,-1,106
fire7_nb0_rank2269,67,66,-1,92
fire7_nb0_rank2270,68,67,-1,90
fire7_nb0_rank2271,67,66,-1,106
fire7_nb0_rank2272,76,75,-1,102
fire7_nb0_rank2273,66,65,-1,91
fire7_nb0_rank2274,55,54,-1,110
fire7_nb0_rank2275,62,61,-1,95
fire7_nb0_rank2276,60,59,-1,112
fire7_nb0_rank2277,76,75,-1,147
fire7_nb0_rank2278,70,69,-1,123
fire7_nb0_rank2279,58,57,-1,105
fire7_nb0_rank2280,61,60,-1,113
fire7_nb0_rank2281,67,66,-1,109
fire7_nb0_rank2282,60,59,-1,105
fire7_nb0_rank2283,56,55,-1,109
fire7_nb0_rank2284,55,54,-1,100
fire7_nb0_rank2285,67,66,-1,89
fire7_nb0_rank2286,54,53,-1,116
fire7_nb0_rank2287,54,53,-1,123
fire7_nb0_rank2288,54,53,-1,103
fire7_nb0_rank2289,53,52,-1,101
fire7_nb0_rank2290,62,61,-1,109
fire7_nb0_rank2291,58,57,-1,105
fire7_nb0_rank2292,60,59,-1,105
fire7_nb0_rank2293,60,59,-1,103
fire7_nb0_rank2294,92,91,-1,87
fire7_nb0_rank2295,58,57,-1,123
fire7_nb0_rank2296,51,50,-1,115
fire7_nb0_rank2297,51,50,-1,115
fire7_nb0_rank2298,63,62,-1,113
fire7_nb0_rank2299,53,52,-1,101
fire7_nb0_rank2300,53,52,-1,101
fire7_nb0_rank2301,75,74,-1,105
fire7_nb0_rank2302,73,72,-1,123
fire7_nb0_rank2303,60,59,-1,116
fire7_nb0_rank2304,61,60,-1,102
fire7_nb0_rank2305,57,56,-1,128
fire7_nb0_rank2306,63,62,-1,118
fire7_nb0_rank2307,56,55,-1,113
fire7_nb0_rank2308,56,55,-1,108
fire7_nb0_rank2309,63,62,-1,118
fire7_nb0_rank2310,56,55,-1,116
fire7_nb0_rank2311,65,64,-1,101
fire7_nb0_rank2312,64,63,-1,88
fire7_nb0_rank2313,64,63,-1,85
fire7_nb0_rank2314,56,55,-1,116
fire7_nb0_rank2315,55,54,-1,101
fire7_nb0_rank2316,67,66,-1,101
fire7_nb0_rank2317,68,67,-1,92
fire7_nb0_rank2318,52,51,-1,121
fire7_nb0_rank2319,55,54,-1,101
fire7_nb0_rank2320,63,62,-1,102
fire7_nb0_rank2321,57,56,-1,124
fire7_nb0_rank2322,54,53,-1,96
fire7_nb0_rank2323,76,75,-1,106
fire7_nb0_rank2324,52,51,-1,104
fire7_nb0_rank2325,49,48,-1,89
fire7_nb0_rank2326,69,68,-1,86
fire7_nb0_rank2327,53,52,-1,106
fire7_nb0_rank2328,67,66,-1,91
fire7_nb0_rank2329,55,54,-1,93
fire7_nb0_rank2330,74,73,-1,118
fire7_nb0_rank2331,53,52,-1,118
fire7_nb0_rank2332,51,50,-1,95
fire7_nb0_rank2333,67,66,-1,91
fire7_nb0_rank2334,67,66,-1,101
fire7_nb0_rank2335,74,73,-1,116
fire7_nb0_rank2336,56,55,-1,96
fire7_nb0_rank2337,53,52,-1,118
fire7_nb0_rank2338,53,52,-1,96
fire7_nb0_rank2339,54,53,-1,96
fire7_nb0_rank2340,53,52,-1,118
fire7_nb0_rank2341,56,55,-1,86
fire7_nb0_rank2342,55,54,-1,117
fire7_nb0_rank2343,56,55,-1,90
fire7_nb0_rank2344,56,55,-1,86
fire7_nb0_rank2345,55,54,-1,93
fire7_nb0_rank2346,55,54,-1,126
fire7_nb0_rank2347,58,57,-1,96
fire7_nb0_rank2348,55,54,-1,109
fire7_nb0_rank2349,50,49,-1,94
fire7_nb0_rank2350,50,49,-1,105
fire7_nb0_rank2351,86,85,-1,90
fire7_nb0_rank2352,61,60,-1,111
fire7_nb0_rank2353,53,52,-1,114
fire7_nb0_rank2354,56,55,-1,132
fire7_nb0_rank2355,53,52,-1,94
fire7_nb0_rank2356,88,87,-1,110
fire7_nb0_rank2357,88,87,-1,110
fire7_nb0_rank2358,52,51,-1,96
fire7_nb0_rank2359,55,54,-1,126
fire7_nb0_rank2360,90,89,-1,90
fire7_nb0_rank2361,63,62,-1,80
fire7_nb0_rank2362,56,55,-1,84
fire7_nb0_rank2363,57,56,-1,122
fire7_nb0_rank2364,66,65,-1,116
fire7_nb0_rank2365,57,56,-1,103
fire7_nb0_rank2366,52,51,-1,89
fire7_nb0_rank2367,48,47,-1,98
fire7_nb0_rank2368,49,48,-1,84
fire7_nb0_rank2369,70,69,-1,86
fire7_nb0_rank2370,58,57,-1,96
fire7_nb0_rank2371,50,49,-1,96
fire7_nb0_rank2372,50,49,-1,120
fire7_nb0_rank2373,50,49,-1,120
fire7_nb0_rank2374,58,57,-1,111
fire7_nb0_rank2375,70,69,-1,85
fire7_nb0_rank2376,59,58,-1,104
fire7_nb0_rank2377,49,48,-1,89
fire7_nb0_rank2378,50,49,-1,89
fire7_nb0_rank2379,52,51,-1,91
fire7_nb0_rank2380,53,52,-1,104
fire7_nb0_rank2381,53,52,-1,95
fire7_nb0_rank2382,51,50,-1,91
fire7_nb0_rank2383,63,62,-1,91
fire7_nb0_rank2384,49,48,-1,89
fire7_nb0_rank2385,79,78,-1,87
fire7_nb0_rank2386,91,90,-1,143
fire7_nb0_rank2387,57,56,-1,102
fire7_nb0_rank2388,79,78,-1,90
fire7_nb0_rank2389,56,55,-1,90
fire7_nb0_rank2390,48,47,-1,92
fire7_nb0_rank2391,48,47,-1,92
fire7_nb0_rank2392,54,53,-1,90
fire7_nb0_rank2393,48,47,-1,92
fire7_nb0_rank2394,56,55,-1,90
fire7_nb0_rank2395,48,47,-1,92
fire7_nb0_rank2396,61,60,-1,86
fire7_nb0_rank2397,59,58,-1,83
fire7_nb0_rank2398,59,58,-1,83
fire7_nb0_rank2399,64,63,-1,86
fire7_nb0_rank2400,56,55,-1,88
fire7_nb0_rank2401,51,50,-1,112
fire7_nb0_rank2402,59,58,-1,95
fire7_nb0_rank2403,60,59,-1,87
fire7_nb0_rank2404,61,60,-1,88
fire7_nb0_rank2405,54,53,-1,111
fire7_nb0_rank2406,59,58,-1,103
fire7_nb0_rank2407,54,53,-1,111
fire7_nb0_rank2408,57,56,-1,103
fire7_nb0_rank2409,50,49,-1,83
fire7_nb0_rank2410,50,49,-1,83
fire7_nb0_rank2411,54,53,-1,107
fire7_nb0_rank2412,53,52,-1,117
fire7_nb0_rank2413,57,56,-1,86
fire7_nb0_rank2414,57,56,-1,79
fire7_nb0_rank2415,51,50,-1,112
fire7_nb0_rank2416,51,50,-1,112
fire7_nb0_rank2417,54,53,-1,111
fire7_nb0_rank2418,52,51,-1,83
fire7_nb0_rank2419,68,67,-1,111
fire7_nb0_rank2420,53,52,-1,85
fire7_nb0_rank2421,53,52,-1,85
fire7_nb0_rank2422,54,53,-1,111
fire7_nb0_rank2423,54,53,-1,106
fire7_nb0_rank2424,58,57,-1,98
fire7_nb0_rank2425,74,73,-1,92
fire7_nb0_rank2426,56,55,-1,84
fire7_nb0_rank2427,54,53,-1,120
fire7_nb0_rank2428,51,50,-1,87
fire7_nb0_rank2429,61,60,-1,86
fire7_nb0_rank2430,58,57,-1,75
fire7_nb0_rank2431,52,51,-1,98
fire7_nb0_rank2432,61,60,-1,79
fire7_nb0_rank2433,59,58,-1,83
fire7_nb0_rank2434,55,54,-1,95
fire7_nb0_rank2435,53,52,-1,94
fire7_nb0_rank2436,52,51,-1,103
fire7_nb0_rank2437,51,50,-1,90
fire7_nb0_rank2438,51,50,-1,90
fire7_nb0_rank2439,53,52,-1,92
fire7_nb0_rank2440,50,49,-1,92
fire7_nb0_rank2441,59,58,-1,113
fire7_nb0_rank2442,57,56,-1,110
fire7_nb0_rank2443,50,49,-1,87
fire7_nb0_rank2444,53,52,-1,106
fire7_nb0_rank2445,59,58,-1,113
fire7_nb0_rank2446,46,45,-1,88
fire7_nb0_rank2447,46,45,-1,82
fire7_nb0_rank2448,46,45,-1,82
fire7_nb0_rank2449,46,45,-1,82
fire7_nb0_rank2450,52,51,-1,73
fire7_nb0_rank2451,54,53,-1,75
fire7_nb0_rank2452,73,72,-1,98
fire7_nb0_rank2453,77,76,-1,106
fire7_nb0_rank2454,63,62,-1,74
fire7_nb0_rank2455,48,47,-1,95
fire7_nb0_rank2456,52,51,-1,86
fire7_nb0_rank2457,72,71,-1,73
fire7_nb0_rank2458,82,81,-1,93
fire7_nb0_rank2459,55,54,-1,102
fire7_nb0_rank2460,64,63,-1,106
fire7_nb0_rank2461,53,52,-1,112
fire7_nb0_rank2462,55,54,-1,81
fire7_nb0_rank2463,50,49,-1,71
fire7_nb0_rank2464,52,51,-1,73
fire7_nb0_rank2465,54,53,-1,75
fire7_nb0_rank2466,61,60,-1,67
fire7_nb0_rank2467,53,52,-1,96
fire7_nb0_rank2468,46,45,-1,82
fire7_nb0_rank2469,71,70,-1,85
fire7_nb0_rank2470,50,49,-1,84
fire7_nb0_rank2471,69,68,-1,83
fire7_nb0_rank2472,63,62,-1,91
fire7_nb0_rank2473,56,55,-1,87
fire7_nb0_rank2474,56,55,-1,87
fire7_nb0_rank2475,53,52,-1,83
fire7_nb0_rank2476,57,56,-1,105
fire7_nb0_rank2477,53,52,-1,99
fire7_nb0_rank2478,55,54,-1,105
fire7_nb0_rank2479,60,59,-1,103
fire7_nb0_rank2480,48,47,-1,80
fire7_nb0_rank2481,50,49,-1,91
fire7_nb0_rank2482,57,56,-1,105
fire7_nb0_rank2483,49,48,-1,92
fire7_nb0_rank2484,66,65,-1,96
fire7_nb0_rank2485,54,53,-1,76
fire7_nb0_rank2486,52,51,-1,105
fire7_nb0_rank2487,56,55,-1,87
fire7_nb0_rank2488,52,51,-1,125
fire7_nb0_rank2489,52,51,-1,94
fire7_nb0_rank2490,62,61,-1,106
fire7_nb0_rank2491,51,50,-1,81
fire7_nb0_rank2492,55,54,-1,91
fire7_nb0_rank2493,45,44,-1,94
fire7_nb0_rank2494,89,88,-1,76
fire7_nb0_rank2495,57,56,-1,91
fire7_nb0_rank2496,49,48,-1,103
fire7_nb0_rank2497,55,54,-1,91
fire7_nb0_rank2498,74,73,-1,89
fire7_nb0_rank2499,49,48,-1,91
fire7_nb0_rank2500,51,50,-1,80
fire7_nb0_rank2501,48,47,-1,80
fire7_nb0_rank2502,45,44,-1,84
fire7_nb0_rank2503,70,69,-1,99
fire7_nb0_rank2504,49,48,-1,84
fire7_nb0_rank2505,49,48,-1,84
fire7_nb0_rank2506,46,45,-1,85
fire7_nb0_rank2507,54,53,-1,75
fire7_nb0_rank2508,52,51,-1,73
fire7_nb0_rank2509,54,53,-1,72
fire7_nb0_rank2510,52,51,-1,89
fire7_nb0_rank2511,50,49,-1,84
fire7_nb0_rank2512,55,54,-1,67
fire7_nb0_rank2513,50,49,-1,81
fire7_nb0_rank2514,55,54,-1,85
fire7_nb0_rank2515,47,46,-1,85
fire7_nb0_rank2516,48,47,-1,75
fire7_nb0_rank2517,55,54,-1,77
fire7_nb0_rank2518,57,56,-1,91
fire7_nb0_rank2519,51,50,-1,72
fire7_nb0_rank2520,55,54,-1,66
fire7_nb0_rank2521,47,46,-1,85
fire7_nb0_rank2522,48,47,-1,92
fire7_nb0_rank2523,51,50,-1,94
fire7_nb0_rank2524,52,51,-1,83
fire7_nb0_rank2525,47,46,-1,83
fire7_nb0_rank2526,56,55,-1,86
fire7_nb0_rank2527,47,46,-1,71
fire7_nb0_rank2528,55,54,-1,67
fire7_nb0_rank2529,48,47,-1,74
fire7_nb0_rank2530,47,46,-1,82
fire7_nb0_rank2531,47,46,-1,87
fire7_nb0_rank2532,47,46,-1,85
fire7_nb0_rank2533,65,64,-1,77
fire7_nb0_rank2534,47,46,-1,98
fire7_nb0_rank2535,65,64,-1,77
fire7_nb0_rank2536,45,44,-1,93
fire7_nb0_rank2537,47,46,-1,83
fire7_nb0_rank2538,58,57,-1,89
fire7_nb0_rank2539,61,60,-1,76
fire7_nb0_rank2540,47,46,-1,99
fire7_nb0_rank2541,58,57,-1,101
fire7_nb0_rank2542,61,60,-1,64
fire7_nb0_rank2543,46,45,-1,85
fire7_nb0_rank2544,46,45,-1,85
fire7_nb0_rank2545,51,50,-1,108
fire7_nb0_rank2546,51,50,-1,108
fire7_nb0_rank2547,55,54,-1,91
fire7_nb0_rank2548,45,44,-1,88
fire7_nb0_rank2549,58,57,-1,79
fire7_nb0_rank2550,74,73,-1,129
fire7_nb0_rank2551,68,67,-1,123
fire7_nb0_rank2552,47,46,-1,63
fire7_nb0_rank2553,48,47,-1,78
fire7_nb0_rank2554,47,46,-1,85
fire7_nb0_rank2555,51,50,-1,108
fire7_nb0_rank2556,48,47,-1,78
fire7_nb0_rank2557,48,47,-1,78
fire7_nb0_rank2558,44,43,-1,71
fire7_nb0_rank2559,44,43,-1,71
fire7_nb0_rank2560,48,47,-1,78
fire7_nb0_rank2561,44,43,-1,71
fire7_nb0_rank2562,48,47,-1,86
fire7_nb0_rank2563,52,51,-1,76
fire7_nb0_rank2564,46,45,-1,87
fire7_nb0_rank2565,52,51,-1,76
fire7_nb0_rank2566,62,61,-1,77
fire7_nb0_rank2567,47,46,-1,77
fire7_nb0_rank2568,47,46,-1,78
fire7_nb0_rank2569,55,54,-1,93
fire7_nb0_rank2570,49,48,-1,88
fire7_nb0_rank2571,55,54,-1,67
fire7_nb0_rank2572,66,65,-1,100
fire7_nb0_rank2573,62,61,-1,77
fire7_nb0_rank2574,48,47,-1,78
fire7_nb0_rank2575,48,47,-1,78
fire7_nb0_rank2576,58,57,-1,89
fire7_nb0_rank2577,58,57,-1,89
fire7_nb0_rank2578,48,47,-1,59
fire7_nb0_rank2579,55,54,-1,66
fire7_nb0_rank2580,48,47,-1,79
fire7_nb0_rank2581,47,46,-1,63
fire7_nb0_rank2582,47,46,-1,73
fire7_nb0_rank2583,47,46,-1,76
fire7_nb0_rank2584,46,45,-1,76
fire7_nb0_rank2585,45,44,-1,90
fire7_nb0_rank2586,48,47,-1,79
fire7_nb0_rank2587,66,65,-1,50
fire7_nb0_rank2588,59,58,-1,74
fire7_nb0_rank2589,62,61,-1,77
fire7_nb0_rank2590,53,52,-1,79
fire7_nb0_rank2591,50,49,-1,87
fire7_nb0_rank2592,53,52,-1,79
fire7_nb0_rank2593,50,49,-1,91
fire7_nb0_rank2594,53,52,-1,79
fire7_nb0_rank2595,53,52,-1,79
fire7_nb0_rank2596,50,49,-1,87
fire7_nb0_rank2597,50,49,-1,91
fire7_nb0_rank2598,58,57,-1,76
fire7_nb0_rank2599,62,61,-1,77
fire7_nb0_rank2600,50,49,-1,91
fire7_nb0_rank2601,49,48,-1,87
fire7_nb0_rank2602,52,51,-1,88
fire7_nb0_rank2603,47,46,-1,89
fire7_nb0_rank2604,50,49,-1,69
fire7_nb0_rank2605,50,49,-1,86
fire7_nb0_rank2606,47,46,-1,85
fire7_nb0_rank2607,46,45,-1,71
fire7_nb0_rank2608,48,47,-1,85
fire7_nb0_rank2609,48,47,-1,78
fire7_nb0_rank2610,47,46,-1,70
fire7_nb0_rank2611,49,48,-1,68
fire7_nb0_rank2612,56,55,-1,79
fire7_nb0_rank2613,51,50,-1,84
fire7_nb0_rank2614,49,48,-1,74
fire7_nb0_rank2615,46,45,-1,71
fire7_nb0_rank2616,45,44,-1,70
fire7_nb0_rank2617,47,46,-1,70
fire7_nb0_rank2618,47,46,-1,72
fire7_nb0_rank2619,52,51,-1,62
fire7_nb0_rank2620,50,49,-1,58
fire7_nb0_rank2621,50,49,-1,65
fire7_nb0_rank2622,56,55,-1,81
fire7_nb0_rank2623,47,46,-1,76
fire7_nb0_rank2624,52,51,-1,64
fire7_nb0_rank2625,48,47,-1,75
fire7_nb0_rank2626,46,45,-1,65
fire7_nb0_rank2627,46,45,-1,65
fire7_nb0_rank2628,46,45,-1,64
fire7_nb0_rank2629,47,46,-1,95
fire7_nb0_rank2630,50,49,-1,81
fire7_nb0_rank2631,56,55,-1,67
fire7_nb0_rank2632,47,46,-1,81
fire7_nb0_rank2633,52,51,-1,74
fire7_nb0_rank2634,61,60,-1,56
fire7_nb0_rank2635,49,48,-1,85
fire7_nb0_rank2636,50,49,-1,79
fire7_nb0_rank2637,47,46,-1,84
fire7_nb0_rank2638,48,47,-1,85
fire7_nb0_rank2639,50,49,-1,67
fire7_nb0_rank2640,47,46,-1,70
fire7_nb0_rank2641,51,50,-1,77
fire7_nb0_rank2642,66,65,-1,84
fire7_nb0_rank2643,51,50,-1,88
fire7_nb0_rank2644,48,47,-1,59
fire7_nb0_rank2645,61,60,-1,112
fire7_nb0_rank2646,64,63,-1,50
fire7_nb0_rank2647,51,50,-1,77
fire7_nb0_rank2648,61,60,-1,112
fire7_nb0_rank2649,46,45,-1,61
fire7_nb0_rank2650,46,45,-1,59
fire7_nb0_rank2651,49,48,-1,89
fire7_nb0_rank2652,46,45,-1,61
fire7_nb0_rank2653,46,45,-1,61
fire7_nb0_rank2654,49,48,-1,88
fire7_nb0_rank2655,46,45,-1,65
fire7_nb0_rank2656,45,44,-1,65
fire7_nb0_rank2657,52,51,-1,50
fire7_nb0_rank2658,52,51,-1,48
fire7_nb0_rank2659,51,50,-1,77
fire7_nb0_rank2660,58,57,-1,59
fire7_nb0_rank2661,51,50,-1,64
fire7_nb0_rank2662,42,41,-1,77
fire7_nb0_rank2663,46,45,-1,70
fire7_nb0_rank2664,45,44,-1,62
fire7_nb0_rank2665,50,49,-1,75
fire7_nb0_rank2666,45,44,-1,62
fire7_nb0_rank2667,60,59,-1,49
fire7_nb0_rank2668,50,49,-1,75
fire7_nb0_rank2669,60,59,-1,48
fire7_nb0_rank2670,56,55,-1,48
fire7_nb0_rank2671,45,44,-1,62
fire7_nb0_rank2672,63,62,-1,64
fire7_nb0_rank2673,45,44,-1,57
fire7_nb0_rank2674,46,45,-1,76
fire7_nb0_rank2675,46,45,-1,65
fire7_nb0_rank2676,56,55,-1,48
fire7_nb0_rank2677,51,50,-1,77
fire7_nb0_rank2678,52,51,-1,71
fire7_nb0_rank2679,47,46,-1,69
fire7_nb0_rank2680,51,50,-1,49
fire7_nb0_rank2681,63,62,-1,48
fire7_nb0_rank2682,68,67,-1,76
fire7_nb0_rank2683,52,51,-1,71
fire7_nb0_rank2684,46,45,-1,59
fire7_nb0_rank2685,44,43,-1,60
fire7_nb0_rank2686,52,51,-1,51
fire7_nb0_rank2687,45,44,-1,59
fire7_nb0_rank2688,50,49,-1,48
fire7_nb0_rank2689,49,48,-1,60
fire7_nb0_rank2690,44,43,-1,59
fire7_nb0_rank2691,45,44,-1,57
fire7_nb0_rank2692,44,43,-1,59
fire7_nb0_rank2693,44,43,-1,59
fire7_nb0_rank2694,44,43,-1,74
fire7_nb0_rank2695,58,57,-1,50
fire7_nb0_rank2696,59,58,-1,98
fire7_nb0_rank2697,50,49,-1,45
fire7_nb0_rank2698,45,44,-1,57
fire7_nb0_rank2699,47,46,-1,65
fire7_nb0_rank2700,59,58,-1,98
fire7_nb0_rank2701,46,45,-1,64
fire7_nb0_rank2702,50,49,-1,70
fire7_nb0_rank2703,47,46,-1,69
fire7_nb0_rank2704,62,61,-1,62
fire7_nb0_rank2705,53,52,-1,77
fire7_nb0_rank2706,42,41,-1,70
fire7_nb0_rank2707,42,41,-1,66
fire7_nb0_rank2708,42,41,-1,57
fire7_nb0_rank2709,42,41,-1,77
fire7_nb0_rank2710,44,43,-1,56
fire7_nb0_rank2711,44,43,-1,72
fire7_nb0_rank2712,49,48,-1,75
fire7_nb0_rank2713,42,41,-1,57
fire7_nb0_rank2714,44,43,-1,59
fire7_nb0_rank2715,47,46,-1,65
fire7_nb0_rank2716,58,57,-1,63
fire7_nb0_rank2717,58,57,-1,59
fire7_nb0_rank2718,44,43,-1,59
fire7_nb0_rank2719,49,48,-1,75
fire7_nb0_rank2720,49,48,-1,73
fire7_nb0_rank2721,42,41,-1,63
fire7_nb0_rank2722,42,41,-1,64
fire7_nb0_rank2723,49,48,-1,75
fire7_nb0_rank2724,50,49,-1,72
fire7_nb0_rank2725,40,39,-1,63
fire7_nb0_rank2726,49,48,-1,75
fire7_nb0_rank2727,44,43,-1,47
fire7_nb0_rank2728,40,39,-1,57
fire7_nb0_rank2729,47,46,-1,65
fire7_nb0_rank2730,47,46,-1,66
fire7_nb0_rank2731,50,49,-1,45
fire7_nb0_rank2732,47,46,-1,58
fire7_nb0_rank2733,42,41,-1,63
fire7_nb0_rank2734,50,49,-1,45
fire7_nb0_rank2735,50,49,-1,45
fire7_nb0_rank2736,58,57,-1,49
fire7_nb0_rank2737,44,43,-1,59
fire7_nb0_rank2738,43,42,-1,66
fire7_nb0_rank2739,44,43,-1,55
fire7_nb0_rank2740,44,43,-1,50
fire7_nb0_rank2741,71,70,-1,61
fire7_nb0_rank2742,50,49,-1,49
fire7_nb0_rank2743,42,41,-1,63
fire7_nb0_rank2744,43,42,-1,66
fire7_nb0_rank2745,50,49,-1,45
fire7_nb0_rank2746,43,42,-1,68
fire7_nb0_rank2747,43,42,-1,71
fire7_nb0_rank2748,43,42,-1,71
fire7_nb0_rank2749,43,42,-1,70
fire7_nb0_rank2750,43,42,-1,60
fire7_nb0_rank2751,42,41,-1,63
fire7_nb0_rank2752,41,40,-1,63
fire7_nb0_rank2753,41,40,-1,61
fire7_nb0_rank2754,41,40,-1,59
fire7_nb0_rank2755,43,42,-1,51
fire7_nb0_rank2756,47,46,-1,71
fire7_nb0_rank2757,50,49,-1,45
fire7_nb0_rank2758,48,47,-1,45
fire7_nb0_rank2759,42,41,-1,63
fire7_nb0_rank2760,50,49,-1,45
fire7_nb0_rank2761,44,43,-1,57
fire7_nb0_rank2762,53,52,-1,45
fire7_nb0_rank2763,44,43,-1,46
fire7_nb0_rank2764,44,43,-1,46
fire7_nb0_rank2765,52,51,-1,46
fire7_nb0_rank2766,44,43,-1,51
fire7_nb0_rank2767,44,43,-1,51
fire7_nb0_rank2768,41,40,-1,60
fire7_nb0_rank2769,46,45,-1,57
fire7_nb0_rank2770,48,47,-1,80
fire7_nb0_rank2771,48,47,-1,80
fire7_nb0_rank2772,42,41,-1,63
fire7_nb0_rank2773,54,53,-1,46
fire7_nb0_rank2774,46,45,-1,47
fire7_nb0_rank2775,41,40,-1,45
fire7_nb0_rank2776,43,42,-1,57
fire7_nb0_rank2777,42,41,-1,63
fire7_nb0_rank2778,42,41,-1,57
fire7_nb0_rank2779,42,41,-1,55
fire7_nb0_rank2780,46,45,-1,66
fire7_nb0_rank2781,46,45,-1,66
fire7_nb0_rank2782,51,50,-1,77
fire7_nb0_rank2783,43,42,-1,68
fire7_nb0_rank2784,41,40,-1,45
fire7_nb0_rank2785,41,40,-1,41
fire7_nb0_rank2786,42,41,-1,63
fire7_nb0_rank2787,43,42,-1,43
fire7_nb0_rank2788,47,46,-1,75
fire7_nb0_rank2789,43,42,-1,46
fire7_nb0_rank2790,46,45,-1,57
fire7_nb0_rank2791,42,41,-1,63
fire7_nb0_rank2792,43,42,-1,63
fire7_nb0_rank2793,43,42,-1,63
fire7_nb0_rank2794,38,37,-1,46
fire7_nb0_rank2795,40,39,-1,57
fire7_nb0_rank2796,42,41,-1,60
fire7_nb0_rank2797,51,50,-1,77
fire7_nb0_rank2798,51,50,-1,77
fire7_nb0_rank2799,44,43,-1,47
fire7_nb0_rank2800,43,42,-1,63
fire7_nb0_rank2801,43,42,-1,57
fire7_nb0_rank2802,43,42,-1,63
fire7_nb0_rank2803,42,41,-1,63
fire7_nb0_rank2804,53,52,-1,79
fire7_nb0_rank2805,50,49,-1,45
fire7_nb0_rank2806,42,41,-1,57
fire7_nb0_rank2807,41,40,-1,59
fire7_nb0_rank2808,42,41,-1,63
fire7_nb0_rank2809,41,40,-1,55
fire7_nb0_rank2810,41,40,-1,41
fire7_nb0_rank2811,44,43,-1,75
fire7_nb0_rank2812,45,44,-1,74
fire7_nb0_rank2813,41,40,-1,41
fire7_nb0_rank2814,42,41,-1,68
fire7_nb0_rank2815,42,41,-1,71
fire7_nb0_rank2816,50,49,-1,45
fire7_nb0_rank2817,66,65,-1,51
fire7_nb0_rank2818,41,40,-1,41
fire7_nb0_rank2819,39,38,-1,45
fire7_nb0_rank2820,39,38,-1,41
fire7_nb0_rank2821,38,37,-1,46
fire7_nb0_rank2822,41,40,-1,58
fire7_nb0_rank2823,49,48,-1,69
fire7_nb0_rank2824,49,48,-1,70
fire7_nb0_rank2825,43,42,-1,62
fire7_nb0_rank2826,49,48,-1,71
fire7_nb0_rank2827,41,40,-1,56
fire7_nb0_rank2828,41,40,-1,50
fire7_nb0_rank2829,41,40,-1,58
fire7_nb0_rank2830,49,48,-1,71
fire7_nb0_rank2831,54,53,-1,73
fire7_nb0_rank2832,54,53,-1,70
fire7_nb0_rank2833,41,40,-1,50
fire7_nb0_rank2834,49,48,-1,69
fire7_nb0_rank2835,41,40,-1,56
fire7_nb0_rank2836,41,40,-1,58
fire7_nb0_rank2837,40,39,-1,46
fire7_nb0_rank2838,41,40,-1,41
fire7_nb0_rank2839,43,42,-1,60
fire7_nb0_rank2840,40,39,-1,46
fire7_nb0_rank2841,40,39,-1,48
fire7_nb0_rank2842,40,39,-1,48
fire7_nb0_rank2843,58,57,-1,70
fire7_nb0_rank2844,43,42,-1,62
fire7_nb0_rank2845,38,37,-1,46
fire7_nb0_rank2846,38,37,-1,45
fire7_nb0_rank2847,38,37,-1,49
fire7_nb0_rank2848,53,52,-1,43
fire7_nb0_rank2849,40,39,-1,46
fire7_nb0_rank2850,38,37,-1,46
fire7_nb0_rank2851,47,46,-1,56
fire7_nb0_rank2852,44,43,-1,52
fire7_nb0_rank2853,41,40,-1,57
fire7_nb0_rank2854,41,40,-1,58
fire7_nb0_rank2855,44,43,-1,56
fire7_nb0_rank2856,39,38,-1,41
fire7_nb0_rank2857,38,37,-1,48
fire7_nb0_rank2858,53,52,-1,42
fire7_nb0_rank2859,53,52,-1,42
fire7_nb0_rank2860,51,50,-1,44
fire7_nb0_rank2861,51,50,-1,44
fire7_nb0_rank2862,44,43,-1,47
fire7_nb0_rank2863,43,42,-1,59
fire7_nb0_rank2864,48,47,-1,72
fire7_nb0_rank2865,43,42,-1,57
fire7_nb0_rank2866,38,37,-1,43
fire7_nb0_rank2867,40,39,-1,46
fire7_nb0_rank2868,41,40,-1,57
fire7_nb0_rank2869,41,40,-1,58
fire7_nb0_rank2870,38,37,-1,58
fire7_nb0_rank2871,40,39,-1,46
fire7_nb0_rank2872,39,38,-1,41
fire7_nb0_rank2873,42,41,-1,52
fire7_nb0_rank2874,41,40,-1,56
fire7_nb0_rank2875,41,40,-1,58
fire7_nb0_rank2876,41,40,-1,50
fire7_nb0_rank2877,39,38,-1,41
fire7_nb0_rank2878,38,37,-1,46
fire7_nb0_rank2879,46,45,-1,59
fire7_nb0_rank2880,46,45,-1,59
fire7_nb0_rank2881,39,38,-1,41
fire7_nb0_rank2882,46,45,-1,72
fire7_nb0_rank2883,46,45,-1,44
fire7_nb0_rank2884,46,45,-1,39
fire7_nb0_rank2885,46,45,-1,42
fire7_nb0_rank2886,46,45,-1,42
fire7_nb0_rank2887,47,46,-1,59
fire7_nb0_rank2888,46,45,-1,69
fire7_nb0_rank2889,48,47,-1,51
fire7_nb0_rank2890,47,46,-1,76
fire7_nb0_rank2891,41,40,-1,42
fire7_nb0_rank2892,46,45,-1,59
fire7_nb0_rank2893,46,45,-1,59
fire7_nb0_rank2894,46,45,-1,59
fire7_nb0_rank2895,47,46,-1,64
fire7_nb0_rank2896,42,41,-1,52
fire7_nb0_rank2897,42,41,-1,56
fire7_nb0_rank2898,42,41,-1,52
fire7_nb0_rank2899,46,45,-1,59
fire7_nb0_rank2900,46,45,-1,64
fire7_nb0_rank2901,46,45,-1,64
fire7_nb0_rank2902,43,42,-1,55
fire7_nb0_rank2903,58,57,-1,55
fire7_nb0_rank2904,43,42,-1,63
fire7_nb0_rank2905,46,45,-1,56
fire7_nb0_rank2906,41,40,-1,51
fire7_nb0_rank2907,39,38,-1,51
fire7_nb0_rank2908,42,41,-1,52
fire7_nb0_rank2909,42,41,-1,56
fire7_nb0_rank2910,43,42,-1,40
fire7_nb0_rank2911,44,43,-1,52
fire7_nb0_rank2912,39,38,-1,41
fire7_nb0_rank2913,39,38,-1,41
fire7_nb0_rank2914,39,38,-1,39
fire7_nb0_rank2915,39,38,-1,41
fire7_nb0_rank2916,41,40,-1,62
fire7_nb0_rank2917,41,40,-1,72
fire7_nb0_rank2918,39,38,-1,41
fire7_nb0_rank2919,43,42,-1,40
fire7_nb0_rank2920,49,48,-1,31
fire7_nb0_rank2921,39,38,-1,44
fire7_nb0_rank2922,39,38,-1,37
fire7_nb0_rank2923,49,48,-1,31
fire7_nb0_rank2924,39,38,-1,58
fire7_nb0_rank2925,39,38,-1,69
fire7_nb0_rank2926,44,43,-1,44
fire7_nb0_rank2927,47,46,-1,71
fire7_nb0_rank2928,39,38,-1,60
fire7_nb0_rank2929,44,43,-1,52
fire7_nb0_rank2930,41,40,-1,42
fire7_nb0_rank2931,39,38,-1,39
fire7_nb0_rank2932,46,45,-1,44
fire7_nb0_rank2933,44,43,-1,52
fire7_nb0_rank2934,41,40,-1,41
fire7_nb0_rank2935,39,38,-1,39
fire7_nb0_rank2936,41,40,-1,40
fire7_nb0_rank2937,50,49,-1,46
fire7_nb0_rank2938,53,52,-1,39
fire7_nb0_rank2939,37,36,-1,53
fire7_nb0_rank2940,38,37,-1,53
fire7_nb0_rank2941,38,37,-1,53
fire7_nb0_rank2942,44,43,-1,48
fire7_nb0_rank2943,44,43,-1,52
fire7_nb0_rank2944,44,43,-1,52
fire7_nb0_rank2945,39,38,-1,41
fire7_nb0_rank2946,43,42,-1,39
fire7_nb0_rank2947,39,38,-1,59
fire7_nb0_rank2948,43,42,-1,40
fire7_nb0_rank2949,41,40,-1,41
fire7_nb0_rank2950,40,39,-1,42
fire7_nb0_rank2951,39,38,-1,59
fire7_nb0_rank2952,39,38,-1,52
fire7_nb0_rank2953,42,41,-1,40
fire7_nb0_rank2954,41,40,-1,41
fire7_nb0_rank2955,39,38,-1,45
fire7_nb0_rank2956,43,42,-1,47
fire7_nb0_rank2957,43,42,-1,56
fire7_nb0_rank2958,40,39,-1,48
fire7_nb0_rank2959,37,36,-1,40
fire7_nb0_rank2960,39,38,-1,42
fire7_nb0_rank2961,41,40,-1,40
fire7_nb0_rank2962,41,40,-1,39
fire7_nb0_rank2963,41,40,-1,41
fire7_nb0_rank2964,36,35,-1,33
fire7_nb0_rank2965,41,40,-1,40
fire7_nb0_rank2966,41,40,-1,41
fire7_nb0_rank2967,37,36,-1,44
fire7_nb0_rank2968,38,37,-1,53
fire7_nb0_rank2969,47,46,-1,39
fire7_nb0_rank2970,39,38,-1,54
fire7_nb0_rank2971,36,35,-1,32
fire7_nb0_rank2972,41,40,-1,40
fire7_nb0_rank2973,41,40,-1,39
fire7_nb0_rank2974,41,40,-1,41
fire7_nb0_rank2975,35,34,-1,46
fire7_nb0_rank2976,54,53,-1,58
fire7_nb0_rank2977,52,51,-1,57
fire7_nb0_rank2978,37,36,-1,46
fire7_nb0_rank2979,36,35,-1,46
fire7_nb0_rank2980,37,36,-1,46
fire7_nb0_rank2981,40,39,-1,48
fire7_nb0_rank2982,40,39,-1,48
fire7_nb0_rank2983,40,39,-1,48
fire7_nb0_rank2984,40,39,-1,48
fire7_nb0_rank2985,35,34,-1,46
fire7_nb0_rank2986,40,39,-1,48
fire7_nb0_rank2987,40,39,-1,48
fire7_nb0_rank2988,50,49,-1,64
fire7_nb0_rank2989,36,35,-1,46
fire7_nb0_rank2990,35,34,-1,41
fire7_nb0_rank2991,52,51,-1,30
fire7_nb0_rank2992,37,36,-1,31
fire7_nb0_rank2993,52,51,-1,29
fire7_nb0_rank2994,38,37,-1,41
fire7_nb0_rank2995,42,41,-1,31
fire7_nb0_rank2996,42,41,-1,27
fire7_nb0_rank2997,36,35,-1,43
fire7_nb0_rank2998,36,35,-1,46
fire7_nb0_rank2999,36,35,-1,46
fire7_nb0_rank3000,36,35,-1,46
fire7_nb0_rank3001,42,41,-1,29
fire7_nb0_rank3002,42,41,-1,29
fire7_nb0_rank3003,42,41,-1,27
fire7_nb0_rank3004,41,40,-1,38
fire7_nb0_rank3005,41,40,-1,40
fire7_nb0_rank3006,41,40,-1,42
fire7_nb0_rank3007,41,40,-1,40
fire7_nb0_rank3008,58,57,-1,45
fire7_nb0_rank3009,42,41,-1,27
fire7_nb0_rank3010,36,35,-1,37
fire7_nb0_rank3011,41,40,-1,38
fire7_nb0_rank3012,37,36,-1,29
fire7_nb0_rank3013,37,36,-1,30
fire7_nb0_rank3014,41,40,-1,40
fire7_nb0_rank3015,38,37,-1,41
fire7_nb0_rank3016,38,37,-1,41
fire7_nb0_rank3017,38,37,-1,41
fire7_nb0_rank3018,38,37,-1,38
fire7_nb0_rank3019,41,40,-1,40
fire7_nb0_rank3020,41,40,-1,40
fire7_nb0_rank3021,38,37,-1,38
fire7_nb0_rank3022,40,39,-1,48
fire7_nb0_rank3023,40,39,-1,44
fire7_nb0_rank3024,40,39,-1,48
fire7_nb0_rank3025,49,48,-1,40
fire7_nb0_rank3026,39,38,-1,29
fire7_nb0_rank3027,38,37,-1,41
fire7_nb0_rank3028,38,37,-1,41
fire7_nb0_rank3029,38,37,-1,41
fire7_nb0_rank3030,38,37,-1,38
fire7_nb0_rank3031,38,37,-1,41
fire7_nb0_rank3032,38,37,-1,41
fire7_nb0_rank3033,35,34,-1,39
fire7_nb0_rank3034,41,40,-1,51
fire7_nb0_rank3035,38,37,-1,41
fire7_nb0_rank3036,37,36,-1,45
fire7_nb0_rank3037,43,42,-1,40
fire7_nb0_rank3038,37,36,-1,33
fire7_nb0_rank3039,41,40,-1,58
fire7_nb0_rank3040,36,35,-1,39
fire7_nb0_rank3041,38,37,-1,44
fire7_nb0_rank3042,38,37,-1,38
fire7_nb0_rank3043,37,36,-1,43
fire7_nb0_rank3044,37,36,-1,39
fire7_nb0_rank3045,49,48,-1,40
fire7_nb0_rank3046,37,36,-1,31
fire7_nb0_rank3047,37,36,-1,29
fire7_nb0_rank3048,56,55,-1,27
fire7_nb0_rank3049,38,37,-1,44
fire7_nb0_rank3050,39,38,-1,42
fire7_nb0_rank3051,37,36,-1,34
fire7_nb0_rank3052,36,35,-1,43
fire7_nb0_rank3053,37,36,-1,39
fire7_nb0_rank3054,40,39,-1,41
fire7_nb0_rank3055,38,37,-1,41
fire7_nb0_rank3056,38,37,-1,38
fire7_nb0_rank3057,38,37,-1,41
fire7_nb0_rank3058,52,51,-1,33
fire7_nb0_rank3059,36,35,-1,35
fire7_nb0_rank3060,38,37,-1,35
fire7_nb0_rank3061,47,46,-1,29
fire7_nb0_rank3062,42,41,-1,28
fire7_nb0_rank3063,37,36,-1,44
fire7_nb0_rank3064,40,39,-1,41
fire7_nb0_rank3065,40,39,-1,44
fire7_nb0_rank3066,37,36,-1,40
fire7_nb0_rank3067,36,35,-1,31
fire7_nb0_rank3068,50,49,-1,26
fire7_nb0_rank3069,48,47,-1,27
fire7_nb0_rank3070,40,39,-1,41
fire7_nb0_rank3071,40,39,-1,41
fire7_nb0_rank3072,40,39,-1,41
fire7_nb0_rank3073,40,39,-1,44
fire7_nb0_rank3074,36,35,-1,32
fire7_nb0_rank3075,40,39,-1,27
fire7_nb0_rank3076,37,36,-1,34
fire7_nb0_rank3077,37,36,-1,40
fire7_nb0_rank3078,51,50,-1,27
fire7_nb0_rank3079,51,50,-1,26
fire7_nb0_rank3080,35,34,-1,27
fire7_nb0_rank3081,37,36,-1,34
fire7_nb0_rank3082,37,36,-1,40
fire7_nb0_rank3083,42,41,-1,27
fire7_nb0_rank3084,40,39,-1,27
fire7_nb0_rank3085,37,36,-1,27
fire7_nb0_rank3086,35,34,-1,35
fire7_nb0_rank3087,37,36,-1,40
fire7_nb0_rank3088,36,35,-1,37
fire7_nb0_rank3089,37,36,-1,28
fire7_nb0_rank3090,37,36,-1,34
fire7_nb0_rank3091,36,35,-1,37
fire7_nb0_rank3092,36,35,-1,33
fire7_nb0_rank3093,34,33,-1,39
fire7_nb0_rank3094,34,33,-1,33
fire7_nb0_rank3095,34,33,-1,33
fire7_nb0_rank3096,34,33,-1,39
fire7_nb0_rank3097,38,37,-1,27
fire7_nb0_rank3098,35,34,-1,37
fire7_nb0_rank3099,35,34,-1,37
fire7_nb0_rank3100,46,45,-1,30
fire7_nb0_rank3101,34,33,-1,27
fire7_nb0_rank3102,34,33,-1,27
fire7_nb0_rank3103,40,39,-1,38
fire7_nb0_rank3104,40,39,-1,41
fire7_nb0_rank3105,40,39,-1,41
fire7_nb0_rank3106,40,39,-1,41
fire7_nb0_rank3107,37,36,-1,40
fire7_nb0_rank3108,38,37,-1,34
fire7_nb0_rank3109,37,36,-1,27
fire7_nb0_rank3110,37,36,-1,27
fire7_nb0_rank3111,38,37,-1,36
fire7_nb0_rank3112,37,36,-1,21
fire7_nb0_rank3113,37,36,-1,22
fire7_nb0_rank3114,39,38,-1,27
fire7_nb0_rank3115,37,36,-1,38
fire7_nb0_rank3116,41,40,-1,40
fire7_nb0_rank3117,39,38,-1,43
fire7_nb0_rank3118,35,34,-1,20
fire7_nb0_rank3119,35,34,-1,21
fire7_nb0_rank3120,37,36,-1,40
fire7_nb0_rank3121,36,35,-1,37
fire7_nb0_rank3122,40,39,-1,22
fire7_nb0_rank3123,38,37,-1,22
fire7_nb0_rank3124,40,39,-1,41
fire7_nb0_rank3125,36,35,-1,37
fire7_nb0_rank3126,44,43,-1,35
fire7_nb0_rank3127,37,36,-1,46
fire7_nb0_rank3128,37,36,-1,45
fire7_nb0_rank3129,39,38,-1,43
fire7_nb0_rank3130,35,34,-1,22
fire7_nb0_rank3131,35,34,-1,26
fire7_nb0_rank3132,35,34,-1,24
fire7_nb0_rank3133,35,34,-1,26
fire7_nb0_rank3134,35,34,-1,24
fire7_nb0_rank3135,36,35,-1,37
fire7_nb0_rank3136,36,35,-1,37
fire7_nb0_rank3137,35,34,-1,22
fire7_nb0_rank3138,34,33,-1,22
fire7_nb0_rank3139,35,34,-1,26
fire7_nb0_rank3140,37,36,-1,21
fire7_nb0_rank3141,34,33,-1,28
fire7_nb0_rank3142,33,32,-1,21
fire7_nb0_rank3143,35,34,-1,22
fire7_nb0_rank3144,35,34,-1,21
fire7_nb0_rank3145,35,34,-1,25
fire7_nb0_rank3146,35,34,-1,26
fire7_nb0_rank3147,36,35,-1,41
fire7_nb0_rank3148,34,33,-1,34
fire7_nb0_rank3149,34,33,-1,36
fire7_nb0_rank3150,35,34,-1,30
fire7_nb0_rank3151,35,34,-1,26
fire7_nb0_rank3152,35,34,-1,24
fire7_nb0_rank3153,35,34,-1,25
fire7_nb0_rank3154,34,33,-1,30
fire7_nb0_rank3155,34,33,-1,30
fire7_nb0_rank3156,35,34,-1,28
fire7_nb0_rank3157,32,31,-1,24
fire7_nb0_rank3158,43,42,-1,38
fire7_nb0_rank3159,34,33,-1,22
fire7_nb0_rank3160,35,34,-1,19
fire7_nb0_rank3161,35,34,-1,21
fire7_nb0_rank3162,35,34,-1,20
fire7_nb0_rank3163,39,38,-1,34
fire7_nb0_rank3164,35,34,-1,24
fire7_nb0_rank3165,35,34,-1,25
fire7_nb0_rank3166,37,36,-1,21
fire7_nb0_rank3167,37,36,-1,21
fire7_nb0_rank3168,42,41,-1,24
fire7_nb0_rank3169,35,34,-1,20
fire7_nb0_rank3170,37,36,-1,26
fire7_nb0_rank3171,37,36,-1,25
fire7_nb0_rank3172,34,33,-1,32
fire7_nb0_rank3173,40,39,-1,22
fire7_nb0_rank3174,34,33,-1,32
fire7_nb0_rank3175,34,33,-1,30
fire7_nb0_rank3176,36,35,-1,20
fire7_nb0_rank3177,34,33,-1,30
fire7_nb0_rank3178,34,33,-1,30
fire7_nb0_rank3179,34,33,-1,30
fire7_nb0_rank3180,33,32,-1,24
fire7_nb0_rank3181,34,33,-1,30
fire7_nb0_rank3182,34,33,-1,32
fire7_nb0_rank3183,36,35,-1,20
fire7_nb0_rank3184,36,35,-1,20
fire7_nb0_rank3185,42,41,-1,24
fire7_nb0_rank3186,34,33,-1,28
fire7_nb0_rank3187,33,32,-1,24
fire7_nb0_rank3188,32,31,-1,27
fire7_nb0_rank3189,34,33,-1,30
fire7_nb0_rank3190,35,34,-1,22
fire7_nb0_rank3191,34,33,-1,30
fire7_nb0_rank3192,33,32,-1,22
fire7_nb0_rank3193,31,30,-1,20
fire7_nb0_rank3194,34,33,-1,30
fire7_nb0_rank3195,31,30,-1,25
fire7_nb0_rank3196,34,33,-1,30
fire7_nb0_rank3197,33,32,-1,22
fire7_nb0_rank3198,31,30,-1,18
fire7_nb0_rank3199,34,33,-1,30
fire7_nb0_rank3200,31,30,-1,19
fire7_nb0_rank3201,32,31,-1,17
fire7_nb0_rank3202,30,29,-1,20
fire7_nb0_rank3203,31,30,-1,20
fire7_nb0_rank3204,34,33,-1,30
fire7_nb0_rank3205,34,33,-1,30
fire7_nb0_rank3206,34,33,-1,30
fire7_nb0_rank3207,31,30,-1,24
fire7_nb0_rank3208,32,31,-1,23
fire7_nb0_rank3209,31,30,-1,18
fire7_nb0_rank3210,34,33,-1,30
fire7_nb0_rank3211,34,33,-1,30
fire7_nb0_rank3212,31,30,-1,19
fire7_nb0_rank3213,32,31,-1,22
fire7_nb0_rank3214,32,31,-1,23
fire7_nb0_rank3215,32,31,-1,23
fire7_nb0_rank3216,32,31,-1,22
fire7_nb0_rank3217,32,31,-1,23
fire7_nb0_rank3218,37,36,-1,36
fire7_nb0_rank3219,32,31,-1,22
fire7_nb0_rank3220,33,32,-1,28
fire7_nb0_rank3221,33,32,-1,31
fire7_nb0_rank3222,33,32,-1,28
fire7_nb0_rank3223,32,31,-1,23
fire7_nb0_rank3224,35,34,-1,20
fire7_nb0_rank3225,40,39,-1,20
fire7_nb0_rank3226,30,29,-1,19
fire7_nb0_rank3227,32,31,-1,23
fire7_nb0_rank3228,32,31,-1,22
fire7_nb0_rank3229,32,31,-1,22
fire7_nb0_rank3230,32,31,-1,22
fire7_nb0_rank3231,32,31,-1,22
fire7_nb0_rank3232,41,40,-1,27
fire7_nb0_rank3233,32,31,-1,23
fire7_nb0_rank3234,32,31,-1,22
fire7_nb0_rank3235,32,31,-1,23
fire7_nb0_rank3236,32,31,-1,23
fire7_nb0_rank3237,32,31,-1,23
fire7_nb0_rank3238,36,35,-1,30
fire7_nb0_rank3239,37,36,-1,19
fire7_nb0_rank3240,38,37,-1,18
fire7_nb0_rank3241,32,31,-1,22
fire7_nb0_rank3242,32,31,-1,22
fire7_nb0_rank3243,32,31,-1,22
fire7_nb0_rank3244,38,37,-1,24
fire7_nb0_rank3245,34,33,-1,22
fire7_nb0_rank3246,35,34,-1,17
fire7_nb0_rank3247,35,34,-1,19
fire7_nb0_rank3248,32,31,-1,23
fire7_nb0_rank3249,34,33,-1,23
fire7_nb0_rank3250,35,34,-1,17
fire7_nb0_rank3251,20,20,0,17
fire7_nb0_rank3252,33,32,-1,20
fire7_nb0_rank3253,35,34,-1,12
fire7_nb0_rank3254,30,29,-1,19
fire7_nb0_rank3255,35,34,-1,17
fire7_nb0_rank3256,35,34,-1,12
fire7_nb0_rank3257,35,34,-1,20
fire7_nb0_rank3258,31,30,-1,23
fire7_nb0_rank3259,36,35,-1,29
fire7_nb0_rank3260,34,33,-1,22
fire7_nb0_rank3261,20,20,0,17
fire7_nb0_rank3262,34,33,-1,21
fire7_nb0_rank3263,35,34,-1,12
fire7_nb0_rank3264,35,34,-1,18
fire7_nb0_rank3265,35,34,-1,12
fire7_nb0_rank3266,29,28,-1,17
fire7_nb0_rank3267,35,34,-1,24
fire7_nb0_rank3268,30,29,-1,18
fire7_nb0_rank3269,29,28,-1,17
fire7_nb0_rank3270,31,30,-1,23
fire7_nb0_rank3271,29,28,-1,17
fire7_nb0_rank3272,29,28,-1,17
fire7_nb0_rank3273,33,32,-1,10
fire7_nb0_rank3274,20,20,0,17
fire7_nb0_rank3275,33,32,-1,9
fire7_nb0_rank3276,34,33,-1,12
fire7_nb0_rank3277,34,33,-1,12
fire7_nb0_rank3278,29,28,-1,17
fire7_nb0_rank3279,29,28,-1,17
fire7_nb0_rank3280,20,20,0,17
fire7_nb0_rank3281,31,30,-1,16
fire7_nb0_rank3282,18,18,0,12
fire7_nb0_rank3283,28,27,-1,12
fire7_nb0_rank3284,28,27,-1,12
fire7_nb0_rank3285,35,34,-1,12
fire7_nb0_rank3286,18,18,0,12
fire7_nb0_rank3287,31,30,-1,11
fire7_nb0_rank3288,35,34,-1,12
fire7_nb0_rank3289,18,18,0,12
fire7_nb0_rank3290,18,18,0,12
fire7_nb0_rank3291,28,27,-1,12
fire7_nb0_rank3292,35,34,-1,12
fire7_nb0_rank3293,28,27,-1,10
fire7_nb0_rank3294,28,27,-1,11
fire7_nb0_rank3295,31,30,-1,11
fire7_nb0_rank3296,18,18,0,9
fire7_nb0_rank3297,28,27,-1,10
fire7_nb0_rank3298,28,27,-1,11
fire7_nb0_rank3299,31,30,-1,11
fire7_nb0_rank3300,28,27,-1,16
fire7_nb0_rank3301,28,27,-1,12
fire7_nb0_rank3302,28,27,-1,12
fire7_nb0_rank3303,28,27,-1,12
fire7_nb0_rank3304,28,27,-1,12
fire7_nb0_rank3305,16,16,0,8
fire7_nb0_rank3306,28,27,-1,10
fire7_nb0_rank3307,16,16,0,8
fire7_nb0_rank3308,25,24,-1,6
fire7_nb0_rank3309,25,24,-1,6
fire7_nb0_rank3310,25,24,-1,7
fire7_nb0_rank3311,16,16,0,8
fire7_nb0_rank3312,16,16,0,8
fire7_nb0_rank3313,16,16,0,8
fire7_nb0_rank3314,16,16,0,8
fire7_nb0_rank3315,16,16,0,8
fire7_nb0_rank3316,16,16,0,8
fire7_nb0_rank3317,16,16,0,8
fire7_nb0_rank3318,14,14,0,3
fire7_nb0_rank3319,14,14,0,3
