case,method,seed,status,elapsed_us,probes,primes,images,support_reuses,support_fallbacks,probes_by_prime,prime_policy,oracle,num_terms,den_terms,setup_ms,selected_methods
fire7_nb0_rank0001,Automatic,1,ok,53341.273,1731,2,1,0,0,2305843009213693967:1728;2305843009213693973:3,Symbolica_default,cached_powers_Q,858,414,14.092,BalancedZippelSeparated
fire7_nb0_rank0002,Automatic,1,ok,64823.871,1933,2,1,0,0,2305843009213693967:1930;2305843009213693973:3,Symbolica_default,cached_powers_Q,877,414,10.897,BalancedZippelSeparated
fire7_nb0_rank0003,Automatic,1,ok,36198.014,1451,2,1,0,0,2305843009213693967:1448;2305843009213693973:3,Symbolica_default,cached_powers_Q,753,243,15.176,BalancedZippelSeparated
fire7_nb0_rank0004,Automatic,1,ok,32762.737,1276,2,1,0,0,2305843009213693967:1273;2305843009213693973:3,Symbolica_default,cached_powers_Q,722,243,11.998,BalancedZippelSeparated
fire7_nb0_rank0005,Automatic,1,ok,34303.255,1407,2,1,0,0,2305843009213693967:1404;2305843009213693973:3,Symbolica_default,cached_powers_Q,739,224,11.537,BalancedZippelSeparated
fire7_nb0_rank0006,Automatic,1,ok,34268.305,1354,2,1,0,0,2305843009213693967:1351;2305843009213693973:3,Symbolica_default,cached_powers_Q,720,224,12.660,BalancedZippelSeparated
fire7_nb0_rank0007,Automatic,1,ok,27864.662,1164,2,1,0,0,2305843009213693967:1161;2305843009213693973:3,Symbolica_default,cached_powers_Q,648,261,11.203,BalancedZippelSeparated
fire7_nb0_rank0008,Automatic,1,ok,30823.597,1164,2,1,0,0,2305843009213693967:1161;2305843009213693973:3,Symbolica_default,cached_powers_Q,645,261,8.691,BalancedZippelSeparated
fire7_nb0_rank0009,Automatic,1,ok,27526.241,1150,2,1,0,0,2305843009213693967:1147;2305843009213693973:3,Symbolica_default,cached_powers_Q,578,261,11.184,BalancedZippelSeparated
fire7_nb0_rank0010,Automatic,1,ok,32814.877,1323,2,1,0,0,2305843009213693967:1320;2305843009213693973:3,Symbolica_default,cached_powers_Q,639,196,8.272,BalancedZippelSeparated
fire7_nb0_rank0011,Automatic,1,ok,34713.527,1337,2,1,0,0,2305843009213693967:1334;2305843009213693973:3,Symbolica_default,cached_powers_Q,640,196,8.068,BalancedZippelSeparated
fire7_nb0_rank0012,Automatic,1,ok,19324.408,878,2,1,0,0,2305843009213693967:875;2305843009213693973:3,Symbolica_default,cached_powers_Q,431,369,8.168,BalancedZippelSeparated
fire7_nb0_rank0013,Automatic,1,ok,27573.690,1108,2,1,0,0,2305843009213693967:1105;2305843009213693973:3,Symbolica_default,cached_powers_Q,534,232,7.864,BalancedZippelSeparated
fire7_nb0_rank0014,Automatic,1,ok,23521.749,963,2,1,0,0,2305843009213693967:960;2305843009213693973:3,Symbolica_default,cached_powers_Q,572,198,5.901,BalancedZippelSeparated
fire7_nb0_rank0015,Automatic,1,ok,23698.791,978,2,1,0,0,2305843009213693967:975;2305843009213693973:3,Symbolica_default,cached_powers_Q,530,232,7.575,BalancedZippelSeparated
fire7_nb0_rank0016,Automatic,1,ok,27458.900,1102,2,1,0,0,2305843009213693967:1099;2305843009213693973:3,Symbolica_default,cached_powers_Q,530,232,7.449,BalancedZippelSeparated
fire7_nb0_rank0017,Automatic,1,ok,29277.789,1141,2,1,0,0,2305843009213693967:1138;2305843009213693973:3,Symbolica_default,cached_powers_Q,567,189,5.370,BalancedZippelSeparated
fire7_nb0_rank0018,Automatic,1,ok,24809.846,1210,2,1,0,0,2305843009213693967:1207;2305843009213693973:3,Symbolica_default,cached_powers_Q,566,189,7.907,BalancedZippelSeparated
fire7_nb0_rank0019,Automatic,1,ok,23793.402,1089,2,1,0,0,2305843009213693967:1086;2305843009213693973:3,Symbolica_default,cached_powers_Q,567,168,17.367,BalancedZippelSeparated
fire7_nb0_rank0020,Automatic,1,ok,16098.813,878,2,1,0,0,2305843009213693967:875;2305843009213693973:3,Symbolica_default,cached_powers_Q,539,189,9.096,BalancedZippelSeparated
fire7_nb0_rank0021,Automatic,1,ok,24917.507,1027,2,1,0,0,2305843009213693967:1024;2305843009213693973:3,Symbolica_default,cached_powers_Q,407,312,7.275,BalancedZippelSeparated
fire7_nb0_rank0022,Automatic,1,ok,28856.868,1066,2,1,0,0,2305843009213693967:1063;2305843009213693973:3,Symbolica_default,cached_powers_Q,550,168,7.498,BalancedZippelSeparated
fire7_nb0_rank0023,Automatic,1,ok,23209.859,945,2,1,0,0,2305843009213693967:942;2305843009213693973:3,Symbolica_default,cached_powers_Q,482,240,5.598,BalancedZippelSeparated
fire7_nb0_rank0024,Automatic,1,ok,21754.191,985,2,1,0,0,2305843009213693967:982;2305843009213693973:3,Symbolica_default,cached_powers_Q,497,240,7.421,BalancedZippelSeparated
fire7_nb0_rank0025,Automatic,1,ok,16778.455,807,2,1,0,0,2305843009213693967:804;2305843009213693973:3,Symbolica_default,cached_powers_Q,395,328,5.062,BalancedZippelSeparated
fire7_nb0_rank0026,Automatic,1,ok,24317.684,1029,2,1,0,0,2305843009213693967:1026;2305843009213693973:3,Symbolica_default,cached_powers_Q,532,168,7.178,BalancedZippelSeparated
fire7_nb0_rank0027,Automatic,1,ok,17622.060,825,2,1,0,0,2305843009213693967:822;2305843009213693973:3,Symbolica_default,cached_powers_Q,451,232,5.597,BalancedZippelSeparated
fire7_nb0_rank0028,Automatic,1,ok,21125.278,868,2,1,0,0,2305843009213693967:865;2305843009213693973:3,Symbolica_default,cached_powers_Q,482,147,7.067,BalancedZippelSeparated
fire7_nb0_rank0029,Automatic,1,ok,14842.776,764,2,1,0,0,2305843009213693967:761;2305843009213693973:3,Symbolica_default,cached_powers_Q,451,162,9.603,BalancedZippelSeparated
fire7_nb0_rank0030,Automatic,1,ok,24006.413,1017,2,1,0,0,2305843009213693967:1014;2305843009213693973:3,Symbolica_default,cached_powers_Q,504,126,6.906,BalancedZippelSeparated
fire7_nb0_rank0031,Automatic,1,ok,19963.881,1000,2,1,0,0,2305843009213693967:997;2305843009213693973:3,Symbolica_default,cached_powers_Q,471,147,7.085,BalancedZippelSeparated
fire7_nb0_rank0032,Automatic,1,ok,16661.575,839,2,1,0,0,2305843009213693967:836;2305843009213693973:3,Symbolica_default,cached_powers_Q,449,153,6.684,BalancedZippelSeparated
fire7_nb0_rank0033,Automatic,1,ok,16646.445,760,2,1,0,0,2305843009213693967:757;2305843009213693973:3,Symbolica_default,cached_powers_Q,404,192,6.722,BalancedZippelSeparated
fire7_nb0_rank0034,Automatic,1,ok,21101.917,900,2,1,0,0,2305843009213693967:897;2305843009213693973:3,Symbolica_default,cached_powers_Q,458,144,6.880,BalancedZippelSeparated
fire7_nb0_rank0035,Automatic,1,ok,16546.144,868,2,1,0,0,2305843009213693967:865;2305843009213693973:3,Symbolica_default,cached_powers_Q,445,154,6.672,BalancedZippelSeparated
fire7_nb0_rank0036,Automatic,1,ok,14603.404,867,2,1,0,0,2305843009213693967:864;2305843009213693973:3,Symbolica_default,cached_powers_Q,431,168,7.329,BalancedZippelSeparated
fire7_nb0_rank0037,Automatic,1,ok,16494.904,798,2,1,0,0,2305843009213693967:795;2305843009213693973:3,Symbolica_default,cached_powers_Q,405,168,6.887,BalancedZippelSeparated
fire7_nb0_rank0038,Automatic,1,ok,24208.723,1004,2,1,0,0,2305843009213693967:1001;2305843009213693973:3,Symbolica_default,cached_powers_Q,466,119,5.090,BalancedZippelSeparated
fire7_nb0_rank0039,Automatic,1,ok,14066.191,740,2,1,0,0,2305843009213693967:737;2305843009213693973:3,Symbolica_default,cached_powers_Q,308,240,3.779,BalancedZippelSeparated
fire7_nb0_rank0040,Automatic,1,ok,18561.684,839,2,1,0,0,2305843009213693967:836;2305843009213693973:3,Symbolica_default,cached_powers_Q,443,119,3.767,BalancedZippelSeparated
fire7_nb0_rank0041,Automatic,1,ok,14179.672,620,2,1,0,0,2305843009213693967:617;2305843009213693973:3,Symbolica_default,cached_powers_Q,362,176,6.547,BalancedZippelSeparated
fire7_nb0_rank0042,Automatic,1,ok,17924.501,895,2,1,0,0,2305843009213693967:892;2305843009213693973:3,Symbolica_default,cached_powers_Q,400,147,6.764,BalancedZippelSeparated
fire7_nb0_rank0043,Automatic,1,ok,19423.429,966,2,1,0,0,2305843009213693967:963;2305843009213693973:3,Symbolica_default,cached_powers_Q,432,126,6.523,BalancedZippelSeparated
fire7_nb0_rank0044,Automatic,1,ok,19948.802,944,2,1,0,0,2305843009213693967:941;2305843009213693973:3,Symbolica_default,cached_powers_Q,418,126,3.893,BalancedZippelSeparated
fire7_nb0_rank0045,Automatic,1,ok,19349.659,809,2,1,0,0,2305843009213693967:806;2305843009213693973:3,Symbolica_default,cached_powers_Q,407,126,6.591,BalancedZippelSeparated
fire7_nb0_rank0046,Automatic,1,ok,19898.512,900,2,1,0,0,2305843009213693967:897;2305843009213693973:3,Symbolica_default,cached_powers_Q,422,132,6.399,BalancedZippelSeparated
fire7_nb0_rank0047,Automatic,1,ok,18127.312,835,2,1,0,0,2305843009213693967:832;2305843009213693973:3,Symbolica_default,cached_powers_Q,452,77,8.991,BalancedZippelSeparated
fire7_nb0_rank0048,Automatic,1,ok,13606.289,726,2,1,0,0,2305843009213693967:723;2305843009213693973:3,Symbolica_default,cached_powers_Q,280,224,6.392,BalancedZippelSeparated
fire7_nb0_rank0049,Automatic,1,ok,13284.528,726,2,1,0,0,2305843009213693967:723;2305843009213693973:3,Symbolica_default,cached_powers_Q,280,224,4.061,BalancedZippelSeparated
fire7_nb0_rank0050,Automatic,1,ok,15879.481,677,2,1,0,0,2305843009213693967:674;2305843009213693973:3,Symbolica_default,cached_powers_Q,340,176,5.733,BalancedZippelSeparated
fire7_nb0_rank0051,Automatic,1,ok,20037.862,873,2,1,0,0,2305843009213693967:870;2305843009213693973:3,Symbolica_default,cached_powers_Q,383,162,6.462,BalancedZippelSeparated
fire7_nb0_rank0052,Automatic,1,ok,16416.653,759,2,1,0,0,2305843009213693967:756;2305843009213693973:3,Symbolica_default,cached_powers_Q,299,224,3.301,BalancedZippelSeparated
fire7_nb0_rank0053,Automatic,1,ok,17430.159,782,2,1,0,0,2305843009213693967:779;2305843009213693973:3,Symbolica_default,cached_powers_Q,351,180,5.026,BalancedZippelSeparated
fire7_nb0_rank0054,Automatic,1,ok,17737.270,817,2,1,0,0,2305843009213693967:814;2305843009213693973:3,Symbolica_default,cached_powers_Q,407,126,3.819,BalancedZippelSeparated
fire7_nb0_rank0055,Automatic,1,ok,11814.231,626,2,1,0,0,2305843009213693967:623;2305843009213693973:3,Symbolica_default,cached_powers_Q,330,168,6.040,BalancedZippelSeparated
fire7_nb0_rank0056,Automatic,1,ok,11690.179,598,2,1,0,0,2305843009213693967:595;2305843009213693973:3,Symbolica_default,cached_powers_Q,407,81,4.064,BalancedZippelSeparated
fire7_nb0_rank0057,Automatic,1,ok,12863.316,708,2,1,0,0,2305843009213693967:705;2305843009213693973:3,Symbolica_default,cached_powers_Q,359,152,3.627,BalancedZippelSeparated
fire7_nb0_rank0058,Automatic,1,ok,12340.463,723,2,1,0,0,2305843009213693967:720;2305843009213693973:3,Symbolica_default,cached_powers_Q,337,168,3.417,BalancedZippelSeparated
fire7_nb0_rank0059,Automatic,1,ok,14279.382,750,2,1,0,0,2305843009213693967:747;2305843009213693973:3,Symbolica_default,cached_powers_Q,360,147,6.515,BalancedZippelSeparated
fire7_nb0_rank0060,Automatic,1,ok,12614.114,729,2,1,0,0,2305843009213693967:726;2305843009213693973:3,Symbolica_default,cached_powers_Q,380,119,6.098,BalancedZippelSeparated
fire7_nb0_rank0061,Automatic,1,ok,12702.465,696,2,1,0,0,2305843009213693967:693;2305843009213693973:3,Symbolica_default,cached_powers_Q,270,210,6.228,BalancedZippelSeparated
fire7_nb0_rank0062,Automatic,1,ok,12461.514,696,2,1,0,0,2305843009213693967:693;2305843009213693973:3,Symbolica_default,cached_powers_Q,270,210,5.953,BalancedZippelSeparated
fire7_nb0_rank0063,Automatic,1,ok,14399.893,824,2,1,0,0,2305843009213693967:821;2305843009213693973:3,Symbolica_default,cached_powers_Q,376,126,8.985,BalancedZippelSeparated
fire7_nb0_rank0064,Automatic,1,ok,11870.900,816,2,1,0,0,2305843009213693967:813;2305843009213693973:3,Symbolica_default,cached_powers_Q,375,132,6.464,BalancedZippelSeparated
fire7_nb0_rank0065,Automatic,1,ok,9351.367,598,2,1,0,0,2305843009213693967:595;2305843009213693973:3,Symbolica_default,cached_powers_Q,401,81,6.168,BalancedZippelSeparated
fire7_nb0_rank0066,Automatic,1,ok,10930.665,638,2,1,0,0,2305843009213693967:635;2305843009213693973:3,Symbolica_default,cached_powers_Q,306,192,6.257,BalancedZippelSeparated
fire7_nb0_rank0067,Automatic,1,ok,9380.608,627,2,1,0,0,2305843009213693967:624;2305843009213693973:3,Symbolica_default,cached_powers_Q,297,192,6.029,BalancedZippelSeparated
fire7_nb0_rank0068,Automatic,1,ok,11746.890,615,2,1,0,0,2305843009213693967:612;2305843009213693973:3,Symbolica_default,cached_powers_Q,257,231,5.633,BalancedZippelSeparated
fire7_nb0_rank0069,Automatic,1,ok,13474.458,720,2,1,0,0,2305843009213693967:717;2305843009213693973:3,Symbolica_default,cached_powers_Q,359,126,4.051,BalancedZippelSeparated
fire7_nb0_rank0070,Automatic,1,ok,8385.382,650,2,1,0,0,2305843009213693967:647;2305843009213693973:3,Symbolica_default,cached_powers_Q,319,168,6.228,BalancedZippelSeparated
fire7_nb0_rank0071,Automatic,1,ok,13524.018,778,2,1,0,0,2305843009213693967:775;2305843009213693973:3,Symbolica_default,cached_powers_Q,376,102,5.998,BalancedZippelSeparated
fire7_nb0_rank0072,Automatic,1,ok,23621.460,842,2,1,0,0,2305843009213693967:839;2305843009213693973:3,Symbolica_default,cached_powers_Q,350,126,2.822,BalancedZippelSeparated
fire7_nb0_rank0073,Automatic,1,ok,10907.436,587,2,1,0,0,2305843009213693967:584;2305843009213693973:3,Symbolica_default,cached_powers_Q,315,136,5.928,BalancedZippelSeparated
fire7_nb0_rank0074,Automatic,1,ok,10142.642,572,2,1,0,0,2305843009213693967:569;2305843009213693973:3,Symbolica_default,cached_powers_Q,364,88,3.281,BalancedZippelSeparated
fire7_nb0_rank0075,Automatic,1,ok,11769.180,746,2,1,0,0,2305843009213693967:743;2305843009213693973:3,Symbolica_default,cached_powers_Q,269,192,3.707,BalancedZippelSeparated
fire7_nb0_rank0076,Automatic,1,ok,9268.437,640,2,1,0,0,2305843009213693967:637;2305843009213693973:3,Symbolica_default,cached_powers_Q,296,168,5.975,BalancedZippelSeparated
fire7_nb0_rank0077,Automatic,1,ok,15555.439,922,2,1,0,0,2305843009213693967:919;2305843009213693973:3,Symbolica_default,cached_powers_Q,288,195,6.425,BalancedZippelSeparated
fire7_nb0_rank0078,Automatic,1,ok,13219.947,552,2,1,0,0,2305843009213693967:549;2305843009213693973:3,Symbolica_default,cached_powers_Q,242,192,2.785,BalancedZippelSeparated
fire7_nb0_rank0079,Automatic,1,ok,15952.121,672,2,1,0,0,2305843009213693967:669;2305843009213693973:3,Symbolica_default,cached_powers_Q,341,114,2.973,BalancedZippelSeparated
fire7_nb0_rank0080,Automatic,1,ok,8824.885,484,2,1,0,0,2305843009213693967:481;2305843009213693973:3,Symbolica_default,cached_powers_Q,240,200,2.873,BalancedZippelSeparated
fire7_nb0_rank0081,Automatic,1,ok,15373.378,701,2,1,0,0,2305843009213693967:698;2305843009213693973:3,Symbolica_default,cached_powers_Q,385,56,2.434,BalancedZippelSeparated
fire7_nb0_rank0082,Automatic,1,ok,11344.028,658,2,1,0,0,2305843009213693967:655;2305843009213693973:3,Symbolica_default,cached_powers_Q,312,119,3.405,BalancedZippelSeparated
fire7_nb0_rank0083,Automatic,1,ok,16163.151,656,2,1,0,0,2305843009213693967:653;2305843009213693973:3,Symbolica_default,cached_powers_Q,341,108,2.831,BalancedZippelSeparated
fire7_nb0_rank0084,Automatic,1,ok,12323.333,716,2,1,0,0,2305843009213693967:713;2305843009213693973:3,Symbolica_default,cached_powers_Q,260,180,5.923,BalancedZippelSeparated
fire7_nb0_rank0085,Automatic,1,ok,10494.784,607,2,1,0,0,2305843009213693967:604;2305843009213693973:3,Symbolica_default,cached_powers_Q,311,119,5.730,BalancedZippelSeparated
fire7_nb0_rank0086,Automatic,1,ok,10903.596,593,2,1,0,0,2305843009213693967:590;2305843009213693973:3,Symbolica_default,cached_powers_Q,306,133,3.523,BalancedZippelSeparated
fire7_nb0_rank0087,Automatic,1,ok,10005.671,703,2,1,0,0,2305843009213693967:700;2305843009213693973:3,Symbolica_default,cached_powers_Q,331,102,5.880,BalancedZippelSeparated
fire7_nb0_rank0088,Automatic,1,ok,9811.810,716,2,1,0,0,2305843009213693967:713;2305843009213693973:3,Symbolica_default,cached_powers_Q,260,180,5.710,BalancedZippelSeparated
fire7_nb0_rank0089,Automatic,1,ok,14892.766,674,2,1,0,0,2305843009213693967:671;2305843009213693973:3,Symbolica_default,cached_powers_Q,303,145,2.808,BalancedZippelSeparated
fire7_nb0_rank0090,Automatic,1,ok,8867.655,471,2,1,0,0,2305843009213693967:468;2305843009213693973:3,Symbolica_default,cached_powers_Q,227,200,2.739,BalancedZippelSeparated
fire7_nb0_rank0091,Automatic,1,ok,11437.209,627,2,1,0,0,2305843009213693967:624;2305843009213693973:3,Symbolica_default,cached_powers_Q,272,168,3.696,BalancedZippelSeparated
fire7_nb0_rank0092,Automatic,1,ok,9508.048,702,2,1,0,0,2305843009213693967:699;2305843009213693973:3,Symbolica_default,cached_powers_Q,243,192,3.804,BalancedZippelSeparated
fire7_nb0_rank0093,Automatic,1,ok,9389.018,601,2,1,0,0,2305843009213693967:598;2305843009213693973:3,Symbolica_default,cached_powers_Q,272,168,3.570,BalancedZippelSeparated
fire7_nb0_rank0094,Automatic,1,ok,12421.263,642,2,1,0,0,2305843009213693967:639;2305843009213693973:3,Symbolica_default,cached_powers_Q,295,144,3.983,BalancedZippelSeparated
fire7_nb0_rank0095,Automatic,1,ok,9192.067,446,2,1,0,0,2305843009213693967:443;2305843009213693973:3,Symbolica_default,cached_powers_Q,218,208,2.881,BalancedZippelSeparated
fire7_nb0_rank0096,Automatic,1,ok,9639.729,588,2,1,0,0,2305843009213693967:585;2305843009213693973:3,Symbolica_default,cached_powers_Q,332,91,3.807,BalancedZippelSeparated
fire7_nb0_rank0097,Automatic,1,ok,8551.374,459,2,1,0,0,2305843009213693967:456;2305843009213693973:3,Symbolica_default,cached_powers_Q,218,200,2.577,BalancedZippelSeparated
fire7_nb0_rank0098,Automatic,1,ok,8858.895,423,2,1,0,0,2305843009213693967:420;2305843009213693973:3,Symbolica_default,cached_powers_Q,218,200,2.691,BalancedZippelSeparated
fire7_nb0_rank0099,Automatic,1,ok,11336.857,705,2,1,0,0,2305843009213693967:702;2305843009213693973:3,Symbolica_default,cached_powers_Q,301,135,6.312,BalancedZippelSeparated
fire7_nb0_rank0100,Automatic,1,ok,10146.411,545,2,1,0,0,2305843009213693967:542;2305843009213693973:3,Symbolica_default,cached_powers_Q,306,104,3.082,BalancedZippelSeparated
fire7_nb0_rank0101,Automatic,1,ok,9532.468,556,2,1,0,0,2305843009213693967:553;2305843009213693973:3,Symbolica_default,cached_powers_Q,250,168,3.647,BalancedZippelSeparated
fire7_nb0_rank0102,Automatic,1,ok,11786.970,686,2,1,0,0,2305843009213693967:683;2305843009213693973:3,Symbolica_default,cached_powers_Q,243,180,3.307,BalancedZippelSeparated
fire7_nb0_rank0103,Automatic,1,ok,10897.416,527,2,1,0,0,2305843009213693967:524;2305843009213693973:3,Symbolica_default,cached_powers_Q,220,192,2.820,BalancedZippelSeparated
fire7_nb0_rank0104,Automatic,1,ok,7864.990,514,2,1,0,0,2305843009213693967:511;2305843009213693973:3,Symbolica_default,cached_powers_Q,270,136,5.536,BalancedZippelSeparated
fire7_nb0_rank0105,Automatic,1,ok,9372.568,505,2,1,0,0,2305843009213693967:502;2305843009213693973:3,Symbolica_default,cached_powers_Q,178,238,2.520,BalancedZippelSeparated
fire7_nb0_rank0106,Automatic,1,ok,13343.228,736,2,1,0,0,2305843009213693967:733;2305843009213693973:3,Symbolica_default,cached_powers_Q,350,66,2.529,BalancedZippelSeparated
fire7_nb0_rank0107,Automatic,1,ok,13155.707,594,2,1,0,0,2305843009213693967:591;2305843009213693973:3,Symbolica_default,cached_powers_Q,288,119,2.496,BalancedZippelSeparated
fire7_nb0_rank0108,Automatic,1,ok,7415.918,609,2,1,0,0,2305843009213693967:606;2305843009213693973:3,Symbolica_default,cached_powers_Q,309,102,3.655,BalancedZippelSeparated
fire7_nb0_rank0109,Automatic,1,ok,7300.137,463,2,1,0,0,2305843009213693967:460;2305843009213693973:3,Symbolica_default,cached_powers_Q,260,136,5.636,BalancedZippelSeparated
fire7_nb0_rank0110,Automatic,1,ok,10655.615,620,2,1,0,0,2305843009213693967:617;2305843009213693973:3,Symbolica_default,cached_powers_Q,335,66,5.902,BalancedZippelSeparated
fire7_nb0_rank0111,Automatic,1,ok,11521.518,675,2,1,0,0,2305843009213693967:672;2305843009213693973:3,Symbolica_default,cached_powers_Q,301,108,3.692,BalancedZippelSeparated
fire7_nb0_rank0112,Automatic,1,ok,11648.689,446,2,1,0,0,2305843009213693967:443;2305843009213693973:3,Symbolica_default,cached_powers_Q,215,182,2.538,BalancedZippelSeparated
fire7_nb0_rank0113,Automatic,1,ok,13343.247,541,2,1,0,0,2305843009213693967:538;2305843009213693973:3,Symbolica_default,cached_powers_Q,264,133,2.544,BalancedZippelSeparated
fire7_nb0_rank0114,Automatic,1,ok,7739.199,688,2,1,0,0,2305843009213693967:685;2305843009213693973:3,Symbolica_default,cached_powers_Q,322,66,5.882,BalancedZippelSeparated
fire7_nb0_rank0115,Automatic,1,ok,12362.233,547,2,1,0,0,2305843009213693967:544;2305843009213693973:3,Symbolica_default,cached_powers_Q,295,91,2.519,BalancedZippelSeparated
fire7_nb0_rank0116,Automatic,1,ok,13232.547,635,2,1,0,0,2305843009213693967:632;2305843009213693973:3,Symbolica_default,cached_powers_Q,271,126,2.568,BalancedZippelSeparated
fire7_nb0_rank0117,Automatic,1,ok,11737.240,572,2,1,0,0,2305843009213693967:569;2305843009213693973:3,Symbolica_default,cached_powers_Q,271,119,2.660,BalancedZippelSeparated
fire7_nb0_rank0118,Automatic,1,ok,8762.415,478,2,1,0,0,2305843009213693967:475;2305843009213693973:3,Symbolica_default,cached_powers_Q,310,64,3.432,BalancedZippelSeparated
fire7_nb0_rank0119,Automatic,1,ok,8420.183,464,2,1,0,0,2305843009213693967:461;2305843009213693973:3,Symbolica_default,cached_powers_Q,250,133,3.028,BalancedZippelSeparated
fire7_nb0_rank0120,Automatic,1,ok,9615.649,520,2,1,0,0,2305843009213693967:517;2305843009213693973:3,Symbolica_default,cached_powers_Q,308,77,5.916,BalancedZippelSeparated
fire7_nb0_rank0121,Automatic,1,ok,7498.248,675,2,1,0,0,2305843009213693967:672;2305843009213693973:3,Symbolica_default,cached_powers_Q,316,66,3.790,BalancedZippelSeparated
fire7_nb0_rank0122,Automatic,1,ok,8943.665,511,2,1,0,0,2305843009213693967:508;2305843009213693973:3,Symbolica_default,cached_powers_Q,247,126,2.966,BalancedZippelSeparated
fire7_nb0_rank0123,Automatic,1,ok,12947.696,542,2,1,0,0,2305843009213693967:539;2305843009213693973:3,Symbolica_default,cached_powers_Q,280,91,2.480,BalancedZippelSeparated
fire7_nb0_rank0124,Automatic,1,ok,8011.680,401,2,1,0,0,2305843009213693967:398;2305843009213693973:3,Symbolica_default,cached_powers_Q,210,175,2.619,BalancedZippelSeparated
fire7_nb0_rank0125,Automatic,1,ok,9213.157,510,2,1,0,0,2305843009213693967:507;2305843009213693973:3,Symbolica_default,cached_powers_Q,300,77,3.648,BalancedZippelSeparated
fire7_nb0_rank0126,Automatic,1,ok,10008.511,515,2,1,0,0,2305843009213693967:512;2305843009213693973:3,Symbolica_default,cached_powers_Q,196,175,2.420,BalancedZippelSeparated
fire7_nb0_rank0127,Automatic,1,ok,10002.861,465,2,1,0,0,2305843009213693967:462;2305843009213693973:3,Symbolica_default,cached_powers_Q,205,175,2.356,BalancedZippelSeparated
fire7_nb0_rank0128,Automatic,1,ok,9125.006,499,2,1,0,0,2305843009213693967:496;2305843009213693973:3,Symbolica_default,cached_powers_Q,210,154,2.034,BalancedZippelSeparated
fire7_nb0_rank0129,Automatic,1,ok,12289.973,499,2,1,0,0,2305843009213693967:496;2305843009213693973:3,Symbolica_default,cached_powers_Q,210,154,2.418,BalancedZippelSeparated
fire7_nb0_rank0130,Automatic,1,ok,10036.951,574,2,1,0,0,2305843009213693967:571;2305843009213693973:3,Symbolica_default,cached_powers_Q,256,132,2.510,BalancedZippelSeparated
fire7_nb0_rank0131,Automatic,1,ok,5300.307,447,2,1,0,0,2305843009213693967:444;2305843009213693973:3,Symbolica_default,cached_powers_Q,249,126,5.420,BalancedZippelSeparated
fire7_nb0_rank0132,Automatic,1,ok,14313.523,643,2,1,0,0,2305843009213693967:640;2305843009213693973:3,Symbolica_default,cached_powers_Q,282,110,2.622,BalancedZippelSeparated
fire7_nb0_rank0133,Automatic,1,ok,12493.474,513,2,1,0,0,2305843009213693967:510;2305843009213693973:3,Symbolica_default,cached_powers_Q,288,77,2.532,BalancedZippelSeparated
fire7_nb0_rank0134,Automatic,1,ok,14019.851,637,2,1,0,0,2305843009213693967:634;2305843009213693973:3,Symbolica_default,cached_powers_Q,288,105,2.620,BalancedZippelSeparated
fire7_nb0_rank0135,Automatic,1,ok,10908.045,609,2,1,0,0,2305843009213693967:606;2305843009213693973:3,Symbolica_default,cached_powers_Q,266,102,2.477,BalancedZippelSeparated
fire7_nb0_rank0136,Automatic,1,ok,10222.292,562,2,1,0,0,2305843009213693967:559;2305843009213693973:3,Symbolica_default,cached_powers_Q,288,78,2.401,BalancedZippelSeparated
fire7_nb0_rank0137,Automatic,1,ok,14242.732,665,2,1,0,0,2305843009213693967:662;2305843009213693973:3,Symbolica_default,cached_powers_Q,273,105,2.603,BalancedZippelSeparated
fire7_nb0_rank0138,Automatic,1,ok,5238.317,429,2,1,0,0,2305843009213693967:426;2305843009213693973:3,Symbolica_default,cached_powers_Q,280,72,5.530,BalancedZippelSeparated
fire7_nb0_rank0139,Automatic,1,ok,4749.824,436,2,1,0,0,2305843009213693967:433;2305843009213693973:3,Symbolica_default,cached_powers_Q,268,88,5.372,BalancedZippelSeparated
fire7_nb0_rank0140,Automatic,1,ok,7310.437,487,2,1,0,0,2305843009213693967:484;2305843009213693973:3,Symbolica_default,cached_powers_Q,247,105,5.489,BalancedZippelSeparated
fire7_nb0_rank0141,Automatic,1,ok,13944.820,663,2,1,0,0,2305843009213693967:660;2305843009213693973:3,Symbolica_default,cached_powers_Q,266,105,2.487,BalancedZippelSeparated
fire7_nb0_rank0142,Automatic,1,ok,9888.451,564,2,1,0,0,2305843009213693967:561;2305843009213693973:3,Symbolica_default,cached_powers_Q,259,102,2.198,BalancedZippelSeparated
fire7_nb0_rank0143,Automatic,1,ok,8579.004,494,2,1,0,0,2305843009213693967:491;2305843009213693973:3,Symbolica_default,cached_powers_Q,274,77,5.047,BalancedZippelSeparated
fire7_nb0_rank0144,Automatic,1,ok,12843.495,496,2,1,0,0,2305843009213693967:493;2305843009213693973:3,Symbolica_default,cached_powers_Q,272,77,2.174,BalancedZippelSeparated
fire7_nb0_rank0145,Automatic,1,ok,9908.620,555,2,1,0,0,2305843009213693967:552;2305843009213693973:3,Symbolica_default,cached_powers_Q,272,77,2.256,BalancedZippelSeparated
fire7_nb0_rank0146,Automatic,1,ok,10037.002,459,2,1,0,0,2305843009213693967:456;2305843009213693973:3,Symbolica_default,cached_powers_Q,279,77,2.296,BalancedZippelSeparated
fire7_nb0_rank0147,Automatic,1,ok,8185.492,404,2,1,0,0,2305843009213693967:401;2305843009213693973:3,Symbolica_default,cached_powers_Q,237,105,2.025,BalancedZippelSeparated
fire7_nb0_rank0148,Automatic,1,ok,13121.127,539,2,1,0,0,2305843009213693967:536;2305843009213693973:3,Symbolica_default,cached_powers_Q,304,54,5.986,BalancedZippelSeparated
fire7_nb0_rank0149,Automatic,1,ok,9602.509,484,2,1,0,0,2305843009213693967:481;2305843009213693973:3,Symbolica_default,cached_powers_Q,243,102,2.227,BalancedZippelSeparated
fire7_nb0_rank0150,Automatic,1,ok,10441.163,464,2,1,0,0,2305843009213693967:461;2305843009213693973:3,Symbolica_default,cached_powers_Q,249,84,2.156,BalancedZippelSeparated
fire7_nb0_rank0151,Automatic,1,ok,5325.397,483,2,1,0,0,2305843009213693967:480;2305843009213693973:3,Symbolica_default,cached_powers_Q,266,77,5.460,BalancedZippelSeparated
fire7_nb0_rank0152,Automatic,1,ok,6202.602,404,2,1,0,0,2305843009213693967:401;2305843009213693973:3,Symbolica_default,cached_powers_Q,186,144,2.329,BalancedZippelSeparated
fire7_nb0_rank0153,Automatic,1,ok,8319.722,464,2,1,0,0,2305843009213693967:461;2305843009213693973:3,Symbolica_default,cached_powers_Q,249,102,2.080,BalancedZippelSeparated
fire7_nb0_rank0154,Automatic,1,ok,5791.099,496,2,1,0,0,2305843009213693967:493;2305843009213693973:3,Symbolica_default,cached_powers_Q,267,63,5.555,BalancedZippelSeparated
fire7_nb0_rank0155,Automatic,1,ok,7738.839,415,2,1,0,0,2305843009213693967:412;2305843009213693973:3,Symbolica_default,cached_powers_Q,225,112,2.268,BalancedZippelSeparated
fire7_nb0_rank0156,Automatic,1,ok,8569.474,539,2,1,0,0,2305843009213693967:536;2305843009213693973:3,Symbolica_default,cached_powers_Q,299,54,4.551,BalancedZippelSeparated
fire7_nb0_rank0157,Automatic,1,ok,4591.503,414,2,1,0,0,2305843009213693967:411;2305843009213693973:3,Symbolica_default,cached_powers_Q,261,77,5.364,BalancedZippelSeparated
fire7_nb0_rank0158,Automatic,1,ok,7788.240,457,2,1,0,0,2305843009213693967:454;2305843009213693973:3,Symbolica_default,cached_powers_Q,233,102,2.233,BalancedZippelSeparated
fire7_nb0_rank0159,Automatic,1,ok,10896.925,580,2,1,0,0,2305843009213693967:577;2305843009213693973:3,Symbolica_default,cached_powers_Q,259,105,2.468,BalancedZippelSeparated
fire7_nb0_rank0160,Automatic,1,ok,8642.454,580,2,1,0,0,2305843009213693967:577;2305843009213693973:3,Symbolica_default,cached_powers_Q,223,125,2.328,BalancedZippelSeparated
fire7_nb0_rank0161,Automatic,1,ok,8063.351,543,2,1,0,0,2305843009213693967:540;2305843009213693973:3,Symbolica_default,cached_powers_Q,280,56,2.982,BalancedZippelSeparated
fire7_nb0_rank0162,Automatic,1,ok,10966.146,433,2,1,0,0,2305843009213693967:430;2305843009213693973:3,Symbolica_default,cached_powers_Q,208,133,2.212,BalancedZippelSeparated
fire7_nb0_rank0163,Automatic,1,ok,6747.914,576,2,1,0,0,2305843009213693967:573;2305843009213693973:3,Symbolica_default,cached_powers_Q,294,48,5.577,BalancedZippelSeparated
fire7_nb0_rank0164,Automatic,1,ok,7773.249,403,2,1,0,0,2305843009213693967:400;2305843009213693973:3,Symbolica_default,cached_powers_Q,243,88,1.743,BalancedZippelSeparated
fire7_nb0_rank0165,Automatic,1,ok,7440.897,566,2,1,0,0,2305843009213693967:563;2305843009213693973:3,Symbolica_default,cached_powers_Q,259,85,5.522,BalancedZippelSeparated
fire7_nb0_rank0166,Automatic,1,ok,12179.202,530,2,1,0,0,2305843009213693967:527;2305843009213693973:3,Symbolica_default,cached_powers_Q,245,105,2.212,BalancedZippelSeparated
fire7_nb0_rank0167,Automatic,1,ok,5222.497,361,2,1,0,0,2305843009213693967:358;2305843009213693973:3,Symbolica_default,cached_powers_Q,169,175,2.086,BalancedZippelSeparated
fire7_nb0_rank0168,Automatic,1,ok,4044.430,533,2,1,0,0,2305843009213693967:530;2305843009213693973:3,Symbolica_default,cached_powers_Q,259,78,3.199,BalancedZippelSeparated
fire7_nb0_rank0169,Automatic,1,ok,5680.539,487,2,1,0,0,2305843009213693967:484;2305843009213693973:3,Symbolica_default,cached_powers_Q,189,144,1.428,BalancedZippelSeparated
fire7_nb0_rank0170,Automatic,1,ok,6167.051,487,2,1,0,0,2305843009213693967:484;2305843009213693973:3,Symbolica_default,cached_powers_Q,189,144,1.350,BalancedZippelSeparated
fire7_nb0_rank0171,Automatic,1,ok,6120.341,426,2,1,0,0,2305843009213693967:423;2305843009213693973:3,Symbolica_default,cached_powers_Q,199,133,1.443,BalancedZippelSeparated
fire7_nb0_rank0172,Automatic,1,ok,5429.248,410,2,1,0,0,2305843009213693967:407;2305843009213693973:3,Symbolica_default,cached_powers_Q,185,156,1.606,BalancedZippelSeparated
fire7_nb0_rank0173,Automatic,1,ok,7974.980,512,2,1,0,0,2305843009213693967:509;2305843009213693973:3,Symbolica_default,cached_powers_Q,153,198,1.511,BalancedZippelSeparated
fire7_nb0_rank0174,Automatic,1,ok,4222.421,398,2,1,0,0,2305843009213693967:395;2305843009213693973:3,Symbolica_default,cached_powers_Q,219,96,1.493,BalancedZippelSeparated
fire7_nb0_rank0175,Automatic,1,ok,3981.140,369,2,1,0,0,2305843009213693967:366;2305843009213693973:3,Symbolica_default,cached_powers_Q,219,96,1.359,BalancedZippelSeparated
fire7_nb0_rank0176,Automatic,1,ok,8937.135,603,2,1,0,0,2305843009213693967:600;2305843009213693973:3,Symbolica_default,cached_powers_Q,294,55,5.157,BalancedZippelSeparated
fire7_nb0_rank0177,Automatic,1,ok,4605.863,482,2,1,0,0,2305843009213693967:479;2305843009213693973:3,Symbolica_default,cached_powers_Q,231,110,2.187,BalancedZippelSeparated
fire7_nb0_rank0178,Automatic,1,ok,3668.708,496,2,1,0,0,2305843009213693967:493;2305843009213693973:3,Symbolica_default,cached_powers_Q,265,66,5.866,BalancedZippelSeparated
fire7_nb0_rank0179,Automatic,1,ok,5346.867,395,2,1,0,0,2305843009213693967:392;2305843009213693973:3,Symbolica_default,cached_powers_Q,225,88,1.473,BalancedZippelSeparated
fire7_nb0_rank0180,Automatic,1,ok,7171.046,613,2,1,0,0,2305843009213693967:610;2305843009213693973:3,Symbolica_default,cached_powers_Q,280,60,4.785,BalancedZippelSeparated
fire7_nb0_rank0181,Automatic,1,ok,7616.638,501,2,1,0,0,2305843009213693967:498;2305843009213693973:3,Symbolica_default,cached_powers_Q,270,48,2.938,BalancedZippelSeparated
fire7_nb0_rank0182,Automatic,1,ok,4250.091,414,2,1,0,0,2305843009213693967:411;2305843009213693973:3,Symbolica_default,cached_powers_Q,223,91,1.553,BalancedZippelSeparated
fire7_nb0_rank0183,Automatic,1,ok,6842.384,577,2,1,0,0,2305843009213693967:574;2305843009213693973:3,Symbolica_default,cached_powers_Q,273,65,3.858,BalancedZippelSeparated
fire7_nb0_rank0184,Automatic,1,ok,8488.883,488,2,1,0,0,2305843009213693967:485;2305843009213693973:3,Symbolica_default,cached_powers_Q,240,95,4.097,BalancedZippelSeparated
fire7_nb0_rank0185,Automatic,1,ok,4998.485,370,2,1,0,0,2305843009213693967:367;2305843009213693973:3,Symbolica_default,cached_powers_Q,160,144,1.773,BalancedZippelSeparated
fire7_nb0_rank0186,Automatic,1,ok,8230.172,492,2,1,0,0,2305843009213693967:489;2305843009213693973:3,Symbolica_default,cached_powers_Q,245,66,1.637,BalancedZippelSeparated
fire7_nb0_rank0187,Automatic,1,ok,4544.693,393,2,1,0,0,2305843009213693967:390;2305843009213693973:3,Symbolica_default,cached_powers_Q,216,90,1.167,BalancedZippelSeparated
fire7_nb0_rank0188,Automatic,1,ok,2891.755,362,2,1,0,0,2305843009213693967:359;2305843009213693973:3,Symbolica_default,cached_powers_Q,180,126,1.546,BalancedZippelSeparated
fire7_nb0_rank0189,Automatic,1,ok,6177.561,398,2,1,0,0,2305843009213693967:395;2305843009213693973:3,Symbolica_default,cached_powers_Q,219,84,1.825,BalancedZippelSeparated
fire7_nb0_rank0190,Automatic,1,ok,11281.287,495,2,1,0,0,2305843009213693967:492;2305843009213693973:3,Symbolica_default,cached_powers_Q,217,102,2.122,BalancedZippelSeparated
fire7_nb0_rank0191,Automatic,1,ok,5946.170,457,2,1,0,0,2305843009213693967:454;2305843009213693973:3,Symbolica_default,cached_powers_Q,239,90,1.583,BalancedZippelSeparated
fire7_nb0_rank0192,Automatic,1,ok,3376.097,324,2,1,0,0,2305843009213693967:321;2305843009213693973:3,Symbolica_default,cached_powers_Q,161,144,1.403,BalancedZippelSeparated
fire7_nb0_rank0193,Automatic,1,ok,6794.565,671,2,1,0,0,2305843009213693967:668;2305843009213693973:3,Symbolica_default,cached_powers_Q,203,128,1.384,BalancedZippelSeparated
fire7_nb0_rank0194,Automatic,1,ok,7167.466,412,2,1,0,0,2305843009213693967:409;2305843009213693973:3,Symbolica_default,cached_powers_Q,216,98,2.123,BalancedZippelSeparated
fire7_nb0_rank0195,Automatic,1,ok,6943.975,472,2,1,0,0,2305843009213693967:469;2305843009213693973:3,Symbolica_default,cached_powers_Q,240,90,4.542,BalancedZippelSeparated
fire7_nb0_rank0196,Automatic,1,ok,4919.635,336,2,1,0,0,2305843009213693967:333;2305843009213693973:3,Symbolica_default,cached_powers_Q,200,96,1.284,BalancedZippelSeparated
fire7_nb0_rank0197,Automatic,1,ok,3221.676,410,2,1,0,0,2305843009213693967:407;2305843009213693973:3,Symbolica_default,cached_powers_Q,179,126,1.256,BalancedZippelSeparated
fire7_nb0_rank0198,Automatic,1,ok,6216.982,527,2,1,0,0,2305843009213693967:524;2305843009213693973:3,Symbolica_default,cached_powers_Q,238,85,2.105,BalancedZippelSeparated
fire7_nb0_rank0199,Automatic,1,ok,4808.495,545,2,1,0,0,2305843009213693967:542;2305843009213693973:3,Symbolica_default,cached_powers_Q,244,55,1.250,BalancedZippelSeparated
fire7_nb0_rank0200,Automatic,1,ok,6657.414,502,2,1,0,0,2305843009213693967:499;2305843009213693973:3,Symbolica_default,cached_powers_Q,232,65,1.580,BalancedZippelSeparated
fire7_nb0_rank0201,Automatic,1,ok,5776.599,457,2,1,0,0,2305843009213693967:454;2305843009213693973:3,Symbolica_default,cached_powers_Q,232,72,1.594,BalancedZippelSeparated
fire7_nb0_rank0202,Automatic,1,ok,5933.170,518,2,1,0,0,2305843009213693967:515;2305843009213693973:3,Symbolica_default,cached_powers_Q,238,66,1.908,BalancedZippelSeparated
fire7_nb0_rank0203,Automatic,1,ok,6716.634,372,2,1,0,0,2305843009213693967:369;2305843009213693973:3,Symbolica_default,cached_powers_Q,170,154,2.063,BalancedZippelSeparated
fire7_nb0_rank0204,Automatic,1,ok,9067.376,543,2,1,0,0,2305843009213693967:540;2305843009213693973:3,Symbolica_default,cached_powers_Q,250,60,1.385,BalancedZippelSeparated
fire7_nb0_rank0205,Automatic,1,ok,5683.299,428,2,1,0,0,2305843009213693967:425;2305843009213693973:3,Symbolica_default,cached_powers_Q,144,150,1.458,BalancedZippelSeparated
fire7_nb0_rank0206,Automatic,1,ok,5411.388,428,2,1,0,0,2305843009213693967:425;2305843009213693973:3,Symbolica_default,cached_powers_Q,144,150,1.414,BalancedZippelSeparated
fire7_nb0_rank0207,Automatic,1,ok,3516.098,394,2,1,0,0,2305843009213693967:391;2305843009213693973:3,Symbolica_default,cached_powers_Q,243,56,3.781,BalancedZippelSeparated
fire7_nb0_rank0208,Automatic,1,ok,9618.088,482,2,1,0,0,2305843009213693967:479;2305843009213693973:3,Symbolica_default,cached_powers_Q,192,120,1.792,BalancedZippelSeparated
fire7_nb0_rank0209,Automatic,1,ok,5204.187,368,2,1,0,0,2305843009213693967:365;2305843009213693973:3,Symbolica_default,cached_powers_Q,225,64,1.494,BalancedZippelSeparated
fire7_nb0_rank0210,Automatic,1,ok,5658.039,446,2,1,0,0,2305843009213693967:443;2305843009213693973:3,Symbolica_default,cached_powers_Q,162,150,1.216,BalancedZippelSeparated
fire7_nb0_rank0211,Automatic,1,ok,5025.055,378,2,1,0,0,2305843009213693967:375;2305843009213693973:3,Symbolica_default,cached_powers_Q,200,91,1.456,BalancedZippelSeparated
fire7_nb0_rank0212,Automatic,1,ok,5919.150,491,2,1,0,0,2305843009213693967:488;2305843009213693973:3,Symbolica_default,cached_powers_Q,243,48,1.226,BalancedZippelSeparated
fire7_nb0_rank0213,Automatic,1,ok,6382.182,395,2,1,0,0,2305843009213693967:392;2305843009213693973:3,Symbolica_default,cached_powers_Q,149,150,1.929,BalancedZippelSeparated
fire7_nb0_rank0214,Automatic,1,ok,5686.738,389,2,1,0,0,2305843009213693967:386;2305843009213693973:3,Symbolica_default,cached_powers_Q,234,56,1.099,BalancedZippelSeparated
fire7_nb0_rank0215,Automatic,1,ok,4956.935,373,2,1,0,0,2305843009213693967:370;2305843009213693973:3,Symbolica_default,cached_powers_Q,216,77,1.398,BalancedZippelSeparated
fire7_nb0_rank0216,Automatic,1,ok,4590.023,474,2,1,0,0,2305843009213693967:471;2305843009213693973:3,Symbolica_default,cached_powers_Q,245,48,1.224,BalancedZippelSeparated
fire7_nb0_rank0217,Automatic,1,ok,5745.560,309,2,1,0,0,2305843009213693967:306;2305843009213693973:3,Symbolica_default,cached_powers_Q,148,140,1.809,BalancedZippelSeparated
fire7_nb0_rank0218,Automatic,1,ok,7322.027,432,2,1,0,0,2305843009213693967:429;2305843009213693973:3,Symbolica_default,cached_powers_Q,232,60,1.916,BalancedZippelSeparated
fire7_nb0_rank0219,Automatic,1,ok,3198.826,369,2,1,0,0,2305843009213693967:366;2305843009213693973:3,Symbolica_default,cached_powers_Q,228,56,1.295,BalancedZippelSeparated
fire7_nb0_rank0220,Automatic,1,ok,7018.455,492,2,1,0,0,2305843009213693967:489;2305843009213693973:3,Symbolica_default,cached_powers_Q,176,120,1.213,BalancedZippelSeparated
fire7_nb0_rank0221,Automatic,1,ok,4263.921,417,2,1,0,0,2305843009213693967:414;2305843009213693973:3,Symbolica_default,cached_powers_Q,192,102,1.358,BalancedZippelSeparated
fire7_nb0_rank0222,Automatic,1,ok,5615.068,420,2,1,0,0,2305843009213693967:417;2305843009213693973:3,Symbolica_default,cached_powers_Q,176,108,1.361,BalancedZippelSeparated
fire7_nb0_rank0223,Automatic,1,ok,6744.484,420,2,1,0,0,2305843009213693967:417;2305843009213693973:3,Symbolica_default,cached_powers_Q,176,108,1.951,BalancedZippelSeparated
fire7_nb0_rank0224,Automatic,1,ok,12103.911,626,2,1,0,0,2305843009213693967:623;2305843009213693973:3,Symbolica_default,cached_powers_Q,209,100,2.046,BalancedZippelSeparated
fire7_nb0_rank0225,Automatic,1,ok,9232.457,505,2,1,0,0,2305843009213693967:502;2305843009213693973:3,Symbolica_default,cached_powers_Q,209,96,1.476,BalancedZippelSeparated
fire7_nb0_rank0226,Automatic,1,ok,4867.825,462,2,1,0,0,2305843009213693967:459;2305843009213693973:3,Symbolica_default,cached_powers_Q,216,70,1.427,BalancedZippelSeparated
fire7_nb0_rank0227,Automatic,1,ok,4552.523,512,2,1,0,0,2305843009213693967:509;2305843009213693973:3,Symbolica_default,cached_powers_Q,259,40,1.468,BalancedZippelSeparated
fire7_nb0_rank0228,Automatic,1,ok,7537.528,492,2,1,0,0,2305843009213693967:489;2305843009213693973:3,Symbolica_default,cached_powers_Q,176,120,1.914,BalancedZippelSeparated
fire7_nb0_rank0229,Automatic,1,ok,3928.350,394,2,1,0,0,2305843009213693967:391;2305843009213693973:3,Symbolica_default,cached_powers_Q,205,66,1.976,BalancedZippelSeparated
fire7_nb0_rank0230,Automatic,1,ok,4674.654,525,2,1,0,0,2305843009213693967:522;2305843009213693973:3,Symbolica_default,cached_powers_Q,225,75,1.237,BalancedZippelSeparated
fire7_nb0_rank0231,Automatic,1,ok,4937.645,364,2,1,0,0,2305843009213693967:361;2305843009213693973:3,Symbolica_default,cached_powers_Q,189,78,1.161,BalancedZippelSeparated
fire7_nb0_rank0232,Automatic,1,ok,5424.607,480,2,1,0,0,2305843009213693967:477;2305843009213693973:3,Symbolica_default,cached_powers_Q,176,110,1.306,BalancedZippelSeparated
fire7_nb0_rank0233,Automatic,1,ok,6342.162,306,2,1,0,0,2305843009213693967:303;2305843009213693973:3,Symbolica_default,cached_powers_Q,148,126,1.774,BalancedZippelSeparated
fire7_nb0_rank0234,Automatic,1,ok,5091.116,345,2,1,0,0,2305843009213693967:342;2305843009213693973:3,Symbolica_default,cached_powers_Q,179,91,1.875,BalancedZippelSeparated
fire7_nb0_rank0235,Automatic,1,ok,3629.298,378,2,1,0,0,2305843009213693967:375;2305843009213693973:3,Symbolica_default,cached_powers_Q,188,84,1.218,BalancedZippelSeparated
fire7_nb0_rank0236,Automatic,1,ok,5108.756,367,2,1,0,0,2305843009213693967:364;2305843009213693973:3,Symbolica_default,cached_powers_Q,200,77,0.994,BalancedZippelSeparated
fire7_nb0_rank0237,Automatic,1,ok,4973.815,375,2,1,0,0,2305843009213693967:372;2305843009213693973:3,Symbolica_default,cached_powers_Q,153,126,1.202,BalancedZippelSeparated
fire7_nb0_rank0238,Automatic,1,ok,4795.674,400,2,1,0,0,2305843009213693967:397;2305843009213693973:3,Symbolica_default,cached_powers_Q,196,78,1.262,BalancedZippelSeparated
fire7_nb0_rank0239,Automatic,1,ok,4230.641,379,2,1,0,0,2305843009213693967:376;2305843009213693973:3,Symbolica_default,cached_powers_Q,207,72,1.258,BalancedZippelSeparated
fire7_nb0_rank0240,Automatic,1,ok,5406.737,417,2,1,0,0,2305843009213693967:414;2305843009213693973:3,Symbolica_default,cached_powers_Q,192,85,1.227,BalancedZippelSeparated
fire7_nb0_rank0241,Automatic,1,ok,4897.285,330,2,1,0,0,2305843009213693967:327;2305843009213693973:3,Symbolica_default,cached_powers_Q,180,90,1.016,BalancedZippelSeparated
fire7_nb0_rank0242,Automatic,1,ok,5489.928,442,2,1,0,0,2305843009213693967:439;2305843009213693973:3,Symbolica_default,cached_powers_Q,223,55,1.201,BalancedZippelSeparated
fire7_nb0_rank0243,Automatic,1,ok,2822.725,350,2,1,0,0,2305843009213693967:347;2305843009213693973:3,Symbolica_default,cached_powers_Q,140,140,1.338,BalancedZippelSeparated
fire7_nb0_rank0244,Automatic,1,ok,5218.787,350,2,1,0,0,2305843009213693967:347;2305843009213693973:3,Symbolica_default,cached_powers_Q,140,140,1.409,BalancedZippelSeparated
fire7_nb0_rank0245,Automatic,1,ok,4755.624,441,2,1,0,0,2305843009213693967:438;2305843009213693973:3,Symbolica_default,cached_powers_Q,223,55,1.517,BalancedZippelSeparated
fire7_nb0_rank0246,Automatic,1,ok,4707.754,331,2,1,0,0,2305843009213693967:328;2305843009213693973:3,Symbolica_default,cached_powers_Q,207,56,1.129,BalancedZippelSeparated
fire7_nb0_rank0247,Automatic,1,ok,4706.364,433,2,1,0,0,2305843009213693967:430;2305843009213693973:3,Symbolica_default,cached_powers_Q,218,55,1.175,BalancedZippelSeparated
fire7_nb0_rank0248,Automatic,1,ok,4750.795,387,2,1,0,0,2305843009213693967:384;2305843009213693973:3,Symbolica_default,cached_powers_Q,200,56,1.326,BalancedZippelSeparated
fire7_nb0_rank0249,Automatic,1,ok,5418.667,436,2,1,0,0,2305843009213693967:433;2305843009213693973:3,Symbolica_default,cached_powers_Q,205,60,1.212,BalancedZippelSeparated
fire7_nb0_rank0250,Automatic,1,ok,5230.607,346,2,1,0,0,2305843009213693967:343;2305843009213693973:3,Symbolica_default,cached_powers_Q,185,78,1.219,BalancedZippelSeparated
fire7_nb0_rank0251,Automatic,1,ok,3724.439,348,2,1,0,0,2305843009213693967:345;2305843009213693973:3,Symbolica_default,cached_powers_Q,203,56,1.398,BalancedZippelSeparated
fire7_nb0_rank0252,Automatic,1,ok,5308.917,398,2,1,0,0,2305843009213693967:395;2305843009213693973:3,Symbolica_default,cached_powers_Q,170,102,1.228,BalancedZippelSeparated
fire7_nb0_rank0253,Automatic,1,ok,5814.509,468,2,1,0,0,2305843009213693967:465;2305843009213693973:3,Symbolica_default,cached_powers_Q,189,95,1.148,BalancedZippelSeparated
fire7_nb0_rank0254,Automatic,1,ok,3917.229,392,2,1,0,0,2305843009213693967:389;2305843009213693973:3,Symbolica_default,cached_powers_Q,208,70,1.192,BalancedZippelSeparated
fire7_nb0_rank0255,Automatic,1,ok,5173.046,389,2,1,0,0,2305843009213693967:386;2305843009213693973:3,Symbolica_default,cached_powers_Q,192,85,1.498,BalancedZippelSeparated
fire7_nb0_rank0256,Automatic,1,ok,4949.505,354,2,1,0,0,2305843009213693967:351;2305843009213693973:3,Symbolica_default,cached_powers_Q,144,108,1.144,BalancedZippelSeparated
fire7_nb0_rank0257,Automatic,1,ok,3402.867,442,2,1,0,0,2305843009213693967:439;2305843009213693973:3,Symbolica_default,cached_powers_Q,144,125,1.359,BalancedZippelSeparated
fire7_nb0_rank0258,Automatic,1,ok,4392.782,288,2,1,0,0,2305843009213693967:285;2305843009213693973:3,Symbolica_default,cached_powers_Q,133,126,1.310,BalancedZippelSeparated
fire7_nb0_rank0259,Automatic,1,ok,3787.709,264,2,1,0,0,2305843009213693967:261;2305843009213693973:3,Symbolica_default,cached_powers_Q,133,126,1.597,BalancedZippelSeparated
fire7_nb0_rank0260,Automatic,1,ok,5796.109,306,2,1,0,0,2305843009213693967:303;2305843009213693973:3,Symbolica_default,cached_powers_Q,160,84,1.534,BalancedZippelSeparated
fire7_nb0_rank0261,Automatic,1,ok,3293.217,324,2,1,0,0,2305843009213693967:321;2305843009213693973:3,Symbolica_default,cached_powers_Q,180,78,1.329,BalancedZippelSeparated
fire7_nb0_rank0262,Automatic,1,ok,4692.704,306,2,1,0,0,2305843009213693967:303;2305843009213693973:3,Symbolica_default,cached_powers_Q,171,84,1.165,BalancedZippelSeparated
fire7_nb0_rank0263,Automatic,1,ok,5165.716,425,2,1,0,0,2305843009213693967:422;2305843009213693973:3,Symbolica_default,cached_powers_Q,224,45,1.274,BalancedZippelSeparated
fire7_nb0_rank0264,Automatic,1,ok,9401.457,467,2,1,0,0,2305843009213693967:464;2305843009213693973:3,Symbolica_default,cached_powers_Q,154,120,1.914,BalancedZippelSeparated
fire7_nb0_rank0265,Automatic,1,ok,5968.160,365,2,1,0,0,2305843009213693967:362;2305843009213693973:3,Symbolica_default,cached_powers_Q,169,90,1.699,BalancedZippelSeparated
fire7_nb0_rank0266,Automatic,1,ok,5416.537,442,2,1,0,0,2305843009213693967:439;2305843009213693973:3,Symbolica_default,cached_powers_Q,143,125,1.310,BalancedZippelSeparated
fire7_nb0_rank0267,Automatic,1,ok,2858.585,300,2,1,0,0,2305843009213693967:297;2305843009213693973:3,Symbolica_default,cached_powers_Q,142,108,1.390,BalancedZippelSeparated
fire7_nb0_rank0268,Automatic,1,ok,3370.497,300,2,1,0,0,2305843009213693967:297;2305843009213693973:3,Symbolica_default,cached_powers_Q,171,72,1.100,BalancedZippelSeparated
fire7_nb0_rank0269,Automatic,1,ok,6516.163,365,2,1,0,0,2305843009213693967:362;2305843009213693973:3,Symbolica_default,cached_powers_Q,99,162,1.712,BalancedZippelSeparated
fire7_nb0_rank0270,Automatic,1,ok,6779.705,365,2,1,0,0,2305843009213693967:362;2305843009213693973:3,Symbolica_default,cached_powers_Q,99,162,1.411,BalancedZippelSeparated
fire7_nb0_rank0271,Automatic,1,ok,4744.684,327,2,1,0,0,2305843009213693967:324;2305843009213693973:3,Symbolica_default,cached_powers_Q,179,63,1.007,BalancedZippelSeparated
fire7_nb0_rank0272,Automatic,1,ok,2880.025,380,2,1,0,0,2305843009213693967:377;2305843009213693973:3,Symbolica_default,cached_powers_Q,184,70,1.386,BalancedZippelSeparated
fire7_nb0_rank0273,Automatic,1,ok,5383.258,382,2,1,0,0,2305843009213693967:379;2305843009213693973:3,Symbolica_default,cached_powers_Q,207,35,1.315,BalancedZippelSeparated
fire7_nb0_rank0274,Automatic,1,ok,10072.740,424,2,1,0,0,2305843009213693967:421;2305843009213693973:3,Symbolica_default,cached_powers_Q,227,35,2.051,BalancedZippelSeparated
fire7_nb0_rank0275,Automatic,1,ok,11136.756,520,2,1,0,0,2305843009213693967:517;2305843009213693973:3,Symbolica_default,cached_powers_Q,216,55,1.896,BalancedZippelSeparated
fire7_nb0_rank0276,Automatic,1,ok,4473.103,300,2,1,0,0,2305843009213693967:297;2305843009213693973:3,Symbolica_default,cached_powers_Q,179,63,0.907,BalancedZippelSeparated
fire7_nb0_rank0277,Automatic,1,ok,5038.755,360,2,1,0,0,2305843009213693967:357;2305843009213693973:3,Symbolica_default,cached_powers_Q,178,63,1.216,BalancedZippelSeparated
fire7_nb0_rank0278,Automatic,1,ok,5383.457,493,2,1,0,0,2305843009213693967:490;2305843009213693973:3,Symbolica_default,cached_powers_Q,198,65,1.305,BalancedZippelSeparated
fire7_nb0_rank0279,Automatic,1,ok,6874.285,386,2,1,0,0,2305843009213693967:383;2305843009213693973:3,Symbolica_default,cached_powers_Q,209,45,2.142,BalancedZippelSeparated
fire7_nb0_rank0280,Automatic,1,ok,4518.952,312,2,1,0,0,2305843009213693967:309;2305843009213693973:3,Symbolica_default,cached_powers_Q,192,56,1.254,BalancedZippelSeparated
fire7_nb0_rank0281,Automatic,1,ok,4405.913,322,2,1,0,0,2305843009213693967:319;2305843009213693973:3,Symbolica_default,cached_powers_Q,162,84,1.225,BalancedZippelSeparated
fire7_nb0_rank0282,Automatic,1,ok,5198.686,367,2,1,0,0,2305843009213693967:364;2305843009213693973:3,Symbolica_default,cached_powers_Q,96,162,0.960,BalancedZippelSeparated
fire7_nb0_rank0283,Automatic,1,ok,6261.012,422,2,1,0,0,2305843009213693967:419;2305843009213693973:3,Symbolica_default,cached_powers_Q,174,95,1.161,BalancedZippelSeparated
fire7_nb0_rank0284,Automatic,1,ok,5584.718,301,2,1,0,0,2305843009213693967:298;2305843009213693973:3,Symbolica_default,cached_powers_Q,139,108,1.816,BalancedZippelSeparated
fire7_nb0_rank0285,Automatic,1,ok,4950.445,357,2,1,0,0,2305843009213693967:354;2305843009213693973:3,Symbolica_default,cached_powers_Q,166,85,1.419,BalancedZippelSeparated
fire7_nb0_rank0286,Automatic,1,ok,5012.595,406,2,1,0,0,2305843009213693967:403;2305843009213693973:3,Symbolica_default,cached_powers_Q,175,90,1.301,BalancedZippelSeparated
fire7_nb0_rank0287,Automatic,1,ok,3010.515,278,2,1,0,0,2305843009213693967:275;2305843009213693973:3,Symbolica_default,cached_powers_Q,171,64,1.101,BalancedZippelSeparated
fire7_nb0_rank0288,Automatic,1,ok,4921.634,516,2,1,0,0,2305843009213693967:513;2305843009213693973:3,Symbolica_default,cached_powers_Q,198,60,1.829,BalancedZippelSeparated
fire7_nb0_rank0289,Automatic,1,ok,6275.062,395,2,1,0,0,2305843009213693967:392;2305843009213693973:3,Symbolica_default,cached_powers_Q,196,48,1.848,BalancedZippelSeparated
fire7_nb0_rank0290,Automatic,1,ok,5819.229,494,2,1,0,0,2305843009213693967:491;2305843009213693973:3,Symbolica_default,cached_powers_Q,198,65,0.996,BalancedZippelSeparated
fire7_nb0_rank0291,Automatic,1,ok,3532.468,406,2,1,0,0,2305843009213693967:403;2305843009213693973:3,Symbolica_default,cached_powers_Q,175,90,0.994,BalancedZippelSeparated
fire7_nb0_rank0292,Automatic,1,ok,3389.027,338,2,1,0,0,2305843009213693967:335;2305843009213693973:3,Symbolica_default,cached_powers_Q,162,72,1.147,BalancedZippelSeparated
fire7_nb0_rank0293,Automatic,1,ok,3574.748,313,2,1,0,0,2305843009213693967:310;2305843009213693973:3,Symbolica_default,cached_powers_Q,198,40,1.449,BalancedZippelSeparated
fire7_nb0_rank0294,Automatic,1,ok,5950.950,336,2,1,0,0,2305843009213693967:333;2305843009213693973:3,Symbolica_default,cached_powers_Q,173,66,1.477,BalancedZippelSeparated
fire7_nb0_rank0295,Automatic,1,ok,5210.536,335,2,1,0,0,2305843009213693967:332;2305843009213693973:3,Symbolica_default,cached_powers_Q,171,72,1.674,BalancedZippelSeparated
fire7_nb0_rank0296,Automatic,1,ok,4699.974,342,2,1,0,0,2305843009213693967:339;2305843009213693973:3,Symbolica_default,cached_powers_Q,144,102,1.106,BalancedZippelSeparated
fire7_nb0_rank0297,Automatic,1,ok,4774.954,298,2,1,0,0,2305843009213693967:295;2305843009213693973:3,Symbolica_default,cached_powers_Q,179,54,1.267,BalancedZippelSeparated
fire7_nb0_rank0298,Automatic,1,ok,3061.876,350,2,1,0,0,2305843009213693967:347;2305843009213693973:3,Symbolica_default,cached_powers_Q,184,54,1.150,BalancedZippelSeparated
fire7_nb0_rank0299,Automatic,1,ok,4350.672,515,2,1,0,0,2305843009213693967:512;2305843009213693973:3,Symbolica_default,cached_powers_Q,198,60,1.358,BalancedZippelSeparated
fire7_nb0_rank0300,Automatic,1,ok,4577.803,345,2,1,0,0,2305843009213693967:342;2305843009213693973:3,Symbolica_default,cached_powers_Q,184,54,1.109,BalancedZippelSeparated
fire7_nb0_rank0301,Automatic,1,ok,5300.657,390,2,1,0,0,2305843009213693967:387;2305843009213693973:3,Symbolica_default,cached_powers_Q,148,95,1.045,BalancedZippelSeparated
fire7_nb0_rank0302,Automatic,1,ok,3509.568,390,2,1,0,0,2305843009213693967:387;2305843009213693973:3,Symbolica_default,cached_powers_Q,148,95,1.271,BalancedZippelSeparated
fire7_nb0_rank0303,Automatic,1,ok,4731.994,362,2,1,0,0,2305843009213693967:359;2305843009213693973:3,Symbolica_default,cached_powers_Q,168,85,1.296,BalancedZippelSeparated
fire7_nb0_rank0304,Automatic,1,ok,4628.403,307,2,1,0,0,2305843009213693967:304;2305843009213693973:3,Symbolica_default,cached_powers_Q,184,56,1.108,BalancedZippelSeparated
fire7_nb0_rank0305,Automatic,1,ok,4517.543,273,2,1,0,0,2305843009213693967:270;2305843009213693973:3,Symbolica_default,cached_powers_Q,162,64,1.074,BalancedZippelSeparated
fire7_nb0_rank0306,Automatic,1,ok,3479.968,357,2,1,0,0,2305843009213693967:354;2305843009213693973:3,Symbolica_default,cached_powers_Q,165,72,1.079,BalancedZippelSeparated
fire7_nb0_rank0307,Automatic,1,ok,2957.864,334,2,1,0,0,2305843009213693967:331;2305843009213693973:3,Symbolica_default,cached_powers_Q,167,65,1.274,BalancedZippelSeparated
fire7_nb0_rank0308,Automatic,1,ok,4700.034,312,2,1,0,0,2305843009213693967:309;2305843009213693973:3,Symbolica_default,cached_powers_Q,90,154,0.933,BalancedZippelSeparated
fire7_nb0_rank0309,Automatic,1,ok,3778.859,367,2,1,0,0,2305843009213693967:364;2305843009213693973:3,Symbolica_default,cached_powers_Q,152,90,1.280,BalancedZippelSeparated
fire7_nb0_rank0310,Automatic,1,ok,3147.496,395,2,1,0,0,2305843009213693967:392;2305843009213693973:3,Symbolica_default,cached_powers_Q,181,48,1.264,BalancedZippelSeparated
fire7_nb0_rank0311,Automatic,1,ok,2846.454,323,2,1,0,0,2305843009213693967:320;2305843009213693973:3,Symbolica_default,cached_powers_Q,120,108,1.069,BalancedZippelSeparated
fire7_nb0_rank0312,Automatic,1,ok,2738.084,323,2,1,0,0,2305843009213693967:320;2305843009213693973:3,Symbolica_default,cached_powers_Q,120,108,1.265,BalancedZippelSeparated
fire7_nb0_rank0313,Automatic,1,ok,3912.599,396,2,1,0,0,2305843009213693967:393;2305843009213693973:3,Symbolica_default,cached_powers_Q,196,40,1.253,BalancedZippelSeparated
fire7_nb0_rank0314,Automatic,1,ok,4256.342,264,2,1,0,0,2305843009213693967:261;2305843009213693973:3,Symbolica_default,cached_powers_Q,131,108,1.078,BalancedZippelSeparated
fire7_nb0_rank0315,Automatic,1,ok,4794.595,407,2,1,0,0,2305843009213693967:404;2305843009213693973:3,Symbolica_default,cached_powers_Q,153,80,1.213,BalancedZippelSeparated
fire7_nb0_rank0316,Automatic,1,ok,4752.774,368,2,1,0,0,2305843009213693967:365;2305843009213693973:3,Symbolica_default,cached_powers_Q,144,90,1.087,BalancedZippelSeparated
fire7_nb0_rank0317,Automatic,1,ok,5059.325,407,2,1,0,0,2305843009213693967:404;2305843009213693973:3,Symbolica_default,cached_powers_Q,152,80,1.051,BalancedZippelSeparated
fire7_nb0_rank0318,Automatic,1,ok,5572.419,357,2,1,0,0,2305843009213693967:354;2305843009213693973:3,Symbolica_default,cached_powers_Q,175,45,0.865,BalancedZippelSeparated
fire7_nb0_rank0319,Automatic,1,ok,5710.639,350,2,1,0,0,2305843009213693967:347;2305843009213693973:3,Symbolica_default,cached_powers_Q,184,45,1.025,BalancedZippelSeparated
fire7_nb0_rank0320,Automatic,1,ok,3823.789,456,2,1,0,0,2305843009213693967:453;2305843009213693973:3,Symbolica_default,cached_powers_Q,147,96,1.122,BalancedZippelSeparated
fire7_nb0_rank0321,Automatic,1,ok,4743.024,372,2,1,0,0,2305843009213693967:369;2305843009213693973:3,Symbolica_default,cached_powers_Q,150,85,1.206,BalancedZippelSeparated
fire7_nb0_rank0322,Automatic,1,ok,4242.052,372,2,1,0,0,2305843009213693967:369;2305843009213693973:3,Symbolica_default,cached_powers_Q,150,85,1.114,BalancedZippelSeparated
fire7_nb0_rank0323,Automatic,1,ok,5750.459,399,2,1,0,0,2305843009213693967:396;2305843009213693973:3,Symbolica_default,cached_powers_Q,161,72,1.695,BalancedZippelSeparated
fire7_nb0_rank0324,Automatic,1,ok,3055.236,349,2,1,0,0,2305843009213693967:346;2305843009213693973:3,Symbolica_default,cached_powers_Q,195,40,1.184,BalancedZippelSeparated
fire7_nb0_rank0325,Automatic,1,ok,4017.391,533,2,1,0,0,2305843009213693967:530;2305843009213693973:3,Symbolica_default,cached_powers_Q,150,100,1.140,BalancedZippelSeparated
fire7_nb0_rank0326,Automatic,1,ok,4823.264,413,2,1,0,0,2305843009213693967:410;2305843009213693973:3,Symbolica_default,cached_powers_Q,153,80,0.926,BalancedZippelSeparated
fire7_nb0_rank0327,Automatic,1,ok,5363.647,442,2,1,0,0,2305843009213693967:439;2305843009213693973:3,Symbolica_default,cached_powers_Q,147,88,1.065,BalancedZippelSeparated
fire7_nb0_rank0328,Automatic,1,ok,4815.225,286,2,1,0,0,2305843009213693967:283;2305843009213693973:3,Symbolica_default,cached_powers_Q,159,49,1.779,BalancedZippelSeparated
fire7_nb0_rank0329,Automatic,1,ok,5511.468,362,2,1,0,0,2305843009213693967:359;2305843009213693973:3,Symbolica_default,cached_powers_Q,144,85,1.639,BalancedZippelSeparated
fire7_nb0_rank0330,Automatic,1,ok,4340.472,313,2,1,0,0,2305843009213693967:310;2305843009213693973:3,Symbolica_default,cached_powers_Q,152,72,0.999,BalancedZippelSeparated
fire7_nb0_rank0331,Automatic,1,ok,2553.093,266,2,1,0,0,2305843009213693967:263;2305843009213693973:3,Symbolica_default,cached_powers_Q,171,40,1.419,BalancedZippelSeparated
fire7_nb0_rank0332,Automatic,1,ok,3031.646,320,2,1,0,0,2305843009213693967:317;2305843009213693973:3,Symbolica_default,cached_powers_Q,135,90,1.174,BalancedZippelSeparated
fire7_nb0_rank0333,Automatic,1,ok,2731.463,378,2,1,0,0,2305843009213693967:375;2305843009213693973:3,Symbolica_default,cached_powers_Q,122,120,1.565,BalancedZippelSeparated
fire7_nb0_rank0334,Automatic,1,ok,5348.817,317,2,1,0,0,2305843009213693967:314;2305843009213693973:3,Symbolica_default,cached_powers_Q,156,65,1.339,BalancedZippelSeparated
fire7_nb0_rank0335,Automatic,1,ok,4432.062,323,2,1,0,0,2305843009213693967:320;2305843009213693973:3,Symbolica_default,cached_powers_Q,120,90,1.565,BalancedZippelSeparated
fire7_nb0_rank0336,Automatic,1,ok,4565.233,344,2,1,0,0,2305843009213693967:341;2305843009213693973:3,Symbolica_default,cached_powers_Q,174,60,0.880,BalancedZippelSeparated
fire7_nb0_rank0337,Automatic,1,ok,5113.796,518,2,1,0,0,2305843009213693967:515;2305843009213693973:3,Symbolica_default,cached_powers_Q,144,100,1.219,BalancedZippelSeparated
fire7_nb0_rank0338,Automatic,1,ok,2150.141,280,2,1,0,0,2305843009213693967:277;2305843009213693973:3,Symbolica_default,cached_powers_Q,135,78,1.157,BalancedZippelSeparated
fire7_nb0_rank0339,Automatic,1,ok,5153.166,272,2,1,0,0,2305843009213693967:269;2305843009213693973:3,Symbolica_default,cached_powers_Q,160,56,1.227,BalancedZippelSeparated
fire7_nb0_rank0340,Automatic,1,ok,5579.728,362,2,1,0,0,2305843009213693967:359;2305843009213693973:3,Symbolica_default,cached_powers_Q,175,55,1.136,BalancedZippelSeparated
fire7_nb0_rank0341,Automatic,1,ok,3190.856,323,2,1,0,0,2305843009213693967:320;2305843009213693973:3,Symbolica_default,cached_powers_Q,166,42,0.958,BalancedZippelSeparated
fire7_nb0_rank0342,Automatic,1,ok,4481.823,401,2,1,0,0,2305843009213693967:398;2305843009213693973:3,Symbolica_default,cached_powers_Q,186,40,1.161,BalancedZippelSeparated
fire7_nb0_rank0343,Automatic,1,ok,4532.253,355,2,1,0,0,2305843009213693967:352;2305843009213693973:3,Symbolica_default,cached_powers_Q,181,30,1.170,BalancedZippelSeparated
fire7_nb0_rank0344,Automatic,1,ok,3336.007,266,2,1,0,0,2305843009213693967:263;2305843009213693973:3,Symbolica_default,cached_powers_Q,80,140,1.495,BalancedZippelSeparated
fire7_nb0_rank0345,Automatic,1,ok,5733.529,379,2,1,0,0,2305843009213693967:376;2305843009213693973:3,Symbolica_default,cached_powers_Q,147,72,1.184,BalancedZippelSeparated
fire7_nb0_rank0346,Automatic,1,ok,3726.808,256,2,1,0,0,2305843009213693967:253;2305843009213693973:3,Symbolica_default,cached_powers_Q,162,40,1.751,BalancedZippelSeparated
fire7_nb0_rank0347,Automatic,1,ok,5062.236,431,2,1,0,0,2305843009213693967:428;2305843009213693973:3,Symbolica_default,cached_powers_Q,186,40,0.900,BalancedZippelSeparated
fire7_nb0_rank0348,Automatic,1,ok,2615.974,279,2,1,0,0,2305843009213693967:276;2305843009213693973:3,Symbolica_default,cached_powers_Q,152,56,0.980,BalancedZippelSeparated
fire7_nb0_rank0349,Automatic,1,ok,3825.780,276,2,1,0,0,2305843009213693967:273;2305843009213693973:3,Symbolica_default,cached_powers_Q,152,54,1.171,BalancedZippelSeparated
fire7_nb0_rank0350,Automatic,1,ok,4595.534,267,2,1,0,0,2305843009213693967:264;2305843009213693973:3,Symbolica_default,cached_powers_Q,152,56,1.418,BalancedZippelSeparated
fire7_nb0_rank0351,Automatic,1,ok,3226.127,409,2,1,0,0,2305843009213693967:406;2305843009213693973:3,Symbolica_default,cached_powers_Q,154,75,1.246,BalancedZippelSeparated
fire7_nb0_rank0352,Automatic,1,ok,4520.943,381,2,1,0,0,2305843009213693967:378;2305843009213693973:3,Symbolica_default,cached_powers_Q,157,68,1.199,BalancedZippelSeparated
fire7_nb0_rank0353,Automatic,1,ok,2979.435,332,2,1,0,0,2305843009213693967:329;2305843009213693973:3,Symbolica_default,cached_powers_Q,120,90,1.058,BalancedZippelSeparated
fire7_nb0_rank0354,Automatic,1,ok,3942.540,274,2,1,0,0,2305843009213693967:271;2305843009213693973:3,Symbolica_default,cached_powers_Q,171,35,1.274,BalancedZippelSeparated
fire7_nb0_rank0355,Automatic,1,ok,5092.166,409,2,1,0,0,2305843009213693967:406;2305843009213693973:3,Symbolica_default,cached_powers_Q,119,100,0.826,BalancedZippelSeparated
fire7_nb0_rank0356,Automatic,1,ok,5851.500,374,2,1,0,0,2305843009213693967:371;2305843009213693973:3,Symbolica_default,cached_powers_Q,150,68,1.642,BalancedZippelSeparated
fire7_nb0_rank0357,Automatic,1,ok,3917.020,262,2,1,0,0,2305843009213693967:259;2305843009213693973:3,Symbolica_default,cached_powers_Q,126,84,1.426,BalancedZippelSeparated
fire7_nb0_rank0358,Automatic,1,ok,4168.951,339,2,1,0,0,2305843009213693967:336;2305843009213693973:3,Symbolica_default,cached_powers_Q,174,24,1.259,BalancedZippelSeparated
fire7_nb0_rank0359,Automatic,1,ok,5153.936,325,2,1,0,0,2305843009213693967:322;2305843009213693973:3,Symbolica_default,cached_powers_Q,144,60,1.116,BalancedZippelSeparated
fire7_nb0_rank0360,Automatic,1,ok,2842.314,324,2,1,0,0,2305843009213693967:321;2305843009213693973:3,Symbolica_default,cached_powers_Q,158,45,1.118,BalancedZippelSeparated
fire7_nb0_rank0361,Automatic,1,ok,5100.676,304,2,1,0,0,2305843009213693967:301;2305843009213693973:3,Symbolica_default,cached_powers_Q,135,70,1.023,BalancedZippelSeparated
fire7_nb0_rank0362,Automatic,1,ok,3799.870,278,2,1,0,0,2305843009213693967:275;2305843009213693973:3,Symbolica_default,cached_powers_Q,144,60,1.436,BalancedZippelSeparated
fire7_nb0_rank0363,Automatic,1,ok,2937.715,364,2,1,0,0,2305843009213693967:361;2305843009213693973:3,Symbolica_default,cached_powers_Q,144,68,1.055,BalancedZippelSeparated
fire7_nb0_rank0364,Automatic,1,ok,5470.498,319,2,1,0,0,2305843009213693967:316;2305843009213693973:3,Symbolica_default,cached_powers_Q,154,52,0.816,BalancedZippelSeparated
fire7_nb0_rank0365,Automatic,1,ok,3024.915,347,2,1,0,0,2305843009213693967:344;2305843009213693973:3,Symbolica_default,cached_powers_Q,187,25,1.199,BalancedZippelSeparated
fire7_nb0_rank0366,Automatic,1,ok,4051.040,255,2,1,0,0,2305843009213693967:252;2305843009213693973:3,Symbolica_default,cached_powers_Q,72,140,1.023,BalancedZippelSeparated
fire7_nb0_rank0367,Automatic,1,ok,5077.385,304,2,1,0,0,2305843009213693967:301;2305843009213693973:3,Symbolica_default,cached_powers_Q,144,60,1.463,BalancedZippelSeparated
fire7_nb0_rank0368,Automatic,1,ok,6097.791,407,2,1,0,0,2305843009213693967:404;2305843009213693973:3,Symbolica_default,cached_powers_Q,186,28,1.847,BalancedZippelSeparated
fire7_nb0_rank0369,Automatic,1,ok,4243.031,304,2,1,0,0,2305843009213693967:301;2305843009213693973:3,Symbolica_default,cached_powers_Q,139,65,1.009,BalancedZippelSeparated
fire7_nb0_rank0370,Automatic,1,ok,3916.290,304,2,1,0,0,2305843009213693967:301;2305843009213693973:3,Symbolica_default,cached_powers_Q,164,40,1.145,BalancedZippelSeparated
fire7_nb0_rank0371,Automatic,1,ok,2327.132,308,2,1,0,0,2305843009213693967:305;2305843009213693973:3,Symbolica_default,cached_powers_Q,148,55,0.855,BalancedZippelSeparated
fire7_nb0_rank0372,Automatic,1,ok,2048.591,335,2,1,0,0,2305843009213693967:332;2305843009213693973:3,Symbolica_default,cached_powers_Q,119,90,1.163,BalancedZippelSeparated
fire7_nb0_rank0373,Automatic,1,ok,2229.341,268,2,1,0,0,2305843009213693967:265;2305843009213693973:3,Symbolica_default,cached_powers_Q,152,48,1.433,BalancedZippelSeparated
fire7_nb0_rank0374,Automatic,1,ok,6016.140,398,2,1,0,0,2305843009213693967:395;2305843009213693973:3,Symbolica_default,cached_powers_Q,179,36,1.830,BalancedZippelSeparated
fire7_nb0_rank0375,Automatic,1,ok,4366.612,302,2,1,0,0,2305843009213693967:299;2305843009213693973:3,Symbolica_default,cached_powers_Q,147,60,0.859,BalancedZippelSeparated
fire7_nb0_rank0376,Automatic,1,ok,4100.561,323,2,1,0,0,2305843009213693967:320;2305843009213693973:3,Symbolica_default,cached_powers_Q,151,45,0.946,BalancedZippelSeparated
fire7_nb0_rank0377,Automatic,1,ok,4646.914,399,2,1,0,0,2305843009213693967:396;2305843009213693973:3,Symbolica_default,cached_powers_Q,180,28,1.305,BalancedZippelSeparated
fire7_nb0_rank0378,Automatic,1,ok,5328.836,292,2,1,0,0,2305843009213693967:289;2305843009213693973:3,Symbolica_default,cached_powers_Q,147,60,1.281,BalancedZippelSeparated
fire7_nb0_rank0379,Automatic,1,ok,5117.686,266,2,1,0,0,2305843009213693967:263;2305843009213693973:3,Symbolica_default,cached_powers_Q,152,48,1.143,BalancedZippelSeparated
fire7_nb0_rank0380,Automatic,1,ok,4243.462,263,2,1,0,0,2305843009213693967:260;2305843009213693973:3,Symbolica_default,cached_powers_Q,144,60,0.949,BalancedZippelSeparated
fire7_nb0_rank0381,Automatic,1,ok,4457.553,330,2,1,0,0,2305843009213693967:327;2305843009213693973:3,Symbolica_default,cached_powers_Q,125,85,0.937,BalancedZippelSeparated
fire7_nb0_rank0382,Automatic,1,ok,2460.682,207,2,1,0,0,2305843009213693967:204;2305843009213693973:3,Symbolica_default,cached_powers_Q,97,98,1.061,BalancedZippelSeparated
fire7_nb0_rank0383,Automatic,1,ok,4524.463,253,2,1,0,0,2305843009213693967:250;2305843009213693973:3,Symbolica_default,cached_powers_Q,140,54,1.028,BalancedZippelSeparated
fire7_nb0_rank0384,Automatic,1,ok,6359.163,413,2,1,0,0,2305843009213693967:410;2305843009213693973:3,Symbolica_default,cached_powers_Q,179,36,1.563,BalancedZippelSeparated
fire7_nb0_rank0385,Automatic,1,ok,5157.176,331,2,1,0,0,2305843009213693967:328;2305843009213693973:3,Symbolica_default,cached_powers_Q,87,125,1.316,BalancedZippelSeparated
fire7_nb0_rank0386,Automatic,1,ok,2503.203,266,2,1,0,0,2305843009213693967:263;2305843009213693973:3,Symbolica_default,cached_powers_Q,148,42,0.924,BalancedZippelSeparated
fire7_nb0_rank0387,Automatic,1,ok,2941.925,331,2,1,0,0,2305843009213693967:328;2305843009213693973:3,Symbolica_default,cached_powers_Q,87,125,1.096,BalancedZippelSeparated
fire7_nb0_rank0388,Automatic,1,ok,4175.770,279,2,1,0,0,2305843009213693967:276;2305843009213693973:3,Symbolica_default,cached_powers_Q,101,100,0.948,BalancedZippelSeparated
fire7_nb0_rank0389,Automatic,1,ok,4999.976,265,2,1,0,0,2305843009213693967:262;2305843009213693973:3,Symbolica_default,cached_powers_Q,101,100,1.489,BalancedZippelSeparated
fire7_nb0_rank0390,Automatic,1,ok,5767.650,318,2,1,0,0,2305843009213693967:315;2305843009213693973:3,Symbolica_default,cached_powers_Q,112,100,1.072,BalancedZippelSeparated
fire7_nb0_rank0391,Automatic,1,ok,5561.188,476,2,1,0,0,2305843009213693967:473;2305843009213693973:3,Symbolica_default,cached_powers_Q,164,66,1.135,BalancedZippelSeparated
fire7_nb0_rank0392,Automatic,1,ok,2880.774,286,2,1,0,0,2305843009213693967:283;2305843009213693973:3,Symbolica_default,cached_powers_Q,144,45,0.933,BalancedZippelSeparated
fire7_nb0_rank0393,Automatic,1,ok,4323.901,360,2,1,0,0,2305843009213693967:357;2305843009213693973:3,Symbolica_default,cached_powers_Q,161,32,0.957,BalancedZippelSeparated
fire7_nb0_rank0394,Automatic,1,ok,5111.706,257,2,1,0,0,2305843009213693967:254;2305843009213693973:3,Symbolica_default,cached_powers_Q,160,35,1.594,BalancedZippelSeparated
fire7_nb0_rank0395,Automatic,1,ok,5809.939,382,2,1,0,0,2305843009213693967:379;2305843009213693973:3,Symbolica_default,cached_powers_Q,169,35,1.174,BalancedZippelSeparated
fire7_nb0_rank0396,Automatic,1,ok,2718.343,278,2,1,0,0,2305843009213693967:275;2305843009213693973:3,Symbolica_default,cached_powers_Q,135,60,0.988,BalancedZippelSeparated
fire7_nb0_rank0397,Automatic,1,ok,4991.285,390,2,1,0,0,2305843009213693967:387;2305843009213693973:3,Symbolica_default,cached_powers_Q,175,28,0.995,BalancedZippelSeparated
fire7_nb0_rank0398,Automatic,1,ok,2813.924,329,2,1,0,0,2305843009213693967:326;2305843009213693973:3,Symbolica_default,cached_powers_Q,173,30,0.937,BalancedZippelSeparated
fire7_nb0_rank0399,Automatic,1,ok,4686.044,325,2,1,0,0,2305843009213693967:322;2305843009213693973:3,Symbolica_default,cached_powers_Q,152,48,0.962,BalancedZippelSeparated
fire7_nb0_rank0400,Automatic,1,ok,5013.236,236,2,1,0,0,2305843009213693967:233;2305843009213693973:3,Symbolica_default,cached_powers_Q,136,56,1.120,BalancedZippelSeparated
fire7_nb0_rank0401,Automatic,1,ok,5110.026,232,2,1,0,0,2305843009213693967:229;2305843009213693973:3,Symbolica_default,cached_powers_Q,126,63,1.275,BalancedZippelSeparated
fire7_nb0_rank0402,Automatic,1,ok,4491.663,349,2,1,0,0,2305843009213693967:346;2305843009213693973:3,Symbolica_default,cached_powers_Q,126,72,0.928,BalancedZippelSeparated
fire7_nb0_rank0403,Automatic,1,ok,4325.832,228,2,1,0,0,2305843009213693967:225;2305843009213693973:3,Symbolica_default,cached_powers_Q,134,49,0.891,BalancedZippelSeparated
fire7_nb0_rank0404,Automatic,1,ok,4121.121,284,2,1,0,0,2305843009213693967:281;2305843009213693973:3,Symbolica_default,cached_powers_Q,154,48,0.924,BalancedZippelSeparated
fire7_nb0_rank0405,Automatic,1,ok,2643.324,243,2,1,0,0,2305843009213693967:240;2305843009213693973:3,Symbolica_default,cached_powers_Q,134,49,1.053,BalancedZippelSeparated
fire7_nb0_rank0406,Automatic,1,ok,5510.298,319,2,1,0,0,2305843009213693967:316;2305843009213693973:3,Symbolica_default,cached_powers_Q,160,36,1.277,BalancedZippelSeparated
fire7_nb0_rank0407,Automatic,1,ok,2361.292,226,2,1,0,0,2305843009213693967:223;2305843009213693973:3,Symbolica_default,cached_powers_Q,126,63,0.744,BalancedZippelSeparated
fire7_nb0_rank0408,Automatic,1,ok,3076.426,323,2,1,0,0,2305843009213693967:320;2305843009213693973:3,Symbolica_default,cached_powers_Q,125,75,1.015,BalancedZippelSeparated
fire7_nb0_rank0409,Automatic,1,ok,4039.731,246,2,1,0,0,2305843009213693967:243;2305843009213693973:3,Symbolica_default,cached_powers_Q,152,35,0.978,BalancedZippelSeparated
fire7_nb0_rank0410,Automatic,1,ok,4803.064,442,2,1,0,0,2305843009213693967:439;2305843009213693973:3,Symbolica_default,cached_powers_Q,143,60,0.936,BalancedZippelSeparated
fire7_nb0_rank0411,Automatic,1,ok,4771.373,233,2,1,0,0,2305843009213693967:230;2305843009213693973:3,Symbolica_default,cached_powers_Q,99,84,1.483,BalancedZippelSeparated
fire7_nb0_rank0412,Automatic,1,ok,5231.467,297,2,1,0,0,2305843009213693967:294;2305843009213693973:3,Symbolica_default,cached_powers_Q,154,48,1.652,BalancedZippelSeparated
fire7_nb0_rank0413,Automatic,1,ok,2369.542,282,2,1,0,0,2305843009213693967:279;2305843009213693973:3,Symbolica_default,cached_powers_Q,143,40,0.773,BalancedZippelSeparated
fire7_nb0_rank0414,Automatic,1,ok,2640.553,343,2,1,0,0,2305843009213693967:340;2305843009213693973:3,Symbolica_default,cached_powers_Q,119,76,0.787,BalancedZippelSeparated
fire7_nb0_rank0415,Automatic,1,ok,2975.855,237,2,1,0,0,2305843009213693967:234;2305843009213693973:3,Symbolica_default,cached_powers_Q,144,35,0.955,BalancedZippelSeparated
fire7_nb0_rank0416,Automatic,1,ok,4367.813,240,2,1,0,0,2305843009213693967:237;2305843009213693973:3,Symbolica_default,cached_powers_Q,152,28,1.028,BalancedZippelSeparated
fire7_nb0_rank0417,Automatic,1,ok,4537.333,305,2,1,0,0,2305843009213693967:302;2305843009213693973:3,Symbolica_default,cached_powers_Q,161,28,1.447,BalancedZippelSeparated
fire7_nb0_rank0418,Automatic,1,ok,3950.640,241,2,1,0,0,2305843009213693967:238;2305843009213693973:3,Symbolica_default,cached_powers_Q,128,45,1.111,BalancedZippelSeparated
fire7_nb0_rank0419,Automatic,1,ok,3936.580,192,2,1,0,0,2305843009213693967:189;2305843009213693973:3,Symbolica_default,cached_powers_Q,97,84,0.730,BalancedZippelSeparated
fire7_nb0_rank0420,Automatic,1,ok,4311.582,302,2,1,0,0,2305843009213693967:299;2305843009213693973:3,Symbolica_default,cached_powers_Q,125,68,0.936,BalancedZippelSeparated
fire7_nb0_rank0421,Automatic,1,ok,2297.072,287,2,1,0,0,2305843009213693967:284;2305843009213693973:3,Symbolica_default,cached_powers_Q,146,35,1.291,BalancedZippelSeparated
fire7_nb0_rank0422,Automatic,1,ok,4460.472,208,2,1,0,0,2305843009213693967:205;2305843009213693973:3,Symbolica_default,cached_powers_Q,104,72,0.726,BalancedZippelSeparated
fire7_nb0_rank0423,Automatic,1,ok,5048.736,273,2,1,0,0,2305843009213693967:270;2305843009213693973:3,Symbolica_default,cached_powers_Q,112,70,1.388,BalancedZippelSeparated
fire7_nb0_rank0424,Automatic,1,ok,5070.145,231,2,1,0,0,2305843009213693967:228;2305843009213693973:3,Symbolica_default,cached_powers_Q,144,28,1.561,BalancedZippelSeparated
fire7_nb0_rank0425,Automatic,1,ok,4951.376,425,2,1,0,0,2305843009213693967:422;2305843009213693973:3,Symbolica_default,cached_powers_Q,143,54,0.897,BalancedZippelSeparated
fire7_nb0_rank0426,Automatic,1,ok,3986.821,289,2,1,0,0,2305843009213693967:286;2305843009213693973:3,Symbolica_default,cached_powers_Q,119,72,0.978,BalancedZippelSeparated
fire7_nb0_rank0427,Automatic,1,ok,2395.952,233,2,1,0,0,2305843009213693967:230;2305843009213693973:3,Symbolica_default,cached_powers_Q,99,72,0.703,BalancedZippelSeparated
fire7_nb0_rank0428,Automatic,1,ok,3981.540,260,2,1,0,0,2305843009213693967:257;2305843009213693973:3,Symbolica_default,cached_powers_Q,147,30,1.285,BalancedZippelSeparated
fire7_nb0_rank0429,Automatic,1,ok,5518.998,420,2,1,0,0,2305843009213693967:417;2305843009213693973:3,Symbolica_default,cached_powers_Q,131,60,1.477,BalancedZippelSeparated
fire7_nb0_rank0430,Automatic,1,ok,2425.382,366,2,1,0,0,2305843009213693967:363;2305843009213693973:3,Symbolica_default,cached_powers_Q,114,80,1.137,BalancedZippelSeparated
fire7_nb0_rank0431,Automatic,1,ok,3956.871,260,2,1,0,0,2305843009213693967:257;2305843009213693973:3,Symbolica_default,cached_powers_Q,85,100,0.903,BalancedZippelSeparated
fire7_nb0_rank0432,Automatic,1,ok,4379.422,313,2,1,0,0,2305843009213693967:310;2305843009213693973:3,Symbolica_default,cached_powers_Q,137,35,1.005,BalancedZippelSeparated
fire7_nb0_rank0433,Automatic,1,ok,4557.593,286,2,1,0,0,2305843009213693967:283;2305843009213693973:3,Symbolica_default,cached_powers_Q,140,36,0.741,BalancedZippelSeparated
fire7_nb0_rank0434,Automatic,1,ok,5959.670,407,2,1,0,0,2305843009213693967:404;2305843009213693973:3,Symbolica_default,cached_powers_Q,126,60,1.207,BalancedZippelSeparated
fire7_nb0_rank0435,Automatic,1,ok,2944.175,341,2,1,0,0,2305843009213693967:338;2305843009213693973:3,Symbolica_default,cached_powers_Q,143,44,0.930,BalancedZippelSeparated
fire7_nb0_rank0436,Automatic,1,ok,3855.980,243,2,1,0,0,2305843009213693967:240;2305843009213693973:3,Symbolica_default,cached_powers_Q,112,65,0.873,BalancedZippelSeparated
fire7_nb0_rank0437,Automatic,1,ok,4621.953,314,2,1,0,0,2305843009213693967:311;2305843009213693973:3,Symbolica_default,cached_powers_Q,156,28,0.883,BalancedZippelSeparated
fire7_nb0_rank0438,Automatic,1,ok,1282.427,223,2,1,0,0,2305843009213693967:220;2305843009213693973:3,Symbolica_default,cached_powers_Q,119,48,1.044,BalancedZippelSeparated
fire7_nb0_rank0439,Automatic,1,ok,5398.268,335,2,1,0,0,2305843009213693967:332;2305843009213693973:3,Symbolica_default,cached_powers_Q,131,56,1.420,BalancedZippelSeparated
fire7_nb0_rank0440,Automatic,1,ok,5412.297,317,2,1,0,0,2305843009213693967:314;2305843009213693973:3,Symbolica_default,cached_powers_Q,126,60,1.444,BalancedZippelSeparated
fire7_nb0_rank0441,Automatic,1,ok,3944.950,256,2,1,0,0,2305843009213693967:253;2305843009213693973:3,Symbolica_default,cached_powers_Q,119,60,1.049,BalancedZippelSeparated
fire7_nb0_rank0442,Automatic,1,ok,4077.901,243,2,1,0,0,2305843009213693967:240;2305843009213693973:3,Symbolica_default,cached_powers_Q,112,65,0.684,BalancedZippelSeparated
fire7_nb0_rank0443,Automatic,1,ok,4033.750,267,2,1,0,0,2305843009213693967:264;2305843009213693973:3,Symbolica_default,cached_powers_Q,139,30,1.203,BalancedZippelSeparated
fire7_nb0_rank0444,Automatic,1,ok,5356.687,285,2,1,0,0,2305843009213693967:282;2305843009213693973:3,Symbolica_default,cached_powers_Q,126,56,0.921,BalancedZippelSeparated
fire7_nb0_rank0445,Automatic,1,ok,5585.708,380,2,1,0,0,2305843009213693967:377;2305843009213693973:3,Symbolica_default,cached_powers_Q,132,54,1.302,BalancedZippelSeparated
fire7_nb0_rank0446,Automatic,1,ok,2864.724,232,2,1,0,0,2305843009213693967:229;2305843009213693973:3,Symbolica_default,cached_powers_Q,117,49,1.189,BalancedZippelSeparated
fire7_nb0_rank0447,Automatic,1,ok,4294.822,320,2,1,0,0,2305843009213693967:317;2305843009213693973:3,Symbolica_default,cached_powers_Q,138,42,0.893,BalancedZippelSeparated
fire7_nb0_rank0448,Automatic,1,ok,4178.141,288,2,1,0,0,2305843009213693967:285;2305843009213693973:3,Symbolica_default,cached_powers_Q,133,52,0.716,BalancedZippelSeparated
fire7_nb0_rank0449,Automatic,1,ok,4977.245,257,2,1,0,0,2305843009213693967:254;2305843009213693973:3,Symbolica_default,cached_powers_Q,93,90,1.177,BalancedZippelSeparated
fire7_nb0_rank0450,Automatic,1,ok,2163.360,245,2,1,0,0,2305843009213693967:242;2305843009213693973:3,Symbolica_default,cached_powers_Q,119,60,1.214,BalancedZippelSeparated
fire7_nb0_rank0451,Automatic,1,ok,1532.558,229,2,1,0,0,2305843009213693967:226;2305843009213693973:3,Symbolica_default,cached_powers_Q,80,108,1.067,BalancedZippelSeparated
fire7_nb0_rank0452,Automatic,1,ok,2368.202,356,2,1,0,0,2305843009213693967:353;2305843009213693973:3,Symbolica_default,cached_powers_Q,108,80,0.712,BalancedZippelSeparated
fire7_nb0_rank0453,Automatic,1,ok,1512.307,183,2,1,0,0,2305843009213693967:180;2305843009213693973:3,Symbolica_default,cached_powers_Q,79,84,0.721,BalancedZippelSeparated
fire7_nb0_rank0454,Automatic,1,ok,2781.594,313,2,1,0,0,2305843009213693967:310;2305843009213693973:3,Symbolica_default,cached_powers_Q,138,36,0.914,BalancedZippelSeparated
fire7_nb0_rank0455,Automatic,1,ok,4251.931,276,2,1,0,0,2305843009213693967:273;2305843009213693973:3,Symbolica_default,cached_powers_Q,126,56,0.689,BalancedZippelSeparated
fire7_nb0_rank0456,Automatic,1,ok,4185.681,228,2,1,0,0,2305843009213693967:225;2305843009213693973:3,Symbolica_default,cached_powers_Q,122,42,1.610,BalancedZippelSeparated
fire7_nb0_rank0457,Automatic,1,ok,5325.097,227,2,1,0,0,2305843009213693967:224;2305843009213693973:3,Symbolica_default,cached_powers_Q,88,78,1.013,BalancedZippelSeparated
fire7_nb0_rank0458,Automatic,1,ok,4380.262,247,2,1,0,0,2305843009213693967:244;2305843009213693973:3,Symbolica_default,cached_powers_Q,97,90,0.721,BalancedZippelSeparated
fire7_nb0_rank0459,Automatic,1,ok,4184.761,281,2,1,0,0,2305843009213693967:278;2305843009213693973:3,Symbolica_default,cached_powers_Q,124,52,0.842,BalancedZippelSeparated
fire7_nb0_rank0460,Automatic,1,ok,2307.142,279,2,1,0,0,2305843009213693967:276;2305843009213693973:3,Symbolica_default,cached_powers_Q,111,65,0.869,BalancedZippelSeparated
fire7_nb0_rank0461,Automatic,1,ok,1095.836,180,2,1,0,0,2305843009213693967:177;2305843009213693973:3,Symbolica_default,cached_powers_Q,90,70,0.994,BalancedZippelSeparated
fire7_nb0_rank0462,Automatic,1,ok,5523.947,327,2,1,0,0,2305843009213693967:324;2305843009213693973:3,Symbolica_default,cached_powers_Q,113,68,1.189,BalancedZippelSeparated
fire7_nb0_rank0463,Automatic,1,ok,2387.401,225,2,1,0,0,2305843009213693967:222;2305843009213693973:3,Symbolica_default,cached_powers_Q,88,78,0.682,BalancedZippelSeparated
fire7_nb0_rank0464,Automatic,1,ok,4285.062,289,2,1,0,0,2305843009213693967:286;2305843009213693973:3,Symbolica_default,cached_powers_Q,119,52,0.694,BalancedZippelSeparated
fire7_nb0_rank0465,Automatic,1,ok,3186.046,325,2,1,0,0,2305843009213693967:322;2305843009213693973:3,Symbolica_default,cached_powers_Q,133,44,0.931,BalancedZippelSeparated
fire7_nb0_rank0466,Automatic,1,ok,5063.445,267,2,1,0,0,2305843009213693967:264;2305843009213693973:3,Symbolica_default,cached_powers_Q,90,95,1.063,BalancedZippelSeparated
fire7_nb0_rank0467,Automatic,1,ok,5106.136,240,2,1,0,0,2305843009213693967:237;2305843009213693973:3,Symbolica_default,cached_powers_Q,111,54,1.189,BalancedZippelSeparated
fire7_nb0_rank0468,Automatic,1,ok,4359.272,220,2,1,0,0,2305843009213693967:217;2305843009213693973:3,Symbolica_default,cached_powers_Q,119,42,1.474,BalancedZippelSeparated
fire7_nb0_rank0469,Automatic,1,ok,5033.455,371,2,1,0,0,2305843009213693967:368;2305843009213693973:3,Symbolica_default,cached_powers_Q,130,63,0.872,BalancedZippelSeparated
fire7_nb0_rank0470,Automatic,1,ok,3997.830,246,2,1,0,0,2305843009213693967:243;2305843009213693973:3,Symbolica_default,cached_powers_Q,126,45,0.699,BalancedZippelSeparated
fire7_nb0_rank0471,Automatic,1,ok,4419.152,287,2,1,0,0,2305843009213693967:284;2305843009213693973:3,Symbolica_default,cached_powers_Q,144,32,0.762,BalancedZippelSeparated
fire7_nb0_rank0472,Automatic,1,ok,5875.659,376,2,1,0,0,2305843009213693967:373;2305843009213693973:3,Symbolica_default,cached_powers_Q,124,66,1.260,BalancedZippelSeparated
fire7_nb0_rank0473,Automatic,1,ok,5012.626,259,2,1,0,0,2305843009213693967:256;2305843009213693973:3,Symbolica_default,cached_powers_Q,119,56,1.191,BalancedZippelSeparated
fire7_nb0_rank0474,Automatic,1,ok,4032.980,258,2,1,0,0,2305843009213693967:255;2305843009213693973:3,Symbolica_default,cached_powers_Q,111,60,0.695,BalancedZippelSeparated
fire7_nb0_rank0475,Automatic,1,ok,4137.261,293,2,1,0,0,2305843009213693967:290;2305843009213693973:3,Symbolica_default,cached_powers_Q,126,45,0.891,BalancedZippelSeparated
fire7_nb0_rank0476,Automatic,1,ok,2166.661,270,2,1,0,0,2305843009213693967:267;2305843009213693973:3,Symbolica_default,cached_powers_Q,125,48,0.855,BalancedZippelSeparated
fire7_nb0_rank0477,Automatic,1,ok,5147.856,261,2,1,0,0,2305843009213693967:258;2305843009213693973:3,Symbolica_default,cached_powers_Q,91,90,1.313,BalancedZippelSeparated
fire7_nb0_rank0478,Automatic,1,ok,4874.105,237,2,1,0,0,2305843009213693967:234;2305843009213693973:3,Symbolica_default,cached_powers_Q,91,90,1.373,BalancedZippelSeparated
fire7_nb0_rank0479,Automatic,1,ok,2401.352,261,2,1,0,0,2305843009213693967:258;2305843009213693973:3,Symbolica_default,cached_powers_Q,91,90,0.896,BalancedZippelSeparated
fire7_nb0_rank0480,Automatic,1,ok,5455.028,236,2,1,0,0,2305843009213693967:233;2305843009213693973:3,Symbolica_default,cached_powers_Q,96,72,0.691,BalancedZippelSeparated
fire7_nb0_rank0481,Automatic,1,ok,3884.669,233,2,1,0,0,2305843009213693967:230;2305843009213693973:3,Symbolica_default,cached_powers_Q,104,65,0.692,BalancedZippelSeparated
fire7_nb0_rank0482,Automatic,1,ok,4212.221,262,2,1,0,0,2305843009213693967:259;2305843009213693973:3,Symbolica_default,cached_powers_Q,67,100,0.723,BalancedZippelSeparated
fire7_nb0_rank0483,Automatic,1,ok,5331.547,262,2,1,0,0,2305843009213693967:259;2305843009213693973:3,Symbolica_default,cached_powers_Q,67,100,1.223,BalancedZippelSeparated
fire7_nb0_rank0484,Automatic,1,ok,4335.912,305,2,1,0,0,2305843009213693967:302;2305843009213693973:3,Symbolica_default,cached_powers_Q,126,42,0.870,BalancedZippelSeparated
fire7_nb0_rank0485,Automatic,1,ok,4200.011,270,2,1,0,0,2305843009213693967:267;2305843009213693973:3,Symbolica_default,cached_powers_Q,114,60,0.860,BalancedZippelSeparated
fire7_nb0_rank0486,Automatic,1,ok,2443.133,285,2,1,0,0,2305843009213693967:282;2305843009213693973:3,Symbolica_default,cached_powers_Q,120,60,0.925,BalancedZippelSeparated
fire7_nb0_rank0487,Automatic,1,ok,4161.661,218,2,1,0,0,2305843009213693967:215;2305843009213693973:3,Symbolica_default,cached_powers_Q,96,66,0.683,BalancedZippelSeparated
fire7_nb0_rank0488,Automatic,1,ok,4209.391,218,2,1,0,0,2305843009213693967:215;2305843009213693973:3,Symbolica_default,cached_powers_Q,96,66,1.103,BalancedZippelSeparated
fire7_nb0_rank0489,Automatic,1,ok,4859.305,262,2,1,0,0,2305843009213693967:259;2305843009213693973:3,Symbolica_default,cached_powers_Q,84,90,1.188,BalancedZippelSeparated
fire7_nb0_rank0490,Automatic,1,ok,3993.060,314,2,1,0,0,2305843009213693967:311;2305843009213693973:3,Symbolica_default,cached_powers_Q,144,25,1.075,BalancedZippelSeparated
fire7_nb0_rank0491,Automatic,1,ok,2361.182,241,2,1,0,0,2305843009213693967:238;2305843009213693973:3,Symbolica_default,cached_powers_Q,126,45,0.864,BalancedZippelSeparated
fire7_nb0_rank0492,Automatic,1,ok,2568.953,262,2,1,0,0,2305843009213693967:259;2305843009213693973:3,Symbolica_default,cached_powers_Q,84,90,0.870,BalancedZippelSeparated
fire7_nb0_rank0493,Automatic,1,ok,3899.279,257,2,1,0,0,2305843009213693967:254;2305843009213693973:3,Symbolica_default,cached_powers_Q,134,25,1.387,BalancedZippelSeparated
fire7_nb0_rank0494,Automatic,1,ok,4684.303,269,2,1,0,0,2305843009213693967:266;2305843009213693973:3,Symbolica_default,cached_powers_Q,139,28,1.011,BalancedZippelSeparated
fire7_nb0_rank0495,Automatic,1,ok,2767.964,248,2,1,0,0,2305843009213693967:245;2305843009213693973:3,Symbolica_default,cached_powers_Q,115,45,0.857,BalancedZippelSeparated
fire7_nb0_rank0496,Automatic,1,ok,1415.188,214,2,1,0,0,2305843009213693967:211;2305843009213693973:3,Symbolica_default,cached_powers_Q,80,78,0.847,BalancedZippelSeparated
fire7_nb0_rank0497,Automatic,1,ok,4134.551,286,2,1,0,0,2305843009213693967:283;2305843009213693973:3,Symbolica_default,cached_powers_Q,70,110,0.889,BalancedZippelSeparated
fire7_nb0_rank0498,Automatic,1,ok,4372.722,308,2,1,0,0,2305843009213693967:305;2305843009213693973:3,Symbolica_default,cached_powers_Q,150,20,1.215,BalancedZippelSeparated
fire7_nb0_rank0499,Automatic,1,ok,4847.294,224,2,1,0,0,2305843009213693967:221;2305843009213693973:3,Symbolica_default,cached_powers_Q,118,40,0.944,BalancedZippelSeparated
fire7_nb0_rank0500,Automatic,1,ok,1363.057,217,2,1,0,0,2305843009213693967:214;2305843009213693973:3,Symbolica_default,cached_powers_Q,126,30,0.915,BalancedZippelSeparated
fire7_nb0_rank0501,Automatic,1,ok,4784.894,370,2,1,0,0,2305843009213693967:367;2305843009213693973:3,Symbolica_default,cached_powers_Q,128,63,0.936,BalancedZippelSeparated
fire7_nb0_rank0502,Automatic,1,ok,4272.121,303,2,1,0,0,2305843009213693967:300;2305843009213693973:3,Symbolica_default,cached_powers_Q,136,36,1.120,BalancedZippelSeparated
fire7_nb0_rank0503,Automatic,1,ok,4525.043,327,2,1,0,0,2305843009213693967:324;2305843009213693973:3,Symbolica_default,cached_powers_Q,120,56,0.876,BalancedZippelSeparated
fire7_nb0_rank0504,Automatic,1,ok,3382.107,297,2,1,0,0,2305843009213693967:294;2305843009213693973:3,Symbolica_default,cached_powers_Q,138,32,0.879,BalancedZippelSeparated
fire7_nb0_rank0505,Automatic,1,ok,2425.582,249,2,1,0,0,2305843009213693967:246;2305843009213693973:3,Symbolica_default,cached_powers_Q,125,35,1.251,BalancedZippelSeparated
fire7_nb0_rank0506,Automatic,1,ok,4148.501,274,2,1,0,0,2305843009213693967:271;2305843009213693973:3,Symbolica_default,cached_powers_Q,113,60,0.798,BalancedZippelSeparated
fire7_nb0_rank0507,Automatic,1,ok,1453.227,217,2,1,0,0,2305843009213693967:214;2305843009213693973:3,Symbolica_default,cached_powers_Q,81,84,0.819,BalancedZippelSeparated
fire7_nb0_rank0508,Automatic,1,ok,1600.388,223,2,1,0,0,2305843009213693967:220;2305843009213693973:3,Symbolica_default,cached_powers_Q,119,45,0.694,BalancedZippelSeparated
fire7_nb0_rank0509,Automatic,1,ok,2622.953,248,2,1,0,0,2305843009213693967:245;2305843009213693973:3,Symbolica_default,cached_powers_Q,120,40,1.044,BalancedZippelSeparated
fire7_nb0_rank0510,Automatic,1,ok,4040.670,230,2,1,0,0,2305843009213693967:227;2305843009213693973:3,Symbolica_default,cached_powers_Q,36,126,0.995,BalancedZippelSeparated
fire7_nb0_rank0511,Automatic,1,ok,4121.321,285,2,1,0,0,2305843009213693967:282;2305843009213693973:3,Symbolica_default,cached_powers_Q,117,60,1.150,BalancedZippelSeparated
fire7_nb0_rank0512,Automatic,1,ok,3845.240,264,2,1,0,0,2305843009213693967:261;2305843009213693973:3,Symbolica_default,cached_powers_Q,114,52,1.031,BalancedZippelSeparated
fire7_nb0_rank0513,Automatic,1,ok,4446.722,302,2,1,0,0,2305843009213693967:299;2305843009213693973:3,Symbolica_default,cached_powers_Q,104,68,0.742,BalancedZippelSeparated
fire7_nb0_rank0514,Automatic,1,ok,2637.423,273,2,1,0,0,2305843009213693967:270;2305843009213693973:3,Symbolica_default,cached_powers_Q,113,60,0.877,BalancedZippelSeparated
fire7_nb0_rank0515,Automatic,1,ok,3970.680,229,2,1,0,0,2305843009213693967:226;2305843009213693973:3,Symbolica_default,cached_powers_Q,119,40,0.854,BalancedZippelSeparated
fire7_nb0_rank0516,Automatic,1,ok,2482.583,370,2,1,0,0,2305843009213693967:367;2305843009213693973:3,Symbolica_default,cached_powers_Q,112,60,0.706,BalancedZippelSeparated
fire7_nb0_rank0517,Automatic,1,ok,1925.780,276,2,1,0,0,2305843009213693967:273;2305843009213693973:3,Symbolica_default,cached_powers_Q,115,55,0.685,BalancedZippelSeparated
fire7_nb0_rank0518,Automatic,1,ok,1996.510,299,2,1,0,0,2305843009213693967:296;2305843009213693973:3,Symbolica_default,cached_powers_Q,131,24,0.679,BalancedZippelSeparated
fire7_nb0_rank0519,Automatic,1,ok,1927.529,303,2,1,0,0,2305843009213693967:300;2305843009213693973:3,Symbolica_default,cached_powers_Q,101,68,0.880,BalancedZippelSeparated
fire7_nb0_rank0520,Automatic,1,ok,1719.979,231,2,1,0,0,2305843009213693967:228;2305843009213693973:3,Symbolica_default,cached_powers_Q,131,25,0.994,BalancedZippelSeparated
fire7_nb0_rank0521,Automatic,1,ok,1948.910,296,2,1,0,0,2305843009213693967:293;2305843009213693973:3,Symbolica_default,cached_powers_Q,90,72,0.829,BalancedZippelSeparated
fire7_nb0_rank0522,Automatic,1,ok,16568.013,211,2,1,0,0,2305843009213693967:208;2305843009213693973:3,Symbolica_default,cached_powers_Q,79,72,0.760,BalancedZippelSeparated
fire7_nb0_rank0523,Automatic,1,ok,1425.607,215,2,1,0,0,2305843009213693967:212;2305843009213693973:3,Symbolica_default,cached_powers_Q,112,40,0.899,BalancedZippelSeparated
fire7_nb0_rank0524,Automatic,1,ok,16465.173,240,2,1,0,0,2305843009213693967:237;2305843009213693973:3,Symbolica_default,cached_powers_Q,119,32,0.889,BalancedZippelSeparated
fire7_nb0_rank0525,Automatic,1,ok,1425.467,215,2,1,0,0,2305843009213693967:212;2305843009213693973:3,Symbolica_default,cached_powers_Q,112,45,0.902,BalancedZippelSeparated
fire7_nb0_rank0526,Automatic,1,ok,19892.620,262,2,1,0,0,2305843009213693967:259;2305843009213693973:3,Symbolica_default,cached_powers_Q,126,40,0.730,BalancedZippelSeparated
fire7_nb0_rank0527,Automatic,1,ok,5096.396,330,2,1,0,0,2305843009213693967:327;2305843009213693973:3,Symbolica_default,cached_powers_Q,125,40,0.905,BalancedZippelSeparated
fire7_nb0_rank0528,Automatic,1,ok,1391.547,209,2,1,0,0,2305843009213693967:206;2305843009213693973:3,Symbolica_default,cached_powers_Q,112,45,0.914,BalancedZippelSeparated
fire7_nb0_rank0529,Automatic,1,ok,19721.989,260,2,1,0,0,2305843009213693967:257;2305843009213693973:3,Symbolica_default,cached_powers_Q,26,150,1.179,BalancedZippelSeparated
fire7_nb0_rank0530,Automatic,1,ok,21069.516,246,2,1,0,0,2305843009213693967:243;2305843009213693973:3,Symbolica_default,cached_powers_Q,126,36,0.865,BalancedZippelSeparated
fire7_nb0_rank0531,Automatic,1,ok,15386.688,215,2,1,0,0,2305843009213693967:212;2305843009213693973:3,Symbolica_default,cached_powers_Q,103,45,0.642,BalancedZippelSeparated
fire7_nb0_rank0532,Automatic,1,ok,5172.026,257,2,1,0,0,2305843009213693967:254;2305843009213693973:3,Symbolica_default,cached_powers_Q,120,28,1.056,BalancedZippelSeparated
fire7_nb0_rank0533,Automatic,1,ok,4753.664,216,2,1,0,0,2305843009213693967:213;2305843009213693973:3,Symbolica_default,cached_powers_Q,90,65,0.919,BalancedZippelSeparated
fire7_nb0_rank0534,Automatic,1,ok,1345.066,203,2,1,0,0,2305843009213693967:200;2305843009213693973:3,Symbolica_default,cached_powers_Q,85,70,0.862,BalancedZippelSeparated
fire7_nb0_rank0535,Automatic,1,ok,17020.696,298,2,1,0,0,2305843009213693967:295;2305843009213693973:3,Symbolica_default,cached_powers_Q,114,44,0.896,BalancedZippelSeparated
fire7_nb0_rank0536,Automatic,1,ok,5090.806,298,2,1,0,0,2305843009213693967:295;2305843009213693973:3,Symbolica_default,cached_powers_Q,114,44,0.941,BalancedZippelSeparated
fire7_nb0_rank0537,Automatic,1,ok,1517.087,224,2,1,0,0,2305843009213693967:221;2305843009213693973:3,Symbolica_default,cached_powers_Q,111,35,1.018,BalancedZippelSeparated
fire7_nb0_rank0538,Automatic,1,ok,1375.207,213,2,1,0,0,2305843009213693967:210;2305843009213693973:3,Symbolica_default,cached_powers_Q,112,32,0.855,BalancedZippelSeparated
fire7_nb0_rank0539,Automatic,1,ok,1379.058,204,2,1,0,0,2305843009213693967:201;2305843009213693973:3,Symbolica_default,cached_powers_Q,105,40,1.240,BalancedZippelSeparated
fire7_nb0_rank0540,Automatic,1,ok,1433.588,203,2,1,0,0,2305843009213693967:200;2305843009213693973:3,Symbolica_default,cached_powers_Q,85,70,0.967,BalancedZippelSeparated
fire7_nb0_rank0541,Automatic,1,ok,1332.277,188,2,1,0,0,2305843009213693967:185;2305843009213693973:3,Symbolica_default,cached_powers_Q,85,70,0.868,BalancedZippelSeparated
fire7_nb0_rank0542,Automatic,1,ok,19496.748,278,2,1,0,0,2305843009213693967:275;2305843009213693973:3,Symbolica_default,cached_powers_Q,126,27,0.910,BalancedZippelSeparated
fire7_nb0_rank0543,Automatic,1,ok,21261.387,438,2,1,0,0,2305843009213693967:435;2305843009213693973:3,Symbolica_default,cached_powers_Q,136,42,0.993,BalancedZippelSeparated
fire7_nb0_rank0544,Automatic,1,ok,23616.729,236,2,1,0,0,2305843009213693967:233;2305843009213693973:3,Symbolica_default,cached_powers_Q,118,30,1.325,BalancedZippelSeparated
fire7_nb0_rank0545,Automatic,1,ok,19849.130,291,2,1,0,0,2305843009213693967:288;2305843009213693973:3,Symbolica_default,cached_powers_Q,102,56,0.798,BalancedZippelSeparated
fire7_nb0_rank0546,Automatic,1,ok,2289.821,278,2,1,0,0,2305843009213693967:275;2305843009213693973:3,Symbolica_default,cached_powers_Q,133,20,1.201,BalancedZippelSeparated
fire7_nb0_rank0547,Automatic,1,ok,2174.981,304,2,1,0,0,2305843009213693967:301;2305843009213693973:3,Symbolica_default,cached_powers_Q,113,48,1.364,BalancedZippelSeparated
fire7_nb0_rank0548,Automatic,1,ok,4692.464,213,2,1,0,0,2305843009213693967:210;2305843009213693973:3,Symbolica_default,cached_powers_Q,104,45,0.666,BalancedZippelSeparated
fire7_nb0_rank0549,Automatic,1,ok,2220.401,255,2,1,0,0,2305843009213693967:252;2305843009213693973:3,Symbolica_default,cached_powers_Q,126,25,1.082,BalancedZippelSeparated
fire7_nb0_rank0550,Automatic,1,ok,1628.329,216,2,1,0,0,2305843009213693967:213;2305843009213693973:3,Symbolica_default,cached_powers_Q,98,48,0.639,BalancedZippelSeparated
fire7_nb0_rank0551,Automatic,1,ok,22529.924,318,2,1,0,0,2305843009213693967:315;2305843009213693973:3,Symbolica_default,cached_powers_Q,124,51,0.839,BalancedZippelSeparated
fire7_nb0_rank0552,Automatic,1,ok,13199.027,317,2,1,0,0,2305843009213693967:314;2305843009213693973:3,Symbolica_default,cached_powers_Q,101,54,0.712,BalancedZippelSeparated
fire7_nb0_rank0553,Automatic,1,ok,16924.125,316,2,1,0,0,2305843009213693967:313;2305843009213693973:3,Symbolica_default,cached_powers_Q,125,40,0.918,BalancedZippelSeparated
fire7_nb0_rank0554,Automatic,1,ok,17496.528,230,2,1,0,0,2305843009213693967:227;2305843009213693973:3,Symbolica_default,cached_powers_Q,118,32,0.879,BalancedZippelSeparated
fire7_nb0_rank0555,Automatic,1,ok,19575.649,249,2,1,0,0,2305843009213693967:246;2305843009213693973:3,Symbolica_default,cached_powers_Q,42,110,0.880,BalancedZippelSeparated
fire7_nb0_rank0556,Automatic,1,ok,16575.814,188,2,1,0,0,2305843009213693967:185;2305843009213693973:3,Symbolica_default,cached_powers_Q,96,45,0.877,BalancedZippelSeparated
fire7_nb0_rank0557,Automatic,1,ok,18469.673,249,2,1,0,0,2305843009213693967:246;2305843009213693973:3,Symbolica_default,cached_powers_Q,42,110,0.769,BalancedZippelSeparated
fire7_nb0_rank0558,Automatic,1,ok,1716.929,199,2,1,0,0,2305843009213693967:196;2305843009213693973:3,Symbolica_default,cached_powers_Q,88,54,1.516,BalancedZippelSeparated
fire7_nb0_rank0559,Automatic,1,ok,1956.750,199,2,1,0,0,2305843009213693967:196;2305843009213693973:3,Symbolica_default,cached_powers_Q,88,54,1.170,BalancedZippelSeparated
fire7_nb0_rank0560,Automatic,1,ok,1821.850,179,2,1,0,0,2305843009213693967:176;2305843009213693973:3,Symbolica_default,cached_powers_Q,104,35,1.268,BalancedZippelSeparated
fire7_nb0_rank0561,Automatic,1,ok,1729.618,250,2,1,0,0,2305843009213693967:247;2305843009213693973:3,Symbolica_default,cached_powers_Q,108,48,0.856,BalancedZippelSeparated
fire7_nb0_rank0562,Automatic,1,ok,1590.459,264,2,1,0,0,2305843009213693967:261;2305843009213693973:3,Symbolica_default,cached_powers_Q,84,72,0.650,BalancedZippelSeparated
fire7_nb0_rank0563,Automatic,1,ok,5014.125,264,2,1,0,0,2305843009213693967:261;2305843009213693973:3,Symbolica_default,cached_powers_Q,84,72,0.780,BalancedZippelSeparated
fire7_nb0_rank0564,Automatic,1,ok,24256.432,333,2,1,0,0,2305843009213693967:330;2305843009213693973:3,Symbolica_default,cached_powers_Q,125,28,1.367,BalancedZippelSeparated
fire7_nb0_rank0565,Automatic,1,ok,21110.876,438,2,1,0,0,2305843009213693967:435;2305843009213693973:3,Symbolica_default,cached_powers_Q,135,42,1.055,BalancedZippelSeparated
fire7_nb0_rank0566,Automatic,1,ok,1740.959,205,2,1,0,0,2305843009213693967:202;2305843009213693973:3,Symbolica_default,cached_powers_Q,72,84,1.174,BalancedZippelSeparated
fire7_nb0_rank0567,Automatic,1,ok,15622.769,183,2,1,0,0,2305843009213693967:180;2305843009213693973:3,Symbolica_default,cached_powers_Q,96,42,0.946,BalancedZippelSeparated
fire7_nb0_rank0568,Automatic,1,ok,17622.619,224,2,1,0,0,2305843009213693967:221;2305843009213693973:3,Symbolica_default,cached_powers_Q,115,25,1.292,BalancedZippelSeparated
fire7_nb0_rank0569,Automatic,1,ok,5027.375,328,2,1,0,0,2305843009213693967:325;2305843009213693973:3,Symbolica_default,cached_powers_Q,124,35,0.978,BalancedZippelSeparated
fire7_nb0_rank0570,Automatic,1,ok,30119.622,248,2,1,0,0,2305843009213693967:245;2305843009213693973:3,Symbolica_default,cached_powers_Q,101,48,0.913,BalancedZippelSeparated
fire7_nb0_rank0571,Automatic,1,ok,23582.659,252,2,1,0,0,2305843009213693967:249;2305843009213693973:3,Symbolica_default,cached_powers_Q,118,20,1.544,BalancedZippelSeparated
fire7_nb0_rank0572,Automatic,1,ok,4515.973,183,2,1,0,0,2305843009213693967:180;2305843009213693973:3,Symbolica_default,cached_powers_Q,104,35,1.108,BalancedZippelSeparated
fire7_nb0_rank0573,Automatic,1,ok,24888.445,213,2,1,0,0,2305843009213693967:210;2305843009213693973:3,Symbolica_default,cached_powers_Q,119,25,1.469,BalancedZippelSeparated
fire7_nb0_rank0574,Automatic,1,ok,16345.123,209,2,1,0,0,2305843009213693967:206;2305843009213693973:3,Symbolica_default,cached_powers_Q,76,65,0.827,BalancedZippelSeparated
fire7_nb0_rank0575,Automatic,1,ok,1887.359,209,2,1,0,0,2305843009213693967:206;2305843009213693973:3,Symbolica_default,cached_powers_Q,76,65,0.900,BalancedZippelSeparated
fire7_nb0_rank0576,Automatic,1,ok,2168.911,302,2,1,0,0,2305843009213693967:299;2305843009213693973:3,Symbolica_default,cached_powers_Q,120,28,1.510,BalancedZippelSeparated
fire7_nb0_rank0577,Automatic,1,ok,1929.400,204,2,1,0,0,2305843009213693967:201;2305843009213693973:3,Symbolica_default,cached_powers_Q,95,45,0.881,BalancedZippelSeparated
fire7_nb0_rank0578,Automatic,1,ok,1580.018,195,2,1,0,0,2305843009213693967:192;2305843009213693973:3,Symbolica_default,cached_powers_Q,115,25,0.966,BalancedZippelSeparated
fire7_nb0_rank0579,Automatic,1,ok,1675.609,258,2,1,0,0,2305843009213693967:255;2305843009213693973:3,Symbolica_default,cached_powers_Q,95,52,0.786,BalancedZippelSeparated
fire7_nb0_rank0580,Automatic,1,ok,2096.380,377,2,1,0,0,2305843009213693967:374;2305843009213693973:3,Symbolica_default,cached_powers_Q,100,60,0.867,BalancedZippelSeparated
fire7_nb0_rank0581,Automatic,1,ok,1239.646,189,2,1,0,0,2305843009213693967:186;2305843009213693973:3,Symbolica_default,cached_powers_Q,85,60,0.815,BalancedZippelSeparated
fire7_nb0_rank0582,Automatic,1,ok,18590.134,210,2,1,0,0,2305843009213693967:207;2305843009213693973:3,Symbolica_default,cached_powers_Q,83,65,0.669,BalancedZippelSeparated
fire7_nb0_rank0583,Automatic,1,ok,19938.090,326,2,1,0,0,2305843009213693967:323;2305843009213693973:3,Symbolica_default,cached_powers_Q,120,28,1.022,BalancedZippelSeparated
fire7_nb0_rank0584,Automatic,1,ok,22006.290,250,2,1,0,0,2305843009213693967:247;2305843009213693973:3,Symbolica_default,cached_powers_Q,108,48,1.172,BalancedZippelSeparated
fire7_nb0_rank0585,Automatic,1,ok,16625.274,362,2,1,0,0,2305843009213693967:359;2305843009213693973:3,Symbolica_default,cached_powers_Q,95,60,0.898,BalancedZippelSeparated
fire7_nb0_rank0586,Automatic,1,ok,22241.103,253,2,1,0,0,2305843009213693967:250;2305843009213693973:3,Symbolica_default,cached_powers_Q,126,20,1.253,BalancedZippelSeparated
fire7_nb0_rank0587,Automatic,1,ok,15972.580,263,2,1,0,0,2305843009213693967:260;2305843009213693973:3,Symbolica_default,cached_powers_Q,89,68,0.686,BalancedZippelSeparated
fire7_nb0_rank0588,Automatic,1,ok,16909.606,315,2,1,0,0,2305843009213693967:312;2305843009213693973:3,Symbolica_default,cached_powers_Q,96,57,0.913,BalancedZippelSeparated
fire7_nb0_rank0589,Automatic,1,ok,19870.800,327,2,1,0,0,2305843009213693967:324;2305843009213693973:3,Symbolica_default,cached_powers_Q,119,28,1.041,BalancedZippelSeparated
fire7_nb0_rank0590,Automatic,1,ok,16676.304,299,2,1,0,0,2305843009213693967:296;2305843009213693973:3,Symbolica_default,cached_powers_Q,115,36,0.807,BalancedZippelSeparated
fire7_nb0_rank0591,Automatic,1,ok,14895.735,197,2,1,0,0,2305843009213693967:194;2305843009213693973:3,Symbolica_default,cached_powers_Q,92,45,0.839,BalancedZippelSeparated
fire7_nb0_rank0592,Automatic,1,ok,19907.970,221,2,1,0,0,2305843009213693967:218;2305843009213693973:3,Symbolica_default,cached_powers_Q,91,55,1.204,BalancedZippelSeparated
fire7_nb0_rank0593,Automatic,1,ok,19282.167,298,2,1,0,0,2305843009213693967:295;2305843009213693973:3,Symbolica_default,cached_powers_Q,107,45,0.911,BalancedZippelSeparated
fire7_nb0_rank0594,Automatic,1,ok,19944.070,187,2,1,0,0,2305843009213693967:184;2305843009213693973:3,Symbolica_default,cached_powers_Q,79,54,0.858,BalancedZippelSeparated
fire7_nb0_rank0595,Automatic,1,ok,15577.509,318,2,1,0,0,2305843009213693967:315;2305843009213693973:3,Symbolica_default,cached_powers_Q,116,28,0.807,BalancedZippelSeparated
fire7_nb0_rank0596,Automatic,1,ok,23687.409,213,2,1,0,0,2305843009213693967:210;2305843009213693973:3,Symbolica_default,cached_powers_Q,111,25,0.837,BalancedZippelSeparated
fire7_nb0_rank0597,Automatic,1,ok,15224.176,240,2,1,0,0,2305843009213693967:237;2305843009213693973:3,Symbolica_default,cached_powers_Q,124,20,0.951,BalancedZippelSeparated
fire7_nb0_rank0598,Automatic,1,ok,1457.148,212,2,1,0,0,2305843009213693967:209;2305843009213693973:3,Symbolica_default,cached_powers_Q,112,25,1.057,BalancedZippelSeparated
fire7_nb0_rank0599,Automatic,1,ok,18677.054,243,2,1,0,0,2305843009213693967:240;2305843009213693973:3,Symbolica_default,cached_powers_Q,97,48,0.856,BalancedZippelSeparated
fire7_nb0_rank0600,Automatic,1,ok,24000.781,172,2,1,0,0,2305843009213693967:169;2305843009213693973:3,Symbolica_default,cached_powers_Q,79,54,1.140,BalancedZippelSeparated
fire7_nb0_rank0601,Automatic,1,ok,15114.656,248,2,1,0,0,2305843009213693967:245;2305843009213693973:3,Symbolica_default,cached_powers_Q,72,76,0.716,BalancedZippelSeparated
fire7_nb0_rank0602,Automatic,1,ok,23770.400,242,2,1,0,0,2305843009213693967:239;2305843009213693973:3,Symbolica_default,cached_powers_Q,72,76,1.117,BalancedZippelSeparated
fire7_nb0_rank0603,Automatic,1,ok,15626.089,203,2,1,0,0,2305843009213693967:200;2305843009213693973:3,Symbolica_default,cached_powers_Q,76,60,0.658,BalancedZippelSeparated
fire7_nb0_rank0604,Automatic,1,ok,23943.320,303,2,1,0,0,2305843009213693967:300;2305843009213693973:3,Symbolica_default,cached_powers_Q,99,63,1.167,BalancedZippelSeparated
fire7_nb0_rank0605,Automatic,1,ok,15662.478,203,2,1,0,0,2305843009213693967:200;2305843009213693973:3,Symbolica_default,cached_powers_Q,76,60,0.678,BalancedZippelSeparated
fire7_nb0_rank0606,Automatic,1,ok,1232.966,187,2,1,0,0,2305843009213693967:184;2305843009213693973:3,Symbolica_default,cached_powers_Q,69,70,0.846,BalancedZippelSeparated
fire7_nb0_rank0607,Automatic,1,ok,15785.040,242,2,1,0,0,2305843009213693967:239;2305843009213693973:3,Symbolica_default,cached_powers_Q,101,45,0.867,BalancedZippelSeparated
fire7_nb0_rank0608,Automatic,1,ok,1326.357,225,2,1,0,0,2305843009213693967:222;2305843009213693973:3,Symbolica_default,cached_powers_Q,70,75,0.839,BalancedZippelSeparated
fire7_nb0_rank0609,Automatic,1,ok,16744.764,352,2,1,0,0,2305843009213693967:349;2305843009213693973:3,Symbolica_default,cached_powers_Q,90,60,0.902,BalancedZippelSeparated
fire7_nb0_rank0610,Automatic,1,ok,18731.384,317,2,1,0,0,2305843009213693967:314;2305843009213693973:3,Symbolica_default,cached_powers_Q,116,28,0.993,BalancedZippelSeparated
fire7_nb0_rank0611,Automatic,1,ok,20488.103,266,2,1,0,0,2305843009213693967:263;2305843009213693973:3,Symbolica_default,cached_powers_Q,102,36,1.157,BalancedZippelSeparated
fire7_nb0_rank0612,Automatic,1,ok,1390.107,207,2,1,0,0,2305843009213693967:204;2305843009213693973:3,Symbolica_default,cached_powers_Q,103,32,0.646,BalancedZippelSeparated
fire7_nb0_rank0613,Automatic,1,ok,23854.320,276,2,1,0,0,2305843009213693967:273;2305843009213693973:3,Symbolica_default,cached_powers_Q,114,27,0.992,BalancedZippelSeparated
fire7_nb0_rank0614,Automatic,1,ok,1252.416,184,2,1,0,0,2305843009213693967:181;2305843009213693973:3,Symbolica_default,cached_powers_Q,96,35,0.990,BalancedZippelSeparated
fire7_nb0_rank0615,Automatic,1,ok,24374.092,313,2,1,0,0,2305843009213693967:310;2305843009213693973:3,Symbolica_default,cached_powers_Q,114,36,1.131,BalancedZippelSeparated
fire7_nb0_rank0616,Automatic,1,ok,1538.358,198,2,1,0,0,2305843009213693967:195;2305843009213693973:3,Symbolica_default,cached_powers_Q,107,25,0.795,BalancedZippelSeparated
fire7_nb0_rank0617,Automatic,1,ok,1378.758,218,2,1,0,0,2305843009213693967:215;2305843009213693973:3,Symbolica_default,cached_powers_Q,70,75,0.670,BalancedZippelSeparated
fire7_nb0_rank0618,Automatic,1,ok,15235.697,250,2,1,0,0,2305843009213693967:247;2305843009213693973:3,Symbolica_default,cached_powers_Q,113,32,0.865,BalancedZippelSeparated
fire7_nb0_rank0619,Automatic,1,ok,1285.327,201,2,1,0,0,2305843009213693967:198;2305843009213693973:3,Symbolica_default,cached_powers_Q,90,48,1.049,BalancedZippelSeparated
fire7_nb0_rank0620,Automatic,1,ok,19404.338,230,2,1,0,0,2305843009213693967:227;2305843009213693973:3,Symbolica_default,cached_powers_Q,104,28,1.074,BalancedZippelSeparated
fire7_nb0_rank0621,Automatic,1,ok,4630.683,299,2,1,0,0,2305843009213693967:296;2305843009213693973:3,Symbolica_default,cached_powers_Q,110,33,0.847,BalancedZippelSeparated
fire7_nb0_rank0622,Automatic,1,ok,21318.357,263,2,1,0,0,2305843009213693967:260;2305843009213693973:3,Symbolica_default,cached_powers_Q,110,28,1.292,BalancedZippelSeparated
fire7_nb0_rank0623,Automatic,1,ok,1406.347,218,2,1,0,0,2305843009213693967:215;2305843009213693973:3,Symbolica_default,cached_powers_Q,70,75,0.798,BalancedZippelSeparated
fire7_nb0_rank0624,Automatic,1,ok,1393.587,205,2,1,0,0,2305843009213693967:202;2305843009213693973:3,Symbolica_default,cached_powers_Q,98,35,1.195,BalancedZippelSeparated
fire7_nb0_rank0625,Automatic,1,ok,1520.577,210,2,1,0,0,2305843009213693967:207;2305843009213693973:3,Symbolica_default,cached_powers_Q,109,20,0.728,BalancedZippelSeparated
fire7_nb0_rank0626,Automatic,1,ok,24910.355,366,2,1,0,0,2305843009213693967:363;2305843009213693973:3,Symbolica_default,cached_powers_Q,105,36,1.323,BalancedZippelSeparated
fire7_nb0_rank0627,Automatic,1,ok,15019.486,257,2,1,0,0,2305843009213693967:254;2305843009213693973:3,Symbolica_default,cached_powers_Q,102,27,0.789,BalancedZippelSeparated
fire7_nb0_rank0628,Automatic,1,ok,24225.722,223,2,1,0,0,2305843009213693967:220;2305843009213693973:3,Symbolica_default,cached_powers_Q,99,28,1.585,BalancedZippelSeparated
fire7_nb0_rank0629,Automatic,1,ok,18477.973,240,2,1,0,0,2305843009213693967:237;2305843009213693973:3,Symbolica_default,cached_powers_Q,84,56,0.651,BalancedZippelSeparated
fire7_nb0_rank0630,Automatic,1,ok,24100.021,231,2,1,0,0,2305843009213693967:228;2305843009213693973:3,Symbolica_default,cached_powers_Q,84,56,1.097,BalancedZippelSeparated
fire7_nb0_rank0631,Automatic,1,ok,18997.836,281,2,1,0,0,2305843009213693967:278;2305843009213693973:3,Symbolica_default,cached_powers_Q,90,45,0.834,BalancedZippelSeparated
fire7_nb0_rank0632,Automatic,1,ok,20578.304,265,2,1,0,0,2305843009213693967:262;2305843009213693973:3,Symbolica_default,cached_powers_Q,110,28,1.279,BalancedZippelSeparated
fire7_nb0_rank0633,Automatic,1,ok,20159.891,254,2,1,0,0,2305843009213693967:251;2305843009213693973:3,Symbolica_default,cached_powers_Q,115,20,0.957,BalancedZippelSeparated
fire7_nb0_rank0634,Automatic,1,ok,22315.982,218,2,1,0,0,2305843009213693967:215;2305843009213693973:3,Symbolica_default,cached_powers_Q,108,25,1.260,BalancedZippelSeparated
fire7_nb0_rank0635,Automatic,1,ok,25981.890,335,2,1,0,0,2305843009213693967:332;2305843009213693973:3,Symbolica_default,cached_powers_Q,90,54,0.857,BalancedZippelSeparated
fire7_nb0_rank0636,Automatic,1,ok,2458.502,318,2,1,0,0,2305843009213693967:315;2305843009213693973:3,Symbolica_default,cached_powers_Q,90,54,1.225,BalancedZippelSeparated
fire7_nb0_rank0637,Automatic,1,ok,1934.210,260,2,1,0,0,2305843009213693967:257;2305843009213693973:3,Symbolica_default,cached_powers_Q,84,56,1.093,BalancedZippelSeparated
fire7_nb0_rank0638,Automatic,1,ok,1293.957,191,2,1,0,0,2305843009213693967:188;2305843009213693973:3,Symbolica_default,cached_powers_Q,49,90,0.958,BalancedZippelSeparated
fire7_nb0_rank0639,Automatic,1,ok,1385.617,220,2,1,0,0,2305843009213693967:217;2305843009213693973:3,Symbolica_default,cached_powers_Q,108,27,0.753,BalancedZippelSeparated
fire7_nb0_rank0640,Automatic,1,ok,1311.417,179,2,1,0,0,2305843009213693967:176;2305843009213693973:3,Symbolica_default,cached_powers_Q,96,25,0.909,BalancedZippelSeparated
fire7_nb0_rank0641,Automatic,1,ok,1358.796,211,2,1,0,0,2305843009213693967:208;2305843009213693973:3,Symbolica_default,cached_powers_Q,102,28,0.913,BalancedZippelSeparated
fire7_nb0_rank0642,Automatic,1,ok,1264.246,218,2,1,0,0,2305843009213693967:215;2305843009213693973:3,Symbolica_default,cached_powers_Q,102,36,0.758,BalancedZippelSeparated
fire7_nb0_rank0643,Automatic,1,ok,1850.679,335,2,1,0,0,2305843009213693967:332;2305843009213693973:3,Symbolica_default,cached_powers_Q,90,54,0.826,BalancedZippelSeparated
fire7_nb0_rank0644,Automatic,1,ok,1792.529,198,2,1,0,0,2305843009213693967:195;2305843009213693973:3,Symbolica_default,cached_powers_Q,84,52,1.102,BalancedZippelSeparated
fire7_nb0_rank0645,Automatic,1,ok,1661.519,186,2,1,0,0,2305843009213693967:183;2305843009213693973:3,Symbolica_default,cached_powers_Q,102,20,1.310,BalancedZippelSeparated
fire7_nb0_rank0646,Automatic,1,ok,1732.309,231,2,1,0,0,2305843009213693967:228;2305843009213693973:3,Symbolica_default,cached_powers_Q,84,56,0.666,BalancedZippelSeparated
fire7_nb0_rank0647,Automatic,1,ok,1319.376,194,2,1,0,0,2305843009213693967:191;2305843009213693973:3,Symbolica_default,cached_powers_Q,98,35,0.914,BalancedZippelSeparated
fire7_nb0_rank0648,Automatic,1,ok,2222.931,354,2,1,0,0,2305843009213693967:351;2305843009213693973:3,Symbolica_default,cached_powers_Q,108,42,0.668,BalancedZippelSeparated
fire7_nb0_rank0649,Automatic,1,ok,1317.777,209,2,1,0,0,2305843009213693967:206;2305843009213693973:3,Symbolica_default,cached_powers_Q,98,28,0.894,BalancedZippelSeparated
fire7_nb0_rank0650,Automatic,1,ok,1201.066,184,2,1,0,0,2305843009213693967:181;2305843009213693973:3,Symbolica_default,cached_powers_Q,91,36,0.704,BalancedZippelSeparated
fire7_nb0_rank0651,Automatic,1,ok,17437.017,201,2,1,0,0,2305843009213693967:198;2305843009213693973:3,Symbolica_default,cached_powers_Q,83,45,1.214,BalancedZippelSeparated
fire7_nb0_rank0652,Automatic,1,ok,15585.228,239,2,1,0,0,2305843009213693967:236;2305843009213693973:3,Symbolica_default,cached_powers_Q,93,39,0.642,BalancedZippelSeparated
fire7_nb0_rank0653,Automatic,1,ok,5267.286,155,2,1,0,0,2305843009213693967:152;2305843009213693973:3,Symbolica_default,cached_powers_Q,89,30,0.722,BalancedZippelSeparated
fire7_nb0_rank0654,Automatic,1,ok,15842.019,167,2,1,0,0,2305843009213693967:164;2305843009213693973:3,Symbolica_default,cached_powers_Q,89,30,0.963,BalancedZippelSeparated
fire7_nb0_rank0655,Automatic,1,ok,8407.382,248,2,1,0,0,2305843009213693967:245;2305843009213693973:3,Symbolica_default,cached_powers_Q,95,35,0.724,BalancedZippelSeparated
fire7_nb0_rank0656,Automatic,1,ok,16224.481,171,2,1,0,0,2305843009213693967:168;2305843009213693973:3,Symbolica_default,cached_powers_Q,91,35,0.813,BalancedZippelSeparated
fire7_nb0_rank0657,Automatic,1,ok,8392.472,260,2,1,0,0,2305843009213693967:257;2305843009213693973:3,Symbolica_default,cached_powers_Q,83,56,0.648,BalancedZippelSeparated
fire7_nb0_rank0658,Automatic,1,ok,1195.186,175,2,1,0,0,2305843009213693967:172;2305843009213693973:3,Symbolica_default,cached_powers_Q,84,40,0.891,BalancedZippelSeparated
fire7_nb0_rank0659,Automatic,1,ok,1049.205,157,2,1,0,0,2305843009213693967:154;2305843009213693973:3,Symbolica_default,cached_powers_Q,72,50,0.784,BalancedZippelSeparated
fire7_nb0_rank0660,Automatic,1,ok,18188.351,210,2,1,0,0,2305843009213693967:207;2305843009213693973:3,Symbolica_default,cached_powers_Q,107,28,0.782,BalancedZippelSeparated
fire7_nb0_rank0661,Automatic,1,ok,19470.947,194,2,1,0,0,2305843009213693967:191;2305843009213693973:3,Symbolica_default,cached_powers_Q,88,35,0.936,BalancedZippelSeparated
fire7_nb0_rank0662,Automatic,1,ok,1214.606,198,2,1,0,0,2305843009213693967:195;2305843009213693973:3,Symbolica_default,cached_powers_Q,90,36,0.830,BalancedZippelSeparated
fire7_nb0_rank0663,Automatic,1,ok,1286.357,224,2,1,0,0,2305843009213693967:221;2305843009213693973:3,Symbolica_default,cached_powers_Q,90,45,0.822,BalancedZippelSeparated
fire7_nb0_rank0664,Automatic,1,ok,16662.923,272,2,1,0,0,2305843009213693967:269;2305843009213693973:3,Symbolica_default,cached_powers_Q,90,51,0.678,BalancedZippelSeparated
fire7_nb0_rank0665,Automatic,1,ok,14842.814,229,2,1,0,0,2305843009213693967:226;2305843009213693973:3,Symbolica_default,cached_powers_Q,100,36,0.810,BalancedZippelSeparated
fire7_nb0_rank0666,Automatic,1,ok,16169.001,186,2,1,0,0,2305843009213693967:183;2305843009213693973:3,Symbolica_default,cached_powers_Q,91,35,0.975,BalancedZippelSeparated
fire7_nb0_rank0667,Automatic,1,ok,1519.918,257,2,1,0,0,2305843009213693967:254;2305843009213693973:3,Symbolica_default,cached_powers_Q,90,44,0.823,BalancedZippelSeparated
fire7_nb0_rank0668,Automatic,1,ok,1496.607,234,2,1,0,0,2305843009213693967:231;2305843009213693973:3,Symbolica_default,cached_powers_Q,102,27,1.080,BalancedZippelSeparated
fire7_nb0_rank0669,Automatic,1,ok,1456.987,171,2,1,0,0,2305843009213693967:168;2305843009213693973:3,Symbolica_default,cached_powers_Q,36,90,1.438,BalancedZippelSeparated
fire7_nb0_rank0670,Automatic,1,ok,1596.238,211,2,1,0,0,2305843009213693967:208;2305843009213693973:3,Symbolica_default,cached_powers_Q,77,48,1.059,BalancedZippelSeparated
fire7_nb0_rank0671,Automatic,1,ok,1743.519,221,2,1,0,0,2305843009213693967:218;2305843009213693973:3,Symbolica_default,cached_powers_Q,109,20,0.749,BalancedZippelSeparated
fire7_nb0_rank0672,Automatic,1,ok,1272.336,191,2,1,0,0,2305843009213693967:188;2305843009213693973:3,Symbolica_default,cached_powers_Q,98,25,0.903,BalancedZippelSeparated
fire7_nb0_rank0673,Automatic,1,ok,1231.366,190,2,1,0,0,2305843009213693967:187;2305843009213693973:3,Symbolica_default,cached_powers_Q,84,36,0.530,BalancedZippelSeparated
fire7_nb0_rank0674,Automatic,1,ok,1833.339,306,2,1,0,0,2305843009213693967:303;2305843009213693973:3,Symbolica_default,cached_powers_Q,91,51,0.610,BalancedZippelSeparated
fire7_nb0_rank0675,Automatic,1,ok,1478.737,235,2,1,0,0,2305843009213693967:232;2305843009213693973:3,Symbolica_default,cached_powers_Q,110,20,0.774,BalancedZippelSeparated
fire7_nb0_rank0676,Automatic,1,ok,1405.387,199,2,1,0,0,2305843009213693967:196;2305843009213693973:3,Symbolica_default,cached_powers_Q,96,27,0.824,BalancedZippelSeparated
fire7_nb0_rank0677,Automatic,1,ok,1159.286,185,2,1,0,0,2305843009213693967:182;2305843009213693973:3,Symbolica_default,cached_powers_Q,98,30,0.559,BalancedZippelSeparated
fire7_nb0_rank0678,Automatic,1,ok,1563.738,227,2,1,0,0,2305843009213693967:224;2305843009213693973:3,Symbolica_default,cached_powers_Q,95,32,0.740,BalancedZippelSeparated
fire7_nb0_rank0679,Automatic,1,ok,18649.483,196,2,1,0,0,2305843009213693967:193;2305843009213693973:3,Symbolica_default,cached_powers_Q,84,45,1.125,BalancedZippelSeparated
fire7_nb0_rank0680,Automatic,1,ok,15073.045,251,2,1,0,0,2305843009213693967:248;2305843009213693973:3,Symbolica_default,cached_powers_Q,86,44,0.761,BalancedZippelSeparated
fire7_nb0_rank0681,Automatic,1,ok,1403.997,201,2,1,0,0,2305843009213693967:198;2305843009213693973:3,Symbolica_default,cached_powers_Q,84,45,0.808,BalancedZippelSeparated
fire7_nb0_rank0682,Automatic,1,ok,1327.676,197,2,1,0,0,2305843009213693967:194;2305843009213693973:3,Symbolica_default,cached_powers_Q,92,25,0.850,BalancedZippelSeparated
fire7_nb0_rank0683,Automatic,1,ok,1237.476,177,2,1,0,0,2305843009213693967:174;2305843009213693973:3,Symbolica_default,cached_powers_Q,92,25,0.801,BalancedZippelSeparated
fire7_nb0_rank0684,Automatic,1,ok,988.625,163,2,1,0,0,2305843009213693967:160;2305843009213693973:3,Symbolica_default,cached_powers_Q,77,40,0.702,BalancedZippelSeparated
fire7_nb0_rank0685,Automatic,1,ok,1546.457,254,2,1,0,0,2305843009213693967:251;2305843009213693973:3,Symbolica_default,cached_powers_Q,88,52,0.568,BalancedZippelSeparated
fire7_nb0_rank0686,Automatic,1,ok,2088.230,247,2,1,0,0,2305843009213693967:244;2305843009213693973:3,Symbolica_default,cached_powers_Q,90,51,1.221,BalancedZippelSeparated
fire7_nb0_rank0687,Automatic,1,ok,1697.198,229,2,1,0,0,2305843009213693967:226;2305843009213693973:3,Symbolica_default,cached_powers_Q,84,42,1.071,BalancedZippelSeparated
fire7_nb0_rank0688,Automatic,1,ok,1748.809,229,2,1,0,0,2305843009213693967:226;2305843009213693973:3,Symbolica_default,cached_powers_Q,84,42,0.609,BalancedZippelSeparated
fire7_nb0_rank0689,Automatic,1,ok,1620.068,195,2,1,0,0,2305843009213693967:192;2305843009213693973:3,Symbolica_default,cached_powers_Q,106,20,0.666,BalancedZippelSeparated
fire7_nb0_rank0690,Automatic,1,ok,1372.416,217,2,1,0,0,2305843009213693967:214;2305843009213693973:3,Symbolica_default,cached_powers_Q,75,52,0.600,BalancedZippelSeparated
fire7_nb0_rank0691,Automatic,1,ok,1365.837,208,2,1,0,0,2305843009213693967:205;2305843009213693973:3,Symbolica_default,cached_powers_Q,81,60,0.713,BalancedZippelSeparated
fire7_nb0_rank0692,Automatic,1,ok,1288.836,187,2,1,0,0,2305843009213693967:184;2305843009213693973:3,Symbolica_default,cached_powers_Q,88,35,0.772,BalancedZippelSeparated
fire7_nb0_rank0693,Automatic,1,ok,1987.340,305,2,1,0,0,2305843009213693967:302;2305843009213693973:3,Symbolica_default,cached_powers_Q,85,54,0.614,BalancedZippelSeparated
fire7_nb0_rank0694,Automatic,1,ok,995.365,176,2,1,0,0,2305843009213693967:173;2305843009213693973:3,Symbolica_default,cached_powers_Q,84,36,0.647,BalancedZippelSeparated
fire7_nb0_rank0695,Automatic,1,ok,1222.536,167,2,1,0,0,2305843009213693967:164;2305843009213693973:3,Symbolica_default,cached_powers_Q,32,90,0.938,BalancedZippelSeparated
fire7_nb0_rank0696,Automatic,1,ok,17244.617,234,2,1,0,0,2305843009213693967:231;2305843009213693973:3,Symbolica_default,cached_powers_Q,95,32,0.832,BalancedZippelSeparated
fire7_nb0_rank0697,Automatic,1,ok,16076.210,196,2,1,0,0,2305843009213693967:193;2305843009213693973:3,Symbolica_default,cached_powers_Q,84,45,1.068,BalancedZippelSeparated
fire7_nb0_rank0698,Automatic,1,ok,15857.049,187,2,1,0,0,2305843009213693967:184;2305843009213693973:3,Symbolica_default,cached_powers_Q,84,35,0.952,BalancedZippelSeparated
fire7_nb0_rank0699,Automatic,1,ok,15748.539,234,2,1,0,0,2305843009213693967:231;2305843009213693973:3,Symbolica_default,cached_powers_Q,102,15,0.860,BalancedZippelSeparated
fire7_nb0_rank0700,Automatic,1,ok,1263.337,203,2,1,0,0,2305843009213693967:200;2305843009213693973:3,Symbolica_default,cached_powers_Q,101,27,0.848,BalancedZippelSeparated
fire7_nb0_rank0701,Automatic,1,ok,5054.395,186,2,1,0,0,2305843009213693967:183;2305843009213693973:3,Symbolica_default,cached_powers_Q,90,32,0.595,BalancedZippelSeparated
fire7_nb0_rank0702,Automatic,1,ok,21394.788,266,2,1,0,0,2305843009213693967:263;2305843009213693973:3,Symbolica_default,cached_powers_Q,85,51,1.131,BalancedZippelSeparated
fire7_nb0_rank0703,Automatic,1,ok,1028.385,153,2,1,0,0,2305843009213693967:150;2305843009213693973:3,Symbolica_default,cached_powers_Q,72,45,0.775,BalancedZippelSeparated
fire7_nb0_rank0704,Automatic,1,ok,1266.186,198,2,1,0,0,2305843009213693967:195;2305843009213693973:3,Symbolica_default,cached_powers_Q,102,15,0.657,BalancedZippelSeparated
fire7_nb0_rank0705,Automatic,1,ok,16026.650,233,2,1,0,0,2305843009213693967:230;2305843009213693973:3,Symbolica_default,cached_powers_Q,95,32,0.810,BalancedZippelSeparated
fire7_nb0_rank0706,Automatic,1,ok,1045.396,203,2,1,0,0,2305843009213693967:200;2305843009213693973:3,Symbolica_default,cached_powers_Q,84,40,0.615,BalancedZippelSeparated
fire7_nb0_rank0707,Automatic,1,ok,1341.257,216,2,1,0,0,2305843009213693967:213;2305843009213693973:3,Symbolica_default,cached_powers_Q,72,52,0.761,BalancedZippelSeparated
fire7_nb0_rank0708,Automatic,1,ok,1368.977,185,2,1,0,0,2305843009213693967:182;2305843009213693973:3,Symbolica_default,cached_powers_Q,63,60,0.581,BalancedZippelSeparated
fire7_nb0_rank0709,Automatic,1,ok,18153.280,231,2,1,0,0,2305843009213693967:228;2305843009213693973:3,Symbolica_default,cached_powers_Q,78,45,0.721,BalancedZippelSeparated
fire7_nb0_rank0710,Automatic,1,ok,1194.766,161,2,1,0,0,2305843009213693967:158;2305843009213693973:3,Symbolica_default,cached_powers_Q,36,84,0.881,BalancedZippelSeparated
fire7_nb0_rank0711,Automatic,1,ok,1808.419,225,2,1,0,0,2305843009213693967:222;2305843009213693973:3,Symbolica_default,cached_powers_Q,83,48,1.033,BalancedZippelSeparated
fire7_nb0_rank0712,Automatic,1,ok,1461.887,168,2,1,0,0,2305843009213693967:165;2305843009213693973:3,Symbolica_default,cached_powers_Q,88,21,1.027,BalancedZippelSeparated
fire7_nb0_rank0713,Automatic,1,ok,1949.290,243,2,1,0,0,2305843009213693967:240;2305843009213693973:3,Symbolica_default,cached_powers_Q,90,48,1.045,BalancedZippelSeparated
fire7_nb0_rank0714,Automatic,1,ok,1145.836,180,2,1,0,0,2305843009213693967:177;2305843009213693973:3,Symbolica_default,cached_powers_Q,42,90,0.811,BalancedZippelSeparated
fire7_nb0_rank0715,Automatic,1,ok,1519.908,214,2,1,0,0,2305843009213693967:211;2305843009213693973:3,Symbolica_default,cached_powers_Q,112,12,0.643,BalancedZippelSeparated
fire7_nb0_rank0716,Automatic,1,ok,1379.037,166,2,1,0,0,2305843009213693967:163;2305843009213693973:3,Symbolica_default,cached_powers_Q,96,24,0.657,BalancedZippelSeparated
fire7_nb0_rank0717,Automatic,1,ok,930.775,148,2,1,0,0,2305843009213693967:145;2305843009213693973:3,Symbolica_default,cached_powers_Q,72,45,0.531,BalancedZippelSeparated
fire7_nb0_rank0718,Automatic,1,ok,1737.869,276,2,1,0,0,2305843009213693967:273;2305843009213693973:3,Symbolica_default,cached_powers_Q,94,36,0.683,BalancedZippelSeparated
fire7_nb0_rank0719,Automatic,1,ok,1564.358,178,2,1,0,0,2305843009213693967:175;2305843009213693973:3,Symbolica_default,cached_powers_Q,84,44,1.073,BalancedZippelSeparated
fire7_nb0_rank0720,Automatic,1,ok,1638.658,194,2,1,0,0,2305843009213693967:191;2305843009213693973:3,Symbolica_default,cached_powers_Q,95,27,0.938,BalancedZippelSeparated
fire7_nb0_rank0721,Automatic,1,ok,1516.017,151,2,1,0,0,2305843009213693967:148;2305843009213693973:3,Symbolica_default,cached_powers_Q,79,30,1.183,BalancedZippelSeparated
fire7_nb0_rank0722,Automatic,1,ok,968.215,148,2,1,0,0,2305843009213693967:145;2305843009213693973:3,Symbolica_default,cached_powers_Q,69,45,0.752,BalancedZippelSeparated
fire7_nb0_rank0723,Automatic,1,ok,1248.676,180,2,1,0,0,2305843009213693967:177;2305843009213693973:3,Symbolica_default,cached_powers_Q,91,25,0.805,BalancedZippelSeparated
fire7_nb0_rank0724,Automatic,1,ok,1889.730,235,2,1,0,0,2305843009213693967:232;2305843009213693973:3,Symbolica_default,cached_powers_Q,95,25,1.192,BalancedZippelSeparated
fire7_nb0_rank0725,Automatic,1,ok,799.784,151,2,1,0,0,2305843009213693967:148;2305843009213693973:3,Symbolica_default,cached_powers_Q,64,48,0.685,BalancedZippelSeparated
fire7_nb0_rank0726,Automatic,1,ok,994.725,148,2,1,0,0,2305843009213693967:145;2305843009213693973:3,Symbolica_default,cached_powers_Q,69,45,0.666,BalancedZippelSeparated
fire7_nb0_rank0727,Automatic,1,ok,1280.056,187,2,1,0,0,2305843009213693967:184;2305843009213693973:3,Symbolica_default,cached_powers_Q,65,52,0.585,BalancedZippelSeparated
fire7_nb0_rank0728,Automatic,1,ok,1327.167,154,2,1,0,0,2305843009213693967:151;2305843009213693973:3,Symbolica_default,cached_powers_Q,79,30,0.678,BalancedZippelSeparated
fire7_nb0_rank0729,Automatic,1,ok,1264.996,168,2,1,0,0,2305843009213693967:165;2305843009213693973:3,Symbolica_default,cached_powers_Q,84,25,0.711,BalancedZippelSeparated
fire7_nb0_rank0730,Automatic,1,ok,1115.005,185,2,1,0,0,2305843009213693967:182;2305843009213693973:3,Symbolica_default,cached_powers_Q,98,24,0.916,BalancedZippelSeparated
fire7_nb0_rank0731,Automatic,1,ok,1359.417,143,2,1,0,0,2305843009213693967:140;2305843009213693973:3,Symbolica_default,cached_powers_Q,69,45,1.005,BalancedZippelSeparated
fire7_nb0_rank0732,Automatic,1,ok,1601.268,187,2,1,0,0,2305843009213693967:184;2305843009213693973:3,Symbolica_default,cached_powers_Q,48,75,1.036,BalancedZippelSeparated
fire7_nb0_rank0733,Automatic,1,ok,1569.728,157,2,1,0,0,2305843009213693967:154;2305843009213693973:3,Symbolica_default,cached_powers_Q,32,84,1.220,BalancedZippelSeparated
fire7_nb0_rank0734,Automatic,1,ok,1384.326,182,2,1,0,0,2305843009213693967:179;2305843009213693973:3,Symbolica_default,cached_powers_Q,96,21,0.954,BalancedZippelSeparated
fire7_nb0_rank0735,Automatic,1,ok,1341.497,224,2,1,0,0,2305843009213693967:221;2305843009213693973:3,Symbolica_default,cached_powers_Q,90,36,0.569,BalancedZippelSeparated
fire7_nb0_rank0736,Automatic,1,ok,1140.536,204,2,1,0,0,2305843009213693967:201;2305843009213693973:3,Symbolica_default,cached_powers_Q,70,48,0.562,BalancedZippelSeparated
fire7_nb0_rank0737,Automatic,1,ok,1462.957,250,2,1,0,0,2305843009213693967:247;2305843009213693973:3,Symbolica_default,cached_powers_Q,100,20,0.809,BalancedZippelSeparated
fire7_nb0_rank0738,Automatic,1,ok,1390.707,151,2,1,0,0,2305843009213693967:148;2305843009213693973:3,Symbolica_default,cached_powers_Q,63,48,0.571,BalancedZippelSeparated
fire7_nb0_rank0739,Automatic,1,ok,1747.988,184,2,1,0,0,2305843009213693967:181;2305843009213693973:3,Symbolica_default,cached_powers_Q,97,20,0.881,BalancedZippelSeparated
fire7_nb0_rank0740,Automatic,1,ok,1090.645,165,2,1,0,0,2305843009213693967:162;2305843009213693973:3,Symbolica_default,cached_powers_Q,62,60,0.817,BalancedZippelSeparated
fire7_nb0_rank0741,Automatic,1,ok,1097.835,168,2,1,0,0,2305843009213693967:165;2305843009213693973:3,Symbolica_default,cached_powers_Q,72,45,0.811,BalancedZippelSeparated
fire7_nb0_rank0742,Automatic,1,ok,1265.187,179,2,1,0,0,2305843009213693967:176;2305843009213693973:3,Symbolica_default,cached_powers_Q,62,60,0.575,BalancedZippelSeparated
fire7_nb0_rank0743,Automatic,1,ok,2059.050,320,2,1,0,0,2305843009213693967:317;2305843009213693973:3,Symbolica_default,cached_powers_Q,100,34,0.728,BalancedZippelSeparated
fire7_nb0_rank0744,Automatic,1,ok,1469.808,293,2,1,0,0,2305843009213693967:290;2305843009213693973:3,Symbolica_default,cached_powers_Q,95,28,0.685,BalancedZippelSeparated
fire7_nb0_rank0745,Automatic,1,ok,1892.910,300,2,1,0,0,2305843009213693967:297;2305843009213693973:3,Symbolica_default,cached_powers_Q,69,60,0.569,BalancedZippelSeparated
fire7_nb0_rank0746,Automatic,1,ok,1280.766,204,2,1,0,0,2305843009213693967:201;2305843009213693973:3,Symbolica_default,cached_powers_Q,72,48,0.565,BalancedZippelSeparated
fire7_nb0_rank0747,Automatic,1,ok,1234.146,202,2,1,0,0,2305843009213693967:199;2305843009213693973:3,Symbolica_default,cached_powers_Q,66,52,0.758,BalancedZippelSeparated
fire7_nb0_rank0748,Automatic,1,ok,1578.578,204,2,1,0,0,2305843009213693967:201;2305843009213693973:3,Symbolica_default,cached_powers_Q,72,48,0.977,BalancedZippelSeparated
fire7_nb0_rank0749,Automatic,1,ok,1031.045,204,2,1,0,0,2305843009213693967:201;2305843009213693973:3,Symbolica_default,cached_powers_Q,72,48,1.198,BalancedZippelSeparated
fire7_nb0_rank0750,Automatic,1,ok,1461.118,249,2,1,0,0,2305843009213693967:246;2305843009213693973:3,Symbolica_default,cached_powers_Q,100,20,0.833,BalancedZippelSeparated
fire7_nb0_rank0751,Automatic,1,ok,1372.297,243,2,1,0,0,2305843009213693967:240;2305843009213693973:3,Symbolica_default,cached_powers_Q,70,56,0.744,BalancedZippelSeparated
fire7_nb0_rank0752,Automatic,1,ok,1173.206,200,2,1,0,0,2305843009213693967:197;2305843009213693973:3,Symbolica_default,cached_powers_Q,66,52,0.717,BalancedZippelSeparated
fire7_nb0_rank0753,Automatic,1,ok,1234.146,212,2,1,0,0,2305843009213693967:209;2305843009213693973:3,Symbolica_default,cached_powers_Q,89,28,0.765,BalancedZippelSeparated
fire7_nb0_rank0754,Automatic,1,ok,1506.388,177,2,1,0,0,2305843009213693967:174;2305843009213693973:3,Symbolica_default,cached_powers_Q,63,60,1.057,BalancedZippelSeparated
fire7_nb0_rank0755,Automatic,1,ok,953.515,147,2,1,0,0,2305843009213693967:144;2305843009213693973:3,Symbolica_default,cached_powers_Q,64,42,0.836,BalancedZippelSeparated
fire7_nb0_rank0756,Automatic,1,ok,1334.046,201,2,1,0,0,2305843009213693967:198;2305843009213693973:3,Symbolica_default,cached_powers_Q,78,39,0.573,BalancedZippelSeparated
fire7_nb0_rank0757,Automatic,1,ok,1419.517,179,2,1,0,0,2305843009213693967:176;2305843009213693973:3,Symbolica_default,cached_powers_Q,63,48,1.015,BalancedZippelSeparated
fire7_nb0_rank0758,Automatic,1,ok,1315.296,169,2,1,0,0,2305843009213693967:166;2305843009213693973:3,Symbolica_default,cached_powers_Q,77,30,0.996,BalancedZippelSeparated
fire7_nb0_rank0759,Automatic,1,ok,1392.718,164,2,1,0,0,2305843009213693967:161;2305843009213693973:3,Symbolica_default,cached_powers_Q,81,28,0.944,BalancedZippelSeparated
fire7_nb0_rank0760,Automatic,1,ok,1108.205,179,2,1,0,0,2305843009213693967:176;2305843009213693973:3,Symbolica_default,cached_powers_Q,63,48,0.696,BalancedZippelSeparated
fire7_nb0_rank0761,Automatic,1,ok,1117.116,203,2,1,0,0,2305843009213693967:200;2305843009213693973:3,Symbolica_default,cached_powers_Q,78,39,0.687,BalancedZippelSeparated
fire7_nb0_rank0762,Automatic,1,ok,1200.586,187,2,1,0,0,2305843009213693967:184;2305843009213693973:3,Symbolica_default,cached_powers_Q,66,48,0.521,BalancedZippelSeparated
fire7_nb0_rank0763,Automatic,1,ok,1039.835,157,2,1,0,0,2305843009213693967:154;2305843009213693973:3,Symbolica_default,cached_powers_Q,63,54,0.821,BalancedZippelSeparated
fire7_nb0_rank0764,Automatic,1,ok,1224.436,201,2,1,0,0,2305843009213693967:198;2305843009213693973:3,Symbolica_default,cached_powers_Q,102,12,0.584,BalancedZippelSeparated
fire7_nb0_rank0765,Automatic,1,ok,1195.095,186,2,1,0,0,2305843009213693967:183;2305843009213693973:3,Symbolica_default,cached_powers_Q,48,75,0.542,BalancedZippelSeparated
fire7_nb0_rank0766,Automatic,1,ok,1262.246,195,2,1,0,0,2305843009213693967:192;2305843009213693973:3,Symbolica_default,cached_powers_Q,66,48,0.538,BalancedZippelSeparated
fire7_nb0_rank0767,Automatic,1,ok,1573.608,202,2,1,0,0,2305843009213693967:199;2305843009213693973:3,Symbolica_default,cached_powers_Q,66,52,1.003,BalancedZippelSeparated
fire7_nb0_rank0768,Automatic,1,ok,1487.398,184,2,1,0,0,2305843009213693967:181;2305843009213693973:3,Symbolica_default,cached_powers_Q,100,12,1.111,BalancedZippelSeparated
fire7_nb0_rank0769,Automatic,1,ok,21131.415,169,2,1,0,0,2305843009213693967:166;2305843009213693973:3,Symbolica_default,cached_powers_Q,84,28,0.914,BalancedZippelSeparated
fire7_nb0_rank0770,Automatic,1,ok,23457.537,232,2,1,0,0,2305843009213693967:229;2305843009213693973:3,Symbolica_default,cached_powers_Q,65,56,1.041,BalancedZippelSeparated
fire7_nb0_rank0771,Automatic,1,ok,15029.055,201,2,1,0,0,2305843009213693967:198;2305843009213693973:3,Symbolica_default,cached_powers_Q,84,36,0.801,BalancedZippelSeparated
fire7_nb0_rank0772,Automatic,1,ok,1329.377,137,2,1,0,0,2305843009213693967:134;2305843009213693973:3,Symbolica_default,cached_powers_Q,70,35,1.166,BalancedZippelSeparated
fire7_nb0_rank0773,Automatic,1,ok,1598.658,182,2,1,0,0,2305843009213693967:179;2305843009213693973:3,Symbolica_default,cached_powers_Q,78,32,0.746,BalancedZippelSeparated
fire7_nb0_rank0774,Automatic,1,ok,1545.768,196,2,1,0,0,2305843009213693967:193;2305843009213693973:3,Symbolica_default,cached_powers_Q,80,32,0.953,BalancedZippelSeparated
fire7_nb0_rank0775,Automatic,1,ok,983.614,154,2,1,0,0,2305843009213693967:151;2305843009213693973:3,Symbolica_default,cached_powers_Q,54,60,0.519,BalancedZippelSeparated
fire7_nb0_rank0776,Automatic,1,ok,1959.240,337,2,1,0,0,2305843009213693967:334;2305843009213693973:3,Symbolica_default,cached_powers_Q,95,34,0.840,BalancedZippelSeparated
fire7_nb0_rank0777,Automatic,1,ok,1229.357,212,2,1,0,0,2305843009213693967:209;2305843009213693973:3,Symbolica_default,cached_powers_Q,60,60,0.690,BalancedZippelSeparated
fire7_nb0_rank0778,Automatic,1,ok,1342.857,226,2,1,0,0,2305843009213693967:223;2305843009213693973:3,Symbolica_default,cached_powers_Q,84,36,0.846,BalancedZippelSeparated
fire7_nb0_rank0779,Automatic,1,ok,1380.657,166,2,1,0,0,2305843009213693967:163;2305843009213693973:3,Symbolica_default,cached_powers_Q,84,20,0.630,BalancedZippelSeparated
fire7_nb0_rank0780,Automatic,1,ok,1683.659,215,2,1,0,0,2305843009213693967:212;2305843009213693973:3,Symbolica_default,cached_powers_Q,95,20,1.118,BalancedZippelSeparated
fire7_nb0_rank0781,Automatic,1,ok,1228.527,163,2,1,0,0,2305843009213693967:160;2305843009213693973:3,Symbolica_default,cached_powers_Q,69,35,0.814,BalancedZippelSeparated
fire7_nb0_rank0782,Automatic,1,ok,1416.867,163,2,1,0,0,2305843009213693967:160;2305843009213693973:3,Symbolica_default,cached_powers_Q,69,35,0.654,BalancedZippelSeparated
fire7_nb0_rank0783,Automatic,1,ok,1325.537,231,2,1,0,0,2305843009213693967:228;2305843009213693973:3,Symbolica_default,cached_powers_Q,72,44,0.687,BalancedZippelSeparated
fire7_nb0_rank0784,Automatic,1,ok,1184.236,220,2,1,0,0,2305843009213693967:217;2305843009213693973:3,Symbolica_default,cached_powers_Q,85,32,0.771,BalancedZippelSeparated
fire7_nb0_rank0785,Automatic,1,ok,931.094,161,2,1,0,0,2305843009213693967:158;2305843009213693973:3,Symbolica_default,cached_powers_Q,63,45,0.706,BalancedZippelSeparated
fire7_nb0_rank0786,Automatic,1,ok,1484.567,231,2,1,0,0,2305843009213693967:228;2305843009213693973:3,Symbolica_default,cached_powers_Q,72,44,0.542,BalancedZippelSeparated
fire7_nb0_rank0787,Automatic,1,ok,19638.508,161,2,1,0,0,2305843009213693967:158;2305843009213693973:3,Symbolica_default,cached_powers_Q,69,36,1.063,BalancedZippelSeparated
fire7_nb0_rank0788,Automatic,1,ok,1036.015,158,2,1,0,0,2305843009213693967:155;2305843009213693973:3,Symbolica_default,cached_powers_Q,62,40,0.698,BalancedZippelSeparated
fire7_nb0_rank0789,Automatic,1,ok,1513.798,158,2,1,0,0,2305843009213693967:155;2305843009213693973:3,Symbolica_default,cached_powers_Q,62,40,0.759,BalancedZippelSeparated
fire7_nb0_rank0790,Automatic,1,ok,1202.756,194,2,1,0,0,2305843009213693967:191;2305843009213693973:3,Symbolica_default,cached_powers_Q,97,12,0.824,BalancedZippelSeparated
fire7_nb0_rank0791,Automatic,1,ok,23650.588,152,2,1,0,0,2305843009213693967:149;2305843009213693973:3,Symbolica_default,cached_powers_Q,78,25,1.165,BalancedZippelSeparated
fire7_nb0_rank0792,Automatic,1,ok,998.285,150,2,1,0,0,2305843009213693967:147;2305843009213693973:3,Symbolica_default,cached_powers_Q,70,40,0.770,BalancedZippelSeparated
fire7_nb0_rank0793,Automatic,1,ok,1516.448,178,2,1,0,0,2305843009213693967:175;2305843009213693973:3,Symbolica_default,cached_powers_Q,88,24,1.183,BalancedZippelSeparated
fire7_nb0_rank0794,Automatic,1,ok,945.835,140,2,1,0,0,2305843009213693967:137;2305843009213693973:3,Symbolica_default,cached_powers_Q,56,48,0.558,BalancedZippelSeparated
fire7_nb0_rank0795,Automatic,1,ok,1134.986,198,2,1,0,0,2305843009213693967:195;2305843009213693973:3,Symbolica_default,cached_powers_Q,90,20,0.614,BalancedZippelSeparated
fire7_nb0_rank0796,Automatic,1,ok,1023.165,149,2,1,0,0,2305843009213693967:146;2305843009213693973:3,Symbolica_default,cached_powers_Q,78,25,0.664,BalancedZippelSeparated
fire7_nb0_rank0797,Automatic,1,ok,1231.176,206,2,1,0,0,2305843009213693967:203;2305843009213693973:3,Symbolica_default,cached_powers_Q,72,36,0.714,BalancedZippelSeparated
fire7_nb0_rank0798,Automatic,1,ok,1791.709,189,2,1,0,0,2305843009213693967:186;2305843009213693973:3,Symbolica_default,cached_powers_Q,85,27,1.216,BalancedZippelSeparated
fire7_nb0_rank0799,Automatic,1,ok,1371.397,179,2,1,0,0,2305843009213693967:176;2305843009213693973:3,Symbolica_default,cached_powers_Q,83,28,0.944,BalancedZippelSeparated
fire7_nb0_rank0800,Automatic,1,ok,1789.629,257,2,1,0,0,2305843009213693967:254;2305843009213693973:3,Symbolica_default,cached_powers_Q,85,28,0.866,BalancedZippelSeparated
fire7_nb0_rank0801,Automatic,1,ok,900.534,128,2,1,0,0,2305843009213693967:125;2305843009213693973:3,Symbolica_default,cached_powers_Q,52,54,0.633,BalancedZippelSeparated
fire7_nb0_rank0802,Automatic,1,ok,1056.525,152,2,1,0,0,2305843009213693967:149;2305843009213693973:3,Symbolica_default,cached_powers_Q,89,15,0.530,BalancedZippelSeparated
fire7_nb0_rank0803,Automatic,1,ok,1140.366,154,2,1,0,0,2305843009213693967:151;2305843009213693973:3,Symbolica_default,cached_powers_Q,79,25,0.745,BalancedZippelSeparated
fire7_nb0_rank0804,Automatic,1,ok,846.324,133,2,1,0,0,2305843009213693967:130;2305843009213693973:3,Symbolica_default,cached_powers_Q,52,54,0.647,BalancedZippelSeparated
fire7_nb0_rank0805,Automatic,1,ok,1150.146,176,2,1,0,0,2305843009213693967:173;2305843009213693973:3,Symbolica_default,cached_powers_Q,84,20,0.790,BalancedZippelSeparated
fire7_nb0_rank0806,Automatic,1,ok,1474.907,184,2,1,0,0,2305843009213693967:181;2305843009213693973:3,Symbolica_default,cached_powers_Q,78,27,0.778,BalancedZippelSeparated
fire7_nb0_rank0807,Automatic,1,ok,1260.256,151,2,1,0,0,2305843009213693967:148;2305843009213693973:3,Symbolica_default,cached_powers_Q,48,60,0.933,BalancedZippelSeparated
fire7_nb0_rank0808,Automatic,1,ok,1260.246,196,2,1,0,0,2305843009213693967:193;2305843009213693973:3,Symbolica_default,cached_powers_Q,84,18,0.787,BalancedZippelSeparated
fire7_nb0_rank0809,Automatic,1,ok,1051.205,197,2,1,0,0,2305843009213693967:194;2305843009213693973:3,Symbolica_default,cached_powers_Q,90,20,0.625,BalancedZippelSeparated
fire7_nb0_rank0810,Automatic,1,ok,1087.936,188,2,1,0,0,2305843009213693967:185;2305843009213693973:3,Symbolica_default,cached_powers_Q,72,40,0.675,BalancedZippelSeparated
fire7_nb0_rank0811,Automatic,1,ok,1288.876,187,2,1,0,0,2305843009213693967:184;2305843009213693973:3,Symbolica_default,cached_powers_Q,65,44,0.583,BalancedZippelSeparated
fire7_nb0_rank0812,Automatic,1,ok,1263.206,160,2,1,0,0,2305843009213693967:157;2305843009213693973:3,Symbolica_default,cached_powers_Q,60,48,0.585,BalancedZippelSeparated
fire7_nb0_rank0813,Automatic,1,ok,16027.890,207,2,1,0,0,2305843009213693967:204;2305843009213693973:3,Symbolica_default,cached_powers_Q,85,24,0.841,BalancedZippelSeparated
fire7_nb0_rank0814,Automatic,1,ok,1235.427,221,2,1,0,0,2305843009213693967:218;2305843009213693973:3,Symbolica_default,cached_powers_Q,86,20,0.887,BalancedZippelSeparated
fire7_nb0_rank0815,Automatic,1,ok,18885.355,250,2,1,0,0,2305843009213693967:247;2305843009213693973:3,Symbolica_default,cached_powers_Q,20,100,0.861,BalancedZippelSeparated
fire7_nb0_rank0816,Automatic,1,ok,1255.427,136,2,1,0,0,2305843009213693967:133;2305843009213693973:3,Symbolica_default,cached_powers_Q,56,42,1.088,BalancedZippelSeparated
fire7_nb0_rank0817,Automatic,1,ok,19277.856,232,2,1,0,0,2305843009213693967:229;2305843009213693973:3,Symbolica_default,cached_powers_Q,97,15,0.831,BalancedZippelSeparated
fire7_nb0_rank0818,Automatic,1,ok,20144.581,182,2,1,0,0,2305843009213693967:179;2305843009213693973:3,Symbolica_default,cached_powers_Q,91,12,0.877,BalancedZippelSeparated
fire7_nb0_rank0819,Automatic,1,ok,1391.007,206,2,1,0,0,2305843009213693967:203;2305843009213693973:3,Symbolica_default,cached_powers_Q,85,20,0.655,BalancedZippelSeparated
fire7_nb0_rank0820,Automatic,1,ok,1357.266,165,2,1,0,0,2305843009213693967:162;2305843009213693973:3,Symbolica_default,cached_powers_Q,66,36,0.872,BalancedZippelSeparated
fire7_nb0_rank0821,Automatic,1,ok,1205.606,221,2,1,0,0,2305843009213693967:218;2305843009213693973:3,Symbolica_default,cached_powers_Q,86,20,0.847,BalancedZippelSeparated
fire7_nb0_rank0822,Automatic,1,ok,1161.435,183,2,1,0,0,2305843009213693967:180;2305843009213693973:3,Symbolica_default,cached_powers_Q,72,30,0.721,BalancedZippelSeparated
fire7_nb0_rank0823,Automatic,1,ok,1273.746,202,2,1,0,0,2305843009213693967:199;2305843009213693973:3,Symbolica_default,cached_powers_Q,82,27,0.938,BalancedZippelSeparated
fire7_nb0_rank0824,Automatic,1,ok,1414.016,170,2,1,0,0,2305843009213693967:167;2305843009213693973:3,Symbolica_default,cached_powers_Q,54,56,0.957,BalancedZippelSeparated
fire7_nb0_rank0825,Automatic,1,ok,814.334,128,2,1,0,0,2305843009213693967:125;2305843009213693973:3,Symbolica_default,cached_powers_Q,56,45,0.645,BalancedZippelSeparated
fire7_nb0_rank0826,Automatic,1,ok,927.764,148,2,1,0,0,2305843009213693967:145;2305843009213693973:3,Symbolica_default,cached_powers_Q,68,30,0.684,BalancedZippelSeparated
fire7_nb0_rank0827,Automatic,1,ok,924.335,141,2,1,0,0,2305843009213693967:138;2305843009213693973:3,Symbolica_default,cached_powers_Q,63,40,0.524,BalancedZippelSeparated
fire7_nb0_rank0828,Automatic,1,ok,1145.666,203,2,1,0,0,2305843009213693967:200;2305843009213693973:3,Symbolica_default,cached_powers_Q,70,39,0.691,BalancedZippelSeparated
fire7_nb0_rank0829,Automatic,1,ok,1154.886,160,2,1,0,0,2305843009213693967:157;2305843009213693973:3,Symbolica_default,cached_powers_Q,65,36,0.530,BalancedZippelSeparated
fire7_nb0_rank0830,Automatic,1,ok,1470.118,191,2,1,0,0,2305843009213693967:188;2305843009213693973:3,Symbolica_default,cached_powers_Q,82,27,0.866,BalancedZippelSeparated
fire7_nb0_rank0831,Automatic,1,ok,1364.476,212,2,1,0,0,2305843009213693967:209;2305843009213693973:3,Symbolica_default,cached_powers_Q,70,39,1.176,BalancedZippelSeparated
fire7_nb0_rank0832,Automatic,1,ok,1550.828,199,2,1,0,0,2305843009213693967:196;2305843009213693973:3,Symbolica_default,cached_powers_Q,90,15,1.000,BalancedZippelSeparated
fire7_nb0_rank0833,Automatic,1,ok,1449.127,206,2,1,0,0,2305843009213693967:203;2305843009213693973:3,Symbolica_default,cached_powers_Q,85,20,0.641,BalancedZippelSeparated
fire7_nb0_rank0834,Automatic,1,ok,1111.096,160,2,1,0,0,2305843009213693967:157;2305843009213693973:3,Symbolica_default,cached_powers_Q,72,28,0.826,BalancedZippelSeparated
fire7_nb0_rank0835,Automatic,1,ok,1345.397,183,2,1,0,0,2305843009213693967:180;2305843009213693973:3,Symbolica_default,cached_powers_Q,78,27,0.853,BalancedZippelSeparated
fire7_nb0_rank0836,Automatic,1,ok,1150.355,168,2,1,0,0,2305843009213693967:165;2305843009213693973:3,Symbolica_default,cached_powers_Q,72,32,0.534,BalancedZippelSeparated
fire7_nb0_rank0837,Automatic,1,ok,1080.126,157,2,1,0,0,2305843009213693967:154;2305843009213693973:3,Symbolica_default,cached_powers_Q,32,70,0.783,BalancedZippelSeparated
fire7_nb0_rank0838,Automatic,1,ok,1165.116,177,2,1,0,0,2305843009213693967:174;2305843009213693973:3,Symbolica_default,cached_powers_Q,66,36,0.869,BalancedZippelSeparated
fire7_nb0_rank0839,Automatic,1,ok,1696.479,217,2,1,0,0,2305843009213693967:214;2305843009213693973:3,Symbolica_default,cached_powers_Q,54,54,1.030,BalancedZippelSeparated
fire7_nb0_rank0840,Automatic,1,ok,1310.057,151,2,1,0,0,2305843009213693967:148;2305843009213693973:3,Symbolica_default,cached_powers_Q,48,56,0.999,BalancedZippelSeparated
fire7_nb0_rank0841,Automatic,1,ok,1375.266,150,2,1,0,0,2305843009213693967:147;2305843009213693973:3,Symbolica_default,cached_powers_Q,72,28,1.173,BalancedZippelSeparated
fire7_nb0_rank0842,Automatic,1,ok,1336.436,197,2,1,0,0,2305843009213693967:194;2305843009213693973:3,Symbolica_default,cached_powers_Q,66,36,0.557,BalancedZippelSeparated
fire7_nb0_rank0843,Automatic,1,ok,1054.516,178,2,1,0,0,2305843009213693967:175;2305843009213693973:3,Symbolica_default,cached_powers_Q,59,52,0.520,BalancedZippelSeparated
fire7_nb0_rank0844,Automatic,1,ok,1487.457,166,2,1,0,0,2305843009213693967:163;2305843009213693973:3,Symbolica_default,cached_powers_Q,83,15,0.609,BalancedZippelSeparated
fire7_nb0_rank0845,Automatic,1,ok,1368.207,226,2,1,0,0,2305843009213693967:223;2305843009213693973:3,Symbolica_default,cached_powers_Q,76,28,0.630,BalancedZippelSeparated
fire7_nb0_rank0846,Automatic,1,ok,1212.826,176,2,1,0,0,2305843009213693967:173;2305843009213693973:3,Symbolica_default,cached_powers_Q,77,27,0.644,BalancedZippelSeparated
fire7_nb0_rank0847,Automatic,1,ok,1310.067,157,2,1,0,0,2305843009213693967:154;2305843009213693973:3,Symbolica_default,cached_powers_Q,72,28,0.638,BalancedZippelSeparated
fire7_nb0_rank0848,Automatic,1,ok,1467.468,159,2,1,0,0,2305843009213693967:156;2305843009213693973:3,Symbolica_default,cached_powers_Q,60,36,0.712,BalancedZippelSeparated
fire7_nb0_rank0849,Automatic,1,ok,1702.459,227,2,1,0,0,2305843009213693967:224;2305843009213693973:3,Symbolica_default,cached_powers_Q,60,51,0.999,BalancedZippelSeparated
fire7_nb0_rank0850,Automatic,1,ok,1192.666,202,2,1,0,0,2305843009213693967:199;2305843009213693973:3,Symbolica_default,cached_powers_Q,69,45,0.763,BalancedZippelSeparated
fire7_nb0_rank0851,Automatic,1,ok,1214.276,198,2,1,0,0,2305843009213693967:195;2305843009213693973:3,Symbolica_default,cached_powers_Q,77,24,0.515,BalancedZippelSeparated
fire7_nb0_rank0852,Automatic,1,ok,1782.269,314,2,1,0,0,2305843009213693967:311;2305843009213693973:3,Symbolica_default,cached_powers_Q,72,36,0.611,BalancedZippelSeparated
fire7_nb0_rank0853,Automatic,1,ok,1028.285,165,2,1,0,0,2305843009213693967:162;2305843009213693973:3,Symbolica_default,cached_powers_Q,54,48,0.522,BalancedZippelSeparated
fire7_nb0_rank0854,Automatic,1,ok,903.354,138,2,1,0,0,2305843009213693967:135;2305843009213693973:3,Symbolica_default,cached_powers_Q,68,25,0.844,BalancedZippelSeparated
fire7_nb0_rank0855,Automatic,1,ok,18509.333,185,2,1,0,0,2305843009213693967:182;2305843009213693973:3,Symbolica_default,cached_powers_Q,85,18,1.366,BalancedZippelSeparated
fire7_nb0_rank0856,Automatic,1,ok,1014.235,155,2,1,0,0,2305843009213693967:152;2305843009213693973:3,Symbolica_default,cached_powers_Q,77,15,0.799,BalancedZippelSeparated
fire7_nb0_rank0857,Automatic,1,ok,19536.197,169,2,1,0,0,2305843009213693967:166;2305843009213693973:3,Symbolica_default,cached_powers_Q,72,28,1.118,BalancedZippelSeparated
fire7_nb0_rank0858,Automatic,1,ok,1028.875,131,2,1,0,0,2305843009213693967:128;2305843009213693973:3,Symbolica_default,cached_powers_Q,63,35,0.896,BalancedZippelSeparated
fire7_nb0_rank0859,Automatic,1,ok,911.334,119,2,1,0,0,2305843009213693967:116;2305843009213693973:3,Symbolica_default,cached_powers_Q,32,60,0.728,BalancedZippelSeparated
fire7_nb0_rank0860,Automatic,1,ok,1304.827,151,2,1,0,0,2305843009213693967:148;2305843009213693973:3,Symbolica_default,cached_powers_Q,72,20,0.563,BalancedZippelSeparated
fire7_nb0_rank0861,Automatic,1,ok,913.834,161,2,1,0,0,2305843009213693967:158;2305843009213693973:3,Symbolica_default,cached_powers_Q,72,24,0.654,BalancedZippelSeparated
fire7_nb0_rank0862,Automatic,1,ok,1517.128,226,2,1,0,0,2305843009213693967:223;2305843009213693973:3,Symbolica_default,cached_powers_Q,80,18,0.622,BalancedZippelSeparated
fire7_nb0_rank0863,Automatic,1,ok,1338.536,137,2,1,0,0,2305843009213693967:134;2305843009213693973:3,Symbolica_default,cached_powers_Q,72,24,1.125,BalancedZippelSeparated
fire7_nb0_rank0864,Automatic,1,ok,1824.160,228,2,1,0,0,2305843009213693967:225;2305843009213693973:3,Symbolica_default,cached_powers_Q,72,39,0.999,BalancedZippelSeparated
fire7_nb0_rank0865,Automatic,1,ok,1117.895,192,2,1,0,0,2305843009213693967:189;2305843009213693973:3,Symbolica_default,cached_powers_Q,64,39,0.690,BalancedZippelSeparated
fire7_nb0_rank0866,Automatic,1,ok,1240.257,172,2,1,0,0,2305843009213693967:169;2305843009213693973:3,Symbolica_default,cached_powers_Q,72,21,0.674,BalancedZippelSeparated
fire7_nb0_rank0867,Automatic,1,ok,1195.976,202,2,1,0,0,2305843009213693967:199;2305843009213693973:3,Symbolica_default,cached_powers_Q,68,45,0.749,BalancedZippelSeparated
fire7_nb0_rank0868,Automatic,1,ok,1025.875,166,2,1,0,0,2305843009213693967:163;2305843009213693973:3,Symbolica_default,cached_powers_Q,42,56,0.664,BalancedZippelSeparated
fire7_nb0_rank0869,Automatic,1,ok,1255.607,193,2,1,0,0,2305843009213693967:190;2305843009213693973:3,Symbolica_default,cached_powers_Q,74,28,0.740,BalancedZippelSeparated
fire7_nb0_rank0870,Automatic,1,ok,1366.267,143,2,1,0,0,2305843009213693967:140;2305843009213693973:3,Symbolica_default,cached_powers_Q,67,24,0.917,BalancedZippelSeparated
fire7_nb0_rank0871,Automatic,1,ok,1630.638,193,2,1,0,0,2305843009213693967:190;2305843009213693973:3,Symbolica_default,cached_powers_Q,70,36,0.754,BalancedZippelSeparated
fire7_nb0_rank0872,Automatic,1,ok,1605.228,168,2,1,0,0,2305843009213693967:165;2305843009213693973:3,Symbolica_default,cached_powers_Q,84,15,0.948,BalancedZippelSeparated
fire7_nb0_rank0873,Automatic,1,ok,933.374,136,2,1,0,0,2305843009213693967:133;2305843009213693973:3,Symbolica_default,cached_powers_Q,56,35,0.862,BalancedZippelSeparated
fire7_nb0_rank0874,Automatic,1,ok,1090.266,182,2,1,0,0,2305843009213693967:179;2305843009213693973:3,Symbolica_default,cached_powers_Q,69,36,0.627,BalancedZippelSeparated
fire7_nb0_rank0875,Automatic,1,ok,1014.965,172,2,1,0,0,2305843009213693967:169;2305843009213693973:3,Symbolica_default,cached_powers_Q,72,27,0.732,BalancedZippelSeparated
fire7_nb0_rank0876,Automatic,1,ok,1124.375,182,2,1,0,0,2305843009213693967:179;2305843009213693973:3,Symbolica_default,cached_powers_Q,69,36,0.575,BalancedZippelSeparated
fire7_nb0_rank0877,Automatic,1,ok,1041.105,172,2,1,0,0,2305843009213693967:169;2305843009213693973:3,Symbolica_default,cached_powers_Q,37,60,0.746,BalancedZippelSeparated
fire7_nb0_rank0878,Automatic,1,ok,1008.345,148,2,1,0,0,2305843009213693967:145;2305843009213693973:3,Symbolica_default,cached_powers_Q,28,70,0.799,BalancedZippelSeparated
fire7_nb0_rank0879,Automatic,1,ok,996.915,148,2,1,0,0,2305843009213693967:145;2305843009213693973:3,Symbolica_default,cached_powers_Q,28,70,0.760,BalancedZippelSeparated
fire7_nb0_rank0880,Automatic,1,ok,1056.215,152,2,1,0,0,2305843009213693967:149;2305843009213693973:3,Symbolica_default,cached_powers_Q,65,28,0.793,BalancedZippelSeparated
fire7_nb0_rank0881,Automatic,1,ok,1489.107,155,2,1,0,0,2305843009213693967:152;2305843009213693973:3,Symbolica_default,cached_powers_Q,69,20,1.088,BalancedZippelSeparated
fire7_nb0_rank0882,Automatic,1,ok,1983.590,230,2,1,0,0,2305843009213693967:227;2305843009213693973:3,Symbolica_default,cached_powers_Q,68,33,0.754,BalancedZippelSeparated
fire7_nb0_rank0883,Automatic,1,ok,1237.527,154,2,1,0,0,2305843009213693967:151;2305843009213693973:3,Symbolica_default,cached_powers_Q,20,90,0.627,BalancedZippelSeparated
fire7_nb0_rank0884,Automatic,1,ok,1120.066,205,2,1,0,0,2305843009213693967:202;2305843009213693973:3,Symbolica_default,cached_powers_Q,68,36,0.852,BalancedZippelSeparated
fire7_nb0_rank0885,Automatic,1,ok,1025.995,144,2,1,0,0,2305843009213693967:141;2305843009213693973:3,Symbolica_default,cached_powers_Q,63,28,0.788,BalancedZippelSeparated
fire7_nb0_rank0886,Automatic,1,ok,1064.326,187,2,1,0,0,2305843009213693967:184;2305843009213693973:3,Symbolica_default,cached_powers_Q,65,36,0.669,BalancedZippelSeparated
fire7_nb0_rank0887,Automatic,1,ok,1027.435,185,2,1,0,0,2305843009213693967:182;2305843009213693973:3,Symbolica_default,cached_powers_Q,70,32,0.667,BalancedZippelSeparated
fire7_nb0_rank0888,Automatic,1,ok,1249.126,189,2,1,0,0,2305843009213693967:186;2305843009213693973:3,Symbolica_default,cached_powers_Q,60,39,0.542,BalancedZippelSeparated
fire7_nb0_rank0889,Automatic,1,ok,1118.035,188,2,1,0,0,2305843009213693967:185;2305843009213693973:3,Symbolica_default,cached_powers_Q,60,39,0.684,BalancedZippelSeparated
fire7_nb0_rank0890,Automatic,1,ok,994.715,158,2,1,0,0,2305843009213693967:155;2305843009213693973:3,Symbolica_default,cached_powers_Q,48,48,0.672,BalancedZippelSeparated
fire7_nb0_rank0891,Automatic,1,ok,1046.405,145,2,1,0,0,2305843009213693967:142;2305843009213693973:3,Symbolica_default,cached_powers_Q,54,45,0.787,BalancedZippelSeparated
fire7_nb0_rank0892,Automatic,1,ok,1236.386,162,2,1,0,0,2305843009213693967:159;2305843009213693973:3,Symbolica_default,cached_powers_Q,66,28,0.644,BalancedZippelSeparated
fire7_nb0_rank0893,Automatic,1,ok,979.225,160,2,1,0,0,2305843009213693967:157;2305843009213693973:3,Symbolica_default,cached_powers_Q,66,27,0.595,BalancedZippelSeparated
fire7_nb0_rank0894,Automatic,1,ok,1131.085,192,2,1,0,0,2305843009213693967:189;2305843009213693973:3,Symbolica_default,cached_powers_Q,64,39,0.763,BalancedZippelSeparated
fire7_nb0_rank0895,Automatic,1,ok,1111.936,153,2,1,0,0,2305843009213693967:150;2305843009213693973:3,Symbolica_default,cached_powers_Q,66,28,0.901,BalancedZippelSeparated
fire7_nb0_rank0896,Automatic,1,ok,1155.616,135,2,1,0,0,2305843009213693967:132;2305843009213693973:3,Symbolica_default,cached_powers_Q,6,100,0.545,BalancedZippelSeparated
fire7_nb0_rank0897,Automatic,1,ok,1137.646,134,2,1,0,0,2305843009213693967:131;2305843009213693973:3,Symbolica_default,cached_powers_Q,6,100,0.663,BalancedZippelSeparated
fire7_nb0_rank0898,Automatic,1,ok,1034.876,184,2,1,0,0,2305843009213693967:181;2305843009213693973:3,Symbolica_default,cached_powers_Q,72,27,0.521,BalancedZippelSeparated
fire7_nb0_rank0899,Automatic,1,ok,1173.146,206,2,1,0,0,2305843009213693967:203;2305843009213693973:3,Symbolica_default,cached_powers_Q,70,27,0.517,BalancedZippelSeparated
fire7_nb0_rank0900,Automatic,1,ok,906.705,148,2,1,0,0,2305843009213693967:145;2305843009213693973:3,Symbolica_default,cached_powers_Q,65,28,1.016,BalancedZippelSeparated
fire7_nb0_rank0901,Automatic,1,ok,875.994,144,2,1,0,0,2305843009213693967:141;2305843009213693973:3,Symbolica_default,cached_powers_Q,63,28,1.014,BalancedZippelSeparated
fire7_nb0_rank0902,Automatic,1,ok,1107.415,187,2,1,0,0,2305843009213693967:184;2305843009213693973:3,Symbolica_default,cached_powers_Q,65,36,0.716,BalancedZippelSeparated
fire7_nb0_rank0903,Automatic,1,ok,937.894,174,2,1,0,0,2305843009213693967:171;2305843009213693973:3,Symbolica_default,cached_powers_Q,69,28,0.915,BalancedZippelSeparated
fire7_nb0_rank0904,Automatic,1,ok,1173.916,187,2,1,0,0,2305843009213693967:184;2305843009213693973:3,Symbolica_default,cached_powers_Q,65,36,0.488,BalancedZippelSeparated
fire7_nb0_rank0905,Automatic,1,ok,1214.736,173,2,1,0,0,2305843009213693967:170;2305843009213693973:3,Symbolica_default,cached_powers_Q,65,36,0.545,BalancedZippelSeparated
fire7_nb0_rank0906,Automatic,1,ok,1028.846,195,2,1,0,0,2305843009213693967:192;2305843009213693973:3,Symbolica_default,cached_powers_Q,70,36,0.680,BalancedZippelSeparated
fire7_nb0_rank0907,Automatic,1,ok,1220.666,187,2,1,0,0,2305843009213693967:184;2305843009213693973:3,Symbolica_default,cached_powers_Q,54,42,0.520,BalancedZippelSeparated
fire7_nb0_rank0908,Automatic,1,ok,1138.036,175,2,1,0,0,2305843009213693967:172;2305843009213693973:3,Symbolica_default,cached_powers_Q,70,25,0.566,BalancedZippelSeparated
fire7_nb0_rank0909,Automatic,1,ok,1073.326,152,2,1,0,0,2305843009213693967:149;2305843009213693973:3,Symbolica_default,cached_powers_Q,77,10,0.581,BalancedZippelSeparated
fire7_nb0_rank0910,Automatic,1,ok,15412.057,234,2,1,0,0,2305843009213693967:231;2305843009213693973:3,Symbolica_default,cached_powers_Q,36,66,0.531,BalancedZippelSeparated
fire7_nb0_rank0911,Automatic,1,ok,15401.386,234,2,1,0,0,2305843009213693967:231;2305843009213693973:3,Symbolica_default,cached_powers_Q,36,66,0.532,BalancedZippelSeparated
fire7_nb0_rank0912,Automatic,1,ok,1264.376,146,2,1,0,0,2305843009213693967:143;2305843009213693973:3,Symbolica_default,cached_powers_Q,77,15,0.603,BalancedZippelSeparated
fire7_nb0_rank0913,Automatic,1,ok,1049.505,165,2,1,0,0,2305843009213693967:162;2305843009213693973:3,Symbolica_default,cached_powers_Q,54,48,0.526,BalancedZippelSeparated
fire7_nb0_rank0914,Automatic,1,ok,1072.395,143,2,1,0,0,2305843009213693967:140;2305843009213693973:3,Symbolica_default,cached_powers_Q,35,60,0.655,BalancedZippelSeparated
fire7_nb0_rank0915,Automatic,1,ok,1112.026,163,2,1,0,0,2305843009213693967:160;2305843009213693973:3,Symbolica_default,cached_powers_Q,30,75,0.840,BalancedZippelSeparated
fire7_nb0_rank0916,Automatic,1,ok,1348.956,193,2,1,0,0,2305843009213693967:190;2305843009213693973:3,Symbolica_default,cached_powers_Q,70,27,0.950,BalancedZippelSeparated
fire7_nb0_rank0917,Automatic,1,ok,1691.259,244,2,1,0,0,2305843009213693967:241;2305843009213693973:3,Symbolica_default,cached_powers_Q,70,30,1.265,BalancedZippelSeparated
fire7_nb0_rank0918,Automatic,1,ok,1209.586,163,2,1,0,0,2305843009213693967:160;2305843009213693973:3,Symbolica_default,cached_powers_Q,30,75,1.251,BalancedZippelSeparated
fire7_nb0_rank0919,Automatic,1,ok,1357.097,248,2,1,0,0,2305843009213693967:245;2305843009213693973:3,Symbolica_default,cached_powers_Q,68,36,0.693,BalancedZippelSeparated
fire7_nb0_rank0920,Automatic,1,ok,1175.536,157,2,1,0,0,2305843009213693967:154;2305843009213693973:3,Symbolica_default,cached_powers_Q,78,12,0.665,BalancedZippelSeparated
fire7_nb0_rank0921,Automatic,1,ok,776.954,132,2,1,0,0,2305843009213693967:129;2305843009213693973:3,Symbolica_default,cached_powers_Q,42,54,0.604,BalancedZippelSeparated
fire7_nb0_rank0922,Automatic,1,ok,990.395,159,2,1,0,0,2305843009213693967:156;2305843009213693973:3,Symbolica_default,cached_powers_Q,72,15,0.569,BalancedZippelSeparated
fire7_nb0_rank0923,Automatic,1,ok,1027.805,173,2,1,0,0,2305843009213693967:170;2305843009213693973:3,Symbolica_default,cached_powers_Q,64,33,0.703,BalancedZippelSeparated
fire7_nb0_rank0924,Automatic,1,ok,1121.205,179,2,1,0,0,2305843009213693967:176;2305843009213693973:3,Symbolica_default,cached_powers_Q,70,27,1.142,BalancedZippelSeparated
fire7_nb0_rank0925,Automatic,1,ok,1147.716,143,2,1,0,0,2305843009213693967:140;2305843009213693973:3,Symbolica_default,cached_powers_Q,72,20,0.589,BalancedZippelSeparated
fire7_nb0_rank0926,Automatic,1,ok,1220.707,139,2,1,0,0,2305843009213693967:136;2305843009213693973:3,Symbolica_default,cached_powers_Q,35,60,0.661,BalancedZippelSeparated
fire7_nb0_rank0927,Automatic,1,ok,836.084,139,2,1,0,0,2305843009213693967:136;2305843009213693973:3,Symbolica_default,cached_powers_Q,35,60,0.910,BalancedZippelSeparated
fire7_nb0_rank0928,Automatic,1,ok,1010.335,171,2,1,0,0,2305843009213693967:168;2305843009213693973:3,Symbolica_default,cached_powers_Q,64,33,0.677,BalancedZippelSeparated
fire7_nb0_rank0929,Automatic,1,ok,952.865,169,2,1,0,0,2305843009213693967:166;2305843009213693973:3,Symbolica_default,cached_powers_Q,70,28,0.967,BalancedZippelSeparated
fire7_nb0_rank0930,Automatic,1,ok,1246.446,199,2,1,0,0,2305843009213693967:196;2305843009213693973:3,Symbolica_default,cached_powers_Q,72,27,0.522,BalancedZippelSeparated
fire7_nb0_rank0931,Automatic,1,ok,1331.287,167,2,1,0,0,2305843009213693967:164;2305843009213693973:3,Symbolica_default,cached_powers_Q,61,28,1.020,BalancedZippelSeparated
fire7_nb0_rank0932,Automatic,1,ok,1316.647,163,2,1,0,0,2305843009213693967:160;2305843009213693973:3,Symbolica_default,cached_powers_Q,65,25,1.118,BalancedZippelSeparated
fire7_nb0_rank0933,Automatic,1,ok,1146.295,163,2,1,0,0,2305843009213693967:160;2305843009213693973:3,Symbolica_default,cached_powers_Q,30,75,0.871,BalancedZippelSeparated
fire7_nb0_rank0934,Automatic,1,ok,1335.517,182,2,1,0,0,2305843009213693967:179;2305843009213693973:3,Symbolica_default,cached_powers_Q,65,36,0.546,BalancedZippelSeparated
fire7_nb0_rank0935,Automatic,1,ok,1472.917,139,2,1,0,0,2305843009213693967:136;2305843009213693973:3,Symbolica_default,cached_powers_Q,34,60,0.858,BalancedZippelSeparated
fire7_nb0_rank0936,Automatic,1,ok,1321.357,188,2,1,0,0,2305843009213693967:185;2305843009213693973:3,Symbolica_default,cached_powers_Q,64,36,0.946,BalancedZippelSeparated
fire7_nb0_rank0937,Automatic,1,ok,1192.315,139,2,1,0,0,2305843009213693967:136;2305843009213693973:3,Symbolica_default,cached_powers_Q,63,24,1.029,BalancedZippelSeparated
fire7_nb0_rank0938,Automatic,1,ok,1507.508,230,2,1,0,0,2305843009213693967:227;2305843009213693973:3,Symbolica_default,cached_powers_Q,80,26,0.898,BalancedZippelSeparated
fire7_nb0_rank0939,Automatic,1,ok,991.495,159,2,1,0,0,2305843009213693967:156;2305843009213693973:3,Symbolica_default,cached_powers_Q,72,18,0.704,BalancedZippelSeparated
fire7_nb0_rank0940,Automatic,1,ok,956.205,127,2,1,0,0,2305843009213693967:124;2305843009213693973:3,Symbolica_default,cached_powers_Q,63,25,0.763,BalancedZippelSeparated
fire7_nb0_rank0941,Automatic,1,ok,1072.856,179,2,1,0,0,2305843009213693967:176;2305843009213693973:3,Symbolica_default,cached_powers_Q,70,27,0.634,BalancedZippelSeparated
fire7_nb0_rank0942,Automatic,1,ok,1304.717,157,2,1,0,0,2305843009213693967:154;2305843009213693973:3,Symbolica_default,cached_powers_Q,65,28,0.849,BalancedZippelSeparated
fire7_nb0_rank0943,Automatic,1,ok,1360.427,195,2,1,0,0,2305843009213693967:192;2305843009213693973:3,Symbolica_default,cached_powers_Q,70,27,0.947,BalancedZippelSeparated
fire7_nb0_rank0944,Automatic,1,ok,1244.446,204,2,1,0,0,2305843009213693967:201;2305843009213693973:3,Symbolica_default,cached_powers_Q,72,20,1.185,BalancedZippelSeparated
fire7_nb0_rank0945,Automatic,1,ok,1088.045,136,2,1,0,0,2305843009213693967:133;2305843009213693973:3,Symbolica_default,cached_powers_Q,54,35,1.224,BalancedZippelSeparated
fire7_nb0_rank0946,Automatic,1,ok,1183.475,193,2,1,0,0,2305843009213693967:190;2305843009213693973:3,Symbolica_default,cached_powers_Q,71,20,0.778,BalancedZippelSeparated
fire7_nb0_rank0947,Automatic,1,ok,1339.047,117,2,1,0,0,2305843009213693967:114;2305843009213693973:3,Symbolica_default,cached_powers_Q,49,35,0.797,BalancedZippelSeparated
fire7_nb0_rank0948,Automatic,1,ok,1077.045,181,2,1,0,0,2305843009213693967:178;2305843009213693973:3,Symbolica_default,cached_powers_Q,55,36,0.734,BalancedZippelSeparated
fire7_nb0_rank0949,Automatic,1,ok,1049.705,189,2,1,0,0,2305843009213693967:186;2305843009213693973:3,Symbolica_default,cached_powers_Q,65,27,0.725,BalancedZippelSeparated
fire7_nb0_rank0950,Automatic,1,ok,922.075,133,2,1,0,0,2305843009213693967:130;2305843009213693973:3,Symbolica_default,cached_powers_Q,68,15,0.565,BalancedZippelSeparated
fire7_nb0_rank0951,Automatic,1,ok,16645.523,229,2,1,0,0,2305843009213693967:226;2305843009213693973:3,Symbolica_default,cached_powers_Q,74,30,0.863,BalancedZippelSeparated
fire7_nb0_rank0952,Automatic,1,ok,1049.645,162,2,1,0,0,2305843009213693967:159;2305843009213693973:3,Symbolica_default,cached_powers_Q,70,20,0.588,BalancedZippelSeparated
fire7_nb0_rank0953,Automatic,1,ok,1048.746,177,2,1,0,0,2305843009213693967:174;2305843009213693973:3,Symbolica_default,cached_powers_Q,70,24,0.594,BalancedZippelSeparated
fire7_nb0_rank0954,Automatic,1,ok,1265.296,144,2,1,0,0,2305843009213693967:141;2305843009213693973:3,Symbolica_default,cached_powers_Q,72,15,1.047,BalancedZippelSeparated
fire7_nb0_rank0955,Automatic,1,ok,1096.295,194,2,1,0,0,2305843009213693967:191;2305843009213693973:3,Symbolica_default,cached_powers_Q,85,10,0.788,BalancedZippelSeparated
fire7_nb0_rank0956,Automatic,1,ok,1615.308,209,2,1,0,0,2305843009213693967:206;2305843009213693973:3,Symbolica_default,cached_powers_Q,79,20,1.049,BalancedZippelSeparated
fire7_nb0_rank0957,Automatic,1,ok,1027.185,169,2,1,0,0,2305843009213693967:166;2305843009213693973:3,Symbolica_default,cached_powers_Q,65,27,0.530,BalancedZippelSeparated
fire7_nb0_rank0958,Automatic,1,ok,758.414,128,2,1,0,0,2305843009213693967:125;2305843009213693973:3,Symbolica_default,cached_powers_Q,42,48,0.670,BalancedZippelSeparated
fire7_nb0_rank0959,Automatic,1,ok,1431.867,141,2,1,0,0,2305843009213693967:138;2305843009213693973:3,Symbolica_default,cached_powers_Q,66,15,0.795,BalancedZippelSeparated
fire7_nb0_rank0960,Automatic,1,ok,1062.945,194,2,1,0,0,2305843009213693967:191;2305843009213693973:3,Symbolica_default,cached_powers_Q,72,20,0.765,BalancedZippelSeparated
fire7_nb0_rank0961,Automatic,1,ok,942.244,134,2,1,0,0,2305843009213693967:131;2305843009213693973:3,Symbolica_default,cached_powers_Q,7,90,0.704,BalancedZippelSeparated
fire7_nb0_rank0962,Automatic,1,ok,1052.455,184,2,1,0,0,2305843009213693967:181;2305843009213693973:3,Symbolica_default,cached_powers_Q,65,27,0.490,BalancedZippelSeparated
fire7_nb0_rank0963,Automatic,1,ok,1155.576,201,2,1,0,0,2305843009213693967:198;2305843009213693973:3,Symbolica_default,cached_powers_Q,55,42,0.750,BalancedZippelSeparated
fire7_nb0_rank0964,Automatic,1,ok,1141.045,201,2,1,0,0,2305843009213693967:198;2305843009213693973:3,Symbolica_default,cached_powers_Q,55,42,0.713,BalancedZippelSeparated
fire7_nb0_rank0965,Automatic,1,ok,1252.126,159,2,1,0,0,2305843009213693967:156;2305843009213693973:3,Symbolica_default,cached_powers_Q,60,27,0.968,BalancedZippelSeparated
fire7_nb0_rank0966,Automatic,1,ok,788.724,127,2,1,0,0,2305843009213693967:124;2305843009213693973:3,Symbolica_default,cached_powers_Q,60,20,0.716,BalancedZippelSeparated
fire7_nb0_rank0967,Automatic,1,ok,1453.137,170,2,1,0,0,2305843009213693967:167;2305843009213693973:3,Symbolica_default,cached_powers_Q,60,27,0.682,BalancedZippelSeparated
fire7_nb0_rank0968,Automatic,1,ok,1114.945,199,2,1,0,0,2305843009213693967:196;2305843009213693973:3,Symbolica_default,cached_powers_Q,50,45,0.695,BalancedZippelSeparated
fire7_nb0_rank0969,Automatic,1,ok,942.585,160,2,1,0,0,2305843009213693967:157;2305843009213693973:3,Symbolica_default,cached_powers_Q,55,30,0.663,BalancedZippelSeparated
fire7_nb0_rank0970,Automatic,1,ok,920.395,153,2,1,0,0,2305843009213693967:150;2305843009213693973:3,Symbolica_default,cached_powers_Q,72,18,0.681,BalancedZippelSeparated
fire7_nb0_rank0971,Automatic,1,ok,1295.907,198,2,1,0,0,2305843009213693967:195;2305843009213693973:3,Symbolica_default,cached_powers_Q,64,27,0.872,BalancedZippelSeparated
fire7_nb0_rank0972,Automatic,1,ok,1243.976,155,2,1,0,0,2305843009213693967:152;2305843009213693973:3,Symbolica_default,cached_powers_Q,59,27,0.868,BalancedZippelSeparated
fire7_nb0_rank0973,Automatic,1,ok,1167.846,125,2,1,0,0,2305843009213693967:122;2305843009213693973:3,Symbolica_default,cached_powers_Q,54,25,0.932,BalancedZippelSeparated
fire7_nb0_rank0974,Automatic,1,ok,1121.075,200,2,1,0,0,2305843009213693967:197;2305843009213693973:3,Symbolica_default,cached_powers_Q,50,45,0.677,BalancedZippelSeparated
fire7_nb0_rank0975,Automatic,1,ok,1213.727,199,2,1,0,0,2305843009213693967:196;2305843009213693973:3,Symbolica_default,cached_powers_Q,50,45,0.492,BalancedZippelSeparated
fire7_nb0_rank0976,Automatic,1,ok,856.174,147,2,1,0,0,2305843009213693967:144;2305843009213693973:3,Symbolica_default,cached_powers_Q,52,36,0.473,BalancedZippelSeparated
fire7_nb0_rank0977,Automatic,1,ok,936.995,165,2,1,0,0,2305843009213693967:162;2305843009213693973:3,Symbolica_default,cached_powers_Q,65,24,0.492,BalancedZippelSeparated
fire7_nb0_rank0978,Automatic,1,ok,1077.205,141,2,1,0,0,2305843009213693967:138;2305843009213693973:3,Symbolica_default,cached_powers_Q,71,15,0.542,BalancedZippelSeparated
fire7_nb0_rank0979,Automatic,1,ok,1003.275,126,2,1,0,0,2305843009213693967:123;2305843009213693973:3,Symbolica_default,cached_powers_Q,41,45,0.677,BalancedZippelSeparated
fire7_nb0_rank0980,Automatic,1,ok,1654.188,215,2,1,0,0,2305843009213693967:212;2305843009213693973:3,Symbolica_default,cached_powers_Q,60,30,1.043,BalancedZippelSeparated
fire7_nb0_rank0981,Automatic,1,ok,2081.811,272,2,1,0,0,2305843009213693967:269;2305843009213693973:3,Symbolica_default,cached_powers_Q,73,21,0.698,BalancedZippelSeparated
fire7_nb0_rank0982,Automatic,1,ok,1015.915,169,2,1,0,0,2305843009213693967:166;2305843009213693973:3,Symbolica_default,cached_powers_Q,56,32,0.647,BalancedZippelSeparated
fire7_nb0_rank0983,Automatic,1,ok,1080.095,157,2,1,0,0,2305843009213693967:154;2305843009213693973:3,Symbolica_default,cached_powers_Q,65,21,0.832,BalancedZippelSeparated
fire7_nb0_rank0984,Automatic,1,ok,1168.786,129,2,1,0,0,2305843009213693967:126;2305843009213693973:3,Symbolica_default,cached_powers_Q,66,15,0.562,BalancedZippelSeparated
fire7_nb0_rank0985,Automatic,1,ok,883.654,136,2,1,0,0,2305843009213693967:133;2305843009213693973:3,Symbolica_default,cached_powers_Q,42,50,0.499,BalancedZippelSeparated
fire7_nb0_rank0986,Automatic,1,ok,1139.686,147,2,1,0,0,2305843009213693967:144;2305843009213693973:3,Symbolica_default,cached_powers_Q,30,56,0.910,BalancedZippelSeparated
fire7_nb0_rank0987,Automatic,1,ok,1057.105,138,2,1,0,0,2305843009213693967:135;2305843009213693973:3,Symbolica_default,cached_powers_Q,54,28,0.790,BalancedZippelSeparated
fire7_nb0_rank0988,Automatic,1,ok,1075.885,171,2,1,0,0,2305843009213693967:168;2305843009213693973:3,Symbolica_default,cached_powers_Q,57,33,0.506,BalancedZippelSeparated
fire7_nb0_rank0989,Automatic,1,ok,935.085,124,2,1,0,0,2305843009213693967:121;2305843009213693973:3,Symbolica_default,cached_powers_Q,61,20,0.897,BalancedZippelSeparated
fire7_nb0_rank0990,Automatic,1,ok,1170.876,202,2,1,0,0,2305843009213693967:199;2305843009213693973:3,Symbolica_default,cached_powers_Q,70,20,0.766,BalancedZippelSeparated
fire7_nb0_rank0991,Automatic,1,ok,1354.547,214,2,1,0,0,2305843009213693967:211;2305843009213693973:3,Symbolica_default,cached_powers_Q,67,30,0.864,BalancedZippelSeparated
fire7_nb0_rank0992,Automatic,1,ok,1064.965,151,2,1,0,0,2305843009213693967:148;2305843009213693973:3,Symbolica_default,cached_powers_Q,69,12,0.612,BalancedZippelSeparated
fire7_nb0_rank0993,Automatic,1,ok,1265.406,179,2,1,0,0,2305843009213693967:176;2305843009213693973:3,Symbolica_default,cached_powers_Q,60,27,0.947,BalancedZippelSeparated
fire7_nb0_rank0994,Automatic,1,ok,905.265,134,2,1,0,0,2305843009213693967:131;2305843009213693973:3,Symbolica_default,cached_powers_Q,48,36,0.487,BalancedZippelSeparated
fire7_nb0_rank0995,Automatic,1,ok,1175.446,186,2,1,0,0,2305843009213693967:183;2305843009213693973:3,Symbolica_default,cached_powers_Q,56,39,0.878,BalancedZippelSeparated
fire7_nb0_rank0996,Automatic,1,ok,943.515,134,2,1,0,0,2305843009213693967:131;2305843009213693973:3,Symbolica_default,cached_powers_Q,48,36,0.509,BalancedZippelSeparated
fire7_nb0_rank0997,Automatic,1,ok,1020.976,167,2,1,0,0,2305843009213693967:164;2305843009213693973:3,Symbolica_default,cached_powers_Q,50,39,0.694,BalancedZippelSeparated
fire7_nb0_rank0998,Automatic,1,ok,1270.966,158,2,1,0,0,2305843009213693967:155;2305843009213693973:3,Symbolica_default,cached_powers_Q,50,39,0.901,BalancedZippelSeparated
fire7_nb0_rank0999,Automatic,1,ok,1103.356,170,2,1,0,0,2305843009213693967:167;2305843009213693973:3,Symbolica_default,cached_powers_Q,70,15,1.152,BalancedZippelSeparated
fire7_nb0_rank1000,Automatic,1,ok,912.645,130,2,1,0,0,2305843009213693967:127;2305843009213693973:3,Symbolica_default,cached_powers_Q,63,15,1.164,BalancedZippelSeparated
fire7_nb0_rank1001,Automatic,1,ok,781.263,149,2,1,0,0,2305843009213693967:146;2305843009213693973:3,Symbolica_default,cached_powers_Q,54,27,0.874,BalancedZippelSeparated
fire7_nb0_rank1002,Automatic,1,ok,1051.235,211,2,1,0,0,2305843009213693967:208;2305843009213693973:3,Symbolica_default,cached_powers_Q,56,36,0.648,BalancedZippelSeparated
fire7_nb0_rank1003,Automatic,1,ok,1014.615,145,2,1,0,0,2305843009213693967:142;2305843009213693973:3,Symbolica_default,cached_powers_Q,59,27,0.790,BalancedZippelSeparated
fire7_nb0_rank1004,Automatic,1,ok,864.775,113,2,1,0,0,2305843009213693967:110;2305843009213693973:3,Symbolica_default,cached_powers_Q,35,45,0.711,BalancedZippelSeparated
fire7_nb0_rank1005,Automatic,1,ok,879.364,156,2,1,0,0,2305843009213693967:153;2305843009213693973:3,Symbolica_default,cached_powers_Q,65,15,0.519,BalancedZippelSeparated
fire7_nb0_rank1006,Automatic,1,ok,1242.636,136,2,1,0,0,2305843009213693967:133;2305843009213693973:3,Symbolica_default,cached_powers_Q,54,28,1.034,BalancedZippelSeparated
fire7_nb0_rank1007,Automatic,1,ok,987.015,126,2,1,0,0,2305843009213693967:123;2305843009213693973:3,Symbolica_default,cached_powers_Q,21,60,1.159,BalancedZippelSeparated
fire7_nb0_rank1008,Automatic,1,ok,1840.969,227,2,1,0,0,2305843009213693967:224;2305843009213693973:3,Symbolica_default,cached_powers_Q,68,26,0.839,BalancedZippelSeparated
fire7_nb0_rank1009,Automatic,1,ok,900.505,139,2,1,0,0,2305843009213693967:136;2305843009213693973:3,Symbolica_default,cached_powers_Q,48,36,0.672,BalancedZippelSeparated
fire7_nb0_rank1010,Automatic,1,ok,935.935,130,2,1,0,0,2305843009213693967:127;2305843009213693973:3,Symbolica_default,cached_powers_Q,63,20,0.658,BalancedZippelSeparated
fire7_nb0_rank1011,Automatic,1,ok,861.194,121,2,1,0,0,2305843009213693967:118;2305843009213693973:3,Symbolica_default,cached_powers_Q,54,20,0.511,BalancedZippelSeparated
fire7_nb0_rank1012,Automatic,1,ok,916.695,140,2,1,0,0,2305843009213693967:137;2305843009213693973:3,Symbolica_default,cached_powers_Q,60,24,0.686,BalancedZippelSeparated
fire7_nb0_rank1013,Automatic,1,ok,951.874,134,2,1,0,0,2305843009213693967:131;2305843009213693973:3,Symbolica_default,cached_powers_Q,48,32,0.438,BalancedZippelSeparated
fire7_nb0_rank1014,Automatic,1,ok,995.495,119,2,1,0,0,2305843009213693967:116;2305843009213693973:3,Symbolica_default,cached_powers_Q,54,28,1.199,BalancedZippelSeparated
fire7_nb0_rank1015,Automatic,1,ok,1383.707,172,2,1,0,0,2305843009213693967:169;2305843009213693973:3,Symbolica_default,cached_powers_Q,64,21,0.979,BalancedZippelSeparated
fire7_nb0_rank1016,Automatic,1,ok,1429.097,126,2,1,0,0,2305843009213693967:123;2305843009213693973:3,Symbolica_default,cached_powers_Q,66,12,0.741,BalancedZippelSeparated
fire7_nb0_rank1017,Automatic,1,ok,950.544,155,2,1,0,0,2305843009213693967:152;2305843009213693973:3,Symbolica_default,cached_powers_Q,65,18,0.764,BalancedZippelSeparated
fire7_nb0_rank1018,Automatic,1,ok,1126.576,151,2,1,0,0,2305843009213693967:148;2305843009213693973:3,Symbolica_default,cached_powers_Q,54,27,0.880,BalancedZippelSeparated
fire7_nb0_rank1019,Automatic,1,ok,923.115,126,2,1,0,0,2305843009213693967:123;2305843009213693973:3,Symbolica_default,cached_powers_Q,21,72,0.585,BalancedZippelSeparated
fire7_nb0_rank1020,Automatic,1,ok,1192.586,156,2,1,0,0,2305843009213693967:153;2305843009213693973:3,Symbolica_default,cached_powers_Q,65,15,0.947,BalancedZippelSeparated
fire7_nb0_rank1021,Automatic,1,ok,970.155,127,2,1,0,0,2305843009213693967:124;2305843009213693973:3,Symbolica_default,cached_powers_Q,66,15,0.564,BalancedZippelSeparated
fire7_nb0_rank1022,Automatic,1,ok,1015.005,140,2,1,0,0,2305843009213693967:137;2305843009213693973:3,Symbolica_default,cached_powers_Q,30,56,0.740,BalancedZippelSeparated
fire7_nb0_rank1023,Automatic,1,ok,982.044,153,2,1,0,0,2305843009213693967:150;2305843009213693973:3,Symbolica_default,cached_powers_Q,70,12,0.907,BalancedZippelSeparated
fire7_nb0_rank1024,Automatic,1,ok,1115.996,211,2,1,0,0,2305843009213693967:208;2305843009213693973:3,Symbolica_default,cached_powers_Q,56,36,0.513,BalancedZippelSeparated
fire7_nb0_rank1025,Automatic,1,ok,1136.996,113,2,1,0,0,2305843009213693967:110;2305843009213693973:3,Symbolica_default,cached_powers_Q,42,42,0.774,BalancedZippelSeparated
fire7_nb0_rank1026,Automatic,1,ok,902.485,139,2,1,0,0,2305843009213693967:136;2305843009213693973:3,Symbolica_default,cached_powers_Q,54,27,0.483,BalancedZippelSeparated
fire7_nb0_rank1027,Automatic,1,ok,909.464,149,2,1,0,0,2305843009213693967:146;2305843009213693973:3,Symbolica_default,cached_powers_Q,54,27,0.478,BalancedZippelSeparated
fire7_nb0_rank1028,Automatic,1,ok,1018.035,149,2,1,0,0,2305843009213693967:146;2305843009213693973:3,Symbolica_default,cached_powers_Q,64,20,0.785,BalancedZippelSeparated
fire7_nb0_rank1029,Automatic,1,ok,822.254,114,2,1,0,0,2305843009213693967:111;2305843009213693973:3,Symbolica_default,cached_powers_Q,59,16,0.672,BalancedZippelSeparated
fire7_nb0_rank1030,Automatic,1,ok,1673.009,196,2,1,0,0,2305843009213693967:193;2305843009213693973:3,Symbolica_default,cached_powers_Q,60,24,0.792,BalancedZippelSeparated
fire7_nb0_rank1031,Automatic,1,ok,1039.155,149,2,1,0,0,2305843009213693967:146;2305843009213693973:3,Symbolica_default,cached_powers_Q,30,56,0.790,BalancedZippelSeparated
fire7_nb0_rank1032,Automatic,1,ok,1055.795,122,2,1,0,0,2305843009213693967:119;2305843009213693973:3,Symbolica_default,cached_powers_Q,54,32,0.637,BalancedZippelSeparated
fire7_nb0_rank1033,Automatic,1,ok,1146.886,143,2,1,0,0,2305843009213693967:140;2305843009213693973:3,Symbolica_default,cached_powers_Q,40,48,0.487,BalancedZippelSeparated
fire7_nb0_rank1034,Automatic,1,ok,1071.275,174,2,1,0,0,2305843009213693967:171;2305843009213693973:3,Symbolica_default,cached_powers_Q,18,72,0.710,BalancedZippelSeparated
fire7_nb0_rank1035,Automatic,1,ok,891.765,125,2,1,0,0,2305843009213693967:122;2305843009213693973:3,Symbolica_default,cached_powers_Q,54,28,0.687,BalancedZippelSeparated
fire7_nb0_rank1036,Automatic,1,ok,784.604,112,2,1,0,0,2305843009213693967:109;2305843009213693973:3,Symbolica_default,cached_powers_Q,42,36,0.620,BalancedZippelSeparated
fire7_nb0_rank1037,Automatic,1,ok,1231.316,138,2,1,0,0,2305843009213693967:135;2305843009213693973:3,Symbolica_default,cached_powers_Q,7,80,0.472,BalancedZippelSeparated
fire7_nb0_rank1038,Automatic,1,ok,1048.846,142,2,1,0,0,2305843009213693967:139;2305843009213693973:3,Symbolica_default,cached_powers_Q,60,21,1.122,BalancedZippelSeparated
fire7_nb0_rank1039,Automatic,1,ok,1418.257,228,2,1,0,0,2305843009213693967:225;2305843009213693973:3,Symbolica_default,cached_powers_Q,56,28,0.953,BalancedZippelSeparated
fire7_nb0_rank1040,Automatic,1,ok,1286.006,184,2,1,0,0,2305843009213693967:181;2305843009213693973:3,Symbolica_default,cached_powers_Q,68,14,0.571,BalancedZippelSeparated
fire7_nb0_rank1041,Automatic,1,ok,1074.926,155,2,1,0,0,2305843009213693967:152;2305843009213693973:3,Symbolica_default,cached_powers_Q,50,36,0.481,BalancedZippelSeparated
fire7_nb0_rank1042,Automatic,1,ok,790.944,132,2,1,0,0,2305843009213693967:129;2305843009213693973:3,Symbolica_default,cached_powers_Q,48,32,0.460,BalancedZippelSeparated
fire7_nb0_rank1043,Automatic,1,ok,824.894,119,2,1,0,0,2305843009213693967:116;2305843009213693973:3,Symbolica_default,cached_powers_Q,54,20,0.650,BalancedZippelSeparated
fire7_nb0_rank1044,Automatic,1,ok,750.644,137,2,1,0,0,2305843009213693967:134;2305843009213693973:3,Symbolica_default,cached_powers_Q,64,10,0.613,BalancedZippelSeparated
fire7_nb0_rank1045,Automatic,1,ok,1178.416,132,2,1,0,0,2305843009213693967:129;2305843009213693973:3,Symbolica_default,cached_powers_Q,47,32,0.597,BalancedZippelSeparated
fire7_nb0_rank1046,Automatic,1,ok,1159.176,148,2,1,0,0,2305843009213693967:145;2305843009213693973:3,Symbolica_default,cached_powers_Q,48,32,0.784,BalancedZippelSeparated
fire7_nb0_rank1047,Automatic,1,ok,1356.087,124,2,1,0,0,2305843009213693967:121;2305843009213693973:3,Symbolica_default,cached_powers_Q,42,36,0.765,BalancedZippelSeparated
fire7_nb0_rank1048,Automatic,1,ok,1215.256,141,2,1,0,0,2305843009213693967:138;2305843009213693973:3,Symbolica_default,cached_powers_Q,60,20,0.960,BalancedZippelSeparated
fire7_nb0_rank1049,Automatic,1,ok,1158.096,228,2,1,0,0,2305843009213693967:225;2305843009213693973:3,Symbolica_default,cached_powers_Q,56,28,0.920,BalancedZippelSeparated
fire7_nb0_rank1050,Automatic,1,ok,1013.085,156,2,1,0,0,2305843009213693967:153;2305843009213693973:3,Symbolica_default,cached_powers_Q,58,21,0.763,BalancedZippelSeparated
fire7_nb0_rank1051,Automatic,1,ok,736.443,139,2,1,0,0,2305843009213693967:136;2305843009213693973:3,Symbolica_default,cached_powers_Q,59,18,0.960,BalancedZippelSeparated
fire7_nb0_rank1052,Automatic,1,ok,1101.765,143,2,1,0,0,2305843009213693967:140;2305843009213693973:3,Symbolica_default,cached_powers_Q,24,56,0.651,BalancedZippelSeparated
fire7_nb0_rank1053,Automatic,1,ok,1308.317,150,2,1,0,0,2305843009213693967:147;2305843009213693973:3,Symbolica_default,cached_powers_Q,64,15,0.936,BalancedZippelSeparated
fire7_nb0_rank1054,Automatic,1,ok,931.655,117,2,1,0,0,2305843009213693967:114;2305843009213693973:3,Symbolica_default,cached_powers_Q,42,35,0.788,BalancedZippelSeparated
fire7_nb0_rank1055,Automatic,1,ok,860.054,111,2,1,0,0,2305843009213693967:108;2305843009213693973:3,Symbolica_default,cached_powers_Q,42,35,0.702,BalancedZippelSeparated
fire7_nb0_rank1056,Automatic,1,ok,1515.658,128,2,1,0,0,2305843009213693967:125;2305843009213693973:3,Symbolica_default,cached_powers_Q,48,28,0.806,BalancedZippelSeparated
fire7_nb0_rank1057,Automatic,1,ok,958.624,123,2,1,0,0,2305843009213693967:120;2305843009213693973:3,Symbolica_default,cached_powers_Q,42,36,0.471,BalancedZippelSeparated
fire7_nb0_rank1058,Automatic,1,ok,688.314,128,2,1,0,0,2305843009213693967:125;2305843009213693973:3,Symbolica_default,cached_powers_Q,42,36,0.616,BalancedZippelSeparated
fire7_nb0_rank1059,Automatic,1,ok,1243.396,155,2,1,0,0,2305843009213693967:152;2305843009213693973:3,Symbolica_default,cached_powers_Q,49,36,0.653,BalancedZippelSeparated
fire7_nb0_rank1060,Automatic,1,ok,1284.746,215,2,1,0,0,2305843009213693967:212;2305843009213693973:3,Symbolica_default,cached_powers_Q,56,28,0.539,BalancedZippelSeparated
fire7_nb0_rank1061,Automatic,1,ok,941.284,134,2,1,0,0,2305843009213693967:131;2305843009213693973:3,Symbolica_default,cached_powers_Q,6,80,0.434,BalancedZippelSeparated
fire7_nb0_rank1062,Automatic,1,ok,1104.515,172,2,1,0,0,2305843009213693967:169;2305843009213693973:3,Symbolica_default,cached_powers_Q,62,21,0.750,BalancedZippelSeparated
fire7_nb0_rank1063,Automatic,1,ok,1554.458,173,2,1,0,0,2305843009213693967:170;2305843009213693973:3,Symbolica_default,cached_powers_Q,59,20,0.691,BalancedZippelSeparated
fire7_nb0_rank1064,Automatic,1,ok,1198.276,119,2,1,0,0,2305843009213693967:116;2305843009213693973:3,Symbolica_default,cached_powers_Q,35,45,0.959,BalancedZippelSeparated
fire7_nb0_rank1065,Automatic,1,ok,1369.907,164,2,1,0,0,2305843009213693967:161;2305843009213693973:3,Symbolica_default,cached_powers_Q,59,21,1.026,BalancedZippelSeparated
fire7_nb0_rank1066,Automatic,1,ok,935.685,119,2,1,0,0,2305843009213693967:116;2305843009213693973:3,Symbolica_default,cached_powers_Q,35,45,0.713,BalancedZippelSeparated
fire7_nb0_rank1067,Automatic,1,ok,1396.987,246,2,1,0,0,2305843009213693967:243;2305843009213693973:3,Symbolica_default,cached_powers_Q,64,14,0.608,BalancedZippelSeparated
fire7_nb0_rank1068,Automatic,1,ok,898.904,142,2,1,0,0,2305843009213693967:139;2305843009213693973:3,Symbolica_default,cached_powers_Q,60,20,0.620,BalancedZippelSeparated
fire7_nb0_rank1069,Automatic,1,ok,851.825,130,2,1,0,0,2305843009213693967:127;2305843009213693973:3,Symbolica_default,cached_powers_Q,64,12,0.476,BalancedZippelSeparated
fire7_nb0_rank1070,Automatic,1,ok,883.195,159,2,1,0,0,2305843009213693967:156;2305843009213693973:3,Symbolica_default,cached_powers_Q,56,20,0.773,BalancedZippelSeparated
fire7_nb0_rank1071,Automatic,1,ok,961.145,148,2,1,0,0,2305843009213693967:145;2305843009213693973:3,Symbolica_default,cached_powers_Q,65,12,1.068,BalancedZippelSeparated
fire7_nb0_rank1072,Automatic,1,ok,1438.657,146,2,1,0,0,2305843009213693967:143;2305843009213693973:3,Symbolica_default,cached_powers_Q,60,18,0.655,BalancedZippelSeparated
fire7_nb0_rank1073,Automatic,1,ok,1458.307,195,2,1,0,0,2305843009213693967:192;2305843009213693973:3,Symbolica_default,cached_powers_Q,68,12,0.567,BalancedZippelSeparated
fire7_nb0_rank1074,Automatic,1,ok,922.855,110,2,1,0,0,2305843009213693967:107;2305843009213693973:3,Symbolica_default,cached_powers_Q,42,30,0.462,BalancedZippelSeparated
fire7_nb0_rank1075,Automatic,1,ok,1124.456,145,2,1,0,0,2305843009213693967:142;2305843009213693973:3,Symbolica_default,cached_powers_Q,55,21,0.642,BalancedZippelSeparated
fire7_nb0_rank1076,Automatic,1,ok,847.004,132,2,1,0,0,2305843009213693967:129;2305843009213693973:3,Symbolica_default,cached_powers_Q,64,12,0.607,BalancedZippelSeparated
fire7_nb0_rank1077,Automatic,1,ok,1034.475,161,2,1,0,0,2305843009213693967:158;2305843009213693973:3,Symbolica_default,cached_powers_Q,56,20,0.480,BalancedZippelSeparated
fire7_nb0_rank1078,Automatic,1,ok,916.415,148,2,1,0,0,2305843009213693967:145;2305843009213693973:3,Symbolica_default,cached_powers_Q,60,18,0.652,BalancedZippelSeparated
fire7_nb0_rank1079,Automatic,1,ok,929.444,165,2,1,0,0,2305843009213693967:162;2305843009213693973:3,Symbolica_default,cached_powers_Q,56,24,0.646,BalancedZippelSeparated
fire7_nb0_rank1080,Automatic,1,ok,1256.966,177,2,1,0,0,2305843009213693967:174;2305843009213693973:3,Symbolica_default,cached_powers_Q,67,12,0.947,BalancedZippelSeparated
fire7_nb0_rank1081,Automatic,1,ok,923.564,122,2,1,0,0,2305843009213693967:119;2305843009213693973:3,Symbolica_default,cached_powers_Q,18,60,0.643,BalancedZippelSeparated
fire7_nb0_rank1082,Automatic,1,ok,1234.377,151,2,1,0,0,2305843009213693967:148;2305843009213693973:3,Symbolica_default,cached_powers_Q,60,15,0.894,BalancedZippelSeparated
fire7_nb0_rank1083,Automatic,1,ok,884.294,141,2,1,0,0,2305843009213693967:138;2305843009213693973:3,Symbolica_default,cached_powers_Q,48,27,0.635,BalancedZippelSeparated
fire7_nb0_rank1084,Automatic,1,ok,960.035,140,2,1,0,0,2305843009213693967:137;2305843009213693973:3,Symbolica_default,cached_powers_Q,50,28,0.694,BalancedZippelSeparated
fire7_nb0_rank1085,Automatic,1,ok,1074.505,131,2,1,0,0,2305843009213693967:128;2305843009213693973:3,Symbolica_default,cached_powers_Q,48,27,0.606,BalancedZippelSeparated
fire7_nb0_rank1086,Automatic,1,ok,778.154,158,2,1,0,0,2305843009213693967:155;2305843009213693973:3,Symbolica_default,cached_powers_Q,56,20,0.650,BalancedZippelSeparated
fire7_nb0_rank1087,Automatic,1,ok,876.815,119,2,1,0,0,2305843009213693967:116;2305843009213693973:3,Symbolica_default,cached_powers_Q,53,20,0.526,BalancedZippelSeparated
fire7_nb0_rank1088,Automatic,1,ok,872.735,133,2,1,0,0,2305843009213693967:130;2305843009213693973:3,Symbolica_default,cached_powers_Q,65,9,0.475,BalancedZippelSeparated
fire7_nb0_rank1089,Automatic,1,ok,1203.456,130,2,1,0,0,2305843009213693967:127;2305843009213693973:3,Symbolica_default,cached_powers_Q,60,12,0.634,BalancedZippelSeparated
fire7_nb0_rank1090,Automatic,1,ok,1019.275,147,2,1,0,0,2305843009213693967:144;2305843009213693973:3,Symbolica_default,cached_powers_Q,52,24,0.452,BalancedZippelSeparated
fire7_nb0_rank1091,Automatic,1,ok,763.824,168,2,1,0,0,2305843009213693967:165;2305843009213693973:3,Symbolica_default,cached_powers_Q,56,20,0.754,BalancedZippelSeparated
fire7_nb0_rank1092,Automatic,1,ok,1100.965,188,2,1,0,0,2305843009213693967:185;2305843009213693973:3,Symbolica_default,cached_powers_Q,65,12,0.488,BalancedZippelSeparated
fire7_nb0_rank1093,Automatic,1,ok,817.484,101,2,1,0,0,2305843009213693967:98;2305843009213693973:3,Symbolica_default,cached_powers_Q,49,18,0.561,BalancedZippelSeparated
fire7_nb0_rank1094,Automatic,1,ok,1176.266,146,2,1,0,0,2305843009213693967:143;2305843009213693973:3,Symbolica_default,cached_powers_Q,53,21,0.952,BalancedZippelSeparated
fire7_nb0_rank1095,Automatic,1,ok,1221.166,157,2,1,0,0,2305843009213693967:154;2305843009213693973:3,Symbolica_default,cached_powers_Q,55,18,0.883,BalancedZippelSeparated
fire7_nb0_rank1096,Automatic,1,ok,1382.997,128,2,1,0,0,2305843009213693967:125;2305843009213693973:3,Symbolica_default,cached_powers_Q,45,28,0.735,BalancedZippelSeparated
fire7_nb0_rank1097,Automatic,1,ok,1258.366,119,2,1,0,0,2305843009213693967:116;2305843009213693973:3,Symbolica_default,cached_powers_Q,62,12,0.655,BalancedZippelSeparated
fire7_nb0_rank1098,Automatic,1,ok,886.964,158,2,1,0,0,2305843009213693967:155;2305843009213693973:3,Symbolica_default,cached_powers_Q,49,30,0.430,BalancedZippelSeparated
fire7_nb0_rank1099,Automatic,1,ok,907.285,157,2,1,0,0,2305843009213693967:154;2305843009213693973:3,Symbolica_default,cached_powers_Q,56,20,0.645,BalancedZippelSeparated
fire7_nb0_rank1100,Automatic,1,ok,740.634,153,2,1,0,0,2305843009213693967:150;2305843009213693973:3,Symbolica_default,cached_powers_Q,45,36,0.558,BalancedZippelSeparated
fire7_nb0_rank1101,Automatic,1,ok,846.824,134,2,1,0,0,2305843009213693967:131;2305843009213693973:3,Symbolica_default,cached_powers_Q,45,36,0.581,BalancedZippelSeparated
fire7_nb0_rank1102,Automatic,1,ok,731.504,137,2,1,0,0,2305843009213693967:134;2305843009213693973:3,Symbolica_default,cached_powers_Q,53,18,0.581,BalancedZippelSeparated
fire7_nb0_rank1103,Automatic,1,ok,1036.575,115,2,1,0,0,2305843009213693967:112;2305843009213693973:3,Symbolica_default,cached_powers_Q,30,45,0.684,BalancedZippelSeparated
fire7_nb0_rank1104,Automatic,1,ok,1301.597,109,2,1,0,0,2305843009213693967:106;2305843009213693973:3,Symbolica_default,cached_powers_Q,30,45,0.741,BalancedZippelSeparated
fire7_nb0_rank1105,Automatic,1,ok,1316.406,106,2,1,0,0,2305843009213693967:103;2305843009213693973:3,Symbolica_default,cached_powers_Q,30,45,0.749,BalancedZippelSeparated
fire7_nb0_rank1106,Automatic,1,ok,862.784,109,2,1,0,0,2305843009213693967:106;2305843009213693973:3,Symbolica_default,cached_powers_Q,30,45,0.718,BalancedZippelSeparated
fire7_nb0_rank1107,Automatic,1,ok,1005.676,172,2,1,0,0,2305843009213693967:169;2305843009213693973:3,Symbolica_default,cached_powers_Q,56,27,0.586,BalancedZippelSeparated
fire7_nb0_rank1108,Automatic,1,ok,1105.276,153,2,1,0,0,2305843009213693967:150;2305843009213693973:3,Symbolica_default,cached_powers_Q,52,28,0.513,BalancedZippelSeparated
fire7_nb0_rank1109,Automatic,1,ok,832.764,122,2,1,0,0,2305843009213693967:119;2305843009213693973:3,Symbolica_default,cached_powers_Q,18,60,0.624,BalancedZippelSeparated
fire7_nb0_rank1110,Automatic,1,ok,1044.285,130,2,1,0,0,2305843009213693967:127;2305843009213693973:3,Symbolica_default,cached_powers_Q,6,72,0.428,BalancedZippelSeparated
fire7_nb0_rank1111,Automatic,1,ok,996.165,117,2,1,0,0,2305843009213693967:114;2305843009213693973:3,Symbolica_default,cached_powers_Q,36,36,0.786,BalancedZippelSeparated
fire7_nb0_rank1112,Automatic,1,ok,916.335,126,2,1,0,0,2305843009213693967:123;2305843009213693973:3,Symbolica_default,cached_powers_Q,54,20,0.831,BalancedZippelSeparated
fire7_nb0_rank1113,Automatic,1,ok,1116.776,110,2,1,0,0,2305843009213693967:107;2305843009213693973:3,Symbolica_default,cached_powers_Q,48,20,0.874,BalancedZippelSeparated
fire7_nb0_rank1114,Automatic,1,ok,853.744,115,2,1,0,0,2305843009213693967:112;2305843009213693973:3,Symbolica_default,cached_powers_Q,30,45,0.570,BalancedZippelSeparated
fire7_nb0_rank1115,Automatic,1,ok,984.805,115,2,1,0,0,2305843009213693967:112;2305843009213693973:3,Symbolica_default,cached_powers_Q,28,36,0.519,BalancedZippelSeparated
fire7_nb0_rank1116,Automatic,1,ok,908.094,132,2,1,0,0,2305843009213693967:129;2305843009213693973:3,Symbolica_default,cached_powers_Q,40,36,0.673,BalancedZippelSeparated
fire7_nb0_rank1117,Automatic,1,ok,718.633,115,2,1,0,0,2305843009213693967:112;2305843009213693973:3,Symbolica_default,cached_powers_Q,30,45,0.488,BalancedZippelSeparated
fire7_nb0_rank1118,Automatic,1,ok,844.674,110,2,1,0,0,2305843009213693967:107;2305843009213693973:3,Symbolica_default,cached_powers_Q,48,15,0.640,BalancedZippelSeparated
fire7_nb0_rank1119,Automatic,1,ok,1020.335,117,2,1,0,0,2305843009213693967:114;2305843009213693973:3,Symbolica_default,cached_powers_Q,35,36,0.740,BalancedZippelSeparated
fire7_nb0_rank1120,Automatic,1,ok,1266.167,109,2,1,0,0,2305843009213693967:106;2305843009213693973:3,Symbolica_default,cached_powers_Q,42,21,0.730,BalancedZippelSeparated
fire7_nb0_rank1121,Automatic,1,ok,1258.996,126,2,1,0,0,2305843009213693967:123;2305843009213693973:3,Symbolica_default,cached_powers_Q,54,15,0.572,BalancedZippelSeparated
fire7_nb0_rank1122,Automatic,1,ok,935.025,120,2,1,0,0,2305843009213693967:117;2305843009213693973:3,Symbolica_default,cached_powers_Q,54,12,0.457,BalancedZippelSeparated
fire7_nb0_rank1123,Automatic,1,ok,844.754,126,2,1,0,0,2305843009213693967:123;2305843009213693973:3,Symbolica_default,cached_powers_Q,54,15,0.601,BalancedZippelSeparated
fire7_nb0_rank1124,Automatic,1,ok,867.215,128,2,1,0,0,2305843009213693967:125;2305843009213693973:3,Symbolica_default,cached_powers_Q,50,21,0.619,BalancedZippelSeparated
fire7_nb0_rank1125,Automatic,1,ok,904.645,132,2,1,0,0,2305843009213693967:129;2305843009213693973:3,Symbolica_default,cached_powers_Q,40,36,0.600,BalancedZippelSeparated
fire7_nb0_rank1126,Automatic,1,ok,622.773,121,2,1,0,0,2305843009213693967:118;2305843009213693973:3,Symbolica_default,cached_powers_Q,40,32,0.455,BalancedZippelSeparated
fire7_nb0_rank1127,Automatic,1,ok,1030.574,161,2,1,0,0,2305843009213693967:158;2305843009213693973:3,Symbolica_default,cached_powers_Q,39,39,0.705,BalancedZippelSeparated
fire7_nb0_rank1128,Automatic,1,ok,1164.346,177,2,1,0,0,2305843009213693967:174;2305843009213693973:3,Symbolica_default,cached_powers_Q,55,26,0.517,BalancedZippelSeparated
fire7_nb0_rank1129,Automatic,1,ok,996.995,138,2,1,0,0,2305843009213693967:135;2305843009213693973:3,Symbolica_default,cached_powers_Q,47,21,0.997,BalancedZippelSeparated
fire7_nb0_rank1130,Automatic,1,ok,921.015,128,2,1,0,0,2305843009213693967:125;2305843009213693973:3,Symbolica_default,cached_powers_Q,54,15,0.441,BalancedZippelSeparated
fire7_nb0_rank1131,Automatic,1,ok,972.895,135,2,1,0,0,2305843009213693967:132;2305843009213693973:3,Symbolica_default,cached_powers_Q,45,27,0.589,BalancedZippelSeparated
fire7_nb0_rank1132,Automatic,1,ok,929.895,121,2,1,0,0,2305843009213693967:118;2305843009213693973:3,Symbolica_default,cached_powers_Q,42,28,0.801,BalancedZippelSeparated
fire7_nb0_rank1133,Automatic,1,ok,925.324,159,2,1,0,0,2305843009213693967:156;2305843009213693973:3,Symbolica_default,cached_powers_Q,49,27,0.413,BalancedZippelSeparated
fire7_nb0_rank1134,Automatic,1,ok,1449.237,132,2,1,0,0,2305843009213693967:129;2305843009213693973:3,Symbolica_default,cached_powers_Q,40,36,0.738,BalancedZippelSeparated
fire7_nb0_rank1135,Automatic,1,ok,1216.006,140,2,1,0,0,2305843009213693967:137;2305843009213693973:3,Symbolica_default,cached_powers_Q,49,21,0.926,BalancedZippelSeparated
fire7_nb0_rank1136,Automatic,1,ok,887.134,113,2,1,0,0,2305843009213693967:110;2305843009213693973:3,Symbolica_default,cached_powers_Q,45,20,0.761,BalancedZippelSeparated
fire7_nb0_rank1137,Automatic,1,ok,741.783,107,2,1,0,0,2305843009213693967:104;2305843009213693973:3,Symbolica_default,cached_powers_Q,51,15,0.433,BalancedZippelSeparated
fire7_nb0_rank1138,Automatic,1,ok,1113.396,164,2,1,0,0,2305843009213693967:161;2305843009213693973:3,Symbolica_default,cached_powers_Q,56,18,0.456,BalancedZippelSeparated
fire7_nb0_rank1139,Automatic,1,ok,850.794,152,2,1,0,0,2305843009213693967:149;2305843009213693973:3,Symbolica_default,cached_powers_Q,49,27,0.565,BalancedZippelSeparated
fire7_nb0_rank1140,Automatic,1,ok,924.045,148,2,1,0,0,2305843009213693967:145;2305843009213693973:3,Symbolica_default,cached_powers_Q,55,14,0.435,BalancedZippelSeparated
fire7_nb0_rank1141,Automatic,1,ok,1006.676,115,2,1,0,0,2305843009213693967:112;2305843009213693973:3,Symbolica_default,cached_powers_Q,45,20,0.807,BalancedZippelSeparated
fire7_nb0_rank1142,Automatic,1,ok,1131.926,101,2,1,0,0,2305843009213693967:98;2305843009213693973:3,Symbolica_default,cached_powers_Q,49,15,0.724,BalancedZippelSeparated
fire7_nb0_rank1143,Automatic,1,ok,1221.706,120,2,1,0,0,2305843009213693967:117;2305843009213693973:3,Symbolica_default,cached_powers_Q,44,28,0.610,BalancedZippelSeparated
fire7_nb0_rank1144,Automatic,1,ok,993.045,159,2,1,0,0,2305843009213693967:156;2305843009213693973:3,Symbolica_default,cached_powers_Q,56,15,0.690,BalancedZippelSeparated
fire7_nb0_rank1145,Automatic,1,ok,1031.176,132,2,1,0,0,2305843009213693967:129;2305843009213693973:3,Symbolica_default,cached_powers_Q,58,12,0.470,BalancedZippelSeparated
fire7_nb0_rank1146,Automatic,1,ok,823.645,131,2,1,0,0,2305843009213693967:128;2305843009213693973:3,Symbolica_default,cached_powers_Q,50,24,0.577,BalancedZippelSeparated
fire7_nb0_rank1147,Automatic,1,ok,888.354,128,2,1,0,0,2305843009213693967:125;2305843009213693973:3,Symbolica_default,cached_powers_Q,60,10,0.615,BalancedZippelSeparated
fire7_nb0_rank1148,Automatic,1,ok,850.304,110,2,1,0,0,2305843009213693967:107;2305843009213693973:3,Symbolica_default,cached_powers_Q,48,20,0.478,BalancedZippelSeparated
fire7_nb0_rank1149,Automatic,1,ok,882.345,158,2,1,0,0,2305843009213693967:155;2305843009213693973:3,Symbolica_default,cached_powers_Q,56,15,0.590,BalancedZippelSeparated
fire7_nb0_rank1150,Automatic,1,ok,1010.205,104,2,1,0,0,2305843009213693967:101;2305843009213693973:3,Symbolica_default,cached_powers_Q,36,35,0.848,BalancedZippelSeparated
fire7_nb0_rank1151,Automatic,1,ok,1263.567,151,2,1,0,0,2305843009213693967:148;2305843009213693973:3,Symbolica_default,cached_powers_Q,28,42,0.918,BalancedZippelSeparated
fire7_nb0_rank1152,Automatic,1,ok,1116.576,143,2,1,0,0,2305843009213693967:140;2305843009213693973:3,Symbolica_default,cached_powers_Q,45,27,0.630,BalancedZippelSeparated
fire7_nb0_rank1153,Automatic,1,ok,693.584,130,2,1,0,0,2305843009213693967:127;2305843009213693973:3,Symbolica_default,cached_powers_Q,45,27,0.584,BalancedZippelSeparated
fire7_nb0_rank1154,Automatic,1,ok,896.115,157,2,1,0,0,2305843009213693967:154;2305843009213693973:3,Symbolica_default,cached_powers_Q,40,39,0.423,BalancedZippelSeparated
fire7_nb0_rank1155,Automatic,1,ok,782.555,130,2,1,0,0,2305843009213693967:127;2305843009213693973:3,Symbolica_default,cached_powers_Q,45,27,0.577,BalancedZippelSeparated
fire7_nb0_rank1156,Automatic,1,ok,1068.745,103,2,1,0,0,2305843009213693967:100;2305843009213693973:3,Symbolica_default,cached_powers_Q,47,24,0.957,BalancedZippelSeparated
fire7_nb0_rank1157,Automatic,1,ok,990.165,112,2,1,0,0,2305843009213693967:109;2305843009213693973:3,Symbolica_default,cached_powers_Q,36,36,0.866,BalancedZippelSeparated
fire7_nb0_rank1158,Automatic,1,ok,1321.986,134,2,1,0,0,2305843009213693967:131;2305843009213693973:3,Symbolica_default,cached_powers_Q,41,36,0.620,BalancedZippelSeparated
fire7_nb0_rank1159,Automatic,1,ok,966.565,117,2,1,0,0,2305843009213693967:114;2305843009213693973:3,Symbolica_default,cached_powers_Q,54,12,0.694,BalancedZippelSeparated
fire7_nb0_rank1160,Automatic,1,ok,770.444,139,2,1,0,0,2305843009213693967:136;2305843009213693973:3,Symbolica_default,cached_powers_Q,45,27,0.409,BalancedZippelSeparated
fire7_nb0_rank1161,Automatic,1,ok,817.914,109,2,1,0,0,2305843009213693967:106;2305843009213693973:3,Symbolica_default,cached_powers_Q,30,36,0.635,BalancedZippelSeparated
fire7_nb0_rank1162,Automatic,1,ok,709.123,103,2,1,0,0,2305843009213693967:100;2305843009213693973:3,Symbolica_default,cached_powers_Q,54,12,0.573,BalancedZippelSeparated
fire7_nb0_rank1163,Automatic,1,ok,1030.415,156,2,1,0,0,2305843009213693967:153;2305843009213693973:3,Symbolica_default,cached_powers_Q,60,12,0.456,BalancedZippelSeparated
fire7_nb0_rank1164,Automatic,1,ok,827.724,135,2,1,0,0,2305843009213693967:132;2305843009213693973:3,Symbolica_default,cached_powers_Q,55,12,0.629,BalancedZippelSeparated
fire7_nb0_rank1165,Automatic,1,ok,1134.006,148,2,1,0,0,2305843009213693967:145;2305843009213693973:3,Symbolica_default,cached_powers_Q,45,24,0.747,BalancedZippelSeparated
fire7_nb0_rank1166,Automatic,1,ok,1002.005,127,2,1,0,0,2305843009213693967:124;2305843009213693973:3,Symbolica_default,cached_powers_Q,35,36,0.909,BalancedZippelSeparated
fire7_nb0_rank1167,Automatic,1,ok,1114.666,120,2,1,0,0,2305843009213693967:117;2305843009213693973:3,Symbolica_default,cached_powers_Q,17,60,0.916,BalancedZippelSeparated
fire7_nb0_rank1168,Automatic,1,ok,885.195,153,2,1,0,0,2305843009213693967:150;2305843009213693973:3,Symbolica_default,cached_powers_Q,58,12,0.597,BalancedZippelSeparated
fire7_nb0_rank1169,Automatic,1,ok,835.244,108,2,1,0,0,2305843009213693967:105;2305843009213693973:3,Symbolica_default,cached_powers_Q,35,35,0.485,BalancedZippelSeparated
fire7_nb0_rank1170,Automatic,1,ok,803.535,108,2,1,0,0,2305843009213693967:105;2305843009213693973:3,Symbolica_default,cached_powers_Q,35,35,0.627,BalancedZippelSeparated
fire7_nb0_rank1171,Automatic,1,ok,792.454,107,2,1,0,0,2305843009213693967:104;2305843009213693973:3,Symbolica_default,cached_powers_Q,30,36,0.618,BalancedZippelSeparated
fire7_nb0_rank1172,Automatic,1,ok,993.205,129,2,1,0,0,2305843009213693967:126;2305843009213693973:3,Symbolica_default,cached_powers_Q,41,21,0.692,BalancedZippelSeparated
fire7_nb0_rank1173,Automatic,1,ok,657.913,108,2,1,0,0,2305843009213693967:105;2305843009213693973:3,Symbolica_default,cached_powers_Q,33,35,0.750,BalancedZippelSeparated
fire7_nb0_rank1174,Automatic,1,ok,789.504,90,2,1,0,0,2305843009213693967:87;2305843009213693973:3,Symbolica_default,cached_powers_Q,35,25,0.639,BalancedZippelSeparated
fire7_nb0_rank1175,Automatic,1,ok,1040.355,90,2,1,0,0,2305843009213693967:87;2305843009213693973:3,Symbolica_default,cached_powers_Q,35,25,0.899,BalancedZippelSeparated
fire7_nb0_rank1176,Automatic,1,ok,536.192,125,2,1,0,0,2305843009213693967:122;2305843009213693973:3,Symbolica_default,cached_powers_Q,60,4,0.392,BalancedZippelSeparated
fire7_nb0_rank1177,Automatic,1,ok,996.596,104,2,1,0,0,2305843009213693967:101;2305843009213693973:3,Symbolica_default,cached_powers_Q,52,10,0.591,BalancedZippelSeparated
fire7_nb0_rank1178,Automatic,1,ok,1127.726,134,2,1,0,0,2305843009213693967:131;2305843009213693973:3,Symbolica_default,cached_powers_Q,50,21,0.503,BalancedZippelSeparated
fire7_nb0_rank1179,Automatic,1,ok,758.404,110,2,1,0,0,2305843009213693967:107;2305843009213693973:3,Symbolica_default,cached_powers_Q,54,12,0.425,BalancedZippelSeparated
fire7_nb0_rank1180,Automatic,1,ok,729.694,102,2,1,0,0,2305843009213693967:99;2305843009213693973:3,Symbolica_default,cached_powers_Q,38,24,0.620,BalancedZippelSeparated
fire7_nb0_rank1181,Automatic,1,ok,760.864,120,2,1,0,0,2305843009213693967:117;2305843009213693973:3,Symbolica_default,cached_powers_Q,39,27,0.556,BalancedZippelSeparated
fire7_nb0_rank1182,Automatic,1,ok,813.304,157,2,1,0,0,2305843009213693967:154;2305843009213693973:3,Symbolica_default,cached_powers_Q,44,27,0.407,BalancedZippelSeparated
fire7_nb0_rank1183,Automatic,1,ok,1221.016,157,2,1,0,0,2305843009213693967:154;2305843009213693973:3,Symbolica_default,cached_powers_Q,44,27,0.580,BalancedZippelSeparated
fire7_nb0_rank1184,Automatic,1,ok,1056.795,118,2,1,0,0,2305843009213693967:115;2305843009213693973:3,Symbolica_default,cached_powers_Q,55,10,0.802,BalancedZippelSeparated
fire7_nb0_rank1185,Automatic,1,ok,1066.676,107,2,1,0,0,2305843009213693967:104;2305843009213693973:3,Symbolica_default,cached_powers_Q,30,36,0.862,BalancedZippelSeparated
fire7_nb0_rank1186,Automatic,1,ok,863.594,107,2,1,0,0,2305843009213693967:104;2305843009213693973:3,Symbolica_default,cached_powers_Q,30,36,0.564,BalancedZippelSeparated
fire7_nb0_rank1187,Automatic,1,ok,973.875,141,2,1,0,0,2305843009213693967:138;2305843009213693973:3,Symbolica_default,cached_powers_Q,52,12,0.621,BalancedZippelSeparated
fire7_nb0_rank1188,Automatic,1,ok,859.304,123,2,1,0,0,2305843009213693967:120;2305843009213693973:3,Symbolica_default,cached_powers_Q,45,27,0.400,BalancedZippelSeparated
fire7_nb0_rank1189,Automatic,1,ok,760.194,117,2,1,0,0,2305843009213693967:114;2305843009213693973:3,Symbolica_default,cached_powers_Q,36,36,0.555,BalancedZippelSeparated
fire7_nb0_rank1190,Automatic,1,ok,957.504,129,2,1,0,0,2305843009213693967:126;2305843009213693973:3,Symbolica_default,cached_powers_Q,50,20,0.454,BalancedZippelSeparated
fire7_nb0_rank1191,Automatic,1,ok,817.464,134,2,1,0,0,2305843009213693967:131;2305843009213693973:3,Symbolica_default,cached_powers_Q,52,15,0.450,BalancedZippelSeparated
fire7_nb0_rank1192,Automatic,1,ok,1102.276,97,2,1,0,0,2305843009213693967:94;2305843009213693973:3,Symbolica_default,cached_powers_Q,41,24,0.617,BalancedZippelSeparated
fire7_nb0_rank1193,Automatic,1,ok,1409.547,159,2,1,0,0,2305843009213693967:156;2305843009213693973:3,Symbolica_default,cached_powers_Q,45,20,0.879,BalancedZippelSeparated
fire7_nb0_rank1194,Automatic,1,ok,1083.375,103,2,1,0,0,2305843009213693967:100;2305843009213693973:3,Symbolica_default,cached_powers_Q,40,28,1.003,BalancedZippelSeparated
fire7_nb0_rank1195,Automatic,1,ok,1385.397,126,2,1,0,0,2305843009213693967:123;2305843009213693973:3,Symbolica_default,cached_powers_Q,45,21,0.707,BalancedZippelSeparated
fire7_nb0_rank1196,Automatic,1,ok,856.344,113,2,1,0,0,2305843009213693967:110;2305843009213693973:3,Symbolica_default,cached_powers_Q,53,12,0.438,BalancedZippelSeparated
fire7_nb0_rank1197,Automatic,1,ok,1062.946,103,2,1,0,0,2305843009213693967:100;2305843009213693973:3,Symbolica_default,cached_powers_Q,48,15,0.610,BalancedZippelSeparated
fire7_nb0_rank1198,Automatic,1,ok,851.984,149,2,1,0,0,2305843009213693967:146;2305843009213693973:3,Symbolica_default,cached_powers_Q,42,27,0.761,BalancedZippelSeparated
fire7_nb0_rank1199,Automatic,1,ok,681.554,115,2,1,0,0,2305843009213693967:112;2305843009213693973:3,Symbolica_default,cached_powers_Q,30,36,0.698,BalancedZippelSeparated
fire7_nb0_rank1200,Automatic,1,ok,820.124,118,2,1,0,0,2305843009213693967:115;2305843009213693973:3,Symbolica_default,cached_powers_Q,45,24,0.440,BalancedZippelSeparated
fire7_nb0_rank1201,Automatic,1,ok,891.804,132,2,1,0,0,2305843009213693967:129;2305843009213693973:3,Symbolica_default,cached_powers_Q,52,15,0.623,BalancedZippelSeparated
fire7_nb0_rank1202,Automatic,1,ok,992.335,166,2,1,0,0,2305843009213693967:163;2305843009213693973:3,Symbolica_default,cached_powers_Q,50,18,0.473,BalancedZippelSeparated
fire7_nb0_rank1203,Automatic,1,ok,891.855,138,2,1,0,0,2305843009213693967:135;2305843009213693973:3,Symbolica_default,cached_powers_Q,35,39,0.433,BalancedZippelSeparated
fire7_nb0_rank1204,Automatic,1,ok,1173.026,134,2,1,0,0,2305843009213693967:131;2305843009213693973:3,Symbolica_default,cached_powers_Q,17,56,0.900,BalancedZippelSeparated
fire7_nb0_rank1205,Automatic,1,ok,1249.376,169,2,1,0,0,2305843009213693967:166;2305843009213693973:3,Symbolica_default,cached_powers_Q,48,20,0.968,BalancedZippelSeparated
fire7_nb0_rank1206,Automatic,1,ok,887.194,113,2,1,0,0,2305843009213693967:110;2305843009213693973:3,Symbolica_default,cached_powers_Q,30,36,0.534,BalancedZippelSeparated
fire7_nb0_rank1207,Automatic,1,ok,543.953,109,2,1,0,0,2305843009213693967:106;2305843009213693973:3,Symbolica_default,cached_powers_Q,37,32,0.428,BalancedZippelSeparated
fire7_nb0_rank1208,Automatic,1,ok,945.605,151,2,1,0,0,2305843009213693967:148;2305843009213693973:3,Symbolica_default,cached_powers_Q,56,18,0.478,BalancedZippelSeparated
fire7_nb0_rank1209,Automatic,1,ok,820.214,110,2,1,0,0,2305843009213693967:107;2305843009213693973:3,Symbolica_default,cached_powers_Q,47,15,0.615,BalancedZippelSeparated
fire7_nb0_rank1210,Automatic,1,ok,936.504,120,2,1,0,0,2305843009213693967:117;2305843009213693973:3,Symbolica_default,cached_powers_Q,44,21,0.841,BalancedZippelSeparated
fire7_nb0_rank1211,Automatic,1,ok,1134.215,122,2,1,0,0,2305843009213693967:119;2305843009213693973:3,Symbolica_default,cached_powers_Q,18,48,0.848,BalancedZippelSeparated
fire7_nb0_rank1212,Automatic,1,ok,823.904,106,2,1,0,0,2305843009213693967:103;2305843009213693973:3,Symbolica_default,cached_powers_Q,36,28,0.462,BalancedZippelSeparated
fire7_nb0_rank1213,Automatic,1,ok,837.214,129,2,1,0,0,2305843009213693967:126;2305843009213693973:3,Symbolica_default,cached_powers_Q,50,15,0.612,BalancedZippelSeparated
fire7_nb0_rank1214,Automatic,1,ok,831.914,117,2,1,0,0,2305843009213693967:114;2305843009213693973:3,Symbolica_default,cached_powers_Q,45,15,0.554,BalancedZippelSeparated
fire7_nb0_rank1215,Automatic,1,ok,1079.835,196,2,1,0,0,2305843009213693967:193;2305843009213693973:3,Symbolica_default,cached_powers_Q,40,30,0.493,BalancedZippelSeparated
fire7_nb0_rank1216,Automatic,1,ok,1044.395,99,2,1,0,0,2305843009213693967:96;2305843009213693973:3,Symbolica_default,cached_powers_Q,40,20,0.897,BalancedZippelSeparated
fire7_nb0_rank1217,Automatic,1,ok,1141.275,128,2,1,0,0,2305843009213693967:125;2305843009213693973:3,Symbolica_default,cached_powers_Q,52,12,0.855,BalancedZippelSeparated
fire7_nb0_rank1218,Automatic,1,ok,879.705,120,2,1,0,0,2305843009213693967:117;2305843009213693973:3,Symbolica_default,cached_powers_Q,45,21,0.481,BalancedZippelSeparated
fire7_nb0_rank1219,Automatic,1,ok,587.843,107,2,1,0,0,2305843009213693967:104;2305843009213693973:3,Symbolica_default,cached_powers_Q,54,8,0.528,BalancedZippelSeparated
fire7_nb0_rank1220,Automatic,1,ok,804.974,113,2,1,0,0,2305843009213693967:110;2305843009213693973:3,Symbolica_default,cached_powers_Q,45,20,0.441,BalancedZippelSeparated
fire7_nb0_rank1221,Automatic,1,ok,980.905,107,2,1,0,0,2305843009213693967:104;2305843009213693973:3,Symbolica_default,cached_powers_Q,53,12,0.776,BalancedZippelSeparated
fire7_nb0_rank1222,Automatic,1,ok,1420.087,126,2,1,0,0,2305843009213693967:123;2305843009213693973:3,Symbolica_default,cached_powers_Q,45,21,0.667,BalancedZippelSeparated
fire7_nb0_rank1223,Automatic,1,ok,1121.646,120,2,1,0,0,2305843009213693967:117;2305843009213693973:3,Symbolica_default,cached_powers_Q,45,21,0.925,BalancedZippelSeparated
fire7_nb0_rank1224,Automatic,1,ok,863.975,107,2,1,0,0,2305843009213693967:104;2305843009213693973:3,Symbolica_default,cached_powers_Q,29,36,0.704,BalancedZippelSeparated
fire7_nb0_rank1225,Automatic,1,ok,999.125,109,2,1,0,0,2305843009213693967:106;2305843009213693973:3,Symbolica_default,cached_powers_Q,30,36,0.518,BalancedZippelSeparated
fire7_nb0_rank1226,Automatic,1,ok,851.744,111,2,1,0,0,2305843009213693967:108;2305843009213693973:3,Symbolica_default,cached_powers_Q,30,36,0.696,BalancedZippelSeparated
fire7_nb0_rank1227,Automatic,1,ok,1209.246,109,2,1,0,0,2305843009213693967:106;2305843009213693973:3,Symbolica_default,cached_powers_Q,30,36,0.702,BalancedZippelSeparated
fire7_nb0_rank1228,Automatic,1,ok,1017.345,119,2,1,0,0,2305843009213693967:116;2305843009213693973:3,Symbolica_default,cached_powers_Q,36,27,0.848,BalancedZippelSeparated
fire7_nb0_rank1229,Automatic,1,ok,776.994,114,2,1,0,0,2305843009213693967:111;2305843009213693973:3,Symbolica_default,cached_powers_Q,36,27,0.593,BalancedZippelSeparated
fire7_nb0_rank1230,Automatic,1,ok,867.894,119,2,1,0,0,2305843009213693967:116;2305843009213693973:3,Symbolica_default,cached_powers_Q,36,27,0.594,BalancedZippelSeparated
fire7_nb0_rank1231,Automatic,1,ok,757.114,114,2,1,0,0,2305843009213693967:111;2305843009213693973:3,Symbolica_default,cached_powers_Q,36,27,0.589,BalancedZippelSeparated
fire7_nb0_rank1232,Automatic,1,ok,712.954,88,2,1,0,0,2305843009213693967:85;2305843009213693973:3,Symbolica_default,cached_powers_Q,35,18,0.617,BalancedZippelSeparated
fire7_nb0_rank1233,Automatic,1,ok,743.354,96,2,1,0,0,2305843009213693967:93;2305843009213693973:3,Symbolica_default,cached_powers_Q,45,12,0.612,BalancedZippelSeparated
fire7_nb0_rank1234,Automatic,1,ok,834.884,120,2,1,0,0,2305843009213693967:117;2305843009213693973:3,Symbolica_default,cached_powers_Q,48,16,0.684,BalancedZippelSeparated
fire7_nb0_rank1235,Automatic,1,ok,1163.716,119,2,1,0,0,2305843009213693967:116;2305843009213693973:3,Symbolica_default,cached_powers_Q,40,21,0.946,BalancedZippelSeparated
fire7_nb0_rank1236,Automatic,1,ok,873.075,120,2,1,0,0,2305843009213693967:117;2305843009213693973:3,Symbolica_default,cached_powers_Q,16,48,0.424,BalancedZippelSeparated
fire7_nb0_rank1237,Automatic,1,ok,855.534,120,2,1,0,0,2305843009213693967:117;2305843009213693973:3,Symbolica_default,cached_powers_Q,16,48,0.652,BalancedZippelSeparated
fire7_nb0_rank1238,Automatic,1,ok,865.245,114,2,1,0,0,2305843009213693967:111;2305843009213693973:3,Symbolica_default,cached_powers_Q,45,21,0.714,BalancedZippelSeparated
fire7_nb0_rank1239,Automatic,1,ok,774.354,120,2,1,0,0,2305843009213693967:117;2305843009213693973:3,Symbolica_default,cached_powers_Q,45,18,0.449,BalancedZippelSeparated
fire7_nb0_rank1240,Automatic,1,ok,1118.325,113,2,1,0,0,2305843009213693967:110;2305843009213693973:3,Symbolica_default,cached_powers_Q,30,36,0.947,BalancedZippelSeparated
fire7_nb0_rank1241,Automatic,1,ok,1078.065,144,2,1,0,0,2305843009213693967:141;2305843009213693973:3,Symbolica_default,cached_powers_Q,52,10,0.838,BalancedZippelSeparated
fire7_nb0_rank1242,Automatic,1,ok,817.435,131,2,1,0,0,2305843009213693967:128;2305843009213693973:3,Symbolica_default,cached_powers_Q,45,18,0.605,BalancedZippelSeparated
fire7_nb0_rank1243,Automatic,1,ok,755.233,106,2,1,0,0,2305843009213693967:103;2305843009213693973:3,Symbolica_default,cached_powers_Q,45,12,0.612,BalancedZippelSeparated
fire7_nb0_rank1244,Automatic,1,ok,707.014,141,2,1,0,0,2305843009213693967:138;2305843009213693973:3,Symbolica_default,cached_powers_Q,52,14,0.471,BalancedZippelSeparated
fire7_nb0_rank1245,Automatic,1,ok,1222.746,158,2,1,0,0,2305843009213693967:155;2305843009213693973:3,Symbolica_default,cached_powers_Q,41,26,0.768,BalancedZippelSeparated
fire7_nb0_rank1246,Automatic,1,ok,993.744,126,2,1,0,0,2305843009213693967:123;2305843009213693973:3,Symbolica_default,cached_powers_Q,45,18,0.872,BalancedZippelSeparated
fire7_nb0_rank1247,Automatic,1,ok,1096.326,118,2,1,0,0,2305843009213693967:115;2305843009213693973:3,Symbolica_default,cached_powers_Q,48,18,0.908,BalancedZippelSeparated
fire7_nb0_rank1248,Automatic,1,ok,932.784,159,2,1,0,0,2305843009213693967:156;2305843009213693973:3,Symbolica_default,cached_powers_Q,46,18,0.666,BalancedZippelSeparated
fire7_nb0_rank1249,Automatic,1,ok,726.964,138,2,1,0,0,2305843009213693967:135;2305843009213693973:3,Symbolica_default,cached_powers_Q,52,8,0.554,BalancedZippelSeparated
fire7_nb0_rank1250,Automatic,1,ok,735.524,101,2,1,0,0,2305843009213693967:98;2305843009213693973:3,Symbolica_default,cached_powers_Q,42,15,0.455,BalancedZippelSeparated
fire7_nb0_rank1251,Automatic,1,ok,1001.215,166,2,1,0,0,2305843009213693967:163;2305843009213693973:3,Symbolica_default,cached_powers_Q,54,16,0.716,BalancedZippelSeparated
fire7_nb0_rank1252,Automatic,1,ok,1344.586,166,2,1,0,0,2305843009213693967:163;2305843009213693973:3,Symbolica_default,cached_powers_Q,44,24,0.947,BalancedZippelSeparated
fire7_nb0_rank1253,Automatic,1,ok,843.315,131,2,1,0,0,2305843009213693967:128;2305843009213693973:3,Symbolica_default,cached_powers_Q,40,27,0.427,BalancedZippelSeparated
fire7_nb0_rank1254,Automatic,1,ok,781.394,106,2,1,0,0,2305843009213693967:103;2305843009213693973:3,Symbolica_default,cached_powers_Q,36,28,0.476,BalancedZippelSeparated
fire7_nb0_rank1255,Automatic,1,ok,779.873,105,2,1,0,0,2305843009213693967:102;2305843009213693973:3,Symbolica_default,cached_powers_Q,24,36,0.659,BalancedZippelSeparated
fire7_nb0_rank1256,Automatic,1,ok,913.755,105,2,1,0,0,2305843009213693967:102;2305843009213693973:3,Symbolica_default,cached_powers_Q,24,36,0.469,BalancedZippelSeparated
fire7_nb0_rank1257,Automatic,1,ok,1199.976,148,2,1,0,0,2305843009213693967:145;2305843009213693973:3,Symbolica_default,cached_powers_Q,51,14,0.653,BalancedZippelSeparated
fire7_nb0_rank1258,Automatic,1,ok,1179.286,152,2,1,0,0,2305843009213693967:149;2305843009213693973:3,Symbolica_default,cached_powers_Q,51,14,0.938,BalancedZippelSeparated
fire7_nb0_rank1259,Automatic,1,ok,507.952,111,2,1,0,0,2305843009213693967:108;2305843009213693973:3,Symbolica_default,cached_powers_Q,54,4,0.636,BalancedZippelSeparated
fire7_nb0_rank1260,Automatic,1,ok,651.484,113,2,1,0,0,2305843009213693967:110;2305843009213693973:3,Symbolica_default,cached_powers_Q,45,15,0.419,BalancedZippelSeparated
fire7_nb0_rank1261,Automatic,1,ok,823.674,137,2,1,0,0,2305843009213693967:134;2305843009213693973:3,Symbolica_default,cached_powers_Q,48,21,0.526,BalancedZippelSeparated
fire7_nb0_rank1262,Automatic,1,ok,677.013,101,2,1,0,0,2305843009213693967:98;2305843009213693973:3,Symbolica_default,cached_powers_Q,47,12,0.583,BalancedZippelSeparated
fire7_nb0_rank1263,Automatic,1,ok,1307.417,132,2,1,0,0,2305843009213693967:129;2305843009213693973:3,Symbolica_default,cached_powers_Q,52,10,0.649,BalancedZippelSeparated
fire7_nb0_rank1264,Automatic,1,ok,1115.565,137,2,1,0,0,2305843009213693967:134;2305843009213693973:3,Symbolica_default,cached_powers_Q,36,30,0.780,BalancedZippelSeparated
fire7_nb0_rank1265,Automatic,1,ok,792.724,115,2,1,0,0,2305843009213693967:112;2305843009213693973:3,Symbolica_default,cached_powers_Q,45,18,0.496,BalancedZippelSeparated
fire7_nb0_rank1266,Automatic,1,ok,658.003,98,2,1,0,0,2305843009213693967:95;2305843009213693973:3,Symbolica_default,cached_powers_Q,39,12,0.433,BalancedZippelSeparated
fire7_nb0_rank1267,Automatic,1,ok,946.425,151,2,1,0,0,2305843009213693967:148;2305843009213693973:3,Symbolica_default,cached_powers_Q,44,18,0.619,BalancedZippelSeparated
fire7_nb0_rank1268,Automatic,1,ok,469.502,85,2,1,0,0,2305843009213693967:82;2305843009213693973:3,Symbolica_default,cached_powers_Q,28,24,0.588,BalancedZippelSeparated
fire7_nb0_rank1269,Automatic,1,ok,857.484,85,2,1,0,0,2305843009213693967:82;2305843009213693973:3,Symbolica_default,cached_powers_Q,28,24,0.632,BalancedZippelSeparated
fire7_nb0_rank1270,Automatic,1,ok,1189.656,104,2,1,0,0,2305843009213693967:101;2305843009213693973:3,Symbolica_default,cached_powers_Q,40,21,0.653,BalancedZippelSeparated
fire7_nb0_rank1271,Automatic,1,ok,538.622,102,2,1,0,0,2305843009213693967:99;2305843009213693973:3,Symbolica_default,cached_powers_Q,42,12,0.645,BalancedZippelSeparated
fire7_nb0_rank1272,Automatic,1,ok,866.804,147,2,1,0,0,2305843009213693967:144;2305843009213693973:3,Symbolica_default,cached_powers_Q,52,14,0.673,BalancedZippelSeparated
fire7_nb0_rank1273,Automatic,1,ok,836.634,125,2,1,0,0,2305843009213693967:122;2305843009213693973:3,Symbolica_default,cached_powers_Q,42,21,0.596,BalancedZippelSeparated
fire7_nb0_rank1274,Automatic,1,ok,969.855,173,2,1,0,0,2305843009213693967:170;2305843009213693973:3,Symbolica_default,cached_powers_Q,43,24,0.673,BalancedZippelSeparated
fire7_nb0_rank1275,Automatic,1,ok,1312.946,173,2,1,0,0,2305843009213693967:170;2305843009213693973:3,Symbolica_default,cached_powers_Q,43,24,0.667,BalancedZippelSeparated
fire7_nb0_rank1276,Automatic,1,ok,1113.496,166,2,1,0,0,2305843009213693967:163;2305843009213693973:3,Symbolica_default,cached_powers_Q,44,24,0.766,BalancedZippelSeparated
fire7_nb0_rank1277,Automatic,1,ok,1248.926,144,2,1,0,0,2305843009213693967:141;2305843009213693973:3,Symbolica_default,cached_powers_Q,44,24,0.957,BalancedZippelSeparated
fire7_nb0_rank1278,Automatic,1,ok,851.325,137,2,1,0,0,2305843009213693967:134;2305843009213693973:3,Symbolica_default,cached_powers_Q,44,18,0.483,BalancedZippelSeparated
fire7_nb0_rank1279,Automatic,1,ok,717.763,111,2,1,0,0,2305843009213693967:108;2305843009213693973:3,Symbolica_default,cached_powers_Q,45,15,0.441,BalancedZippelSeparated
fire7_nb0_rank1280,Automatic,1,ok,586.133,105,2,1,0,0,2305843009213693967:102;2305843009213693973:3,Symbolica_default,cached_powers_Q,40,18,0.563,BalancedZippelSeparated
fire7_nb0_rank1281,Automatic,1,ok,1068.855,158,2,1,0,0,2305843009213693967:155;2305843009213693973:3,Symbolica_default,cached_powers_Q,42,26,0.883,BalancedZippelSeparated
fire7_nb0_rank1282,Automatic,1,ok,1283.206,114,2,1,0,0,2305843009213693967:111;2305843009213693973:3,Symbolica_default,cached_powers_Q,21,40,0.648,BalancedZippelSeparated
fire7_nb0_rank1283,Automatic,1,ok,4044.370,134,2,1,0,0,2305843009213693967:131;2305843009213693973:3,Symbolica_default,cached_powers_Q,6,60,0.732,BalancedZippelSeparated
fire7_nb0_rank1284,Automatic,1,ok,808.114,149,2,1,0,0,2305843009213693967:146;2305843009213693973:3,Symbolica_default,cached_powers_Q,56,8,0.444,BalancedZippelSeparated
fire7_nb0_rank1285,Automatic,1,ok,718.113,125,2,1,0,0,2305843009213693967:122;2305843009213693973:3,Symbolica_default,cached_powers_Q,40,20,0.605,BalancedZippelSeparated
fire7_nb0_rank1286,Automatic,1,ok,679.953,95,2,1,0,0,2305843009213693967:92;2305843009213693973:3,Symbolica_default,cached_powers_Q,41,15,0.424,BalancedZippelSeparated
fire7_nb0_rank1287,Automatic,1,ok,616.052,137,2,1,0,0,2305843009213693967:134;2305843009213693973:3,Symbolica_default,cached_powers_Q,36,27,0.749,BalancedZippelSeparated
fire7_nb0_rank1288,Automatic,1,ok,986.825,100,2,1,0,0,2305843009213693967:97;2305843009213693973:3,Symbolica_default,cached_powers_Q,30,28,0.963,BalancedZippelSeparated
fire7_nb0_rank1289,Automatic,1,ok,760.054,92,2,1,0,0,2305843009213693967:89;2305843009213693973:3,Symbolica_default,cached_powers_Q,30,28,1.147,BalancedZippelSeparated
fire7_nb0_rank1290,Automatic,1,ok,849.044,137,2,1,0,0,2305843009213693967:134;2305843009213693973:3,Symbolica_default,cached_powers_Q,43,18,0.495,BalancedZippelSeparated
fire7_nb0_rank1291,Automatic,1,ok,660.993,109,2,1,0,0,2305843009213693967:106;2305843009213693973:3,Symbolica_default,cached_powers_Q,45,8,0.418,BalancedZippelSeparated
fire7_nb0_rank1292,Automatic,1,ok,693.194,109,2,1,0,0,2305843009213693967:106;2305843009213693973:3,Symbolica_default,cached_powers_Q,39,24,0.577,BalancedZippelSeparated
fire7_nb0_rank1293,Automatic,1,ok,829.064,132,2,1,0,0,2305843009213693967:129;2305843009213693973:3,Symbolica_default,cached_powers_Q,30,36,0.611,BalancedZippelSeparated
fire7_nb0_rank1294,Automatic,1,ok,1032.465,111,2,1,0,0,2305843009213693967:108;2305843009213693973:3,Symbolica_default,cached_powers_Q,45,15,0.887,BalancedZippelSeparated
fire7_nb0_rank1295,Automatic,1,ok,1000.655,167,2,1,0,0,2305843009213693967:164;2305843009213693973:3,Symbolica_default,cached_powers_Q,42,26,0.772,BalancedZippelSeparated
fire7_nb0_rank1296,Automatic,1,ok,835.654,94,2,1,0,0,2305843009213693967:91;2305843009213693973:3,Symbolica_default,cached_powers_Q,36,15,0.437,BalancedZippelSeparated
fire7_nb0_rank1297,Automatic,1,ok,732.933,137,2,1,0,0,2305843009213693967:134;2305843009213693973:3,Symbolica_default,cached_powers_Q,36,27,0.536,BalancedZippelSeparated
fire7_nb0_rank1298,Automatic,1,ok,589.023,111,2,1,0,0,2305843009213693967:108;2305843009213693973:3,Symbolica_default,cached_powers_Q,45,15,0.448,BalancedZippelSeparated
fire7_nb0_rank1299,Automatic,1,ok,835.524,120,2,1,0,0,2305843009213693967:117;2305843009213693973:3,Symbolica_default,cached_powers_Q,45,15,0.601,BalancedZippelSeparated
fire7_nb0_rank1300,Automatic,1,ok,1273.237,135,2,1,0,0,2305843009213693967:132;2305843009213693973:3,Symbolica_default,cached_powers_Q,28,36,0.597,BalancedZippelSeparated
fire7_nb0_rank1301,Automatic,1,ok,972.825,152,2,1,0,0,2305843009213693967:149;2305843009213693973:3,Symbolica_default,cached_powers_Q,39,26,0.694,BalancedZippelSeparated
fire7_nb0_rank1302,Automatic,1,ok,699.804,100,2,1,0,0,2305843009213693967:97;2305843009213693973:3,Symbolica_default,cached_powers_Q,42,12,0.458,BalancedZippelSeparated
fire7_nb0_rank1303,Automatic,1,ok,841.784,122,2,1,0,0,2305843009213693967:119;2305843009213693973:3,Symbolica_default,cached_powers_Q,40,18,0.602,BalancedZippelSeparated
fire7_nb0_rank1304,Automatic,1,ok,573.854,137,2,1,0,0,2305843009213693967:134;2305843009213693973:3,Symbolica_default,cached_powers_Q,36,27,0.409,BalancedZippelSeparated
fire7_nb0_rank1305,Automatic,1,ok,840.944,122,2,1,0,0,2305843009213693967:119;2305843009213693973:3,Symbolica_default,cached_powers_Q,40,18,0.635,BalancedZippelSeparated
fire7_nb0_rank1306,Automatic,1,ok,1146.945,130,2,1,0,0,2305843009213693967:127;2305843009213693973:3,Symbolica_default,cached_powers_Q,40,18,0.679,BalancedZippelSeparated
fire7_nb0_rank1307,Automatic,1,ok,527.413,83,2,1,0,0,2305843009213693967:80;2305843009213693973:3,Symbolica_default,cached_powers_Q,27,25,0.702,BalancedZippelSeparated
fire7_nb0_rank1308,Automatic,1,ok,832.604,120,2,1,0,0,2305843009213693967:117;2305843009213693973:3,Symbolica_default,cached_powers_Q,40,18,0.464,BalancedZippelSeparated
fire7_nb0_rank1309,Automatic,1,ok,718.634,122,2,1,0,0,2305843009213693967:119;2305843009213693973:3,Symbolica_default,cached_powers_Q,36,24,0.566,BalancedZippelSeparated
fire7_nb0_rank1310,Automatic,1,ok,578.353,127,2,1,0,0,2305843009213693967:124;2305843009213693973:3,Symbolica_default,cached_powers_Q,36,27,0.406,BalancedZippelSeparated
fire7_nb0_rank1311,Automatic,1,ok,1033.255,106,2,1,0,0,2305843009213693967:103;2305843009213693973:3,Symbolica_default,cached_powers_Q,42,15,0.792,BalancedZippelSeparated
fire7_nb0_rank1312,Automatic,1,ok,948.265,114,2,1,0,0,2305843009213693967:111;2305843009213693973:3,Symbolica_default,cached_powers_Q,50,6,0.855,BalancedZippelSeparated
fire7_nb0_rank1313,Automatic,1,ok,923.485,127,2,1,0,0,2305843009213693967:124;2305843009213693973:3,Symbolica_default,cached_powers_Q,36,27,0.431,BalancedZippelSeparated
fire7_nb0_rank1314,Automatic,1,ok,577.223,127,2,1,0,0,2305843009213693967:124;2305843009213693973:3,Symbolica_default,cached_powers_Q,40,20,0.464,BalancedZippelSeparated
fire7_nb0_rank1315,Automatic,1,ok,523.393,96,2,1,0,0,2305843009213693967:93;2305843009213693973:3,Symbolica_default,cached_powers_Q,18,45,0.608,BalancedZippelSeparated
fire7_nb0_rank1316,Automatic,1,ok,746.514,120,2,1,0,0,2305843009213693967:117;2305843009213693973:3,Symbolica_default,cached_powers_Q,29,36,0.391,BalancedZippelSeparated
fire7_nb0_rank1317,Automatic,1,ok,950.355,97,2,1,0,0,2305843009213693967:94;2305843009213693973:3,Symbolica_default,cached_powers_Q,45,12,0.864,BalancedZippelSeparated
fire7_nb0_rank1318,Automatic,1,ok,1013.455,132,2,1,0,0,2305843009213693967:129;2305843009213693973:3,Symbolica_default,cached_powers_Q,44,14,0.663,BalancedZippelSeparated
fire7_nb0_rank1319,Automatic,1,ok,762.034,119,2,1,0,0,2305843009213693967:116;2305843009213693973:3,Symbolica_default,cached_powers_Q,36,27,0.410,BalancedZippelSeparated
fire7_nb0_rank1320,Automatic,1,ok,487.652,102,2,1,0,0,2305843009213693967:99;2305843009213693973:3,Symbolica_default,cached_powers_Q,18,36,0.457,BalancedZippelSeparated
fire7_nb0_rank1321,Automatic,1,ok,876.254,144,2,1,0,0,2305843009213693967:141;2305843009213693973:3,Symbolica_default,cached_powers_Q,40,24,0.471,BalancedZippelSeparated
fire7_nb0_rank1322,Automatic,1,ok,832.575,154,2,1,0,0,2305843009213693967:151;2305843009213693973:3,Symbolica_default,cached_powers_Q,40,24,0.501,BalancedZippelSeparated
fire7_nb0_rank1323,Automatic,1,ok,965.965,131,2,1,0,0,2305843009213693967:128;2305843009213693973:3,Symbolica_default,cached_powers_Q,36,27,0.612,BalancedZippelSeparated
fire7_nb0_rank1324,Automatic,1,ok,653.363,113,2,1,0,0,2305843009213693967:110;2305843009213693973:3,Symbolica_default,cached_powers_Q,40,20,0.617,BalancedZippelSeparated
fire7_nb0_rank1325,Automatic,1,ok,754.144,123,2,1,0,0,2305843009213693967:120;2305843009213693973:3,Symbolica_default,cached_powers_Q,36,27,0.618,BalancedZippelSeparated
fire7_nb0_rank1326,Automatic,1,ok,880.704,160,2,1,0,0,2305843009213693967:157;2305843009213693973:3,Symbolica_default,cached_powers_Q,48,10,0.463,BalancedZippelSeparated
fire7_nb0_rank1327,Automatic,1,ok,744.784,118,2,1,0,0,2305843009213693967:115;2305843009213693973:3,Symbolica_default,cached_powers_Q,47,9,0.430,BalancedZippelSeparated
fire7_nb0_rank1328,Automatic,1,ok,724.754,99,2,1,0,0,2305843009213693967:96;2305843009213693973:3,Symbolica_default,cached_powers_Q,35,24,0.475,BalancedZippelSeparated
fire7_nb0_rank1329,Automatic,1,ok,1164.595,114,2,1,0,0,2305843009213693967:111;2305843009213693973:3,Symbolica_default,cached_powers_Q,45,12,0.629,BalancedZippelSeparated
fire7_nb0_rank1330,Automatic,1,ok,808.384,107,2,1,0,0,2305843009213693967:104;2305843009213693973:3,Symbolica_default,cached_powers_Q,32,21,0.758,BalancedZippelSeparated
fire7_nb0_rank1331,Automatic,1,ok,818.384,107,2,1,0,0,2305843009213693967:104;2305843009213693973:3,Symbolica_default,cached_powers_Q,32,21,0.514,BalancedZippelSeparated
fire7_nb0_rank1332,Automatic,1,ok,782.454,111,2,1,0,0,2305843009213693967:108;2305843009213693973:3,Symbolica_default,cached_powers_Q,30,24,0.695,BalancedZippelSeparated
fire7_nb0_rank1333,Automatic,1,ok,803.944,93,2,1,0,0,2305843009213693967:90;2305843009213693973:3,Symbolica_default,cached_powers_Q,42,12,0.604,BalancedZippelSeparated
fire7_nb0_rank1334,Automatic,1,ok,512.603,94,2,1,0,0,2305843009213693967:91;2305843009213693973:3,Symbolica_default,cached_powers_Q,30,20,0.438,BalancedZippelSeparated
fire7_nb0_rank1335,Automatic,1,ok,909.574,94,2,1,0,0,2305843009213693967:91;2305843009213693973:3,Symbolica_default,cached_powers_Q,45,12,0.457,BalancedZippelSeparated
fire7_nb0_rank1336,Automatic,1,ok,881.694,89,2,1,0,0,2305843009213693967:86;2305843009213693973:3,Symbolica_default,cached_powers_Q,45,12,0.880,BalancedZippelSeparated
fire7_nb0_rank1337,Automatic,1,ok,585.243,111,2,1,0,0,2305843009213693967:108;2305843009213693973:3,Symbolica_default,cached_powers_Q,45,10,0.618,BalancedZippelSeparated
fire7_nb0_rank1338,Automatic,1,ok,717.614,154,2,1,0,0,2305843009213693967:151;2305843009213693973:3,Symbolica_default,cached_powers_Q,48,14,0.457,BalancedZippelSeparated
fire7_nb0_rank1339,Automatic,1,ok,455.982,92,2,1,0,0,2305843009213693967:89;2305843009213693973:3,Symbolica_default,cached_powers_Q,42,10,0.539,BalancedZippelSeparated
fire7_nb0_rank1340,Automatic,1,ok,650.493,93,2,1,0,0,2305843009213693967:90;2305843009213693973:3,Symbolica_default,cached_powers_Q,40,10,0.419,BalancedZippelSeparated
fire7_nb0_rank1341,Automatic,1,ok,748.654,87,2,1,0,0,2305843009213693967:84;2305843009213693973:3,Symbolica_default,cached_powers_Q,24,28,0.490,BalancedZippelSeparated
fire7_nb0_rank1342,Automatic,1,ok,951.245,125,2,1,0,0,2305843009213693967:122;2305843009213693973:3,Symbolica_default,cached_powers_Q,36,27,0.840,BalancedZippelSeparated
fire7_nb0_rank1343,Automatic,1,ok,683.663,92,2,1,0,0,2305843009213693967:89;2305843009213693973:3,Symbolica_default,cached_powers_Q,40,10,0.599,BalancedZippelSeparated
fire7_nb0_rank1344,Automatic,1,ok,939.535,176,2,1,0,0,2305843009213693967:173;2305843009213693973:3,Symbolica_default,cached_powers_Q,38,24,0.512,BalancedZippelSeparated
fire7_nb0_rank1345,Automatic,1,ok,522.902,97,2,1,0,0,2305843009213693967:94;2305843009213693973:3,Symbolica_default,cached_powers_Q,40,15,0.627,BalancedZippelSeparated
fire7_nb0_rank1346,Automatic,1,ok,750.744,109,2,1,0,0,2305843009213693967:106;2305843009213693973:3,Symbolica_default,cached_powers_Q,25,36,0.473,BalancedZippelSeparated
fire7_nb0_rank1347,Automatic,1,ok,723.433,98,2,1,0,0,2305843009213693967:95;2305843009213693973:3,Symbolica_default,cached_powers_Q,18,36,0.963,BalancedZippelSeparated
fire7_nb0_rank1348,Automatic,1,ok,1157.996,114,2,1,0,0,2305843009213693967:111;2305843009213693973:3,Symbolica_default,cached_powers_Q,37,18,0.875,BalancedZippelSeparated
fire7_nb0_rank1349,Automatic,1,ok,1169.246,163,2,1,0,0,2305843009213693967:160;2305843009213693973:3,Symbolica_default,cached_powers_Q,40,24,1.133,BalancedZippelSeparated
fire7_nb0_rank1350,Automatic,1,ok,972.465,139,2,1,0,0,2305843009213693967:136;2305843009213693973:3,Symbolica_default,cached_powers_Q,36,20,0.435,BalancedZippelSeparated
fire7_nb0_rank1351,Automatic,1,ok,587.403,103,2,1,0,0,2305843009213693967:100;2305843009213693973:3,Symbolica_default,cached_powers_Q,44,12,0.439,BalancedZippelSeparated
fire7_nb0_rank1352,Automatic,1,ok,558.893,106,2,1,0,0,2305843009213693967:103;2305843009213693973:3,Symbolica_default,cached_powers_Q,40,15,0.400,BalancedZippelSeparated
fire7_nb0_rank1353,Automatic,1,ok,626.653,82,2,1,0,0,2305843009213693967:79;2305843009213693973:3,Symbolica_default,cached_powers_Q,28,18,0.424,BalancedZippelSeparated
fire7_nb0_rank1354,Automatic,1,ok,812.034,82,2,1,0,0,2305843009213693967:79;2305843009213693973:3,Symbolica_default,cached_powers_Q,28,18,0.792,BalancedZippelSeparated
fire7_nb0_rank1355,Automatic,1,ok,972.715,96,2,1,0,0,2305843009213693967:93;2305843009213693973:3,Symbolica_default,cached_powers_Q,40,15,0.650,BalancedZippelSeparated
fire7_nb0_rank1356,Automatic,1,ok,770.464,146,2,1,0,0,2305843009213693967:143;2305843009213693973:3,Symbolica_default,cached_powers_Q,50,8,0.820,BalancedZippelSeparated
fire7_nb0_rank1357,Automatic,1,ok,824.993,139,2,1,0,0,2305843009213693967:136;2305843009213693973:3,Symbolica_default,cached_powers_Q,42,14,0.592,BalancedZippelSeparated
fire7_nb0_rank1358,Automatic,1,ok,861.904,117,2,1,0,0,2305843009213693967:114;2305843009213693973:3,Symbolica_default,cached_powers_Q,35,27,0.393,BalancedZippelSeparated
fire7_nb0_rank1359,Automatic,1,ok,965.065,109,2,1,0,0,2305843009213693967:106;2305843009213693973:3,Symbolica_default,cached_powers_Q,25,36,0.839,BalancedZippelSeparated
fire7_nb0_rank1360,Automatic,1,ok,1111.645,109,2,1,0,0,2305843009213693967:106;2305843009213693973:3,Symbolica_default,cached_powers_Q,25,36,0.825,BalancedZippelSeparated
fire7_nb0_rank1361,Automatic,1,ok,1034.956,110,2,1,0,0,2305843009213693967:107;2305843009213693973:3,Symbolica_default,cached_powers_Q,36,21,0.931,BalancedZippelSeparated
fire7_nb0_rank1362,Automatic,1,ok,773.453,109,2,1,0,0,2305843009213693967:106;2305843009213693973:3,Symbolica_default,cached_powers_Q,25,36,0.652,BalancedZippelSeparated
fire7_nb0_rank1363,Automatic,1,ok,814.484,145,2,1,0,0,2305843009213693967:142;2305843009213693973:3,Symbolica_default,cached_powers_Q,36,20,0.606,BalancedZippelSeparated
fire7_nb0_rank1364,Automatic,1,ok,691.174,103,2,1,0,0,2305843009213693967:100;2305843009213693973:3,Symbolica_default,cached_powers_Q,5,56,0.397,BalancedZippelSeparated
fire7_nb0_rank1365,Automatic,1,ok,511.692,102,2,1,0,0,2305843009213693967:99;2305843009213693973:3,Symbolica_default,cached_powers_Q,5,56,0.539,BalancedZippelSeparated
fire7_nb0_rank1366,Automatic,1,ok,782.304,109,2,1,0,0,2305843009213693967:106;2305843009213693973:3,Symbolica_default,cached_powers_Q,25,36,1.099,BalancedZippelSeparated
fire7_nb0_rank1367,Automatic,1,ok,1008.635,104,2,1,0,0,2305843009213693967:101;2305843009213693973:3,Symbolica_default,cached_powers_Q,35,18,0.649,BalancedZippelSeparated
fire7_nb0_rank1368,Automatic,1,ok,675.504,85,2,1,0,0,2305843009213693967:82;2305843009213693973:3,Symbolica_default,cached_powers_Q,38,12,0.618,BalancedZippelSeparated
fire7_nb0_rank1369,Automatic,1,ok,685.003,87,2,1,0,0,2305843009213693967:84;2305843009213693973:3,Symbolica_default,cached_powers_Q,18,35,0.697,BalancedZippelSeparated
fire7_nb0_rank1370,Automatic,1,ok,732.983,120,2,1,0,0,2305843009213693967:117;2305843009213693973:3,Symbolica_default,cached_powers_Q,32,27,0.576,BalancedZippelSeparated
fire7_nb0_rank1371,Automatic,1,ok,688.523,98,2,1,0,0,2305843009213693967:95;2305843009213693973:3,Symbolica_default,cached_powers_Q,18,36,0.560,BalancedZippelSeparated
fire7_nb0_rank1372,Automatic,1,ok,967.215,98,2,1,0,0,2305843009213693967:95;2305843009213693973:3,Symbolica_default,cached_powers_Q,30,28,0.851,BalancedZippelSeparated
fire7_nb0_rank1373,Automatic,1,ok,967.855,105,2,1,0,0,2305843009213693967:102;2305843009213693973:3,Symbolica_default,cached_powers_Q,45,10,0.599,BalancedZippelSeparated
fire7_nb0_rank1374,Automatic,1,ok,865.344,148,2,1,0,0,2305843009213693967:145;2305843009213693973:3,Symbolica_default,cached_powers_Q,45,14,0.650,BalancedZippelSeparated
fire7_nb0_rank1375,Automatic,1,ok,673.324,88,2,1,0,0,2305843009213693967:85;2305843009213693973:3,Symbolica_default,cached_powers_Q,34,12,0.416,BalancedZippelSeparated
fire7_nb0_rank1376,Automatic,1,ok,545.613,89,2,1,0,0,2305843009213693967:86;2305843009213693973:3,Symbolica_default,cached_powers_Q,30,20,0.571,BalancedZippelSeparated
fire7_nb0_rank1377,Automatic,1,ok,689.953,89,2,1,0,0,2305843009213693967:86;2305843009213693973:3,Symbolica_default,cached_powers_Q,30,20,0.422,BalancedZippelSeparated
fire7_nb0_rank1378,Automatic,1,ok,975.554,113,2,1,0,0,2305843009213693967:110;2305843009213693973:3,Symbolica_default,cached_powers_Q,30,27,0.684,BalancedZippelSeparated
fire7_nb0_rank1379,Automatic,1,ok,751.993,93,2,1,0,0,2305843009213693967:90;2305843009213693973:3,Symbolica_default,cached_powers_Q,18,36,0.980,BalancedZippelSeparated
fire7_nb0_rank1380,Automatic,1,ok,1264.316,122,2,1,0,0,2305843009213693967:119;2305843009213693973:3,Symbolica_default,cached_powers_Q,23,39,0.587,BalancedZippelSeparated
fire7_nb0_rank1381,Automatic,1,ok,665.444,86,2,1,0,0,2305843009213693967:83;2305843009213693973:3,Symbolica_default,cached_powers_Q,36,9,0.437,BalancedZippelSeparated
fire7_nb0_rank1382,Automatic,1,ok,675.573,122,2,1,0,0,2305843009213693967:119;2305843009213693973:3,Symbolica_default,cached_powers_Q,40,15,0.422,BalancedZippelSeparated
fire7_nb0_rank1383,Automatic,1,ok,771.504,125,2,1,0,0,2305843009213693967:122;2305843009213693973:3,Symbolica_default,cached_powers_Q,36,21,0.569,BalancedZippelSeparated
fire7_nb0_rank1384,Automatic,1,ok,705.263,77,2,1,0,0,2305843009213693967:74;2305843009213693973:3,Symbolica_default,cached_powers_Q,24,25,0.496,BalancedZippelSeparated
fire7_nb0_rank1385,Automatic,1,ok,708.954,89,2,1,0,0,2305843009213693967:86;2305843009213693973:3,Symbolica_default,cached_powers_Q,22,25,1.020,BalancedZippelSeparated
fire7_nb0_rank1386,Automatic,1,ok,1009.394,93,2,1,0,0,2305843009213693967:90;2305843009213693973:3,Symbolica_default,cached_powers_Q,42,9,0.802,BalancedZippelSeparated
fire7_nb0_rank1387,Automatic,1,ok,787.744,125,2,1,0,0,2305843009213693967:122;2305843009213693973:3,Symbolica_default,cached_powers_Q,36,21,0.669,BalancedZippelSeparated
fire7_nb0_rank1388,Automatic,1,ok,1035.905,211,2,1,0,0,2305843009213693967:208;2305843009213693973:3,Symbolica_default,cached_powers_Q,42,14,0.601,BalancedZippelSeparated
fire7_nb0_rank1389,Automatic,1,ok,638.653,87,2,1,0,0,2305843009213693967:84;2305843009213693973:3,Symbolica_default,cached_powers_Q,18,35,0.414,BalancedZippelSeparated
fire7_nb0_rank1390,Automatic,1,ok,912.394,160,2,1,0,0,2305843009213693967:157;2305843009213693973:3,Symbolica_default,cached_powers_Q,32,28,0.623,BalancedZippelSeparated
fire7_nb0_rank1391,Automatic,1,ok,1092.495,141,2,1,0,0,2305843009213693967:138;2305843009213693973:3,Symbolica_default,cached_powers_Q,25,28,0.495,BalancedZippelSeparated
fire7_nb0_rank1392,Automatic,1,ok,1084.696,85,2,1,0,0,2305843009213693967:82;2305843009213693973:3,Symbolica_default,cached_powers_Q,30,15,0.592,BalancedZippelSeparated
fire7_nb0_rank1393,Automatic,1,ok,917.255,141,2,1,0,0,2305843009213693967:138;2305843009213693973:3,Symbolica_default,cached_powers_Q,25,28,1.074,BalancedZippelSeparated
fire7_nb0_rank1394,Automatic,1,ok,490.782,95,2,1,0,0,2305843009213693967:92;2305843009213693973:3,Symbolica_default,cached_powers_Q,36,15,0.424,BalancedZippelSeparated
fire7_nb0_rank1395,Automatic,1,ok,691.863,108,2,1,0,0,2305843009213693967:105;2305843009213693973:3,Symbolica_default,cached_powers_Q,36,20,0.621,BalancedZippelSeparated
fire7_nb0_rank1396,Automatic,1,ok,647.713,85,2,1,0,0,2305843009213693967:82;2305843009213693973:3,Symbolica_default,cached_powers_Q,30,20,0.430,BalancedZippelSeparated
fire7_nb0_rank1397,Automatic,1,ok,819.624,113,2,1,0,0,2305843009213693967:110;2305843009213693973:3,Symbolica_default,cached_powers_Q,36,18,0.584,BalancedZippelSeparated
fire7_nb0_rank1398,Automatic,1,ok,1055.135,125,2,1,0,0,2305843009213693967:122;2305843009213693973:3,Symbolica_default,cached_powers_Q,36,21,0.910,BalancedZippelSeparated
fire7_nb0_rank1399,Automatic,1,ok,898.635,97,2,1,0,0,2305843009213693967:94;2305843009213693973:3,Symbolica_default,cached_powers_Q,35,12,0.832,BalancedZippelSeparated
fire7_nb0_rank1400,Automatic,1,ok,814.835,98,2,1,0,0,2305843009213693967:95;2305843009213693973:3,Symbolica_default,cached_powers_Q,35,18,0.633,BalancedZippelSeparated
fire7_nb0_rank1401,Automatic,1,ok,775.234,137,2,1,0,0,2305843009213693967:134;2305843009213693973:3,Symbolica_default,cached_powers_Q,36,18,0.441,BalancedZippelSeparated
fire7_nb0_rank1402,Automatic,1,ok,673.643,147,2,1,0,0,2305843009213693967:144;2305843009213693973:3,Symbolica_default,cached_powers_Q,36,24,0.483,BalancedZippelSeparated
fire7_nb0_rank1403,Automatic,1,ok,859.564,147,2,1,0,0,2305843009213693967:144;2305843009213693973:3,Symbolica_default,cached_powers_Q,36,24,0.645,BalancedZippelSeparated
fire7_nb0_rank1404,Automatic,1,ok,1076.165,128,2,1,0,0,2305843009213693967:125;2305843009213693973:3,Symbolica_default,cached_powers_Q,36,24,0.914,BalancedZippelSeparated
fire7_nb0_rank1405,Automatic,1,ok,1121.935,136,2,1,0,0,2305843009213693967:133;2305843009213693973:3,Symbolica_default,cached_powers_Q,42,14,0.785,BalancedZippelSeparated
fire7_nb0_rank1406,Automatic,1,ok,776.233,107,2,1,0,0,2305843009213693967:104;2305843009213693973:3,Symbolica_default,cached_powers_Q,25,27,0.480,BalancedZippelSeparated
fire7_nb0_rank1407,Automatic,1,ok,787.484,125,2,1,0,0,2305843009213693967:122;2305843009213693973:3,Symbolica_default,cached_powers_Q,36,21,0.701,BalancedZippelSeparated
fire7_nb0_rank1408,Automatic,1,ok,759.764,130,2,1,0,0,2305843009213693967:127;2305843009213693973:3,Symbolica_default,cached_powers_Q,15,42,0.429,BalancedZippelSeparated
fire7_nb0_rank1409,Automatic,1,ok,735.213,93,2,1,0,0,2305843009213693967:90;2305843009213693973:3,Symbolica_default,cached_powers_Q,41,9,0.546,BalancedZippelSeparated
fire7_nb0_rank1410,Automatic,1,ok,725.053,98,2,1,0,0,2305843009213693967:95;2305843009213693973:3,Symbolica_default,cached_powers_Q,18,36,0.595,BalancedZippelSeparated
fire7_nb0_rank1411,Automatic,1,ok,1007.274,95,2,1,0,0,2305843009213693967:92;2305843009213693973:3,Symbolica_default,cached_powers_Q,42,9,0.809,BalancedZippelSeparated
fire7_nb0_rank1412,Automatic,1,ok,758.233,77,2,1,0,0,2305843009213693967:74;2305843009213693973:3,Symbolica_default,cached_powers_Q,23,25,0.644,BalancedZippelSeparated
fire7_nb0_rank1413,Automatic,1,ok,625.753,75,2,1,0,0,2305843009213693967:72;2305843009213693973:3,Symbolica_default,cached_powers_Q,23,25,0.451,BalancedZippelSeparated
fire7_nb0_rank1414,Automatic,1,ok,683.513,93,2,1,0,0,2305843009213693967:90;2305843009213693973:3,Symbolica_default,cached_powers_Q,36,15,0.422,BalancedZippelSeparated
fire7_nb0_rank1415,Automatic,1,ok,631.563,104,2,1,0,0,2305843009213693967:101;2305843009213693973:3,Symbolica_default,cached_powers_Q,35,18,0.413,BalancedZippelSeparated
fire7_nb0_rank1416,Automatic,1,ok,790.594,116,2,1,0,0,2305843009213693967:113;2305843009213693973:3,Symbolica_default,cached_powers_Q,40,12,0.423,BalancedZippelSeparated
fire7_nb0_rank1417,Automatic,1,ok,675.893,89,2,1,0,0,2305843009213693967:86;2305843009213693973:3,Symbolica_default,cached_powers_Q,30,20,0.612,BalancedZippelSeparated
fire7_nb0_rank1418,Automatic,1,ok,954.735,92,2,1,0,0,2305843009213693967:89;2305843009213693973:3,Symbolica_default,cached_powers_Q,35,15,0.479,BalancedZippelSeparated
fire7_nb0_rank1419,Automatic,1,ok,690.534,126,2,1,0,0,2305843009213693967:123;2305843009213693973:3,Symbolica_default,cached_powers_Q,45,8,0.435,BalancedZippelSeparated
fire7_nb0_rank1420,Automatic,1,ok,667.634,98,2,1,0,0,2305843009213693967:95;2305843009213693973:3,Symbolica_default,cached_powers_Q,45,6,0.531,BalancedZippelSeparated
fire7_nb0_rank1421,Automatic,1,ok,523.493,101,2,1,0,0,2305843009213693967:98;2305843009213693973:3,Symbolica_default,cached_powers_Q,40,10,0.400,BalancedZippelSeparated
fire7_nb0_rank1422,Automatic,1,ok,733.384,109,2,1,0,0,2305843009213693967:106;2305843009213693973:3,Symbolica_default,cached_powers_Q,36,20,0.596,BalancedZippelSeparated
fire7_nb0_rank1423,Automatic,1,ok,1051.855,97,2,1,0,0,2305843009213693967:94;2305843009213693973:3,Symbolica_default,cached_powers_Q,35,15,0.841,BalancedZippelSeparated
fire7_nb0_rank1424,Automatic,1,ok,689.343,98,2,1,0,0,2305843009213693967:95;2305843009213693973:3,Symbolica_default,cached_powers_Q,45,6,0.721,BalancedZippelSeparated
fire7_nb0_rank1425,Automatic,1,ok,814.774,128,2,1,0,0,2305843009213693967:125;2305843009213693973:3,Symbolica_default,cached_powers_Q,35,24,0.660,BalancedZippelSeparated
fire7_nb0_rank1426,Automatic,1,ok,743.123,125,2,1,0,0,2305843009213693967:122;2305843009213693973:3,Symbolica_default,cached_powers_Q,39,18,0.449,BalancedZippelSeparated
fire7_nb0_rank1427,Automatic,1,ok,734.834,101,2,1,0,0,2305843009213693967:98;2305843009213693973:3,Symbolica_default,cached_powers_Q,36,20,0.562,BalancedZippelSeparated
fire7_nb0_rank1428,Automatic,1,ok,897.214,104,2,1,0,0,2305843009213693967:101;2305843009213693973:3,Symbolica_default,cached_powers_Q,36,20,0.793,BalancedZippelSeparated
fire7_nb0_rank1429,Automatic,1,ok,674.244,100,2,1,0,0,2305843009213693967:97;2305843009213693973:3,Symbolica_default,cached_powers_Q,45,6,0.557,BalancedZippelSeparated
fire7_nb0_rank1430,Automatic,1,ok,836.324,99,2,1,0,0,2305843009213693967:96;2305843009213693973:3,Symbolica_default,cached_powers_Q,40,10,0.816,BalancedZippelSeparated
fire7_nb0_rank1431,Automatic,1,ok,684.794,119,2,1,0,0,2305843009213693967:116;2305843009213693973:3,Symbolica_default,cached_powers_Q,42,9,0.457,BalancedZippelSeparated
fire7_nb0_rank1432,Automatic,1,ok,625.853,98,2,1,0,0,2305843009213693967:95;2305843009213693973:3,Symbolica_default,cached_powers_Q,35,15,0.409,BalancedZippelSeparated
fire7_nb0_rank1433,Automatic,1,ok,664.134,92,2,1,0,0,2305843009213693967:89;2305843009213693973:3,Symbolica_default,cached_powers_Q,29,15,0.586,BalancedZippelSeparated
fire7_nb0_rank1434,Automatic,1,ok,1011.945,121,2,1,0,0,2305843009213693967:118;2305843009213693973:3,Symbolica_default,cached_powers_Q,36,18,0.599,BalancedZippelSeparated
fire7_nb0_rank1435,Automatic,1,ok,980.445,92,2,1,0,0,2305843009213693967:89;2305843009213693973:3,Symbolica_default,cached_powers_Q,36,15,0.802,BalancedZippelSeparated
fire7_nb0_rank1436,Automatic,1,ok,740.053,106,2,1,0,0,2305843009213693967:103;2305843009213693973:3,Symbolica_default,cached_powers_Q,36,20,1.021,BalancedZippelSeparated
fire7_nb0_rank1437,Automatic,1,ok,697.933,89,2,1,0,0,2305843009213693967:86;2305843009213693973:3,Symbolica_default,cached_powers_Q,30,20,0.411,BalancedZippelSeparated
fire7_nb0_rank1438,Automatic,1,ok,889.184,105,2,1,0,0,2305843009213693967:102;2305843009213693973:3,Symbolica_default,cached_powers_Q,25,27,0.459,BalancedZippelSeparated
fire7_nb0_rank1439,Automatic,1,ok,526.462,106,2,1,0,0,2305843009213693967:103;2305843009213693973:3,Symbolica_default,cached_powers_Q,36,15,0.513,BalancedZippelSeparated
fire7_nb0_rank1440,Automatic,1,ok,808.334,106,2,1,0,0,2305843009213693967:103;2305843009213693973:3,Symbolica_default,cached_powers_Q,30,27,0.477,BalancedZippelSeparated
fire7_nb0_rank1441,Automatic,1,ok,755.044,103,2,1,0,0,2305843009213693967:100;2305843009213693973:3,Symbolica_default,cached_powers_Q,30,21,0.663,BalancedZippelSeparated
fire7_nb0_rank1442,Automatic,1,ok,851.695,85,2,1,0,0,2305843009213693967:82;2305843009213693973:3,Symbolica_default,cached_powers_Q,18,35,0.818,BalancedZippelSeparated
fire7_nb0_rank1443,Automatic,1,ok,729.334,123,2,1,0,0,2305843009213693967:120;2305843009213693973:3,Symbolica_default,cached_powers_Q,30,24,0.575,BalancedZippelSeparated
fire7_nb0_rank1444,Automatic,1,ok,620.043,89,2,1,0,0,2305843009213693967:86;2305843009213693973:3,Symbolica_default,cached_powers_Q,40,9,0.562,BalancedZippelSeparated
fire7_nb0_rank1445,Automatic,1,ok,611.852,101,2,1,0,0,2305843009213693967:98;2305843009213693973:3,Symbolica_default,cached_powers_Q,40,9,0.399,BalancedZippelSeparated
fire7_nb0_rank1446,Automatic,1,ok,689.013,119,2,1,0,0,2305843009213693967:116;2305843009213693973:3,Symbolica_default,cached_powers_Q,44,8,0.404,BalancedZippelSeparated
fire7_nb0_rank1447,Automatic,1,ok,472.413,90,2,1,0,0,2305843009213693967:87;2305843009213693973:3,Symbolica_default,cached_powers_Q,40,9,0.573,BalancedZippelSeparated
fire7_nb0_rank1448,Automatic,1,ok,1016.185,102,2,1,0,0,2305843009213693967:99;2305843009213693973:3,Symbolica_default,cached_powers_Q,32,21,0.676,BalancedZippelSeparated
fire7_nb0_rank1449,Automatic,1,ok,774.584,101,2,1,0,0,2305843009213693967:98;2305843009213693973:3,Symbolica_default,cached_powers_Q,25,27,0.554,BalancedZippelSeparated
fire7_nb0_rank1450,Automatic,1,ok,749.104,122,2,1,0,0,2305843009213693967:119;2305843009213693973:3,Symbolica_default,cached_powers_Q,40,12,0.401,BalancedZippelSeparated
fire7_nb0_rank1451,Automatic,1,ok,431.053,80,2,1,0,0,2305843009213693967:77;2305843009213693973:3,Symbolica_default,cached_powers_Q,34,10,0.552,BalancedZippelSeparated
fire7_nb0_rank1452,Automatic,1,ok,633.723,138,2,1,0,0,2305843009213693967:135;2305843009213693973:3,Symbolica_default,cached_powers_Q,39,18,0.429,BalancedZippelSeparated
fire7_nb0_rank1453,Automatic,1,ok,606.972,112,2,1,0,0,2305843009213693967:109;2305843009213693973:3,Symbolica_default,cached_powers_Q,36,15,0.447,BalancedZippelSeparated
fire7_nb0_rank1454,Automatic,1,ok,1003.134,109,2,1,0,0,2305843009213693967:106;2305843009213693973:3,Symbolica_default,cached_powers_Q,32,21,0.879,BalancedZippelSeparated
fire7_nb0_rank1455,Automatic,1,ok,642.263,102,2,1,0,0,2305843009213693967:99;2305843009213693973:3,Symbolica_default,cached_powers_Q,36,12,0.597,BalancedZippelSeparated
fire7_nb0_rank1456,Automatic,1,ok,484.832,103,2,1,0,0,2305843009213693967:100;2305843009213693973:3,Symbolica_default,cached_powers_Q,36,12,0.547,BalancedZippelSeparated
fire7_nb0_rank1457,Automatic,1,ok,877.074,134,2,1,0,0,2305843009213693967:131;2305843009213693973:3,Symbolica_default,cached_powers_Q,38,21,0.430,BalancedZippelSeparated
fire7_nb0_rank1458,Automatic,1,ok,772.193,102,2,1,0,0,2305843009213693967:99;2305843009213693973:3,Symbolica_default,cached_powers_Q,32,21,0.468,BalancedZippelSeparated
fire7_nb0_rank1459,Automatic,1,ok,819.694,140,2,1,0,0,2305843009213693967:137;2305843009213693973:3,Symbolica_default,cached_powers_Q,39,14,0.450,BalancedZippelSeparated
fire7_nb0_rank1460,Automatic,1,ok,960.414,120,2,1,0,0,2305843009213693967:117;2305843009213693973:3,Symbolica_default,cached_powers_Q,35,21,0.864,BalancedZippelSeparated
fire7_nb0_rank1461,Automatic,1,ok,518.963,83,2,1,0,0,2305843009213693967:80;2305843009213693973:3,Symbolica_default,cached_powers_Q,30,20,0.459,BalancedZippelSeparated
fire7_nb0_rank1462,Automatic,1,ok,446.382,83,2,1,0,0,2305843009213693967:80;2305843009213693973:3,Symbolica_default,cached_powers_Q,36,12,0.408,BalancedZippelSeparated
fire7_nb0_rank1463,Automatic,1,ok,734.594,96,2,1,0,0,2305843009213693967:93;2305843009213693973:3,Symbolica_default,cached_powers_Q,40,9,0.543,BalancedZippelSeparated
fire7_nb0_rank1464,Automatic,1,ok,468.992,110,2,1,0,0,2305843009213693967:107;2305843009213693973:3,Symbolica_default,cached_powers_Q,27,24,0.373,BalancedZippelSeparated
fire7_nb0_rank1465,Automatic,1,ok,646.784,83,2,1,0,0,2305843009213693967:80;2305843009213693973:3,Symbolica_default,cached_powers_Q,36,12,0.597,BalancedZippelSeparated
fire7_nb0_rank1466,Automatic,1,ok,903.145,107,2,1,0,0,2305843009213693967:104;2305843009213693973:3,Symbolica_default,cached_powers_Q,36,15,0.615,BalancedZippelSeparated
fire7_nb0_rank1467,Automatic,1,ok,476.843,83,2,1,0,0,2305843009213693967:80;2305843009213693973:3,Symbolica_default,cached_powers_Q,36,12,0.442,BalancedZippelSeparated
fire7_nb0_rank1468,Automatic,1,ok,695.443,82,2,1,0,0,2305843009213693967:79;2305843009213693973:3,Symbolica_default,cached_powers_Q,30,15,0.579,BalancedZippelSeparated
fire7_nb0_rank1469,Automatic,1,ok,466.092,80,2,1,0,0,2305843009213693967:77;2305843009213693973:3,Symbolica_default,cached_powers_Q,30,15,0.541,BalancedZippelSeparated
fire7_nb0_rank1470,Automatic,1,ok,593.823,81,2,1,0,0,2305843009213693967:78;2305843009213693973:3,Symbolica_default,cached_powers_Q,30,15,0.381,BalancedZippelSeparated
fire7_nb0_rank1471,Automatic,1,ok,818.774,121,2,1,0,0,2305843009213693967:118;2305843009213693973:3,Symbolica_default,cached_powers_Q,30,20,0.604,BalancedZippelSeparated
fire7_nb0_rank1472,Automatic,1,ok,963.894,112,2,1,0,0,2305843009213693967:109;2305843009213693973:3,Symbolica_default,cached_powers_Q,40,10,0.805,BalancedZippelSeparated
fire7_nb0_rank1473,Automatic,1,ok,530.242,95,2,1,0,0,2305843009213693967:92;2305843009213693973:3,Symbolica_default,cached_powers_Q,5,48,0.689,BalancedZippelSeparated
fire7_nb0_rank1474,Automatic,1,ok,537.123,97,2,1,0,0,2305843009213693967:94;2305843009213693973:3,Symbolica_default,cached_powers_Q,5,48,0.575,BalancedZippelSeparated
fire7_nb0_rank1475,Automatic,1,ok,521.753,113,2,1,0,0,2305843009213693967:110;2305843009213693973:3,Symbolica_default,cached_powers_Q,39,9,0.401,BalancedZippelSeparated
fire7_nb0_rank1476,Automatic,1,ok,650.163,104,2,1,0,0,2305843009213693967:101;2305843009213693973:3,Symbolica_default,cached_powers_Q,32,20,0.413,BalancedZippelSeparated
fire7_nb0_rank1477,Automatic,1,ok,537.672,115,2,1,0,0,2305843009213693967:112;2305843009213693973:3,Symbolica_default,cached_powers_Q,37,10,0.401,BalancedZippelSeparated
fire7_nb0_rank1478,Automatic,1,ok,1019.065,128,2,1,0,0,2305843009213693967:125;2305843009213693973:3,Symbolica_default,cached_powers_Q,27,26,0.875,BalancedZippelSeparated
fire7_nb0_rank1479,Automatic,1,ok,917.815,99,2,1,0,0,2305843009213693967:96;2305843009213693973:3,Symbolica_default,cached_powers_Q,30,21,0.792,BalancedZippelSeparated
fire7_nb0_rank1480,Automatic,1,ok,749.573,93,2,1,0,0,2305843009213693967:90;2305843009213693973:3,Symbolica_default,cached_powers_Q,30,21,0.472,BalancedZippelSeparated
fire7_nb0_rank1481,Automatic,1,ok,762.484,109,2,1,0,0,2305843009213693967:106;2305843009213693973:3,Symbolica_default,cached_powers_Q,32,21,0.473,BalancedZippelSeparated
fire7_nb0_rank1482,Automatic,1,ok,682.173,116,2,1,0,0,2305843009213693967:113;2305843009213693973:3,Symbolica_default,cached_powers_Q,15,36,0.407,BalancedZippelSeparated
fire7_nb0_rank1483,Automatic,1,ok,434.372,89,2,1,0,0,2305843009213693967:86;2305843009213693973:3,Symbolica_default,cached_powers_Q,38,9,0.406,BalancedZippelSeparated
fire7_nb0_rank1484,Automatic,1,ok,919.554,93,2,1,0,0,2305843009213693967:90;2305843009213693973:3,Symbolica_default,cached_powers_Q,32,15,0.803,BalancedZippelSeparated
fire7_nb0_rank1485,Automatic,1,ok,1210.846,133,2,1,0,0,2305843009213693967:130;2305843009213693973:3,Symbolica_default,cached_powers_Q,27,26,0.620,BalancedZippelSeparated
fire7_nb0_rank1486,Automatic,1,ok,882.665,160,2,1,0,0,2305843009213693967:157;2305843009213693973:3,Symbolica_default,cached_powers_Q,42,13,0.627,BalancedZippelSeparated
fire7_nb0_rank1487,Automatic,1,ok,620.413,79,2,1,0,0,2305843009213693967:76;2305843009213693973:3,Symbolica_default,cached_powers_Q,33,12,0.590,BalancedZippelSeparated
fire7_nb0_rank1488,Automatic,1,ok,667.034,93,2,1,0,0,2305843009213693967:90;2305843009213693973:3,Symbolica_default,cached_powers_Q,32,18,0.565,BalancedZippelSeparated
fire7_nb0_rank1489,Automatic,1,ok,733.923,79,2,1,0,0,2305843009213693967:76;2305843009213693973:3,Symbolica_default,cached_powers_Q,33,12,0.402,BalancedZippelSeparated
fire7_nb0_rank1490,Automatic,1,ok,1009.345,115,2,1,0,0,2305843009213693967:112;2305843009213693973:3,Symbolica_default,cached_powers_Q,35,18,0.812,BalancedZippelSeparated
fire7_nb0_rank1491,Automatic,1,ok,604.203,81,2,1,0,0,2305843009213693967:78;2305843009213693973:3,Symbolica_default,cached_powers_Q,35,10,0.724,BalancedZippelSeparated
fire7_nb0_rank1492,Automatic,1,ok,893.364,88,2,1,0,0,2305843009213693967:85;2305843009213693973:3,Symbolica_default,cached_powers_Q,25,28,0.778,BalancedZippelSeparated
fire7_nb0_rank1493,Automatic,1,ok,691.864,80,2,1,0,0,2305843009213693967:77;2305843009213693973:3,Symbolica_default,cached_powers_Q,25,28,0.657,BalancedZippelSeparated
fire7_nb0_rank1494,Automatic,1,ok,606.433,119,2,1,0,0,2305843009213693967:116;2305843009213693973:3,Symbolica_default,cached_powers_Q,32,18,0.425,BalancedZippelSeparated
fire7_nb0_rank1495,Automatic,1,ok,448.433,85,2,1,0,0,2305843009213693967:82;2305843009213693973:3,Symbolica_default,cached_powers_Q,30,12,0.537,BalancedZippelSeparated
fire7_nb0_rank1496,Automatic,1,ok,531.473,98,2,1,0,0,2305843009213693967:95;2305843009213693973:3,Symbolica_default,cached_powers_Q,29,15,0.420,BalancedZippelSeparated
fire7_nb0_rank1497,Automatic,1,ok,1000.935,137,2,1,0,0,2305843009213693967:134;2305843009213693973:3,Symbolica_default,cached_powers_Q,39,12,0.819,BalancedZippelSeparated
fire7_nb0_rank1498,Automatic,1,ok,671.793,81,2,1,0,0,2305843009213693967:78;2305843009213693973:3,Symbolica_default,cached_powers_Q,30,20,0.798,BalancedZippelSeparated
fire7_nb0_rank1499,Automatic,1,ok,696.894,85,2,1,0,0,2305843009213693967:82;2305843009213693973:3,Symbolica_default,cached_powers_Q,30,20,0.554,BalancedZippelSeparated
fire7_nb0_rank1500,Automatic,1,ok,796.735,129,2,1,0,0,2305843009213693967:126;2305843009213693973:3,Symbolica_default,cached_powers_Q,39,18,0.432,BalancedZippelSeparated
fire7_nb0_rank1501,Automatic,1,ok,445.032,83,2,1,0,0,2305843009213693967:80;2305843009213693973:3,Symbolica_default,cached_powers_Q,18,28,0.538,BalancedZippelSeparated
fire7_nb0_rank1502,Automatic,1,ok,746.374,131,2,1,0,0,2305843009213693967:128;2305843009213693973:3,Symbolica_default,cached_powers_Q,39,12,0.428,BalancedZippelSeparated
fire7_nb0_rank1503,Automatic,1,ok,1006.985,100,2,1,0,0,2305843009213693967:97;2305843009213693973:3,Symbolica_default,cached_powers_Q,35,12,0.833,BalancedZippelSeparated
fire7_nb0_rank1504,Automatic,1,ok,712.763,88,2,1,0,0,2305843009213693967:85;2305843009213693973:3,Symbolica_default,cached_powers_Q,32,18,0.646,BalancedZippelSeparated
fire7_nb0_rank1505,Automatic,1,ok,792.104,100,2,1,0,0,2305843009213693967:97;2305843009213693973:3,Symbolica_default,cached_powers_Q,35,12,0.424,BalancedZippelSeparated
fire7_nb0_rank1506,Automatic,1,ok,644.293,79,2,1,0,0,2305843009213693967:76;2305843009213693973:3,Symbolica_default,cached_powers_Q,18,28,0.390,BalancedZippelSeparated
fire7_nb0_rank1507,Automatic,1,ok,650.853,85,2,1,0,0,2305843009213693967:82;2305843009213693973:3,Symbolica_default,cached_powers_Q,18,28,0.405,BalancedZippelSeparated
fire7_nb0_rank1508,Automatic,1,ok,773.643,149,2,1,0,0,2305843009213693967:146;2305843009213693973:3,Symbolica_default,cached_powers_Q,44,6,0.386,BalancedZippelSeparated
fire7_nb0_rank1509,Automatic,1,ok,1292.096,127,2,1,0,0,2305843009213693967:124;2305843009213693973:3,Symbolica_default,cached_powers_Q,24,24,0.632,BalancedZippelSeparated
fire7_nb0_rank1510,Automatic,1,ok,1113.485,104,2,1,0,0,2305843009213693967:101;2305843009213693973:3,Symbolica_default,cached_powers_Q,35,12,0.585,BalancedZippelSeparated
fire7_nb0_rank1511,Automatic,1,ok,870.434,104,2,1,0,0,2305843009213693967:101;2305843009213693973:3,Symbolica_default,cached_powers_Q,35,12,0.484,BalancedZippelSeparated
fire7_nb0_rank1512,Automatic,1,ok,843.534,127,2,1,0,0,2305843009213693967:124;2305843009213693973:3,Symbolica_default,cached_powers_Q,24,24,0.573,BalancedZippelSeparated
fire7_nb0_rank1513,Automatic,1,ok,938.655,121,2,1,0,0,2305843009213693967:118;2305843009213693973:3,Symbolica_default,cached_powers_Q,38,12,0.418,BalancedZippelSeparated
fire7_nb0_rank1514,Automatic,1,ok,853.754,108,2,1,0,0,2305843009213693967:105;2305843009213693973:3,Symbolica_default,cached_powers_Q,24,27,0.745,BalancedZippelSeparated
fire7_nb0_rank1515,Automatic,1,ok,1021.825,100,2,1,0,0,2305843009213693967:97;2305843009213693973:3,Symbolica_default,cached_powers_Q,35,12,0.749,BalancedZippelSeparated
fire7_nb0_rank1516,Automatic,1,ok,955.275,108,2,1,0,0,2305843009213693967:105;2305843009213693973:3,Symbolica_default,cached_powers_Q,24,27,0.796,BalancedZippelSeparated
fire7_nb0_rank1517,Automatic,1,ok,655.214,81,2,1,0,0,2305843009213693967:78;2305843009213693973:3,Symbolica_default,cached_powers_Q,25,20,0.399,BalancedZippelSeparated
fire7_nb0_rank1518,Automatic,1,ok,481.872,90,2,1,0,0,2305843009213693967:87;2305843009213693973:3,Symbolica_default,cached_powers_Q,24,24,0.562,BalancedZippelSeparated
fire7_nb0_rank1519,Automatic,1,ok,684.534,96,2,1,0,0,2305843009213693967:93;2305843009213693973:3,Symbolica_default,cached_powers_Q,28,21,0.426,BalancedZippelSeparated
fire7_nb0_rank1520,Automatic,1,ok,624.913,100,2,1,0,0,2305843009213693967:97;2305843009213693973:3,Symbolica_default,cached_powers_Q,32,16,0.618,BalancedZippelSeparated
fire7_nb0_rank1521,Automatic,1,ok,890.995,90,2,1,0,0,2305843009213693967:87;2305843009213693973:3,Symbolica_default,cached_powers_Q,15,36,0.792,BalancedZippelSeparated
fire7_nb0_rank1522,Automatic,1,ok,953.864,116,2,1,0,0,2305843009213693967:113;2305843009213693973:3,Symbolica_default,cached_powers_Q,15,36,0.751,BalancedZippelSeparated
fire7_nb0_rank1523,Automatic,1,ok,521.243,89,2,1,0,0,2305843009213693967:86;2305843009213693973:3,Symbolica_default,cached_powers_Q,24,24,0.554,BalancedZippelSeparated
fire7_nb0_rank1524,Automatic,1,ok,692.573,90,2,1,0,0,2305843009213693967:87;2305843009213693973:3,Symbolica_default,cached_powers_Q,25,21,0.606,BalancedZippelSeparated
fire7_nb0_rank1525,Automatic,1,ok,805.375,104,2,1,0,0,2305843009213693967:101;2305843009213693973:3,Symbolica_default,cached_powers_Q,35,12,0.398,BalancedZippelSeparated
fire7_nb0_rank1526,Automatic,1,ok,460.402,82,2,1,0,0,2305843009213693967:79;2305843009213693973:3,Symbolica_default,cached_powers_Q,25,24,0.418,BalancedZippelSeparated
fire7_nb0_rank1527,Automatic,1,ok,1001.355,109,2,1,0,0,2305843009213693967:106;2305843009213693973:3,Symbolica_default,cached_powers_Q,30,14,0.798,BalancedZippelSeparated
fire7_nb0_rank1528,Automatic,1,ok,1004.705,126,2,1,0,0,2305843009213693967:123;2305843009213693973:3,Symbolica_default,cached_powers_Q,39,8,0.589,BalancedZippelSeparated
fire7_nb0_rank1529,Automatic,1,ok,704.263,110,2,1,0,0,2305843009213693967:107;2305843009213693973:3,Symbolica_default,cached_powers_Q,24,27,0.498,BalancedZippelSeparated
fire7_nb0_rank1530,Automatic,1,ok,426.982,85,2,1,0,0,2305843009213693967:82;2305843009213693973:3,Symbolica_default,cached_powers_Q,39,6,0.559,BalancedZippelSeparated
fire7_nb0_rank1531,Automatic,1,ok,875.435,123,2,1,0,0,2305843009213693967:120;2305843009213693973:3,Symbolica_default,cached_powers_Q,28,24,0.588,BalancedZippelSeparated
fire7_nb0_rank1532,Automatic,1,ok,755.554,114,2,1,0,0,2305843009213693967:111;2305843009213693973:3,Symbolica_default,cached_powers_Q,15,36,0.418,BalancedZippelSeparated
fire7_nb0_rank1533,Automatic,1,ok,1000.245,114,2,1,0,0,2305843009213693967:111;2305843009213693973:3,Symbolica_default,cached_powers_Q,15,36,0.844,BalancedZippelSeparated
fire7_nb0_rank1534,Automatic,1,ok,973.785,98,2,1,0,0,2305843009213693967:95;2305843009213693973:3,Symbolica_default,cached_powers_Q,28,21,0.595,BalancedZippelSeparated
fire7_nb0_rank1535,Automatic,1,ok,715.023,98,2,1,0,0,2305843009213693967:95;2305843009213693973:3,Symbolica_default,cached_powers_Q,18,27,0.396,BalancedZippelSeparated
fire7_nb0_rank1536,Automatic,1,ok,626.923,79,2,1,0,0,2305843009213693967:76;2305843009213693973:3,Symbolica_default,cached_powers_Q,23,20,0.410,BalancedZippelSeparated
fire7_nb0_rank1537,Automatic,1,ok,607.852,149,2,1,0,0,2305843009213693967:146;2305843009213693973:3,Symbolica_default,cached_powers_Q,38,14,0.574,BalancedZippelSeparated
fire7_nb0_rank1538,Automatic,1,ok,480.983,87,2,1,0,0,2305843009213693967:84;2305843009213693973:3,Symbolica_default,cached_powers_Q,30,15,0.369,BalancedZippelSeparated
fire7_nb0_rank1539,Automatic,1,ok,706.464,107,2,1,0,0,2305843009213693967:104;2305843009213693973:3,Symbolica_default,cached_powers_Q,36,15,0.591,BalancedZippelSeparated
fire7_nb0_rank1540,Automatic,1,ok,887.814,80,2,1,0,0,2305843009213693967:77;2305843009213693973:3,Symbolica_default,cached_powers_Q,23,28,0.857,BalancedZippelSeparated
fire7_nb0_rank1541,Automatic,1,ok,916.874,88,2,1,0,0,2305843009213693967:85;2305843009213693973:3,Symbolica_default,cached_powers_Q,23,28,0.870,BalancedZippelSeparated
fire7_nb0_rank1542,Automatic,1,ok,617.434,81,2,1,0,0,2305843009213693967:78;2305843009213693973:3,Symbolica_default,cached_powers_Q,35,8,0.400,BalancedZippelSeparated
fire7_nb0_rank1543,Automatic,1,ok,442.362,85,2,1,0,0,2305843009213693967:82;2305843009213693973:3,Symbolica_default,cached_powers_Q,35,8,0.390,BalancedZippelSeparated
fire7_nb0_rank1544,Automatic,1,ok,804.574,149,2,1,0,0,2305843009213693967:146;2305843009213693973:3,Symbolica_default,cached_powers_Q,38,14,0.575,BalancedZippelSeparated
fire7_nb0_rank1545,Automatic,1,ok,514.773,111,2,1,0,0,2305843009213693967:108;2305843009213693973:3,Symbolica_default,cached_powers_Q,35,12,0.397,BalancedZippelSeparated
fire7_nb0_rank1546,Automatic,1,ok,919.794,106,2,1,0,0,2305843009213693967:103;2305843009213693973:3,Symbolica_default,cached_powers_Q,36,10,0.795,BalancedZippelSeparated
fire7_nb0_rank1547,Automatic,1,ok,938.585,124,2,1,0,0,2305843009213693967:121;2305843009213693973:3,Symbolica_default,cached_powers_Q,39,9,0.817,BalancedZippelSeparated
fire7_nb0_rank1548,Automatic,1,ok,693.413,107,2,1,0,0,2305843009213693967:104;2305843009213693973:3,Symbolica_default,cached_powers_Q,36,15,0.615,BalancedZippelSeparated
fire7_nb0_rank1549,Automatic,1,ok,716.904,98,2,1,0,0,2305843009213693967:95;2305843009213693973:3,Symbolica_default,cached_powers_Q,28,21,0.587,BalancedZippelSeparated
fire7_nb0_rank1550,Automatic,1,ok,563.832,84,2,1,0,0,2305843009213693967:81;2305843009213693973:3,Symbolica_default,cached_powers_Q,35,10,0.393,BalancedZippelSeparated
fire7_nb0_rank1551,Automatic,1,ok,904.155,139,2,1,0,0,2305843009213693967:136;2305843009213693973:3,Symbolica_default,cached_powers_Q,36,10,0.376,BalancedZippelSeparated
fire7_nb0_rank1552,Automatic,1,ok,612.083,97,2,1,0,0,2305843009213693967:94;2305843009213693973:3,Symbolica_default,cached_powers_Q,24,27,0.513,BalancedZippelSeparated
fire7_nb0_rank1553,Automatic,1,ok,775.114,122,2,1,0,0,2305843009213693967:119;2305843009213693973:3,Symbolica_default,cached_powers_Q,39,9,0.807,BalancedZippelSeparated
fire7_nb0_rank1554,Automatic,1,ok,876.384,88,2,1,0,0,2305843009213693967:85;2305843009213693973:3,Symbolica_default,cached_powers_Q,21,24,0.808,BalancedZippelSeparated
fire7_nb0_rank1555,Automatic,1,ok,1094.615,99,2,1,0,0,2305843009213693967:96;2305843009213693973:3,Symbolica_default,cached_powers_Q,36,10,0.611,BalancedZippelSeparated
fire7_nb0_rank1556,Automatic,1,ok,543.163,90,2,1,0,0,2305843009213693967:87;2305843009213693973:3,Symbolica_default,cached_powers_Q,24,24,0.547,BalancedZippelSeparated
fire7_nb0_rank1557,Automatic,1,ok,664.393,97,2,1,0,0,2305843009213693967:94;2305843009213693973:3,Symbolica_default,cached_powers_Q,36,10,0.413,BalancedZippelSeparated
fire7_nb0_rank1558,Automatic,1,ok,377.472,79,2,1,0,0,2305843009213693967:76;2305843009213693973:3,Symbolica_default,cached_powers_Q,22,15,0.360,BalancedZippelSeparated
fire7_nb0_rank1559,Automatic,1,ok,658.423,94,2,1,0,0,2305843009213693967:91;2305843009213693973:3,Symbolica_default,cached_powers_Q,15,27,0.391,BalancedZippelSeparated
fire7_nb0_rank1560,Automatic,1,ok,905.784,94,2,1,0,0,2305843009213693967:91;2305843009213693973:3,Symbolica_default,cached_powers_Q,15,27,0.538,BalancedZippelSeparated
fire7_nb0_rank1561,Automatic,1,ok,762.564,102,2,1,0,0,2305843009213693967:99;2305843009213693973:3,Symbolica_default,cached_powers_Q,36,10,0.535,BalancedZippelSeparated
fire7_nb0_rank1562,Automatic,1,ok,786.204,133,2,1,0,0,2305843009213693967:130;2305843009213693973:3,Symbolica_default,cached_powers_Q,27,20,0.430,BalancedZippelSeparated
fire7_nb0_rank1563,Automatic,1,ok,756.714,115,2,1,0,0,2305843009213693967:112;2305843009213693973:3,Symbolica_default,cached_powers_Q,33,14,0.598,BalancedZippelSeparated
fire7_nb0_rank1564,Automatic,1,ok,650.513,76,2,1,0,0,2305843009213693967:73;2305843009213693973:3,Symbolica_default,cached_powers_Q,24,20,0.397,BalancedZippelSeparated
fire7_nb0_rank1565,Automatic,1,ok,688.804,80,2,1,0,0,2305843009213693967:77;2305843009213693973:3,Symbolica_default,cached_powers_Q,24,20,0.539,BalancedZippelSeparated
fire7_nb0_rank1566,Automatic,1,ok,779.034,135,2,1,0,0,2305843009213693967:132;2305843009213693973:3,Symbolica_default,cached_powers_Q,33,14,0.595,BalancedZippelSeparated
fire7_nb0_rank1567,Automatic,1,ok,832.674,113,2,1,0,0,2305843009213693967:110;2305843009213693973:3,Symbolica_default,cached_powers_Q,39,10,0.581,BalancedZippelSeparated
fire7_nb0_rank1568,Automatic,1,ok,625.013,75,2,1,0,0,2305843009213693967:72;2305843009213693973:3,Symbolica_default,cached_powers_Q,22,14,0.393,BalancedZippelSeparated
fire7_nb0_rank1569,Automatic,1,ok,662.763,87,2,1,0,0,2305843009213693967:84;2305843009213693973:3,Symbolica_default,cached_powers_Q,30,15,0.586,BalancedZippelSeparated
fire7_nb0_rank1570,Automatic,1,ok,775.834,133,2,1,0,0,2305843009213693967:130;2305843009213693973:3,Symbolica_default,cached_powers_Q,33,14,0.519,BalancedZippelSeparated
fire7_nb0_rank1571,Automatic,1,ok,621.743,80,2,1,0,0,2305843009213693967:77;2305843009213693973:3,Symbolica_default,cached_powers_Q,30,15,0.364,BalancedZippelSeparated
fire7_nb0_rank1572,Automatic,1,ok,817.354,133,2,1,0,0,2305843009213693967:130;2305843009213693973:3,Symbolica_default,cached_powers_Q,33,14,0.550,BalancedZippelSeparated
fire7_nb0_rank1573,Automatic,1,ok,406.171,86,2,1,0,0,2305843009213693967:83;2305843009213693973:3,Symbolica_default,cached_powers_Q,32,5,0.356,BalancedZippelSeparated
fire7_nb0_rank1574,Automatic,1,ok,631.463,89,2,1,0,0,2305843009213693967:86;2305843009213693973:3,Symbolica_default,cached_powers_Q,30,15,0.392,BalancedZippelSeparated
fire7_nb0_rank1575,Automatic,1,ok,540.862,85,2,1,0,0,2305843009213693967:82;2305843009213693973:3,Symbolica_default,cached_powers_Q,35,6,0.366,BalancedZippelSeparated
fire7_nb0_rank1576,Automatic,1,ok,711.594,133,2,1,0,0,2305843009213693967:130;2305843009213693973:3,Symbolica_default,cached_powers_Q,36,9,0.572,BalancedZippelSeparated
fire7_nb0_rank1577,Automatic,1,ok,580.374,79,2,1,0,0,2305843009213693967:76;2305843009213693973:3,Symbolica_default,cached_powers_Q,25,12,0.364,BalancedZippelSeparated
fire7_nb0_rank1578,Automatic,1,ok,657.383,92,2,1,0,0,2305843009213693967:89;2305843009213693973:3,Symbolica_default,cached_powers_Q,15,27,0.369,BalancedZippelSeparated
fire7_nb0_rank1579,Automatic,1,ok,737.764,128,2,1,0,0,2305843009213693967:125;2305843009213693973:3,Symbolica_default,cached_powers_Q,24,24,0.371,BalancedZippelSeparated
fire7_nb0_rank1580,Automatic,1,ok,643.874,92,2,1,0,0,2305843009213693967:89;2305843009213693973:3,Symbolica_default,cached_powers_Q,15,27,0.371,BalancedZippelSeparated
fire7_nb0_rank1581,Automatic,1,ok,976.644,90,2,1,0,0,2305843009213693967:87;2305843009213693973:3,Symbolica_default,cached_powers_Q,20,27,0.810,BalancedZippelSeparated
fire7_nb0_rank1582,Automatic,1,ok,549.003,80,2,1,0,0,2305843009213693967:77;2305843009213693973:3,Symbolica_default,cached_powers_Q,26,8,0.521,BalancedZippelSeparated
fire7_nb0_rank1583,Automatic,1,ok,593.493,74,2,1,0,0,2305843009213693967:71;2305843009213693973:3,Symbolica_default,cached_powers_Q,18,25,0.396,BalancedZippelSeparated
fire7_nb0_rank1584,Automatic,1,ok,583.403,81,2,1,0,0,2305843009213693967:78;2305843009213693973:3,Symbolica_default,cached_powers_Q,30,9,0.538,BalancedZippelSeparated
fire7_nb0_rank1585,Automatic,1,ok,524.883,83,2,1,0,0,2305843009213693967:80;2305843009213693973:3,Symbolica_default,cached_powers_Q,35,6,0.378,BalancedZippelSeparated
fire7_nb0_rank1586,Automatic,1,ok,835.795,93,2,1,0,0,2305843009213693967:90;2305843009213693973:3,Symbolica_default,cached_powers_Q,32,10,0.380,BalancedZippelSeparated
fire7_nb0_rank1587,Automatic,1,ok,682.373,83,2,1,0,0,2305843009213693967:80;2305843009213693973:3,Symbolica_default,cached_powers_Q,25,15,0.526,BalancedZippelSeparated
fire7_nb0_rank1588,Automatic,1,ok,1154.766,83,2,1,0,0,2305843009213693967:80;2305843009213693973:3,Symbolica_default,cached_powers_Q,35,6,0.518,BalancedZippelSeparated
fire7_nb0_rank1589,Automatic,1,ok,716.194,82,2,1,0,0,2305843009213693967:79;2305843009213693973:3,Symbolica_default,cached_powers_Q,30,12,0.546,BalancedZippelSeparated
fire7_nb0_rank1590,Automatic,1,ok,620.863,74,2,1,0,0,2305843009213693967:71;2305843009213693973:3,Symbolica_default,cached_powers_Q,20,20,0.521,BalancedZippelSeparated
fire7_nb0_rank1591,Automatic,1,ok,579.033,97,2,1,0,0,2305843009213693967:94;2305843009213693973:3,Symbolica_default,cached_powers_Q,36,4,0.468,BalancedZippelSeparated
fire7_nb0_rank1592,Automatic,1,ok,439.152,81,2,1,0,0,2305843009213693967:78;2305843009213693973:3,Symbolica_default,cached_powers_Q,15,28,0.354,BalancedZippelSeparated
fire7_nb0_rank1593,Automatic,1,ok,655.634,119,2,1,0,0,2305843009213693967:116;2305843009213693973:3,Symbolica_default,cached_powers_Q,18,26,0.374,BalancedZippelSeparated
fire7_nb0_rank1594,Automatic,1,ok,665.774,95,2,1,0,0,2305843009213693967:92;2305843009213693973:3,Symbolica_default,cached_powers_Q,30,12,0.386,BalancedZippelSeparated
fire7_nb0_rank1595,Automatic,1,ok,882.104,113,2,1,0,0,2305843009213693967:110;2305843009213693973:3,Symbolica_default,cached_powers_Q,36,6,0.716,BalancedZippelSeparated
fire7_nb0_rank1596,Automatic,1,ok,789.223,83,2,1,0,0,2305843009213693967:80;2305843009213693973:3,Symbolica_default,cached_powers_Q,25,15,0.554,BalancedZippelSeparated
fire7_nb0_rank1597,Automatic,1,ok,673.433,80,2,1,0,0,2305843009213693967:77;2305843009213693973:3,Symbolica_default,cached_powers_Q,18,24,0.401,BalancedZippelSeparated
fire7_nb0_rank1598,Automatic,1,ok,625.093,83,2,1,0,0,2305843009213693967:80;2305843009213693973:3,Symbolica_default,cached_powers_Q,20,24,0.374,BalancedZippelSeparated
fire7_nb0_rank1599,Automatic,1,ok,464.492,108,2,1,0,0,2305843009213693967:105;2305843009213693973:3,Symbolica_default,cached_powers_Q,36,6,0.341,BalancedZippelSeparated
fire7_nb0_rank1600,Automatic,1,ok,660.313,102,2,1,0,0,2305843009213693967:99;2305843009213693973:3,Symbolica_default,cached_powers_Q,5,42,0.404,BalancedZippelSeparated
fire7_nb0_rank1601,Automatic,1,ok,733.434,102,2,1,0,0,2305843009213693967:99;2305843009213693973:3,Symbolica_default,cached_powers_Q,5,42,0.325,BalancedZippelSeparated
fire7_nb0_rank1602,Automatic,1,ok,741.474,88,2,1,0,0,2305843009213693967:85;2305843009213693973:3,Symbolica_default,cached_powers_Q,32,10,0.346,BalancedZippelSeparated
fire7_nb0_rank1603,Automatic,1,ok,625.983,80,2,1,0,0,2305843009213693967:77;2305843009213693973:3,Symbolica_default,cached_powers_Q,18,24,0.552,BalancedZippelSeparated
fire7_nb0_rank1604,Automatic,1,ok,807.494,82,2,1,0,0,2305843009213693967:79;2305843009213693973:3,Symbolica_default,cached_powers_Q,30,12,0.532,BalancedZippelSeparated
fire7_nb0_rank1605,Automatic,1,ok,743.373,144,2,1,0,0,2305843009213693967:141;2305843009213693973:3,Symbolica_default,cached_powers_Q,15,30,0.601,BalancedZippelSeparated
fire7_nb0_rank1606,Automatic,1,ok,495.712,93,2,1,0,0,2305843009213693967:90;2305843009213693973:3,Symbolica_default,cached_powers_Q,32,10,0.404,BalancedZippelSeparated
fire7_nb0_rank1607,Automatic,1,ok,553.183,70,2,1,0,0,2305843009213693967:67;2305843009213693973:3,Symbolica_default,cached_powers_Q,21,15,0.352,BalancedZippelSeparated
fire7_nb0_rank1608,Automatic,1,ok,532.832,123,2,1,0,0,2305843009213693967:120;2305843009213693973:3,Symbolica_default,cached_powers_Q,27,18,0.358,BalancedZippelSeparated
fire7_nb0_rank1609,Automatic,1,ok,440.172,113,2,1,0,0,2305843009213693967:110;2305843009213693973:3,Symbolica_default,cached_powers_Q,36,8,0.493,BalancedZippelSeparated
fire7_nb0_rank1610,Automatic,1,ok,634.434,82,2,1,0,0,2305843009213693967:79;2305843009213693973:3,Symbolica_default,cached_powers_Q,22,21,0.423,BalancedZippelSeparated
fire7_nb0_rank1611,Automatic,1,ok,711.723,76,2,1,0,0,2305843009213693967:73;2305843009213693973:3,Symbolica_default,cached_powers_Q,30,9,0.405,BalancedZippelSeparated
fire7_nb0_rank1612,Automatic,1,ok,463.203,81,2,1,0,0,2305843009213693967:78;2305843009213693973:3,Symbolica_default,cached_powers_Q,15,28,0.601,BalancedZippelSeparated
fire7_nb0_rank1613,Automatic,1,ok,615.983,123,2,1,0,0,2305843009213693967:120;2305843009213693973:3,Symbolica_default,cached_powers_Q,27,18,0.570,BalancedZippelSeparated
fire7_nb0_rank1614,Automatic,1,ok,476.492,97,2,1,0,0,2305843009213693967:94;2305843009213693973:3,Symbolica_default,cached_powers_Q,27,15,0.586,BalancedZippelSeparated
fire7_nb0_rank1615,Automatic,1,ok,586.882,78,2,1,0,0,2305843009213693967:75;2305843009213693973:3,Symbolica_default,cached_powers_Q,30,9,0.353,BalancedZippelSeparated
fire7_nb0_rank1616,Automatic,1,ok,809.354,80,2,1,0,0,2305843009213693967:77;2305843009213693973:3,Symbolica_default,cached_powers_Q,23,15,0.534,BalancedZippelSeparated
fire7_nb0_rank1617,Automatic,1,ok,805.894,110,2,1,0,0,2305843009213693967:107;2305843009213693973:3,Symbolica_default,cached_powers_Q,32,12,0.560,BalancedZippelSeparated
fire7_nb0_rank1618,Automatic,1,ok,609.993,92,2,1,0,0,2305843009213693967:89;2305843009213693973:3,Symbolica_default,cached_powers_Q,24,18,0.718,BalancedZippelSeparated
fire7_nb0_rank1619,Automatic,1,ok,612.283,80,2,1,0,0,2305843009213693967:77;2305843009213693973:3,Symbolica_default,cached_powers_Q,18,24,0.513,BalancedZippelSeparated
fire7_nb0_rank1620,Automatic,1,ok,532.782,114,2,1,0,0,2305843009213693967:111;2305843009213693973:3,Symbolica_default,cached_powers_Q,23,24,0.537,BalancedZippelSeparated
fire7_nb0_rank1621,Automatic,1,ok,437.702,81,2,1,0,0,2305843009213693967:78;2305843009213693973:3,Symbolica_default,cached_powers_Q,25,15,0.490,BalancedZippelSeparated
fire7_nb0_rank1622,Automatic,1,ok,562.523,77,2,1,0,0,2305843009213693967:74;2305843009213693973:3,Symbolica_default,cached_powers_Q,25,15,0.369,BalancedZippelSeparated
fire7_nb0_rank1623,Automatic,1,ok,459.652,101,2,1,0,0,2305843009213693967:98;2305843009213693973:3,Symbolica_default,cached_powers_Q,27,18,0.452,BalancedZippelSeparated
fire7_nb0_rank1624,Automatic,1,ok,496.412,90,2,1,0,0,2305843009213693967:87;2305843009213693973:3,Symbolica_default,cached_powers_Q,24,16,0.905,BalancedZippelSeparated
fire7_nb0_rank1625,Automatic,1,ok,398.182,74,2,1,0,0,2305843009213693967:71;2305843009213693973:3,Symbolica_default,cached_powers_Q,18,20,0.342,BalancedZippelSeparated
fire7_nb0_rank1626,Automatic,1,ok,1079.365,89,2,1,0,0,2305843009213693967:86;2305843009213693973:3,Symbolica_default,cached_powers_Q,24,21,0.550,BalancedZippelSeparated
fire7_nb0_rank1627,Automatic,1,ok,941.465,119,2,1,0,0,2305843009213693967:116;2305843009213693973:3,Symbolica_default,cached_powers_Q,27,18,0.758,BalancedZippelSeparated
fire7_nb0_rank1628,Automatic,1,ok,779.224,90,2,1,0,0,2305843009213693967:87;2305843009213693973:3,Symbolica_default,cached_powers_Q,34,6,0.498,BalancedZippelSeparated
fire7_nb0_rank1629,Automatic,1,ok,577.603,87,2,1,0,0,2305843009213693967:84;2305843009213693973:3,Symbolica_default,cached_powers_Q,15,27,0.359,BalancedZippelSeparated
fire7_nb0_rank1630,Automatic,1,ok,562.793,98,2,1,0,0,2305843009213693967:95;2305843009213693973:3,Symbolica_default,cached_powers_Q,28,12,0.367,BalancedZippelSeparated
fire7_nb0_rank1631,Automatic,1,ok,629.763,73,2,1,0,0,2305843009213693967:70;2305843009213693973:3,Symbolica_default,cached_powers_Q,28,12,0.520,BalancedZippelSeparated
fire7_nb0_rank1632,Automatic,1,ok,383.282,74,2,1,0,0,2305843009213693967:71;2305843009213693973:3,Symbolica_default,cached_powers_Q,24,9,0.346,BalancedZippelSeparated
fire7_nb0_rank1633,Automatic,1,ok,459.232,91,2,1,0,0,2305843009213693967:88;2305843009213693973:3,Symbolica_default,cached_powers_Q,32,9,0.712,BalancedZippelSeparated
fire7_nb0_rank1634,Automatic,1,ok,792.304,74,2,1,0,0,2305843009213693967:71;2305843009213693973:3,Symbolica_default,cached_powers_Q,18,20,0.647,BalancedZippelSeparated
fire7_nb0_rank1635,Automatic,1,ok,799.135,68,2,1,0,0,2305843009213693967:65;2305843009213693973:3,Symbolica_default,cached_powers_Q,25,16,0.547,BalancedZippelSeparated
fire7_nb0_rank1636,Automatic,1,ok,628.543,95,2,1,0,0,2305843009213693967:92;2305843009213693973:3,Symbolica_default,cached_powers_Q,27,15,0.724,BalancedZippelSeparated
fire7_nb0_rank1637,Automatic,1,ok,610.883,82,2,1,0,0,2305843009213693967:79;2305843009213693973:3,Symbolica_default,cached_powers_Q,29,9,0.486,BalancedZippelSeparated
fire7_nb0_rank1638,Automatic,1,ok,566.002,113,2,1,0,0,2305843009213693967:110;2305843009213693973:3,Symbolica_default,cached_powers_Q,24,20,0.476,BalancedZippelSeparated
fire7_nb0_rank1639,Automatic,1,ok,550.153,78,2,1,0,0,2305843009213693967:75;2305843009213693973:3,Symbolica_default,cached_powers_Q,24,9,0.334,BalancedZippelSeparated
fire7_nb0_rank1640,Automatic,1,ok,656.293,95,2,1,0,0,2305843009213693967:92;2305843009213693973:3,Symbolica_default,cached_powers_Q,31,10,0.339,BalancedZippelSeparated
fire7_nb0_rank1641,Automatic,1,ok,479.282,72,2,1,0,0,2305843009213693967:69;2305843009213693973:3,Symbolica_default,cached_powers_Q,29,9,0.362,BalancedZippelSeparated
fire7_nb0_rank1642,Automatic,1,ok,537.312,72,2,1,0,0,2305843009213693967:69;2305843009213693973:3,Symbolica_default,cached_powers_Q,29,9,0.660,BalancedZippelSeparated
fire7_nb0_rank1643,Automatic,1,ok,768.913,76,2,1,0,0,2305843009213693967:73;2305843009213693973:3,Symbolica_default,cached_powers_Q,30,9,0.544,BalancedZippelSeparated
fire7_nb0_rank1644,Automatic,1,ok,764.624,78,2,1,0,0,2305843009213693967:75;2305843009213693973:3,Symbolica_default,cached_powers_Q,29,9,0.556,BalancedZippelSeparated
fire7_nb0_rank1645,Automatic,1,ok,829.574,92,2,1,0,0,2305843009213693967:89;2305843009213693973:3,Symbolica_default,cached_powers_Q,28,12,0.725,BalancedZippelSeparated
fire7_nb0_rank1646,Automatic,1,ok,650.833,99,2,1,0,0,2305843009213693967:96;2305843009213693973:3,Symbolica_default,cached_powers_Q,27,18,0.388,BalancedZippelSeparated
fire7_nb0_rank1647,Automatic,1,ok,530.433,109,2,1,0,0,2305843009213693967:106;2305843009213693973:3,Symbolica_default,cached_powers_Q,5,36,0.310,BalancedZippelSeparated
fire7_nb0_rank1648,Automatic,1,ok,498.143,119,2,1,0,0,2305843009213693967:116;2305843009213693973:3,Symbolica_default,cached_powers_Q,26,18,0.492,BalancedZippelSeparated
fire7_nb0_rank1649,Automatic,1,ok,689.703,83,2,1,0,0,2305843009213693967:80;2305843009213693973:3,Symbolica_default,cached_powers_Q,25,15,0.400,BalancedZippelSeparated
fire7_nb0_rank1650,Automatic,1,ok,624.123,70,2,1,0,0,2305843009213693967:67;2305843009213693973:3,Symbolica_default,cached_powers_Q,21,18,0.384,BalancedZippelSeparated
fire7_nb0_rank1651,Automatic,1,ok,514.582,91,2,1,0,0,2305843009213693967:88;2305843009213693973:3,Symbolica_default,cached_powers_Q,28,10,0.528,BalancedZippelSeparated
fire7_nb0_rank1652,Automatic,1,ok,794.583,75,2,1,0,0,2305843009213693967:72;2305843009213693973:3,Symbolica_default,cached_powers_Q,30,8,0.511,BalancedZippelSeparated
fire7_nb0_rank1653,Automatic,1,ok,1043.065,98,2,1,0,0,2305843009213693967:95;2305843009213693973:3,Symbolica_default,cached_powers_Q,36,6,0.523,BalancedZippelSeparated
fire7_nb0_rank1654,Automatic,1,ok,444.742,121,2,1,0,0,2305843009213693967:118;2305843009213693973:3,Symbolica_default,cached_powers_Q,39,3,0.352,BalancedZippelSeparated
fire7_nb0_rank1655,Automatic,1,ok,434.152,87,2,1,0,0,2305843009213693967:84;2305843009213693973:3,Symbolica_default,cached_powers_Q,24,18,0.378,BalancedZippelSeparated
fire7_nb0_rank1656,Automatic,1,ok,527.552,108,2,1,0,0,2305843009213693967:105;2305843009213693973:3,Symbolica_default,cached_powers_Q,29,12,0.487,BalancedZippelSeparated
fire7_nb0_rank1657,Automatic,1,ok,477.903,94,2,1,0,0,2305843009213693967:91;2305843009213693973:3,Symbolica_default,cached_powers_Q,15,27,0.523,BalancedZippelSeparated
fire7_nb0_rank1658,Automatic,1,ok,456.433,95,2,1,0,0,2305843009213693967:92;2305843009213693973:3,Symbolica_default,cached_powers_Q,35,6,0.317,BalancedZippelSeparated
fire7_nb0_rank1659,Automatic,1,ok,648.423,96,2,1,0,0,2305843009213693967:93;2305843009213693973:3,Symbolica_default,cached_powers_Q,24,18,0.467,BalancedZippelSeparated
fire7_nb0_rank1660,Automatic,1,ok,838.124,81,2,1,0,0,2305843009213693967:78;2305843009213693973:3,Symbolica_default,cached_powers_Q,20,24,0.533,BalancedZippelSeparated
fire7_nb0_rank1661,Automatic,1,ok,531.862,77,2,1,0,0,2305843009213693967:74;2305843009213693973:3,Symbolica_default,cached_powers_Q,30,8,0.712,BalancedZippelSeparated
fire7_nb0_rank1662,Automatic,1,ok,869.184,92,2,1,0,0,2305843009213693967:89;2305843009213693973:3,Symbolica_default,cached_powers_Q,15,27,0.677,BalancedZippelSeparated
fire7_nb0_rank1663,Automatic,1,ok,696.913,123,2,1,0,0,2305843009213693967:120;2305843009213693973:3,Symbolica_default,cached_powers_Q,30,14,0.555,BalancedZippelSeparated
fire7_nb0_rank1664,Automatic,1,ok,640.023,117,2,1,0,0,2305843009213693967:114;2305843009213693973:3,Symbolica_default,cached_powers_Q,30,14,0.509,BalancedZippelSeparated
fire7_nb0_rank1665,Automatic,1,ok,497.432,77,2,1,0,0,2305843009213693967:74;2305843009213693973:3,Symbolica_default,cached_powers_Q,30,4,0.306,BalancedZippelSeparated
fire7_nb0_rank1666,Automatic,1,ok,547.113,75,2,1,0,0,2305843009213693967:72;2305843009213693973:3,Symbolica_default,cached_powers_Q,25,15,0.350,BalancedZippelSeparated
fire7_nb0_rank1667,Automatic,1,ok,408.302,75,2,1,0,0,2305843009213693967:72;2305843009213693973:3,Symbolica_default,cached_powers_Q,25,15,0.342,BalancedZippelSeparated
fire7_nb0_rank1668,Automatic,1,ok,420.872,82,2,1,0,0,2305843009213693967:79;2305843009213693973:3,Symbolica_default,cached_powers_Q,30,9,0.382,BalancedZippelSeparated
fire7_nb0_rank1669,Automatic,1,ok,616.233,91,2,1,0,0,2305843009213693967:88;2305843009213693973:3,Symbolica_default,cached_powers_Q,27,12,0.601,BalancedZippelSeparated
fire7_nb0_rank1670,Automatic,1,ok,762.594,79,2,1,0,0,2305843009213693967:76;2305843009213693973:3,Symbolica_default,cached_powers_Q,30,8,0.519,BalancedZippelSeparated
fire7_nb0_rank1671,Automatic,1,ok,493.913,71,2,1,0,0,2305843009213693967:68;2305843009213693973:3,Symbolica_default,cached_powers_Q,25,10,0.422,BalancedZippelSeparated
fire7_nb0_rank1672,Automatic,1,ok,418.782,71,2,1,0,0,2305843009213693967:68;2305843009213693973:3,Symbolica_default,cached_powers_Q,20,16,0.358,BalancedZippelSeparated
fire7_nb0_rank1673,Automatic,1,ok,734.823,77,2,1,0,0,2305843009213693967:74;2305843009213693973:3,Symbolica_default,cached_powers_Q,28,9,0.752,BalancedZippelSeparated
fire7_nb0_rank1674,Automatic,1,ok,647.573,72,2,1,0,0,2305843009213693967:69;2305843009213693973:3,Symbolica_default,cached_powers_Q,28,9,0.404,BalancedZippelSeparated
fire7_nb0_rank1675,Automatic,1,ok,393.082,78,2,1,0,0,2305843009213693967:75;2305843009213693973:3,Symbolica_default,cached_powers_Q,28,9,0.388,BalancedZippelSeparated
fire7_nb0_rank1676,Automatic,1,ok,536.933,75,2,1,0,0,2305843009213693967:72;2305843009213693973:3,Symbolica_default,cached_powers_Q,22,10,0.743,BalancedZippelSeparated
fire7_nb0_rank1677,Automatic,1,ok,463.333,84,2,1,0,0,2305843009213693967:81;2305843009213693973:3,Symbolica_default,cached_powers_Q,18,18,0.572,BalancedZippelSeparated
fire7_nb0_rank1678,Automatic,1,ok,449.762,81,2,1,0,0,2305843009213693967:78;2305843009213693973:3,Symbolica_default,cached_powers_Q,24,15,0.573,BalancedZippelSeparated
fire7_nb0_rank1679,Automatic,1,ok,807.914,92,2,1,0,0,2305843009213693967:89;2305843009213693973:3,Symbolica_default,cached_powers_Q,14,27,0.802,BalancedZippelSeparated
fire7_nb0_rank1680,Automatic,1,ok,339.122,79,2,1,0,0,2305843009213693967:76;2305843009213693973:3,Symbolica_default,cached_powers_Q,7,24,0.338,BalancedZippelSeparated
fire7_nb0_rank1681,Automatic,1,ok,443.352,79,2,1,0,0,2305843009213693967:76;2305843009213693973:3,Symbolica_default,cached_powers_Q,15,28,0.383,BalancedZippelSeparated
fire7_nb0_rank1682,Automatic,1,ok,393.902,72,2,1,0,0,2305843009213693967:69;2305843009213693973:3,Symbolica_default,cached_powers_Q,28,9,0.586,BalancedZippelSeparated
fire7_nb0_rank1683,Automatic,1,ok,427.422,88,2,1,0,0,2305843009213693967:85;2305843009213693973:3,Symbolica_default,cached_powers_Q,32,6,0.352,BalancedZippelSeparated
fire7_nb0_rank1684,Automatic,1,ok,401.662,77,2,1,0,0,2305843009213693967:74;2305843009213693973:3,Symbolica_default,cached_powers_Q,28,9,0.391,BalancedZippelSeparated
fire7_nb0_rank1685,Automatic,1,ok,389.852,71,2,1,0,0,2305843009213693967:68;2305843009213693973:3,Symbolica_default,cached_powers_Q,28,8,0.561,BalancedZippelSeparated
fire7_nb0_rank1686,Automatic,1,ok,442.702,88,2,1,0,0,2305843009213693967:85;2305843009213693973:3,Symbolica_default,cached_powers_Q,32,6,0.383,BalancedZippelSeparated
fire7_nb0_rank1687,Automatic,1,ok,492.272,75,2,1,0,0,2305843009213693967:72;2305843009213693973:3,Symbolica_default,cached_powers_Q,22,10,0.443,BalancedZippelSeparated
fire7_nb0_rank1688,Automatic,1,ok,607.554,116,2,1,0,0,2305843009213693967:113;2305843009213693973:3,Symbolica_default,cached_powers_Q,24,18,0.471,BalancedZippelSeparated
fire7_nb0_rank1689,Automatic,1,ok,650.933,68,2,1,0,0,2305843009213693967:65;2305843009213693973:3,Symbolica_default,cached_powers_Q,15,20,0.479,BalancedZippelSeparated
fire7_nb0_rank1690,Automatic,1,ok,723.944,68,2,1,0,0,2305843009213693967:65;2305843009213693973:3,Symbolica_default,cached_powers_Q,15,20,0.704,BalancedZippelSeparated
fire7_nb0_rank1691,Automatic,1,ok,780.054,81,2,1,0,0,2305843009213693967:78;2305843009213693973:3,Symbolica_default,cached_powers_Q,24,15,0.529,BalancedZippelSeparated
fire7_nb0_rank1692,Automatic,1,ok,797.914,85,2,1,0,0,2305843009213693967:82;2305843009213693973:3,Symbolica_default,cached_powers_Q,24,18,0.522,BalancedZippelSeparated
fire7_nb0_rank1693,Automatic,1,ok,366.852,91,2,1,0,0,2305843009213693967:88;2305843009213693973:3,Symbolica_default,cached_powers_Q,32,5,0.532,BalancedZippelSeparated
fire7_nb0_rank1694,Automatic,1,ok,577.403,82,2,1,0,0,2305843009213693967:79;2305843009213693973:3,Symbolica_default,cached_powers_Q,29,9,0.362,BalancedZippelSeparated
fire7_nb0_rank1695,Automatic,1,ok,609.853,91,2,1,0,0,2305843009213693967:88;2305843009213693973:3,Symbolica_default,cached_powers_Q,25,12,0.348,BalancedZippelSeparated
fire7_nb0_rank1696,Automatic,1,ok,394.192,80,2,1,0,0,2305843009213693967:77;2305843009213693973:3,Symbolica_default,cached_powers_Q,30,8,0.368,BalancedZippelSeparated
fire7_nb0_rank1697,Automatic,1,ok,464.982,97,2,1,0,0,2305843009213693967:94;2305843009213693973:3,Symbolica_default,cached_powers_Q,16,27,0.332,BalancedZippelSeparated
fire7_nb0_rank1698,Automatic,1,ok,582.142,68,2,1,0,0,2305843009213693967:65;2305843009213693973:3,Symbolica_default,cached_powers_Q,25,9,0.454,BalancedZippelSeparated
fire7_nb0_rank1699,Automatic,1,ok,670.073,87,2,1,0,0,2305843009213693967:84;2305843009213693973:3,Symbolica_default,cached_powers_Q,25,12,0.328,BalancedZippelSeparated
fire7_nb0_rank1700,Automatic,1,ok,714.643,83,2,1,0,0,2305843009213693967:80;2305843009213693973:3,Symbolica_default,cached_powers_Q,32,4,0.433,BalancedZippelSeparated
fire7_nb0_rank1701,Automatic,1,ok,655.703,85,2,1,0,0,2305843009213693967:82;2305843009213693973:3,Symbolica_default,cached_powers_Q,24,15,0.405,BalancedZippelSeparated
fire7_nb0_rank1702,Automatic,1,ok,614.983,78,2,1,0,0,2305843009213693967:75;2305843009213693973:3,Symbolica_default,cached_powers_Q,25,12,0.393,BalancedZippelSeparated
fire7_nb0_rank1703,Automatic,1,ok,575.743,73,2,1,0,0,2305843009213693967:70;2305843009213693973:3,Symbolica_default,cached_powers_Q,15,21,0.394,BalancedZippelSeparated
fire7_nb0_rank1704,Automatic,1,ok,474.632,84,2,1,0,0,2305843009213693967:81;2305843009213693973:3,Symbolica_default,cached_powers_Q,18,21,0.576,BalancedZippelSeparated
fire7_nb0_rank1705,Automatic,1,ok,398.442,79,2,1,0,0,2305843009213693967:76;2305843009213693973:3,Symbolica_default,cached_powers_Q,15,21,0.588,BalancedZippelSeparated
fire7_nb0_rank1706,Automatic,1,ok,729.274,101,2,1,0,0,2305843009213693967:98;2305843009213693973:3,Symbolica_default,cached_powers_Q,17,18,0.370,BalancedZippelSeparated
fire7_nb0_rank1707,Automatic,1,ok,686.853,101,2,1,0,0,2305843009213693967:98;2305843009213693973:3,Symbolica_default,cached_powers_Q,17,18,0.565,BalancedZippelSeparated
fire7_nb0_rank1708,Automatic,1,ok,487.852,89,2,1,0,0,2305843009213693967:86;2305843009213693973:3,Symbolica_default,cached_powers_Q,25,12,0.595,BalancedZippelSeparated
fire7_nb0_rank1709,Automatic,1,ok,416.082,80,2,1,0,0,2305843009213693967:77;2305843009213693973:3,Symbolica_default,cached_powers_Q,31,6,0.396,BalancedZippelSeparated
fire7_nb0_rank1710,Automatic,1,ok,565.403,92,2,1,0,0,2305843009213693967:89;2305843009213693973:3,Symbolica_default,cached_powers_Q,20,18,0.523,BalancedZippelSeparated
fire7_nb0_rank1711,Automatic,1,ok,639.973,89,2,1,0,0,2305843009213693967:86;2305843009213693973:3,Symbolica_default,cached_powers_Q,25,12,0.396,BalancedZippelSeparated
fire7_nb0_rank1712,Automatic,1,ok,704.403,113,2,1,0,0,2305843009213693967:110;2305843009213693973:3,Symbolica_default,cached_powers_Q,27,14,0.367,BalancedZippelSeparated
fire7_nb0_rank1713,Automatic,1,ok,683.454,92,2,1,0,0,2305843009213693967:89;2305843009213693973:3,Symbolica_default,cached_powers_Q,20,18,0.509,BalancedZippelSeparated
fire7_nb0_rank1714,Automatic,1,ok,675.834,102,2,1,0,0,2305843009213693967:99;2305843009213693973:3,Symbolica_default,cached_powers_Q,27,14,0.393,BalancedZippelSeparated
fire7_nb0_rank1715,Automatic,1,ok,647.403,100,2,1,0,0,2305843009213693967:97;2305843009213693973:3,Symbolica_default,cached_powers_Q,25,12,0.538,BalancedZippelSeparated
fire7_nb0_rank1716,Automatic,1,ok,410.562,74,2,1,0,0,2305843009213693967:71;2305843009213693973:3,Symbolica_default,cached_powers_Q,18,20,0.352,BalancedZippelSeparated
fire7_nb0_rank1717,Automatic,1,ok,473.952,89,2,1,0,0,2305843009213693967:86;2305843009213693973:3,Symbolica_default,cached_powers_Q,25,12,0.380,BalancedZippelSeparated
fire7_nb0_rank1718,Automatic,1,ok,412.982,82,2,1,0,0,2305843009213693967:79;2305843009213693973:3,Symbolica_default,cached_powers_Q,18,18,0.319,BalancedZippelSeparated
fire7_nb0_rank1719,Automatic,1,ok,571.912,82,2,1,0,0,2305843009213693967:79;2305843009213693973:3,Symbolica_default,cached_powers_Q,18,18,0.459,BalancedZippelSeparated
fire7_nb0_rank1720,Automatic,1,ok,583.683,90,2,1,0,0,2305843009213693967:87;2305843009213693973:3,Symbolica_default,cached_powers_Q,14,27,0.344,BalancedZippelSeparated
fire7_nb0_rank1721,Automatic,1,ok,647.293,89,2,1,0,0,2305843009213693967:86;2305843009213693973:3,Symbolica_default,cached_powers_Q,25,12,0.376,BalancedZippelSeparated
fire7_nb0_rank1722,Automatic,1,ok,388.332,85,2,1,0,0,2305843009213693967:82;2305843009213693973:3,Symbolica_default,cached_powers_Q,24,15,0.342,BalancedZippelSeparated
fire7_nb0_rank1723,Automatic,1,ok,636.483,69,2,1,0,0,2305843009213693967:66;2305843009213693973:3,Symbolica_default,cached_powers_Q,25,9,0.366,BalancedZippelSeparated
fire7_nb0_rank1724,Automatic,1,ok,617.683,67,2,1,0,0,2305843009213693967:64;2305843009213693973:3,Symbolica_default,cached_powers_Q,25,9,0.374,BalancedZippelSeparated
fire7_nb0_rank1725,Automatic,1,ok,641.854,96,2,1,0,0,2305843009213693967:93;2305843009213693973:3,Symbolica_default,cached_powers_Q,30,10,0.554,BalancedZippelSeparated
fire7_nb0_rank1726,Automatic,1,ok,614.513,72,2,1,0,0,2305843009213693967:69;2305843009213693973:3,Symbolica_default,cached_powers_Q,20,15,0.513,BalancedZippelSeparated
fire7_nb0_rank1727,Automatic,1,ok,666.263,92,2,1,0,0,2305843009213693967:89;2305843009213693973:3,Symbolica_default,cached_powers_Q,20,18,0.352,BalancedZippelSeparated
fire7_nb0_rank1728,Automatic,1,ok,548.633,85,2,1,0,0,2305843009213693967:82;2305843009213693973:3,Symbolica_default,cached_powers_Q,24,15,0.351,BalancedZippelSeparated
fire7_nb0_rank1729,Automatic,1,ok,397.671,73,2,1,0,0,2305843009213693967:70;2305843009213693973:3,Symbolica_default,cached_powers_Q,20,15,0.312,BalancedZippelSeparated
fire7_nb0_rank1730,Automatic,1,ok,630.433,96,2,1,0,0,2305843009213693967:93;2305843009213693973:3,Symbolica_default,cached_powers_Q,32,6,0.339,BalancedZippelSeparated
fire7_nb0_rank1731,Automatic,1,ok,303.491,81,2,1,0,0,2305843009213693967:78;2305843009213693973:3,Symbolica_default,cached_powers_Q,4,36,0.311,BalancedZippelSeparated
fire7_nb0_rank1732,Automatic,1,ok,613.903,73,2,1,0,0,2305843009213693967:70;2305843009213693973:3,Symbolica_default,cached_powers_Q,21,12,0.597,BalancedZippelSeparated
fire7_nb0_rank1733,Automatic,1,ok,580.863,67,2,1,0,0,2305843009213693967:64;2305843009213693973:3,Symbolica_default,cached_powers_Q,25,8,0.383,BalancedZippelSeparated
fire7_nb0_rank1734,Automatic,1,ok,565.952,80,2,1,0,0,2305843009213693967:77;2305843009213693973:3,Symbolica_default,cached_powers_Q,24,15,0.520,BalancedZippelSeparated
fire7_nb0_rank1735,Automatic,1,ok,661.633,81,2,1,0,0,2305843009213693967:78;2305843009213693973:3,Symbolica_default,cached_powers_Q,15,21,0.399,BalancedZippelSeparated
fire7_nb0_rank1736,Automatic,1,ok,633.353,86,2,1,0,0,2305843009213693967:83;2305843009213693973:3,Symbolica_default,cached_powers_Q,30,6,0.345,BalancedZippelSeparated
fire7_nb0_rank1737,Automatic,1,ok,766.833,111,2,1,0,0,2305843009213693967:108;2305843009213693973:3,Symbolica_default,cached_powers_Q,27,14,0.415,BalancedZippelSeparated
fire7_nb0_rank1738,Automatic,1,ok,640.023,69,2,1,0,0,2305843009213693967:66;2305843009213693973:3,Symbolica_default,cached_powers_Q,25,8,0.386,BalancedZippelSeparated
fire7_nb0_rank1739,Automatic,1,ok,793.614,148,2,1,0,0,2305843009213693967:145;2305843009213693973:3,Symbolica_default,cached_powers_Q,31,6,0.371,BalancedZippelSeparated
fire7_nb0_rank1740,Automatic,1,ok,459.583,82,2,1,0,0,2305843009213693967:79;2305843009213693973:3,Symbolica_default,cached_powers_Q,18,18,0.369,BalancedZippelSeparated
fire7_nb0_rank1741,Automatic,1,ok,475.582,82,2,1,0,0,2305843009213693967:79;2305843009213693973:3,Symbolica_default,cached_powers_Q,18,18,0.335,BalancedZippelSeparated
fire7_nb0_rank1742,Automatic,1,ok,368.822,74,2,1,0,0,2305843009213693967:71;2305843009213693973:3,Symbolica_default,cached_powers_Q,28,6,0.469,BalancedZippelSeparated
fire7_nb0_rank1743,Automatic,1,ok,590.763,133,2,1,0,0,2305843009213693967:130;2305843009213693973:3,Symbolica_default,cached_powers_Q,31,6,0.490,BalancedZippelSeparated
fire7_nb0_rank1744,Automatic,1,ok,613.513,93,2,1,0,0,2305843009213693967:90;2305843009213693973:3,Symbolica_default,cached_powers_Q,27,10,0.539,BalancedZippelSeparated
fire7_nb0_rank1745,Automatic,1,ok,659.893,92,2,1,0,0,2305843009213693967:89;2305843009213693973:3,Symbolica_default,cached_powers_Q,21,16,0.383,BalancedZippelSeparated
fire7_nb0_rank1746,Automatic,1,ok,678.873,102,2,1,0,0,2305843009213693967:99;2305843009213693973:3,Symbolica_default,cached_powers_Q,23,18,0.398,BalancedZippelSeparated
fire7_nb0_rank1747,Automatic,1,ok,323.082,70,2,1,0,0,2305843009213693967:67;2305843009213693973:3,Symbolica_default,cached_powers_Q,30,4,0.295,BalancedZippelSeparated
fire7_nb0_rank1748,Automatic,1,ok,484.552,84,2,1,0,0,2305843009213693967:81;2305843009213693973:3,Symbolica_default,cached_powers_Q,32,2,0.424,BalancedZippelSeparated
fire7_nb0_rank1749,Automatic,1,ok,608.213,102,2,1,0,0,2305843009213693967:99;2305843009213693973:3,Symbolica_default,cached_powers_Q,23,18,0.489,BalancedZippelSeparated
fire7_nb0_rank1750,Automatic,1,ok,507.893,68,2,1,0,0,2305843009213693967:65;2305843009213693973:3,Symbolica_default,cached_powers_Q,20,12,0.415,BalancedZippelSeparated
fire7_nb0_rank1751,Automatic,1,ok,349.761,72,2,1,0,0,2305843009213693967:69;2305843009213693973:3,Symbolica_default,cached_powers_Q,25,4,0.465,BalancedZippelSeparated
fire7_nb0_rank1752,Automatic,1,ok,622.973,85,2,1,0,0,2305843009213693967:82;2305843009213693973:3,Symbolica_default,cached_powers_Q,20,16,0.509,BalancedZippelSeparated
fire7_nb0_rank1753,Automatic,1,ok,496.153,68,2,1,0,0,2305843009213693967:65;2305843009213693973:3,Symbolica_default,cached_powers_Q,5,28,0.336,BalancedZippelSeparated
fire7_nb0_rank1754,Automatic,1,ok,433.852,77,2,1,0,0,2305843009213693967:74;2305843009213693973:3,Symbolica_default,cached_powers_Q,25,10,0.383,BalancedZippelSeparated
fire7_nb0_rank1755,Automatic,1,ok,666.773,86,2,1,0,0,2305843009213693967:83;2305843009213693973:3,Symbolica_default,cached_powers_Q,20,21,0.537,BalancedZippelSeparated
fire7_nb0_rank1756,Automatic,1,ok,624.203,94,2,1,0,0,2305843009213693967:91;2305843009213693973:3,Symbolica_default,cached_powers_Q,28,6,0.526,BalancedZippelSeparated
fire7_nb0_rank1757,Automatic,1,ok,730.474,104,2,1,0,0,2305843009213693967:101;2305843009213693973:3,Symbolica_default,cached_powers_Q,30,8,0.394,BalancedZippelSeparated
fire7_nb0_rank1758,Automatic,1,ok,465.382,89,2,1,0,0,2305843009213693967:86;2305843009213693973:3,Symbolica_default,cached_powers_Q,24,12,0.536,BalancedZippelSeparated
fire7_nb0_rank1759,Automatic,1,ok,412.413,84,2,1,0,0,2305843009213693967:81;2305843009213693973:3,Symbolica_default,cached_powers_Q,12,27,0.392,BalancedZippelSeparated
fire7_nb0_rank1760,Automatic,1,ok,672.623,87,2,1,0,0,2305843009213693967:84;2305843009213693973:3,Symbolica_default,cached_powers_Q,21,16,2.641,BalancedZippelSeparated
fire7_nb0_rank1761,Automatic,1,ok,1063.866,92,2,1,0,0,2305843009213693967:89;2305843009213693973:3,Symbolica_default,cached_powers_Q,21,16,0.548,BalancedZippelSeparated
fire7_nb0_rank1762,Automatic,1,ok,550.752,86,2,1,0,0,2305843009213693967:83;2305843009213693973:3,Symbolica_default,cached_powers_Q,31,3,0.355,BalancedZippelSeparated
fire7_nb0_rank1763,Automatic,1,ok,432.972,89,2,1,0,0,2305843009213693967:86;2305843009213693973:3,Symbolica_default,cached_powers_Q,24,12,0.477,BalancedZippelSeparated
fire7_nb0_rank1764,Automatic,1,ok,438.182,89,2,1,0,0,2305843009213693967:86;2305843009213693973:3,Symbolica_default,cached_powers_Q,24,12,0.357,BalancedZippelSeparated
fire7_nb0_rank1765,Automatic,1,ok,563.543,75,2,1,0,0,2305843009213693967:72;2305843009213693973:3,Symbolica_default,cached_powers_Q,20,15,0.323,BalancedZippelSeparated
fire7_nb0_rank1766,Automatic,1,ok,717.864,148,2,1,0,0,2305843009213693967:145;2305843009213693973:3,Symbolica_default,cached_powers_Q,30,6,0.299,BalancedZippelSeparated
fire7_nb0_rank1767,Automatic,1,ok,374.762,71,2,1,0,0,2305843009213693967:68;2305843009213693973:3,Symbolica_default,cached_powers_Q,20,15,0.324,BalancedZippelSeparated
fire7_nb0_rank1768,Automatic,1,ok,450.712,73,2,1,0,0,2305843009213693967:70;2305843009213693973:3,Symbolica_default,cached_powers_Q,20,15,0.463,BalancedZippelSeparated
fire7_nb0_rank1769,Automatic,1,ok,421.332,71,2,1,0,0,2305843009213693967:68;2305843009213693973:3,Symbolica_default,cached_powers_Q,20,15,0.513,BalancedZippelSeparated
fire7_nb0_rank1770,Automatic,1,ok,633.233,75,2,1,0,0,2305843009213693967:72;2305843009213693973:3,Symbolica_default,cached_powers_Q,20,15,0.369,BalancedZippelSeparated
fire7_nb0_rank1771,Automatic,1,ok,646.584,74,2,1,0,0,2305843009213693967:71;2305843009213693973:3,Symbolica_default,cached_powers_Q,20,15,0.346,BalancedZippelSeparated
fire7_nb0_rank1772,Automatic,1,ok,610.803,71,2,1,0,0,2305843009213693967:68;2305843009213693973:3,Symbolica_default,cached_powers_Q,20,15,0.377,BalancedZippelSeparated
fire7_nb0_rank1773,Automatic,1,ok,590.523,71,2,1,0,0,2305843009213693967:68;2305843009213693973:3,Symbolica_default,cached_powers_Q,20,15,0.346,BalancedZippelSeparated
fire7_nb0_rank1774,Automatic,1,ok,465.833,75,2,1,0,0,2305843009213693967:72;2305843009213693973:3,Symbolica_default,cached_powers_Q,20,15,0.568,BalancedZippelSeparated
fire7_nb0_rank1775,Automatic,1,ok,427.563,71,2,1,0,0,2305843009213693967:68;2305843009213693973:3,Symbolica_default,cached_powers_Q,20,15,0.370,BalancedZippelSeparated
fire7_nb0_rank1776,Automatic,1,ok,668.403,94,2,1,0,0,2305843009213693967:91;2305843009213693973:3,Symbolica_default,cached_powers_Q,28,6,0.352,BalancedZippelSeparated
fire7_nb0_rank1777,Automatic,1,ok,662.184,72,2,1,0,0,2305843009213693967:69;2305843009213693973:3,Symbolica_default,cached_powers_Q,16,15,0.363,BalancedZippelSeparated
fire7_nb0_rank1778,Automatic,1,ok,644.074,79,2,1,0,0,2305843009213693967:76;2305843009213693973:3,Symbolica_default,cached_powers_Q,24,10,0.591,BalancedZippelSeparated
fire7_nb0_rank1779,Automatic,1,ok,416.043,69,2,1,0,0,2305843009213693967:66;2305843009213693973:3,Symbolica_default,cached_powers_Q,16,15,0.376,BalancedZippelSeparated
fire7_nb0_rank1780,Automatic,1,ok,721.823,128,2,1,0,0,2305843009213693967:125;2305843009213693973:3,Symbolica_default,cached_powers_Q,24,13,0.398,BalancedZippelSeparated
fire7_nb0_rank1781,Automatic,1,ok,620.733,70,2,1,0,0,2305843009213693967:67;2305843009213693973:3,Symbolica_default,cached_powers_Q,25,9,0.393,BalancedZippelSeparated
fire7_nb0_rank1782,Automatic,1,ok,640.214,70,2,1,0,0,2305843009213693967:67;2305843009213693973:3,Symbolica_default,cached_powers_Q,25,9,0.710,BalancedZippelSeparated
fire7_nb0_rank1783,Automatic,1,ok,812.804,74,2,1,0,0,2305843009213693967:71;2305843009213693973:3,Symbolica_default,cached_powers_Q,20,15,0.669,BalancedZippelSeparated
fire7_nb0_rank1784,Automatic,1,ok,840.794,87,2,1,0,0,2305843009213693967:84;2305843009213693973:3,Symbolica_default,cached_powers_Q,24,12,0.517,BalancedZippelSeparated
fire7_nb0_rank1785,Automatic,1,ok,605.353,93,2,1,0,0,2305843009213693967:90;2305843009213693973:3,Symbolica_default,cached_powers_Q,30,6,0.493,BalancedZippelSeparated
fire7_nb0_rank1786,Automatic,1,ok,454.893,86,2,1,0,0,2305843009213693967:83;2305843009213693973:3,Symbolica_default,cached_powers_Q,19,14,0.504,BalancedZippelSeparated
fire7_nb0_rank1787,Automatic,1,ok,558.493,70,2,1,0,0,2305843009213693967:67;2305843009213693973:3,Symbolica_default,cached_powers_Q,20,15,0.313,BalancedZippelSeparated
fire7_nb0_rank1788,Automatic,1,ok,572.073,70,2,1,0,0,2305843009213693967:67;2305843009213693973:3,Symbolica_default,cached_powers_Q,20,15,0.342,BalancedZippelSeparated
fire7_nb0_rank1789,Automatic,1,ok,676.864,98,2,1,0,0,2305843009213693967:95;2305843009213693973:3,Symbolica_default,cached_powers_Q,24,14,0.710,BalancedZippelSeparated
fire7_nb0_rank1790,Automatic,1,ok,1006.585,74,2,1,0,0,2305843009213693967:71;2305843009213693973:3,Symbolica_default,cached_powers_Q,20,15,0.483,BalancedZippelSeparated
fire7_nb0_rank1791,Automatic,1,ok,775.854,87,2,1,0,0,2305843009213693967:84;2305843009213693973:3,Symbolica_default,cached_powers_Q,24,12,0.585,BalancedZippelSeparated
fire7_nb0_rank1792,Automatic,1,ok,706.913,87,2,1,0,0,2305843009213693967:84;2305843009213693973:3,Symbolica_default,cached_powers_Q,24,12,0.556,BalancedZippelSeparated
fire7_nb0_rank1793,Automatic,1,ok,599.753,67,2,1,0,0,2305843009213693967:64;2305843009213693973:3,Symbolica_default,cached_powers_Q,20,15,0.356,BalancedZippelSeparated
fire7_nb0_rank1794,Automatic,1,ok,636.563,115,2,1,0,0,2305843009213693967:112;2305843009213693973:3,Symbolica_default,cached_powers_Q,24,14,0.343,BalancedZippelSeparated
fire7_nb0_rank1795,Automatic,1,ok,615.623,89,2,1,0,0,2305843009213693967:86;2305843009213693973:3,Symbolica_default,cached_powers_Q,24,12,0.505,BalancedZippelSeparated
fire7_nb0_rank1796,Automatic,1,ok,561.513,74,2,1,0,0,2305843009213693967:71;2305843009213693973:3,Symbolica_default,cached_powers_Q,20,15,0.312,BalancedZippelSeparated
fire7_nb0_rank1797,Automatic,1,ok,781.763,87,2,1,0,0,2305843009213693967:84;2305843009213693973:3,Symbolica_default,cached_powers_Q,24,12,0.524,BalancedZippelSeparated
fire7_nb0_rank1798,Automatic,1,ok,759.294,77,2,1,0,0,2305843009213693967:74;2305843009213693973:3,Symbolica_default,cached_powers_Q,16,15,0.682,BalancedZippelSeparated
fire7_nb0_rank1799,Automatic,1,ok,821.964,70,2,1,0,0,2305843009213693967:67;2305843009213693973:3,Symbolica_default,cached_powers_Q,20,15,0.527,BalancedZippelSeparated
fire7_nb0_rank1800,Automatic,1,ok,798.894,71,2,1,0,0,2305843009213693967:68;2305843009213693973:3,Symbolica_default,cached_powers_Q,25,9,0.517,BalancedZippelSeparated
fire7_nb0_rank1801,Automatic,1,ok,666.363,87,2,1,0,0,2305843009213693967:84;2305843009213693973:3,Symbolica_default,cached_powers_Q,24,12,0.572,BalancedZippelSeparated
fire7_nb0_rank1802,Automatic,1,ok,562.612,79,2,1,0,0,2305843009213693967:76;2305843009213693973:3,Symbolica_default,cached_powers_Q,13,21,0.366,BalancedZippelSeparated
fire7_nb0_rank1803,Automatic,1,ok,651.423,70,2,1,0,0,2305843009213693967:67;2305843009213693973:3,Symbolica_default,cached_powers_Q,24,9,0.376,BalancedZippelSeparated
fire7_nb0_rank1804,Automatic,1,ok,623.793,76,2,1,0,0,2305843009213693967:73;2305843009213693973:3,Symbolica_default,cached_powers_Q,24,10,0.746,BalancedZippelSeparated
fire7_nb0_rank1805,Automatic,1,ok,522.502,87,2,1,0,0,2305843009213693967:84;2305843009213693973:3,Symbolica_default,cached_powers_Q,24,12,0.554,BalancedZippelSeparated
fire7_nb0_rank1806,Automatic,1,ok,832.174,84,2,1,0,0,2305843009213693967:81;2305843009213693973:3,Symbolica_default,cached_powers_Q,24,10,0.499,BalancedZippelSeparated
fire7_nb0_rank1807,Automatic,1,ok,766.434,79,2,1,0,0,2305843009213693967:76;2305843009213693973:3,Symbolica_default,cached_powers_Q,27,10,0.531,BalancedZippelSeparated
fire7_nb0_rank1808,Automatic,1,ok,611.503,67,2,1,0,0,2305843009213693967:64;2305843009213693973:3,Symbolica_default,cached_powers_Q,20,15,0.550,BalancedZippelSeparated
fire7_nb0_rank1809,Automatic,1,ok,434.572,66,2,1,0,0,2305843009213693967:63;2305843009213693973:3,Symbolica_default,cached_powers_Q,15,20,0.375,BalancedZippelSeparated
fire7_nb0_rank1810,Automatic,1,ok,690.153,111,2,1,0,0,2305843009213693967:108;2305843009213693973:3,Symbolica_default,cached_powers_Q,26,14,0.403,BalancedZippelSeparated
fire7_nb0_rank1811,Automatic,1,ok,394.892,72,2,1,0,0,2305843009213693967:69;2305843009213693973:3,Symbolica_default,cached_powers_Q,23,9,0.532,BalancedZippelSeparated
fire7_nb0_rank1812,Automatic,1,ok,531.743,67,2,1,0,0,2305843009213693967:64;2305843009213693973:3,Symbolica_default,cached_powers_Q,20,15,0.475,BalancedZippelSeparated
fire7_nb0_rank1813,Automatic,1,ok,578.653,70,2,1,0,0,2305843009213693967:67;2305843009213693973:3,Symbolica_default,cached_powers_Q,20,15,0.504,BalancedZippelSeparated
fire7_nb0_rank1814,Automatic,1,ok,561.483,85,2,1,0,0,2305843009213693967:82;2305843009213693973:3,Symbolica_default,cached_powers_Q,27,6,0.512,BalancedZippelSeparated
fire7_nb0_rank1815,Automatic,1,ok,578.083,64,2,1,0,0,2305843009213693967:61;2305843009213693973:3,Symbolica_default,cached_powers_Q,17,15,0.353,BalancedZippelSeparated
fire7_nb0_rank1816,Automatic,1,ok,971.415,70,2,1,0,0,2305843009213693967:67;2305843009213693973:3,Symbolica_default,cached_powers_Q,20,15,0.474,BalancedZippelSeparated
fire7_nb0_rank1817,Automatic,1,ok,802.395,74,2,1,0,0,2305843009213693967:71;2305843009213693973:3,Symbolica_default,cached_powers_Q,20,15,0.699,BalancedZippelSeparated
fire7_nb0_rank1818,Automatic,1,ok,826.374,74,2,1,0,0,2305843009213693967:71;2305843009213693973:3,Symbolica_default,cached_powers_Q,19,15,0.677,BalancedZippelSeparated
fire7_nb0_rank1819,Automatic,1,ok,408.232,91,2,1,0,0,2305843009213693967:88;2305843009213693973:3,Symbolica_default,cached_powers_Q,27,8,0.523,BalancedZippelSeparated
fire7_nb0_rank1820,Automatic,1,ok,396.452,67,2,1,0,0,2305843009213693967:64;2305843009213693973:3,Symbolica_default,cached_powers_Q,20,15,0.343,BalancedZippelSeparated
fire7_nb0_rank1821,Automatic,1,ok,498.232,74,2,1,0,0,2305843009213693967:71;2305843009213693973:3,Symbolica_default,cached_powers_Q,22,5,0.293,BalancedZippelSeparated
fire7_nb0_rank1822,Automatic,1,ok,642.323,71,2,1,0,0,2305843009213693967:68;2305843009213693973:3,Symbolica_default,cached_powers_Q,20,15,0.344,BalancedZippelSeparated
fire7_nb0_rank1823,Automatic,1,ok,886.435,76,2,1,0,0,2305843009213693967:73;2305843009213693973:3,Symbolica_default,cached_powers_Q,24,10,0.534,BalancedZippelSeparated
fire7_nb0_rank1824,Automatic,1,ok,473.343,84,2,1,0,0,2305843009213693967:81;2305843009213693973:3,Symbolica_default,cached_powers_Q,24,10,0.573,BalancedZippelSeparated
fire7_nb0_rank1825,Automatic,1,ok,650.943,71,2,1,0,0,2305843009213693967:68;2305843009213693973:3,Symbolica_default,cached_powers_Q,25,6,0.467,BalancedZippelSeparated
fire7_nb0_rank1826,Automatic,1,ok,392.042,61,2,1,0,0,2305843009213693967:58;2305843009213693973:3,Symbolica_default,cached_powers_Q,20,12,0.344,BalancedZippelSeparated
fire7_nb0_rank1827,Automatic,1,ok,380.862,61,2,1,0,0,2305843009213693967:58;2305843009213693973:3,Symbolica_default,cached_powers_Q,20,12,0.600,BalancedZippelSeparated
fire7_nb0_rank1828,Automatic,1,ok,597.123,81,2,1,0,0,2305843009213693967:78;2305843009213693973:3,Symbolica_default,cached_powers_Q,24,6,0.391,BalancedZippelSeparated
fire7_nb0_rank1829,Automatic,1,ok,901.994,98,2,1,0,0,2305843009213693967:95;2305843009213693973:3,Symbolica_default,cached_powers_Q,23,14,0.543,BalancedZippelSeparated
fire7_nb0_rank1830,Automatic,1,ok,402.782,74,2,1,0,0,2305843009213693967:71;2305843009213693973:3,Symbolica_default,cached_powers_Q,22,5,0.521,BalancedZippelSeparated
fire7_nb0_rank1831,Automatic,1,ok,691.134,92,2,1,0,0,2305843009213693967:89;2305843009213693973:3,Symbolica_default,cached_powers_Q,27,10,0.383,BalancedZippelSeparated
fire7_nb0_rank1832,Automatic,1,ok,656.043,71,2,1,0,0,2305843009213693967:68;2305843009213693973:3,Symbolica_default,cached_powers_Q,25,6,0.358,BalancedZippelSeparated
fire7_nb0_rank1833,Automatic,1,ok,391.562,95,2,1,0,0,2305843009213693967:92;2305843009213693973:3,Symbolica_default,cached_powers_Q,6,27,0.318,BalancedZippelSeparated
fire7_nb0_rank1834,Automatic,1,ok,728.233,86,2,1,0,0,2305843009213693967:83;2305843009213693973:3,Symbolica_default,cached_powers_Q,29,3,0.453,BalancedZippelSeparated
fire7_nb0_rank1835,Automatic,1,ok,654.783,61,2,1,0,0,2305843009213693967:58;2305843009213693973:3,Symbolica_default,cached_powers_Q,20,8,0.687,BalancedZippelSeparated
fire7_nb0_rank1836,Automatic,1,ok,420.232,76,2,1,0,0,2305843009213693967:73;2305843009213693973:3,Symbolica_default,cached_powers_Q,22,10,0.537,BalancedZippelSeparated
fire7_nb0_rank1837,Automatic,1,ok,641.053,121,2,1,0,0,2305843009213693967:118;2305843009213693973:3,Symbolica_default,cached_powers_Q,26,9,0.384,BalancedZippelSeparated
fire7_nb0_rank1838,Automatic,1,ok,422.822,99,2,1,0,0,2305843009213693967:96;2305843009213693973:3,Symbolica_default,cached_powers_Q,27,6,0.472,BalancedZippelSeparated
fire7_nb0_rank1839,Automatic,1,ok,608.723,69,2,1,0,0,2305843009213693967:66;2305843009213693973:3,Symbolica_default,cached_powers_Q,16,15,0.339,BalancedZippelSeparated
fire7_nb0_rank1840,Automatic,1,ok,328.851,62,2,1,0,0,2305843009213693967:59;2305843009213693973:3,Symbolica_default,cached_powers_Q,20,8,0.433,BalancedZippelSeparated
fire7_nb0_rank1841,Automatic,1,ok,366.972,86,2,1,0,0,2305843009213693967:83;2305843009213693973:3,Symbolica_default,cached_powers_Q,24,9,0.316,BalancedZippelSeparated
fire7_nb0_rank1842,Automatic,1,ok,597.993,88,2,1,0,0,2305843009213693967:85;2305843009213693973:3,Symbolica_default,cached_powers_Q,21,14,0.526,BalancedZippelSeparated
fire7_nb0_rank1843,Automatic,1,ok,641.403,92,2,1,0,0,2305843009213693967:89;2305843009213693973:3,Symbolica_default,cached_powers_Q,27,10,0.529,BalancedZippelSeparated
fire7_nb0_rank1844,Automatic,1,ok,625.143,74,2,1,0,0,2305843009213693967:71;2305843009213693973:3,Symbolica_default,cached_powers_Q,23,9,0.392,BalancedZippelSeparated
fire7_nb0_rank1845,Automatic,1,ok,709.664,99,2,1,0,0,2305843009213693967:96;2305843009213693973:3,Symbolica_default,cached_powers_Q,16,20,0.363,BalancedZippelSeparated
fire7_nb0_rank1846,Automatic,1,ok,376.782,63,2,1,0,0,2305843009213693967:60;2305843009213693973:3,Symbolica_default,cached_powers_Q,20,9,0.344,BalancedZippelSeparated
fire7_nb0_rank1847,Automatic,1,ok,691.394,63,2,1,0,0,2305843009213693967:60;2305843009213693973:3,Symbolica_default,cached_powers_Q,20,9,0.477,BalancedZippelSeparated
fire7_nb0_rank1848,Automatic,1,ok,650.773,74,2,1,0,0,2305843009213693967:71;2305843009213693973:3,Symbolica_default,cached_powers_Q,25,6,0.366,BalancedZippelSeparated
fire7_nb0_rank1849,Automatic,1,ok,791.794,83,2,1,0,0,2305843009213693967:80;2305843009213693973:3,Symbolica_default,cached_powers_Q,23,15,0.538,BalancedZippelSeparated
fire7_nb0_rank1850,Automatic,1,ok,418.093,94,2,1,0,0,2305843009213693967:91;2305843009213693973:3,Symbolica_default,cached_powers_Q,27,9,0.606,BalancedZippelSeparated
fire7_nb0_rank1851,Automatic,1,ok,804.964,72,2,1,0,0,2305843009213693967:69;2305843009213693973:3,Symbolica_default,cached_powers_Q,12,24,0.520,BalancedZippelSeparated
fire7_nb0_rank1852,Automatic,1,ok,372.632,65,2,1,0,0,2305843009213693967:62;2305843009213693973:3,Symbolica_default,cached_powers_Q,25,6,0.526,BalancedZippelSeparated
fire7_nb0_rank1853,Automatic,1,ok,576.723,77,2,1,0,0,2305843009213693967:74;2305843009213693973:3,Symbolica_default,cached_powers_Q,12,24,0.740,BalancedZippelSeparated
fire7_nb0_rank1854,Automatic,1,ok,608.453,70,2,1,0,0,2305843009213693967:67;2305843009213693973:3,Symbolica_default,cached_powers_Q,25,6,0.347,BalancedZippelSeparated
fire7_nb0_rank1855,Automatic,1,ok,683.403,77,2,1,0,0,2305843009213693967:74;2305843009213693973:3,Symbolica_default,cached_powers_Q,12,24,0.406,BalancedZippelSeparated
fire7_nb0_rank1856,Automatic,1,ok,414.852,90,2,1,0,0,2305843009213693967:87;2305843009213693973:3,Symbolica_default,cached_powers_Q,27,8,0.531,BalancedZippelSeparated
fire7_nb0_rank1857,Automatic,1,ok,605.033,70,2,1,0,0,2305843009213693967:67;2305843009213693973:3,Symbolica_default,cached_powers_Q,15,15,0.353,BalancedZippelSeparated
fire7_nb0_rank1858,Automatic,1,ok,394.472,68,2,1,0,0,2305843009213693967:65;2305843009213693973:3,Symbolica_default,cached_powers_Q,15,15,0.525,BalancedZippelSeparated
fire7_nb0_rank1859,Automatic,1,ok,498.103,79,2,1,0,0,2305843009213693967:76;2305843009213693973:3,Symbolica_default,cached_powers_Q,20,12,0.485,BalancedZippelSeparated
fire7_nb0_rank1860,Automatic,1,ok,361.132,61,2,1,0,0,2305843009213693967:58;2305843009213693973:3,Symbolica_default,cached_powers_Q,19,12,0.567,BalancedZippelSeparated
fire7_nb0_rank1861,Automatic,1,ok,689.103,97,2,1,0,0,2305843009213693967:94;2305843009213693973:3,Symbolica_default,cached_powers_Q,24,14,0.374,BalancedZippelSeparated
fire7_nb0_rank1862,Automatic,1,ok,743.534,63,2,1,0,0,2305843009213693967:60;2305843009213693973:3,Symbolica_default,cached_powers_Q,19,12,0.455,BalancedZippelSeparated
fire7_nb0_rank1863,Automatic,1,ok,637.693,63,2,1,0,0,2305843009213693967:60;2305843009213693973:3,Symbolica_default,cached_powers_Q,19,12,0.477,BalancedZippelSeparated
fire7_nb0_rank1864,Automatic,1,ok,584.853,67,2,1,0,0,2305843009213693967:64;2305843009213693973:3,Symbolica_default,cached_powers_Q,24,6,0.380,BalancedZippelSeparated
fire7_nb0_rank1865,Automatic,1,ok,439.802,80,2,1,0,0,2305843009213693967:77;2305843009213693973:3,Symbolica_default,cached_powers_Q,24,10,0.361,BalancedZippelSeparated
fire7_nb0_rank1866,Automatic,1,ok,477.463,91,2,1,0,0,2305843009213693967:88;2305843009213693973:3,Symbolica_default,cached_powers_Q,5,27,0.318,BalancedZippelSeparated
fire7_nb0_rank1867,Automatic,1,ok,385.682,73,2,1,0,0,2305843009213693967:70;2305843009213693973:3,Symbolica_default,cached_powers_Q,24,6,0.375,BalancedZippelSeparated
fire7_nb0_rank1868,Automatic,1,ok,655.383,102,2,1,0,0,2305843009213693967:99;2305843009213693973:3,Symbolica_default,cached_powers_Q,23,14,0.584,BalancedZippelSeparated
fire7_nb0_rank1869,Automatic,1,ok,779.484,74,2,1,0,0,2305843009213693967:71;2305843009213693973:3,Symbolica_default,cached_powers_Q,24,10,0.513,BalancedZippelSeparated
fire7_nb0_rank1870,Automatic,1,ok,1058.396,68,2,1,0,0,2305843009213693967:65;2305843009213693973:3,Symbolica_default,cached_powers_Q,15,15,0.487,BalancedZippelSeparated
fire7_nb0_rank1871,Automatic,1,ok,380.271,66,2,1,0,0,2305843009213693967:63;2305843009213693973:3,Symbolica_default,cached_powers_Q,15,15,0.497,BalancedZippelSeparated
fire7_nb0_rank1872,Automatic,1,ok,549.432,68,2,1,0,0,2305843009213693967:65;2305843009213693973:3,Symbolica_default,cached_powers_Q,15,15,0.457,BalancedZippelSeparated
fire7_nb0_rank1873,Automatic,1,ok,367.802,66,2,1,0,0,2305843009213693967:63;2305843009213693973:3,Symbolica_default,cached_powers_Q,15,15,0.489,BalancedZippelSeparated
fire7_nb0_rank1874,Automatic,1,ok,359.602,65,2,1,0,0,2305843009213693967:62;2305843009213693973:3,Symbolica_default,cached_powers_Q,12,15,0.444,BalancedZippelSeparated
fire7_nb0_rank1875,Automatic,1,ok,619.473,69,2,1,0,0,2305843009213693967:66;2305843009213693973:3,Symbolica_default,cached_powers_Q,16,15,0.394,BalancedZippelSeparated
fire7_nb0_rank1876,Automatic,1,ok,781.594,70,2,1,0,0,2305843009213693967:67;2305843009213693973:3,Symbolica_default,cached_powers_Q,15,15,0.485,BalancedZippelSeparated
fire7_nb0_rank1877,Automatic,1,ok,351.232,62,2,1,0,0,2305843009213693967:59;2305843009213693973:3,Symbolica_default,cached_powers_Q,16,15,0.367,BalancedZippelSeparated
fire7_nb0_rank1878,Automatic,1,ok,644.573,85,2,1,0,0,2305843009213693967:82;2305843009213693973:3,Symbolica_default,cached_powers_Q,25,6,0.366,BalancedZippelSeparated
fire7_nb0_rank1879,Automatic,1,ok,357.281,70,2,1,0,0,2305843009213693967:67;2305843009213693973:3,Symbolica_default,cached_powers_Q,19,6,0.303,BalancedZippelSeparated
fire7_nb0_rank1880,Automatic,1,ok,623.343,84,2,1,0,0,2305843009213693967:81;2305843009213693973:3,Symbolica_default,cached_powers_Q,20,14,0.342,BalancedZippelSeparated
fire7_nb0_rank1881,Automatic,1,ok,599.592,68,2,1,0,0,2305843009213693967:65;2305843009213693973:3,Symbolica_default,cached_powers_Q,15,15,0.345,BalancedZippelSeparated
fire7_nb0_rank1882,Automatic,1,ok,548.253,66,2,1,0,0,2305843009213693967:63;2305843009213693973:3,Symbolica_default,cached_powers_Q,15,15,0.447,BalancedZippelSeparated
fire7_nb0_rank1883,Automatic,1,ok,477.432,60,2,1,0,0,2305843009213693967:57;2305843009213693973:3,Symbolica_default,cached_powers_Q,16,15,0.492,BalancedZippelSeparated
fire7_nb0_rank1884,Automatic,1,ok,415.762,84,2,1,0,0,2305843009213693967:81;2305843009213693973:3,Symbolica_default,cached_powers_Q,15,18,0.495,BalancedZippelSeparated
fire7_nb0_rank1885,Automatic,1,ok,644.274,110,2,1,0,0,2305843009213693967:107;2305843009213693973:3,Symbolica_default,cached_powers_Q,12,24,0.357,BalancedZippelSeparated
fire7_nb0_rank1886,Automatic,1,ok,464.132,101,2,1,0,0,2305843009213693967:98;2305843009213693973:3,Symbolica_default,cached_powers_Q,18,18,0.498,BalancedZippelSeparated
fire7_nb0_rank1887,Automatic,1,ok,565.663,70,2,1,0,0,2305843009213693967:67;2305843009213693973:3,Symbolica_default,cached_powers_Q,15,15,0.316,BalancedZippelSeparated
fire7_nb0_rank1888,Automatic,1,ok,819.664,75,2,1,0,0,2305843009213693967:72;2305843009213693973:3,Symbolica_default,cached_powers_Q,12,21,0.513,BalancedZippelSeparated
fire7_nb0_rank1889,Automatic,1,ok,846.174,96,2,1,0,0,2305843009213693967:93;2305843009213693973:3,Symbolica_default,cached_powers_Q,23,14,0.773,BalancedZippelSeparated
fire7_nb0_rank1890,Automatic,1,ok,602.983,75,2,1,0,0,2305843009213693967:72;2305843009213693973:3,Symbolica_default,cached_powers_Q,12,21,0.542,BalancedZippelSeparated
fire7_nb0_rank1891,Automatic,1,ok,499.673,64,2,1,0,0,2305843009213693967:61;2305843009213693973:3,Symbolica_default,cached_powers_Q,15,15,0.497,BalancedZippelSeparated
fire7_nb0_rank1892,Automatic,1,ok,488.482,82,2,1,0,0,2305843009213693967:79;2305843009213693973:3,Symbolica_default,cached_powers_Q,24,9,0.361,BalancedZippelSeparated
fire7_nb0_rank1893,Automatic,1,ok,370.352,78,2,1,0,0,2305843009213693967:75;2305843009213693973:3,Symbolica_default,cached_powers_Q,27,4,0.325,BalancedZippelSeparated
fire7_nb0_rank1894,Automatic,1,ok,385.932,64,2,1,0,0,2305843009213693967:61;2305843009213693973:3,Symbolica_default,cached_powers_Q,14,20,0.526,BalancedZippelSeparated
fire7_nb0_rank1895,Automatic,1,ok,786.804,87,2,1,0,0,2305843009213693967:84;2305843009213693973:3,Symbolica_default,cached_powers_Q,26,6,0.494,BalancedZippelSeparated
fire7_nb0_rank1896,Automatic,1,ok,587.783,64,2,1,0,0,2305843009213693967:61;2305843009213693973:3,Symbolica_default,cached_powers_Q,18,9,0.630,BalancedZippelSeparated
fire7_nb0_rank1897,Automatic,1,ok,385.642,78,2,1,0,0,2305843009213693967:75;2305843009213693973:3,Symbolica_default,cached_powers_Q,18,15,0.479,BalancedZippelSeparated
fire7_nb0_rank1898,Automatic,1,ok,630.623,108,2,1,0,0,2305843009213693967:105;2305843009213693973:3,Symbolica_default,cached_powers_Q,12,24,0.369,BalancedZippelSeparated
fire7_nb0_rank1899,Automatic,1,ok,538.283,75,2,1,0,0,2305843009213693967:72;2305843009213693973:3,Symbolica_default,cached_powers_Q,24,6,0.429,BalancedZippelSeparated
fire7_nb0_rank1900,Automatic,1,ok,492.912,60,2,1,0,0,2305843009213693967:57;2305843009213693973:3,Symbolica_default,cached_powers_Q,16,15,0.324,BalancedZippelSeparated
fire7_nb0_rank1901,Automatic,1,ok,714.324,62,2,1,0,0,2305843009213693967:59;2305843009213693973:3,Symbolica_default,cached_powers_Q,16,15,0.483,BalancedZippelSeparated
fire7_nb0_rank1902,Automatic,1,ok,758.504,66,2,1,0,0,2305843009213693967:63;2305843009213693973:3,Symbolica_default,cached_powers_Q,20,9,0.482,BalancedZippelSeparated
fire7_nb0_rank1903,Automatic,1,ok,676.223,82,2,1,0,0,2305843009213693967:79;2305843009213693973:3,Symbolica_default,cached_powers_Q,15,18,0.343,BalancedZippelSeparated
fire7_nb0_rank1904,Automatic,1,ok,371.672,63,2,1,0,0,2305843009213693967:60;2305843009213693973:3,Symbolica_default,cached_powers_Q,16,15,0.343,BalancedZippelSeparated
fire7_nb0_rank1905,Automatic,1,ok,374.432,65,2,1,0,0,2305843009213693967:62;2305843009213693973:3,Symbolica_default,cached_powers_Q,16,15,0.462,BalancedZippelSeparated
fire7_nb0_rank1906,Automatic,1,ok,527.262,66,2,1,0,0,2305843009213693967:63;2305843009213693973:3,Symbolica_default,cached_powers_Q,15,15,0.482,BalancedZippelSeparated
fire7_nb0_rank1907,Automatic,1,ok,625.303,65,2,1,0,0,2305843009213693967:62;2305843009213693973:3,Symbolica_default,cached_powers_Q,16,15,0.337,BalancedZippelSeparated
fire7_nb0_rank1908,Automatic,1,ok,780.154,72,2,1,0,0,2305843009213693967:69;2305843009213693973:3,Symbolica_default,cached_powers_Q,23,6,0.475,BalancedZippelSeparated
fire7_nb0_rank1909,Automatic,1,ok,744.143,71,2,1,0,0,2305843009213693967:68;2305843009213693973:3,Symbolica_default,cached_powers_Q,20,15,0.461,BalancedZippelSeparated
fire7_nb0_rank1910,Automatic,1,ok,574.153,78,2,1,0,0,2305843009213693967:75;2305843009213693973:3,Symbolica_default,cached_powers_Q,18,15,0.331,BalancedZippelSeparated
fire7_nb0_rank1911,Automatic,1,ok,346.832,69,2,1,0,0,2305843009213693967:66;2305843009213693973:3,Symbolica_default,cached_powers_Q,15,15,0.317,BalancedZippelSeparated
fire7_nb0_rank1912,Automatic,1,ok,532.063,78,2,1,0,0,2305843009213693967:75;2305843009213693973:3,Symbolica_default,cached_powers_Q,24,8,0.326,BalancedZippelSeparated
fire7_nb0_rank1913,Automatic,1,ok,445.212,75,2,1,0,0,2305843009213693967:72;2305843009213693973:3,Symbolica_default,cached_powers_Q,24,6,0.338,BalancedZippelSeparated
fire7_nb0_rank1914,Automatic,1,ok,790.733,73,2,1,0,0,2305843009213693967:70;2305843009213693973:3,Symbolica_default,cached_powers_Q,24,6,0.478,BalancedZippelSeparated
fire7_nb0_rank1915,Automatic,1,ok,769.384,65,2,1,0,0,2305843009213693967:62;2305843009213693973:3,Symbolica_default,cached_powers_Q,16,15,0.508,BalancedZippelSeparated
fire7_nb0_rank1916,Automatic,1,ok,578.383,69,2,1,0,0,2305843009213693967:66;2305843009213693973:3,Symbolica_default,cached_powers_Q,20,10,0.546,BalancedZippelSeparated
fire7_nb0_rank1917,Automatic,1,ok,621.703,82,2,1,0,0,2305843009213693967:79;2305843009213693973:3,Symbolica_default,cached_powers_Q,24,8,0.365,BalancedZippelSeparated
fire7_nb0_rank1918,Automatic,1,ok,565.753,73,2,1,0,0,2305843009213693967:70;2305843009213693973:3,Symbolica_default,cached_powers_Q,24,6,0.489,BalancedZippelSeparated
fire7_nb0_rank1919,Automatic,1,ok,550.963,63,2,1,0,0,2305843009213693967:60;2305843009213693973:3,Symbolica_default,cached_powers_Q,16,15,0.455,BalancedZippelSeparated
fire7_nb0_rank1920,Automatic,1,ok,787.204,65,2,1,0,0,2305843009213693967:62;2305843009213693973:3,Symbolica_default,cached_powers_Q,16,15,0.495,BalancedZippelSeparated
fire7_nb0_rank1921,Automatic,1,ok,767.433,75,2,1,0,0,2305843009213693967:72;2305843009213693973:3,Symbolica_default,cached_powers_Q,24,6,0.463,BalancedZippelSeparated
fire7_nb0_rank1922,Automatic,1,ok,388.022,59,2,1,0,0,2305843009213693967:56;2305843009213693973:3,Symbolica_default,cached_powers_Q,20,8,0.430,BalancedZippelSeparated
fire7_nb0_rank1923,Automatic,1,ok,421.032,70,2,1,0,0,2305843009213693967:67;2305843009213693973:3,Symbolica_default,cached_powers_Q,4,28,0.316,BalancedZippelSeparated
fire7_nb0_rank1924,Automatic,1,ok,376.392,61,2,1,0,0,2305843009213693967:58;2305843009213693973:3,Symbolica_default,cached_powers_Q,20,8,0.430,BalancedZippelSeparated
fire7_nb0_rank1925,Automatic,1,ok,445.982,101,2,1,0,0,2305843009213693967:98;2305843009213693973:3,Symbolica_default,cached_powers_Q,21,9,0.493,BalancedZippelSeparated
fire7_nb0_rank1926,Automatic,1,ok,549.193,75,2,1,0,0,2305843009213693967:72;2305843009213693973:3,Symbolica_default,cached_powers_Q,19,10,0.481,BalancedZippelSeparated
fire7_nb0_rank1927,Automatic,1,ok,561.633,70,2,1,0,0,2305843009213693967:67;2305843009213693973:3,Symbolica_default,cached_powers_Q,24,6,0.673,BalancedZippelSeparated
fire7_nb0_rank1928,Automatic,1,ok,528.723,89,2,1,0,0,2305843009213693967:86;2305843009213693973:3,Symbolica_default,cached_powers_Q,27,4,0.325,BalancedZippelSeparated
fire7_nb0_rank1929,Automatic,1,ok,443.813,87,2,1,0,0,2305843009213693967:84;2305843009213693973:3,Symbolica_default,cached_powers_Q,19,14,0.316,BalancedZippelSeparated
fire7_nb0_rank1930,Automatic,1,ok,371.751,62,2,1,0,0,2305843009213693967:59;2305843009213693973:3,Symbolica_default,cached_powers_Q,20,9,0.309,BalancedZippelSeparated
fire7_nb0_rank1931,Automatic,1,ok,549.282,73,2,1,0,0,2305843009213693967:70;2305843009213693973:3,Symbolica_default,cached_powers_Q,24,6,0.312,BalancedZippelSeparated
fire7_nb0_rank1932,Automatic,1,ok,519.482,73,2,1,0,0,2305843009213693967:70;2305843009213693973:3,Symbolica_default,cached_powers_Q,24,6,0.521,BalancedZippelSeparated
fire7_nb0_rank1933,Automatic,1,ok,499.632,64,2,1,0,0,2305843009213693967:61;2305843009213693973:3,Symbolica_default,cached_powers_Q,20,6,0.411,BalancedZippelSeparated
fire7_nb0_rank1934,Automatic,1,ok,555.143,62,2,1,0,0,2305843009213693967:59;2305843009213693973:3,Symbolica_default,cached_powers_Q,20,6,0.287,BalancedZippelSeparated
fire7_nb0_rank1935,Automatic,1,ok,378.292,67,2,1,0,0,2305843009213693967:64;2305843009213693973:3,Symbolica_default,cached_powers_Q,18,9,0.329,BalancedZippelSeparated
fire7_nb0_rank1936,Automatic,1,ok,280.851,65,2,1,0,0,2305843009213693967:62;2305843009213693973:3,Symbolica_default,cached_powers_Q,6,20,0.426,BalancedZippelSeparated
fire7_nb0_rank1937,Automatic,1,ok,497.742,66,2,1,0,0,2305843009213693967:63;2305843009213693973:3,Symbolica_default,cached_powers_Q,25,3,0.304,BalancedZippelSeparated
fire7_nb0_rank1938,Automatic,1,ok,520.812,67,2,1,0,0,2305843009213693967:64;2305843009213693973:3,Symbolica_default,cached_powers_Q,15,10,0.336,BalancedZippelSeparated
fire7_nb0_rank1939,Automatic,1,ok,544.213,69,2,1,0,0,2305843009213693967:66;2305843009213693973:3,Symbolica_default,cached_powers_Q,20,10,0.722,BalancedZippelSeparated
fire7_nb0_rank1940,Automatic,1,ok,793.954,75,2,1,0,0,2305843009213693967:72;2305843009213693973:3,Symbolica_default,cached_powers_Q,24,10,0.756,BalancedZippelSeparated
fire7_nb0_rank1941,Automatic,1,ok,385.282,69,2,1,0,0,2305843009213693967:66;2305843009213693973:3,Symbolica_default,cached_powers_Q,18,6,0.303,BalancedZippelSeparated
fire7_nb0_rank1942,Automatic,1,ok,392.852,73,2,1,0,0,2305843009213693967:70;2305843009213693973:3,Symbolica_default,cached_powers_Q,20,10,0.335,BalancedZippelSeparated
fire7_nb0_rank1943,Automatic,1,ok,355.811,89,2,1,0,0,2305843009213693967:86;2305843009213693973:3,Symbolica_default,cached_powers_Q,26,4,0.329,BalancedZippelSeparated
fire7_nb0_rank1944,Automatic,1,ok,461.853,73,2,1,0,0,2305843009213693967:70;2305843009213693973:3,Symbolica_default,cached_powers_Q,12,21,0.651,BalancedZippelSeparated
fire7_nb0_rank1945,Automatic,1,ok,449.512,59,2,1,0,0,2305843009213693967:56;2305843009213693973:3,Symbolica_default,cached_powers_Q,15,12,0.466,BalancedZippelSeparated
fire7_nb0_rank1946,Automatic,1,ok,673.333,59,2,1,0,0,2305843009213693967:56;2305843009213693973:3,Symbolica_default,cached_powers_Q,15,12,0.478,BalancedZippelSeparated
fire7_nb0_rank1947,Automatic,1,ok,411.082,76,2,1,0,0,2305843009213693967:73;2305843009213693973:3,Symbolica_default,cached_powers_Q,15,12,0.508,BalancedZippelSeparated
fire7_nb0_rank1948,Automatic,1,ok,468.672,59,2,1,0,0,2305843009213693967:56;2305843009213693973:3,Symbolica_default,cached_powers_Q,15,12,0.473,BalancedZippelSeparated
fire7_nb0_rank1949,Automatic,1,ok,434.292,61,2,1,0,0,2305843009213693967:58;2305843009213693973:3,Symbolica_default,cached_powers_Q,5,20,0.285,BalancedZippelSeparated
fire7_nb0_rank1950,Automatic,1,ok,440.482,61,2,1,0,0,2305843009213693967:58;2305843009213693973:3,Symbolica_default,cached_powers_Q,5,20,0.281,BalancedZippelSeparated
fire7_nb0_rank1951,Automatic,1,ok,518.972,59,2,1,0,0,2305843009213693967:56;2305843009213693973:3,Symbolica_default,cached_powers_Q,15,12,0.343,BalancedZippelSeparated
fire7_nb0_rank1952,Automatic,1,ok,746.864,61,2,1,0,0,2305843009213693967:58;2305843009213693973:3,Symbolica_default,cached_powers_Q,20,6,0.453,BalancedZippelSeparated
fire7_nb0_rank1953,Automatic,1,ok,481.482,59,2,1,0,0,2305843009213693967:56;2305843009213693973:3,Symbolica_default,cached_powers_Q,20,6,0.450,BalancedZippelSeparated
fire7_nb0_rank1954,Automatic,1,ok,328.572,57,2,1,0,0,2305843009213693967:54;2305843009213693973:3,Symbolica_default,cached_powers_Q,18,8,0.345,BalancedZippelSeparated
fire7_nb0_rank1955,Automatic,1,ok,574.653,75,2,1,0,0,2305843009213693967:72;2305843009213693973:3,Symbolica_default,cached_powers_Q,23,6,0.312,BalancedZippelSeparated
fire7_nb0_rank1956,Automatic,1,ok,268.982,61,2,1,0,0,2305843009213693967:58;2305843009213693973:3,Symbolica_default,cached_powers_Q,5,20,0.280,BalancedZippelSeparated
fire7_nb0_rank1957,Automatic,1,ok,380.242,61,2,1,0,0,2305843009213693967:58;2305843009213693973:3,Symbolica_default,cached_powers_Q,5,20,0.427,BalancedZippelSeparated
fire7_nb0_rank1958,Automatic,1,ok,619.173,61,2,1,0,0,2305843009213693967:58;2305843009213693973:3,Symbolica_default,cached_powers_Q,5,20,0.399,BalancedZippelSeparated
fire7_nb0_rank1959,Automatic,1,ok,720.203,63,2,1,0,0,2305843009213693967:60;2305843009213693973:3,Symbolica_default,cached_powers_Q,18,8,0.449,BalancedZippelSeparated
fire7_nb0_rank1960,Automatic,1,ok,731.053,84,2,1,0,0,2305843009213693967:81;2305843009213693973:3,Symbolica_default,cached_powers_Q,15,18,0.515,BalancedZippelSeparated
fire7_nb0_rank1961,Automatic,1,ok,562.963,68,2,1,0,0,2305843009213693967:65;2305843009213693973:3,Symbolica_default,cached_powers_Q,15,15,0.342,BalancedZippelSeparated
fire7_nb0_rank1962,Automatic,1,ok,493.162,65,2,1,0,0,2305843009213693967:62;2305843009213693973:3,Symbolica_default,cached_powers_Q,18,9,0.308,BalancedZippelSeparated
fire7_nb0_rank1963,Automatic,1,ok,495.503,61,2,1,0,0,2305843009213693967:58;2305843009213693973:3,Symbolica_default,cached_powers_Q,15,12,0.463,BalancedZippelSeparated
fire7_nb0_rank1964,Automatic,1,ok,579.732,60,2,1,0,0,2305843009213693967:57;2305843009213693973:3,Symbolica_default,cached_powers_Q,16,9,0.486,BalancedZippelSeparated
fire7_nb0_rank1965,Automatic,1,ok,662.303,95,2,1,0,0,2305843009213693967:92;2305843009213693973:3,Symbolica_default,cached_powers_Q,5,24,0.447,BalancedZippelSeparated
fire7_nb0_rank1966,Automatic,1,ok,651.563,109,2,1,0,0,2305843009213693967:106;2305843009213693973:3,Symbolica_default,cached_powers_Q,5,24,0.531,BalancedZippelSeparated
fire7_nb0_rank1967,Automatic,1,ok,639.913,59,2,1,0,0,2305843009213693967:56;2305843009213693973:3,Symbolica_default,cached_powers_Q,18,8,0.365,BalancedZippelSeparated
fire7_nb0_rank1968,Automatic,1,ok,553.072,71,2,1,0,0,2305843009213693967:68;2305843009213693973:3,Symbolica_default,cached_powers_Q,18,10,0.478,BalancedZippelSeparated
fire7_nb0_rank1969,Automatic,1,ok,515.432,62,2,1,0,0,2305843009213693967:59;2305843009213693973:3,Symbolica_default,cached_powers_Q,20,9,0.303,BalancedZippelSeparated
fire7_nb0_rank1970,Automatic,1,ok,530.232,62,2,1,0,0,2305843009213693967:59;2305843009213693973:3,Symbolica_default,cached_powers_Q,20,9,0.497,BalancedZippelSeparated
fire7_nb0_rank1971,Automatic,1,ok,383.282,62,2,1,0,0,2305843009213693967:59;2305843009213693973:3,Symbolica_default,cached_powers_Q,20,9,0.516,BalancedZippelSeparated
fire7_nb0_rank1972,Automatic,1,ok,718.843,62,2,1,0,0,2305843009213693967:59;2305843009213693973:3,Symbolica_default,cached_powers_Q,20,9,0.713,BalancedZippelSeparated
fire7_nb0_rank1973,Automatic,1,ok,687.423,62,2,1,0,0,2305843009213693967:59;2305843009213693973:3,Symbolica_default,cached_powers_Q,20,9,0.430,BalancedZippelSeparated
fire7_nb0_rank1974,Automatic,1,ok,616.863,71,2,1,0,0,2305843009213693967:68;2305843009213693973:3,Symbolica_default,cached_powers_Q,15,10,0.339,BalancedZippelSeparated
fire7_nb0_rank1975,Automatic,1,ok,400.242,72,2,1,0,0,2305843009213693967:69;2305843009213693973:3,Symbolica_default,cached_powers_Q,15,10,0.334,BalancedZippelSeparated
fire7_nb0_rank1976,Automatic,1,ok,543.633,76,2,1,0,0,2305843009213693967:73;2305843009213693973:3,Symbolica_default,cached_powers_Q,24,4,0.301,BalancedZippelSeparated
fire7_nb0_rank1977,Automatic,1,ok,364.111,87,2,1,0,0,2305843009213693967:84;2305843009213693973:3,Symbolica_default,cached_powers_Q,12,18,0.288,BalancedZippelSeparated
fire7_nb0_rank1978,Automatic,1,ok,355.862,58,2,1,0,0,2305843009213693967:55;2305843009213693973:3,Symbolica_default,cached_powers_Q,16,9,0.303,BalancedZippelSeparated
fire7_nb0_rank1979,Automatic,1,ok,730.423,71,2,1,0,0,2305843009213693967:68;2305843009213693973:3,Symbolica_default,cached_powers_Q,15,10,0.460,BalancedZippelSeparated
fire7_nb0_rank1980,Automatic,1,ok,533.862,70,2,1,0,0,2305843009213693967:67;2305843009213693973:3,Symbolica_default,cached_powers_Q,15,15,0.478,BalancedZippelSeparated
fire7_nb0_rank1981,Automatic,1,ok,375.572,87,2,1,0,0,2305843009213693967:84;2305843009213693973:3,Symbolica_default,cached_powers_Q,12,18,0.335,BalancedZippelSeparated
fire7_nb0_rank1982,Automatic,1,ok,370.031,82,2,1,0,0,2305843009213693967:79;2305843009213693973:3,Symbolica_default,cached_powers_Q,12,18,0.349,BalancedZippelSeparated
fire7_nb0_rank1983,Automatic,1,ok,329.812,62,2,1,0,0,2305843009213693967:59;2305843009213693973:3,Symbolica_default,cached_powers_Q,13,10,0.300,BalancedZippelSeparated
fire7_nb0_rank1984,Automatic,1,ok,477.812,60,2,1,0,0,2305843009213693967:57;2305843009213693973:3,Symbolica_default,cached_powers_Q,20,6,0.283,BalancedZippelSeparated
fire7_nb0_rank1985,Automatic,1,ok,650.193,59,2,1,0,0,2305843009213693967:56;2305843009213693973:3,Symbolica_default,cached_powers_Q,20,6,0.417,BalancedZippelSeparated
fire7_nb0_rank1986,Automatic,1,ok,758.334,65,2,1,0,0,2305843009213693967:62;2305843009213693973:3,Symbolica_default,cached_powers_Q,20,9,0.465,BalancedZippelSeparated
fire7_nb0_rank1987,Automatic,1,ok,758.994,63,2,1,0,0,2305843009213693967:60;2305843009213693973:3,Symbolica_default,cached_powers_Q,20,9,0.450,BalancedZippelSeparated
fire7_nb0_rank1988,Automatic,1,ok,546.223,63,2,1,0,0,2305843009213693967:60;2305843009213693973:3,Symbolica_default,cached_powers_Q,20,9,0.321,BalancedZippelSeparated
fire7_nb0_rank1989,Automatic,1,ok,532.313,65,2,1,0,0,2305843009213693967:62;2305843009213693973:3,Symbolica_default,cached_powers_Q,10,15,0.309,BalancedZippelSeparated
fire7_nb0_rank1990,Automatic,1,ok,301.741,79,2,1,0,0,2305843009213693967:76;2305843009213693973:3,Symbolica_default,cached_powers_Q,4,27,0.301,BalancedZippelSeparated
fire7_nb0_rank1991,Automatic,1,ok,619.972,85,2,1,0,0,2305843009213693967:82;2305843009213693973:3,Symbolica_default,cached_powers_Q,18,14,0.311,BalancedZippelSeparated
fire7_nb0_rank1992,Automatic,1,ok,378.382,81,2,1,0,0,2305843009213693967:78;2305843009213693973:3,Symbolica_default,cached_powers_Q,18,12,0.469,BalancedZippelSeparated
fire7_nb0_rank1993,Automatic,1,ok,340.902,60,2,1,0,0,2305843009213693967:57;2305843009213693973:3,Symbolica_default,cached_powers_Q,15,9,0.313,BalancedZippelSeparated
fire7_nb0_rank1994,Automatic,1,ok,479.842,66,2,1,0,0,2305843009213693967:63;2305843009213693973:3,Symbolica_default,cached_powers_Q,12,9,0.682,BalancedZippelSeparated
fire7_nb0_rank1995,Automatic,1,ok,561.802,63,2,1,0,0,2305843009213693967:60;2305843009213693973:3,Symbolica_default,cached_powers_Q,20,6,0.301,BalancedZippelSeparated
fire7_nb0_rank1996,Automatic,1,ok,486.413,56,2,1,0,0,2305843009213693967:53;2305843009213693973:3,Symbolica_default,cached_powers_Q,12,10,0.312,BalancedZippelSeparated
fire7_nb0_rank1997,Automatic,1,ok,545.602,62,2,1,0,0,2305843009213693967:59;2305843009213693973:3,Symbolica_default,cached_powers_Q,19,9,0.485,BalancedZippelSeparated
fire7_nb0_rank1998,Automatic,1,ok,332.441,62,2,1,0,0,2305843009213693967:59;2305843009213693973:3,Symbolica_default,cached_powers_Q,17,5,0.378,BalancedZippelSeparated
fire7_nb0_rank1999,Automatic,1,ok,303.382,79,2,1,0,0,2305843009213693967:76;2305843009213693973:3,Symbolica_default,cached_powers_Q,4,27,0.306,BalancedZippelSeparated
fire7_nb0_rank2000,Automatic,1,ok,376.012,62,2,1,0,0,2305843009213693967:59;2305843009213693973:3,Symbolica_default,cached_powers_Q,19,9,0.343,BalancedZippelSeparated
fire7_nb0_rank2001,Automatic,1,ok,786.084,67,2,1,0,0,2305843009213693967:64;2305843009213693973:3,Symbolica_default,cached_powers_Q,11,21,0.480,BalancedZippelSeparated
fire7_nb0_rank2002,Automatic,1,ok,762.774,76,2,1,0,0,2305843009213693967:73;2305843009213693973:3,Symbolica_default,cached_powers_Q,18,12,0.695,BalancedZippelSeparated
fire7_nb0_rank2003,Automatic,1,ok,678.254,80,2,1,0,0,2305843009213693967:77;2305843009213693973:3,Symbolica_default,cached_powers_Q,12,18,0.440,BalancedZippelSeparated
fire7_nb0_rank2004,Automatic,1,ok,445.012,86,2,1,0,0,2305843009213693967:83;2305843009213693973:3,Symbolica_default,cached_powers_Q,12,18,0.338,BalancedZippelSeparated
fire7_nb0_rank2005,Automatic,1,ok,581.503,71,2,1,0,0,2305843009213693967:68;2305843009213693973:3,Symbolica_default,cached_powers_Q,19,6,0.304,BalancedZippelSeparated
fire7_nb0_rank2006,Automatic,1,ok,481.273,58,2,1,0,0,2305843009213693967:55;2305843009213693973:3,Symbolica_default,cached_powers_Q,19,6,0.308,BalancedZippelSeparated
fire7_nb0_rank2007,Automatic,1,ok,376.592,71,2,1,0,0,2305843009213693967:68;2305843009213693973:3,Symbolica_default,cached_powers_Q,24,6,0.321,BalancedZippelSeparated
fire7_nb0_rank2008,Automatic,1,ok,336.381,63,2,1,0,0,2305843009213693967:60;2305843009213693973:3,Symbolica_default,cached_powers_Q,20,6,0.422,BalancedZippelSeparated
fire7_nb0_rank2009,Automatic,1,ok,700.104,60,2,1,0,0,2305843009213693967:57;2305843009213693973:3,Symbolica_default,cached_powers_Q,19,9,0.648,BalancedZippelSeparated
fire7_nb0_rank2010,Automatic,1,ok,689.133,60,2,1,0,0,2305843009213693967:57;2305843009213693973:3,Symbolica_default,cached_powers_Q,19,9,0.663,BalancedZippelSeparated
fire7_nb0_rank2011,Automatic,1,ok,393.632,86,2,1,0,0,2305843009213693967:83;2305843009213693973:3,Symbolica_default,cached_powers_Q,12,18,0.362,BalancedZippelSeparated
fire7_nb0_rank2012,Automatic,1,ok,324.892,61,2,1,0,0,2305843009213693967:58;2305843009213693973:3,Symbolica_default,cached_powers_Q,15,9,0.327,BalancedZippelSeparated
fire7_nb0_rank2013,Automatic,1,ok,340.712,60,2,1,0,0,2305843009213693967:57;2305843009213693973:3,Symbolica_default,cached_powers_Q,19,9,0.306,BalancedZippelSeparated
fire7_nb0_rank2014,Automatic,1,ok,306.421,61,2,1,0,0,2305843009213693967:58;2305843009213693973:3,Symbolica_default,cached_powers_Q,15,9,0.313,BalancedZippelSeparated
fire7_nb0_rank2015,Automatic,1,ok,352.162,62,2,1,0,0,2305843009213693967:59;2305843009213693973:3,Symbolica_default,cached_powers_Q,19,9,0.333,BalancedZippelSeparated
fire7_nb0_rank2016,Automatic,1,ok,523.982,65,2,1,0,0,2305843009213693967:62;2305843009213693973:3,Symbolica_default,cached_powers_Q,16,10,0.692,BalancedZippelSeparated
fire7_nb0_rank2017,Automatic,1,ok,515.412,86,2,1,0,0,2305843009213693967:83;2305843009213693973:3,Symbolica_default,cached_powers_Q,12,18,0.576,BalancedZippelSeparated
fire7_nb0_rank2018,Automatic,1,ok,533.752,81,2,1,0,0,2305843009213693967:78;2305843009213693973:3,Symbolica_default,cached_powers_Q,12,18,0.302,BalancedZippelSeparated
fire7_nb0_rank2019,Automatic,1,ok,350.762,61,2,1,0,0,2305843009213693967:58;2305843009213693973:3,Symbolica_default,cached_powers_Q,19,6,0.454,BalancedZippelSeparated
fire7_nb0_rank2020,Automatic,1,ok,378.671,69,2,1,0,0,2305843009213693967:66;2305843009213693973:3,Symbolica_default,cached_powers_Q,16,10,0.311,BalancedZippelSeparated
fire7_nb0_rank2021,Automatic,1,ok,533.852,66,2,1,0,0,2305843009213693967:63;2305843009213693973:3,Symbolica_default,cached_powers_Q,12,18,0.305,BalancedZippelSeparated
fire7_nb0_rank2022,Automatic,1,ok,804.064,78,2,1,0,0,2305843009213693967:75;2305843009213693973:3,Symbolica_default,cached_powers_Q,21,6,0.727,BalancedZippelSeparated
fire7_nb0_rank2023,Automatic,1,ok,780.944,85,2,1,0,0,2305843009213693967:82;2305843009213693973:3,Symbolica_default,cached_powers_Q,17,14,0.453,BalancedZippelSeparated
fire7_nb0_rank2024,Automatic,1,ok,715.673,61,2,1,0,0,2305843009213693967:58;2305843009213693973:3,Symbolica_default,cached_powers_Q,10,15,0.453,BalancedZippelSeparated
fire7_nb0_rank2025,Automatic,1,ok,606.013,81,2,1,0,0,2305843009213693967:78;2305843009213693973:3,Symbolica_default,cached_powers_Q,20,6,0.294,BalancedZippelSeparated
fire7_nb0_rank2026,Automatic,1,ok,576.163,78,2,1,0,0,2305843009213693967:75;2305843009213693973:3,Symbolica_default,cached_powers_Q,21,6,0.351,BalancedZippelSeparated
fire7_nb0_rank2027,Automatic,1,ok,410.402,61,2,1,0,0,2305843009213693967:58;2305843009213693973:3,Symbolica_default,cached_powers_Q,24,4,0.314,BalancedZippelSeparated
fire7_nb0_rank2028,Automatic,1,ok,444.842,57,2,1,0,0,2305843009213693967:54;2305843009213693973:3,Symbolica_default,cached_powers_Q,20,4,0.274,BalancedZippelSeparated
fire7_nb0_rank2029,Automatic,1,ok,682.713,59,2,1,0,0,2305843009213693967:56;2305843009213693973:3,Symbolica_default,cached_powers_Q,20,4,0.408,BalancedZippelSeparated
fire7_nb0_rank2030,Automatic,1,ok,741.794,64,2,1,0,0,2305843009213693967:61;2305843009213693973:3,Symbolica_default,cached_powers_Q,20,6,0.430,BalancedZippelSeparated
fire7_nb0_rank2031,Automatic,1,ok,388.502,81,2,1,0,0,2305843009213693967:78;2305843009213693973:3,Symbolica_default,cached_powers_Q,18,12,0.346,BalancedZippelSeparated
fire7_nb0_rank2032,Automatic,1,ok,331.122,57,2,1,0,0,2305843009213693967:54;2305843009213693973:3,Symbolica_default,cached_powers_Q,16,9,0.300,BalancedZippelSeparated
fire7_nb0_rank2033,Automatic,1,ok,323.411,95,2,1,0,0,2305843009213693967:92;2305843009213693973:3,Symbolica_default,cached_powers_Q,5,20,0.243,BalancedZippelSeparated
fire7_nb0_rank2034,Automatic,1,ok,479.633,61,2,1,0,0,2305843009213693967:58;2305843009213693973:3,Symbolica_default,cached_powers_Q,10,15,0.285,BalancedZippelSeparated
fire7_nb0_rank2035,Automatic,1,ok,362.331,63,2,1,0,0,2305843009213693967:60;2305843009213693973:3,Symbolica_default,cached_powers_Q,10,15,0.480,BalancedZippelSeparated
fire7_nb0_rank2036,Automatic,1,ok,703.444,61,2,1,0,0,2305843009213693967:58;2305843009213693973:3,Symbolica_default,cached_powers_Q,10,15,0.686,BalancedZippelSeparated
fire7_nb0_rank2037,Automatic,1,ok,435.722,53,2,1,0,0,2305843009213693967:50;2305843009213693973:3,Symbolica_default,cached_powers_Q,20,6,0.635,BalancedZippelSeparated
fire7_nb0_rank2038,Automatic,1,ok,342.221,55,2,1,0,0,2305843009213693967:52;2305843009213693973:3,Symbolica_default,cached_powers_Q,20,6,0.297,BalancedZippelSeparated
fire7_nb0_rank2039,Automatic,1,ok,529.453,63,2,1,0,0,2305843009213693967:60;2305843009213693973:3,Symbolica_default,cached_powers_Q,10,15,0.323,BalancedZippelSeparated
fire7_nb0_rank2040,Automatic,1,ok,385.212,68,2,1,0,0,2305843009213693967:65;2305843009213693973:3,Symbolica_default,cached_powers_Q,19,8,0.277,BalancedZippelSeparated
fire7_nb0_rank2041,Automatic,1,ok,536.263,84,2,1,0,0,2305843009213693967:81;2305843009213693973:3,Symbolica_default,cached_powers_Q,20,6,0.281,BalancedZippelSeparated
fire7_nb0_rank2042,Automatic,1,ok,357.371,62,2,1,0,0,2305843009213693967:59;2305843009213693973:3,Symbolica_default,cached_powers_Q,20,6,0.312,BalancedZippelSeparated
fire7_nb0_rank2043,Automatic,1,ok,773.773,79,2,1,0,0,2305843009213693967:76;2305843009213693973:3,Symbolica_default,cached_powers_Q,12,18,0.435,BalancedZippelSeparated
fire7_nb0_rank2044,Automatic,1,ok,693.123,65,2,1,0,0,2305843009213693967:62;2305843009213693973:3,Symbolica_default,cached_powers_Q,15,6,0.371,BalancedZippelSeparated
fire7_nb0_rank2045,Automatic,1,ok,488.912,64,2,1,0,0,2305843009213693967:61;2305843009213693973:3,Symbolica_default,cached_powers_Q,16,10,0.337,BalancedZippelSeparated
fire7_nb0_rank2046,Automatic,1,ok,390.491,78,2,1,0,0,2305843009213693967:75;2305843009213693973:3,Symbolica_default,cached_powers_Q,20,6,0.448,BalancedZippelSeparated
fire7_nb0_rank2047,Automatic,1,ok,637.803,113,2,1,0,0,2305843009213693967:110;2305843009213693973:3,Symbolica_default,cached_powers_Q,21,7,0.309,BalancedZippelSeparated
fire7_nb0_rank2048,Automatic,1,ok,318.812,60,2,1,0,0,2305843009213693967:57;2305843009213693973:3,Symbolica_default,cached_powers_Q,12,15,0.276,BalancedZippelSeparated
fire7_nb0_rank2049,Automatic,1,ok,569.753,69,2,1,0,0,2305843009213693967:66;2305843009213693973:3,Symbolica_default,cached_powers_Q,24,4,0.336,BalancedZippelSeparated
fire7_nb0_rank2050,Automatic,1,ok,689.573,65,2,1,0,0,2305843009213693967:62;2305843009213693973:3,Symbolica_default,cached_powers_Q,15,6,0.392,BalancedZippelSeparated
fire7_nb0_rank2051,Automatic,1,ok,664.474,68,2,1,0,0,2305843009213693967:65;2305843009213693973:3,Symbolica_default,cached_powers_Q,19,9,0.712,BalancedZippelSeparated
fire7_nb0_rank2052,Automatic,1,ok,318.582,58,2,1,0,0,2305843009213693967:55;2305843009213693973:3,Symbolica_default,cached_powers_Q,15,12,0.329,BalancedZippelSeparated
fire7_nb0_rank2053,Automatic,1,ok,336.422,78,2,1,0,0,2305843009213693967:75;2305843009213693973:3,Symbolica_default,cached_powers_Q,21,6,0.331,BalancedZippelSeparated
fire7_nb0_rank2054,Automatic,1,ok,489.262,57,2,1,0,0,2305843009213693967:54;2305843009213693973:3,Symbolica_default,cached_powers_Q,20,6,0.273,BalancedZippelSeparated
fire7_nb0_rank2055,Automatic,1,ok,291.131,77,2,1,0,0,2305843009213693967:74;2305843009213693973:3,Symbolica_default,cached_powers_Q,21,4,0.284,BalancedZippelSeparated
fire7_nb0_rank2056,Automatic,1,ok,561.053,72,2,1,0,0,2305843009213693967:69;2305843009213693973:3,Symbolica_default,cached_powers_Q,18,10,0.311,BalancedZippelSeparated
fire7_nb0_rank2057,Automatic,1,ok,352.642,60,2,1,0,0,2305843009213693967:57;2305843009213693973:3,Symbolica_default,cached_powers_Q,16,6,0.295,BalancedZippelSeparated
fire7_nb0_rank2058,Automatic,1,ok,781.264,70,2,1,0,0,2305843009213693967:67;2305843009213693973:3,Symbolica_default,cached_powers_Q,18,10,0.497,BalancedZippelSeparated
fire7_nb0_rank2059,Automatic,1,ok,535.052,72,2,1,0,0,2305843009213693967:69;2305843009213693973:3,Symbolica_default,cached_powers_Q,21,6,0.659,BalancedZippelSeparated
fire7_nb0_rank2060,Automatic,1,ok,639.683,60,2,1,0,0,2305843009213693967:57;2305843009213693973:3,Symbolica_default,cached_powers_Q,19,9,0.442,BalancedZippelSeparated
fire7_nb0_rank2061,Automatic,1,ok,645.403,86,2,1,0,0,2305843009213693967:83;2305843009213693973:3,Symbolica_default,cached_powers_Q,11,18,0.310,BalancedZippelSeparated
fire7_nb0_rank2062,Automatic,1,ok,385.741,107,2,1,0,0,2305843009213693967:104;2305843009213693973:3,Symbolica_default,cached_powers_Q,23,4,0.456,BalancedZippelSeparated
fire7_nb0_rank2063,Automatic,1,ok,483.923,60,2,1,0,0,2305843009213693967:57;2305843009213693973:3,Symbolica_default,cached_powers_Q,20,6,0.280,BalancedZippelSeparated
fire7_nb0_rank2064,Automatic,1,ok,310.341,58,2,1,0,0,2305843009213693967:55;2305843009213693973:3,Symbolica_default,cached_powers_Q,16,9,0.280,BalancedZippelSeparated
fire7_nb0_rank2065,Automatic,1,ok,332.932,56,2,1,0,0,2305843009213693967:53;2305843009213693973:3,Symbolica_default,cached_powers_Q,11,10,0.420,BalancedZippelSeparated
fire7_nb0_rank2066,Automatic,1,ok,614.343,81,2,1,0,0,2305843009213693967:78;2305843009213693973:3,Symbolica_default,cached_powers_Q,12,18,0.483,BalancedZippelSeparated
fire7_nb0_rank2067,Automatic,1,ok,726.264,72,2,1,0,0,2305843009213693967:69;2305843009213693973:3,Symbolica_default,cached_powers_Q,21,6,0.439,BalancedZippelSeparated
fire7_nb0_rank2068,Automatic,1,ok,621.233,78,2,1,0,0,2305843009213693967:75;2305843009213693973:3,Symbolica_default,cached_powers_Q,15,14,0.508,BalancedZippelSeparated
fire7_nb0_rank2069,Automatic,1,ok,367.641,63,2,1,0,0,2305843009213693967:60;2305843009213693973:3,Symbolica_default,cached_powers_Q,10,15,0.318,BalancedZippelSeparated
fire7_nb0_rank2070,Automatic,1,ok,355.742,79,2,1,0,0,2305843009213693967:76;2305843009213693973:3,Symbolica_default,cached_powers_Q,21,6,0.297,BalancedZippelSeparated
fire7_nb0_rank2071,Automatic,1,ok,325.712,56,2,1,0,0,2305843009213693967:53;2305843009213693973:3,Symbolica_default,cached_powers_Q,11,10,0.419,BalancedZippelSeparated
fire7_nb0_rank2072,Automatic,1,ok,383.962,78,2,1,0,0,2305843009213693967:75;2305843009213693973:3,Symbolica_default,cached_powers_Q,20,6,0.465,BalancedZippelSeparated
fire7_nb0_rank2073,Automatic,1,ok,385.212,71,2,1,0,0,2305843009213693967:68;2305843009213693973:3,Symbolica_default,cached_powers_Q,16,12,0.295,BalancedZippelSeparated
fire7_nb0_rank2074,Automatic,1,ok,335.732,60,2,1,0,0,2305843009213693967:57;2305843009213693973:3,Symbolica_default,cached_powers_Q,12,15,0.289,BalancedZippelSeparated
fire7_nb0_rank2075,Automatic,1,ok,515.792,58,2,1,0,0,2305843009213693967:55;2305843009213693973:3,Symbolica_default,cached_powers_Q,15,9,0.435,BalancedZippelSeparated
fire7_nb0_rank2076,Automatic,1,ok,658.453,58,2,1,0,0,2305843009213693967:55;2305843009213693973:3,Symbolica_default,cached_powers_Q,15,9,0.415,BalancedZippelSeparated
fire7_nb0_rank2077,Automatic,1,ok,479.472,70,2,1,0,0,2305843009213693967:67;2305843009213693973:3,Symbolica_default,cached_powers_Q,15,10,0.663,BalancedZippelSeparated
fire7_nb0_rank2078,Automatic,1,ok,537.993,62,2,1,0,0,2305843009213693967:59;2305843009213693973:3,Symbolica_default,cached_powers_Q,12,15,0.296,BalancedZippelSeparated
fire7_nb0_rank2079,Automatic,1,ok,346.382,61,2,1,0,0,2305843009213693967:58;2305843009213693973:3,Symbolica_default,cached_powers_Q,14,9,0.336,BalancedZippelSeparated
fire7_nb0_rank2080,Automatic,1,ok,743.434,61,2,1,0,0,2305843009213693967:58;2305843009213693973:3,Symbolica_default,cached_powers_Q,14,9,0.697,BalancedZippelSeparated
fire7_nb0_rank2081,Automatic,1,ok,313.672,54,2,1,0,0,2305843009213693967:51;2305843009213693973:3,Symbolica_default,cached_powers_Q,20,3,0.300,BalancedZippelSeparated
fire7_nb0_rank2082,Automatic,1,ok,787.464,75,2,1,0,0,2305843009213693967:72;2305843009213693973:3,Symbolica_default,cached_powers_Q,12,14,0.448,BalancedZippelSeparated
fire7_nb0_rank2083,Automatic,1,ok,349.332,56,2,1,0,0,2305843009213693967:53;2305843009213693973:3,Symbolica_default,cached_powers_Q,10,12,0.518,BalancedZippelSeparated
fire7_nb0_rank2084,Automatic,1,ok,383.812,77,2,1,0,0,2305843009213693967:74;2305843009213693973:3,Symbolica_default,cached_powers_Q,21,3,0.456,BalancedZippelSeparated
fire7_nb0_rank2085,Automatic,1,ok,364.912,59,2,1,0,0,2305843009213693967:56;2305843009213693973:3,Symbolica_default,cached_powers_Q,15,9,0.498,BalancedZippelSeparated
fire7_nb0_rank2086,Automatic,1,ok,383.312,65,2,1,0,0,2305843009213693967:62;2305843009213693973:3,Symbolica_default,cached_powers_Q,16,10,0.499,BalancedZippelSeparated
fire7_nb0_rank2087,Automatic,1,ok,294.362,56,2,1,0,0,2305843009213693967:53;2305843009213693973:3,Symbolica_default,cached_powers_Q,20,3,0.291,BalancedZippelSeparated
fire7_nb0_rank2088,Automatic,1,ok,409.392,70,2,1,0,0,2305843009213693967:67;2305843009213693973:3,Symbolica_default,cached_powers_Q,15,10,0.445,BalancedZippelSeparated
fire7_nb0_rank2089,Automatic,1,ok,816.204,71,2,1,0,0,2305843009213693967:68;2305843009213693973:3,Symbolica_default,cached_powers_Q,18,6,0.458,BalancedZippelSeparated
fire7_nb0_rank2090,Automatic,1,ok,335.251,56,2,1,0,0,2305843009213693967:53;2305843009213693973:3,Symbolica_default,cached_powers_Q,10,12,0.413,BalancedZippelSeparated
fire7_nb0_rank2091,Automatic,1,ok,333.041,58,2,1,0,0,2305843009213693967:55;2305843009213693973:3,Symbolica_default,cached_powers_Q,15,9,0.318,BalancedZippelSeparated
fire7_nb0_rank2092,Automatic,1,ok,739.063,58,2,1,0,0,2305843009213693967:55;2305843009213693973:3,Symbolica_default,cached_powers_Q,15,9,0.475,BalancedZippelSeparated
fire7_nb0_rank2093,Automatic,1,ok,349.332,62,2,1,0,0,2305843009213693967:59;2305843009213693973:3,Symbolica_default,cached_powers_Q,12,10,0.303,BalancedZippelSeparated
fire7_nb0_rank2094,Automatic,1,ok,689.084,78,2,1,0,0,2305843009213693967:75;2305843009213693973:3,Symbolica_default,cached_powers_Q,18,10,0.347,BalancedZippelSeparated
fire7_nb0_rank2095,Automatic,1,ok,427.391,56,2,1,0,0,2305843009213693967:53;2305843009213693973:3,Symbolica_default,cached_powers_Q,12,8,0.320,BalancedZippelSeparated
fire7_nb0_rank2096,Automatic,1,ok,655.833,56,2,1,0,0,2305843009213693967:53;2305843009213693973:3,Symbolica_default,cached_powers_Q,12,15,0.449,BalancedZippelSeparated
fire7_nb0_rank2097,Automatic,1,ok,407.202,66,2,1,0,0,2305843009213693967:63;2305843009213693973:3,Symbolica_default,cached_powers_Q,20,5,0.650,BalancedZippelSeparated
fire7_nb0_rank2098,Automatic,1,ok,344.121,54,2,1,0,0,2305843009213693967:51;2305843009213693973:3,Symbolica_default,cached_powers_Q,16,6,0.455,BalancedZippelSeparated
fire7_nb0_rank2099,Automatic,1,ok,339.341,60,2,1,0,0,2305843009213693967:57;2305843009213693973:3,Symbolica_default,cached_powers_Q,12,15,0.277,BalancedZippelSeparated
fire7_nb0_rank2100,Automatic,1,ok,375.132,72,2,1,0,0,2305843009213693967:69;2305843009213693973:3,Symbolica_default,cached_powers_Q,20,6,0.415,BalancedZippelSeparated
fire7_nb0_rank2101,Automatic,1,ok,325.182,66,2,1,0,0,2305843009213693967:63;2305843009213693973:3,Symbolica_default,cached_powers_Q,15,10,0.271,BalancedZippelSeparated
fire7_nb0_rank2102,Automatic,1,ok,257.741,54,2,1,0,0,2305843009213693967:51;2305843009213693973:3,Symbolica_default,cached_powers_Q,20,3,0.242,BalancedZippelSeparated
fire7_nb0_rank2103,Automatic,1,ok,309.801,57,2,1,0,0,2305843009213693967:54;2305843009213693973:3,Symbolica_default,cached_powers_Q,15,9,0.389,BalancedZippelSeparated
fire7_nb0_rank2104,Automatic,1,ok,607.392,84,2,1,0,0,2305843009213693967:81;2305843009213693973:3,Symbolica_default,cached_powers_Q,18,6,0.243,BalancedZippelSeparated
fire7_nb0_rank2105,Automatic,1,ok,484.733,72,2,1,0,0,2305843009213693967:69;2305843009213693973:3,Symbolica_default,cached_powers_Q,20,6,0.413,BalancedZippelSeparated
fire7_nb0_rank2106,Automatic,1,ok,496.352,70,2,1,0,0,2305843009213693967:67;2305843009213693973:3,Symbolica_default,cached_powers_Q,15,10,0.657,BalancedZippelSeparated
fire7_nb0_rank2107,Automatic,1,ok,345.461,56,2,1,0,0,2305843009213693967:53;2305843009213693973:3,Symbolica_default,cached_powers_Q,15,9,0.311,BalancedZippelSeparated
fire7_nb0_rank2108,Automatic,1,ok,706.804,76,2,1,0,0,2305843009213693967:73;2305843009213693973:3,Symbolica_default,cached_powers_Q,18,10,0.439,BalancedZippelSeparated
fire7_nb0_rank2109,Automatic,1,ok,548.162,76,2,1,0,0,2305843009213693967:73;2305843009213693973:3,Symbolica_default,cached_powers_Q,17,10,0.335,BalancedZippelSeparated
fire7_nb0_rank2110,Automatic,1,ok,555.593,70,2,1,0,0,2305843009213693967:67;2305843009213693973:3,Symbolica_default,cached_powers_Q,12,12,0.286,BalancedZippelSeparated
fire7_nb0_rank2111,Automatic,1,ok,333.752,68,2,1,0,0,2305843009213693967:65;2305843009213693973:3,Symbolica_default,cached_powers_Q,18,9,0.256,BalancedZippelSeparated
fire7_nb0_rank2112,Automatic,1,ok,515.673,55,2,1,0,0,2305843009213693967:52;2305843009213693973:3,Symbolica_default,cached_powers_Q,10,12,0.327,BalancedZippelSeparated
fire7_nb0_rank2113,Automatic,1,ok,385.332,60,2,1,0,0,2305843009213693967:57;2305843009213693973:3,Symbolica_default,cached_powers_Q,12,15,0.375,BalancedZippelSeparated
fire7_nb0_rank2114,Automatic,1,ok,631.353,65,2,1,0,0,2305843009213693967:62;2305843009213693973:3,Symbolica_default,cached_powers_Q,16,10,0.338,BalancedZippelSeparated
fire7_nb0_rank2115,Automatic,1,ok,327.721,66,2,1,0,0,2305843009213693967:63;2305843009213693973:3,Symbolica_default,cached_powers_Q,15,10,0.299,BalancedZippelSeparated
fire7_nb0_rank2116,Automatic,1,ok,321.341,55,2,1,0,0,2305843009213693967:52;2305843009213693973:3,Symbolica_default,cached_powers_Q,10,12,0.451,BalancedZippelSeparated
fire7_nb0_rank2117,Automatic,1,ok,360.872,66,2,1,0,0,2305843009213693967:63;2305843009213693973:3,Symbolica_default,cached_powers_Q,15,10,0.383,BalancedZippelSeparated
fire7_nb0_rank2118,Automatic,1,ok,357.391,66,2,1,0,0,2305843009213693967:63;2305843009213693973:3,Symbolica_default,cached_powers_Q,15,10,0.432,BalancedZippelSeparated
fire7_nb0_rank2119,Automatic,1,ok,477.522,55,2,1,0,0,2305843009213693967:52;2305843009213693973:3,Symbolica_default,cached_powers_Q,10,12,0.325,BalancedZippelSeparated
fire7_nb0_rank2120,Automatic,1,ok,581.474,71,2,1,0,0,2305843009213693967:68;2305843009213693973:3,Symbolica_default,cached_powers_Q,15,12,0.460,BalancedZippelSeparated
fire7_nb0_rank2121,Automatic,1,ok,486.412,69,2,1,0,0,2305843009213693967:66;2305843009213693973:3,Symbolica_default,cached_powers_Q,10,10,0.435,BalancedZippelSeparated
fire7_nb0_rank2122,Automatic,1,ok,567.083,60,2,1,0,0,2305843009213693967:57;2305843009213693973:3,Symbolica_default,cached_powers_Q,12,15,0.308,BalancedZippelSeparated
fire7_nb0_rank2123,Automatic,1,ok,367.782,73,2,1,0,0,2305843009213693967:70;2305843009213693973:3,Symbolica_default,cached_powers_Q,12,14,0.444,BalancedZippelSeparated
fire7_nb0_rank2124,Automatic,1,ok,366.652,62,2,1,0,0,2305843009213693967:59;2305843009213693973:3,Symbolica_default,cached_powers_Q,15,10,0.410,BalancedZippelSeparated
fire7_nb0_rank2125,Automatic,1,ok,526.163,75,2,1,0,0,2305843009213693967:72;2305843009213693973:3,Symbolica_default,cached_powers_Q,12,14,0.281,BalancedZippelSeparated
fire7_nb0_rank2126,Automatic,1,ok,330.072,73,2,1,0,0,2305843009213693967:70;2305843009213693973:3,Symbolica_default,cached_powers_Q,12,14,0.288,BalancedZippelSeparated
fire7_nb0_rank2127,Automatic,1,ok,471.242,66,2,1,0,0,2305843009213693967:63;2305843009213693973:3,Symbolica_default,cached_powers_Q,15,10,0.269,BalancedZippelSeparated
fire7_nb0_rank2128,Automatic,1,ok,524.422,70,2,1,0,0,2305843009213693967:67;2305843009213693973:3,Symbolica_default,cached_powers_Q,15,10,0.311,BalancedZippelSeparated
fire7_nb0_rank2129,Automatic,1,ok,398.172,68,2,1,0,0,2305843009213693967:65;2305843009213693973:3,Symbolica_default,cached_powers_Q,4,21,0.415,BalancedZippelSeparated
fire7_nb0_rank2130,Automatic,1,ok,387.401,67,2,1,0,0,2305843009213693967:64;2305843009213693973:3,Symbolica_default,cached_powers_Q,5,18,0.631,BalancedZippelSeparated
fire7_nb0_rank2131,Automatic,1,ok,500.722,67,2,1,0,0,2305843009213693967:64;2305843009213693973:3,Symbolica_default,cached_powers_Q,5,18,0.314,BalancedZippelSeparated
fire7_nb0_rank2132,Automatic,1,ok,396.932,68,2,1,0,0,2305843009213693967:65;2305843009213693973:3,Symbolica_default,cached_powers_Q,18,6,0.458,BalancedZippelSeparated
fire7_nb0_rank2133,Automatic,1,ok,435.982,66,2,1,0,0,2305843009213693967:63;2305843009213693973:3,Symbolica_default,cached_powers_Q,15,10,0.445,BalancedZippelSeparated
fire7_nb0_rank2134,Automatic,1,ok,600.453,62,2,1,0,0,2305843009213693967:59;2305843009213693973:3,Symbolica_default,cached_powers_Q,4,21,0.401,BalancedZippelSeparated
fire7_nb0_rank2135,Automatic,1,ok,615.303,68,2,1,0,0,2305843009213693967:65;2305843009213693973:3,Symbolica_default,cached_powers_Q,4,21,0.636,BalancedZippelSeparated
fire7_nb0_rank2136,Automatic,1,ok,740.893,70,2,1,0,0,2305843009213693967:67;2305843009213693973:3,Symbolica_default,cached_powers_Q,15,10,0.667,BalancedZippelSeparated
fire7_nb0_rank2137,Automatic,1,ok,569.013,71,2,1,0,0,2305843009213693967:68;2305843009213693973:3,Symbolica_default,cached_powers_Q,18,10,0.339,BalancedZippelSeparated
fire7_nb0_rank2138,Automatic,1,ok,433.692,72,2,1,0,0,2305843009213693967:69;2305843009213693973:3,Symbolica_default,cached_powers_Q,11,14,0.466,BalancedZippelSeparated
fire7_nb0_rank2139,Automatic,1,ok,325.721,56,2,1,0,0,2305843009213693967:53;2305843009213693973:3,Symbolica_default,cached_powers_Q,15,9,0.327,BalancedZippelSeparated
fire7_nb0_rank2140,Automatic,1,ok,322.081,57,2,1,0,0,2305843009213693967:54;2305843009213693973:3,Symbolica_default,cached_powers_Q,15,9,0.271,BalancedZippelSeparated
fire7_nb0_rank2141,Automatic,1,ok,279.661,58,2,1,0,0,2305843009213693967:55;2305843009213693973:3,Symbolica_default,cached_powers_Q,16,5,0.414,BalancedZippelSeparated
fire7_nb0_rank2142,Automatic,1,ok,394.442,68,2,1,0,0,2305843009213693967:65;2305843009213693973:3,Symbolica_default,cached_powers_Q,4,21,0.378,BalancedZippelSeparated
fire7_nb0_rank2143,Automatic,1,ok,679.154,66,2,1,0,0,2305843009213693967:63;2305843009213693973:3,Symbolica_default,cached_powers_Q,18,6,0.623,BalancedZippelSeparated
fire7_nb0_rank2144,Automatic,1,ok,353.242,57,2,1,0,0,2305843009213693967:54;2305843009213693973:3,Symbolica_default,cached_powers_Q,15,9,0.369,BalancedZippelSeparated
fire7_nb0_rank2145,Automatic,1,ok,794.054,78,2,1,0,0,2305843009213693967:75;2305843009213693973:3,Symbolica_default,cached_powers_Q,15,14,0.615,BalancedZippelSeparated
fire7_nb0_rank2146,Automatic,1,ok,299.491,68,2,1,0,0,2305843009213693967:65;2305843009213693973:3,Symbolica_default,cached_powers_Q,4,21,0.463,BalancedZippelSeparated
fire7_nb0_rank2147,Automatic,1,ok,322.092,56,2,1,0,0,2305843009213693967:53;2305843009213693973:3,Symbolica_default,cached_powers_Q,15,9,0.305,BalancedZippelSeparated
fire7_nb0_rank2148,Automatic,1,ok,324.202,65,2,1,0,0,2305843009213693967:62;2305843009213693973:3,Symbolica_default,cached_powers_Q,18,6,0.335,BalancedZippelSeparated
fire7_nb0_rank2149,Automatic,1,ok,357.602,71,2,1,0,0,2305843009213693967:68;2305843009213693973:3,Symbolica_default,cached_powers_Q,18,6,0.495,BalancedZippelSeparated
fire7_nb0_rank2150,Automatic,1,ok,472.853,58,2,1,0,0,2305843009213693967:55;2305843009213693973:3,Symbolica_default,cached_powers_Q,15,9,0.703,BalancedZippelSeparated
fire7_nb0_rank2151,Automatic,1,ok,588.202,114,2,1,0,0,2305843009213693967:111;2305843009213693973:3,Symbolica_default,cached_powers_Q,19,7,0.465,BalancedZippelSeparated
fire7_nb0_rank2152,Automatic,1,ok,685.623,70,2,1,0,0,2305843009213693967:67;2305843009213693973:3,Symbolica_default,cached_powers_Q,18,8,0.448,BalancedZippelSeparated
fire7_nb0_rank2153,Automatic,1,ok,629.123,96,2,1,0,0,2305843009213693967:93;2305843009213693973:3,Symbolica_default,cached_powers_Q,20,4,0.325,BalancedZippelSeparated
fire7_nb0_rank2154,Automatic,1,ok,355.202,61,2,1,0,0,2305843009213693967:58;2305843009213693973:3,Symbolica_default,cached_powers_Q,15,10,0.332,BalancedZippelSeparated
fire7_nb0_rank2155,Automatic,1,ok,687.773,66,2,1,0,0,2305843009213693967:63;2305843009213693973:3,Symbolica_default,cached_powers_Q,18,6,0.694,BalancedZippelSeparated
fire7_nb0_rank2156,Automatic,1,ok,347.082,61,2,1,0,0,2305843009213693967:58;2305843009213693973:3,Symbolica_default,cached_powers_Q,16,6,0.332,BalancedZippelSeparated
fire7_nb0_rank2157,Automatic,1,ok,339.802,59,2,1,0,0,2305843009213693967:56;2305843009213693973:3,Symbolica_default,cached_powers_Q,16,6,0.311,BalancedZippelSeparated
fire7_nb0_rank2158,Automatic,1,ok,669.333,66,2,1,0,0,2305843009213693967:63;2305843009213693973:3,Symbolica_default,cached_powers_Q,18,6,0.391,BalancedZippelSeparated
fire7_nb0_rank2159,Automatic,1,ok,592.463,83,2,1,0,0,2305843009213693967:80;2305843009213693973:3,Symbolica_default,cached_powers_Q,18,6,0.305,BalancedZippelSeparated
fire7_nb0_rank2160,Automatic,1,ok,395.772,65,2,1,0,0,2305843009213693967:62;2305843009213693973:3,Symbolica_default,cached_powers_Q,15,10,0.543,BalancedZippelSeparated
fire7_nb0_rank2161,Automatic,1,ok,683.503,60,2,1,0,0,2305843009213693967:57;2305843009213693973:3,Symbolica_default,cached_powers_Q,11,15,0.298,BalancedZippelSeparated
fire7_nb0_rank2162,Automatic,1,ok,762.304,74,2,1,0,0,2305843009213693967:71;2305843009213693973:3,Symbolica_default,cached_powers_Q,12,14,0.568,BalancedZippelSeparated
fire7_nb0_rank2163,Automatic,1,ok,421.753,59,2,1,0,0,2305843009213693967:56;2305843009213693973:3,Symbolica_default,cached_powers_Q,20,3,0.398,BalancedZippelSeparated
fire7_nb0_rank2164,Automatic,1,ok,732.694,68,2,1,0,0,2305843009213693967:65;2305843009213693973:3,Symbolica_default,cached_powers_Q,12,12,0.403,BalancedZippelSeparated
fire7_nb0_rank2165,Automatic,1,ok,532.982,57,2,1,0,0,2305843009213693967:54;2305843009213693973:3,Symbolica_default,cached_powers_Q,15,9,0.347,BalancedZippelSeparated
fire7_nb0_rank2166,Automatic,1,ok,511.132,65,2,1,0,0,2305843009213693967:62;2305843009213693973:3,Symbolica_default,cached_powers_Q,15,10,0.294,BalancedZippelSeparated
fire7_nb0_rank2167,Automatic,1,ok,378.632,72,2,1,0,0,2305843009213693967:69;2305843009213693973:3,Symbolica_default,cached_powers_Q,12,14,0.272,BalancedZippelSeparated
fire7_nb0_rank2168,Automatic,1,ok,419.262,61,2,1,0,0,2305843009213693967:58;2305843009213693973:3,Symbolica_default,cached_powers_Q,15,10,0.423,BalancedZippelSeparated
fire7_nb0_rank2169,Automatic,1,ok,394.002,59,2,1,0,0,2305843009213693967:56;2305843009213693973:3,Symbolica_default,cached_powers_Q,13,6,0.244,BalancedZippelSeparated
fire7_nb0_rank2170,Automatic,1,ok,352.821,59,2,1,0,0,2305843009213693967:56;2305843009213693973:3,Symbolica_default,cached_powers_Q,13,6,0.359,BalancedZippelSeparated
fire7_nb0_rank2171,Automatic,1,ok,808.104,78,2,1,0,0,2305843009213693967:75;2305843009213693973:3,Symbolica_default,cached_powers_Q,14,14,0.427,BalancedZippelSeparated
fire7_nb0_rank2172,Automatic,1,ok,719.064,68,2,1,0,0,2305843009213693967:65;2305843009213693973:3,Symbolica_default,cached_powers_Q,12,12,0.708,BalancedZippelSeparated
fire7_nb0_rank2173,Automatic,1,ok,717.694,65,2,1,0,0,2305843009213693967:62;2305843009213693973:3,Symbolica_default,cached_powers_Q,15,10,0.651,BalancedZippelSeparated
fire7_nb0_rank2174,Automatic,1,ok,482.202,60,2,1,0,0,2305843009213693967:57;2305843009213693973:3,Symbolica_default,cached_powers_Q,14,5,0.272,BalancedZippelSeparated
fire7_nb0_rank2175,Automatic,1,ok,470.272,66,2,1,0,0,2305843009213693967:63;2305843009213693973:3,Symbolica_default,cached_powers_Q,18,6,0.264,BalancedZippelSeparated
fire7_nb0_rank2176,Automatic,1,ok,408.032,69,2,1,0,0,2305843009213693967:66;2305843009213693973:3,Symbolica_default,cached_powers_Q,18,10,0.294,BalancedZippelSeparated
fire7_nb0_rank2177,Automatic,1,ok,325.042,60,2,1,0,0,2305843009213693967:57;2305843009213693973:3,Symbolica_default,cached_powers_Q,14,5,0.436,BalancedZippelSeparated
fire7_nb0_rank2178,Automatic,1,ok,258.971,56,2,1,0,0,2305843009213693967:53;2305843009213693973:3,Symbolica_default,cached_powers_Q,12,6,0.248,BalancedZippelSeparated
fire7_nb0_rank2179,Automatic,1,ok,294.891,79,2,1,0,0,2305843009213693967:76;2305843009213693973:3,Symbolica_default,cached_powers_Q,5,18,0.243,BalancedZippelSeparated
fire7_nb0_rank2180,Automatic,1,ok,790.104,68,2,1,0,0,2305843009213693967:65;2305843009213693973:3,Symbolica_default,cached_powers_Q,12,12,0.454,BalancedZippelSeparated
fire7_nb0_rank2181,Automatic,1,ok,419.482,57,2,1,0,0,2305843009213693967:54;2305843009213693973:3,Symbolica_default,cached_powers_Q,15,9,0.464,BalancedZippelSeparated
fire7_nb0_rank2182,Automatic,1,ok,610.103,65,2,1,0,0,2305843009213693967:62;2305843009213693973:3,Symbolica_default,cached_powers_Q,15,10,0.349,BalancedZippelSeparated
fire7_nb0_rank2183,Automatic,1,ok,407.102,73,2,1,0,0,2305843009213693967:70;2305843009213693973:3,Symbolica_default,cached_powers_Q,12,14,0.522,BalancedZippelSeparated
fire7_nb0_rank2184,Automatic,1,ok,382.542,66,2,1,0,0,2305843009213693967:63;2305843009213693973:3,Symbolica_default,cached_powers_Q,11,10,0.547,BalancedZippelSeparated
fire7_nb0_rank2185,Automatic,1,ok,361.672,58,2,1,0,0,2305843009213693967:55;2305843009213693973:3,Symbolica_default,cached_powers_Q,12,10,0.377,BalancedZippelSeparated
fire7_nb0_rank2186,Automatic,1,ok,702.643,61,2,1,0,0,2305843009213693967:58;2305843009213693973:3,Symbolica_default,cached_powers_Q,15,10,0.689,BalancedZippelSeparated
fire7_nb0_rank2187,Automatic,1,ok,682.223,65,2,1,0,0,2305843009213693967:62;2305843009213693973:3,Symbolica_default,cached_powers_Q,15,10,0.325,BalancedZippelSeparated
fire7_nb0_rank2188,Automatic,1,ok,491.743,62,2,1,0,0,2305843009213693967:59;2305843009213693973:3,Symbolica_default,cached_powers_Q,18,4,0.662,BalancedZippelSeparated
fire7_nb0_rank2189,Automatic,1,ok,357.962,55,2,1,0,0,2305843009213693967:52;2305843009213693973:3,Symbolica_default,cached_powers_Q,15,6,0.285,BalancedZippelSeparated
fire7_nb0_rank2190,Automatic,1,ok,435.922,55,2,1,0,0,2305843009213693967:52;2305843009213693973:3,Symbolica_default,cached_powers_Q,15,6,0.637,BalancedZippelSeparated
fire7_nb0_rank2191,Automatic,1,ok,382.321,61,2,1,0,0,2305843009213693967:58;2305843009213693973:3,Symbolica_default,cached_powers_Q,15,10,0.517,BalancedZippelSeparated
fire7_nb0_rank2192,Automatic,1,ok,442.662,70,2,1,0,0,2305843009213693967:67;2305843009213693973:3,Symbolica_default,cached_powers_Q,17,9,0.434,BalancedZippelSeparated
fire7_nb0_rank2193,Automatic,1,ok,336.291,63,2,1,0,0,2305843009213693967:60;2305843009213693973:3,Symbolica_default,cached_powers_Q,19,6,0.274,BalancedZippelSeparated
fire7_nb0_rank2194,Automatic,1,ok,691.723,60,2,1,0,0,2305843009213693967:57;2305843009213693973:3,Symbolica_default,cached_powers_Q,12,10,0.678,BalancedZippelSeparated
fire7_nb0_rank2195,Automatic,1,ok,555.863,55,2,1,0,0,2305843009213693967:52;2305843009213693973:3,Symbolica_default,cached_powers_Q,15,6,0.289,BalancedZippelSeparated
fire7_nb0_rank2196,Automatic,1,ok,443.232,55,2,1,0,0,2305843009213693967:52;2305843009213693973:3,Symbolica_default,cached_powers_Q,15,6,0.367,BalancedZippelSeparated
fire7_nb0_rank2197,Automatic,1,ok,334.262,54,2,1,0,0,2305843009213693967:51;2305843009213693973:3,Symbolica_default,cached_powers_Q,10,12,0.301,BalancedZippelSeparated
fire7_nb0_rank2198,Automatic,1,ok,698.594,55,2,1,0,0,2305843009213693967:52;2305843009213693973:3,Symbolica_default,cached_powers_Q,15,6,0.393,BalancedZippelSeparated
fire7_nb0_rank2199,Automatic,1,ok,488.712,55,2,1,0,0,2305843009213693967:52;2305843009213693973:3,Symbolica_default,cached_powers_Q,15,6,0.295,BalancedZippelSeparated
fire7_nb0_rank2200,Automatic,1,ok,527.173,52,2,1,0,0,2305843009213693967:49;2305843009213693973:3,Symbolica_default,cached_powers_Q,10,10,0.300,BalancedZippelSeparated
fire7_nb0_rank2201,Automatic,1,ok,512.373,52,2,1,0,0,2305843009213693967:49;2305843009213693973:3,Symbolica_default,cached_powers_Q,10,10,0.314,BalancedZippelSeparated
fire7_nb0_rank2202,Automatic,1,ok,308.311,55,2,1,0,0,2305843009213693967:52;2305843009213693973:3,Symbolica_default,cached_powers_Q,19,6,0.262,BalancedZippelSeparated
fire7_nb0_rank2203,Automatic,1,ok,365.922,51,2,1,0,0,2305843009213693967:48;2305843009213693973:3,Symbolica_default,cached_powers_Q,15,8,0.237,BalancedZippelSeparated
fire7_nb0_rank2204,Automatic,1,ok,443.572,61,2,1,0,0,2305843009213693967:58;2305843009213693973:3,Symbolica_default,cached_powers_Q,15,10,0.269,BalancedZippelSeparated
fire7_nb0_rank2205,Automatic,1,ok,289.411,56,2,1,0,0,2305843009213693967:53;2305843009213693973:3,Symbolica_default,cached_powers_Q,14,9,0.266,BalancedZippelSeparated
fire7_nb0_rank2206,Automatic,1,ok,502.133,58,2,1,0,0,2305843009213693967:55;2305843009213693973:3,Symbolica_default,cached_powers_Q,14,9,0.468,BalancedZippelSeparated
fire7_nb0_rank2207,Automatic,1,ok,627.803,54,2,1,0,0,2305843009213693967:51;2305843009213693973:3,Symbolica_default,cached_powers_Q,10,12,0.413,BalancedZippelSeparated
fire7_nb0_rank2208,Automatic,1,ok,421.312,54,2,1,0,0,2305843009213693967:51;2305843009213693973:3,Symbolica_default,cached_powers_Q,10,12,0.629,BalancedZippelSeparated
fire7_nb0_rank2209,Automatic,1,ok,594.713,61,2,1,0,0,2305843009213693967:58;2305843009213693973:3,Symbolica_default,cached_powers_Q,5,15,0.382,BalancedZippelSeparated
fire7_nb0_rank2210,Automatic,1,ok,523.003,56,2,1,0,0,2305843009213693967:53;2305843009213693973:3,Symbolica_default,cached_powers_Q,14,9,0.331,BalancedZippelSeparated
fire7_nb0_rank2211,Automatic,1,ok,304.581,56,2,1,0,0,2305843009213693967:53;2305843009213693973:3,Symbolica_default,cached_powers_Q,14,9,0.298,BalancedZippelSeparated
fire7_nb0_rank2212,Automatic,1,ok,315.972,57,2,1,0,0,2305843009213693967:54;2305843009213693973:3,Symbolica_default,cached_powers_Q,8,15,0.374,BalancedZippelSeparated
fire7_nb0_rank2213,Automatic,1,ok,398.532,61,2,1,0,0,2305843009213693967:58;2305843009213693973:3,Symbolica_default,cached_powers_Q,5,15,0.211,BalancedZippelSeparated
fire7_nb0_rank2214,Automatic,1,ok,314.202,58,2,1,0,0,2305843009213693967:55;2305843009213693973:3,Symbolica_default,cached_powers_Q,16,6,0.254,BalancedZippelSeparated
fire7_nb0_rank2215,Automatic,1,ok,277.121,60,2,1,0,0,2305843009213693967:57;2305843009213693973:3,Symbolica_default,cached_powers_Q,8,15,0.257,BalancedZippelSeparated
fire7_nb0_rank2216,Automatic,1,ok,396.791,58,2,1,0,0,2305843009213693967:55;2305843009213693973:3,Symbolica_default,cached_powers_Q,8,15,0.413,BalancedZippelSeparated
fire7_nb0_rank2217,Automatic,1,ok,637.992,53,2,1,0,0,2305843009213693967:50;2305843009213693973:3,Symbolica_default,cached_powers_Q,10,12,0.644,BalancedZippelSeparated
fire7_nb0_rank2218,Automatic,1,ok,418.752,53,2,1,0,0,2305843009213693967:50;2305843009213693973:3,Symbolica_default,cached_powers_Q,10,12,0.425,BalancedZippelSeparated
fire7_nb0_rank2219,Automatic,1,ok,346.622,56,2,1,0,0,2305843009213693967:53;2305843009213693973:3,Symbolica_default,cached_powers_Q,16,6,0.449,BalancedZippelSeparated
fire7_nb0_rank2220,Automatic,1,ok,352.412,56,2,1,0,0,2305843009213693967:53;2305843009213693973:3,Symbolica_default,cached_powers_Q,16,6,0.473,BalancedZippelSeparated
fire7_nb0_rank2221,Automatic,1,ok,450.922,56,2,1,0,0,2305843009213693967:53;2305843009213693973:3,Symbolica_default,cached_powers_Q,11,8,0.660,BalancedZippelSeparated
fire7_nb0_rank2222,Automatic,1,ok,319.642,53,2,1,0,0,2305843009213693967:50;2305843009213693973:3,Symbolica_default,cached_powers_Q,10,12,0.524,BalancedZippelSeparated
fire7_nb0_rank2223,Automatic,1,ok,446.302,78,2,1,0,0,2305843009213693967:75;2305843009213693973:3,Symbolica_default,cached_powers_Q,18,6,0.593,BalancedZippelSeparated
fire7_nb0_rank2224,Automatic,1,ok,334.462,53,2,1,0,0,2305843009213693967:50;2305843009213693973:3,Symbolica_default,cached_powers_Q,15,6,0.286,BalancedZippelSeparated
fire7_nb0_rank2225,Automatic,1,ok,327.651,53,2,1,0,0,2305843009213693967:50;2305843009213693973:3,Symbolica_default,cached_powers_Q,10,12,0.315,BalancedZippelSeparated
fire7_nb0_rank2226,Automatic,1,ok,443.742,53,2,1,0,0,2305843009213693967:50;2305843009213693973:3,Symbolica_default,cached_powers_Q,10,12,0.431,BalancedZippelSeparated
fire7_nb0_rank2227,Automatic,1,ok,327.781,55,2,1,0,0,2305843009213693967:52;2305843009213693973:3,Symbolica_default,cached_powers_Q,15,6,0.472,BalancedZippelSeparated
fire7_nb0_rank2228,Automatic,1,ok,321.021,57,2,1,0,0,2305843009213693967:54;2305843009213693973:3,Symbolica_default,cached_powers_Q,8,15,0.281,BalancedZippelSeparated
fire7_nb0_rank2229,Automatic,1,ok,294.241,53,2,1,0,0,2305843009213693967:50;2305843009213693973:3,Symbolica_default,cached_powers_Q,10,12,0.452,BalancedZippelSeparated
fire7_nb0_rank2230,Automatic,1,ok,391.951,55,2,1,0,0,2305843009213693967:52;2305843009213693973:3,Symbolica_default,cached_powers_Q,15,6,0.244,BalancedZippelSeparated
fire7_nb0_rank2231,Automatic,1,ok,428.502,53,2,1,0,0,2305843009213693967:50;2305843009213693973:3,Symbolica_default,cached_powers_Q,15,6,0.580,BalancedZippelSeparated
fire7_nb0_rank2232,Automatic,1,ok,425.142,53,2,1,0,0,2305843009213693967:50;2305843009213693973:3,Symbolica_default,cached_powers_Q,10,12,0.591,BalancedZippelSeparated
fire7_nb0_rank2233,Automatic,1,ok,538.963,77,2,1,0,0,2305843009213693967:74;2305843009213693973:3,Symbolica_default,cached_powers_Q,11,14,0.369,BalancedZippelSeparated
fire7_nb0_rank2234,Automatic,1,ok,755.374,71,2,1,0,0,2305843009213693967:68;2305843009213693973:3,Symbolica_default,cached_powers_Q,11,14,0.404,BalancedZippelSeparated
fire7_nb0_rank2235,Automatic,1,ok,477.642,68,2,1,0,0,2305843009213693967:65;2305843009213693973:3,Symbolica_default,cached_powers_Q,16,6,0.597,BalancedZippelSeparated
fire7_nb0_rank2236,Automatic,1,ok,514.573,74,2,1,0,0,2305843009213693967:71;2305843009213693973:3,Symbolica_default,cached_powers_Q,17,10,0.469,BalancedZippelSeparated
fire7_nb0_rank2237,Automatic,1,ok,242.781,58,2,1,0,0,2305843009213693967:55;2305843009213693973:3,Symbolica_default,cached_powers_Q,15,2,0.254,BalancedZippelSeparated
fire7_nb0_rank2238,Automatic,1,ok,536.923,74,2,1,0,0,2305843009213693967:71;2305843009213693973:3,Symbolica_default,cached_powers_Q,12,14,0.288,BalancedZippelSeparated
fire7_nb0_rank2239,Automatic,1,ok,319.691,71,2,1,0,0,2305843009213693967:68;2305843009213693973:3,Symbolica_default,cached_powers_Q,12,14,0.403,BalancedZippelSeparated
fire7_nb0_rank2240,Automatic,1,ok,439.231,67,2,1,0,0,2305843009213693967:64;2305843009213693973:3,Symbolica_default,cached_powers_Q,17,6,0.262,BalancedZippelSeparated
fire7_nb0_rank2241,Automatic,1,ok,638.453,85,2,1,0,0,2305843009213693967:82;2305843009213693973:3,Symbolica_default,cached_powers_Q,18,3,0.343,BalancedZippelSeparated
fire7_nb0_rank2242,Automatic,1,ok,422.322,60,2,1,0,0,2305843009213693967:57;2305843009213693973:3,Symbolica_default,cached_powers_Q,14,4,0.389,BalancedZippelSeparated
fire7_nb0_rank2243,Automatic,1,ok,430.872,54,2,1,0,0,2305843009213693967:51;2305843009213693973:3,Symbolica_default,cached_powers_Q,16,6,0.555,BalancedZippelSeparated
fire7_nb0_rank2244,Automatic,1,ok,614.563,56,2,1,0,0,2305843009213693967:53;2305843009213693973:3,Symbolica_default,cached_powers_Q,16,4,0.586,BalancedZippelSeparated
fire7_nb0_rank2245,Automatic,1,ok,560.852,68,2,1,0,0,2305843009213693967:65;2305843009213693973:3,Symbolica_default,cached_powers_Q,15,10,0.421,BalancedZippelSeparated
fire7_nb0_rank2246,Automatic,1,ok,541.103,64,2,1,0,0,2305843009213693967:61;2305843009213693973:3,Symbolica_default,cached_powers_Q,15,10,0.266,BalancedZippelSeparated
fire7_nb0_rank2247,Automatic,1,ok,458.862,57,2,1,0,0,2305843009213693967:54;2305843009213693973:3,Symbolica_default,cached_powers_Q,10,9,0.267,BalancedZippelSeparated
fire7_nb0_rank2248,Automatic,1,ok,299.351,54,2,1,0,0,2305843009213693967:51;2305843009213693973:3,Symbolica_default,cached_powers_Q,16,4,0.444,BalancedZippelSeparated
fire7_nb0_rank2249,Automatic,1,ok,698.804,56,2,1,0,0,2305843009213693967:53;2305843009213693973:3,Symbolica_default,cached_powers_Q,16,4,0.398,BalancedZippelSeparated
fire7_nb0_rank2250,Automatic,1,ok,384.912,66,2,1,0,0,2305843009213693967:63;2305843009213693973:3,Symbolica_default,cached_powers_Q,15,10,0.535,BalancedZippelSeparated
fire7_nb0_rank2251,Automatic,1,ok,693.024,54,2,1,0,0,2305843009213693967:51;2305843009213693973:3,Symbolica_default,cached_powers_Q,16,4,0.401,BalancedZippelSeparated
fire7_nb0_rank2252,Automatic,1,ok,349.932,75,2,1,0,0,2305843009213693967:72;2305843009213693973:3,Symbolica_default,cached_powers_Q,16,6,0.296,BalancedZippelSeparated
fire7_nb0_rank2253,Automatic,1,ok,263.201,57,2,1,0,0,2305843009213693967:54;2305843009213693973:3,Symbolica_default,cached_powers_Q,4,15,0.280,BalancedZippelSeparated
fire7_nb0_rank2254,Automatic,1,ok,615.412,70,2,1,0,0,2305843009213693967:67;2305843009213693973:3,Symbolica_default,cached_powers_Q,12,12,0.327,BalancedZippelSeparated
fire7_nb0_rank2255,Automatic,1,ok,426.822,60,2,1,0,0,2305843009213693967:57;2305843009213693973:3,Symbolica_default,cached_powers_Q,12,10,0.655,BalancedZippelSeparated
fire7_nb0_rank2256,Automatic,1,ok,358.072,58,2,1,0,0,2305843009213693967:55;2305843009213693973:3,Symbolica_default,cached_powers_Q,12,10,0.473,BalancedZippelSeparated
fire7_nb0_rank2257,Automatic,1,ok,421.122,58,2,1,0,0,2305843009213693967:55;2305843009213693973:3,Symbolica_default,cached_powers_Q,10,6,0.286,BalancedZippelSeparated
fire7_nb0_rank2258,Automatic,1,ok,441.142,88,2,1,0,0,2305843009213693967:85;2305843009213693973:3,Symbolica_default,cached_powers_Q,20,4,0.246,BalancedZippelSeparated
fire7_nb0_rank2259,Automatic,1,ok,309.462,66,2,1,0,0,2305843009213693967:63;2305843009213693973:3,Symbolica_default,cached_powers_Q,15,10,0.274,BalancedZippelSeparated
fire7_nb0_rank2260,Automatic,1,ok,684.843,59,2,1,0,0,2305843009213693967:56;2305843009213693973:3,Symbolica_default,cached_powers_Q,12,10,0.604,BalancedZippelSeparated
fire7_nb0_rank2261,Automatic,1,ok,503.502,59,2,1,0,0,2305843009213693967:56;2305843009213693973:3,Symbolica_default,cached_powers_Q,15,10,0.472,BalancedZippelSeparated
fire7_nb0_rank2262,Automatic,1,ok,593.962,52,2,1,0,0,2305843009213693967:49;2305843009213693973:3,Symbolica_default,cached_powers_Q,15,4,0.384,BalancedZippelSeparated
fire7_nb0_rank2263,Automatic,1,ok,468.262,58,2,1,0,0,2305843009213693967:55;2305843009213693973:3,Symbolica_default,cached_powers_Q,15,6,0.592,BalancedZippelSeparated
fire7_nb0_rank2264,Automatic,1,ok,546.973,59,2,1,0,0,2305843009213693967:56;2305843009213693973:3,Symbolica_default,cached_powers_Q,12,10,0.569,BalancedZippelSeparated
fire7_nb0_rank2265,Automatic,1,ok,282.961,70,2,1,0,0,2305843009213693967:67;2305843009213693973:3,Symbolica_default,cached_powers_Q,18,6,0.257,BalancedZippelSeparated
fire7_nb0_rank2266,Automatic,1,ok,460.562,54,2,1,0,0,2305843009213693967:51;2305843009213693973:3,Symbolica_default,cached_powers_Q,10,9,0.242,BalancedZippelSeparated
fire7_nb0_rank2267,Automatic,1,ok,352.241,67,2,1,0,0,2305843009213693967:64;2305843009213693973:3,Symbolica_default,cached_powers_Q,12,12,0.276,BalancedZippelSeparated
fire7_nb0_rank2268,Automatic,1,ok,233.741,49,2,1,0,0,2305843009213693967:46;2305843009213693973:3,Symbolica_default,cached_powers_Q,12,6,0.381,BalancedZippelSeparated
fire7_nb0_rank2269,Automatic,1,ok,492.712,66,2,1,0,0,2305843009213693967:63;2305843009213693973:3,Symbolica_default,cached_powers_Q,18,6,0.567,BalancedZippelSeparated
fire7_nb0_rank2270,Automatic,1,ok,504.223,67,2,1,0,0,2305843009213693967:64;2305843009213693973:3,Symbolica_default,cached_powers_Q,15,10,0.590,BalancedZippelSeparated
fire7_nb0_rank2271,Automatic,1,ok,628.013,66,2,1,0,0,2305843009213693967:63;2305843009213693973:3,Symbolica_default,cached_powers_Q,18,4,0.382,BalancedZippelSeparated
fire7_nb0_rank2272,Automatic,1,ok,658.594,75,2,1,0,0,2305843009213693967:72;2305843009213693973:3,Symbolica_default,cached_powers_Q,16,6,0.401,BalancedZippelSeparated
fire7_nb0_rank2273,Automatic,1,ok,308.962,65,2,1,0,0,2305843009213693967:62;2305843009213693973:3,Symbolica_default,cached_powers_Q,18,6,0.294,BalancedZippelSeparated
fire7_nb0_rank2274,Automatic,1,ok,268.971,54,2,1,0,0,2305843009213693967:51;2305843009213693973:3,Symbolica_default,cached_powers_Q,15,6,0.245,BalancedZippelSeparated
fire7_nb0_rank2275,Automatic,1,ok,239.361,61,2,1,0,0,2305843009213693967:58;2305843009213693973:3,Symbolica_default,cached_powers_Q,4,18,0.226,BalancedZippelSeparated
fire7_nb0_rank2276,Automatic,1,ok,422.752,59,2,1,0,0,2305843009213693967:56;2305843009213693973:3,Symbolica_default,cached_powers_Q,19,2,0.242,BalancedZippelSeparated
fire7_nb0_rank2277,Automatic,1,ok,353.181,75,2,1,0,0,2305843009213693967:72;2305843009213693973:3,Symbolica_default,cached_powers_Q,15,6,0.239,BalancedZippelSeparated
fire7_nb0_rank2278,Automatic,1,ok,346.451,69,2,1,0,0,2305843009213693967:66;2305843009213693973:3,Symbolica_default,cached_powers_Q,9,14,0.289,BalancedZippelSeparated
fire7_nb0_rank2279,Automatic,1,ok,596.212,57,2,1,0,0,2305843009213693967:54;2305843009213693973:3,Symbolica_default,cached_powers_Q,12,10,0.325,BalancedZippelSeparated
fire7_nb0_rank2280,Automatic,1,ok,426.712,60,2,1,0,0,2305843009213693967:57;2305843009213693973:3,Symbolica_default,cached_powers_Q,18,2,0.270,BalancedZippelSeparated
fire7_nb0_rank2281,Automatic,1,ok,403.652,66,2,1,0,0,2305843009213693967:63;2305843009213693973:3,Symbolica_default,cached_powers_Q,18,2,0.636,BalancedZippelSeparated
fire7_nb0_rank2282,Automatic,1,ok,371.102,59,2,1,0,0,2305843009213693967:56;2305843009213693973:3,Symbolica_default,cached_powers_Q,12,10,0.477,BalancedZippelSeparated
fire7_nb0_rank2283,Automatic,1,ok,430.812,55,2,1,0,0,2305843009213693967:52;2305843009213693973:3,Symbolica_default,cached_powers_Q,15,6,0.633,BalancedZippelSeparated
fire7_nb0_rank2284,Automatic,1,ok,521.823,54,2,1,0,0,2305843009213693967:51;2305843009213693973:3,Symbolica_default,cached_powers_Q,15,9,0.311,BalancedZippelSeparated
fire7_nb0_rank2285,Automatic,1,ok,385.462,66,2,1,0,0,2305843009213693967:63;2305843009213693973:3,Symbolica_default,cached_powers_Q,18,6,0.375,BalancedZippelSeparated
fire7_nb0_rank2286,Automatic,1,ok,309.771,53,2,1,0,0,2305843009213693967:50;2305843009213693973:3,Symbolica_default,cached_powers_Q,9,12,0.468,BalancedZippelSeparated
fire7_nb0_rank2287,Automatic,1,ok,602.873,53,2,1,0,0,2305843009213693967:50;2305843009213693973:3,Symbolica_default,cached_powers_Q,9,12,0.421,BalancedZippelSeparated
fire7_nb0_rank2288,Automatic,1,ok,609.243,53,2,1,0,0,2305843009213693967:50;2305843009213693973:3,Symbolica_default,cached_powers_Q,9,12,0.414,BalancedZippelSeparated
fire7_nb0_rank2289,Automatic,1,ok,459.673,52,2,1,0,0,2305843009213693967:49;2305843009213693973:3,Symbolica_default,cached_powers_Q,10,6,0.268,BalancedZippelSeparated
fire7_nb0_rank2290,Automatic,1,ok,479.112,61,2,1,0,0,2305843009213693967:58;2305843009213693973:3,Symbolica_default,cached_powers_Q,12,10,0.635,BalancedZippelSeparated
fire7_nb0_rank2291,Automatic,1,ok,320.972,57,2,1,0,0,2305843009213693967:54;2305843009213693973:3,Symbolica_default,cached_powers_Q,12,10,0.279,BalancedZippelSeparated
fire7_nb0_rank2292,Automatic,1,ok,479.472,59,2,1,0,0,2305843009213693967:56;2305843009213693973:3,Symbolica_default,cached_powers_Q,12,10,0.258,BalancedZippelSeparated
fire7_nb0_rank2293,Automatic,1,ok,263.161,59,2,1,0,0,2305843009213693967:56;2305843009213693973:3,Symbolica_default,cached_powers_Q,19,2,0.223,BalancedZippelSeparated
fire7_nb0_rank2294,Automatic,1,ok,290.442,91,2,1,0,0,2305843009213693967:88;2305843009213693973:3,Symbolica_default,cached_powers_Q,20,3,0.230,BalancedZippelSeparated
fire7_nb0_rank2295,Automatic,1,ok,267.572,57,2,1,0,0,2305843009213693967:54;2305843009213693973:3,Symbolica_default,cached_powers_Q,9,10,0.261,BalancedZippelSeparated
fire7_nb0_rank2296,Automatic,1,ok,271.031,50,2,1,0,0,2305843009213693967:47;2305843009213693973:3,Symbolica_default,cached_powers_Q,10,8,0.274,BalancedZippelSeparated
fire7_nb0_rank2297,Automatic,1,ok,400.192,50,2,1,0,0,2305843009213693967:47;2305843009213693973:3,Symbolica_default,cached_powers_Q,10,8,0.618,BalancedZippelSeparated
fire7_nb0_rank2298,Automatic,1,ok,589.433,62,2,1,0,0,2305843009213693967:59;2305843009213693973:3,Symbolica_default,cached_powers_Q,10,6,0.389,BalancedZippelSeparated
fire7_nb0_rank2299,Automatic,1,ok,557.772,52,2,1,0,0,2305843009213693967:49;2305843009213693973:3,Symbolica_default,cached_powers_Q,10,6,0.369,BalancedZippelSeparated
fire7_nb0_rank2300,Automatic,1,ok,561.092,52,2,1,0,0,2305843009213693967:49;2305843009213693973:3,Symbolica_default,cached_powers_Q,10,6,0.364,BalancedZippelSeparated
fire7_nb0_rank2301,Automatic,1,ok,560.133,74,2,1,0,0,2305843009213693967:71;2305843009213693973:3,Symbolica_default,cached_powers_Q,11,14,0.331,BalancedZippelSeparated
fire7_nb0_rank2302,Automatic,1,ok,344.252,72,2,1,0,0,2305843009213693967:69;2305843009213693973:3,Symbolica_default,cached_powers_Q,18,5,0.228,BalancedZippelSeparated
fire7_nb0_rank2303,Automatic,1,ok,355.882,59,2,1,0,0,2305843009213693967:56;2305843009213693973:3,Symbolica_default,cached_powers_Q,14,6,0.389,BalancedZippelSeparated
fire7_nb0_rank2304,Automatic,1,ok,595.653,60,2,1,0,0,2305843009213693967:57;2305843009213693973:3,Symbolica_default,cached_powers_Q,13,4,0.370,BalancedZippelSeparated
fire7_nb0_rank2305,Automatic,1,ok,380.522,56,2,1,0,0,2305843009213693967:53;2305843009213693973:3,Symbolica_default,cached_powers_Q,16,4,0.464,BalancedZippelSeparated
fire7_nb0_rank2306,Automatic,1,ok,449.002,62,2,1,0,0,2305843009213693967:59;2305843009213693973:3,Symbolica_default,cached_powers_Q,12,10,0.400,BalancedZippelSeparated
fire7_nb0_rank2307,Automatic,1,ok,361.271,55,2,1,0,0,2305843009213693967:52;2305843009213693973:3,Symbolica_default,cached_powers_Q,10,9,0.360,BalancedZippelSeparated
fire7_nb0_rank2308,Automatic,1,ok,498.512,55,2,1,0,0,2305843009213693967:52;2305843009213693973:3,Symbolica_default,cached_powers_Q,10,9,0.280,BalancedZippelSeparated
fire7_nb0_rank2309,Automatic,1,ok,281.221,62,2,1,0,0,2305843009213693967:59;2305843009213693973:3,Symbolica_default,cached_powers_Q,12,10,0.345,BalancedZippelSeparated
fire7_nb0_rank2310,Automatic,1,ok,275.991,55,2,1,0,0,2305843009213693967:52;2305843009213693973:3,Symbolica_default,cached_powers_Q,10,9,0.260,BalancedZippelSeparated
fire7_nb0_rank2311,Automatic,1,ok,452.802,64,2,1,0,0,2305843009213693967:61;2305843009213693973:3,Symbolica_default,cached_powers_Q,12,12,0.254,BalancedZippelSeparated
fire7_nb0_rank2312,Automatic,1,ok,341.092,63,2,1,0,0,2305843009213693967:60;2305843009213693973:3,Symbolica_default,cached_powers_Q,14,10,0.417,BalancedZippelSeparated
fire7_nb0_rank2313,Automatic,1,ok,481.132,63,2,1,0,0,2305843009213693967:60;2305843009213693973:3,Symbolica_default,cached_powers_Q,14,10,0.263,BalancedZippelSeparated
fire7_nb0_rank2314,Automatic,1,ok,468.822,55,2,1,0,0,2305843009213693967:52;2305843009213693973:3,Symbolica_default,cached_powers_Q,10,9,0.321,BalancedZippelSeparated
fire7_nb0_rank2315,Automatic,1,ok,610.533,54,2,1,0,0,2305843009213693967:51;2305843009213693973:3,Symbolica_default,cached_powers_Q,12,5,0.394,BalancedZippelSeparated
fire7_nb0_rank2316,Automatic,1,ok,724.294,66,2,1,0,0,2305843009213693967:63;2305843009213693973:3,Symbolica_default,cached_powers_Q,12,12,0.597,BalancedZippelSeparated
fire7_nb0_rank2317,Automatic,1,ok,660.363,67,2,1,0,0,2305843009213693967:64;2305843009213693973:3,Symbolica_default,cached_powers_Q,9,14,0.384,BalancedZippelSeparated
fire7_nb0_rank2318,Automatic,1,ok,299.592,51,2,1,0,0,2305843009213693967:48;2305843009213693973:3,Symbolica_default,cached_powers_Q,12,6,0.247,BalancedZippelSeparated
fire7_nb0_rank2319,Automatic,1,ok,282.451,54,2,1,0,0,2305843009213693967:51;2305843009213693973:3,Symbolica_default,cached_powers_Q,12,5,0.237,BalancedZippelSeparated
fire7_nb0_rank2320,Automatic,1,ok,522.153,62,2,1,0,0,2305843009213693967:59;2305843009213693973:3,Symbolica_default,cached_powers_Q,9,12,0.238,BalancedZippelSeparated
fire7_nb0_rank2321,Automatic,1,ok,255.711,56,2,1,0,0,2305843009213693967:53;2305843009213693973:3,Symbolica_default,cached_powers_Q,9,10,0.253,BalancedZippelSeparated
fire7_nb0_rank2322,Automatic,1,ok,464.292,53,2,1,0,0,2305843009213693967:50;2305843009213693973:3,Symbolica_default,cached_powers_Q,6,15,0.248,BalancedZippelSeparated
fire7_nb0_rank2323,Automatic,1,ok,312.451,75,2,1,0,0,2305843009213693967:72;2305843009213693973:3,Symbolica_default,cached_powers_Q,18,4,0.278,BalancedZippelSeparated
fire7_nb0_rank2324,Automatic,1,ok,436.192,51,2,1,0,0,2305843009213693967:48;2305843009213693973:3,Symbolica_default,cached_powers_Q,12,9,0.363,BalancedZippelSeparated
fire7_nb0_rank2325,Automatic,1,ok,367.802,48,2,1,0,0,2305843009213693967:45;2305843009213693973:3,Symbolica_default,cached_powers_Q,16,2,0.367,BalancedZippelSeparated
fire7_nb0_rank2326,Automatic,1,ok,294.772,68,2,1,0,0,2305843009213693967:65;2305843009213693973:3,Symbolica_default,cached_powers_Q,18,4,0.283,BalancedZippelSeparated
fire7_nb0_rank2327,Automatic,1,ok,471.352,52,2,1,0,0,2305843009213693967:49;2305843009213693973:3,Symbolica_default,cached_powers_Q,12,9,0.271,BalancedZippelSeparated
fire7_nb0_rank2328,Automatic,1,ok,323.161,66,2,1,0,0,2305843009213693967:63;2305843009213693973:3,Symbolica_default,cached_powers_Q,18,6,0.249,BalancedZippelSeparated
fire7_nb0_rank2329,Automatic,1,ok,315.631,54,2,1,0,0,2305843009213693967:51;2305843009213693973:3,Symbolica_default,cached_powers_Q,6,15,0.283,BalancedZippelSeparated
fire7_nb0_rank2330,Automatic,1,ok,378.412,73,2,1,0,0,2305843009213693967:70;2305843009213693973:3,Symbolica_default,cached_powers_Q,15,6,0.273,BalancedZippelSeparated
fire7_nb0_rank2331,Automatic,1,ok,535.742,52,2,1,0,0,2305843009213693967:49;2305843009213693973:3,Symbolica_default,cached_powers_Q,6,15,0.294,BalancedZippelSeparated
fire7_nb0_rank2332,Automatic,1,ok,377.782,50,2,1,0,0,2305843009213693967:47;2305843009213693973:3,Symbolica_default,cached_powers_Q,16,2,0.275,BalancedZippelSeparated
fire7_nb0_rank2333,Automatic,1,ok,360.371,66,2,1,0,0,2305843009213693967:63;2305843009213693973:3,Symbolica_default,cached_powers_Q,18,6,0.285,BalancedZippelSeparated
fire7_nb0_rank2334,Automatic,1,ok,360.842,66,2,1,0,0,2305843009213693967:63;2305843009213693973:3,Symbolica_default,cached_powers_Q,12,12,0.424,BalancedZippelSeparated
fire7_nb0_rank2335,Automatic,1,ok,500.963,73,2,1,0,0,2305843009213693967:70;2305843009213693973:3,Symbolica_default,cached_powers_Q,15,6,0.272,BalancedZippelSeparated
fire7_nb0_rank2336,Automatic,1,ok,579.713,55,2,1,0,0,2305843009213693967:52;2305843009213693973:3,Symbolica_default,cached_powers_Q,15,6,0.328,BalancedZippelSeparated
fire7_nb0_rank2337,Automatic,1,ok,410.792,52,2,1,0,0,2305843009213693967:49;2305843009213693973:3,Symbolica_default,cached_powers_Q,6,15,0.549,BalancedZippelSeparated
fire7_nb0_rank2338,Automatic,1,ok,605.313,52,2,1,0,0,2305843009213693967:49;2305843009213693973:3,Symbolica_default,cached_powers_Q,16,2,0.350,BalancedZippelSeparated
fire7_nb0_rank2339,Automatic,1,ok,623.863,53,2,1,0,0,2305843009213693967:50;2305843009213693973:3,Symbolica_default,cached_powers_Q,15,6,0.367,BalancedZippelSeparated
fire7_nb0_rank2340,Automatic,1,ok,455.302,52,2,1,0,0,2305843009213693967:49;2305843009213693973:3,Symbolica_default,cached_powers_Q,6,15,0.262,BalancedZippelSeparated
fire7_nb0_rank2341,Automatic,1,ok,236.921,55,2,1,0,0,2305843009213693967:52;2305843009213693973:3,Symbolica_default,cached_powers_Q,4,15,0.258,BalancedZippelSeparated
fire7_nb0_rank2342,Automatic,1,ok,293.331,54,2,1,0,0,2305843009213693967:51;2305843009213693973:3,Symbolica_default,cached_powers_Q,15,4,0.394,BalancedZippelSeparated
fire7_nb0_rank2343,Automatic,1,ok,408.452,55,2,1,0,0,2305843009213693967:52;2305843009213693973:3,Symbolica_default,cached_powers_Q,5,9,0.266,BalancedZippelSeparated
fire7_nb0_rank2344,Automatic,1,ok,340.932,55,2,1,0,0,2305843009213693967:52;2305843009213693973:3,Symbolica_default,cached_powers_Q,4,15,0.588,BalancedZippelSeparated
fire7_nb0_rank2345,Automatic,1,ok,651.853,54,2,1,0,0,2305843009213693967:51;2305843009213693973:3,Symbolica_default,cached_powers_Q,6,15,0.349,BalancedZippelSeparated
fire7_nb0_rank2346,Automatic,1,ok,306.741,54,2,1,0,0,2305843009213693967:51;2305843009213693973:3,Symbolica_default,cached_powers_Q,12,6,0.259,BalancedZippelSeparated
fire7_nb0_rank2347,Automatic,1,ok,451.182,57,2,1,0,0,2305843009213693967:54;2305843009213693973:3,Symbolica_default,cached_powers_Q,15,6,0.260,BalancedZippelSeparated
fire7_nb0_rank2348,Automatic,1,ok,294.351,54,2,1,0,0,2305843009213693967:51;2305843009213693973:3,Symbolica_default,cached_powers_Q,15,4,0.255,BalancedZippelSeparated
fire7_nb0_rank2349,Automatic,1,ok,462.222,49,2,1,0,0,2305843009213693967:46;2305843009213693973:3,Symbolica_default,cached_powers_Q,12,6,0.247,BalancedZippelSeparated
fire7_nb0_rank2350,Automatic,1,ok,312.392,49,2,1,0,0,2305843009213693967:46;2305843009213693973:3,Symbolica_default,cached_powers_Q,12,6,0.285,BalancedZippelSeparated
fire7_nb0_rank2351,Automatic,1,ok,584.453,85,2,1,0,0,2305843009213693967:82;2305843009213693973:3,Symbolica_default,cached_powers_Q,14,7,0.587,BalancedZippelSeparated
fire7_nb0_rank2352,Automatic,1,ok,469.542,60,2,1,0,0,2305843009213693967:57;2305843009213693973:3,Symbolica_default,cached_powers_Q,12,10,0.599,BalancedZippelSeparated
fire7_nb0_rank2353,Automatic,1,ok,309.792,52,2,1,0,0,2305843009213693967:49;2305843009213693973:3,Symbolica_default,cached_powers_Q,10,6,0.411,BalancedZippelSeparated
fire7_nb0_rank2354,Automatic,1,ok,298.121,55,2,1,0,0,2305843009213693967:52;2305843009213693973:3,Symbolica_default,cached_powers_Q,12,6,0.265,BalancedZippelSeparated
fire7_nb0_rank2355,Automatic,1,ok,268.331,52,2,1,0,0,2305843009213693967:49;2305843009213693973:3,Symbolica_default,cached_powers_Q,15,3,0.254,BalancedZippelSeparated
fire7_nb0_rank2356,Automatic,1,ok,387.511,87,2,1,0,0,2305843009213693967:84;2305843009213693973:3,Symbolica_default,cached_powers_Q,12,9,0.244,BalancedZippelSeparated
fire7_nb0_rank2357,Automatic,1,ok,691.174,87,2,1,0,0,2305843009213693967:84;2305843009213693973:3,Symbolica_default,cached_powers_Q,12,9,0.370,BalancedZippelSeparated
fire7_nb0_rank2358,Automatic,1,ok,471.763,51,2,1,0,0,2305843009213693967:48;2305843009213693973:3,Symbolica_default,cached_powers_Q,12,9,0.515,BalancedZippelSeparated
fire7_nb0_rank2359,Automatic,1,ok,467.663,54,2,1,0,0,2305843009213693967:51;2305843009213693973:3,Symbolica_default,cached_powers_Q,12,6,0.540,BalancedZippelSeparated
fire7_nb0_rank2360,Automatic,1,ok,399.872,89,2,1,0,0,2305843009213693967:86;2305843009213693973:3,Symbolica_default,cached_powers_Q,14,7,0.284,BalancedZippelSeparated
fire7_nb0_rank2361,Automatic,1,ok,278.652,62,2,1,0,0,2305843009213693967:59;2305843009213693973:3,Symbolica_default,cached_powers_Q,18,2,0.252,BalancedZippelSeparated
fire7_nb0_rank2362,Automatic,1,ok,502.672,55,2,1,0,0,2305843009213693967:52;2305843009213693973:3,Symbolica_default,cached_powers_Q,15,6,0.255,BalancedZippelSeparated
fire7_nb0_rank2363,Automatic,1,ok,314.671,56,2,1,0,0,2305843009213693967:53;2305843009213693973:3,Symbolica_default,cached_powers_Q,12,6,0.262,BalancedZippelSeparated
fire7_nb0_rank2364,Automatic,1,ok,292.091,65,2,1,0,0,2305843009213693967:62;2305843009213693973:3,Symbolica_default,cached_powers_Q,16,4,0.269,BalancedZippelSeparated
fire7_nb0_rank2365,Automatic,1,ok,379.741,56,2,1,0,0,2305843009213693967:53;2305843009213693973:3,Symbolica_default,cached_powers_Q,10,4,0.353,BalancedZippelSeparated
fire7_nb0_rank2366,Automatic,1,ok,569.863,51,2,1,0,0,2305843009213693967:48;2305843009213693973:3,Symbolica_default,cached_powers_Q,15,3,0.358,BalancedZippelSeparated
fire7_nb0_rank2367,Automatic,1,ok,436.912,47,2,1,0,0,2305843009213693967:44;2305843009213693973:3,Symbolica_default,cached_powers_Q,15,4,0.281,BalancedZippelSeparated
fire7_nb0_rank2368,Automatic,1,ok,280.901,48,2,1,0,0,2305843009213693967:45;2305843009213693973:3,Symbolica_default,cached_powers_Q,10,8,0.256,BalancedZippelSeparated
fire7_nb0_rank2369,Automatic,1,ok,264.661,69,2,1,0,0,2305843009213693967:66;2305843009213693973:3,Symbolica_default,cached_powers_Q,16,3,0.251,BalancedZippelSeparated
fire7_nb0_rank2370,Automatic,1,ok,277.961,57,2,1,0,0,2305843009213693967:54;2305843009213693973:3,Symbolica_default,cached_powers_Q,15,6,0.252,BalancedZippelSeparated
fire7_nb0_rank2371,Automatic,1,ok,364.442,49,2,1,0,0,2305843009213693967:46;2305843009213693973:3,Symbolica_default,cached_powers_Q,15,6,0.599,BalancedZippelSeparated
fire7_nb0_rank2372,Automatic,1,ok,472.813,49,2,1,0,0,2305843009213693967:46;2305843009213693973:3,Symbolica_default,cached_powers_Q,10,8,0.579,BalancedZippelSeparated
fire7_nb0_rank2373,Automatic,1,ok,445.672,49,2,1,0,0,2305843009213693967:46;2305843009213693973:3,Symbolica_default,cached_powers_Q,10,8,0.595,BalancedZippelSeparated
fire7_nb0_rank2374,Automatic,1,ok,473.802,57,2,1,0,0,2305843009213693967:54;2305843009213693973:3,Symbolica_default,cached_powers_Q,13,4,0.247,BalancedZippelSeparated
fire7_nb0_rank2375,Automatic,1,ok,262.161,69,2,1,0,0,2305843009213693967:66;2305843009213693973:3,Symbolica_default,cached_powers_Q,18,3,0.253,BalancedZippelSeparated
fire7_nb0_rank2376,Automatic,1,ok,251.221,58,2,1,0,0,2305843009213693967:55;2305843009213693973:3,Symbolica_default,cached_powers_Q,10,4,0.244,BalancedZippelSeparated
fire7_nb0_rank2377,Automatic,1,ok,279.071,48,2,1,0,0,2305843009213693967:45;2305843009213693973:3,Symbolica_default,cached_powers_Q,16,2,0.431,BalancedZippelSeparated
fire7_nb0_rank2378,Automatic,1,ok,603.863,49,2,1,0,0,2305843009213693967:46;2305843009213693973:3,Symbolica_default,cached_powers_Q,16,2,0.366,BalancedZippelSeparated
fire7_nb0_rank2379,Automatic,1,ok,583.583,51,2,1,0,0,2305843009213693967:48;2305843009213693973:3,Symbolica_default,cached_powers_Q,16,2,0.575,BalancedZippelSeparated
fire7_nb0_rank2380,Automatic,1,ok,569.643,52,2,1,0,0,2305843009213693967:49;2305843009213693973:3,Symbolica_default,cached_powers_Q,11,9,0.277,BalancedZippelSeparated
fire7_nb0_rank2381,Automatic,1,ok,470.262,52,2,1,0,0,2305843009213693967:49;2305843009213693973:3,Symbolica_default,cached_powers_Q,11,9,0.264,BalancedZippelSeparated
fire7_nb0_rank2382,Automatic,1,ok,241.071,50,2,1,0,0,2305843009213693967:47;2305843009213693973:3,Symbolica_default,cached_powers_Q,16,2,0.250,BalancedZippelSeparated
fire7_nb0_rank2383,Automatic,1,ok,466.872,62,2,1,0,0,2305843009213693967:59;2305843009213693973:3,Symbolica_default,cached_powers_Q,9,12,0.527,BalancedZippelSeparated
fire7_nb0_rank2384,Automatic,1,ok,584.423,48,2,1,0,0,2305843009213693967:45;2305843009213693973:3,Symbolica_default,cached_powers_Q,16,2,0.372,BalancedZippelSeparated
fire7_nb0_rank2385,Automatic,1,ok,569.092,78,2,1,0,0,2305843009213693967:75;2305843009213693973:3,Symbolica_default,cached_powers_Q,16,6,0.576,BalancedZippelSeparated
fire7_nb0_rank2386,Automatic,1,ok,470.632,90,2,1,0,0,2305843009213693967:87;2305843009213693973:3,Symbolica_default,cached_powers_Q,12,7,0.579,BalancedZippelSeparated
fire7_nb0_rank2387,Automatic,1,ok,249.941,56,2,1,0,0,2305843009213693967:53;2305843009213693973:3,Symbolica_default,cached_powers_Q,10,4,0.389,BalancedZippelSeparated
fire7_nb0_rank2388,Automatic,1,ok,426.342,78,2,1,0,0,2305843009213693967:75;2305843009213693973:3,Symbolica_default,cached_powers_Q,16,6,0.268,BalancedZippelSeparated
fire7_nb0_rank2389,Automatic,1,ok,247.161,55,2,1,0,0,2305843009213693967:52;2305843009213693973:3,Symbolica_default,cached_powers_Q,4,15,0.266,BalancedZippelSeparated
fire7_nb0_rank2390,Automatic,1,ok,276.431,47,2,1,0,0,2305843009213693967:44;2305843009213693973:3,Symbolica_default,cached_powers_Q,12,6,0.286,BalancedZippelSeparated
fire7_nb0_rank2391,Automatic,1,ok,272.951,47,2,1,0,0,2305843009213693967:44;2305843009213693973:3,Symbolica_default,cached_powers_Q,12,6,0.275,BalancedZippelSeparated
fire7_nb0_rank2392,Automatic,1,ok,251.501,53,2,1,0,0,2305843009213693967:50;2305843009213693973:3,Symbolica_default,cached_powers_Q,4,15,0.263,BalancedZippelSeparated
fire7_nb0_rank2393,Automatic,1,ok,245.071,47,2,1,0,0,2305843009213693967:44;2305843009213693973:3,Symbolica_default,cached_powers_Q,12,6,0.262,BalancedZippelSeparated
fire7_nb0_rank2394,Automatic,1,ok,238.721,55,2,1,0,0,2305843009213693967:52;2305843009213693973:3,Symbolica_default,cached_powers_Q,4,15,0.242,BalancedZippelSeparated
fire7_nb0_rank2395,Automatic,1,ok,253.831,47,2,1,0,0,2305843009213693967:44;2305843009213693973:3,Symbolica_default,cached_powers_Q,12,6,0.438,BalancedZippelSeparated
fire7_nb0_rank2396,Automatic,1,ok,518.822,60,2,1,0,0,2305843009213693967:57;2305843009213693973:3,Symbolica_default,cached_powers_Q,15,6,0.448,BalancedZippelSeparated
fire7_nb0_rank2397,Automatic,1,ok,498.873,58,2,1,0,0,2305843009213693967:55;2305843009213693973:3,Symbolica_default,cached_powers_Q,15,6,0.277,BalancedZippelSeparated
fire7_nb0_rank2398,Automatic,1,ok,490.613,58,2,1,0,0,2305843009213693967:55;2305843009213693973:3,Symbolica_default,cached_powers_Q,15,6,0.340,BalancedZippelSeparated
fire7_nb0_rank2399,Automatic,1,ok,309.412,63,2,1,0,0,2305843009213693967:60;2305843009213693973:3,Symbolica_default,cached_powers_Q,18,3,0.297,BalancedZippelSeparated
fire7_nb0_rank2400,Automatic,1,ok,315.122,55,2,1,0,0,2305843009213693967:52;2305843009213693973:3,Symbolica_default,cached_powers_Q,15,6,0.226,BalancedZippelSeparated
fire7_nb0_rank2401,Automatic,1,ok,270.381,50,2,1,0,0,2305843009213693967:47;2305843009213693973:3,Symbolica_default,cached_powers_Q,10,6,0.261,BalancedZippelSeparated
fire7_nb0_rank2402,Automatic,1,ok,472.043,58,2,1,0,0,2305843009213693967:55;2305843009213693973:3,Symbolica_default,cached_powers_Q,15,3,0.270,BalancedZippelSeparated
fire7_nb0_rank2403,Automatic,1,ok,283.472,59,2,1,0,0,2305843009213693967:56;2305843009213693973:3,Symbolica_default,cached_powers_Q,15,4,0.434,BalancedZippelSeparated
fire7_nb0_rank2404,Automatic,1,ok,536.993,60,2,1,0,0,2305843009213693967:57;2305843009213693973:3,Symbolica_default,cached_powers_Q,11,10,0.277,BalancedZippelSeparated
fire7_nb0_rank2405,Automatic,1,ok,457.743,53,2,1,0,0,2305843009213693967:50;2305843009213693973:3,Symbolica_default,cached_powers_Q,12,6,0.262,BalancedZippelSeparated
fire7_nb0_rank2406,Automatic,1,ok,287.581,58,2,1,0,0,2305843009213693967:55;2305843009213693973:3,Symbolica_default,cached_powers_Q,15,3,0.260,BalancedZippelSeparated
fire7_nb0_rank2407,Automatic,1,ok,336.982,53,2,1,0,0,2305843009213693967:50;2305843009213693973:3,Symbolica_default,cached_powers_Q,12,6,0.378,BalancedZippelSeparated
fire7_nb0_rank2408,Automatic,1,ok,296.151,56,2,1,0,0,2305843009213693967:53;2305843009213693973:3,Symbolica_default,cached_powers_Q,15,3,0.240,BalancedZippelSeparated
fire7_nb0_rank2409,Automatic,1,ok,315.952,49,2,1,0,0,2305843009213693967:46;2305843009213693973:3,Symbolica_default,cached_powers_Q,12,9,0.448,BalancedZippelSeparated
fire7_nb0_rank2410,Automatic,1,ok,634.474,49,2,1,0,0,2305843009213693967:46;2305843009213693973:3,Symbolica_default,cached_powers_Q,12,9,0.616,BalancedZippelSeparated
fire7_nb0_rank2411,Automatic,1,ok,511.743,53,2,1,0,0,2305843009213693967:50;2305843009213693973:3,Symbolica_default,cached_powers_Q,12,6,0.270,BalancedZippelSeparated
fire7_nb0_rank2412,Automatic,1,ok,252.211,52,2,1,0,0,2305843009213693967:49;2305843009213693973:3,Symbolica_default,cached_powers_Q,12,4,0.271,BalancedZippelSeparated
fire7_nb0_rank2413,Automatic,1,ok,309.191,56,2,1,0,0,2305843009213693967:53;2305843009213693973:3,Symbolica_default,cached_powers_Q,15,6,0.234,BalancedZippelSeparated
fire7_nb0_rank2414,Automatic,1,ok,457.962,56,2,1,0,0,2305843009213693967:53;2305843009213693973:3,Symbolica_default,cached_powers_Q,15,6,0.425,BalancedZippelSeparated
fire7_nb0_rank2415,Automatic,1,ok,526.923,50,2,1,0,0,2305843009213693967:47;2305843009213693973:3,Symbolica_default,cached_powers_Q,10,6,0.332,BalancedZippelSeparated
fire7_nb0_rank2416,Automatic,1,ok,370.152,50,2,1,0,0,2305843009213693967:47;2305843009213693973:3,Symbolica_default,cached_powers_Q,10,6,0.351,BalancedZippelSeparated
fire7_nb0_rank2417,Automatic,1,ok,453.192,53,2,1,0,0,2305843009213693967:50;2305843009213693973:3,Symbolica_default,cached_powers_Q,12,6,0.376,BalancedZippelSeparated
fire7_nb0_rank2418,Automatic,1,ok,320.272,51,2,1,0,0,2305843009213693967:48;2305843009213693973:3,Symbolica_default,cached_powers_Q,12,9,0.273,BalancedZippelSeparated
fire7_nb0_rank2419,Automatic,1,ok,273.051,67,2,1,0,0,2305843009213693967:64;2305843009213693973:3,Symbolica_default,cached_powers_Q,5,12,0.402,BalancedZippelSeparated
fire7_nb0_rank2420,Automatic,1,ok,403.642,52,2,1,0,0,2305843009213693967:49;2305843009213693973:3,Symbolica_default,cached_powers_Q,6,10,0.232,BalancedZippelSeparated
fire7_nb0_rank2421,Automatic,1,ok,232.851,52,2,1,0,0,2305843009213693967:49;2305843009213693973:3,Symbolica_default,cached_powers_Q,6,10,0.262,BalancedZippelSeparated
fire7_nb0_rank2422,Automatic,1,ok,319.421,53,2,1,0,0,2305843009213693967:50;2305843009213693973:3,Symbolica_default,cached_powers_Q,12,6,0.406,BalancedZippelSeparated
fire7_nb0_rank2423,Automatic,1,ok,424.012,53,2,1,0,0,2305843009213693967:50;2305843009213693973:3,Symbolica_default,cached_powers_Q,12,6,0.373,BalancedZippelSeparated
fire7_nb0_rank2424,Automatic,1,ok,652.864,57,2,1,0,0,2305843009213693967:54;2305843009213693973:3,Symbolica_default,cached_powers_Q,15,4,0.366,BalancedZippelSeparated
fire7_nb0_rank2425,Automatic,1,ok,527.612,73,2,1,0,0,2305843009213693967:70;2305843009213693973:3,Symbolica_default,cached_powers_Q,16,5,0.262,BalancedZippelSeparated
fire7_nb0_rank2426,Automatic,1,ok,369.552,55,2,1,0,0,2305843009213693967:52;2305843009213693973:3,Symbolica_default,cached_powers_Q,15,6,0.390,BalancedZippelSeparated
fire7_nb0_rank2427,Automatic,1,ok,295.531,53,2,1,0,0,2305843009213693967:50;2305843009213693973:3,Symbolica_default,cached_powers_Q,9,6,0.347,BalancedZippelSeparated
fire7_nb0_rank2428,Automatic,1,ok,250.391,50,2,1,0,0,2305843009213693967:47;2305843009213693973:3,Symbolica_default,cached_powers_Q,15,2,0.238,BalancedZippelSeparated
fire7_nb0_rank2429,Automatic,1,ok,316.751,60,2,1,0,0,2305843009213693967:57;2305843009213693973:3,Symbolica_default,cached_powers_Q,15,6,0.238,BalancedZippelSeparated
fire7_nb0_rank2430,Automatic,1,ok,348.592,57,2,1,0,0,2305843009213693967:54;2305843009213693973:3,Symbolica_default,cached_powers_Q,3,18,0.361,BalancedZippelSeparated
fire7_nb0_rank2431,Automatic,1,ok,572.653,51,2,1,0,0,2305843009213693967:48;2305843009213693973:3,Symbolica_default,cached_powers_Q,15,4,0.376,BalancedZippelSeparated
fire7_nb0_rank2432,Automatic,1,ok,340.902,60,2,1,0,0,2305843009213693967:57;2305843009213693973:3,Symbolica_default,cached_powers_Q,15,6,0.506,BalancedZippelSeparated
fire7_nb0_rank2433,Automatic,1,ok,311.981,58,2,1,0,0,2305843009213693967:55;2305843009213693973:3,Symbolica_default,cached_powers_Q,15,6,0.274,BalancedZippelSeparated
fire7_nb0_rank2434,Automatic,1,ok,255.541,54,2,1,0,0,2305843009213693967:51;2305843009213693973:3,Symbolica_default,cached_powers_Q,11,4,0.242,BalancedZippelSeparated
fire7_nb0_rank2435,Automatic,1,ok,289.272,52,2,1,0,0,2305843009213693967:49;2305843009213693973:3,Symbolica_default,cached_powers_Q,12,6,0.231,BalancedZippelSeparated
fire7_nb0_rank2436,Automatic,1,ok,241.341,51,2,1,0,0,2305843009213693967:48;2305843009213693973:3,Symbolica_default,cached_powers_Q,15,4,0.418,BalancedZippelSeparated
fire7_nb0_rank2437,Automatic,1,ok,293.361,50,2,1,0,0,2305843009213693967:47;2305843009213693973:3,Symbolica_default,cached_powers_Q,5,8,0.337,BalancedZippelSeparated
fire7_nb0_rank2438,Automatic,1,ok,560.773,50,2,1,0,0,2305843009213693967:47;2305843009213693973:3,Symbolica_default,cached_powers_Q,5,8,0.402,BalancedZippelSeparated
fire7_nb0_rank2439,Automatic,1,ok,411.772,52,2,1,0,0,2305843009213693967:49;2305843009213693973:3,Symbolica_default,cached_powers_Q,12,6,0.344,BalancedZippelSeparated
fire7_nb0_rank2440,Automatic,1,ok,477.812,49,2,1,0,0,2305843009213693967:46;2305843009213693973:3,Symbolica_default,cached_powers_Q,12,6,0.259,BalancedZippelSeparated
fire7_nb0_rank2441,Automatic,1,ok,292.361,58,2,1,0,0,2305843009213693967:55;2305843009213693973:3,Symbolica_default,cached_powers_Q,9,10,0.263,BalancedZippelSeparated
fire7_nb0_rank2442,Automatic,1,ok,276.921,56,2,1,0,0,2305843009213693967:53;2305843009213693973:3,Symbolica_default,cached_powers_Q,9,10,0.439,BalancedZippelSeparated
fire7_nb0_rank2443,Automatic,1,ok,219.761,49,2,1,0,0,2305843009213693967:46;2305843009213693973:3,Symbolica_default,cached_powers_Q,4,12,0.234,BalancedZippelSeparated
fire7_nb0_rank2444,Automatic,1,ok,524.002,52,2,1,0,0,2305843009213693967:49;2305843009213693973:3,Symbolica_default,cached_powers_Q,9,6,0.469,BalancedZippelSeparated
fire7_nb0_rank2445,Automatic,1,ok,396.722,58,2,1,0,0,2305843009213693967:55;2305843009213693973:3,Symbolica_default,cached_powers_Q,9,10,0.577,BalancedZippelSeparated
fire7_nb0_rank2446,Automatic,1,ok,249.221,45,2,1,0,0,2305843009213693967:42;2305843009213693973:3,Symbolica_default,cached_powers_Q,12,3,0.276,BalancedZippelSeparated
fire7_nb0_rank2447,Automatic,1,ok,316.322,45,2,1,0,0,2305843009213693967:42;2305843009213693973:3,Symbolica_default,cached_powers_Q,12,6,0.390,BalancedZippelSeparated
fire7_nb0_rank2448,Automatic,1,ok,395.402,45,2,1,0,0,2305843009213693967:42;2305843009213693973:3,Symbolica_default,cached_powers_Q,12,6,0.257,BalancedZippelSeparated
fire7_nb0_rank2449,Automatic,1,ok,372.061,45,2,1,0,0,2305843009213693967:42;2305843009213693973:3,Symbolica_default,cached_powers_Q,12,6,0.246,BalancedZippelSeparated
fire7_nb0_rank2450,Automatic,1,ok,379.362,51,2,1,0,0,2305843009213693967:48;2305843009213693973:3,Symbolica_default,cached_powers_Q,4,15,0.245,BalancedZippelSeparated
fire7_nb0_rank2451,Automatic,1,ok,318.661,53,2,1,0,0,2305843009213693967:50;2305843009213693973:3,Symbolica_default,cached_powers_Q,4,15,0.338,BalancedZippelSeparated
fire7_nb0_rank2452,Automatic,1,ok,413.712,72,2,1,0,0,2305843009213693967:69;2305843009213693973:3,Symbolica_default,cached_powers_Q,14,4,0.516,BalancedZippelSeparated
fire7_nb0_rank2453,Automatic,1,ok,430.692,76,2,1,0,0,2305843009213693967:73;2305843009213693973:3,Symbolica_default,cached_powers_Q,9,9,0.364,BalancedZippelSeparated
fire7_nb0_rank2454,Automatic,1,ok,445.162,62,2,1,0,0,2305843009213693967:59;2305843009213693973:3,Symbolica_default,cached_powers_Q,4,14,0.258,BalancedZippelSeparated
fire7_nb0_rank2455,Automatic,1,ok,280.821,47,2,1,0,0,2305843009213693967:44;2305843009213693973:3,Symbolica_default,cached_powers_Q,12,6,0.259,BalancedZippelSeparated
fire7_nb0_rank2456,Automatic,1,ok,301.962,51,2,1,0,0,2305843009213693967:48;2305843009213693973:3,Symbolica_default,cached_powers_Q,10,9,0.255,BalancedZippelSeparated
fire7_nb0_rank2457,Automatic,1,ok,330.582,71,2,1,0,0,2305843009213693967:68;2305843009213693973:3,Symbolica_default,cached_powers_Q,4,14,0.249,BalancedZippelSeparated
fire7_nb0_rank2458,Automatic,1,ok,402.822,81,2,1,0,0,2305843009213693967:78;2305843009213693973:3,Symbolica_default,cached_powers_Q,17,2,0.603,BalancedZippelSeparated
fire7_nb0_rank2459,Automatic,1,ok,614.752,54,2,1,0,0,2305843009213693967:51;2305843009213693973:3,Symbolica_default,cached_powers_Q,12,6,0.357,BalancedZippelSeparated
fire7_nb0_rank2460,Automatic,1,ok,534.713,63,2,1,0,0,2305843009213693967:60;2305843009213693973:3,Symbolica_default,cached_powers_Q,4,12,0.566,BalancedZippelSeparated
fire7_nb0_rank2461,Automatic,1,ok,247.271,52,2,1,0,0,2305843009213693967:49;2305843009213693973:3,Symbolica_default,cached_powers_Q,6,10,0.242,BalancedZippelSeparated
fire7_nb0_rank2462,Automatic,1,ok,309.652,54,2,1,0,0,2305843009213693967:51;2305843009213693973:3,Symbolica_default,cached_powers_Q,14,6,0.241,BalancedZippelSeparated
fire7_nb0_rank2463,Automatic,1,ok,299.892,49,2,1,0,0,2305843009213693967:46;2305843009213693973:3,Symbolica_default,cached_powers_Q,12,9,0.293,BalancedZippelSeparated
fire7_nb0_rank2464,Automatic,1,ok,426.152,51,2,1,0,0,2305843009213693967:48;2305843009213693973:3,Symbolica_default,cached_powers_Q,4,15,0.273,BalancedZippelSeparated
fire7_nb0_rank2465,Automatic,1,ok,332.721,53,2,1,0,0,2305843009213693967:50;2305843009213693973:3,Symbolica_default,cached_powers_Q,4,15,0.382,BalancedZippelSeparated
fire7_nb0_rank2466,Automatic,1,ok,668.023,60,2,1,0,0,2305843009213693967:57;2305843009213693973:3,Symbolica_default,cached_powers_Q,9,12,0.364,BalancedZippelSeparated
fire7_nb0_rank2467,Automatic,1,ok,251.271,52,2,1,0,0,2305843009213693967:49;2305843009213693973:3,Symbolica_default,cached_powers_Q,10,3,0.410,BalancedZippelSeparated
fire7_nb0_rank2468,Automatic,1,ok,426.562,45,2,1,0,0,2305843009213693967:42;2305843009213693973:3,Symbolica_default,cached_powers_Q,12,6,0.240,BalancedZippelSeparated
fire7_nb0_rank2469,Automatic,1,ok,265.962,70,2,1,0,0,2305843009213693967:67;2305843009213693973:3,Symbolica_default,cached_powers_Q,16,2,0.246,BalancedZippelSeparated
fire7_nb0_rank2470,Automatic,1,ok,447.952,49,2,1,0,0,2305843009213693967:46;2305843009213693973:3,Symbolica_default,cached_powers_Q,10,6,0.273,BalancedZippelSeparated
fire7_nb0_rank2471,Automatic,1,ok,629.013,68,2,1,0,0,2305843009213693967:65;2305843009213693973:3,Symbolica_default,cached_powers_Q,16,3,0.370,BalancedZippelSeparated
fire7_nb0_rank2472,Automatic,1,ok,541.053,62,2,1,0,0,2305843009213693967:59;2305843009213693973:3,Symbolica_default,cached_powers_Q,10,10,0.352,BalancedZippelSeparated
fire7_nb0_rank2473,Automatic,1,ok,559.503,55,2,1,0,0,2305843009213693967:52;2305843009213693973:3,Symbolica_default,cached_powers_Q,10,2,0.353,BalancedZippelSeparated
fire7_nb0_rank2474,Automatic,1,ok,280.501,55,2,1,0,0,2305843009213693967:52;2305843009213693973:3,Symbolica_default,cached_powers_Q,10,2,0.365,BalancedZippelSeparated
fire7_nb0_rank2475,Automatic,1,ok,249.841,52,2,1,0,0,2305843009213693967:49;2305843009213693973:3,Symbolica_default,cached_powers_Q,5,9,0.433,BalancedZippelSeparated
fire7_nb0_rank2476,Automatic,1,ok,322.621,56,2,1,0,0,2305843009213693967:53;2305843009213693973:3,Symbolica_default,cached_powers_Q,9,10,0.365,BalancedZippelSeparated
fire7_nb0_rank2477,Automatic,1,ok,473.803,52,2,1,0,0,2305843009213693967:49;2305843009213693973:3,Symbolica_default,cached_powers_Q,12,6,0.261,BalancedZippelSeparated
fire7_nb0_rank2478,Automatic,1,ok,394.492,54,2,1,0,0,2305843009213693967:51;2305843009213693973:3,Symbolica_default,cached_powers_Q,9,10,0.601,BalancedZippelSeparated
fire7_nb0_rank2479,Automatic,1,ok,317.031,59,2,1,0,0,2305843009213693967:56;2305843009213693973:3,Symbolica_default,cached_powers_Q,4,10,0.360,BalancedZippelSeparated
fire7_nb0_rank2480,Automatic,1,ok,294.732,47,2,1,0,0,2305843009213693967:44;2305843009213693973:3,Symbolica_default,cached_powers_Q,12,6,0.260,BalancedZippelSeparated
fire7_nb0_rank2481,Automatic,1,ok,433.023,49,2,1,0,0,2305843009213693967:46;2305843009213693973:3,Symbolica_default,cached_powers_Q,12,3,0.219,BalancedZippelSeparated
fire7_nb0_rank2482,Automatic,1,ok,273.981,56,2,1,0,0,2305843009213693967:53;2305843009213693973:3,Symbolica_default,cached_powers_Q,9,10,0.255,BalancedZippelSeparated
fire7_nb0_rank2483,Automatic,1,ok,290.811,48,2,1,0,0,2305843009213693967:45;2305843009213693973:3,Symbolica_default,cached_powers_Q,12,4,0.391,BalancedZippelSeparated
fire7_nb0_rank2484,Automatic,1,ok,271.071,65,2,1,0,0,2305843009213693967:62;2305843009213693973:3,Symbolica_default,cached_powers_Q,4,12,0.456,BalancedZippelSeparated
fire7_nb0_rank2485,Automatic,1,ok,414.312,53,2,1,0,0,2305843009213693967:50;2305843009213693973:3,Symbolica_default,cached_powers_Q,15,2,0.506,BalancedZippelSeparated
fire7_nb0_rank2486,Automatic,1,ok,377.872,51,2,1,0,0,2305843009213693967:48;2305843009213693973:3,Symbolica_default,cached_powers_Q,12,4,0.467,BalancedZippelSeparated
fire7_nb0_rank2487,Automatic,1,ok,253.231,55,2,1,0,0,2305843009213693967:52;2305843009213693973:3,Symbolica_default,cached_powers_Q,10,2,0.410,BalancedZippelSeparated
fire7_nb0_rank2488,Automatic,1,ok,282.012,51,2,1,0,0,2305843009213693967:48;2305843009213693973:3,Symbolica_default,cached_powers_Q,8,6,0.256,BalancedZippelSeparated
fire7_nb0_rank2489,Automatic,1,ok,289.141,51,2,1,0,0,2305843009213693967:48;2305843009213693973:3,Symbolica_default,cached_powers_Q,8,6,0.242,BalancedZippelSeparated
fire7_nb0_rank2490,Automatic,1,ok,452.932,61,2,1,0,0,2305843009213693967:58;2305843009213693973:3,Symbolica_default,cached_powers_Q,5,10,0.256,BalancedZippelSeparated
fire7_nb0_rank2491,Automatic,1,ok,633.553,50,2,1,0,0,2305843009213693967:47;2305843009213693973:3,Symbolica_default,cached_powers_Q,12,6,0.343,BalancedZippelSeparated
fire7_nb0_rank2492,Automatic,1,ok,274.441,54,2,1,0,0,2305843009213693967:51;2305843009213693973:3,Symbolica_default,cached_powers_Q,9,10,0.426,BalancedZippelSeparated
fire7_nb0_rank2493,Automatic,1,ok,239.141,44,2,1,0,0,2305843009213693967:41;2305843009213693973:3,Symbolica_default,cached_powers_Q,12,4,0.246,BalancedZippelSeparated
fire7_nb0_rank2494,Automatic,1,ok,420.212,88,2,1,0,0,2305843009213693967:85;2305843009213693973:3,Symbolica_default,cached_powers_Q,16,2,0.235,BalancedZippelSeparated
fire7_nb0_rank2495,Automatic,1,ok,332.661,56,2,1,0,0,2305843009213693967:53;2305843009213693973:3,Symbolica_default,cached_powers_Q,9,10,0.260,BalancedZippelSeparated
fire7_nb0_rank2496,Automatic,1,ok,459.392,48,2,1,0,0,2305843009213693967:45;2305843009213693973:3,Symbolica_default,cached_powers_Q,9,6,0.257,BalancedZippelSeparated
fire7_nb0_rank2497,Automatic,1,ok,297.551,54,2,1,0,0,2305843009213693967:51;2305843009213693973:3,Symbolica_default,cached_powers_Q,9,10,0.246,BalancedZippelSeparated
fire7_nb0_rank2498,Automatic,1,ok,473.502,73,2,1,0,0,2305843009213693967:70;2305843009213693973:3,Symbolica_default,cached_powers_Q,14,5,0.355,BalancedZippelSeparated
fire7_nb0_rank2499,Automatic,1,ok,262.681,48,2,1,0,0,2305843009213693967:45;2305843009213693973:3,Symbolica_default,cached_powers_Q,10,4,0.430,BalancedZippelSeparated
fire7_nb0_rank2500,Automatic,1,ok,485.363,50,2,1,0,0,2305843009213693967:47;2305843009213693973:3,Symbolica_default,cached_powers_Q,12,6,0.253,BalancedZippelSeparated
fire7_nb0_rank2501,Automatic,1,ok,309.942,47,2,1,0,0,2305843009213693967:44;2305843009213693973:3,Symbolica_default,cached_powers_Q,9,9,0.247,BalancedZippelSeparated
fire7_nb0_rank2502,Automatic,1,ok,222.281,44,2,1,0,0,2305843009213693967:41;2305843009213693973:3,Symbolica_default,cached_powers_Q,12,2,0.452,BalancedZippelSeparated
fire7_nb0_rank2503,Automatic,1,ok,718.624,69,2,1,0,0,2305843009213693967:66;2305843009213693973:3,Symbolica_default,cached_powers_Q,14,3,0.369,BalancedZippelSeparated
fire7_nb0_rank2504,Automatic,1,ok,298.641,48,2,1,0,0,2305843009213693967:45;2305843009213693973:3,Symbolica_default,cached_powers_Q,5,8,0.505,BalancedZippelSeparated
fire7_nb0_rank2505,Automatic,1,ok,303.582,48,2,1,0,0,2305843009213693967:45;2305843009213693973:3,Symbolica_default,cached_powers_Q,5,8,0.520,BalancedZippelSeparated
fire7_nb0_rank2506,Automatic,1,ok,210.921,45,2,1,0,0,2305843009213693967:42;2305843009213693973:3,Symbolica_default,cached_powers_Q,12,2,0.251,BalancedZippelSeparated
fire7_nb0_rank2507,Automatic,1,ok,394.782,53,2,1,0,0,2305843009213693967:50;2305843009213693973:3,Symbolica_default,cached_powers_Q,4,15,0.263,BalancedZippelSeparated
fire7_nb0_rank2508,Automatic,1,ok,424.393,51,2,1,0,0,2305843009213693967:48;2305843009213693973:3,Symbolica_default,cached_powers_Q,4,15,0.266,BalancedZippelSeparated
fire7_nb0_rank2509,Automatic,1,ok,247.181,53,2,1,0,0,2305843009213693967:50;2305843009213693973:3,Symbolica_default,cached_powers_Q,4,15,0.247,BalancedZippelSeparated
fire7_nb0_rank2510,Automatic,1,ok,613.443,51,2,1,0,0,2305843009213693967:48;2305843009213693973:3,Symbolica_default,cached_powers_Q,10,8,0.365,BalancedZippelSeparated
fire7_nb0_rank2511,Automatic,1,ok,381.942,49,2,1,0,0,2305843009213693967:46;2305843009213693973:3,Symbolica_default,cached_powers_Q,12,4,0.537,BalancedZippelSeparated
fire7_nb0_rank2512,Automatic,1,ok,443.892,54,2,1,0,0,2305843009213693967:51;2305843009213693973:3,Symbolica_default,cached_powers_Q,9,10,0.268,BalancedZippelSeparated
fire7_nb0_rank2513,Automatic,1,ok,264.151,49,2,1,0,0,2305843009213693967:46;2305843009213693973:3,Symbolica_default,cached_powers_Q,12,3,0.236,BalancedZippelSeparated
fire7_nb0_rank2514,Automatic,1,ok,250.842,54,2,1,0,0,2305843009213693967:51;2305843009213693973:3,Symbolica_default,cached_powers_Q,5,9,0.249,BalancedZippelSeparated
fire7_nb0_rank2515,Automatic,1,ok,266.901,46,2,1,0,0,2305843009213693967:43;2305843009213693973:3,Symbolica_default,cached_powers_Q,12,2,0.240,BalancedZippelSeparated
fire7_nb0_rank2516,Automatic,1,ok,288.561,47,2,1,0,0,2305843009213693967:44;2305843009213693973:3,Symbolica_default,cached_powers_Q,8,9,0.257,BalancedZippelSeparated
fire7_nb0_rank2517,Automatic,1,ok,383.462,54,2,1,0,0,2305843009213693967:51;2305843009213693973:3,Symbolica_default,cached_powers_Q,14,4,0.323,BalancedZippelSeparated
fire7_nb0_rank2518,Automatic,1,ok,638.574,56,2,1,0,0,2305843009213693967:53;2305843009213693973:3,Symbolica_default,cached_powers_Q,9,10,0.345,BalancedZippelSeparated
fire7_nb0_rank2519,Automatic,1,ok,274.621,50,2,1,0,0,2305843009213693967:47;2305843009213693973:3,Symbolica_default,cached_powers_Q,12,4,0.271,BalancedZippelSeparated
fire7_nb0_rank2520,Automatic,1,ok,524.022,54,2,1,0,0,2305843009213693967:51;2305843009213693973:3,Symbolica_default,cached_powers_Q,9,10,0.262,BalancedZippelSeparated
fire7_nb0_rank2521,Automatic,1,ok,256.581,46,2,1,0,0,2305843009213693967:43;2305843009213693973:3,Symbolica_default,cached_powers_Q,12,2,0.258,BalancedZippelSeparated
fire7_nb0_rank2522,Automatic,1,ok,250.511,47,2,1,0,0,2305843009213693967:44;2305843009213693973:3,Symbolica_default,cached_powers_Q,12,4,0.240,BalancedZippelSeparated
fire7_nb0_rank2523,Automatic,1,ok,557.293,50,2,1,0,0,2305843009213693967:47;2305843009213693973:3,Symbolica_default,cached_powers_Q,12,4,0.325,BalancedZippelSeparated
fire7_nb0_rank2524,Automatic,1,ok,388.592,51,2,1,0,0,2305843009213693967:48;2305843009213693973:3,Symbolica_default,cached_powers_Q,10,2,0.244,BalancedZippelSeparated
fire7_nb0_rank2525,Automatic,1,ok,298.832,46,2,1,0,0,2305843009213693967:43;2305843009213693973:3,Symbolica_default,cached_powers_Q,12,4,0.420,BalancedZippelSeparated
fire7_nb0_rank2526,Automatic,1,ok,228.111,55,2,1,0,0,2305843009213693967:52;2305843009213693973:3,Symbolica_default,cached_powers_Q,7,5,0.262,BalancedZippelSeparated
fire7_nb0_rank2527,Automatic,1,ok,292.922,46,2,1,0,0,2305843009213693967:43;2305843009213693973:3,Symbolica_default,cached_powers_Q,9,9,0.272,BalancedZippelSeparated
fire7_nb0_rank2528,Automatic,1,ok,326.641,54,2,1,0,0,2305843009213693967:51;2305843009213693973:3,Symbolica_default,cached_powers_Q,9,10,0.245,BalancedZippelSeparated
fire7_nb0_rank2529,Automatic,1,ok,263.262,47,2,1,0,0,2305843009213693967:44;2305843009213693973:3,Symbolica_default,cached_powers_Q,12,3,0.243,BalancedZippelSeparated
fire7_nb0_rank2530,Automatic,1,ok,523.673,46,2,1,0,0,2305843009213693967:43;2305843009213693973:3,Symbolica_default,cached_powers_Q,10,4,0.330,BalancedZippelSeparated
fire7_nb0_rank2531,Automatic,1,ok,326.222,46,2,1,0,0,2305843009213693967:43;2305843009213693973:3,Symbolica_default,cached_powers_Q,10,4,0.332,BalancedZippelSeparated
fire7_nb0_rank2532,Automatic,1,ok,262.261,46,2,1,0,0,2305843009213693967:43;2305843009213693973:3,Symbolica_default,cached_powers_Q,12,2,0.446,BalancedZippelSeparated
fire7_nb0_rank2533,Automatic,1,ok,254.422,64,2,1,0,0,2305843009213693967:61;2305843009213693973:3,Symbolica_default,cached_powers_Q,3,14,0.258,BalancedZippelSeparated
fire7_nb0_rank2534,Automatic,1,ok,305.112,46,2,1,0,0,2305843009213693967:43;2305843009213693973:3,Symbolica_default,cached_powers_Q,8,6,0.381,BalancedZippelSeparated
fire7_nb0_rank2535,Automatic,1,ok,234.541,64,2,1,0,0,2305843009213693967:61;2305843009213693973:3,Symbolica_default,cached_powers_Q,3,14,0.233,BalancedZippelSeparated
fire7_nb0_rank2536,Automatic,1,ok,347.311,44,2,1,0,0,2305843009213693967:41;2305843009213693973:3,Symbolica_default,cached_powers_Q,9,4,0.438,BalancedZippelSeparated
fire7_nb0_rank2537,Automatic,1,ok,332.831,46,2,1,0,0,2305843009213693967:43;2305843009213693973:3,Symbolica_default,cached_powers_Q,8,6,0.494,BalancedZippelSeparated
fire7_nb0_rank2538,Automatic,1,ok,291.202,57,2,1,0,0,2305843009213693967:54;2305843009213693973:3,Symbolica_default,cached_powers_Q,5,6,0.494,BalancedZippelSeparated
fire7_nb0_rank2539,Automatic,1,ok,421.642,60,2,1,0,0,2305843009213693967:57;2305843009213693973:3,Symbolica_default,cached_powers_Q,12,6,0.257,BalancedZippelSeparated
fire7_nb0_rank2540,Automatic,1,ok,398.842,46,2,1,0,0,2305843009213693967:43;2305843009213693973:3,Symbolica_default,cached_powers_Q,9,4,0.432,BalancedZippelSeparated
fire7_nb0_rank2541,Automatic,1,ok,240.261,57,2,1,0,0,2305843009213693967:54;2305843009213693973:3,Symbolica_default,cached_powers_Q,4,10,0.271,BalancedZippelSeparated
fire7_nb0_rank2542,Automatic,1,ok,293.552,60,2,1,0,0,2305843009213693967:57;2305843009213693973:3,Symbolica_default,cached_powers_Q,12,6,0.240,BalancedZippelSeparated
fire7_nb0_rank2543,Automatic,1,ok,244.442,45,2,1,0,0,2305843009213693967:42;2305843009213693973:3,Symbolica_default,cached_powers_Q,10,4,0.223,BalancedZippelSeparated
fire7_nb0_rank2544,Automatic,1,ok,243.431,45,2,1,0,0,2305843009213693967:42;2305843009213693973:3,Symbolica_default,cached_powers_Q,10,4,0.210,BalancedZippelSeparated
fire7_nb0_rank2545,Automatic,1,ok,357.122,50,2,1,0,0,2305843009213693967:47;2305843009213693973:3,Symbolica_default,cached_powers_Q,8,6,0.544,BalancedZippelSeparated
fire7_nb0_rank2546,Automatic,1,ok,589.813,50,2,1,0,0,2305843009213693967:47;2305843009213693973:3,Symbolica_default,cached_powers_Q,8,6,0.334,BalancedZippelSeparated
fire7_nb0_rank2547,Automatic,1,ok,504.292,54,2,1,0,0,2305843009213693967:51;2305843009213693973:3,Symbolica_default,cached_powers_Q,10,6,0.263,BalancedZippelSeparated
fire7_nb0_rank2548,Automatic,1,ok,270.932,44,2,1,0,0,2305843009213693967:41;2305843009213693973:3,Symbolica_default,cached_powers_Q,8,6,0.440,BalancedZippelSeparated
fire7_nb0_rank2549,Automatic,1,ok,232.711,57,2,1,0,0,2305843009213693967:54;2305843009213693973:3,Symbolica_default,cached_powers_Q,12,3,0.409,BalancedZippelSeparated
fire7_nb0_rank2550,Automatic,1,ok,301.902,73,2,1,0,0,2305843009213693967:70;2305843009213693973:3,Symbolica_default,cached_powers_Q,9,7,0.252,BalancedZippelSeparated
fire7_nb0_rank2551,Automatic,1,ok,548.562,67,2,1,0,0,2305843009213693967:64;2305843009213693973:3,Symbolica_default,cached_powers_Q,9,7,0.348,BalancedZippelSeparated
fire7_nb0_rank2552,Automatic,1,ok,339.882,46,2,1,0,0,2305843009213693967:43;2305843009213693973:3,Symbolica_default,cached_powers_Q,9,6,0.330,BalancedZippelSeparated
fire7_nb0_rank2553,Automatic,1,ok,556.913,47,2,1,0,0,2305843009213693967:44;2305843009213693973:3,Symbolica_default,cached_powers_Q,10,3,0.335,BalancedZippelSeparated
fire7_nb0_rank2554,Automatic,1,ok,439.212,46,2,1,0,0,2305843009213693967:43;2305843009213693973:3,Symbolica_default,cached_powers_Q,11,2,0.271,BalancedZippelSeparated
fire7_nb0_rank2555,Automatic,1,ok,338.761,50,2,1,0,0,2305843009213693967:47;2305843009213693973:3,Symbolica_default,cached_powers_Q,8,6,0.416,BalancedZippelSeparated
fire7_nb0_rank2556,Automatic,1,ok,229.311,47,2,1,0,0,2305843009213693967:44;2305843009213693973:3,Symbolica_default,cached_powers_Q,10,3,0.248,BalancedZippelSeparated
fire7_nb0_rank2557,Automatic,1,ok,483.673,47,2,1,0,0,2305843009213693967:44;2305843009213693973:3,Symbolica_default,cached_powers_Q,10,3,0.529,BalancedZippelSeparated
fire7_nb0_rank2558,Automatic,1,ok,297.322,43,2,1,0,0,2305843009213693967:40;2305843009213693973:3,Symbolica_default,cached_powers_Q,12,3,0.522,BalancedZippelSeparated
fire7_nb0_rank2559,Automatic,1,ok,295.371,43,2,1,0,0,2305843009213693967:40;2305843009213693973:3,Symbolica_default,cached_powers_Q,12,3,0.348,BalancedZippelSeparated
fire7_nb0_rank2560,Automatic,1,ok,232.861,47,2,1,0,0,2305843009213693967:44;2305843009213693973:3,Symbolica_default,cached_powers_Q,10,3,0.262,BalancedZippelSeparated
fire7_nb0_rank2561,Automatic,1,ok,219.390,43,2,1,0,0,2305843009213693967:40;2305843009213693973:3,Symbolica_default,cached_powers_Q,12,3,0.416,BalancedZippelSeparated
fire7_nb0_rank2562,Automatic,1,ok,218.381,47,2,1,0,0,2305843009213693967:44;2305843009213693973:3,Symbolica_default,cached_powers_Q,4,9,0.232,BalancedZippelSeparated
fire7_nb0_rank2563,Automatic,1,ok,345.372,51,2,1,0,0,2305843009213693967:48;2305843009213693973:3,Symbolica_default,cached_powers_Q,6,10,0.323,BalancedZippelSeparated
fire7_nb0_rank2564,Automatic,1,ok,332.631,45,2,1,0,0,2305843009213693967:42;2305843009213693973:3,Symbolica_default,cached_powers_Q,12,4,0.477,BalancedZippelSeparated
fire7_nb0_rank2565,Automatic,1,ok,432.292,51,2,1,0,0,2305843009213693967:48;2305843009213693973:3,Symbolica_default,cached_powers_Q,6,10,0.499,BalancedZippelSeparated
fire7_nb0_rank2566,Automatic,1,ok,262.161,61,2,1,0,0,2305843009213693967:58;2305843009213693973:3,Symbolica_default,cached_powers_Q,4,12,0.455,BalancedZippelSeparated
fire7_nb0_rank2567,Automatic,1,ok,261.461,46,2,1,0,0,2305843009213693967:43;2305843009213693973:3,Symbolica_default,cached_powers_Q,9,6,0.252,BalancedZippelSeparated
fire7_nb0_rank2568,Automatic,1,ok,265.501,46,2,1,0,0,2305843009213693967:43;2305843009213693973:3,Symbolica_default,cached_powers_Q,9,6,0.241,BalancedZippelSeparated
fire7_nb0_rank2569,Automatic,1,ok,247.082,54,2,1,0,0,2305843009213693967:51;2305843009213693973:3,Symbolica_default,cached_powers_Q,10,4,0.235,BalancedZippelSeparated
fire7_nb0_rank2570,Automatic,1,ok,333.972,48,2,1,0,0,2305843009213693967:45;2305843009213693973:3,Symbolica_default,cached_powers_Q,10,3,0.288,BalancedZippelSeparated
fire7_nb0_rank2571,Automatic,1,ok,403.362,54,2,1,0,0,2305843009213693967:51;2305843009213693973:3,Symbolica_default,cached_powers_Q,9,10,0.516,BalancedZippelSeparated
fire7_nb0_rank2572,Automatic,1,ok,485.242,65,2,1,0,0,2305843009213693967:62;2305843009213693973:3,Symbolica_default,cached_powers_Q,9,7,0.269,BalancedZippelSeparated
fire7_nb0_rank2573,Automatic,1,ok,381.752,61,2,1,0,0,2305843009213693967:58;2305843009213693973:3,Symbolica_default,cached_powers_Q,4,12,0.355,BalancedZippelSeparated
fire7_nb0_rank2574,Automatic,1,ok,416.532,47,2,1,0,0,2305843009213693967:44;2305843009213693973:3,Symbolica_default,cached_powers_Q,10,3,0.235,BalancedZippelSeparated
fire7_nb0_rank2575,Automatic,1,ok,236.831,47,2,1,0,0,2305843009213693967:44;2305843009213693973:3,Symbolica_default,cached_powers_Q,10,3,0.245,BalancedZippelSeparated
fire7_nb0_rank2576,Automatic,1,ok,311.102,57,2,1,0,0,2305843009213693967:54;2305843009213693973:3,Symbolica_default,cached_powers_Q,5,6,0.541,BalancedZippelSeparated
fire7_nb0_rank2577,Automatic,1,ok,459.872,57,2,1,0,0,2305843009213693967:54;2305843009213693973:3,Symbolica_default,cached_powers_Q,5,6,0.343,BalancedZippelSeparated
fire7_nb0_rank2578,Automatic,1,ok,408.182,47,2,1,0,0,2305843009213693967:44;2305843009213693973:3,Symbolica_default,cached_powers_Q,9,9,0.386,BalancedZippelSeparated
fire7_nb0_rank2579,Automatic,1,ok,338.831,54,2,1,0,0,2305843009213693967:51;2305843009213693973:3,Symbolica_default,cached_powers_Q,9,10,0.443,BalancedZippelSeparated
fire7_nb0_rank2580,Automatic,1,ok,245.471,47,2,1,0,0,2305843009213693967:44;2305843009213693973:3,Symbolica_default,cached_powers_Q,4,9,0.259,BalancedZippelSeparated
fire7_nb0_rank2581,Automatic,1,ok,271.372,46,2,1,0,0,2305843009213693967:43;2305843009213693973:3,Symbolica_default,cached_powers_Q,9,6,0.412,BalancedZippelSeparated
fire7_nb0_rank2582,Automatic,1,ok,389.972,46,2,1,0,0,2305843009213693967:43;2305843009213693973:3,Symbolica_default,cached_powers_Q,4,9,0.250,BalancedZippelSeparated
fire7_nb0_rank2583,Automatic,1,ok,474.272,46,2,1,0,0,2305843009213693967:43;2305843009213693973:3,Symbolica_default,cached_powers_Q,4,9,0.322,BalancedZippelSeparated
fire7_nb0_rank2584,Automatic,1,ok,317.962,45,2,1,0,0,2305843009213693967:42;2305843009213693973:3,Symbolica_default,cached_powers_Q,10,3,0.681,BalancedZippelSeparated
fire7_nb0_rank2585,Automatic,1,ok,283.472,44,2,1,0,0,2305843009213693967:41;2305843009213693973:3,Symbolica_default,cached_powers_Q,8,6,0.261,BalancedZippelSeparated
fire7_nb0_rank2586,Automatic,1,ok,235.072,47,2,1,0,0,2305843009213693967:44;2305843009213693973:3,Symbolica_default,cached_powers_Q,4,9,0.258,BalancedZippelSeparated
fire7_nb0_rank2587,Automatic,1,ok,416.091,65,2,1,0,0,2305843009213693967:62;2305843009213693973:3,Symbolica_default,cached_powers_Q,12,5,0.276,BalancedZippelSeparated
fire7_nb0_rank2588,Automatic,1,ok,258.892,58,2,1,0,0,2305843009213693967:55;2305843009213693973:3,Symbolica_default,cached_powers_Q,12,4,0.297,BalancedZippelSeparated
fire7_nb0_rank2589,Automatic,1,ok,238.581,61,2,1,0,0,2305843009213693967:58;2305843009213693973:3,Symbolica_default,cached_powers_Q,4,12,0.231,BalancedZippelSeparated
fire7_nb0_rank2590,Automatic,1,ok,318.341,52,2,1,0,0,2305843009213693967:49;2305843009213693973:3,Symbolica_default,cached_powers_Q,5,9,0.337,BalancedZippelSeparated
fire7_nb0_rank2591,Automatic,1,ok,540.733,49,2,1,0,0,2305843009213693967:46;2305843009213693973:3,Symbolica_default,cached_powers_Q,8,6,0.358,BalancedZippelSeparated
fire7_nb0_rank2592,Automatic,1,ok,256.531,52,2,1,0,0,2305843009213693967:49;2305843009213693973:3,Symbolica_default,cached_powers_Q,5,9,0.451,BalancedZippelSeparated
fire7_nb0_rank2593,Automatic,1,ok,265.761,49,2,1,0,0,2305843009213693967:46;2305843009213693973:3,Symbolica_default,cached_powers_Q,8,6,0.253,BalancedZippelSeparated
fire7_nb0_rank2594,Automatic,1,ok,253.051,52,2,1,0,0,2305843009213693967:49;2305843009213693973:3,Symbolica_default,cached_powers_Q,5,9,0.257,BalancedZippelSeparated
fire7_nb0_rank2595,Automatic,1,ok,505.593,52,2,1,0,0,2305843009213693967:49;2305843009213693973:3,Symbolica_default,cached_powers_Q,5,9,0.341,BalancedZippelSeparated
fire7_nb0_rank2596,Automatic,1,ok,317.131,49,2,1,0,0,2305843009213693967:46;2305843009213693973:3,Symbolica_default,cached_powers_Q,8,6,0.341,BalancedZippelSeparated
fire7_nb0_rank2597,Automatic,1,ok,589.733,49,2,1,0,0,2305843009213693967:46;2305843009213693973:3,Symbolica_default,cached_powers_Q,8,6,0.351,BalancedZippelSeparated
fire7_nb0_rank2598,Automatic,1,ok,274.251,57,2,1,0,0,2305843009213693967:54;2305843009213693973:3,Symbolica_default,cached_powers_Q,12,4,0.285,BalancedZippelSeparated
fire7_nb0_rank2599,Automatic,1,ok,406.891,61,2,1,0,0,2305843009213693967:58;2305843009213693973:3,Symbolica_default,cached_powers_Q,4,12,0.267,BalancedZippelSeparated
fire7_nb0_rank2600,Automatic,1,ok,248.272,49,2,1,0,0,2305843009213693967:46;2305843009213693973:3,Symbolica_default,cached_powers_Q,8,6,0.254,BalancedZippelSeparated
fire7_nb0_rank2601,Automatic,1,ok,274.902,48,2,1,0,0,2305843009213693967:45;2305843009213693973:3,Symbolica_default,cached_powers_Q,8,6,0.251,BalancedZippelSeparated
fire7_nb0_rank2602,Automatic,1,ok,347.612,51,2,1,0,0,2305843009213693967:48;2305843009213693973:3,Symbolica_default,cached_powers_Q,3,10,0.306,BalancedZippelSeparated
fire7_nb0_rank2603,Automatic,1,ok,563.423,46,2,1,0,0,2305843009213693967:43;2305843009213693973:3,Symbolica_default,cached_powers_Q,8,3,0.345,BalancedZippelSeparated
fire7_nb0_rank2604,Automatic,1,ok,312.661,49,2,1,0,0,2305843009213693967:46;2305843009213693973:3,Symbolica_default,cached_powers_Q,8,6,0.342,BalancedZippelSeparated
fire7_nb0_rank2605,Automatic,1,ok,296.751,49,2,1,0,0,2305843009213693967:46;2305843009213693973:3,Symbolica_default,cached_powers_Q,8,6,0.259,BalancedZippelSeparated
fire7_nb0_rank2606,Automatic,1,ok,423.112,46,2,1,0,0,2305843009213693967:43;2305843009213693973:3,Symbolica_default,cached_powers_Q,8,3,0.254,BalancedZippelSeparated
fire7_nb0_rank2607,Automatic,1,ok,436.832,45,2,1,0,0,2305843009213693967:42;2305843009213693973:3,Symbolica_default,cached_powers_Q,9,4,0.251,BalancedZippelSeparated
fire7_nb0_rank2608,Automatic,1,ok,411.651,47,2,1,0,0,2305843009213693967:44;2305843009213693973:3,Symbolica_default,cached_powers_Q,8,6,0.240,BalancedZippelSeparated
fire7_nb0_rank2609,Automatic,1,ok,518.752,47,2,1,0,0,2305843009213693967:44;2305843009213693973:3,Symbolica_default,cached_powers_Q,8,6,0.525,BalancedZippelSeparated
fire7_nb0_rank2610,Automatic,1,ok,247.601,46,2,1,0,0,2305843009213693967:43;2305843009213693973:3,Symbolica_default,cached_powers_Q,12,2,0.246,BalancedZippelSeparated
fire7_nb0_rank2611,Automatic,1,ok,248.711,48,2,1,0,0,2305843009213693967:45;2305843009213693973:3,Symbolica_default,cached_powers_Q,12,2,0.446,BalancedZippelSeparated
fire7_nb0_rank2612,Automatic,1,ok,235.661,55,2,1,0,0,2305843009213693967:52;2305843009213693973:3,Symbolica_default,cached_powers_Q,12,2,0.448,BalancedZippelSeparated
fire7_nb0_rank2613,Automatic,1,ok,211.371,50,2,1,0,0,2305843009213693967:47;2305843009213693973:3,Symbolica_default,cached_powers_Q,6,4,0.419,BalancedZippelSeparated
fire7_nb0_rank2614,Automatic,1,ok,310.372,48,2,1,0,0,2305843009213693967:45;2305843009213693973:3,Symbolica_default,cached_powers_Q,4,9,0.549,BalancedZippelSeparated
fire7_nb0_rank2615,Automatic,1,ok,339.112,45,2,1,0,0,2305843009213693967:42;2305843009213693973:3,Symbolica_default,cached_powers_Q,11,3,0.322,BalancedZippelSeparated
fire7_nb0_rank2616,Automatic,1,ok,330.532,44,2,1,0,0,2305843009213693967:41;2305843009213693973:3,Symbolica_default,cached_powers_Q,12,2,0.362,BalancedZippelSeparated
fire7_nb0_rank2617,Automatic,1,ok,249.222,46,2,1,0,0,2305843009213693967:43;2305843009213693973:3,Symbolica_default,cached_powers_Q,4,9,0.454,BalancedZippelSeparated
fire7_nb0_rank2618,Automatic,1,ok,238.032,46,2,1,0,0,2305843009213693967:43;2305843009213693973:3,Symbolica_default,cached_powers_Q,4,9,0.448,BalancedZippelSeparated
fire7_nb0_rank2619,Automatic,1,ok,493.032,51,2,1,0,0,2305843009213693967:48;2305843009213693973:3,Symbolica_default,cached_powers_Q,6,10,0.264,BalancedZippelSeparated
fire7_nb0_rank2620,Automatic,1,ok,301.942,49,2,1,0,0,2305843009213693967:46;2305843009213693973:3,Symbolica_default,cached_powers_Q,6,10,0.262,BalancedZippelSeparated
fire7_nb0_rank2621,Automatic,1,ok,389.952,49,2,1,0,0,2305843009213693967:46;2305843009213693973:3,Symbolica_default,cached_powers_Q,10,8,0.536,BalancedZippelSeparated
fire7_nb0_rank2622,Automatic,1,ok,298.412,55,2,1,0,0,2305843009213693967:52;2305843009213693973:3,Symbolica_default,cached_powers_Q,7,4,0.541,BalancedZippelSeparated
fire7_nb0_rank2623,Automatic,1,ok,413.602,46,2,1,0,0,2305843009213693967:43;2305843009213693973:3,Symbolica_default,cached_powers_Q,4,9,0.341,BalancedZippelSeparated
fire7_nb0_rank2624,Automatic,1,ok,551.213,51,2,1,0,0,2305843009213693967:48;2305843009213693973:3,Symbolica_default,cached_powers_Q,12,4,0.349,BalancedZippelSeparated
fire7_nb0_rank2625,Automatic,1,ok,306.491,47,2,1,0,0,2305843009213693967:44;2305843009213693973:3,Symbolica_default,cached_powers_Q,9,6,0.269,BalancedZippelSeparated
fire7_nb0_rank2626,Automatic,1,ok,286.821,45,2,1,0,0,2305843009213693967:42;2305843009213693973:3,Symbolica_default,cached_powers_Q,9,6,0.246,BalancedZippelSeparated
fire7_nb0_rank2627,Automatic,1,ok,290.812,45,2,1,0,0,2305843009213693967:42;2305843009213693973:3,Symbolica_default,cached_powers_Q,9,6,0.255,BalancedZippelSeparated
fire7_nb0_rank2628,Automatic,1,ok,245.972,45,2,1,0,0,2305843009213693967:42;2305843009213693973:3,Symbolica_default,cached_powers_Q,12,2,0.243,BalancedZippelSeparated
fire7_nb0_rank2629,Automatic,1,ok,321.901,46,2,1,0,0,2305843009213693967:43;2305843009213693973:3,Symbolica_default,cached_powers_Q,6,6,0.334,BalancedZippelSeparated
fire7_nb0_rank2630,Automatic,1,ok,357.192,49,2,1,0,0,2305843009213693967:46;2305843009213693973:3,Symbolica_default,cached_powers_Q,6,8,0.365,BalancedZippelSeparated
fire7_nb0_rank2631,Automatic,1,ok,540.093,55,2,1,0,0,2305843009213693967:52;2305843009213693973:3,Symbolica_default,cached_powers_Q,4,10,0.355,BalancedZippelSeparated
fire7_nb0_rank2632,Automatic,1,ok,258.731,46,2,1,0,0,2305843009213693967:43;2305843009213693973:3,Symbolica_default,cached_powers_Q,7,3,0.401,BalancedZippelSeparated
fire7_nb0_rank2633,Automatic,1,ok,419.882,51,2,1,0,0,2305843009213693967:48;2305843009213693973:3,Symbolica_default,cached_powers_Q,10,4,0.242,BalancedZippelSeparated
fire7_nb0_rank2634,Automatic,1,ok,447.142,60,2,1,0,0,2305843009213693967:57;2305843009213693973:3,Symbolica_default,cached_powers_Q,10,6,0.266,BalancedZippelSeparated
fire7_nb0_rank2635,Automatic,1,ok,449.851,48,2,1,0,0,2305843009213693967:45;2305843009213693973:3,Symbolica_default,cached_powers_Q,10,4,0.235,BalancedZippelSeparated
fire7_nb0_rank2636,Automatic,1,ok,353.052,49,2,1,0,0,2305843009213693967:46;2305843009213693973:3,Symbolica_default,cached_powers_Q,8,4,0.358,BalancedZippelSeparated
fire7_nb0_rank2637,Automatic,1,ok,561.703,46,2,1,0,0,2305843009213693967:43;2305843009213693973:3,Symbolica_default,cached_powers_Q,7,3,0.348,BalancedZippelSeparated
fire7_nb0_rank2638,Automatic,1,ok,530.093,47,2,1,0,0,2305843009213693967:44;2305843009213693973:3,Symbolica_default,cached_powers_Q,8,6,0.254,BalancedZippelSeparated
fire7_nb0_rank2639,Automatic,1,ok,222.421,49,2,1,0,0,2305843009213693967:46;2305843009213693973:3,Symbolica_default,cached_powers_Q,3,10,0.240,BalancedZippelSeparated
fire7_nb0_rank2640,Automatic,1,ok,211.281,46,2,1,0,0,2305843009213693967:43;2305843009213693973:3,Symbolica_default,cached_powers_Q,4,9,0.213,BalancedZippelSeparated
fire7_nb0_rank2641,Automatic,1,ok,418.832,50,2,1,0,0,2305843009213693967:47;2305843009213693973:3,Symbolica_default,cached_powers_Q,4,10,0.224,BalancedZippelSeparated
fire7_nb0_rank2642,Automatic,1,ok,452.672,65,2,1,0,0,2305843009213693967:62;2305843009213693973:3,Symbolica_default,cached_powers_Q,12,3,0.538,BalancedZippelSeparated
fire7_nb0_rank2643,Automatic,1,ok,374.562,50,2,1,0,0,2305843009213693967:47;2305843009213693973:3,Symbolica_default,cached_powers_Q,10,4,0.509,BalancedZippelSeparated
fire7_nb0_rank2644,Automatic,1,ok,285.071,47,2,1,0,0,2305843009213693967:44;2305843009213693973:3,Symbolica_default,cached_powers_Q,9,6,0.409,BalancedZippelSeparated
fire7_nb0_rank2645,Automatic,1,ok,265.361,60,2,1,0,0,2305843009213693967:57;2305843009213693973:3,Symbolica_default,cached_powers_Q,9,5,0.205,BalancedZippelSeparated
fire7_nb0_rank2646,Automatic,1,ok,286.812,63,2,1,0,0,2305843009213693967:60;2305843009213693973:3,Symbolica_default,cached_powers_Q,12,5,0.246,BalancedZippelSeparated
fire7_nb0_rank2647,Automatic,1,ok,414.202,50,2,1,0,0,2305843009213693967:47;2305843009213693973:3,Symbolica_default,cached_powers_Q,4,10,0.229,BalancedZippelSeparated
fire7_nb0_rank2648,Automatic,1,ok,279.362,60,2,1,0,0,2305843009213693967:57;2305843009213693973:3,Symbolica_default,cached_powers_Q,9,5,0.411,BalancedZippelSeparated
fire7_nb0_rank2649,Automatic,1,ok,394.782,45,2,1,0,0,2305843009213693967:42;2305843009213693973:3,Symbolica_default,cached_powers_Q,9,6,0.333,BalancedZippelSeparated
fire7_nb0_rank2650,Automatic,1,ok,408.792,45,2,1,0,0,2305843009213693967:42;2305843009213693973:3,Symbolica_default,cached_powers_Q,9,6,0.335,BalancedZippelSeparated
fire7_nb0_rank2651,Automatic,1,ok,215.870,48,2,1,0,0,2305843009213693967:45;2305843009213693973:3,Symbolica_default,cached_powers_Q,9,3,0.249,BalancedZippelSeparated
fire7_nb0_rank2652,Automatic,1,ok,283.621,45,2,1,0,0,2305843009213693967:42;2305843009213693973:3,Symbolica_default,cached_powers_Q,9,6,0.234,BalancedZippelSeparated
fire7_nb0_rank2653,Automatic,1,ok,282.882,45,2,1,0,0,2305843009213693967:42;2305843009213693973:3,Symbolica_default,cached_powers_Q,9,6,0.231,BalancedZippelSeparated
fire7_nb0_rank2654,Automatic,1,ok,255.131,48,2,1,0,0,2305843009213693967:45;2305843009213693973:3,Symbolica_default,cached_powers_Q,9,3,0.395,BalancedZippelSeparated
fire7_nb0_rank2655,Automatic,1,ok,401.182,45,2,1,0,0,2305843009213693967:42;2305843009213693973:3,Symbolica_default,cached_powers_Q,9,6,0.322,BalancedZippelSeparated
fire7_nb0_rank2656,Automatic,1,ok,289.511,44,2,1,0,0,2305843009213693967:41;2305843009213693973:3,Symbolica_default,cached_powers_Q,6,6,0.397,BalancedZippelSeparated
fire7_nb0_rank2657,Automatic,1,ok,423.272,51,2,1,0,0,2305843009213693967:48;2305843009213693973:3,Symbolica_default,cached_powers_Q,12,4,0.247,BalancedZippelSeparated
fire7_nb0_rank2658,Automatic,1,ok,419.613,51,2,1,0,0,2305843009213693967:48;2305843009213693973:3,Symbolica_default,cached_powers_Q,12,4,0.233,BalancedZippelSeparated
fire7_nb0_rank2659,Automatic,1,ok,417.702,50,2,1,0,0,2305843009213693967:47;2305843009213693973:3,Symbolica_default,cached_powers_Q,4,10,0.240,BalancedZippelSeparated
fire7_nb0_rank2660,Automatic,1,ok,467.582,57,2,1,0,0,2305843009213693967:54;2305843009213693973:3,Symbolica_default,cached_powers_Q,10,5,0.354,BalancedZippelSeparated
fire7_nb0_rank2661,Automatic,1,ok,544.773,50,2,1,0,0,2305843009213693967:47;2305843009213693973:3,Symbolica_default,cached_powers_Q,6,10,0.333,BalancedZippelSeparated
fire7_nb0_rank2662,Automatic,1,ok,419.202,41,2,1,0,0,2305843009213693967:38;2305843009213693973:3,Symbolica_default,cached_powers_Q,9,2,0.546,BalancedZippelSeparated
fire7_nb0_rank2663,Automatic,1,ok,248.341,45,2,1,0,0,2305843009213693967:42;2305843009213693973:3,Symbolica_default,cached_powers_Q,9,2,0.240,BalancedZippelSeparated
fire7_nb0_rank2664,Automatic,1,ok,398.012,44,2,1,0,0,2305843009213693967:41;2305843009213693973:3,Symbolica_default,cached_powers_Q,5,8,0.248,BalancedZippelSeparated
fire7_nb0_rank2665,Automatic,1,ok,276.101,49,2,1,0,0,2305843009213693967:46;2305843009213693973:3,Symbolica_default,cached_powers_Q,9,3,0.245,BalancedZippelSeparated
fire7_nb0_rank2666,Automatic,1,ok,226.132,44,2,1,0,0,2305843009213693967:41;2305843009213693973:3,Symbolica_default,cached_powers_Q,5,8,0.224,BalancedZippelSeparated
fire7_nb0_rank2667,Automatic,1,ok,398.672,59,2,1,0,0,2305843009213693967:56;2305843009213693973:3,Symbolica_default,cached_powers_Q,10,5,0.355,BalancedZippelSeparated
fire7_nb0_rank2668,Automatic,1,ok,356.562,49,2,1,0,0,2305843009213693967:46;2305843009213693973:3,Symbolica_default,cached_powers_Q,9,3,0.350,BalancedZippelSeparated
fire7_nb0_rank2669,Automatic,1,ok,552.483,59,2,1,0,0,2305843009213693967:56;2305843009213693973:3,Symbolica_default,cached_powers_Q,10,5,0.242,BalancedZippelSeparated
fire7_nb0_rank2670,Automatic,1,ok,292.421,55,2,1,0,0,2305843009213693967:52;2305843009213693973:3,Symbolica_default,cached_powers_Q,10,5,0.225,BalancedZippelSeparated
fire7_nb0_rank2671,Automatic,1,ok,236.671,44,2,1,0,0,2305843009213693967:41;2305843009213693973:3,Symbolica_default,cached_powers_Q,10,4,0.212,BalancedZippelSeparated
fire7_nb0_rank2672,Automatic,1,ok,302.662,62,2,1,0,0,2305843009213693967:59;2305843009213693973:3,Symbolica_default,cached_powers_Q,9,6,0.218,BalancedZippelSeparated
fire7_nb0_rank2673,Automatic,1,ok,330.312,44,2,1,0,0,2305843009213693967:41;2305843009213693973:3,Symbolica_default,cached_powers_Q,9,6,0.333,BalancedZippelSeparated
fire7_nb0_rank2674,Automatic,1,ok,290.081,45,2,1,0,0,2305843009213693967:42;2305843009213693973:3,Symbolica_default,cached_powers_Q,8,2,0.320,BalancedZippelSeparated
fire7_nb0_rank2675,Automatic,1,ok,464.842,45,2,1,0,0,2305843009213693967:42;2305843009213693973:3,Symbolica_default,cached_powers_Q,9,6,0.420,BalancedZippelSeparated
fire7_nb0_rank2676,Automatic,1,ok,274.791,55,2,1,0,0,2305843009213693967:52;2305843009213693973:3,Symbolica_default,cached_powers_Q,10,5,0.239,BalancedZippelSeparated
fire7_nb0_rank2677,Automatic,1,ok,322.061,50,2,1,0,0,2305843009213693967:47;2305843009213693973:3,Symbolica_default,cached_powers_Q,6,3,0.221,BalancedZippelSeparated
fire7_nb0_rank2678,Automatic,1,ok,213.201,51,2,1,0,0,2305843009213693967:48;2305843009213693973:3,Symbolica_default,cached_powers_Q,3,10,0.373,BalancedZippelSeparated
fire7_nb0_rank2679,Automatic,1,ok,306.151,46,2,1,0,0,2305843009213693967:43;2305843009213693973:3,Symbolica_default,cached_powers_Q,6,6,0.374,BalancedZippelSeparated
fire7_nb0_rank2680,Automatic,1,ok,371.742,50,2,1,0,0,2305843009213693967:47;2305843009213693973:3,Symbolica_default,cached_powers_Q,10,3,0.521,BalancedZippelSeparated
fire7_nb0_rank2681,Automatic,1,ok,668.294,62,2,1,0,0,2305843009213693967:59;2305843009213693973:3,Symbolica_default,cached_powers_Q,10,5,0.317,BalancedZippelSeparated
fire7_nb0_rank2682,Automatic,1,ok,275.801,67,2,1,0,0,2305843009213693967:64;2305843009213693973:3,Symbolica_default,cached_powers_Q,9,4,0.223,BalancedZippelSeparated
fire7_nb0_rank2683,Automatic,1,ok,197.010,51,2,1,0,0,2305843009213693967:48;2305843009213693973:3,Symbolica_default,cached_powers_Q,3,10,0.213,BalancedZippelSeparated
fire7_nb0_rank2684,Automatic,1,ok,433.302,45,2,1,0,0,2305843009213693967:42;2305843009213693973:3,Symbolica_default,cached_powers_Q,9,6,0.217,BalancedZippelSeparated
fire7_nb0_rank2685,Automatic,1,ok,404.212,43,2,1,0,0,2305843009213693967:40;2305843009213693973:3,Symbolica_default,cached_powers_Q,9,6,0.237,BalancedZippelSeparated
fire7_nb0_rank2686,Automatic,1,ok,298.321,51,2,1,0,0,2305843009213693967:48;2305843009213693973:3,Symbolica_default,cached_powers_Q,12,2,0.339,BalancedZippelSeparated
fire7_nb0_rank2687,Automatic,1,ok,293.371,44,2,1,0,0,2305843009213693967:41;2305843009213693973:3,Symbolica_default,cached_powers_Q,4,9,0.337,BalancedZippelSeparated
fire7_nb0_rank2688,Automatic,1,ok,315.322,49,2,1,0,0,2305843009213693967:46;2305843009213693973:3,Symbolica_default,cached_powers_Q,10,4,0.247,BalancedZippelSeparated
fire7_nb0_rank2689,Automatic,1,ok,276.541,48,2,1,0,0,2305843009213693967:45;2305843009213693973:3,Symbolica_default,cached_powers_Q,8,6,0.322,BalancedZippelSeparated
fire7_nb0_rank2690,Automatic,1,ok,234.001,43,2,1,0,0,2305843009213693967:40;2305843009213693973:3,Symbolica_default,cached_powers_Q,9,6,0.381,BalancedZippelSeparated
fire7_nb0_rank2691,Automatic,1,ok,210.491,44,2,1,0,0,2305843009213693967:41;2305843009213693973:3,Symbolica_default,cached_powers_Q,4,9,0.206,BalancedZippelSeparated
fire7_nb0_rank2692,Automatic,1,ok,247.661,43,2,1,0,0,2305843009213693967:40;2305843009213693973:3,Symbolica_default,cached_powers_Q,9,6,0.216,BalancedZippelSeparated
fire7_nb0_rank2693,Automatic,1,ok,490.773,43,2,1,0,0,2305843009213693967:40;2305843009213693973:3,Symbolica_default,cached_powers_Q,9,6,0.347,BalancedZippelSeparated
fire7_nb0_rank2694,Automatic,1,ok,318.132,43,2,1,0,0,2305843009213693967:40;2305843009213693973:3,Symbolica_default,cached_powers_Q,6,6,0.320,BalancedZippelSeparated
fire7_nb0_rank2695,Automatic,1,ok,425.623,57,2,1,0,0,2305843009213693967:54;2305843009213693973:3,Symbolica_default,cached_powers_Q,12,3,0.241,BalancedZippelSeparated
fire7_nb0_rank2696,Automatic,1,ok,248.891,58,2,1,0,0,2305843009213693967:55;2305843009213693973:3,Symbolica_default,cached_powers_Q,9,5,0.358,BalancedZippelSeparated
fire7_nb0_rank2697,Automatic,1,ok,325.272,49,2,1,0,0,2305843009213693967:46;2305843009213693973:3,Symbolica_default,cached_powers_Q,10,4,0.327,BalancedZippelSeparated
fire7_nb0_rank2698,Automatic,1,ok,314.761,44,2,1,0,0,2305843009213693967:41;2305843009213693973:3,Symbolica_default,cached_powers_Q,4,9,0.216,BalancedZippelSeparated
fire7_nb0_rank2699,Automatic,1,ok,411.522,46,2,1,0,0,2305843009213693967:43;2305843009213693973:3,Symbolica_default,cached_powers_Q,6,6,0.487,BalancedZippelSeparated
fire7_nb0_rank2700,Automatic,1,ok,355.552,58,2,1,0,0,2305843009213693967:55;2305843009213693973:3,Symbolica_default,cached_powers_Q,9,5,0.344,BalancedZippelSeparated
fire7_nb0_rank2701,Automatic,1,ok,226.661,45,2,1,0,0,2305843009213693967:42;2305843009213693973:3,Symbolica_default,cached_powers_Q,9,2,0.230,BalancedZippelSeparated
fire7_nb0_rank2702,Automatic,1,ok,196.631,49,2,1,0,0,2305843009213693967:46;2305843009213693973:3,Symbolica_default,cached_powers_Q,6,4,0.212,BalancedZippelSeparated
fire7_nb0_rank2703,Automatic,1,ok,240.421,46,2,1,0,0,2305843009213693967:43;2305843009213693973:3,Symbolica_default,cached_powers_Q,6,6,0.222,BalancedZippelSeparated
fire7_nb0_rank2704,Automatic,1,ok,291.762,61,2,1,0,0,2305843009213693967:58;2305843009213693973:3,Symbolica_default,cached_powers_Q,10,5,0.206,BalancedZippelSeparated
fire7_nb0_rank2705,Automatic,1,ok,423.262,52,2,1,0,0,2305843009213693967:49;2305843009213693973:3,Symbolica_default,cached_powers_Q,9,3,0.224,BalancedZippelSeparated
fire7_nb0_rank2706,Automatic,1,ok,282.541,41,2,1,0,0,2305843009213693967:38;2305843009213693973:3,Symbolica_default,cached_powers_Q,8,3,0.317,BalancedZippelSeparated
fire7_nb0_rank2707,Automatic,1,ok,569.332,41,2,1,0,0,2305843009213693967:38;2305843009213693973:3,Symbolica_default,cached_powers_Q,8,3,0.323,BalancedZippelSeparated
fire7_nb0_rank2708,Automatic,1,ok,255.731,41,2,1,0,0,2305843009213693967:38;2305843009213693973:3,Symbolica_default,cached_powers_Q,9,4,0.235,BalancedZippelSeparated
fire7_nb0_rank2709,Automatic,1,ok,378.912,41,2,1,0,0,2305843009213693967:38;2305843009213693973:3,Symbolica_default,cached_powers_Q,9,4,0.213,BalancedZippelSeparated
fire7_nb0_rank2710,Automatic,1,ok,209.291,43,2,1,0,0,2305843009213693967:40;2305843009213693973:3,Symbolica_default,cached_powers_Q,9,3,0.221,BalancedZippelSeparated
fire7_nb0_rank2711,Automatic,1,ok,215.672,43,2,1,0,0,2305843009213693967:40;2305843009213693973:3,Symbolica_default,cached_powers_Q,6,6,0.219,BalancedZippelSeparated
fire7_nb0_rank2712,Automatic,1,ok,288.281,48,2,1,0,0,2305843009213693967:45;2305843009213693973:3,Symbolica_default,cached_powers_Q,4,6,0.321,BalancedZippelSeparated
fire7_nb0_rank2713,Automatic,1,ok,380.122,41,2,1,0,0,2305843009213693967:38;2305843009213693973:3,Symbolica_default,cached_powers_Q,9,4,0.322,BalancedZippelSeparated
fire7_nb0_rank2714,Automatic,1,ok,426.571,43,2,1,0,0,2305843009213693967:40;2305843009213693973:3,Symbolica_default,cached_powers_Q,9,6,0.259,BalancedZippelSeparated
fire7_nb0_rank2715,Automatic,1,ok,359.692,46,2,1,0,0,2305843009213693967:43;2305843009213693973:3,Symbolica_default,cached_powers_Q,6,6,0.216,BalancedZippelSeparated
fire7_nb0_rank2716,Automatic,1,ok,281.341,57,2,1,0,0,2305843009213693967:54;2305843009213693973:3,Symbolica_default,cached_powers_Q,8,5,0.341,BalancedZippelSeparated
fire7_nb0_rank2717,Automatic,1,ok,403.852,57,2,1,0,0,2305843009213693967:54;2305843009213693973:3,Symbolica_default,cached_powers_Q,8,5,0.235,BalancedZippelSeparated
fire7_nb0_rank2718,Automatic,1,ok,369.272,43,2,1,0,0,2305843009213693967:40;2305843009213693973:3,Symbolica_default,cached_powers_Q,9,6,0.502,BalancedZippelSeparated
fire7_nb0_rank2719,Automatic,1,ok,284.931,48,2,1,0,0,2305843009213693967:45;2305843009213693973:3,Symbolica_default,cached_powers_Q,4,6,0.320,BalancedZippelSeparated
fire7_nb0_rank2720,Automatic,1,ok,459.063,48,2,1,0,0,2305843009213693967:45;2305843009213693973:3,Symbolica_default,cached_powers_Q,4,6,0.334,BalancedZippelSeparated
fire7_nb0_rank2721,Automatic,1,ok,341.272,41,2,1,0,0,2305843009213693967:38;2305843009213693973:3,Symbolica_default,cached_powers_Q,9,2,0.218,BalancedZippelSeparated
fire7_nb0_rank2722,Automatic,1,ok,181.740,41,2,1,0,0,2305843009213693967:38;2305843009213693973:3,Symbolica_default,cached_powers_Q,9,2,0.226,BalancedZippelSeparated
fire7_nb0_rank2723,Automatic,1,ok,199.941,48,2,1,0,0,2305843009213693967:45;2305843009213693973:3,Symbolica_default,cached_powers_Q,4,6,0.221,BalancedZippelSeparated
fire7_nb0_rank2724,Automatic,1,ok,332.582,49,2,1,0,0,2305843009213693967:46;2305843009213693973:3,Symbolica_default,cached_powers_Q,8,3,0.310,BalancedZippelSeparated
fire7_nb0_rank2725,Automatic,1,ok,559.253,39,2,1,0,0,2305843009213693967:36;2305843009213693973:3,Symbolica_default,cached_powers_Q,9,4,0.327,BalancedZippelSeparated
fire7_nb0_rank2726,Automatic,1,ok,294.411,48,2,1,0,0,2305843009213693967:45;2305843009213693973:3,Symbolica_default,cached_powers_Q,4,6,0.547,BalancedZippelSeparated
fire7_nb0_rank2727,Automatic,1,ok,278.951,43,2,1,0,0,2305843009213693967:40;2305843009213693973:3,Symbolica_default,cached_powers_Q,9,6,0.248,BalancedZippelSeparated
fire7_nb0_rank2728,Automatic,1,ok,219.101,39,2,1,0,0,2305843009213693967:36;2305843009213693973:3,Symbolica_default,cached_powers_Q,9,4,0.371,BalancedZippelSeparated
fire7_nb0_rank2729,Automatic,1,ok,248.891,46,2,1,0,0,2305843009213693967:43;2305843009213693973:3,Symbolica_default,cached_powers_Q,6,6,0.220,BalancedZippelSeparated
fire7_nb0_rank2730,Automatic,1,ok,246.252,46,2,1,0,0,2305843009213693967:43;2305843009213693973:3,Symbolica_default,cached_powers_Q,6,6,0.394,BalancedZippelSeparated
fire7_nb0_rank2731,Automatic,1,ok,358.602,49,2,1,0,0,2305843009213693967:46;2305843009213693973:3,Symbolica_default,cached_powers_Q,10,4,0.341,BalancedZippelSeparated
fire7_nb0_rank2732,Automatic,1,ok,550.993,46,2,1,0,0,2305843009213693967:43;2305843009213693973:3,Symbolica_default,cached_powers_Q,6,6,0.543,BalancedZippelSeparated
fire7_nb0_rank2733,Automatic,1,ok,251.121,41,2,1,0,0,2305843009213693967:38;2305843009213693973:3,Symbolica_default,cached_powers_Q,8,2,0.370,BalancedZippelSeparated
fire7_nb0_rank2734,Automatic,1,ok,348.522,49,2,1,0,0,2305843009213693967:46;2305843009213693973:3,Symbolica_default,cached_powers_Q,3,10,0.219,BalancedZippelSeparated
fire7_nb0_rank2735,Automatic,1,ok,205.400,49,2,1,0,0,2305843009213693967:46;2305843009213693973:3,Symbolica_default,cached_powers_Q,3,10,0.359,BalancedZippelSeparated
fire7_nb0_rank2736,Automatic,1,ok,246.441,57,2,1,0,0,2305843009213693967:54;2305843009213693973:3,Symbolica_default,cached_powers_Q,11,3,0.208,BalancedZippelSeparated
fire7_nb0_rank2737,Automatic,1,ok,349.581,43,2,1,0,0,2305843009213693967:40;2305843009213693973:3,Symbolica_default,cached_powers_Q,3,9,0.218,BalancedZippelSeparated
fire7_nb0_rank2738,Automatic,1,ok,277.582,42,2,1,0,0,2305843009213693967:39;2305843009213693973:3,Symbolica_default,cached_powers_Q,8,2,0.515,BalancedZippelSeparated
fire7_nb0_rank2739,Automatic,1,ok,303.241,43,2,1,0,0,2305843009213693967:40;2305843009213693973:3,Symbolica_default,cached_powers_Q,3,9,0.328,BalancedZippelSeparated
fire7_nb0_rank2740,Automatic,1,ok,261.701,43,2,1,0,0,2305843009213693967:40;2305843009213693973:3,Symbolica_default,cached_powers_Q,3,9,0.368,BalancedZippelSeparated
fire7_nb0_rank2741,Automatic,1,ok,244.781,70,2,1,0,0,2305843009213693967:67;2305843009213693973:3,Symbolica_default,cached_powers_Q,8,4,0.224,BalancedZippelSeparated
fire7_nb0_rank2742,Automatic,1,ok,205.831,49,2,1,0,0,2305843009213693967:46;2305843009213693973:3,Symbolica_default,cached_powers_Q,10,2,0.243,BalancedZippelSeparated
fire7_nb0_rank2743,Automatic,1,ok,224.401,41,2,1,0,0,2305843009213693967:38;2305843009213693973:3,Symbolica_default,cached_powers_Q,8,2,0.366,BalancedZippelSeparated
fire7_nb0_rank2744,Automatic,1,ok,485.933,42,2,1,0,0,2305843009213693967:39;2305843009213693973:3,Symbolica_default,cached_powers_Q,8,2,0.306,BalancedZippelSeparated
fire7_nb0_rank2745,Automatic,1,ok,419.272,49,2,1,0,0,2305843009213693967:46;2305843009213693973:3,Symbolica_default,cached_powers_Q,3,10,0.255,BalancedZippelSeparated
fire7_nb0_rank2746,Automatic,1,ok,345.621,42,2,1,0,0,2305843009213693967:39;2305843009213693973:3,Symbolica_default,cached_powers_Q,4,6,0.252,BalancedZippelSeparated
fire7_nb0_rank2747,Automatic,1,ok,190.681,42,2,1,0,0,2305843009213693967:39;2305843009213693973:3,Symbolica_default,cached_powers_Q,4,6,0.225,BalancedZippelSeparated
fire7_nb0_rank2748,Automatic,1,ok,194.020,42,2,1,0,0,2305843009213693967:39;2305843009213693973:3,Symbolica_default,cached_powers_Q,4,6,0.352,BalancedZippelSeparated
fire7_nb0_rank2749,Automatic,1,ok,193.021,42,2,1,0,0,2305843009213693967:39;2305843009213693973:3,Symbolica_default,cached_powers_Q,4,6,0.212,BalancedZippelSeparated
fire7_nb0_rank2750,Automatic,1,ok,204.191,42,2,1,0,0,2305843009213693967:39;2305843009213693973:3,Symbolica_default,cached_powers_Q,4,6,0.241,BalancedZippelSeparated
fire7_nb0_rank2751,Automatic,1,ok,329.201,41,2,1,0,0,2305843009213693967:38;2305843009213693973:3,Symbolica_default,cached_powers_Q,8,2,0.520,BalancedZippelSeparated
fire7_nb0_rank2752,Automatic,1,ok,227.451,40,2,1,0,0,2305843009213693967:37;2305843009213693973:3,Symbolica_default,cached_powers_Q,9,1,0.514,BalancedZippelSeparated
fire7_nb0_rank2753,Automatic,1,ok,156.071,40,2,1,0,0,2305843009213693967:37;2305843009213693973:3,Symbolica_default,cached_powers_Q,9,1,0.364,BalancedZippelSeparated
fire7_nb0_rank2754,Automatic,1,ok,227.201,40,2,1,0,0,2305843009213693967:37;2305843009213693973:3,Symbolica_default,cached_powers_Q,8,4,0.231,BalancedZippelSeparated
fire7_nb0_rank2755,Automatic,1,ok,304.211,42,2,1,0,0,2305843009213693967:39;2305843009213693973:3,Symbolica_default,cached_powers_Q,9,4,0.258,BalancedZippelSeparated
fire7_nb0_rank2756,Automatic,1,ok,381.642,46,2,1,0,0,2305843009213693967:43;2305843009213693973:3,Symbolica_default,cached_powers_Q,5,3,0.240,BalancedZippelSeparated
fire7_nb0_rank2757,Automatic,1,ok,479.843,49,2,1,0,0,2305843009213693967:46;2305843009213693973:3,Symbolica_default,cached_powers_Q,3,10,0.339,BalancedZippelSeparated
fire7_nb0_rank2758,Automatic,1,ok,318.742,47,2,1,0,0,2305843009213693967:44;2305843009213693973:3,Symbolica_default,cached_powers_Q,3,10,0.356,BalancedZippelSeparated
fire7_nb0_rank2759,Automatic,1,ok,236.042,41,2,1,0,0,2305843009213693967:38;2305843009213693973:3,Symbolica_default,cached_powers_Q,8,2,0.240,BalancedZippelSeparated
fire7_nb0_rank2760,Automatic,1,ok,341.802,49,2,1,0,0,2305843009213693967:46;2305843009213693973:3,Symbolica_default,cached_powers_Q,3,10,0.209,BalancedZippelSeparated
fire7_nb0_rank2761,Automatic,1,ok,251.492,43,2,1,0,0,2305843009213693967:40;2305843009213693973:3,Symbolica_default,cached_powers_Q,6,6,0.223,BalancedZippelSeparated
fire7_nb0_rank2762,Automatic,1,ok,243.322,52,2,1,0,0,2305843009213693967:49;2305843009213693973:3,Symbolica_default,cached_powers_Q,10,3,0.216,BalancedZippelSeparated
fire7_nb0_rank2763,Automatic,1,ok,367.701,43,2,1,0,0,2305843009213693967:40;2305843009213693973:3,Symbolica_default,cached_powers_Q,6,6,0.317,BalancedZippelSeparated
fire7_nb0_rank2764,Automatic,1,ok,278.592,43,2,1,0,0,2305843009213693967:40;2305843009213693973:3,Symbolica_default,cached_powers_Q,6,6,0.242,BalancedZippelSeparated
fire7_nb0_rank2765,Automatic,1,ok,290.921,51,2,1,0,0,2305843009213693967:48;2305843009213693973:3,Symbolica_default,cached_powers_Q,8,5,0.243,BalancedZippelSeparated
fire7_nb0_rank2766,Automatic,1,ok,430.172,43,2,1,0,0,2305843009213693967:40;2305843009213693973:3,Symbolica_default,cached_powers_Q,6,6,0.217,BalancedZippelSeparated
fire7_nb0_rank2767,Automatic,1,ok,245.891,43,2,1,0,0,2305843009213693967:40;2305843009213693973:3,Symbolica_default,cached_powers_Q,6,6,0.231,BalancedZippelSeparated
fire7_nb0_rank2768,Automatic,1,ok,210.422,40,2,1,0,0,2305843009213693967:37;2305843009213693973:3,Symbolica_default,cached_powers_Q,8,4,0.215,BalancedZippelSeparated
fire7_nb0_rank2769,Automatic,1,ok,452.662,45,2,1,0,0,2305843009213693967:42;2305843009213693973:3,Symbolica_default,cached_powers_Q,8,6,0.231,BalancedZippelSeparated
fire7_nb0_rank2770,Automatic,1,ok,207.711,47,2,1,0,0,2305843009213693967:44;2305843009213693973:3,Symbolica_default,cached_powers_Q,4,4,0.384,BalancedZippelSeparated
fire7_nb0_rank2771,Automatic,1,ok,213.341,47,2,1,0,0,2305843009213693967:44;2305843009213693973:3,Symbolica_default,cached_powers_Q,4,4,0.244,BalancedZippelSeparated
fire7_nb0_rank2772,Automatic,1,ok,381.741,41,2,1,0,0,2305843009213693967:38;2305843009213693973:3,Symbolica_default,cached_powers_Q,8,2,0.243,BalancedZippelSeparated
fire7_nb0_rank2773,Automatic,1,ok,273.442,53,2,1,0,0,2305843009213693967:50;2305843009213693973:3,Symbolica_default,cached_powers_Q,8,5,0.224,BalancedZippelSeparated
fire7_nb0_rank2774,Automatic,1,ok,401.182,45,2,1,0,0,2305843009213693967:42;2305843009213693973:3,Symbolica_default,cached_powers_Q,9,6,0.212,BalancedZippelSeparated
fire7_nb0_rank2775,Automatic,1,ok,387.242,40,2,1,0,0,2305843009213693967:37;2305843009213693973:3,Symbolica_default,cached_powers_Q,9,4,0.214,BalancedZippelSeparated
fire7_nb0_rank2776,Automatic,1,ok,217.390,42,2,1,0,0,2305843009213693967:39;2305843009213693973:3,Symbolica_default,cached_powers_Q,6,6,0.224,BalancedZippelSeparated
fire7_nb0_rank2777,Automatic,1,ok,241.351,41,2,1,0,0,2305843009213693967:38;2305843009213693973:3,Symbolica_default,cached_powers_Q,8,2,0.417,BalancedZippelSeparated
fire7_nb0_rank2778,Automatic,1,ok,228.711,41,2,1,0,0,2305843009213693967:38;2305843009213693973:3,Symbolica_default,cached_powers_Q,6,6,0.247,BalancedZippelSeparated
fire7_nb0_rank2779,Automatic,1,ok,226.931,41,2,1,0,0,2305843009213693967:38;2305843009213693973:3,Symbolica_default,cached_powers_Q,6,6,0.239,BalancedZippelSeparated
fire7_nb0_rank2780,Automatic,1,ok,189.351,45,2,1,0,0,2305843009213693967:42;2305843009213693973:3,Symbolica_default,cached_powers_Q,5,4,0.225,BalancedZippelSeparated
fire7_nb0_rank2781,Automatic,1,ok,180.610,45,2,1,0,0,2305843009213693967:42;2305843009213693973:3,Symbolica_default,cached_powers_Q,5,4,0.208,BalancedZippelSeparated
fire7_nb0_rank2782,Automatic,1,ok,179.131,50,2,1,0,0,2305843009213693967:47;2305843009213693973:3,Symbolica_default,cached_powers_Q,5,2,0.208,BalancedZippelSeparated
fire7_nb0_rank2783,Automatic,1,ok,209.470,42,2,1,0,0,2305843009213693967:39;2305843009213693973:3,Symbolica_default,cached_powers_Q,4,6,0.340,BalancedZippelSeparated
fire7_nb0_rank2784,Automatic,1,ok,271.281,40,2,1,0,0,2305843009213693967:37;2305843009213693973:3,Symbolica_default,cached_powers_Q,9,4,0.232,BalancedZippelSeparated
fire7_nb0_rank2785,Automatic,1,ok,265.441,40,2,1,0,0,2305843009213693967:37;2305843009213693973:3,Symbolica_default,cached_powers_Q,9,4,0.240,BalancedZippelSeparated
fire7_nb0_rank2786,Automatic,1,ok,193.161,41,2,1,0,0,2305843009213693967:38;2305843009213693973:3,Symbolica_default,cached_powers_Q,8,2,0.229,BalancedZippelSeparated
fire7_nb0_rank2787,Automatic,1,ok,167.631,42,2,1,0,0,2305843009213693967:39;2305843009213693973:3,Symbolica_default,cached_powers_Q,10,1,0.206,BalancedZippelSeparated
fire7_nb0_rank2788,Automatic,1,ok,185.001,46,2,1,0,0,2305843009213693967:43;2305843009213693973:3,Symbolica_default,cached_powers_Q,4,3,0.215,BalancedZippelSeparated
fire7_nb0_rank2789,Automatic,1,ok,340.202,42,2,1,0,0,2305843009213693967:39;2305843009213693973:3,Symbolica_default,cached_powers_Q,9,3,0.197,BalancedZippelSeparated
fire7_nb0_rank2790,Automatic,1,ok,297.992,45,2,1,0,0,2305843009213693967:42;2305843009213693973:3,Symbolica_default,cached_powers_Q,8,6,0.241,BalancedZippelSeparated
fire7_nb0_rank2791,Automatic,1,ok,201.701,41,2,1,0,0,2305843009213693967:38;2305843009213693973:3,Symbolica_default,cached_powers_Q,8,2,0.238,BalancedZippelSeparated
fire7_nb0_rank2792,Automatic,1,ok,239.861,42,2,1,0,0,2305843009213693967:39;2305843009213693973:3,Symbolica_default,cached_powers_Q,8,2,0.398,BalancedZippelSeparated
fire7_nb0_rank2793,Automatic,1,ok,223.801,42,2,1,0,0,2305843009213693967:39;2305843009213693973:3,Symbolica_default,cached_powers_Q,8,2,0.205,BalancedZippelSeparated
fire7_nb0_rank2794,Automatic,1,ok,327.912,37,2,1,0,0,2305843009213693967:34;2305843009213693973:3,Symbolica_default,cached_powers_Q,9,2,0.225,BalancedZippelSeparated
fire7_nb0_rank2795,Automatic,1,ok,213.101,39,2,1,0,0,2305843009213693967:36;2305843009213693973:3,Symbolica_default,cached_powers_Q,8,2,0.192,BalancedZippelSeparated
fire7_nb0_rank2796,Automatic,1,ok,208.961,41,2,1,0,0,2305843009213693967:38;2305843009213693973:3,Symbolica_default,cached_powers_Q,4,6,0.220,BalancedZippelSeparated
fire7_nb0_rank2797,Automatic,1,ok,198.901,50,2,1,0,0,2305843009213693967:47;2305843009213693973:3,Symbolica_default,cached_powers_Q,5,2,0.394,BalancedZippelSeparated
fire7_nb0_rank2798,Automatic,1,ok,377.091,50,2,1,0,0,2305843009213693967:47;2305843009213693973:3,Symbolica_default,cached_powers_Q,5,2,0.238,BalancedZippelSeparated
fire7_nb0_rank2799,Automatic,1,ok,247.531,43,2,1,0,0,2305843009213693967:40;2305843009213693973:3,Symbolica_default,cached_powers_Q,6,6,0.256,BalancedZippelSeparated
fire7_nb0_rank2800,Automatic,1,ok,232.821,42,2,1,0,0,2305843009213693967:39;2305843009213693973:3,Symbolica_default,cached_powers_Q,8,2,0.217,BalancedZippelSeparated
fire7_nb0_rank2801,Automatic,1,ok,212.041,42,2,1,0,0,2305843009213693967:39;2305843009213693973:3,Symbolica_default,cached_powers_Q,6,6,0.233,BalancedZippelSeparated
fire7_nb0_rank2802,Automatic,1,ok,221.561,42,2,1,0,0,2305843009213693967:39;2305843009213693973:3,Symbolica_default,cached_powers_Q,8,2,0.356,BalancedZippelSeparated
fire7_nb0_rank2803,Automatic,1,ok,186.281,41,2,1,0,0,2305843009213693967:38;2305843009213693973:3,Symbolica_default,cached_powers_Q,8,2,0.214,BalancedZippelSeparated
fire7_nb0_rank2804,Automatic,1,ok,195.471,52,2,1,0,0,2305843009213693967:49;2305843009213693973:3,Symbolica_default,cached_powers_Q,5,2,0.407,BalancedZippelSeparated
fire7_nb0_rank2805,Automatic,1,ok,265.971,49,2,1,0,0,2305843009213693967:46;2305843009213693973:3,Symbolica_default,cached_powers_Q,3,10,0.349,BalancedZippelSeparated
fire7_nb0_rank2806,Automatic,1,ok,267.101,41,2,1,0,0,2305843009213693967:38;2305843009213693973:3,Symbolica_default,cached_powers_Q,9,4,0.246,BalancedZippelSeparated
fire7_nb0_rank2807,Automatic,1,ok,206.812,40,2,1,0,0,2305843009213693967:37;2305843009213693973:3,Symbolica_default,cached_powers_Q,8,2,0.207,BalancedZippelSeparated
fire7_nb0_rank2808,Automatic,1,ok,183.861,41,2,1,0,0,2305843009213693967:38;2305843009213693973:3,Symbolica_default,cached_powers_Q,8,2,0.200,BalancedZippelSeparated
fire7_nb0_rank2809,Automatic,1,ok,208.711,40,2,1,0,0,2305843009213693967:37;2305843009213693973:3,Symbolica_default,cached_powers_Q,8,2,0.223,BalancedZippelSeparated
fire7_nb0_rank2810,Automatic,1,ok,376.151,40,2,1,0,0,2305843009213693967:37;2305843009213693973:3,Symbolica_default,cached_powers_Q,9,2,0.214,BalancedZippelSeparated
fire7_nb0_rank2811,Automatic,1,ok,435.122,43,2,1,0,0,2305843009213693967:40;2305843009213693973:3,Symbolica_default,cached_powers_Q,9,2,0.237,BalancedZippelSeparated
fire7_nb0_rank2812,Automatic,1,ok,205.911,44,2,1,0,0,2305843009213693967:41;2305843009213693973:3,Symbolica_default,cached_powers_Q,3,6,0.237,BalancedZippelSeparated
fire7_nb0_rank2813,Automatic,1,ok,309.652,40,2,1,0,0,2305843009213693967:37;2305843009213693973:3,Symbolica_default,cached_powers_Q,9,4,0.345,BalancedZippelSeparated
fire7_nb0_rank2814,Automatic,1,ok,189.891,41,2,1,0,0,2305843009213693967:38;2305843009213693973:3,Symbolica_default,cached_powers_Q,6,2,0.198,BalancedZippelSeparated
fire7_nb0_rank2815,Automatic,1,ok,174.101,41,2,1,0,0,2305843009213693967:38;2305843009213693973:3,Symbolica_default,cached_powers_Q,6,2,0.207,BalancedZippelSeparated
fire7_nb0_rank2816,Automatic,1,ok,229.721,49,2,1,0,0,2305843009213693967:46;2305843009213693973:3,Symbolica_default,cached_powers_Q,3,10,0.334,BalancedZippelSeparated
fire7_nb0_rank2817,Automatic,1,ok,204.711,65,2,1,0,0,2305843009213693967:62;2305843009213693973:3,Symbolica_default,cached_powers_Q,9,2,0.219,BalancedZippelSeparated
fire7_nb0_rank2818,Automatic,1,ok,273.591,40,2,1,0,0,2305843009213693967:37;2305843009213693973:3,Symbolica_default,cached_powers_Q,9,4,0.378,BalancedZippelSeparated
fire7_nb0_rank2819,Automatic,1,ok,225.921,38,2,1,0,0,2305843009213693967:35;2305843009213693973:3,Symbolica_default,cached_powers_Q,9,4,0.237,BalancedZippelSeparated
fire7_nb0_rank2820,Automatic,1,ok,222.411,38,2,1,0,0,2305843009213693967:35;2305843009213693973:3,Symbolica_default,cached_powers_Q,9,4,0.233,BalancedZippelSeparated
fire7_nb0_rank2821,Automatic,1,ok,182.761,37,2,1,0,0,2305843009213693967:34;2305843009213693973:3,Symbolica_default,cached_powers_Q,9,2,0.215,BalancedZippelSeparated
fire7_nb0_rank2822,Automatic,1,ok,191.141,40,2,1,0,0,2305843009213693967:37;2305843009213693973:3,Symbolica_default,cached_powers_Q,4,6,0.222,BalancedZippelSeparated
fire7_nb0_rank2823,Automatic,1,ok,190.611,48,2,1,0,0,2305843009213693967:45;2305843009213693973:3,Symbolica_default,cached_powers_Q,4,6,0.203,BalancedZippelSeparated
fire7_nb0_rank2824,Automatic,1,ok,348.022,48,2,1,0,0,2305843009213693967:45;2305843009213693973:3,Symbolica_default,cached_powers_Q,4,6,0.229,BalancedZippelSeparated
fire7_nb0_rank2825,Automatic,1,ok,225.581,42,2,1,0,0,2305843009213693967:39;2305843009213693973:3,Symbolica_default,cached_powers_Q,4,6,0.238,BalancedZippelSeparated
fire7_nb0_rank2826,Automatic,1,ok,213.711,48,2,1,0,0,2305843009213693967:45;2305843009213693973:3,Symbolica_default,cached_powers_Q,4,6,0.258,BalancedZippelSeparated
fire7_nb0_rank2827,Automatic,1,ok,209.211,40,2,1,0,0,2305843009213693967:37;2305843009213693973:3,Symbolica_default,cached_powers_Q,4,6,0.241,BalancedZippelSeparated
fire7_nb0_rank2828,Automatic,1,ok,236.391,40,2,1,0,0,2305843009213693967:37;2305843009213693973:3,Symbolica_default,cached_powers_Q,4,6,0.308,BalancedZippelSeparated
fire7_nb0_rank2829,Automatic,1,ok,192.921,40,2,1,0,0,2305843009213693967:37;2305843009213693973:3,Symbolica_default,cached_powers_Q,4,6,0.243,BalancedZippelSeparated
fire7_nb0_rank2830,Automatic,1,ok,208.991,48,2,1,0,0,2305843009213693967:45;2305843009213693973:3,Symbolica_default,cached_powers_Q,4,6,0.211,BalancedZippelSeparated
fire7_nb0_rank2831,Automatic,1,ok,185.751,53,2,1,0,0,2305843009213693967:50;2305843009213693973:3,Symbolica_default,cached_powers_Q,3,5,0.221,BalancedZippelSeparated
fire7_nb0_rank2832,Automatic,1,ok,178.380,53,2,1,0,0,2305843009213693967:50;2305843009213693973:3,Symbolica_default,cached_powers_Q,3,5,0.232,BalancedZippelSeparated
fire7_nb0_rank2833,Automatic,1,ok,207.312,40,2,1,0,0,2305843009213693967:37;2305843009213693973:3,Symbolica_default,cached_powers_Q,4,6,0.402,BalancedZippelSeparated
fire7_nb0_rank2834,Automatic,1,ok,206.561,48,2,1,0,0,2305843009213693967:45;2305843009213693973:3,Symbolica_default,cached_powers_Q,4,6,0.375,BalancedZippelSeparated
fire7_nb0_rank2835,Automatic,1,ok,190.440,40,2,1,0,0,2305843009213693967:37;2305843009213693973:3,Symbolica_default,cached_powers_Q,4,6,0.213,BalancedZippelSeparated
fire7_nb0_rank2836,Automatic,1,ok,183.891,40,2,1,0,0,2305843009213693967:37;2305843009213693973:3,Symbolica_default,cached_powers_Q,4,6,0.301,BalancedZippelSeparated
fire7_nb0_rank2837,Automatic,1,ok,212.901,39,2,1,0,0,2305843009213693967:36;2305843009213693973:3,Symbolica_default,cached_powers_Q,9,2,0.211,BalancedZippelSeparated
fire7_nb0_rank2838,Automatic,1,ok,199.611,40,2,1,0,0,2305843009213693967:37;2305843009213693973:3,Symbolica_default,cached_powers_Q,9,2,0.205,BalancedZippelSeparated
fire7_nb0_rank2839,Automatic,1,ok,233.541,42,2,1,0,0,2305843009213693967:39;2305843009213693973:3,Symbolica_default,cached_powers_Q,4,6,0.224,BalancedZippelSeparated
fire7_nb0_rank2840,Automatic,1,ok,238.501,39,2,1,0,0,2305843009213693967:36;2305843009213693973:3,Symbolica_default,cached_powers_Q,9,2,0.247,BalancedZippelSeparated
fire7_nb0_rank2841,Automatic,1,ok,406.692,39,2,1,0,0,2305843009213693967:36;2305843009213693973:3,Symbolica_default,cached_powers_Q,9,2,0.241,BalancedZippelSeparated
fire7_nb0_rank2842,Automatic,1,ok,208.801,39,2,1,0,0,2305843009213693967:36;2305843009213693973:3,Symbolica_default,cached_powers_Q,9,2,0.215,BalancedZippelSeparated
fire7_nb0_rank2843,Automatic,1,ok,178.151,57,2,1,0,0,2305843009213693967:54;2305843009213693973:3,Symbolica_default,cached_powers_Q,4,5,0.190,BalancedZippelSeparated
fire7_nb0_rank2844,Automatic,1,ok,204.091,42,2,1,0,0,2305843009213693967:39;2305843009213693973:3,Symbolica_default,cached_powers_Q,4,6,0.226,BalancedZippelSeparated
fire7_nb0_rank2845,Automatic,1,ok,177.881,37,2,1,0,0,2305843009213693967:34;2305843009213693973:3,Symbolica_default,cached_powers_Q,9,2,0.206,BalancedZippelSeparated
fire7_nb0_rank2846,Automatic,1,ok,237.691,37,2,1,0,0,2305843009213693967:34;2305843009213693973:3,Symbolica_default,cached_powers_Q,6,4,0.227,BalancedZippelSeparated
fire7_nb0_rank2847,Automatic,1,ok,219.721,37,2,1,0,0,2305843009213693967:34;2305843009213693973:3,Symbolica_default,cached_powers_Q,6,4,0.407,BalancedZippelSeparated
fire7_nb0_rank2848,Automatic,1,ok,261.751,52,2,1,0,0,2305843009213693967:49;2305843009213693973:3,Symbolica_default,cached_powers_Q,8,3,0.237,BalancedZippelSeparated
fire7_nb0_rank2849,Automatic,1,ok,212.531,39,2,1,0,0,2305843009213693967:36;2305843009213693973:3,Symbolica_default,cached_powers_Q,9,2,0.207,BalancedZippelSeparated
fire7_nb0_rank2850,Automatic,1,ok,174.251,37,2,1,0,0,2305843009213693967:34;2305843009213693973:3,Symbolica_default,cached_powers_Q,9,2,0.211,BalancedZippelSeparated
fire7_nb0_rank2851,Automatic,1,ok,353.752,46,2,1,0,0,2305843009213693967:43;2305843009213693973:3,Symbolica_default,cached_powers_Q,8,4,0.209,BalancedZippelSeparated
fire7_nb0_rank2852,Automatic,1,ok,217.731,43,2,1,0,0,2305843009213693967:40;2305843009213693973:3,Symbolica_default,cached_powers_Q,5,3,0.305,BalancedZippelSeparated
fire7_nb0_rank2853,Automatic,1,ok,203.981,40,2,1,0,0,2305843009213693967:37;2305843009213693973:3,Symbolica_default,cached_powers_Q,4,6,0.208,BalancedZippelSeparated
fire7_nb0_rank2854,Automatic,1,ok,386.272,40,2,1,0,0,2305843009213693967:37;2305843009213693973:3,Symbolica_default,cached_powers_Q,4,6,0.223,BalancedZippelSeparated
fire7_nb0_rank2855,Automatic,1,ok,196.721,43,2,1,0,0,2305843009213693967:40;2305843009213693973:3,Symbolica_default,cached_powers_Q,5,3,0.227,BalancedZippelSeparated
fire7_nb0_rank2856,Automatic,1,ok,240.761,38,2,1,0,0,2305843009213693967:35;2305843009213693973:3,Symbolica_default,cached_powers_Q,9,2,0.377,BalancedZippelSeparated
fire7_nb0_rank2857,Automatic,1,ok,175.241,37,2,1,0,0,2305843009213693967:34;2305843009213693973:3,Symbolica_default,cached_powers_Q,9,2,0.217,BalancedZippelSeparated
fire7_nb0_rank2858,Automatic,1,ok,237.132,52,2,1,0,0,2305843009213693967:49;2305843009213693973:3,Symbolica_default,cached_powers_Q,8,3,0.219,BalancedZippelSeparated
fire7_nb0_rank2859,Automatic,1,ok,294.461,52,2,1,0,0,2305843009213693967:49;2305843009213693973:3,Symbolica_default,cached_powers_Q,8,3,0.192,BalancedZippelSeparated
fire7_nb0_rank2860,Automatic,1,ok,270.591,50,2,1,0,0,2305843009213693967:47;2305843009213693973:3,Symbolica_default,cached_powers_Q,8,3,0.405,BalancedZippelSeparated
fire7_nb0_rank2861,Automatic,1,ok,451.552,50,2,1,0,0,2305843009213693967:47;2305843009213693973:3,Symbolica_default,cached_powers_Q,8,3,0.234,BalancedZippelSeparated
fire7_nb0_rank2862,Automatic,1,ok,286.142,43,2,1,0,0,2305843009213693967:40;2305843009213693973:3,Symbolica_default,cached_powers_Q,9,6,0.232,BalancedZippelSeparated
fire7_nb0_rank2863,Automatic,1,ok,190.251,42,2,1,0,0,2305843009213693967:39;2305843009213693973:3,Symbolica_default,cached_powers_Q,3,6,0.217,BalancedZippelSeparated
fire7_nb0_rank2864,Automatic,1,ok,224.802,47,2,1,0,0,2305843009213693967:44;2305843009213693973:3,Symbolica_default,cached_powers_Q,5,6,0.201,BalancedZippelSeparated
fire7_nb0_rank2865,Automatic,1,ok,184.831,42,2,1,0,0,2305843009213693967:39;2305843009213693973:3,Symbolica_default,cached_powers_Q,4,4,0.207,BalancedZippelSeparated
fire7_nb0_rank2866,Automatic,1,ok,196.741,37,2,1,0,0,2305843009213693967:34;2305843009213693973:3,Symbolica_default,cached_powers_Q,6,4,0.320,BalancedZippelSeparated
fire7_nb0_rank2867,Automatic,1,ok,407.522,39,2,1,0,0,2305843009213693967:36;2305843009213693973:3,Symbolica_default,cached_powers_Q,9,2,0.227,BalancedZippelSeparated
fire7_nb0_rank2868,Automatic,1,ok,212.121,40,2,1,0,0,2305843009213693967:37;2305843009213693973:3,Symbolica_default,cached_powers_Q,4,6,0.221,BalancedZippelSeparated
fire7_nb0_rank2869,Automatic,1,ok,213.011,40,2,1,0,0,2305843009213693967:37;2305843009213693973:3,Symbolica_default,cached_powers_Q,4,6,0.284,BalancedZippelSeparated
fire7_nb0_rank2870,Automatic,1,ok,338.282,37,2,1,0,0,2305843009213693967:34;2305843009213693973:3,Symbolica_default,cached_powers_Q,6,4,0.221,BalancedZippelSeparated
fire7_nb0_rank2871,Automatic,1,ok,262.361,39,2,1,0,0,2305843009213693967:36;2305843009213693973:3,Symbolica_default,cached_powers_Q,9,2,0.327,BalancedZippelSeparated
fire7_nb0_rank2872,Automatic,1,ok,212.061,38,2,1,0,0,2305843009213693967:35;2305843009213693973:3,Symbolica_default,cached_powers_Q,9,2,0.189,BalancedZippelSeparated
fire7_nb0_rank2873,Automatic,1,ok,208.361,41,2,1,0,0,2305843009213693967:38;2305843009213693973:3,Symbolica_default,cached_powers_Q,4,6,0.227,BalancedZippelSeparated
fire7_nb0_rank2874,Automatic,1,ok,214.671,40,2,1,0,0,2305843009213693967:37;2305843009213693973:3,Symbolica_default,cached_powers_Q,4,6,0.417,BalancedZippelSeparated
fire7_nb0_rank2875,Automatic,1,ok,225.801,40,2,1,0,0,2305843009213693967:37;2305843009213693973:3,Symbolica_default,cached_powers_Q,4,6,0.219,BalancedZippelSeparated
fire7_nb0_rank2876,Automatic,1,ok,250.421,40,2,1,0,0,2305843009213693967:37;2305843009213693973:3,Symbolica_default,cached_powers_Q,4,6,0.370,BalancedZippelSeparated
fire7_nb0_rank2877,Automatic,1,ok,220.801,38,2,1,0,0,2305843009213693967:35;2305843009213693973:3,Symbolica_default,cached_powers_Q,9,2,0.186,BalancedZippelSeparated
fire7_nb0_rank2878,Automatic,1,ok,217.852,37,2,1,0,0,2305843009213693967:34;2305843009213693973:3,Symbolica_default,cached_powers_Q,6,3,0.364,BalancedZippelSeparated
fire7_nb0_rank2879,Automatic,1,ok,180.661,45,2,1,0,0,2305843009213693967:42;2305843009213693973:3,Symbolica_default,cached_powers_Q,5,3,0.352,BalancedZippelSeparated
fire7_nb0_rank2880,Automatic,1,ok,488.352,45,2,1,0,0,2305843009213693967:42;2305843009213693973:3,Symbolica_default,cached_powers_Q,5,3,0.313,BalancedZippelSeparated
fire7_nb0_rank2881,Automatic,1,ok,253.261,38,2,1,0,0,2305843009213693967:35;2305843009213693973:3,Symbolica_default,cached_powers_Q,9,2,0.234,BalancedZippelSeparated
fire7_nb0_rank2882,Automatic,1,ok,227.882,45,2,1,0,0,2305843009213693967:42;2305843009213693973:3,Symbolica_default,cached_powers_Q,6,3,0.388,BalancedZippelSeparated
fire7_nb0_rank2883,Automatic,1,ok,189.010,45,2,1,0,0,2305843009213693967:42;2305843009213693973:3,Symbolica_default,cached_powers_Q,4,6,0.220,BalancedZippelSeparated
fire7_nb0_rank2884,Automatic,1,ok,193.321,45,2,1,0,0,2305843009213693967:42;2305843009213693973:3,Symbolica_default,cached_powers_Q,4,6,0.216,BalancedZippelSeparated
fire7_nb0_rank2885,Automatic,1,ok,198.021,45,2,1,0,0,2305843009213693967:42;2305843009213693973:3,Symbolica_default,cached_powers_Q,4,6,0.206,BalancedZippelSeparated
fire7_nb0_rank2886,Automatic,1,ok,275.302,45,2,1,0,0,2305843009213693967:42;2305843009213693973:3,Symbolica_default,cached_powers_Q,4,6,0.307,BalancedZippelSeparated
fire7_nb0_rank2887,Automatic,1,ok,338.981,46,2,1,0,0,2305843009213693967:43;2305843009213693973:3,Symbolica_default,cached_powers_Q,4,6,0.334,BalancedZippelSeparated
fire7_nb0_rank2888,Automatic,1,ok,298.222,45,2,1,0,0,2305843009213693967:42;2305843009213693973:3,Symbolica_default,cached_powers_Q,6,3,0.322,BalancedZippelSeparated
fire7_nb0_rank2889,Automatic,1,ok,251.641,47,2,1,0,0,2305843009213693967:44;2305843009213693973:3,Symbolica_default,cached_powers_Q,8,3,0.235,BalancedZippelSeparated
fire7_nb0_rank2890,Automatic,1,ok,202.401,46,2,1,0,0,2305843009213693967:43;2305843009213693973:3,Symbolica_default,cached_powers_Q,6,3,0.205,BalancedZippelSeparated
fire7_nb0_rank2891,Automatic,1,ok,243.021,40,2,1,0,0,2305843009213693967:37;2305843009213693973:3,Symbolica_default,cached_powers_Q,8,4,0.372,BalancedZippelSeparated
fire7_nb0_rank2892,Automatic,1,ok,180.421,45,2,1,0,0,2305843009213693967:42;2305843009213693973:3,Symbolica_default,cached_powers_Q,5,3,0.225,BalancedZippelSeparated
fire7_nb0_rank2893,Automatic,1,ok,523.583,45,2,1,0,0,2305843009213693967:42;2305843009213693973:3,Symbolica_default,cached_powers_Q,5,3,0.317,BalancedZippelSeparated
fire7_nb0_rank2894,Automatic,1,ok,264.952,45,2,1,0,0,2305843009213693967:42;2305843009213693973:3,Symbolica_default,cached_powers_Q,5,3,0.328,BalancedZippelSeparated
fire7_nb0_rank2895,Automatic,1,ok,197.571,46,2,1,0,0,2305843009213693967:43;2305843009213693973:3,Symbolica_default,cached_powers_Q,5,2,0.233,BalancedZippelSeparated
fire7_nb0_rank2896,Automatic,1,ok,174.661,41,2,1,0,0,2305843009213693967:38;2305843009213693973:3,Symbolica_default,cached_powers_Q,5,4,0.203,BalancedZippelSeparated
fire7_nb0_rank2897,Automatic,1,ok,359.312,41,2,1,0,0,2305843009213693967:38;2305843009213693973:3,Symbolica_default,cached_powers_Q,5,4,0.188,BalancedZippelSeparated
fire7_nb0_rank2898,Automatic,1,ok,183.870,41,2,1,0,0,2305843009213693967:38;2305843009213693973:3,Symbolica_default,cached_powers_Q,5,4,0.213,BalancedZippelSeparated
fire7_nb0_rank2899,Automatic,1,ok,451.802,45,2,1,0,0,2305843009213693967:42;2305843009213693973:3,Symbolica_default,cached_powers_Q,5,3,0.340,BalancedZippelSeparated
fire7_nb0_rank2900,Automatic,1,ok,203.681,45,2,1,0,0,2305843009213693967:42;2305843009213693973:3,Symbolica_default,cached_powers_Q,5,3,0.458,BalancedZippelSeparated
fire7_nb0_rank2901,Automatic,1,ok,205.261,45,2,1,0,0,2305843009213693967:42;2305843009213693973:3,Symbolica_default,cached_powers_Q,5,3,0.239,BalancedZippelSeparated
fire7_nb0_rank2902,Automatic,1,ok,188.861,42,2,1,0,0,2305843009213693967:39;2305843009213693973:3,Symbolica_default,cached_powers_Q,3,6,0.209,BalancedZippelSeparated
fire7_nb0_rank2903,Automatic,1,ok,176.621,57,2,1,0,0,2305843009213693967:54;2305843009213693973:3,Symbolica_default,cached_powers_Q,7,2,0.187,BalancedZippelSeparated
fire7_nb0_rank2904,Automatic,1,ok,189.671,42,2,1,0,0,2305843009213693967:39;2305843009213693973:3,Symbolica_default,cached_powers_Q,4,4,0.204,BalancedZippelSeparated
fire7_nb0_rank2905,Automatic,1,ok,315.481,45,2,1,0,0,2305843009213693967:42;2305843009213693973:3,Symbolica_default,cached_powers_Q,8,3,0.506,BalancedZippelSeparated
fire7_nb0_rank2906,Automatic,1,ok,310.132,40,2,1,0,0,2305843009213693967:37;2305843009213693973:3,Symbolica_default,cached_powers_Q,6,4,0.332,BalancedZippelSeparated
fire7_nb0_rank2907,Automatic,1,ok,216.832,38,2,1,0,0,2305843009213693967:35;2305843009213693973:3,Symbolica_default,cached_powers_Q,6,4,0.412,BalancedZippelSeparated
fire7_nb0_rank2908,Automatic,1,ok,179.190,41,2,1,0,0,2305843009213693967:38;2305843009213693973:3,Symbolica_default,cached_powers_Q,5,4,0.213,BalancedZippelSeparated
fire7_nb0_rank2909,Automatic,1,ok,172.761,41,2,1,0,0,2305843009213693967:38;2305843009213693973:3,Symbolica_default,cached_powers_Q,5,4,0.205,BalancedZippelSeparated
fire7_nb0_rank2910,Automatic,1,ok,238.831,42,2,1,0,0,2305843009213693967:39;2305843009213693973:3,Symbolica_default,cached_powers_Q,6,3,0.219,BalancedZippelSeparated
fire7_nb0_rank2911,Automatic,1,ok,379.342,43,2,1,0,0,2305843009213693967:40;2305843009213693973:3,Symbolica_default,cached_powers_Q,5,3,0.224,BalancedZippelSeparated
fire7_nb0_rank2912,Automatic,1,ok,556.843,38,2,1,0,0,2305843009213693967:35;2305843009213693973:3,Symbolica_default,cached_powers_Q,9,2,0.328,BalancedZippelSeparated
fire7_nb0_rank2913,Automatic,1,ok,513.032,38,2,1,0,0,2305843009213693967:35;2305843009213693973:3,Symbolica_default,cached_powers_Q,9,2,0.222,BalancedZippelSeparated
fire7_nb0_rank2914,Automatic,1,ok,219.491,38,2,1,0,0,2305843009213693967:35;2305843009213693973:3,Symbolica_default,cached_powers_Q,9,2,0.344,BalancedZippelSeparated
fire7_nb0_rank2915,Automatic,1,ok,215.381,38,2,1,0,0,2305843009213693967:35;2305843009213693973:3,Symbolica_default,cached_powers_Q,9,2,0.189,BalancedZippelSeparated
fire7_nb0_rank2916,Automatic,1,ok,178.521,40,2,1,0,0,2305843009213693967:37;2305843009213693973:3,Symbolica_default,cached_powers_Q,3,4,0.199,BalancedZippelSeparated
fire7_nb0_rank2917,Automatic,1,ok,178.631,40,2,1,0,0,2305843009213693967:37;2305843009213693973:3,Symbolica_default,cached_powers_Q,3,4,0.198,BalancedZippelSeparated
fire7_nb0_rank2918,Automatic,1,ok,324.462,38,2,1,0,0,2305843009213693967:35;2305843009213693973:3,Symbolica_default,cached_powers_Q,9,2,0.296,BalancedZippelSeparated
fire7_nb0_rank2919,Automatic,1,ok,524.913,42,2,1,0,0,2305843009213693967:39;2305843009213693973:3,Symbolica_default,cached_powers_Q,6,3,0.350,BalancedZippelSeparated
fire7_nb0_rank2920,Automatic,1,ok,413.573,48,2,1,0,0,2305843009213693967:45;2305843009213693973:3,Symbolica_default,cached_powers_Q,6,5,0.218,BalancedZippelSeparated
fire7_nb0_rank2921,Automatic,1,ok,330.022,38,2,1,0,0,2305843009213693967:35;2305843009213693973:3,Symbolica_default,cached_powers_Q,4,6,0.201,BalancedZippelSeparated
fire7_nb0_rank2922,Automatic,1,ok,188.501,38,2,1,0,0,2305843009213693967:35;2305843009213693973:3,Symbolica_default,cached_powers_Q,4,6,0.219,BalancedZippelSeparated
fire7_nb0_rank2923,Automatic,1,ok,364.722,48,2,1,0,0,2305843009213693967:45;2305843009213693973:3,Symbolica_default,cached_powers_Q,6,5,0.209,BalancedZippelSeparated
fire7_nb0_rank2924,Automatic,1,ok,566.963,38,2,1,0,0,2305843009213693967:35;2305843009213693973:3,Symbolica_default,cached_powers_Q,4,4,0.324,BalancedZippelSeparated
fire7_nb0_rank2925,Automatic,1,ok,289.431,38,2,1,0,0,2305843009213693967:35;2305843009213693973:3,Symbolica_default,cached_powers_Q,4,4,0.322,BalancedZippelSeparated
fire7_nb0_rank2926,Automatic,1,ok,421.912,43,2,1,0,0,2305843009213693967:40;2305843009213693973:3,Symbolica_default,cached_powers_Q,8,3,0.248,BalancedZippelSeparated
fire7_nb0_rank2927,Automatic,1,ok,170.081,46,2,1,0,0,2305843009213693967:43;2305843009213693973:3,Symbolica_default,cached_powers_Q,4,2,0.204,BalancedZippelSeparated
fire7_nb0_rank2928,Automatic,1,ok,307.011,38,2,1,0,0,2305843009213693967:35;2305843009213693973:3,Symbolica_default,cached_powers_Q,6,2,0.199,BalancedZippelSeparated
fire7_nb0_rank2929,Automatic,1,ok,339.702,43,2,1,0,0,2305843009213693967:40;2305843009213693973:3,Symbolica_default,cached_powers_Q,5,3,0.189,BalancedZippelSeparated
fire7_nb0_rank2930,Automatic,1,ok,393.142,40,2,1,0,0,2305843009213693967:37;2305843009213693973:3,Symbolica_default,cached_powers_Q,8,1,0.329,BalancedZippelSeparated
fire7_nb0_rank2931,Automatic,1,ok,330.312,38,2,1,0,0,2305843009213693967:35;2305843009213693973:3,Symbolica_default,cached_powers_Q,9,2,0.300,BalancedZippelSeparated
fire7_nb0_rank2932,Automatic,1,ok,309.511,45,2,1,0,0,2305843009213693967:42;2305843009213693973:3,Symbolica_default,cached_powers_Q,8,3,0.352,BalancedZippelSeparated
fire7_nb0_rank2933,Automatic,1,ok,189.311,43,2,1,0,0,2305843009213693967:40;2305843009213693973:3,Symbolica_default,cached_powers_Q,5,3,0.431,BalancedZippelSeparated
fire7_nb0_rank2934,Automatic,1,ok,210.332,40,2,1,0,0,2305843009213693967:37;2305843009213693973:3,Symbolica_default,cached_powers_Q,9,2,0.197,BalancedZippelSeparated
fire7_nb0_rank2935,Automatic,1,ok,219.071,38,2,1,0,0,2305843009213693967:35;2305843009213693973:3,Symbolica_default,cached_powers_Q,9,2,0.211,BalancedZippelSeparated
fire7_nb0_rank2936,Automatic,1,ok,305.781,40,2,1,0,0,2305843009213693967:37;2305843009213693973:3,Symbolica_default,cached_powers_Q,3,6,0.211,BalancedZippelSeparated
fire7_nb0_rank2937,Automatic,1,ok,256.232,49,2,1,0,0,2305843009213693967:46;2305843009213693973:3,Symbolica_default,cached_powers_Q,3,5,0.292,BalancedZippelSeparated
fire7_nb0_rank2938,Automatic,1,ok,355.402,52,2,1,0,0,2305843009213693967:49;2305843009213693973:3,Symbolica_default,cached_powers_Q,8,3,0.312,BalancedZippelSeparated
fire7_nb0_rank2939,Automatic,1,ok,191.281,36,2,1,0,0,2305843009213693967:33;2305843009213693973:3,Symbolica_default,cached_powers_Q,6,2,0.210,BalancedZippelSeparated
fire7_nb0_rank2940,Automatic,1,ok,171.321,37,2,1,0,0,2305843009213693967:34;2305843009213693973:3,Symbolica_default,cached_powers_Q,6,2,0.374,BalancedZippelSeparated
fire7_nb0_rank2941,Automatic,1,ok,170.080,37,2,1,0,0,2305843009213693967:34;2305843009213693973:3,Symbolica_default,cached_powers_Q,6,2,0.213,BalancedZippelSeparated
fire7_nb0_rank2942,Automatic,1,ok,179.591,43,2,1,0,0,2305843009213693967:40;2305843009213693973:3,Symbolica_default,cached_powers_Q,5,3,0.207,BalancedZippelSeparated
fire7_nb0_rank2943,Automatic,1,ok,188.291,43,2,1,0,0,2305843009213693967:40;2305843009213693973:3,Symbolica_default,cached_powers_Q,5,3,0.234,BalancedZippelSeparated
fire7_nb0_rank2944,Automatic,1,ok,270.822,43,2,1,0,0,2305843009213693967:40;2305843009213693973:3,Symbolica_default,cached_powers_Q,5,3,0.313,BalancedZippelSeparated
fire7_nb0_rank2945,Automatic,1,ok,421.032,38,2,1,0,0,2305843009213693967:35;2305843009213693973:3,Symbolica_default,cached_powers_Q,9,2,0.231,BalancedZippelSeparated
fire7_nb0_rank2946,Automatic,1,ok,401.122,42,2,1,0,0,2305843009213693967:39;2305843009213693973:3,Symbolica_default,cached_powers_Q,8,4,0.215,BalancedZippelSeparated
fire7_nb0_rank2947,Automatic,1,ok,169.340,38,2,1,0,0,2305843009213693967:35;2305843009213693973:3,Symbolica_default,cached_powers_Q,3,4,0.202,BalancedZippelSeparated
fire7_nb0_rank2948,Automatic,1,ok,210.371,42,2,1,0,0,2305843009213693967:39;2305843009213693973:3,Symbolica_default,cached_powers_Q,6,3,0.225,BalancedZippelSeparated
fire7_nb0_rank2949,Automatic,1,ok,196.951,40,2,1,0,0,2305843009213693967:37;2305843009213693973:3,Symbolica_default,cached_powers_Q,3,6,0.230,BalancedZippelSeparated
fire7_nb0_rank2950,Automatic,1,ok,269.632,39,2,1,0,0,2305843009213693967:36;2305843009213693973:3,Symbolica_default,cached_powers_Q,6,3,0.293,BalancedZippelSeparated
fire7_nb0_rank2951,Automatic,1,ok,189.801,38,2,1,0,0,2305843009213693967:35;2305843009213693973:3,Symbolica_default,cached_powers_Q,3,4,0.231,BalancedZippelSeparated
fire7_nb0_rank2952,Automatic,1,ok,179.101,38,2,1,0,0,2305843009213693967:35;2305843009213693973:3,Symbolica_default,cached_powers_Q,3,4,0.189,BalancedZippelSeparated
fire7_nb0_rank2953,Automatic,1,ok,180.061,41,2,1,0,0,2305843009213693967:38;2305843009213693973:3,Symbolica_default,cached_powers_Q,3,6,0.215,BalancedZippelSeparated
fire7_nb0_rank2954,Automatic,1,ok,183.701,40,2,1,0,0,2305843009213693967:37;2305843009213693973:3,Symbolica_default,cached_powers_Q,3,6,0.362,BalancedZippelSeparated
fire7_nb0_rank2955,Automatic,1,ok,214.921,38,2,1,0,0,2305843009213693967:35;2305843009213693973:3,Symbolica_default,cached_powers_Q,6,4,0.224,BalancedZippelSeparated
fire7_nb0_rank2956,Automatic,1,ok,491.692,42,2,1,0,0,2305843009213693967:39;2305843009213693973:3,Symbolica_default,cached_powers_Q,4,4,0.327,BalancedZippelSeparated
fire7_nb0_rank2957,Automatic,1,ok,394.042,42,2,1,0,0,2305843009213693967:39;2305843009213693973:3,Symbolica_default,cached_powers_Q,4,4,0.238,BalancedZippelSeparated
fire7_nb0_rank2958,Automatic,1,ok,295.071,39,2,1,0,0,2305843009213693967:36;2305843009213693973:3,Symbolica_default,cached_powers_Q,4,3,0.216,BalancedZippelSeparated
fire7_nb0_rank2959,Automatic,1,ok,188.061,36,2,1,0,0,2305843009213693967:33;2305843009213693973:3,Symbolica_default,cached_powers_Q,6,4,0.209,BalancedZippelSeparated
fire7_nb0_rank2960,Automatic,1,ok,204.461,38,2,1,0,0,2305843009213693967:35;2305843009213693973:3,Symbolica_default,cached_powers_Q,4,6,0.335,BalancedZippelSeparated
fire7_nb0_rank2961,Automatic,1,ok,177.620,40,2,1,0,0,2305843009213693967:37;2305843009213693973:3,Symbolica_default,cached_powers_Q,3,6,0.383,BalancedZippelSeparated
fire7_nb0_rank2962,Automatic,1,ok,519.692,40,2,1,0,0,2305843009213693967:37;2305843009213693973:3,Symbolica_default,cached_powers_Q,8,2,0.320,BalancedZippelSeparated
fire7_nb0_rank2963,Automatic,1,ok,285.101,40,2,1,0,0,2305843009213693967:37;2305843009213693973:3,Symbolica_default,cached_powers_Q,3,6,0.516,BalancedZippelSeparated
fire7_nb0_rank2964,Automatic,1,ok,212.701,35,2,1,0,0,2305843009213693967:32;2305843009213693973:3,Symbolica_default,cached_powers_Q,6,2,0.384,BalancedZippelSeparated
fire7_nb0_rank2965,Automatic,1,ok,179.900,40,2,1,0,0,2305843009213693967:37;2305843009213693973:3,Symbolica_default,cached_powers_Q,3,6,0.207,BalancedZippelSeparated
fire7_nb0_rank2966,Automatic,1,ok,181.841,40,2,1,0,0,2305843009213693967:37;2305843009213693973:3,Symbolica_default,cached_powers_Q,3,6,0.216,BalancedZippelSeparated
fire7_nb0_rank2967,Automatic,1,ok,165.551,36,2,1,0,0,2305843009213693967:33;2305843009213693973:3,Symbolica_default,cached_powers_Q,6,2,0.205,BalancedZippelSeparated
fire7_nb0_rank2968,Automatic,1,ok,261.922,37,2,1,0,0,2305843009213693967:34;2305843009213693973:3,Symbolica_default,cached_powers_Q,6,2,0.294,BalancedZippelSeparated
fire7_nb0_rank2969,Automatic,1,ok,334.492,46,2,1,0,0,2305843009213693967:43;2305843009213693973:3,Symbolica_default,cached_powers_Q,7,3,0.522,BalancedZippelSeparated
fire7_nb0_rank2970,Automatic,1,ok,190.972,38,2,1,0,0,2305843009213693967:35;2305843009213693973:3,Symbolica_default,cached_powers_Q,3,4,0.225,BalancedZippelSeparated
fire7_nb0_rank2971,Automatic,1,ok,191.611,35,2,1,0,0,2305843009213693967:32;2305843009213693973:3,Symbolica_default,cached_powers_Q,6,2,0.196,BalancedZippelSeparated
fire7_nb0_rank2972,Automatic,1,ok,184.620,40,2,1,0,0,2305843009213693967:37;2305843009213693973:3,Symbolica_default,cached_powers_Q,3,6,0.207,BalancedZippelSeparated
fire7_nb0_rank2973,Automatic,1,ok,191.070,40,2,1,0,0,2305843009213693967:37;2305843009213693973:3,Symbolica_default,cached_powers_Q,8,2,0.212,BalancedZippelSeparated
fire7_nb0_rank2974,Automatic,1,ok,496.102,40,2,1,0,0,2305843009213693967:37;2305843009213693973:3,Symbolica_default,cached_powers_Q,3,6,0.319,BalancedZippelSeparated
fire7_nb0_rank2975,Automatic,1,ok,462.833,34,2,1,0,0,2305843009213693967:31;2305843009213693973:3,Symbolica_default,cached_powers_Q,6,2,0.325,BalancedZippelSeparated
fire7_nb0_rank2976,Automatic,1,ok,267.691,53,2,1,0,0,2305843009213693967:50;2305843009213693973:3,Symbolica_default,cached_powers_Q,4,5,0.410,BalancedZippelSeparated
fire7_nb0_rank2977,Automatic,1,ok,249.231,51,2,1,0,0,2305843009213693967:48;2305843009213693973:3,Symbolica_default,cached_powers_Q,4,5,0.193,BalancedZippelSeparated
fire7_nb0_rank2978,Automatic,1,ok,193.191,36,2,1,0,0,2305843009213693967:33;2305843009213693973:3,Symbolica_default,cached_powers_Q,6,2,0.206,BalancedZippelSeparated
fire7_nb0_rank2979,Automatic,1,ok,167.710,35,2,1,0,0,2305843009213693967:32;2305843009213693973:3,Symbolica_default,cached_powers_Q,6,2,0.200,BalancedZippelSeparated
fire7_nb0_rank2980,Automatic,1,ok,216.891,36,2,1,0,0,2305843009213693967:33;2305843009213693973:3,Symbolica_default,cached_powers_Q,6,2,0.234,BalancedZippelSeparated
fire7_nb0_rank2981,Automatic,1,ok,240.941,39,2,1,0,0,2305843009213693967:36;2305843009213693973:3,Symbolica_default,cached_powers_Q,4,3,0.511,BalancedZippelSeparated
fire7_nb0_rank2982,Automatic,1,ok,185.590,39,2,1,0,0,2305843009213693967:36;2305843009213693973:3,Symbolica_default,cached_powers_Q,4,3,0.241,BalancedZippelSeparated
fire7_nb0_rank2983,Automatic,1,ok,164.531,39,2,1,0,0,2305843009213693967:36;2305843009213693973:3,Symbolica_default,cached_powers_Q,4,3,0.226,BalancedZippelSeparated
fire7_nb0_rank2984,Automatic,1,ok,163.431,39,2,1,0,0,2305843009213693967:36;2305843009213693973:3,Symbolica_default,cached_powers_Q,4,3,0.208,BalancedZippelSeparated
fire7_nb0_rank2985,Automatic,1,ok,165.971,34,2,1,0,0,2305843009213693967:31;2305843009213693973:3,Symbolica_default,cached_powers_Q,6,2,0.202,BalancedZippelSeparated
fire7_nb0_rank2986,Automatic,1,ok,161.181,39,2,1,0,0,2305843009213693967:36;2305843009213693973:3,Symbolica_default,cached_powers_Q,4,3,0.206,BalancedZippelSeparated
fire7_nb0_rank2987,Automatic,1,ok,303.972,39,2,1,0,0,2305843009213693967:36;2305843009213693973:3,Symbolica_default,cached_powers_Q,4,3,0.503,BalancedZippelSeparated
fire7_nb0_rank2988,Automatic,1,ok,331.712,49,2,1,0,0,2305843009213693967:46;2305843009213693973:3,Symbolica_default,cached_powers_Q,3,5,0.494,BalancedZippelSeparated
fire7_nb0_rank2989,Automatic,1,ok,187.681,35,2,1,0,0,2305843009213693967:32;2305843009213693973:3,Symbolica_default,cached_powers_Q,6,2,0.210,BalancedZippelSeparated
fire7_nb0_rank2990,Automatic,1,ok,169.751,34,2,1,0,0,2305843009213693967:31;2305843009213693973:3,Symbolica_default,cached_powers_Q,6,2,0.192,BalancedZippelSeparated
fire7_nb0_rank2991,Automatic,1,ok,248.271,51,2,1,0,0,2305843009213693967:48;2305843009213693973:3,Symbolica_default,cached_powers_Q,6,4,0.329,BalancedZippelSeparated
fire7_nb0_rank2992,Automatic,1,ok,200.051,36,2,1,0,0,2305843009213693967:33;2305843009213693973:3,Symbolica_default,cached_powers_Q,6,4,0.186,BalancedZippelSeparated
fire7_nb0_rank2993,Automatic,1,ok,295.911,51,2,1,0,0,2305843009213693967:48;2305843009213693973:3,Symbolica_default,cached_powers_Q,6,4,0.526,BalancedZippelSeparated
fire7_nb0_rank2994,Automatic,1,ok,245.451,37,2,1,0,0,2305843009213693967:34;2305843009213693973:3,Symbolica_default,cached_powers_Q,4,3,0.318,BalancedZippelSeparated
fire7_nb0_rank2995,Automatic,1,ok,418.352,41,2,1,0,0,2305843009213693967:38;2305843009213693973:3,Symbolica_default,cached_powers_Q,6,3,0.226,BalancedZippelSeparated
fire7_nb0_rank2996,Automatic,1,ok,222.781,41,2,1,0,0,2305843009213693967:38;2305843009213693973:3,Symbolica_default,cached_powers_Q,6,3,0.210,BalancedZippelSeparated
fire7_nb0_rank2997,Automatic,1,ok,176.631,35,2,1,0,0,2305843009213693967:32;2305843009213693973:3,Symbolica_default,cached_powers_Q,6,2,0.379,BalancedZippelSeparated
fire7_nb0_rank2998,Automatic,1,ok,170.850,35,2,1,0,0,2305843009213693967:32;2305843009213693973:3,Symbolica_default,cached_powers_Q,6,2,0.179,BalancedZippelSeparated
fire7_nb0_rank2999,Automatic,1,ok,468.102,35,2,1,0,0,2305843009213693967:32;2305843009213693973:3,Symbolica_default,cached_powers_Q,6,2,0.296,BalancedZippelSeparated
fire7_nb0_rank3000,Automatic,1,ok,185.411,35,2,1,0,0,2305843009213693967:32;2305843009213693973:3,Symbolica_default,cached_powers_Q,6,2,0.228,BalancedZippelSeparated
fire7_nb0_rank3001,Automatic,1,ok,406.892,41,2,1,0,0,2305843009213693967:38;2305843009213693973:3,Symbolica_default,cached_powers_Q,6,3,0.207,BalancedZippelSeparated
fire7_nb0_rank3002,Automatic,1,ok,217.521,41,2,1,0,0,2305843009213693967:38;2305843009213693973:3,Symbolica_default,cached_powers_Q,6,3,0.217,BalancedZippelSeparated
fire7_nb0_rank3003,Automatic,1,ok,216.171,41,2,1,0,0,2305843009213693967:38;2305843009213693973:3,Symbolica_default,cached_powers_Q,6,3,0.198,BalancedZippelSeparated
fire7_nb0_rank3004,Automatic,1,ok,184.111,40,2,1,0,0,2305843009213693967:37;2305843009213693973:3,Symbolica_default,cached_powers_Q,4,4,0.188,BalancedZippelSeparated
fire7_nb0_rank3005,Automatic,1,ok,292.691,40,2,1,0,0,2305843009213693967:37;2305843009213693973:3,Symbolica_default,cached_powers_Q,6,4,0.301,BalancedZippelSeparated
fire7_nb0_rank3006,Automatic,1,ok,313.212,40,2,1,0,0,2305843009213693967:37;2305843009213693973:3,Symbolica_default,cached_powers_Q,6,4,0.332,BalancedZippelSeparated
fire7_nb0_rank3007,Automatic,1,ok,187.731,40,2,1,0,0,2305843009213693967:37;2305843009213693973:3,Symbolica_default,cached_powers_Q,3,6,0.219,BalancedZippelSeparated
fire7_nb0_rank3008,Automatic,1,ok,178.021,57,2,1,0,0,2305843009213693967:54;2305843009213693973:3,Symbolica_default,cached_powers_Q,3,6,0.204,BalancedZippelSeparated
fire7_nb0_rank3009,Automatic,1,ok,262.661,41,2,1,0,0,2305843009213693967:38;2305843009213693973:3,Symbolica_default,cached_powers_Q,6,3,0.325,BalancedZippelSeparated
fire7_nb0_rank3010,Automatic,1,ok,197.371,35,2,1,0,0,2305843009213693967:32;2305843009213693973:3,Symbolica_default,cached_powers_Q,6,2,0.205,BalancedZippelSeparated
fire7_nb0_rank3011,Automatic,1,ok,197.421,40,2,1,0,0,2305843009213693967:37;2305843009213693973:3,Symbolica_default,cached_powers_Q,4,4,0.232,BalancedZippelSeparated
fire7_nb0_rank3012,Automatic,1,ok,302.092,36,2,1,0,0,2305843009213693967:33;2305843009213693973:3,Symbolica_default,cached_powers_Q,6,4,0.311,BalancedZippelSeparated
fire7_nb0_rank3013,Automatic,1,ok,205.741,36,2,1,0,0,2305843009213693967:33;2305843009213693973:3,Symbolica_default,cached_powers_Q,6,4,0.229,BalancedZippelSeparated
fire7_nb0_rank3014,Automatic,1,ok,378.932,40,2,1,0,0,2305843009213693967:37;2305843009213693973:3,Symbolica_default,cached_powers_Q,3,6,0.218,BalancedZippelSeparated
fire7_nb0_rank3015,Automatic,1,ok,169.891,37,2,1,0,0,2305843009213693967:34;2305843009213693973:3,Symbolica_default,cached_powers_Q,4,3,0.190,BalancedZippelSeparated
fire7_nb0_rank3016,Automatic,1,ok,155.861,37,2,1,0,0,2305843009213693967:34;2305843009213693973:3,Symbolica_default,cached_powers_Q,4,3,0.200,BalancedZippelSeparated
fire7_nb0_rank3017,Automatic,1,ok,232.991,37,2,1,0,0,2305843009213693967:34;2305843009213693973:3,Symbolica_default,cached_powers_Q,4,3,0.531,BalancedZippelSeparated
fire7_nb0_rank3018,Automatic,1,ok,237.050,37,2,1,0,0,2305843009213693967:34;2305843009213693973:3,Symbolica_default,cached_powers_Q,4,3,0.321,BalancedZippelSeparated
fire7_nb0_rank3019,Automatic,1,ok,468.542,40,2,1,0,0,2305843009213693967:37;2305843009213693973:3,Symbolica_default,cached_powers_Q,3,6,0.340,BalancedZippelSeparated
fire7_nb0_rank3020,Automatic,1,ok,189.071,40,2,1,0,0,2305843009213693967:37;2305843009213693973:3,Symbolica_default,cached_powers_Q,3,6,0.226,BalancedZippelSeparated
fire7_nb0_rank3021,Automatic,1,ok,172.051,37,2,1,0,0,2305843009213693967:34;2305843009213693973:3,Symbolica_default,cached_powers_Q,4,3,0.194,BalancedZippelSeparated
fire7_nb0_rank3022,Automatic,1,ok,169.011,39,2,1,0,0,2305843009213693967:36;2305843009213693973:3,Symbolica_default,cached_powers_Q,4,3,0.211,BalancedZippelSeparated
fire7_nb0_rank3023,Automatic,1,ok,396.561,39,2,1,0,0,2305843009213693967:36;2305843009213693973:3,Symbolica_default,cached_powers_Q,4,3,0.214,BalancedZippelSeparated
fire7_nb0_rank3024,Automatic,1,ok,242.082,39,2,1,0,0,2305843009213693967:36;2305843009213693973:3,Symbolica_default,cached_powers_Q,4,3,0.374,BalancedZippelSeparated
fire7_nb0_rank3025,Automatic,1,ok,213.611,48,2,1,0,0,2305843009213693967:45;2305843009213693973:3,Symbolica_default,cached_powers_Q,4,4,0.250,BalancedZippelSeparated
fire7_nb0_rank3026,Automatic,1,ok,209.261,38,2,1,0,0,2305843009213693967:35;2305843009213693973:3,Symbolica_default,cached_powers_Q,6,4,0.243,BalancedZippelSeparated
fire7_nb0_rank3027,Automatic,1,ok,204.081,37,2,1,0,0,2305843009213693967:34;2305843009213693973:3,Symbolica_default,cached_powers_Q,4,3,0.339,BalancedZippelSeparated
fire7_nb0_rank3028,Automatic,1,ok,169.331,37,2,1,0,0,2305843009213693967:34;2305843009213693973:3,Symbolica_default,cached_powers_Q,4,3,0.201,BalancedZippelSeparated
fire7_nb0_rank3029,Automatic,1,ok,166.721,37,2,1,0,0,2305843009213693967:34;2305843009213693973:3,Symbolica_default,cached_powers_Q,4,3,0.206,BalancedZippelSeparated
fire7_nb0_rank3030,Automatic,1,ok,181.351,37,2,1,0,0,2305843009213693967:34;2305843009213693973:3,Symbolica_default,cached_powers_Q,4,3,0.226,BalancedZippelSeparated
fire7_nb0_rank3031,Automatic,1,ok,251.321,37,2,1,0,0,2305843009213693967:34;2305843009213693973:3,Symbolica_default,cached_powers_Q,4,3,0.498,BalancedZippelSeparated
fire7_nb0_rank3032,Automatic,1,ok,258.811,37,2,1,0,0,2305843009213693967:34;2305843009213693973:3,Symbolica_default,cached_powers_Q,4,3,0.447,BalancedZippelSeparated
fire7_nb0_rank3033,Automatic,1,ok,223.211,34,2,1,0,0,2305843009213693967:31;2305843009213693973:3,Symbolica_default,cached_powers_Q,6,2,0.386,BalancedZippelSeparated
fire7_nb0_rank3034,Automatic,1,ok,162.760,40,2,1,0,0,2305843009213693967:37;2305843009213693973:3,Symbolica_default,cached_powers_Q,4,2,0.212,BalancedZippelSeparated
fire7_nb0_rank3035,Automatic,1,ok,159.561,37,2,1,0,0,2305843009213693967:34;2305843009213693973:3,Symbolica_default,cached_powers_Q,4,3,0.212,BalancedZippelSeparated
fire7_nb0_rank3036,Automatic,1,ok,143.760,36,2,1,0,0,2305843009213693967:33;2305843009213693973:3,Symbolica_default,cached_powers_Q,6,1,0.195,BalancedZippelSeparated
fire7_nb0_rank3037,Automatic,1,ok,498.242,42,2,1,0,0,2305843009213693967:39;2305843009213693973:3,Symbolica_default,cached_powers_Q,6,3,0.314,BalancedZippelSeparated
fire7_nb0_rank3038,Automatic,1,ok,513.833,36,2,1,0,0,2305843009213693967:33;2305843009213693973:3,Symbolica_default,cached_powers_Q,5,4,0.308,BalancedZippelSeparated
fire7_nb0_rank3039,Automatic,1,ok,184.371,40,2,1,0,0,2305843009213693967:37;2305843009213693973:3,Symbolica_default,cached_powers_Q,3,2,0.232,BalancedZippelSeparated
fire7_nb0_rank3040,Automatic,1,ok,218.561,35,2,1,0,0,2305843009213693967:32;2305843009213693973:3,Symbolica_default,cached_powers_Q,6,2,0.204,BalancedZippelSeparated
fire7_nb0_rank3041,Automatic,1,ok,161.910,37,2,1,0,0,2305843009213693967:34;2305843009213693973:3,Symbolica_default,cached_powers_Q,4,3,0.205,BalancedZippelSeparated
fire7_nb0_rank3042,Automatic,1,ok,170.291,37,2,1,0,0,2305843009213693967:34;2305843009213693973:3,Symbolica_default,cached_powers_Q,4,3,0.190,BalancedZippelSeparated
fire7_nb0_rank3043,Automatic,1,ok,143.860,36,2,1,0,0,2305843009213693967:33;2305843009213693973:3,Symbolica_default,cached_powers_Q,6,1,0.208,BalancedZippelSeparated
fire7_nb0_rank3044,Automatic,1,ok,284.521,36,2,1,0,0,2305843009213693967:33;2305843009213693973:3,Symbolica_default,cached_powers_Q,4,4,0.315,BalancedZippelSeparated
fire7_nb0_rank3045,Automatic,1,ok,580.783,48,2,1,0,0,2305843009213693967:45;2305843009213693973:3,Symbolica_default,cached_powers_Q,6,3,0.298,BalancedZippelSeparated
fire7_nb0_rank3046,Automatic,1,ok,212.802,36,2,1,0,0,2305843009213693967:33;2305843009213693973:3,Symbolica_default,cached_powers_Q,6,4,0.391,BalancedZippelSeparated
fire7_nb0_rank3047,Automatic,1,ok,199.891,36,2,1,0,0,2305843009213693967:33;2305843009213693973:3,Symbolica_default,cached_powers_Q,6,4,0.196,BalancedZippelSeparated
fire7_nb0_rank3048,Automatic,1,ok,176.861,55,2,1,0,0,2305843009213693967:52;2305843009213693973:3,Symbolica_default,cached_powers_Q,3,6,0.216,BalancedZippelSeparated
fire7_nb0_rank3049,Automatic,1,ok,172.601,37,2,1,0,0,2305843009213693967:34;2305843009213693973:3,Symbolica_default,cached_powers_Q,4,3,0.211,BalancedZippelSeparated
fire7_nb0_rank3050,Automatic,1,ok,155.171,38,2,1,0,0,2305843009213693967:35;2305843009213693973:3,Symbolica_default,cached_powers_Q,6,1,0.222,BalancedZippelSeparated
fire7_nb0_rank3051,Automatic,1,ok,270.151,36,2,1,0,0,2305843009213693967:33;2305843009213693973:3,Symbolica_default,cached_powers_Q,2,6,0.330,BalancedZippelSeparated
fire7_nb0_rank3052,Automatic,1,ok,346.322,35,2,1,0,0,2305843009213693967:32;2305843009213693973:3,Symbolica_default,cached_powers_Q,4,4,0.472,BalancedZippelSeparated
fire7_nb0_rank3053,Automatic,1,ok,375.471,36,2,1,0,0,2305843009213693967:33;2305843009213693973:3,Symbolica_default,cached_powers_Q,4,4,0.232,BalancedZippelSeparated
fire7_nb0_rank3054,Automatic,1,ok,163.531,39,2,1,0,0,2305843009213693967:36;2305843009213693973:3,Symbolica_default,cached_powers_Q,4,2,0.196,BalancedZippelSeparated
fire7_nb0_rank3055,Automatic,1,ok,167.541,37,2,1,0,0,2305843009213693967:34;2305843009213693973:3,Symbolica_default,cached_powers_Q,4,3,0.222,BalancedZippelSeparated
fire7_nb0_rank3056,Automatic,1,ok,159.271,37,2,1,0,0,2305843009213693967:34;2305843009213693973:3,Symbolica_default,cached_powers_Q,4,3,0.220,BalancedZippelSeparated
fire7_nb0_rank3057,Automatic,1,ok,246.132,37,2,1,0,0,2305843009213693967:34;2305843009213693973:3,Symbolica_default,cached_powers_Q,4,3,0.317,BalancedZippelSeparated
fire7_nb0_rank3058,Automatic,1,ok,233.251,51,2,1,0,0,2305843009213693967:48;2305843009213693973:3,Symbolica_default,cached_powers_Q,6,2,0.270,BalancedZippelSeparated
fire7_nb0_rank3059,Automatic,1,ok,191.371,35,2,1,0,0,2305843009213693967:32;2305843009213693973:3,Symbolica_default,cached_powers_Q,6,2,0.234,BalancedZippelSeparated
fire7_nb0_rank3060,Automatic,1,ok,189.270,37,2,1,0,0,2305843009213693967:34;2305843009213693973:3,Symbolica_default,cached_powers_Q,6,2,0.215,BalancedZippelSeparated
fire7_nb0_rank3061,Automatic,1,ok,378.502,46,2,1,0,0,2305843009213693967:43;2305843009213693973:3,Symbolica_default,cached_powers_Q,5,4,0.215,BalancedZippelSeparated
fire7_nb0_rank3062,Automatic,1,ok,200.941,41,2,1,0,0,2305843009213693967:38;2305843009213693973:3,Symbolica_default,cached_powers_Q,6,3,0.202,BalancedZippelSeparated
fire7_nb0_rank3063,Automatic,1,ok,189.751,36,2,1,0,0,2305843009213693967:33;2305843009213693973:3,Symbolica_default,cached_powers_Q,4,2,0.226,BalancedZippelSeparated
fire7_nb0_rank3064,Automatic,1,ok,309.231,39,2,1,0,0,2305843009213693967:36;2305843009213693973:3,Symbolica_default,cached_powers_Q,4,2,0.484,BalancedZippelSeparated
fire7_nb0_rank3065,Automatic,1,ok,173.711,39,2,1,0,0,2305843009213693967:36;2305843009213693973:3,Symbolica_default,cached_powers_Q,4,2,0.236,BalancedZippelSeparated
fire7_nb0_rank3066,Automatic,1,ok,197.281,36,2,1,0,0,2305843009213693967:33;2305843009213693973:3,Symbolica_default,cached_powers_Q,3,4,0.218,BalancedZippelSeparated
fire7_nb0_rank3067,Automatic,1,ok,187.971,35,2,1,0,0,2305843009213693967:32;2305843009213693973:3,Symbolica_default,cached_powers_Q,6,2,0.232,BalancedZippelSeparated
fire7_nb0_rank3068,Automatic,1,ok,166.011,49,2,1,0,0,2305843009213693967:46;2305843009213693973:3,Symbolica_default,cached_powers_Q,3,5,0.174,BalancedZippelSeparated
fire7_nb0_rank3069,Automatic,1,ok,172.890,47,2,1,0,0,2305843009213693967:44;2305843009213693973:3,Symbolica_default,cached_powers_Q,3,5,0.202,BalancedZippelSeparated
fire7_nb0_rank3070,Automatic,1,ok,246.191,39,2,1,0,0,2305843009213693967:36;2305843009213693973:3,Symbolica_default,cached_powers_Q,4,2,0.514,BalancedZippelSeparated
fire7_nb0_rank3071,Automatic,1,ok,362.542,39,2,1,0,0,2305843009213693967:36;2305843009213693973:3,Symbolica_default,cached_powers_Q,4,2,0.237,BalancedZippelSeparated
fire7_nb0_rank3072,Automatic,1,ok,176.060,39,2,1,0,0,2305843009213693967:36;2305843009213693973:3,Symbolica_default,cached_powers_Q,4,2,0.225,BalancedZippelSeparated
fire7_nb0_rank3073,Automatic,1,ok,170.431,39,2,1,0,0,2305843009213693967:36;2305843009213693973:3,Symbolica_default,cached_powers_Q,4,2,0.367,BalancedZippelSeparated
fire7_nb0_rank3074,Automatic,1,ok,168.801,35,2,1,0,0,2305843009213693967:32;2305843009213693973:3,Symbolica_default,cached_powers_Q,4,3,0.211,BalancedZippelSeparated
fire7_nb0_rank3075,Automatic,1,ok,211.550,39,2,1,0,0,2305843009213693967:36;2305843009213693973:3,Symbolica_default,cached_powers_Q,6,3,0.202,BalancedZippelSeparated
fire7_nb0_rank3076,Automatic,1,ok,442.022,36,2,1,0,0,2305843009213693967:33;2305843009213693973:3,Symbolica_default,cached_powers_Q,3,4,0.316,BalancedZippelSeparated
fire7_nb0_rank3077,Automatic,1,ok,296.521,36,2,1,0,0,2305843009213693967:33;2305843009213693973:3,Symbolica_default,cached_powers_Q,3,4,0.487,BalancedZippelSeparated
fire7_nb0_rank3078,Automatic,1,ok,179.331,50,2,1,0,0,2305843009213693967:47;2305843009213693973:3,Symbolica_default,cached_powers_Q,6,2,0.204,BalancedZippelSeparated
fire7_nb0_rank3079,Automatic,1,ok,170.581,50,2,1,0,0,2305843009213693967:47;2305843009213693973:3,Symbolica_default,cached_powers_Q,6,2,0.204,BalancedZippelSeparated
fire7_nb0_rank3080,Automatic,1,ok,176.511,34,2,1,0,0,2305843009213693967:31;2305843009213693973:3,Symbolica_default,cached_powers_Q,6,2,0.206,BalancedZippelSeparated
fire7_nb0_rank3081,Automatic,1,ok,181.192,36,2,1,0,0,2305843009213693967:33;2305843009213693973:3,Symbolica_default,cached_powers_Q,3,4,0.207,BalancedZippelSeparated
fire7_nb0_rank3082,Automatic,1,ok,186.411,36,2,1,0,0,2305843009213693967:33;2305843009213693973:3,Symbolica_default,cached_powers_Q,3,4,0.205,BalancedZippelSeparated
fire7_nb0_rank3083,Automatic,1,ok,540.692,41,2,1,0,0,2305843009213693967:38;2305843009213693973:3,Symbolica_default,cached_powers_Q,6,3,0.325,BalancedZippelSeparated
fire7_nb0_rank3084,Automatic,1,ok,529.282,39,2,1,0,0,2305843009213693967:36;2305843009213693973:3,Symbolica_default,cached_powers_Q,6,3,0.311,BalancedZippelSeparated
fire7_nb0_rank3085,Automatic,1,ok,200.021,36,2,1,0,0,2305843009213693967:33;2305843009213693973:3,Symbolica_default,cached_powers_Q,6,2,0.209,BalancedZippelSeparated
fire7_nb0_rank3086,Automatic,1,ok,203.311,34,2,1,0,0,2305843009213693967:31;2305843009213693973:3,Symbolica_default,cached_powers_Q,6,2,0.202,BalancedZippelSeparated
fire7_nb0_rank3087,Automatic,1,ok,164.280,36,2,1,0,0,2305843009213693967:33;2305843009213693973:3,Symbolica_default,cached_powers_Q,3,4,0.183,BalancedZippelSeparated
fire7_nb0_rank3088,Automatic,1,ok,160.101,35,2,1,0,0,2305843009213693967:32;2305843009213693973:3,Symbolica_default,cached_powers_Q,3,3,0.207,BalancedZippelSeparated
fire7_nb0_rank3089,Automatic,1,ok,268.952,36,2,1,0,0,2305843009213693967:33;2305843009213693973:3,Symbolica_default,cached_powers_Q,6,2,0.577,BalancedZippelSeparated
fire7_nb0_rank3090,Automatic,1,ok,264.482,36,2,1,0,0,2305843009213693967:33;2305843009213693973:3,Symbolica_default,cached_powers_Q,3,4,0.293,BalancedZippelSeparated
fire7_nb0_rank3091,Automatic,1,ok,177.331,35,2,1,0,0,2305843009213693967:32;2305843009213693973:3,Symbolica_default,cached_powers_Q,3,3,0.223,BalancedZippelSeparated
fire7_nb0_rank3092,Automatic,1,ok,139.421,35,2,1,0,0,2305843009213693967:32;2305843009213693973:3,Symbolica_default,cached_powers_Q,6,1,0.210,BalancedZippelSeparated
fire7_nb0_rank3093,Automatic,1,ok,168.281,33,2,1,0,0,2305843009213693967:30;2305843009213693973:3,Symbolica_default,cached_powers_Q,6,2,0.197,BalancedZippelSeparated
fire7_nb0_rank3094,Automatic,1,ok,158.901,33,2,1,0,0,2305843009213693967:30;2305843009213693973:3,Symbolica_default,cached_powers_Q,6,2,0.192,BalancedZippelSeparated
fire7_nb0_rank3095,Automatic,1,ok,259.561,33,2,1,0,0,2305843009213693967:30;2305843009213693973:3,Symbolica_default,cached_powers_Q,6,2,0.525,BalancedZippelSeparated
fire7_nb0_rank3096,Automatic,1,ok,475.453,33,2,1,0,0,2305843009213693967:30;2305843009213693973:3,Symbolica_default,cached_powers_Q,6,2,0.314,BalancedZippelSeparated
fire7_nb0_rank3097,Automatic,1,ok,281.931,37,2,1,0,0,2305843009213693967:34;2305843009213693973:3,Symbolica_default,cached_powers_Q,4,3,0.298,BalancedZippelSeparated
fire7_nb0_rank3098,Automatic,1,ok,184.081,34,2,1,0,0,2305843009213693967:31;2305843009213693973:3,Symbolica_default,cached_powers_Q,6,2,0.225,BalancedZippelSeparated
fire7_nb0_rank3099,Automatic,1,ok,336.892,34,2,1,0,0,2305843009213693967:31;2305843009213693973:3,Symbolica_default,cached_powers_Q,6,2,0.223,BalancedZippelSeparated
fire7_nb0_rank3100,Automatic,1,ok,235.621,45,2,1,0,0,2305843009213693967:42;2305843009213693973:3,Symbolica_default,cached_powers_Q,5,4,0.203,BalancedZippelSeparated
fire7_nb0_rank3101,Automatic,1,ok,142.431,33,2,1,0,0,2305843009213693967:30;2305843009213693973:3,Symbolica_default,cached_powers_Q,6,1,0.190,BalancedZippelSeparated
fire7_nb0_rank3102,Automatic,1,ok,205.881,33,2,1,0,0,2305843009213693967:30;2305843009213693973:3,Symbolica_default,cached_powers_Q,6,1,0.492,BalancedZippelSeparated
fire7_nb0_rank3103,Automatic,1,ok,282.832,39,2,1,0,0,2305843009213693967:36;2305843009213693973:3,Symbolica_default,cached_powers_Q,4,2,0.469,BalancedZippelSeparated
fire7_nb0_rank3104,Automatic,1,ok,321.701,39,2,1,0,0,2305843009213693967:36;2305843009213693973:3,Symbolica_default,cached_powers_Q,4,2,0.231,BalancedZippelSeparated
fire7_nb0_rank3105,Automatic,1,ok,157.650,39,2,1,0,0,2305843009213693967:36;2305843009213693973:3,Symbolica_default,cached_powers_Q,4,2,0.220,BalancedZippelSeparated
fire7_nb0_rank3106,Automatic,1,ok,158.851,39,2,1,0,0,2305843009213693967:36;2305843009213693973:3,Symbolica_default,cached_powers_Q,4,2,0.204,BalancedZippelSeparated
fire7_nb0_rank3107,Automatic,1,ok,164.541,36,2,1,0,0,2305843009213693967:33;2305843009213693973:3,Symbolica_default,cached_powers_Q,3,4,0.199,BalancedZippelSeparated
fire7_nb0_rank3108,Automatic,1,ok,170.601,37,2,1,0,0,2305843009213693967:34;2305843009213693973:3,Symbolica_default,cached_powers_Q,4,2,0.221,BalancedZippelSeparated
fire7_nb0_rank3109,Automatic,1,ok,498.502,36,2,1,0,0,2305843009213693967:33;2305843009213693973:3,Symbolica_default,cached_powers_Q,2,6,0.292,BalancedZippelSeparated
fire7_nb0_rank3110,Automatic,1,ok,261.221,36,2,1,0,0,2305843009213693967:33;2305843009213693973:3,Symbolica_default,cached_powers_Q,2,6,0.464,BalancedZippelSeparated
fire7_nb0_rank3111,Automatic,1,ok,170.751,37,2,1,0,0,2305843009213693967:34;2305843009213693973:3,Symbolica_default,cached_powers_Q,4,2,0.219,BalancedZippelSeparated
fire7_nb0_rank3112,Automatic,1,ok,391.412,36,2,1,0,0,2305843009213693967:33;2305843009213693973:3,Symbolica_default,cached_powers_Q,6,2,0.205,BalancedZippelSeparated
fire7_nb0_rank3113,Automatic,1,ok,181.821,36,2,1,0,0,2305843009213693967:33;2305843009213693973:3,Symbolica_default,cached_powers_Q,6,2,0.202,BalancedZippelSeparated
fire7_nb0_rank3114,Automatic,1,ok,171.170,38,2,1,0,0,2305843009213693967:35;2305843009213693973:3,Symbolica_default,cached_powers_Q,3,6,0.203,BalancedZippelSeparated
fire7_nb0_rank3115,Automatic,1,ok,255.061,36,2,1,0,0,2305843009213693967:33;2305843009213693973:3,Symbolica_default,cached_powers_Q,3,4,0.307,BalancedZippelSeparated
fire7_nb0_rank3116,Automatic,1,ok,280.232,40,2,1,0,0,2305843009213693967:37;2305843009213693973:3,Symbolica_default,cached_powers_Q,4,3,0.334,BalancedZippelSeparated
fire7_nb0_rank3117,Automatic,1,ok,161.410,38,2,1,0,0,2305843009213693967:35;2305843009213693973:3,Symbolica_default,cached_powers_Q,3,2,0.197,BalancedZippelSeparated
fire7_nb0_rank3118,Automatic,1,ok,165.670,34,2,1,0,0,2305843009213693967:31;2305843009213693973:3,Symbolica_default,cached_powers_Q,6,1,0.196,BalancedZippelSeparated
fire7_nb0_rank3119,Automatic,1,ok,172.951,34,2,1,0,0,2305843009213693967:31;2305843009213693973:3,Symbolica_default,cached_powers_Q,6,1,0.193,BalancedZippelSeparated
fire7_nb0_rank3120,Automatic,1,ok,165.741,36,2,1,0,0,2305843009213693967:33;2305843009213693973:3,Symbolica_default,cached_powers_Q,3,4,0.202,BalancedZippelSeparated
fire7_nb0_rank3121,Automatic,1,ok,156.691,35,2,1,0,0,2305843009213693967:32;2305843009213693973:3,Symbolica_default,cached_powers_Q,3,3,0.217,BalancedZippelSeparated
fire7_nb0_rank3122,Automatic,1,ok,303.251,39,2,1,0,0,2305843009213693967:36;2305843009213693973:3,Symbolica_default,cached_powers_Q,6,3,0.320,BalancedZippelSeparated
fire7_nb0_rank3123,Automatic,1,ok,311.211,37,2,1,0,0,2305843009213693967:34;2305843009213693973:3,Symbolica_default,cached_powers_Q,6,3,0.313,BalancedZippelSeparated
fire7_nb0_rank3124,Automatic,1,ok,167.091,39,2,1,0,0,2305843009213693967:36;2305843009213693973:3,Symbolica_default,cached_powers_Q,4,2,0.377,BalancedZippelSeparated
fire7_nb0_rank3125,Automatic,1,ok,165.821,35,2,1,0,0,2305843009213693967:32;2305843009213693973:3,Symbolica_default,cached_powers_Q,3,3,0.189,BalancedZippelSeparated
fire7_nb0_rank3126,Automatic,1,ok,155.491,43,2,1,0,0,2305843009213693967:40;2305843009213693973:3,Symbolica_default,cached_powers_Q,5,2,0.178,BalancedZippelSeparated
fire7_nb0_rank3127,Automatic,1,ok,157.011,36,2,1,0,0,2305843009213693967:33;2305843009213693973:3,Symbolica_default,cached_powers_Q,3,2,0.205,BalancedZippelSeparated
fire7_nb0_rank3128,Automatic,1,ok,469.662,36,2,1,0,0,2305843009213693967:33;2305843009213693973:3,Symbolica_default,cached_powers_Q,3,2,0.323,BalancedZippelSeparated
fire7_nb0_rank3129,Automatic,1,ok,211.011,38,2,1,0,0,2305843009213693967:35;2305843009213693973:3,Symbolica_default,cached_powers_Q,3,2,0.306,BalancedZippelSeparated
fire7_nb0_rank3130,Automatic,1,ok,170.631,34,2,1,0,0,2305843009213693967:31;2305843009213693973:3,Symbolica_default,cached_powers_Q,6,1,0.204,BalancedZippelSeparated
fire7_nb0_rank3131,Automatic,1,ok,316.131,34,2,1,0,0,2305843009213693967:31;2305843009213693973:3,Symbolica_default,cached_powers_Q,3,4,0.207,BalancedZippelSeparated
fire7_nb0_rank3132,Automatic,1,ok,174.952,34,2,1,0,0,2305843009213693967:31;2305843009213693973:3,Symbolica_default,cached_powers_Q,3,4,0.208,BalancedZippelSeparated
fire7_nb0_rank3133,Automatic,1,ok,177.811,34,2,1,0,0,2305843009213693967:31;2305843009213693973:3,Symbolica_default,cached_powers_Q,3,4,0.208,BalancedZippelSeparated
fire7_nb0_rank3134,Automatic,1,ok,254.351,34,2,1,0,0,2305843009213693967:31;2305843009213693973:3,Symbolica_default,cached_powers_Q,3,4,0.310,BalancedZippelSeparated
fire7_nb0_rank3135,Automatic,1,ok,168.751,35,2,1,0,0,2305843009213693967:32;2305843009213693973:3,Symbolica_default,cached_powers_Q,3,2,0.229,BalancedZippelSeparated
fire7_nb0_rank3136,Automatic,1,ok,156.851,35,2,1,0,0,2305843009213693967:32;2305843009213693973:3,Symbolica_default,cached_powers_Q,3,2,0.234,BalancedZippelSeparated
fire7_nb0_rank3137,Automatic,1,ok,162.210,34,2,1,0,0,2305843009213693967:31;2305843009213693973:3,Symbolica_default,cached_powers_Q,6,1,0.347,BalancedZippelSeparated
fire7_nb0_rank3138,Automatic,1,ok,165.191,33,2,1,0,0,2305843009213693967:30;2305843009213693973:3,Symbolica_default,cached_powers_Q,6,2,0.200,BalancedZippelSeparated
fire7_nb0_rank3139,Automatic,1,ok,164.790,34,2,1,0,0,2305843009213693967:31;2305843009213693973:3,Symbolica_default,cached_powers_Q,3,4,0.183,BalancedZippelSeparated
fire7_nb0_rank3140,Automatic,1,ok,278.091,36,2,1,0,0,2305843009213693967:33;2305843009213693973:3,Symbolica_default,cached_powers_Q,6,2,0.261,BalancedZippelSeparated
fire7_nb0_rank3141,Automatic,1,ok,309.621,33,2,1,0,0,2305843009213693967:30;2305843009213693973:3,Symbolica_default,cached_powers_Q,4,4,0.320,BalancedZippelSeparated
fire7_nb0_rank3142,Automatic,1,ok,156.410,32,2,1,0,0,2305843009213693967:29;2305843009213693973:3,Symbolica_default,cached_powers_Q,6,1,0.222,BalancedZippelSeparated
fire7_nb0_rank3143,Automatic,1,ok,170.810,34,2,1,0,0,2305843009213693967:31;2305843009213693973:3,Symbolica_default,cached_powers_Q,6,1,0.194,BalancedZippelSeparated
fire7_nb0_rank3144,Automatic,1,ok,164.951,34,2,1,0,0,2305843009213693967:31;2305843009213693973:3,Symbolica_default,cached_powers_Q,6,1,0.191,BalancedZippelSeparated
fire7_nb0_rank3145,Automatic,1,ok,165.891,34,2,1,0,0,2305843009213693967:31;2305843009213693973:3,Symbolica_default,cached_powers_Q,3,4,0.342,BalancedZippelSeparated
fire7_nb0_rank3146,Automatic,1,ok,176.311,34,2,1,0,0,2305843009213693967:31;2305843009213693973:3,Symbolica_default,cached_powers_Q,3,4,0.231,BalancedZippelSeparated
fire7_nb0_rank3147,Automatic,1,ok,259.401,35,2,1,0,0,2305843009213693967:32;2305843009213693973:3,Symbolica_default,cached_powers_Q,4,2,0.295,BalancedZippelSeparated
fire7_nb0_rank3148,Automatic,1,ok,152.891,33,2,1,0,0,2305843009213693967:30;2305843009213693973:3,Symbolica_default,cached_powers_Q,4,1,0.386,BalancedZippelSeparated
fire7_nb0_rank3149,Automatic,1,ok,140.960,33,2,1,0,0,2305843009213693967:30;2305843009213693973:3,Symbolica_default,cached_powers_Q,4,1,0.192,BalancedZippelSeparated
fire7_nb0_rank3150,Automatic,1,ok,214.231,34,2,1,0,0,2305843009213693967:31;2305843009213693973:3,Symbolica_default,cached_powers_Q,5,2,0.199,BalancedZippelSeparated
fire7_nb0_rank3151,Automatic,1,ok,166.041,34,2,1,0,0,2305843009213693967:31;2305843009213693973:3,Symbolica_default,cached_powers_Q,3,4,0.216,BalancedZippelSeparated
fire7_nb0_rank3152,Automatic,1,ok,209.410,34,2,1,0,0,2305843009213693967:31;2305843009213693973:3,Symbolica_default,cached_powers_Q,3,4,0.327,BalancedZippelSeparated
fire7_nb0_rank3153,Automatic,1,ok,251.401,34,2,1,0,0,2305843009213693967:31;2305843009213693973:3,Symbolica_default,cached_powers_Q,3,4,0.304,BalancedZippelSeparated
fire7_nb0_rank3154,Automatic,1,ok,213.021,33,2,1,0,0,2305843009213693967:30;2305843009213693973:3,Symbolica_default,cached_powers_Q,3,2,0.232,BalancedZippelSeparated
fire7_nb0_rank3155,Automatic,1,ok,170.380,33,2,1,0,0,2305843009213693967:30;2305843009213693973:3,Symbolica_default,cached_powers_Q,3,2,0.382,BalancedZippelSeparated
fire7_nb0_rank3156,Automatic,1,ok,189.170,34,2,1,0,0,2305843009213693967:31;2305843009213693973:3,Symbolica_default,cached_powers_Q,4,4,0.193,BalancedZippelSeparated
fire7_nb0_rank3157,Automatic,1,ok,170.771,31,2,1,0,0,2305843009213693967:28;2305843009213693973:3,Symbolica_default,cached_powers_Q,4,2,0.196,BalancedZippelSeparated
fire7_nb0_rank3158,Automatic,1,ok,155.871,42,2,1,0,0,2305843009213693967:39;2305843009213693973:3,Symbolica_default,cached_powers_Q,3,3,0.187,BalancedZippelSeparated
fire7_nb0_rank3159,Automatic,1,ok,267.281,33,2,1,0,0,2305843009213693967:30;2305843009213693973:3,Symbolica_default,cached_powers_Q,6,2,0.290,BalancedZippelSeparated
fire7_nb0_rank3160,Automatic,1,ok,463.313,34,2,1,0,0,2305843009213693967:31;2305843009213693973:3,Symbolica_default,cached_powers_Q,5,1,0.292,BalancedZippelSeparated
fire7_nb0_rank3161,Automatic,1,ok,465.852,34,2,1,0,0,2305843009213693967:31;2305843009213693973:3,Symbolica_default,cached_powers_Q,5,1,0.280,BalancedZippelSeparated
fire7_nb0_rank3162,Automatic,1,ok,182.941,34,2,1,0,0,2305843009213693967:31;2305843009213693973:3,Symbolica_default,cached_powers_Q,5,1,0.185,BalancedZippelSeparated
fire7_nb0_rank3163,Automatic,1,ok,144.381,38,2,1,0,0,2305843009213693967:35;2305843009213693973:3,Symbolica_default,cached_powers_Q,3,2,0.341,BalancedZippelSeparated
fire7_nb0_rank3164,Automatic,1,ok,170.031,34,2,1,0,0,2305843009213693967:31;2305843009213693973:3,Symbolica_default,cached_powers_Q,3,4,0.205,BalancedZippelSeparated
fire7_nb0_rank3165,Automatic,1,ok,322.001,34,2,1,0,0,2305843009213693967:31;2305843009213693973:3,Symbolica_default,cached_powers_Q,3,4,0.177,BalancedZippelSeparated
fire7_nb0_rank3166,Automatic,1,ok,281.391,36,2,1,0,0,2305843009213693967:33;2305843009213693973:3,Symbolica_default,cached_powers_Q,6,2,0.284,BalancedZippelSeparated
fire7_nb0_rank3167,Automatic,1,ok,273.702,36,2,1,0,0,2305843009213693967:33;2305843009213693973:3,Symbolica_default,cached_powers_Q,6,2,0.337,BalancedZippelSeparated
fire7_nb0_rank3168,Automatic,1,ok,225.231,41,2,1,0,0,2305843009213693967:38;2305843009213693973:3,Symbolica_default,cached_powers_Q,3,3,0.300,BalancedZippelSeparated
fire7_nb0_rank3169,Automatic,1,ok,161.181,34,2,1,0,0,2305843009213693967:31;2305843009213693973:3,Symbolica_default,cached_powers_Q,5,1,0.188,BalancedZippelSeparated
fire7_nb0_rank3170,Automatic,1,ok,154.441,36,2,1,0,0,2305843009213693967:33;2305843009213693973:3,Symbolica_default,cached_powers_Q,2,3,0.191,BalancedZippelSeparated
fire7_nb0_rank3171,Automatic,1,ok,138.081,36,2,1,0,0,2305843009213693967:33;2305843009213693973:3,Symbolica_default,cached_powers_Q,2,3,0.166,BalancedZippelSeparated
fire7_nb0_rank3172,Automatic,1,ok,160.661,33,2,1,0,0,2305843009213693967:30;2305843009213693973:3,Symbolica_default,cached_powers_Q,3,2,0.208,BalancedZippelSeparated
fire7_nb0_rank3173,Automatic,1,ok,296.101,39,2,1,0,0,2305843009213693967:36;2305843009213693973:3,Symbolica_default,cached_powers_Q,4,3,0.536,BalancedZippelSeparated
fire7_nb0_rank3174,Automatic,1,ok,169.891,33,2,1,0,0,2305843009213693967:30;2305843009213693973:3,Symbolica_default,cached_powers_Q,3,2,0.226,BalancedZippelSeparated
fire7_nb0_rank3175,Automatic,1,ok,159.591,33,2,1,0,0,2305843009213693967:30;2305843009213693973:3,Symbolica_default,cached_powers_Q,3,2,0.189,BalancedZippelSeparated
fire7_nb0_rank3176,Automatic,1,ok,175.901,35,2,1,0,0,2305843009213693967:32;2305843009213693973:3,Symbolica_default,cached_powers_Q,4,3,0.354,BalancedZippelSeparated
fire7_nb0_rank3177,Automatic,1,ok,147.940,33,2,1,0,0,2305843009213693967:30;2305843009213693973:3,Symbolica_default,cached_powers_Q,3,2,0.180,BalancedZippelSeparated
fire7_nb0_rank3178,Automatic,1,ok,145.071,33,2,1,0,0,2305843009213693967:30;2305843009213693973:3,Symbolica_default,cached_powers_Q,3,2,0.200,BalancedZippelSeparated
fire7_nb0_rank3179,Automatic,1,ok,224.070,33,2,1,0,0,2305843009213693967:30;2305843009213693973:3,Symbolica_default,cached_powers_Q,3,2,0.490,BalancedZippelSeparated
fire7_nb0_rank3180,Automatic,1,ok,152.661,32,2,1,0,0,2305843009213693967:29;2305843009213693973:3,Symbolica_default,cached_powers_Q,4,1,0.295,BalancedZippelSeparated
fire7_nb0_rank3181,Automatic,1,ok,166.011,33,2,1,0,0,2305843009213693967:30;2305843009213693973:3,Symbolica_default,cached_powers_Q,3,2,0.225,BalancedZippelSeparated
fire7_nb0_rank3182,Automatic,1,ok,142.080,33,2,1,0,0,2305843009213693967:30;2305843009213693973:3,Symbolica_default,cached_powers_Q,3,2,0.195,BalancedZippelSeparated
fire7_nb0_rank3183,Automatic,1,ok,181.441,35,2,1,0,0,2305843009213693967:32;2305843009213693973:3,Symbolica_default,cached_powers_Q,4,3,0.341,BalancedZippelSeparated
fire7_nb0_rank3184,Automatic,1,ok,176.751,35,2,1,0,0,2305843009213693967:32;2305843009213693973:3,Symbolica_default,cached_powers_Q,4,3,0.204,BalancedZippelSeparated
fire7_nb0_rank3185,Automatic,1,ok,215.551,41,2,1,0,0,2305843009213693967:38;2305843009213693973:3,Symbolica_default,cached_powers_Q,3,3,0.264,BalancedZippelSeparated
fire7_nb0_rank3186,Automatic,1,ok,236.921,33,2,1,0,0,2305843009213693967:30;2305843009213693973:3,Symbolica_default,cached_powers_Q,3,2,0.303,BalancedZippelSeparated
fire7_nb0_rank3187,Automatic,1,ok,141.870,32,2,1,0,0,2305843009213693967:29;2305843009213693973:3,Symbolica_default,cached_powers_Q,4,1,0.206,BalancedZippelSeparated
fire7_nb0_rank3188,Automatic,1,ok,134.911,31,2,1,0,0,2305843009213693967:28;2305843009213693973:3,Symbolica_default,cached_powers_Q,4,1,0.174,BalancedZippelSeparated
fire7_nb0_rank3189,Automatic,1,ok,150.591,33,2,1,0,0,2305843009213693967:30;2305843009213693973:3,Symbolica_default,cached_powers_Q,3,2,0.201,BalancedZippelSeparated
fire7_nb0_rank3190,Automatic,1,ok,154.931,34,2,1,0,0,2305843009213693967:31;2305843009213693973:3,Symbolica_default,cached_powers_Q,6,1,0.186,BalancedZippelSeparated
fire7_nb0_rank3191,Automatic,1,ok,165.811,33,2,1,0,0,2305843009213693967:30;2305843009213693973:3,Symbolica_default,cached_powers_Q,3,2,0.199,BalancedZippelSeparated
fire7_nb0_rank3192,Automatic,1,ok,201.171,32,2,1,0,0,2305843009213693967:29;2305843009213693973:3,Symbolica_default,cached_powers_Q,6,1,0.285,BalancedZippelSeparated
fire7_nb0_rank3193,Automatic,1,ok,364.512,30,2,1,0,0,2305843009213693967:27;2305843009213693973:3,Symbolica_default,cached_powers_Q,4,1,0.241,BalancedZippelSeparated
fire7_nb0_rank3194,Automatic,1,ok,165.291,33,2,1,0,0,2305843009213693967:30;2305843009213693973:3,Symbolica_default,cached_powers_Q,3,2,0.378,BalancedZippelSeparated
fire7_nb0_rank3195,Automatic,1,ok,128.661,30,2,1,0,0,2305843009213693967:27;2305843009213693973:3,Symbolica_default,cached_powers_Q,4,1,0.179,BalancedZippelSeparated
fire7_nb0_rank3196,Automatic,1,ok,153.431,33,2,1,0,0,2305843009213693967:30;2305843009213693973:3,Symbolica_default,cached_powers_Q,3,2,0.188,BalancedZippelSeparated
fire7_nb0_rank3197,Automatic,1,ok,172.741,32,2,1,0,0,2305843009213693967:29;2305843009213693973:3,Symbolica_default,cached_powers_Q,6,1,0.324,BalancedZippelSeparated
fire7_nb0_rank3198,Automatic,1,ok,235.141,30,2,1,0,0,2305843009213693967:27;2305843009213693973:3,Symbolica_default,cached_powers_Q,4,1,0.448,BalancedZippelSeparated
fire7_nb0_rank3199,Automatic,1,ok,226.131,33,2,1,0,0,2305843009213693967:30;2305843009213693973:3,Symbolica_default,cached_powers_Q,3,2,0.280,BalancedZippelSeparated
fire7_nb0_rank3200,Automatic,1,ok,200.591,30,2,1,0,0,2305843009213693967:27;2305843009213693973:3,Symbolica_default,cached_powers_Q,4,1,0.344,BalancedZippelSeparated
fire7_nb0_rank3201,Automatic,1,ok,154.301,31,2,1,0,0,2305843009213693967:28;2305843009213693973:3,Symbolica_default,cached_powers_Q,4,1,0.326,BalancedZippelSeparated
fire7_nb0_rank3202,Automatic,1,ok,130.930,29,2,1,0,0,2305843009213693967:26;2305843009213693973:3,Symbolica_default,cached_powers_Q,4,1,0.188,BalancedZippelSeparated
fire7_nb0_rank3203,Automatic,1,ok,149.791,30,2,1,0,0,2305843009213693967:27;2305843009213693973:3,Symbolica_default,cached_powers_Q,4,1,0.169,BalancedZippelSeparated
fire7_nb0_rank3204,Automatic,1,ok,213.491,33,2,1,0,0,2305843009213693967:30;2305843009213693973:3,Symbolica_default,cached_powers_Q,3,2,0.261,BalancedZippelSeparated
fire7_nb0_rank3205,Automatic,1,ok,214.001,33,2,1,0,0,2305843009213693967:30;2305843009213693973:3,Symbolica_default,cached_powers_Q,3,2,0.301,BalancedZippelSeparated
fire7_nb0_rank3206,Automatic,1,ok,157.181,33,2,1,0,0,2305843009213693967:30;2305843009213693973:3,Symbolica_default,cached_powers_Q,3,2,0.234,BalancedZippelSeparated
fire7_nb0_rank3207,Automatic,1,ok,127.100,30,2,1,0,0,2305843009213693967:27;2305843009213693973:3,Symbolica_default,cached_powers_Q,4,1,0.174,BalancedZippelSeparated
fire7_nb0_rank3208,Automatic,1,ok,168.441,31,2,1,0,0,2305843009213693967:28;2305843009213693973:3,Symbolica_default,cached_powers_Q,3,2,0.415,BalancedZippelSeparated
fire7_nb0_rank3209,Automatic,1,ok,313.902,30,2,1,0,0,2305843009213693967:27;2305843009213693973:3,Symbolica_default,cached_powers_Q,4,1,0.190,BalancedZippelSeparated
fire7_nb0_rank3210,Automatic,1,ok,156.321,33,2,1,0,0,2305843009213693967:30;2305843009213693973:3,Symbolica_default,cached_powers_Q,3,2,0.227,BalancedZippelSeparated
fire7_nb0_rank3211,Automatic,1,ok,220.781,33,2,1,0,0,2305843009213693967:30;2305843009213693973:3,Symbolica_default,cached_powers_Q,3,2,0.299,BalancedZippelSeparated
fire7_nb0_rank3212,Automatic,1,ok,188.201,30,2,1,0,0,2305843009213693967:27;2305843009213693973:3,Symbolica_default,cached_powers_Q,4,1,0.285,BalancedZippelSeparated
fire7_nb0_rank3213,Automatic,1,ok,156.650,31,2,1,0,0,2305843009213693967:28;2305843009213693973:3,Symbolica_default,cached_powers_Q,3,2,0.217,BalancedZippelSeparated
fire7_nb0_rank3214,Automatic,1,ok,142.001,31,2,1,0,0,2305843009213693967:28;2305843009213693973:3,Symbolica_default,cached_powers_Q,3,2,0.204,BalancedZippelSeparated
fire7_nb0_rank3215,Automatic,1,ok,145.771,31,2,1,0,0,2305843009213693967:28;2305843009213693973:3,Symbolica_default,cached_powers_Q,3,2,0.177,BalancedZippelSeparated
fire7_nb0_rank3216,Automatic,1,ok,146.280,31,2,1,0,0,2305843009213693967:28;2305843009213693973:3,Symbolica_default,cached_powers_Q,3,2,0.172,BalancedZippelSeparated
fire7_nb0_rank3217,Automatic,1,ok,215.061,31,2,1,0,0,2305843009213693967:28;2305843009213693973:3,Symbolica_default,cached_powers_Q,3,2,0.304,BalancedZippelSeparated
fire7_nb0_rank3218,Automatic,1,ok,268.321,36,2,1,0,0,2305843009213693967:33;2305843009213693973:3,Symbolica_default,cached_powers_Q,2,3,0.472,BalancedZippelSeparated
fire7_nb0_rank3219,Automatic,1,ok,162.691,31,2,1,0,0,2305843009213693967:28;2305843009213693973:3,Symbolica_default,cached_powers_Q,3,2,0.229,BalancedZippelSeparated
fire7_nb0_rank3220,Automatic,1,ok,152.070,32,2,1,0,0,2305843009213693967:29;2305843009213693973:3,Symbolica_default,cached_powers_Q,3,2,0.201,BalancedZippelSeparated
fire7_nb0_rank3221,Automatic,1,ok,145.221,32,2,1,0,0,2305843009213693967:29;2305843009213693973:3,Symbolica_default,cached_powers_Q,3,2,0.192,BalancedZippelSeparated
fire7_nb0_rank3222,Automatic,1,ok,142.450,32,2,1,0,0,2305843009213693967:29;2305843009213693973:3,Symbolica_default,cached_powers_Q,3,2,0.189,BalancedZippelSeparated
fire7_nb0_rank3223,Automatic,1,ok,427.772,31,2,1,0,0,2305843009213693967:28;2305843009213693973:3,Symbolica_default,cached_powers_Q,3,2,0.299,BalancedZippelSeparated
fire7_nb0_rank3224,Automatic,1,ok,237.071,34,2,1,0,0,2305843009213693967:31;2305843009213693973:3,Symbolica_default,cached_powers_Q,5,1,0.264,BalancedZippelSeparated
fire7_nb0_rank3225,Automatic,1,ok,398.102,39,2,1,0,0,2305843009213693967:36;2305843009213693973:3,Symbolica_default,cached_powers_Q,5,3,0.224,BalancedZippelSeparated
fire7_nb0_rank3226,Automatic,1,ok,131.150,29,2,1,0,0,2305843009213693967:26;2305843009213693973:3,Symbolica_default,cached_powers_Q,4,1,0.323,BalancedZippelSeparated
fire7_nb0_rank3227,Automatic,1,ok,149.971,31,2,1,0,0,2305843009213693967:28;2305843009213693973:3,Symbolica_default,cached_powers_Q,3,2,0.339,BalancedZippelSeparated
fire7_nb0_rank3228,Automatic,1,ok,146.410,31,2,1,0,0,2305843009213693967:28;2305843009213693973:3,Symbolica_default,cached_powers_Q,3,2,0.193,BalancedZippelSeparated
fire7_nb0_rank3229,Automatic,1,ok,220.631,31,2,1,0,0,2305843009213693967:28;2305843009213693973:3,Symbolica_default,cached_powers_Q,3,2,0.489,BalancedZippelSeparated
fire7_nb0_rank3230,Automatic,1,ok,223.511,31,2,1,0,0,2305843009213693967:28;2305843009213693973:3,Symbolica_default,cached_powers_Q,3,2,0.464,BalancedZippelSeparated
fire7_nb0_rank3231,Automatic,1,ok,285.981,31,2,1,0,0,2305843009213693967:28;2305843009213693973:3,Symbolica_default,cached_powers_Q,3,2,0.206,BalancedZippelSeparated
fire7_nb0_rank3232,Automatic,1,ok,140.011,40,2,1,0,0,2305843009213693967:37;2305843009213693973:3,Symbolica_default,cached_powers_Q,3,3,0.196,BalancedZippelSeparated
fire7_nb0_rank3233,Automatic,1,ok,152.241,31,2,1,0,0,2305843009213693967:28;2305843009213693973:3,Symbolica_default,cached_powers_Q,3,2,0.203,BalancedZippelSeparated
fire7_nb0_rank3234,Automatic,1,ok,183.041,31,2,1,0,0,2305843009213693967:28;2305843009213693973:3,Symbolica_default,cached_powers_Q,3,2,0.323,BalancedZippelSeparated
fire7_nb0_rank3235,Automatic,1,ok,227.111,31,2,1,0,0,2305843009213693967:28;2305843009213693973:3,Symbolica_default,cached_powers_Q,3,2,0.301,BalancedZippelSeparated
fire7_nb0_rank3236,Automatic,1,ok,219.501,31,2,1,0,0,2305843009213693967:28;2305843009213693973:3,Symbolica_default,cached_powers_Q,3,2,0.311,BalancedZippelSeparated
fire7_nb0_rank3237,Automatic,1,ok,163.340,31,2,1,0,0,2305843009213693967:28;2305843009213693973:3,Symbolica_default,cached_powers_Q,3,2,0.274,BalancedZippelSeparated
fire7_nb0_rank3238,Automatic,1,ok,122.490,35,2,1,0,0,2305843009213693967:32;2305843009213693973:3,Symbolica_default,cached_powers_Q,3,1,0.191,BalancedZippelSeparated
fire7_nb0_rank3239,Automatic,1,ok,190.091,36,2,1,0,0,2305843009213693967:33;2305843009213693973:3,Symbolica_default,cached_powers_Q,5,2,0.215,BalancedZippelSeparated
fire7_nb0_rank3240,Automatic,1,ok,280.122,37,2,1,0,0,2305843009213693967:34;2305843009213693973:3,Symbolica_default,cached_powers_Q,3,3,0.168,BalancedZippelSeparated
fire7_nb0_rank3241,Automatic,1,ok,190.441,31,2,1,0,0,2305843009213693967:28;2305843009213693973:3,Symbolica_default,cached_powers_Q,3,2,0.514,BalancedZippelSeparated
fire7_nb0_rank3242,Automatic,1,ok,214.291,31,2,1,0,0,2305843009213693967:28;2305843009213693973:3,Symbolica_default,cached_powers_Q,3,2,0.452,BalancedZippelSeparated
fire7_nb0_rank3243,Automatic,1,ok,214.741,31,2,1,0,0,2305843009213693967:28;2305843009213693973:3,Symbolica_default,cached_powers_Q,3,2,0.514,BalancedZippelSeparated
fire7_nb0_rank3244,Automatic,1,ok,395.232,37,2,1,0,0,2305843009213693967:34;2305843009213693973:3,Symbolica_default,cached_powers_Q,2,3,0.215,BalancedZippelSeparated
fire7_nb0_rank3245,Automatic,1,ok,111.731,33,2,1,0,0,2305843009213693967:30;2305843009213693973:3,Symbolica_default,cached_powers_Q,3,1,0.196,BalancedZippelSeparated
fire7_nb0_rank3246,Automatic,1,ok,163.830,34,2,1,0,0,2305843009213693967:31;2305843009213693973:3,Symbolica_default,cached_powers_Q,5,1,0.169,BalancedZippelSeparated
fire7_nb0_rank3247,Automatic,1,ok,321.951,34,2,1,0,0,2305843009213693967:31;2305843009213693973:3,Symbolica_default,cached_powers_Q,5,1,0.186,BalancedZippelSeparated
fire7_nb0_rank3248,Automatic,1,ok,198.121,31,2,1,0,0,2305843009213693967:28;2305843009213693973:3,Symbolica_default,cached_powers_Q,4,1,0.514,BalancedZippelSeparated
fire7_nb0_rank3249,Automatic,1,ok,175.861,33,2,1,0,0,2305843009213693967:30;2305843009213693973:3,Symbolica_default,cached_powers_Q,3,1,0.269,BalancedZippelSeparated
fire7_nb0_rank3250,Automatic,1,ok,192.561,34,2,1,0,0,2305843009213693967:31;2305843009213693973:3,Symbolica_default,cached_powers_Q,2,3,0.395,BalancedZippelSeparated
fire7_nb0_rank3251,Automatic,1,ok,277.422,20,2,1,0,0,2305843009213693967:17;2305843009213693973:3,Symbolica_default,cached_powers_Q,3,2,0.202,BalancedZippelSeparated
fire7_nb0_rank3252,Automatic,1,ok,166.351,32,2,1,0,0,2305843009213693967:29;2305843009213693973:3,Symbolica_default,cached_powers_Q,4,2,0.191,BalancedZippelSeparated
fire7_nb0_rank3253,Automatic,1,ok,146.031,34,2,1,0,0,2305843009213693967:31;2305843009213693973:3,Symbolica_default,cached_powers_Q,2,3,0.325,BalancedZippelSeparated
fire7_nb0_rank3254,Automatic,1,ok,209.411,29,2,1,0,0,2305843009213693967:26;2305843009213693973:3,Symbolica_default,cached_powers_Q,4,1,0.279,BalancedZippelSeparated
fire7_nb0_rank3255,Automatic,1,ok,147.161,34,2,1,0,0,2305843009213693967:31;2305843009213693973:3,Symbolica_default,cached_powers_Q,2,3,0.213,BalancedZippelSeparated
fire7_nb0_rank3256,Automatic,1,ok,280.971,34,2,1,0,0,2305843009213693967:31;2305843009213693973:3,Symbolica_default,cached_powers_Q,2,3,0.204,BalancedZippelSeparated
fire7_nb0_rank3257,Automatic,1,ok,335.621,34,2,1,0,0,2305843009213693967:31;2305843009213693973:3,Symbolica_default,cached_powers_Q,5,1,0.203,BalancedZippelSeparated
fire7_nb0_rank3258,Automatic,1,ok,148.861,30,2,1,0,0,2305843009213693967:27;2305843009213693973:3,Symbolica_default,cached_powers_Q,2,2,0.204,BalancedZippelSeparated
fire7_nb0_rank3259,Automatic,1,ok,131.641,35,2,1,0,0,2305843009213693967:32;2305843009213693973:3,Symbolica_default,cached_powers_Q,1,3,0.192,BalancedZippelSeparated
fire7_nb0_rank3260,Automatic,1,ok,183.441,33,2,1,0,0,2305843009213693967:30;2305843009213693973:3,Symbolica_default,cached_powers_Q,3,1,0.286,BalancedZippelSeparated
fire7_nb0_rank3261,Automatic,1,ok,176.361,20,2,1,0,0,2305843009213693967:17;2305843009213693973:3,Symbolica_default,cached_powers_Q,3,2,0.298,BalancedZippelSeparated
fire7_nb0_rank3262,Automatic,1,ok,266.071,33,2,1,0,0,2305843009213693967:30;2305843009213693973:3,Symbolica_default,cached_powers_Q,3,1,0.192,BalancedZippelSeparated
fire7_nb0_rank3263,Automatic,1,ok,178.472,34,2,1,0,0,2305843009213693967:31;2305843009213693973:3,Symbolica_default,cached_powers_Q,2,3,0.321,BalancedZippelSeparated
fire7_nb0_rank3264,Automatic,1,ok,141.681,34,2,1,0,0,2305843009213693967:31;2305843009213693973:3,Symbolica_default,cached_powers_Q,3,2,0.190,BalancedZippelSeparated
fire7_nb0_rank3265,Automatic,1,ok,159.250,34,2,1,0,0,2305843009213693967:31;2305843009213693973:3,Symbolica_default,cached_powers_Q,2,3,0.195,BalancedZippelSeparated
fire7_nb0_rank3266,Automatic,1,ok,273.361,28,2,1,0,0,2305843009213693967:25;2305843009213693973:3,Symbolica_default,cached_powers_Q,2,2,0.280,BalancedZippelSeparated
fire7_nb0_rank3267,Automatic,1,ok,195.111,34,2,1,0,0,2305843009213693967:31;2305843009213693973:3,Symbolica_default,cached_powers_Q,1,3,0.269,BalancedZippelSeparated
fire7_nb0_rank3268,Automatic,1,ok,158.851,29,2,1,0,0,2305843009213693967:26;2305843009213693973:3,Symbolica_default,cached_powers_Q,2,2,0.213,BalancedZippelSeparated
fire7_nb0_rank3269,Automatic,1,ok,148.211,28,2,1,0,0,2305843009213693967:25;2305843009213693973:3,Symbolica_default,cached_powers_Q,2,2,0.208,BalancedZippelSeparated
fire7_nb0_rank3270,Automatic,1,ok,115.100,30,2,1,0,0,2305843009213693967:27;2305843009213693973:3,Symbolica_default,cached_powers_Q,2,1,0.173,BalancedZippelSeparated
fire7_nb0_rank3271,Automatic,1,ok,150.651,28,2,1,0,0,2305843009213693967:25;2305843009213693973:3,Symbolica_default,cached_powers_Q,2,2,0.213,BalancedZippelSeparated
fire7_nb0_rank3272,Automatic,1,ok,149.290,28,2,1,0,0,2305843009213693967:25;2305843009213693973:3,Symbolica_default,cached_powers_Q,2,2,0.201,BalancedZippelSeparated
fire7_nb0_rank3273,Automatic,1,ok,194.250,32,2,1,0,0,2305843009213693967:29;2305843009213693973:3,Symbolica_default,cached_powers_Q,1,3,0.270,BalancedZippelSeparated
fire7_nb0_rank3274,Automatic,1,ok,161.811,20,2,1,0,0,2305843009213693967:17;2305843009213693973:3,Symbolica_default,cached_powers_Q,3,2,0.302,BalancedZippelSeparated
fire7_nb0_rank3275,Automatic,1,ok,137.730,32,2,1,0,0,2305843009213693967:29;2305843009213693973:3,Symbolica_default,cached_powers_Q,1,3,0.174,BalancedZippelSeparated
fire7_nb0_rank3276,Automatic,1,ok,137.440,33,2,1,0,0,2305843009213693967:30;2305843009213693973:3,Symbolica_default,cached_powers_Q,3,2,0.178,BalancedZippelSeparated
fire7_nb0_rank3277,Automatic,1,ok,138.491,33,2,1,0,0,2305843009213693967:30;2305843009213693973:3,Symbolica_default,cached_powers_Q,3,2,0.179,BalancedZippelSeparated
fire7_nb0_rank3278,Automatic,1,ok,141.090,28,2,1,0,0,2305843009213693967:25;2305843009213693973:3,Symbolica_default,cached_powers_Q,2,2,0.207,BalancedZippelSeparated
fire7_nb0_rank3279,Automatic,1,ok,219.290,28,2,1,0,0,2305843009213693967:25;2305843009213693973:3,Symbolica_default,cached_powers_Q,2,2,0.461,BalancedZippelSeparated
fire7_nb0_rank3280,Automatic,1,ok,371.812,20,2,1,0,0,2305843009213693967:17;2305843009213693973:3,Symbolica_default,cached_powers_Q,3,2,0.305,BalancedZippelSeparated
fire7_nb0_rank3281,Automatic,1,ok,141.101,30,2,1,0,0,2305843009213693967:27;2305843009213693973:3,Symbolica_default,cached_powers_Q,2,2,0.188,BalancedZippelSeparated
fire7_nb0_rank3282,Automatic,1,ok,123.350,18,2,1,0,0,2305843009213693967:15;2305843009213693973:3,Symbolica_default,cached_powers_Q,2,2,0.191,BalancedZippelSeparated
fire7_nb0_rank3283,Automatic,1,ok,111.810,27,2,1,0,0,2305843009213693967:24;2305843009213693973:3,Symbolica_default,cached_powers_Q,2,1,0.178,BalancedZippelSeparated
fire7_nb0_rank3284,Automatic,1,ok,114.191,27,2,1,0,0,2305843009213693967:24;2305843009213693973:3,Symbolica_default,cached_powers_Q,2,1,0.183,BalancedZippelSeparated
fire7_nb0_rank3285,Automatic,1,ok,272.021,34,2,1,0,0,2305843009213693967:31;2305843009213693973:3,Symbolica_default,cached_powers_Q,2,3,0.486,BalancedZippelSeparated
fire7_nb0_rank3286,Automatic,1,ok,425.112,18,2,1,0,0,2305843009213693967:15;2305843009213693973:3,Symbolica_default,cached_powers_Q,2,2,0.321,BalancedZippelSeparated
fire7_nb0_rank3287,Automatic,1,ok,140.691,30,2,1,0,0,2305843009213693967:27;2305843009213693973:3,Symbolica_default,cached_powers_Q,2,2,0.189,BalancedZippelSeparated
fire7_nb0_rank3288,Automatic,1,ok,137.141,34,2,1,0,0,2305843009213693967:31;2305843009213693973:3,Symbolica_default,cached_powers_Q,2,3,0.177,BalancedZippelSeparated
fire7_nb0_rank3289,Automatic,1,ok,124.010,18,2,1,0,0,2305843009213693967:15;2305843009213693973:3,Symbolica_default,cached_powers_Q,2,2,0.202,BalancedZippelSeparated
fire7_nb0_rank3290,Automatic,1,ok,124.821,18,2,1,0,0,2305843009213693967:15;2305843009213693973:3,Symbolica_default,cached_powers_Q,2,2,0.201,BalancedZippelSeparated
fire7_nb0_rank3291,Automatic,1,ok,114.331,27,2,1,0,0,2305843009213693967:24;2305843009213693973:3,Symbolica_default,cached_powers_Q,2,1,0.210,BalancedZippelSeparated
fire7_nb0_rank3292,Automatic,1,ok,202.961,34,2,1,0,0,2305843009213693967:31;2305843009213693973:3,Symbolica_default,cached_powers_Q,2,3,0.263,BalancedZippelSeparated
fire7_nb0_rank3293,Automatic,1,ok,170.771,27,2,1,0,0,2305843009213693967:24;2305843009213693973:3,Symbolica_default,cached_powers_Q,2,1,0.272,BalancedZippelSeparated
fire7_nb0_rank3294,Automatic,1,ok,105.071,27,2,1,0,0,2305843009213693967:24;2305843009213693973:3,Symbolica_default,cached_powers_Q,2,1,0.172,BalancedZippelSeparated
fire7_nb0_rank3295,Automatic,1,ok,127.471,30,2,1,0,0,2305843009213693967:27;2305843009213693973:3,Symbolica_default,cached_powers_Q,2,2,0.193,BalancedZippelSeparated
fire7_nb0_rank3296,Automatic,1,ok,197.871,18,2,1,0,0,2305843009213693967:15;2305843009213693973:3,Symbolica_default,cached_powers_Q,1,2,0.152,BalancedZippelSeparated
fire7_nb0_rank3297,Automatic,1,ok,100.200,27,2,1,0,0,2305843009213693967:24;2305843009213693973:3,Symbolica_default,cached_powers_Q,2,1,0.172,BalancedZippelSeparated
fire7_nb0_rank3298,Automatic,1,ok,162.231,27,2,1,0,0,2305843009213693967:24;2305843009213693973:3,Symbolica_default,cached_powers_Q,2,1,0.248,BalancedZippelSeparated
fire7_nb0_rank3299,Automatic,1,ok,174.851,30,2,1,0,0,2305843009213693967:27;2305843009213693973:3,Symbolica_default,cached_powers_Q,2,2,0.208,BalancedZippelSeparated
fire7_nb0_rank3300,Automatic,1,ok,122.391,27,2,1,0,0,2305843009213693967:24;2305843009213693973:3,Symbolica_default,cached_powers_Q,1,1,0.175,BalancedZippelSeparated
fire7_nb0_rank3301,Automatic,1,ok,151.221,27,2,1,0,0,2305843009213693967:24;2305843009213693973:3,Symbolica_default,cached_powers_Q,2,1,0.276,BalancedZippelSeparated
fire7_nb0_rank3302,Automatic,1,ok,101.671,27,2,1,0,0,2305843009213693967:24;2305843009213693973:3,Symbolica_default,cached_powers_Q,2,1,0.175,BalancedZippelSeparated
fire7_nb0_rank3303,Automatic,1,ok,111.031,27,2,1,0,0,2305843009213693967:24;2305843009213693973:3,Symbolica_default,cached_powers_Q,2,1,0.179,BalancedZippelSeparated
fire7_nb0_rank3304,Automatic,1,ok,156.471,27,2,1,0,0,2305843009213693967:24;2305843009213693973:3,Symbolica_default,cached_powers_Q,2,1,0.258,BalancedZippelSeparated
fire7_nb0_rank3305,Automatic,1,ok,122.181,16,2,1,0,0,2305843009213693967:13;2305843009213693973:3,Symbolica_default,cached_powers_Q,2,1,0.227,BalancedZippelSeparated
fire7_nb0_rank3306,Automatic,1,ok,164.750,27,2,1,0,0,2305843009213693967:24;2305843009213693973:3,Symbolica_default,cached_powers_Q,2,1,0.264,BalancedZippelSeparated
fire7_nb0_rank3307,Automatic,1,ok,92.760,16,2,1,0,0,2305843009213693967:13;2305843009213693973:3,Symbolica_default,cached_powers_Q,2,1,0.303,BalancedZippelSeparated
fire7_nb0_rank3308,Automatic,1,ok,103.181,24,2,1,0,0,2305843009213693967:21;2305843009213693973:3,Symbolica_default,cached_powers_Q,1,1,0.123,BalancedZippelSeparated
fire7_nb0_rank3309,Automatic,1,ok,116.021,24,2,1,0,0,2305843009213693967:21;2305843009213693973:3,Symbolica_default,cached_powers_Q,1,1,0.139,BalancedZippelSeparated
fire7_nb0_rank3310,Automatic,1,ok,152.801,24,2,1,0,0,2305843009213693967:21;2305843009213693973:3,Symbolica_default,cached_powers_Q,1,1,0.184,BalancedZippelSeparated
fire7_nb0_rank3311,Automatic,1,ok,143.640,16,2,1,0,0,2305843009213693967:13;2305843009213693973:3,Symbolica_default,cached_powers_Q,2,1,0.160,BalancedZippelSeparated
fire7_nb0_rank3312,Automatic,1,ok,145.881,16,2,1,0,0,2305843009213693967:13;2305843009213693973:3,Symbolica_default,cached_powers_Q,2,1,0.165,BalancedZippelSeparated
fire7_nb0_rank3313,Automatic,1,ok,100.580,16,2,1,0,0,2305843009213693967:13;2305843009213693973:3,Symbolica_default,cached_powers_Q,2,1,0.102,BalancedZippelSeparated
fire7_nb0_rank3314,Automatic,1,ok,89.630,16,2,1,0,0,2305843009213693967:13;2305843009213693973:3,Symbolica_default,cached_powers_Q,2,1,0.092,BalancedZippelSeparated
fire7_nb0_rank3315,Automatic,1,ok,90.600,16,2,1,0,0,2305843009213693967:13;2305843009213693973:3,Symbolica_default,cached_powers_Q,2,1,0.092,BalancedZippelSeparated
fire7_nb0_rank3316,Automatic,1,ok,88.820,16,2,1,0,0,2305843009213693967:13;2305843009213693973:3,Symbolica_default,cached_powers_Q,2,1,0.092,BalancedZippelSeparated
fire7_nb0_rank3317,Automatic,1,ok,139.761,16,2,1,0,0,2305843009213693967:13;2305843009213693973:3,Symbolica_default,cached_powers_Q,2,1,0.122,BalancedZippelSeparated
fire7_nb0_rank3318,Automatic,1,ok,135.240,14,2,1,0,0,2305843009213693967:11;2305843009213693973:3,Symbolica_default,cached_powers_Q,1,1,0.104,BalancedZippelSeparated
fire7_nb0_rank3319,Automatic,1,ok,135.801,14,2,1,0,0,2305843009213693967:11;2305843009213693973:3,Symbolica_default,cached_powers_Q,1,1,0.089,BalancedZippelSeparated
