case,method,seed,status,elapsed_us,probes,primes,images,support_reuses,support_fallbacks,probes_by_prime,prime_policy,oracle,num_terms,den_terms,setup_ms,selected_methods
fire7_nb0_rank0001,Automatic,1,ok,52995.691,1731,2,1,0,0,2305843009213693967:1728;2305843009213693973:3,Symbolica_default,cached_powers_Q,858,414,13.126,BalancedZippelSeparated
fire7_nb0_rank0001,Automatic,2,ok,52400.137,1731,2,1,0,0,2305843009213693967:1728;2305843009213693973:3,Symbolica_default,cached_powers_Q,858,414,9.775,BalancedZippelSeparated
fire7_nb0_rank0001,Automatic,3,ok,52575.118,1731,2,1,0,0,2305843009213693967:1728;2305843009213693973:3,Symbolica_default,cached_powers_Q,858,414,11.323,BalancedZippelSeparated
fire7_nb0_rank0002,Automatic,1,ok,63204.182,1933,2,1,0,0,2305843009213693967:1930;2305843009213693973:3,Symbolica_default,cached_powers_Q,877,414,12.224,BalancedZippelSeparated
fire7_nb0_rank0002,Automatic,2,ok,65110.872,1933,2,1,0,0,2305843009213693967:1930;2305843009213693973:3,Symbolica_default,cached_powers_Q,877,414,10.818,BalancedZippelSeparated
fire7_nb0_rank0002,Automatic,3,ok,61381.653,1933,2,1,0,0,2305843009213693967:1930;2305843009213693973:3,Symbolica_default,cached_powers_Q,877,414,12.698,BalancedZippelSeparated
fire7_nb0_rank0003,Automatic,1,ok,36936.568,1451,2,1,0,0,2305843009213693967:1448;2305843009213693973:3,Symbolica_default,cached_powers_Q,753,243,12.264,BalancedZippelSeparated
fire7_nb0_rank0003,Automatic,2,ok,36396.966,1451,2,1,0,0,2305843009213693967:1448;2305843009213693973:3,Symbolica_default,cached_powers_Q,753,243,12.339,BalancedZippelSeparated
fire7_nb0_rank0003,Automatic,3,ok,36061.614,1451,2,1,0,0,2305843009213693967:1448;2305843009213693973:3,Symbolica_default,cached_powers_Q,753,243,12.014,BalancedZippelSeparated
fire7_nb0_rank0004,Automatic,1,ok,32289.315,1276,2,1,0,0,2305843009213693967:1273;2305843009213693973:3,Symbolica_default,cached_powers_Q,722,243,14.008,BalancedZippelSeparated
fire7_nb0_rank0004,Automatic,2,ok,32062.274,1276,2,1,0,0,2305843009213693967:1273;2305843009213693973:3,Symbolica_default,cached_powers_Q,722,243,11.696,BalancedZippelSeparated
fire7_nb0_rank0004,Automatic,3,ok,32374.915,1276,2,1,0,0,2305843009213693967:1273;2305843009213693973:3,Symbolica_default,cached_powers_Q,722,243,12.101,BalancedZippelSeparated
fire7_nb0_rank0005,Automatic,1,ok,32113.044,1407,2,1,0,0,2305843009213693967:1404;2305843009213693973:3,Symbolica_default,cached_powers_Q,739,224,12.470,BalancedZippelSeparated
fire7_nb0_rank0005,Automatic,2,ok,33054.618,1407,2,1,0,0,2305843009213693967:1404;2305843009213693973:3,Symbolica_default,cached_powers_Q,739,224,15.188,BalancedZippelSeparated
fire7_nb0_rank0005,Automatic,3,ok,34094.383,1407,2,1,0,0,2305843009213693967:1404;2305843009213693973:3,Symbolica_default,cached_powers_Q,739,224,11.468,BalancedZippelSeparated
fire7_nb0_rank0006,Automatic,1,ok,32500.915,1354,2,1,0,0,2305843009213693967:1351;2305843009213693973:3,Symbolica_default,cached_powers_Q,720,224,10.780,BalancedZippelSeparated
fire7_nb0_rank0006,Automatic,2,ok,33066.199,1354,2,1,0,0,2305843009213693967:1351;2305843009213693973:3,Symbolica_default,cached_powers_Q,720,224,11.659,BalancedZippelSeparated
fire7_nb0_rank0006,Automatic,3,ok,33252.769,1354,2,1,0,0,2305843009213693967:1351;2305843009213693973:3,Symbolica_default,cached_powers_Q,720,224,11.483,BalancedZippelSeparated
fire7_nb0_rank0007,Automatic,1,ok,26131.493,1164,2,1,0,0,2305843009213693967:1161;2305843009213693973:3,Symbolica_default,cached_powers_Q,648,261,6.707,BalancedZippelSeparated
fire7_nb0_rank0007,Automatic,2,ok,29186.489,1164,2,1,0,0,2305843009213693967:1161;2305843009213693973:3,Symbolica_default,cached_powers_Q,648,261,7.344,BalancedZippelSeparated
fire7_nb0_rank0007,Automatic,3,ok,27189.118,1164,2,1,0,0,2305843009213693967:1161;2305843009213693973:3,Symbolica_default,cached_powers_Q,648,261,11.239,BalancedZippelSeparated
fire7_nb0_rank0008,Automatic,1,ok,31525.680,1164,2,1,0,0,2305843009213693967:1161;2305843009213693973:3,Symbolica_default,cached_powers_Q,645,261,8.300,BalancedZippelSeparated
fire7_nb0_rank0008,Automatic,2,ok,31857.863,1164,2,1,0,0,2305843009213693967:1161;2305843009213693973:3,Symbolica_default,cached_powers_Q,645,261,7.719,BalancedZippelSeparated
fire7_nb0_rank0008,Automatic,3,ok,29670.181,1164,2,1,0,0,2305843009213693967:1161;2305843009213693973:3,Symbolica_default,cached_powers_Q,645,261,8.511,BalancedZippelSeparated
fire7_nb0_rank0009,Automatic,1,ok,26057.232,1150,2,1,0,0,2305843009213693967:1147;2305843009213693973:3,Symbolica_default,cached_powers_Q,578,261,11.231,BalancedZippelSeparated
fire7_nb0_rank0009,Automatic,2,ok,26857.087,1150,2,1,0,0,2305843009213693967:1147;2305843009213693973:3,Symbolica_default,cached_powers_Q,578,261,11.912,BalancedZippelSeparated
fire7_nb0_rank0009,Automatic,3,ok,26515.896,1150,2,1,0,0,2305843009213693967:1147;2305843009213693973:3,Symbolica_default,cached_powers_Q,578,261,6.717,BalancedZippelSeparated
fire7_nb0_rank0010,Automatic,1,ok,32880.357,1323,2,1,0,0,2305843009213693967:1320;2305843009213693973:3,Symbolica_default,cached_powers_Q,639,196,7.890,BalancedZippelSeparated
fire7_nb0_rank0010,Automatic,2,ok,33556.851,1323,2,1,0,0,2305843009213693967:1320;2305843009213693973:3,Symbolica_default,cached_powers_Q,639,196,7.394,BalancedZippelSeparated
fire7_nb0_rank0010,Automatic,3,ok,32400.775,1323,2,1,0,0,2305843009213693967:1320;2305843009213693973:3,Symbolica_default,cached_powers_Q,639,196,7.900,BalancedZippelSeparated
fire7_nb0_rank0011,Automatic,1,ok,33272.050,1337,2,1,0,0,2305843009213693967:1334;2305843009213693973:3,Symbolica_default,cached_powers_Q,640,196,7.841,BalancedZippelSeparated
fire7_nb0_rank0011,Automatic,2,ok,31811.732,1337,2,1,0,0,2305843009213693967:1334;2305843009213693973:3,Symbolica_default,cached_powers_Q,640,196,5.417,BalancedZippelSeparated
fire7_nb0_rank0011,Automatic,3,ok,30442.366,1337,2,1,0,0,2305843009213693967:1334;2305843009213693973:3,Symbolica_default,cached_powers_Q,640,196,7.749,BalancedZippelSeparated
fire7_nb0_rank0012,Automatic,1,ok,18736.386,878,2,1,0,0,2305843009213693967:875;2305843009213693973:3,Symbolica_default,cached_powers_Q,431,369,8.725,BalancedZippelSeparated
fire7_nb0_rank0012,Automatic,2,ok,20273.073,878,2,1,0,0,2305843009213693967:875;2305843009213693973:3,Symbolica_default,cached_powers_Q,431,369,7.999,BalancedZippelSeparated
fire7_nb0_rank0012,Automatic,3,ok,19619.420,878,2,1,0,0,2305843009213693967:875;2305843009213693973:3,Symbolica_default,cached_powers_Q,431,369,7.593,BalancedZippelSeparated
fire7_nb0_rank0013,Automatic,1,ok,27455.050,1108,2,1,0,0,2305843009213693967:1105;2305843009213693973:3,Symbolica_default,cached_powers_Q,534,232,8.028,BalancedZippelSeparated
fire7_nb0_rank0013,Automatic,2,ok,25004.767,1108,2,1,0,0,2305843009213693967:1105;2305843009213693973:3,Symbolica_default,cached_powers_Q,534,232,7.743,BalancedZippelSeparated
fire7_nb0_rank0013,Automatic,3,ok,25817.311,1108,2,1,0,0,2305843009213693967:1105;2305843009213693973:3,Symbolica_default,cached_powers_Q,534,232,7.258,BalancedZippelSeparated
fire7_nb0_rank0014,Automatic,1,ok,24754.686,963,2,1,0,0,2305843009213693967:960;2305843009213693973:3,Symbolica_default,cached_powers_Q,572,198,5.800,BalancedZippelSeparated
fire7_nb0_rank0014,Automatic,2,ok,24594.895,963,2,1,0,0,2305843009213693967:960;2305843009213693973:3,Symbolica_default,cached_powers_Q,572,198,7.589,BalancedZippelSeparated
fire7_nb0_rank0014,Automatic,3,ok,24085.113,963,2,1,0,0,2305843009213693967:960;2305843009213693973:3,Symbolica_default,cached_powers_Q,572,198,7.463,BalancedZippelSeparated
fire7_nb0_rank0015,Automatic,1,ok,23423.559,978,2,1,0,0,2305843009213693967:975;2305843009213693973:3,Symbolica_default,cached_powers_Q,530,232,7.614,BalancedZippelSeparated
fire7_nb0_rank0015,Automatic,2,ok,23224.118,978,2,1,0,0,2305843009213693967:975;2305843009213693973:3,Symbolica_default,cached_powers_Q,530,232,5.611,BalancedZippelSeparated
fire7_nb0_rank0015,Automatic,3,ok,22522.275,978,2,1,0,0,2305843009213693967:975;2305843009213693973:3,Symbolica_default,cached_powers_Q,530,232,7.777,BalancedZippelSeparated
fire7_nb0_rank0016,Automatic,1,ok,26913.697,1102,2,1,0,0,2305843009213693967:1099;2305843009213693973:3,Symbolica_default,cached_powers_Q,530,232,7.311,BalancedZippelSeparated
fire7_nb0_rank0016,Automatic,2,ok,24590.635,1102,2,1,0,0,2305843009213693967:1099;2305843009213693973:3,Symbolica_default,cached_powers_Q,530,232,7.788,BalancedZippelSeparated
fire7_nb0_rank0016,Automatic,3,ok,26991.478,1102,2,1,0,0,2305843009213693967:1099;2305843009213693973:3,Symbolica_default,cached_powers_Q,530,232,7.754,BalancedZippelSeparated
fire7_nb0_rank0017,Automatic,1,ok,29821.812,1141,2,1,0,0,2305843009213693967:1138;2305843009213693973:3,Symbolica_default,cached_powers_Q,567,189,7.542,BalancedZippelSeparated
fire7_nb0_rank0017,Automatic,2,ok,32093.154,1141,2,1,0,0,2305843009213693967:1138;2305843009213693973:3,Symbolica_default,cached_powers_Q,567,189,7.815,BalancedZippelSeparated
fire7_nb0_rank0017,Automatic,3,ok,30980.157,1141,2,1,0,0,2305843009213693967:1138;2305843009213693973:3,Symbolica_default,cached_powers_Q,567,189,6.348,BalancedZippelSeparated
fire7_nb0_rank0237,Automatic,1,ok,6702.184,375,2,1,0,0,2305843009213693967:372;2305843009213693973:3,Symbolica_default,cached_powers_Q,153,126,1.880,BalancedZippelSeparated
fire7_nb0_rank0237,Automatic,2,ok,7799.610,375,2,1,0,0,2305843009213693967:372;2305843009213693973:3,Symbolica_default,cached_powers_Q,153,126,1.763,BalancedZippelSeparated
fire7_nb0_rank0237,Automatic,3,ok,6056.920,375,2,1,0,0,2305843009213693967:372;2305843009213693973:3,Symbolica_default,cached_powers_Q,153,126,2.004,BalancedZippelSeparated
fire7_nb0_rank0457,Automatic,1,ok,5321.177,227,2,1,0,0,2305843009213693967:224;2305843009213693973:3,Symbolica_default,cached_powers_Q,88,78,1.295,BalancedZippelSeparated
fire7_nb0_rank0457,Automatic,2,ok,5533.028,227,2,1,0,0,2305843009213693967:224;2305843009213693973:3,Symbolica_default,cached_powers_Q,88,78,1.304,BalancedZippelSeparated
fire7_nb0_rank0457,Automatic,3,ok,5006.596,227,2,1,0,0,2305843009213693967:224;2305843009213693973:3,Symbolica_default,cached_powers_Q,88,78,1.202,BalancedZippelSeparated
fire7_nb0_rank0529,Automatic,1,ok,5450.938,260,2,1,0,0,2305843009213693967:257;2305843009213693973:3,Symbolica_default,cached_powers_Q,26,150,1.685,BalancedZippelSeparated
fire7_nb0_rank0529,Automatic,2,ok,5240.876,260,2,1,0,0,2305843009213693967:257;2305843009213693973:3,Symbolica_default,cached_powers_Q,26,150,1.596,BalancedZippelSeparated
fire7_nb0_rank0529,Automatic,3,ok,5499.858,260,2,1,0,0,2305843009213693967:257;2305843009213693973:3,Symbolica_default,cached_powers_Q,26,150,1.760,BalancedZippelSeparated
fire7_nb0_rank0677,Automatic,1,ok,1334.117,185,2,1,0,0,2305843009213693967:182;2305843009213693973:3,Symbolica_default,cached_powers_Q,98,30,1.252,BalancedZippelSeparated
fire7_nb0_rank0677,Automatic,2,ok,1382.807,185,2,1,0,0,2305843009213693967:182;2305843009213693973:3,Symbolica_default,cached_powers_Q,98,30,1.044,BalancedZippelSeparated
fire7_nb0_rank0677,Automatic,3,ok,1666.248,185,2,1,0,0,2305843009213693967:182;2305843009213693973:3,Symbolica_default,cached_powers_Q,98,30,1.189,BalancedZippelSeparated
fire7_nb0_rank0815,Automatic,1,ok,2585.493,250,2,1,0,0,2305843009213693967:247;2305843009213693973:3,Symbolica_default,cached_powers_Q,20,100,1.160,BalancedZippelSeparated
fire7_nb0_rank0815,Automatic,2,ok,5141.606,250,2,1,0,0,2305843009213693967:247;2305843009213693973:3,Symbolica_default,cached_powers_Q,20,100,1.142,BalancedZippelSeparated
fire7_nb0_rank0815,Automatic,3,ok,4949.155,250,2,1,0,0,2305843009213693967:247;2305843009213693973:3,Symbolica_default,cached_powers_Q,20,100,0.998,BalancedZippelSeparated
fire7_nb0_rank0896,Automatic,1,ok,4730.424,135,2,1,0,0,2305843009213693967:132;2305843009213693973:3,Symbolica_default,cached_powers_Q,6,100,0.689,BalancedZippelSeparated
fire7_nb0_rank0896,Automatic,2,ok,2856.125,135,2,1,0,0,2305843009213693967:132;2305843009213693973:3,Symbolica_default,cached_powers_Q,6,100,0.986,BalancedZippelSeparated
fire7_nb0_rank0896,Automatic,3,ok,4657.284,135,2,1,0,0,2305843009213693967:132;2305843009213693973:3,Symbolica_default,cached_powers_Q,6,100,0.901,BalancedZippelSeparated
fire7_nb0_rank0897,Automatic,1,ok,3818.199,134,2,1,0,0,2305843009213693967:131;2305843009213693973:3,Symbolica_default,cached_powers_Q,6,100,1.028,BalancedZippelSeparated
fire7_nb0_rank0897,Automatic,2,ok,4116.461,134,2,1,0,0,2305843009213693967:131;2305843009213693973:3,Symbolica_default,cached_powers_Q,6,100,0.874,BalancedZippelSeparated
fire7_nb0_rank0897,Automatic,3,ok,4491.713,134,2,1,0,0,2305843009213693967:131;2305843009213693973:3,Symbolica_default,cached_powers_Q,6,100,0.740,BalancedZippelSeparated
fire7_nb0_rank0961,Automatic,1,ok,1326.347,134,2,1,0,0,2305843009213693967:131;2305843009213693973:3,Symbolica_default,cached_powers_Q,7,90,0.800,BalancedZippelSeparated
fire7_nb0_rank0961,Automatic,2,ok,1260.327,134,2,1,0,0,2305843009213693967:131;2305843009213693973:3,Symbolica_default,cached_powers_Q,7,90,0.940,BalancedZippelSeparated
fire7_nb0_rank0961,Automatic,3,ok,1335.407,134,2,1,0,0,2305843009213693967:131;2305843009213693973:3,Symbolica_default,cached_powers_Q,7,90,0.968,BalancedZippelSeparated
fire7_nb0_rank1037,Automatic,1,ok,1619.998,138,2,1,0,0,2305843009213693967:135;2305843009213693973:3,Symbolica_default,cached_powers_Q,7,80,0.684,BalancedZippelSeparated
fire7_nb0_rank1037,Automatic,2,ok,1323.437,138,2,1,0,0,2305843009213693967:135;2305843009213693973:3,Symbolica_default,cached_powers_Q,7,80,1.020,BalancedZippelSeparated
fire7_nb0_rank1037,Automatic,3,ok,1361.937,138,2,1,0,0,2305843009213693967:135;2305843009213693973:3,Symbolica_default,cached_powers_Q,7,80,0.961,BalancedZippelSeparated
fire7_nb0_rank1061,Automatic,1,ok,1220.896,134,2,1,0,0,2305843009213693967:131;2305843009213693973:3,Symbolica_default,cached_powers_Q,6,80,0.834,BalancedZippelSeparated
fire7_nb0_rank1061,Automatic,2,ok,1222.986,134,2,1,0,0,2305843009213693967:131;2305843009213693973:3,Symbolica_default,cached_powers_Q,6,80,0.869,BalancedZippelSeparated
fire7_nb0_rank1061,Automatic,3,ok,1256.937,134,2,1,0,0,2305843009213693967:131;2305843009213693973:3,Symbolica_default,cached_powers_Q,6,80,0.850,BalancedZippelSeparated
fire7_nb0_rank1110,Automatic,1,ok,3454.688,130,2,1,0,0,2305843009213693967:127;2305843009213693973:3,Symbolica_default,cached_powers_Q,6,72,0.863,BalancedZippelSeparated
fire7_nb0_rank1110,Automatic,2,ok,4674.703,130,2,1,0,0,2305843009213693967:127;2305843009213693973:3,Symbolica_default,cached_powers_Q,6,72,0.917,BalancedZippelSeparated
fire7_nb0_rank1110,Automatic,3,ok,4633.994,130,2,1,0,0,2305843009213693967:127;2305843009213693973:3,Symbolica_default,cached_powers_Q,6,72,0.907,BalancedZippelSeparated
fire7_nb0_rank1117,Automatic,1,ok,1092.936,115,2,1,0,0,2305843009213693967:112;2305843009213693973:3,Symbolica_default,cached_powers_Q,30,45,1.014,BalancedZippelSeparated
fire7_nb0_rank1117,Automatic,2,ok,1051.735,115,2,1,0,0,2305843009213693967:112;2305843009213693973:3,Symbolica_default,cached_powers_Q,30,45,0.891,BalancedZippelSeparated
fire7_nb0_rank1117,Automatic,3,ok,861.535,115,2,1,0,0,2305843009213693967:112;2305843009213693973:3,Symbolica_default,cached_powers_Q,30,45,0.634,BalancedZippelSeparated
fire7_nb0_rank1283,Automatic,1,ok,4434.742,134,2,1,0,0,2305843009213693967:131;2305843009213693973:3,Symbolica_default,cached_powers_Q,6,60,0.823,BalancedZippelSeparated
fire7_nb0_rank1283,Automatic,2,ok,2690.834,134,2,1,0,0,2305843009213693967:131;2305843009213693973:3,Symbolica_default,cached_powers_Q,6,60,0.736,BalancedZippelSeparated
fire7_nb0_rank1283,Automatic,3,ok,1225.006,134,2,1,0,0,2305843009213693967:131;2305843009213693973:3,Symbolica_default,cached_powers_Q,6,60,0.551,BalancedZippelSeparated
fire7_nb0_rank1337,Automatic,1,ok,1094.086,111,2,1,0,0,2305843009213693967:108;2305843009213693973:3,Symbolica_default,cached_powers_Q,45,10,0.664,BalancedZippelSeparated
fire7_nb0_rank1337,Automatic,2,ok,935.714,111,2,1,0,0,2305843009213693967:108;2305843009213693973:3,Symbolica_default,cached_powers_Q,45,10,0.606,BalancedZippelSeparated
fire7_nb0_rank1337,Automatic,3,ok,1104.696,111,2,1,0,0,2305843009213693967:108;2305843009213693973:3,Symbolica_default,cached_powers_Q,45,10,0.664,BalancedZippelSeparated
fire7_nb0_rank1473,Automatic,1,ok,816.704,95,2,1,0,0,2305843009213693967:92;2305843009213693973:3,Symbolica_default,cached_powers_Q,5,48,0.513,BalancedZippelSeparated
fire7_nb0_rank1473,Automatic,2,ok,745.344,95,2,1,0,0,2305843009213693967:92;2305843009213693973:3,Symbolica_default,cached_powers_Q,5,48,0.456,BalancedZippelSeparated
fire7_nb0_rank1473,Automatic,3,ok,740.444,95,2,1,0,0,2305843009213693967:92;2305843009213693973:3,Symbolica_default,cached_powers_Q,5,48,0.732,BalancedZippelSeparated
fire7_nb0_rank1557,Automatic,1,ok,898.784,97,2,1,0,0,2305843009213693967:94;2305843009213693973:3,Symbolica_default,cached_powers_Q,36,10,0.680,BalancedZippelSeparated
fire7_nb0_rank1557,Automatic,2,ok,944.505,97,2,1,0,0,2305843009213693967:94;2305843009213693973:3,Symbolica_default,cached_powers_Q,36,10,0.693,BalancedZippelSeparated
fire7_nb0_rank1557,Automatic,3,ok,1058.515,97,2,1,0,0,2305843009213693967:94;2305843009213693973:3,Symbolica_default,cached_powers_Q,36,10,0.867,BalancedZippelSeparated
fire7_nb0_rank1778,Automatic,1,ok,667.713,79,2,1,0,0,2305843009213693967:76;2305843009213693973:3,Symbolica_default,cached_powers_Q,24,10,0.507,BalancedZippelSeparated
fire7_nb0_rank1778,Automatic,2,ok,813.534,79,2,1,0,0,2305843009213693967:76;2305843009213693973:3,Symbolica_default,cached_powers_Q,24,10,0.731,BalancedZippelSeparated
fire7_nb0_rank1778,Automatic,3,ok,631.973,79,2,1,0,0,2305843009213693967:76;2305843009213693973:3,Symbolica_default,cached_powers_Q,24,10,0.580,BalancedZippelSeparated
fire7_nb0_rank1965,Automatic,1,ok,469.822,95,2,1,0,0,2305843009213693967:92;2305843009213693973:3,Symbolica_default,cached_powers_Q,5,24,0.387,BalancedZippelSeparated
fire7_nb0_rank1965,Automatic,2,ok,437.812,95,2,1,0,0,2305843009213693967:92;2305843009213693973:3,Symbolica_default,cached_powers_Q,5,24,0.360,BalancedZippelSeparated
fire7_nb0_rank1965,Automatic,3,ok,670.354,95,2,1,0,0,2305843009213693967:92;2305843009213693973:3,Symbolica_default,cached_powers_Q,5,24,0.431,BalancedZippelSeparated
fire7_nb0_rank1998,Automatic,1,ok,590.363,62,2,1,0,0,2305843009213693967:59;2305843009213693973:3,Symbolica_default,cached_powers_Q,17,5,0.327,BalancedZippelSeparated
fire7_nb0_rank1998,Automatic,2,ok,451.992,62,2,1,0,0,2305843009213693967:59;2305843009213693973:3,Symbolica_default,cached_powers_Q,17,5,0.505,BalancedZippelSeparated
fire7_nb0_rank1998,Automatic,3,ok,713.824,62,2,1,0,0,2305843009213693967:59;2305843009213693973:3,Symbolica_default,cached_powers_Q,17,5,0.407,BalancedZippelSeparated
fire7_nb0_rank2179,Automatic,1,ok,675.554,79,2,1,0,0,2305843009213693967:76;2305843009213693973:3,Symbolica_default,cached_powers_Q,5,18,0.393,BalancedZippelSeparated
fire7_nb0_rank2179,Automatic,2,ok,435.483,79,2,1,0,0,2305843009213693967:76;2305843009213693973:3,Symbolica_default,cached_powers_Q,5,18,0.600,BalancedZippelSeparated
fire7_nb0_rank2179,Automatic,3,ok,449.912,79,2,1,0,0,2305843009213693967:76;2305843009213693973:3,Symbolica_default,cached_powers_Q,5,18,0.404,BalancedZippelSeparated
fire7_nb0_rank2218,Automatic,1,ok,709.293,53,2,1,0,0,2305843009213693967:50;2305843009213693973:3,Symbolica_default,cached_powers_Q,10,12,0.466,BalancedZippelSeparated
fire7_nb0_rank2218,Automatic,2,ok,387.691,53,2,1,0,0,2305843009213693967:50;2305843009213693973:3,Symbolica_default,cached_powers_Q,10,12,0.349,BalancedZippelSeparated
fire7_nb0_rank2218,Automatic,3,ok,389.402,53,2,1,0,0,2305843009213693967:50;2305843009213693973:3,Symbolica_default,cached_powers_Q,10,12,0.363,BalancedZippelSeparated
fire7_nb0_rank2294,Automatic,1,ok,432.462,91,2,1,0,0,2305843009213693967:88;2305843009213693973:3,Symbolica_default,cached_powers_Q,20,3,0.277,BalancedZippelSeparated
fire7_nb0_rank2294,Automatic,2,ok,407.682,91,2,1,0,0,2305843009213693967:88;2305843009213693973:3,Symbolica_default,cached_powers_Q,20,3,0.333,BalancedZippelSeparated
fire7_nb0_rank2294,Automatic,3,ok,711.603,91,2,1,0,0,2305843009213693967:88;2305843009213693973:3,Symbolica_default,cached_powers_Q,20,3,0.572,BalancedZippelSeparated
fire7_nb0_rank2438,Automatic,1,ok,598.712,50,2,1,0,0,2305843009213693967:47;2305843009213693973:3,Symbolica_default,cached_powers_Q,5,8,0.600,BalancedZippelSeparated
fire7_nb0_rank2438,Automatic,2,ok,298.012,50,2,1,0,0,2305843009213693967:47;2305843009213693973:3,Symbolica_default,cached_powers_Q,5,8,0.312,BalancedZippelSeparated
fire7_nb0_rank2438,Automatic,3,ok,582.803,50,2,1,0,0,2305843009213693967:47;2305843009213693973:3,Symbolica_default,cached_powers_Q,5,8,0.342,BalancedZippelSeparated
fire7_nb0_rank2457,Automatic,1,ok,657.733,71,2,1,0,0,2305843009213693967:68;2305843009213693973:3,Symbolica_default,cached_powers_Q,4,14,0.528,BalancedZippelSeparated
fire7_nb0_rank2457,Automatic,2,ok,687.863,71,2,1,0,0,2305843009213693967:68;2305843009213693973:3,Symbolica_default,cached_powers_Q,4,14,0.288,BalancedZippelSeparated
fire7_nb0_rank2457,Automatic,3,ok,716.763,71,2,1,0,0,2305843009213693967:68;2305843009213693973:3,Symbolica_default,cached_powers_Q,4,14,0.468,BalancedZippelSeparated
fire7_nb0_rank2494,Automatic,1,ok,416.892,88,2,1,0,0,2305843009213693967:85;2305843009213693973:3,Symbolica_default,cached_powers_Q,16,2,0.521,BalancedZippelSeparated
fire7_nb0_rank2494,Automatic,2,ok,607.843,88,2,1,0,0,2305843009213693967:85;2305843009213693973:3,Symbolica_default,cached_powers_Q,16,2,0.559,BalancedZippelSeparated
fire7_nb0_rank2494,Automatic,3,ok,630.463,88,2,1,0,0,2305843009213693967:85;2305843009213693973:3,Symbolica_default,cached_powers_Q,16,2,0.387,BalancedZippelSeparated
fire7_nb0_rank2587,Automatic,1,ok,496.663,65,2,1,0,0,2305843009213693967:62;2305843009213693973:3,Symbolica_default,cached_powers_Q,12,5,0.369,BalancedZippelSeparated
fire7_nb0_rank2587,Automatic,2,ok,733.204,65,2,1,0,0,2305843009213693967:62;2305843009213693973:3,Symbolica_default,cached_powers_Q,12,5,0.389,BalancedZippelSeparated
fire7_nb0_rank2587,Automatic,3,ok,487.762,65,2,1,0,0,2305843009213693967:62;2305843009213693973:3,Symbolica_default,cached_powers_Q,12,5,0.512,BalancedZippelSeparated
fire7_nb0_rank2634,Automatic,1,ok,398.402,60,2,1,0,0,2305843009213693967:57;2305843009213693973:3,Symbolica_default,cached_powers_Q,10,6,0.362,BalancedZippelSeparated
fire7_nb0_rank2634,Automatic,2,ok,349.342,60,2,1,0,0,2305843009213693967:57;2305843009213693973:3,Symbolica_default,cached_powers_Q,10,6,0.302,BalancedZippelSeparated
fire7_nb0_rank2634,Automatic,3,ok,368.931,60,2,1,0,0,2305843009213693967:57;2305843009213693973:3,Symbolica_default,cached_powers_Q,10,6,0.495,BalancedZippelSeparated
fire7_nb0_rank2646,Automatic,1,ok,603.704,63,2,1,0,0,2305843009213693967:60;2305843009213693973:3,Symbolica_default,cached_powers_Q,12,5,0.318,BalancedZippelSeparated
fire7_nb0_rank2646,Automatic,2,ok,634.383,63,2,1,0,0,2305843009213693967:60;2305843009213693973:3,Symbolica_default,cached_powers_Q,12,5,0.317,BalancedZippelSeparated
fire7_nb0_rank2646,Automatic,3,ok,673.414,63,2,1,0,0,2305843009213693967:60;2305843009213693973:3,Symbolica_default,cached_powers_Q,12,5,0.597,BalancedZippelSeparated
fire7_nb0_rank2657,Automatic,1,ok,617.963,51,2,1,0,0,2305843009213693967:48;2305843009213693973:3,Symbolica_default,cached_powers_Q,12,4,0.313,BalancedZippelSeparated
fire7_nb0_rank2657,Automatic,2,ok,365.882,51,2,1,0,0,2305843009213693967:48;2305843009213693973:3,Symbolica_default,cached_powers_Q,12,4,0.395,BalancedZippelSeparated
fire7_nb0_rank2657,Automatic,3,ok,623.933,51,2,1,0,0,2305843009213693967:48;2305843009213693973:3,Symbolica_default,cached_powers_Q,12,4,0.315,BalancedZippelSeparated
fire7_nb0_rank2658,Automatic,1,ok,366.602,51,2,1,0,0,2305843009213693967:48;2305843009213693973:3,Symbolica_default,cached_powers_Q,12,4,0.334,BalancedZippelSeparated
fire7_nb0_rank2658,Automatic,2,ok,536.903,51,2,1,0,0,2305843009213693967:48;2305843009213693973:3,Symbolica_default,cached_powers_Q,12,4,0.556,BalancedZippelSeparated
fire7_nb0_rank2658,Automatic,3,ok,322.772,51,2,1,0,0,2305843009213693967:48;2305843009213693973:3,Symbolica_default,cached_powers_Q,12,4,0.257,BalancedZippelSeparated
fire7_nb0_rank2667,Automatic,1,ok,699.583,59,2,1,0,0,2305843009213693967:56;2305843009213693973:3,Symbolica_default,cached_powers_Q,10,5,0.541,BalancedZippelSeparated
fire7_nb0_rank2667,Automatic,2,ok,382.213,59,2,1,0,0,2305843009213693967:56;2305843009213693973:3,Symbolica_default,cached_powers_Q,10,5,0.262,BalancedZippelSeparated
fire7_nb0_rank2667,Automatic,3,ok,360.172,59,2,1,0,0,2305843009213693967:56;2305843009213693973:3,Symbolica_default,cached_powers_Q,10,5,0.235,BalancedZippelSeparated
fire7_nb0_rank2669,Automatic,1,ok,684.514,59,2,1,0,0,2305843009213693967:56;2305843009213693973:3,Symbolica_default,cached_powers_Q,10,5,0.360,BalancedZippelSeparated
fire7_nb0_rank2669,Automatic,2,ok,666.264,59,2,1,0,0,2305843009213693967:56;2305843009213693973:3,Symbolica_default,cached_powers_Q,10,5,0.305,BalancedZippelSeparated
fire7_nb0_rank2669,Automatic,3,ok,732.404,59,2,1,0,0,2305843009213693967:56;2305843009213693973:3,Symbolica_default,cached_powers_Q,10,5,0.386,BalancedZippelSeparated
fire7_nb0_rank2670,Automatic,1,ok,419.392,55,2,1,0,0,2305843009213693967:52;2305843009213693973:3,Symbolica_default,cached_powers_Q,10,5,0.322,BalancedZippelSeparated
fire7_nb0_rank2670,Automatic,2,ok,596.543,55,2,1,0,0,2305843009213693967:52;2305843009213693973:3,Symbolica_default,cached_powers_Q,10,5,0.282,BalancedZippelSeparated
fire7_nb0_rank2670,Automatic,3,ok,585.393,55,2,1,0,0,2305843009213693967:52;2305843009213693973:3,Symbolica_default,cached_powers_Q,10,5,0.324,BalancedZippelSeparated
fire7_nb0_rank2676,Automatic,1,ok,404.022,55,2,1,0,0,2305843009213693967:52;2305843009213693973:3,Symbolica_default,cached_powers_Q,10,5,0.320,BalancedZippelSeparated
fire7_nb0_rank2676,Automatic,2,ok,708.804,55,2,1,0,0,2305843009213693967:52;2305843009213693973:3,Symbolica_default,cached_powers_Q,10,5,0.347,BalancedZippelSeparated
fire7_nb0_rank2676,Automatic,3,ok,606.343,55,2,1,0,0,2305843009213693967:52;2305843009213693973:3,Symbolica_default,cached_powers_Q,10,5,0.343,BalancedZippelSeparated
fire7_nb0_rank2680,Automatic,1,ok,333.442,50,2,1,0,0,2305843009213693967:47;2305843009213693973:3,Symbolica_default,cached_powers_Q,10,3,0.567,BalancedZippelSeparated
fire7_nb0_rank2680,Automatic,2,ok,595.652,50,2,1,0,0,2305843009213693967:47;2305843009213693973:3,Symbolica_default,cached_powers_Q,10,3,0.314,BalancedZippelSeparated
fire7_nb0_rank2680,Automatic,3,ok,317.192,50,2,1,0,0,2305843009213693967:47;2305843009213693973:3,Symbolica_default,cached_powers_Q,10,3,0.467,BalancedZippelSeparated
fire7_nb0_rank2681,Automatic,1,ok,472.722,62,2,1,0,0,2305843009213693967:59;2305843009213693973:3,Symbolica_default,cached_powers_Q,10,5,0.635,BalancedZippelSeparated
fire7_nb0_rank2681,Automatic,2,ok,640.823,62,2,1,0,0,2305843009213693967:59;2305843009213693973:3,Symbolica_default,cached_powers_Q,10,5,0.573,BalancedZippelSeparated
fire7_nb0_rank2681,Automatic,3,ok,642.503,62,2,1,0,0,2305843009213693967:59;2305843009213693973:3,Symbolica_default,cached_powers_Q,10,5,0.276,BalancedZippelSeparated
fire7_nb0_rank2686,Automatic,1,ok,336.622,51,2,1,0,0,2305843009213693967:48;2305843009213693973:3,Symbolica_default,cached_powers_Q,12,2,0.376,BalancedZippelSeparated
fire7_nb0_rank2686,Automatic,2,ok,295.802,51,2,1,0,0,2305843009213693967:48;2305843009213693973:3,Symbolica_default,cached_powers_Q,12,2,0.419,BalancedZippelSeparated
fire7_nb0_rank2686,Automatic,3,ok,441.583,51,2,1,0,0,2305843009213693967:48;2305843009213693973:3,Symbolica_default,cached_powers_Q,12,2,0.249,BalancedZippelSeparated
fire7_nb0_rank2688,Automatic,1,ok,448.362,49,2,1,0,0,2305843009213693967:46;2305843009213693973:3,Symbolica_default,cached_powers_Q,10,4,0.453,BalancedZippelSeparated
fire7_nb0_rank2688,Automatic,2,ok,470.732,49,2,1,0,0,2305843009213693967:46;2305843009213693973:3,Symbolica_default,cached_powers_Q,10,4,0.479,BalancedZippelSeparated
fire7_nb0_rank2688,Automatic,3,ok,929.565,49,2,1,0,0,2305843009213693967:46;2305843009213693973:3,Symbolica_default,cached_powers_Q,10,4,0.379,BalancedZippelSeparated
fire7_nb0_rank2695,Automatic,1,ok,626.433,57,2,1,0,0,2305843009213693967:54;2305843009213693973:3,Symbolica_default,cached_powers_Q,12,3,0.352,BalancedZippelSeparated
fire7_nb0_rank2695,Automatic,2,ok,641.993,57,2,1,0,0,2305843009213693967:54;2305843009213693973:3,Symbolica_default,cached_powers_Q,12,3,0.346,BalancedZippelSeparated
fire7_nb0_rank2695,Automatic,3,ok,352.642,57,2,1,0,0,2305843009213693967:54;2305843009213693973:3,Symbolica_default,cached_powers_Q,12,3,0.278,BalancedZippelSeparated
fire7_nb0_rank2697,Automatic,1,ok,660.133,49,2,1,0,0,2305843009213693967:46;2305843009213693973:3,Symbolica_default,cached_powers_Q,10,4,0.316,BalancedZippelSeparated
fire7_nb0_rank2697,Automatic,2,ok,430.092,49,2,1,0,0,2305843009213693967:46;2305843009213693973:3,Symbolica_default,cached_powers_Q,10,4,0.496,BalancedZippelSeparated
fire7_nb0_rank2697,Automatic,3,ok,596.333,49,2,1,0,0,2305843009213693967:46;2305843009213693973:3,Symbolica_default,cached_powers_Q,10,4,0.301,BalancedZippelSeparated
fire7_nb0_rank2731,Automatic,1,ok,648.673,49,2,1,0,0,2305843009213693967:46;2305843009213693973:3,Symbolica_default,cached_powers_Q,10,4,0.341,BalancedZippelSeparated
fire7_nb0_rank2731,Automatic,2,ok,609.123,49,2,1,0,0,2305843009213693967:46;2305843009213693973:3,Symbolica_default,cached_powers_Q,10,4,0.388,BalancedZippelSeparated
fire7_nb0_rank2731,Automatic,3,ok,403.642,49,2,1,0,0,2305843009213693967:46;2305843009213693973:3,Symbolica_default,cached_powers_Q,10,4,0.606,BalancedZippelSeparated
fire7_nb0_rank2734,Automatic,1,ok,309.432,49,2,1,0,0,2305843009213693967:46;2305843009213693973:3,Symbolica_default,cached_powers_Q,3,10,0.595,BalancedZippelSeparated
fire7_nb0_rank2734,Automatic,2,ok,289.882,49,2,1,0,0,2305843009213693967:46;2305843009213693973:3,Symbolica_default,cached_powers_Q,3,10,0.283,BalancedZippelSeparated
fire7_nb0_rank2734,Automatic,3,ok,308.421,49,2,1,0,0,2305843009213693967:46;2305843009213693973:3,Symbolica_default,cached_powers_Q,3,10,0.335,BalancedZippelSeparated
fire7_nb0_rank2735,Automatic,1,ok,356.622,49,2,1,0,0,2305843009213693967:46;2305843009213693973:3,Symbolica_default,cached_powers_Q,3,10,0.474,BalancedZippelSeparated
fire7_nb0_rank2735,Automatic,2,ok,307.921,49,2,1,0,0,2305843009213693967:46;2305843009213693973:3,Symbolica_default,cached_powers_Q,3,10,0.336,BalancedZippelSeparated
fire7_nb0_rank2735,Automatic,3,ok,338.162,49,2,1,0,0,2305843009213693967:46;2305843009213693973:3,Symbolica_default,cached_powers_Q,3,10,0.372,BalancedZippelSeparated
fire7_nb0_rank2736,Automatic,1,ok,394.642,57,2,1,0,0,2305843009213693967:54;2305843009213693973:3,Symbolica_default,cached_powers_Q,11,3,0.398,BalancedZippelSeparated
fire7_nb0_rank2736,Automatic,2,ok,656.283,57,2,1,0,0,2305843009213693967:54;2305843009213693973:3,Symbolica_default,cached_powers_Q,11,3,0.373,BalancedZippelSeparated
fire7_nb0_rank2736,Automatic,3,ok,484.632,57,2,1,0,0,2305843009213693967:54;2305843009213693973:3,Symbolica_default,cached_powers_Q,11,3,0.551,BalancedZippelSeparated
fire7_nb0_rank2741,Automatic,1,ok,613.783,70,2,1,0,0,2305843009213693967:67;2305843009213693973:3,Symbolica_default,cached_powers_Q,8,4,0.295,BalancedZippelSeparated
fire7_nb0_rank2741,Automatic,2,ok,360.072,70,2,1,0,0,2305843009213693967:67;2305843009213693973:3,Symbolica_default,cached_powers_Q,8,4,0.301,BalancedZippelSeparated
fire7_nb0_rank2741,Automatic,3,ok,564.173,70,2,1,0,0,2305843009213693967:67;2305843009213693973:3,Symbolica_default,cached_powers_Q,8,4,0.516,BalancedZippelSeparated
fire7_nb0_rank2742,Automatic,1,ok,303.342,49,2,1,0,0,2305843009213693967:46;2305843009213693973:3,Symbolica_default,cached_powers_Q,10,2,0.282,BalancedZippelSeparated
fire7_nb0_rank2742,Automatic,2,ok,300.811,49,2,1,0,0,2305843009213693967:46;2305843009213693973:3,Symbolica_default,cached_powers_Q,10,2,0.538,BalancedZippelSeparated
fire7_nb0_rank2742,Automatic,3,ok,600.663,49,2,1,0,0,2305843009213693967:46;2305843009213693973:3,Symbolica_default,cached_powers_Q,10,2,0.317,BalancedZippelSeparated
fire7_nb0_rank2745,Automatic,1,ok,588.253,49,2,1,0,0,2305843009213693967:46;2305843009213693973:3,Symbolica_default,cached_powers_Q,3,10,0.351,BalancedZippelSeparated
fire7_nb0_rank2745,Automatic,2,ok,343.942,49,2,1,0,0,2305843009213693967:46;2305843009213693973:3,Symbolica_default,cached_powers_Q,3,10,0.571,BalancedZippelSeparated
fire7_nb0_rank2745,Automatic,3,ok,568.362,49,2,1,0,0,2305843009213693967:46;2305843009213693973:3,Symbolica_default,cached_powers_Q,3,10,0.565,BalancedZippelSeparated
fire7_nb0_rank2757,Automatic,1,ok,305.891,49,2,1,0,0,2305843009213693967:46;2305843009213693973:3,Symbolica_default,cached_powers_Q,3,10,0.358,BalancedZippelSeparated
fire7_nb0_rank2757,Automatic,2,ok,304.242,49,2,1,0,0,2305843009213693967:46;2305843009213693973:3,Symbolica_default,cached_powers_Q,3,10,0.516,BalancedZippelSeparated
fire7_nb0_rank2757,Automatic,3,ok,278.301,49,2,1,0,0,2305843009213693967:46;2305843009213693973:3,Symbolica_default,cached_powers_Q,3,10,0.287,BalancedZippelSeparated
fire7_nb0_rank2758,Automatic,1,ok,526.513,47,2,1,0,0,2305843009213693967:44;2305843009213693973:3,Symbolica_default,cached_powers_Q,3,10,0.375,BalancedZippelSeparated
fire7_nb0_rank2758,Automatic,2,ok,279.492,47,2,1,0,0,2305843009213693967:44;2305843009213693973:3,Symbolica_default,cached_powers_Q,3,10,0.253,BalancedZippelSeparated
fire7_nb0_rank2758,Automatic,3,ok,287.912,47,2,1,0,0,2305843009213693967:44;2305843009213693973:3,Symbolica_default,cached_powers_Q,3,10,0.273,BalancedZippelSeparated
fire7_nb0_rank2760,Automatic,1,ok,335.431,49,2,1,0,0,2305843009213693967:46;2305843009213693973:3,Symbolica_default,cached_powers_Q,3,10,0.549,BalancedZippelSeparated
fire7_nb0_rank2760,Automatic,2,ok,318.552,49,2,1,0,0,2305843009213693967:46;2305843009213693973:3,Symbolica_default,cached_powers_Q,3,10,0.605,BalancedZippelSeparated
fire7_nb0_rank2760,Automatic,3,ok,339.822,49,2,1,0,0,2305843009213693967:46;2305843009213693973:3,Symbolica_default,cached_powers_Q,3,10,0.576,BalancedZippelSeparated
fire7_nb0_rank2762,Automatic,1,ok,403.782,52,2,1,0,0,2305843009213693967:49;2305843009213693973:3,Symbolica_default,cached_powers_Q,10,3,0.349,BalancedZippelSeparated
fire7_nb0_rank2762,Automatic,2,ok,371.861,52,2,1,0,0,2305843009213693967:49;2305843009213693973:3,Symbolica_default,cached_powers_Q,10,3,0.329,BalancedZippelSeparated
fire7_nb0_rank2762,Automatic,3,ok,348.851,52,2,1,0,0,2305843009213693967:49;2305843009213693973:3,Symbolica_default,cached_powers_Q,10,3,0.296,BalancedZippelSeparated
fire7_nb0_rank2765,Automatic,1,ok,408.613,51,2,1,0,0,2305843009213693967:48;2305843009213693973:3,Symbolica_default,cached_powers_Q,8,5,0.354,BalancedZippelSeparated
fire7_nb0_rank2765,Automatic,2,ok,563.983,51,2,1,0,0,2305843009213693967:48;2305843009213693973:3,Symbolica_default,cached_powers_Q,8,5,0.268,BalancedZippelSeparated
fire7_nb0_rank2765,Automatic,3,ok,350.971,51,2,1,0,0,2305843009213693967:48;2305843009213693973:3,Symbolica_default,cached_powers_Q,8,5,0.253,BalancedZippelSeparated
fire7_nb0_rank2773,Automatic,1,ok,629.073,53,2,1,0,0,2305843009213693967:50;2305843009213693973:3,Symbolica_default,cached_powers_Q,8,5,0.339,BalancedZippelSeparated
fire7_nb0_rank2773,Automatic,2,ok,391.482,53,2,1,0,0,2305843009213693967:50;2305843009213693973:3,Symbolica_default,cached_powers_Q,8,5,0.376,BalancedZippelSeparated
fire7_nb0_rank2773,Automatic,3,ok,655.073,53,2,1,0,0,2305843009213693967:50;2305843009213693973:3,Symbolica_default,cached_powers_Q,8,5,0.377,BalancedZippelSeparated
fire7_nb0_rank2805,Automatic,1,ok,292.561,49,2,1,0,0,2305843009213693967:46;2305843009213693973:3,Symbolica_default,cached_powers_Q,3,10,0.522,BalancedZippelSeparated
fire7_nb0_rank2805,Automatic,2,ok,446.322,49,2,1,0,0,2305843009213693967:46;2305843009213693973:3,Symbolica_default,cached_powers_Q,3,10,0.306,BalancedZippelSeparated
fire7_nb0_rank2805,Automatic,3,ok,274.731,49,2,1,0,0,2305843009213693967:46;2305843009213693973:3,Symbolica_default,cached_powers_Q,3,10,0.507,BalancedZippelSeparated
fire7_nb0_rank2816,Automatic,1,ok,296.041,49,2,1,0,0,2305843009213693967:46;2305843009213693973:3,Symbolica_default,cached_powers_Q,3,10,0.465,BalancedZippelSeparated
fire7_nb0_rank2816,Automatic,2,ok,453.652,49,2,1,0,0,2305843009213693967:46;2305843009213693973:3,Symbolica_default,cached_powers_Q,3,10,0.344,BalancedZippelSeparated
fire7_nb0_rank2816,Automatic,3,ok,271.512,49,2,1,0,0,2305843009213693967:46;2305843009213693973:3,Symbolica_default,cached_powers_Q,3,10,0.233,BalancedZippelSeparated
fire7_nb0_rank2817,Automatic,1,ok,533.662,65,2,1,0,0,2305843009213693967:62;2305843009213693973:3,Symbolica_default,cached_powers_Q,9,2,0.595,BalancedZippelSeparated
fire7_nb0_rank2817,Automatic,2,ok,326.341,65,2,1,0,0,2305843009213693967:62;2305843009213693973:3,Symbolica_default,cached_powers_Q,9,2,0.340,BalancedZippelSeparated
fire7_nb0_rank2817,Automatic,3,ok,301.441,65,2,1,0,0,2305843009213693967:62;2305843009213693973:3,Symbolica_default,cached_powers_Q,9,2,0.323,BalancedZippelSeparated
fire7_nb0_rank2848,Automatic,1,ok,585.673,52,2,1,0,0,2305843009213693967:49;2305843009213693973:3,Symbolica_default,cached_powers_Q,8,3,0.337,BalancedZippelSeparated
fire7_nb0_rank2848,Automatic,2,ok,383.002,52,2,1,0,0,2305843009213693967:49;2305843009213693973:3,Symbolica_default,cached_powers_Q,8,3,0.373,BalancedZippelSeparated
fire7_nb0_rank2848,Automatic,3,ok,581.463,52,2,1,0,0,2305843009213693967:49;2305843009213693973:3,Symbolica_default,cached_powers_Q,8,3,0.254,BalancedZippelSeparated
fire7_nb0_rank2858,Automatic,1,ok,385.252,52,2,1,0,0,2305843009213693967:49;2305843009213693973:3,Symbolica_default,cached_powers_Q,8,3,0.288,BalancedZippelSeparated
fire7_nb0_rank2858,Automatic,2,ok,353.532,52,2,1,0,0,2305843009213693967:49;2305843009213693973:3,Symbolica_default,cached_powers_Q,8,3,0.264,BalancedZippelSeparated
fire7_nb0_rank2858,Automatic,3,ok,554.723,52,2,1,0,0,2305843009213693967:49;2305843009213693973:3,Symbolica_default,cached_powers_Q,8,3,0.495,BalancedZippelSeparated
fire7_nb0_rank2859,Automatic,1,ok,362.802,52,2,1,0,0,2305843009213693967:49;2305843009213693973:3,Symbolica_default,cached_powers_Q,8,3,0.503,BalancedZippelSeparated
fire7_nb0_rank2859,Automatic,2,ok,706.393,52,2,1,0,0,2305843009213693967:49;2305843009213693973:3,Symbolica_default,cached_powers_Q,8,3,0.584,BalancedZippelSeparated
fire7_nb0_rank2859,Automatic,3,ok,387.182,52,2,1,0,0,2305843009213693967:49;2305843009213693973:3,Symbolica_default,cached_powers_Q,8,3,0.455,BalancedZippelSeparated
fire7_nb0_rank2860,Automatic,1,ok,393.852,50,2,1,0,0,2305843009213693967:47;2305843009213693973:3,Symbolica_default,cached_powers_Q,8,3,0.382,BalancedZippelSeparated
fire7_nb0_rank2860,Automatic,2,ok,514.013,50,2,1,0,0,2305843009213693967:47;2305843009213693973:3,Symbolica_default,cached_powers_Q,8,3,0.263,BalancedZippelSeparated
fire7_nb0_rank2860,Automatic,3,ok,388.482,50,2,1,0,0,2305843009213693967:47;2305843009213693973:3,Symbolica_default,cached_powers_Q,8,3,0.286,BalancedZippelSeparated
fire7_nb0_rank2861,Automatic,1,ok,549.653,50,2,1,0,0,2305843009213693967:47;2305843009213693973:3,Symbolica_default,cached_powers_Q,8,3,0.293,BalancedZippelSeparated
fire7_nb0_rank2861,Automatic,2,ok,349.232,50,2,1,0,0,2305843009213693967:47;2305843009213693973:3,Symbolica_default,cached_powers_Q,8,3,0.462,BalancedZippelSeparated
fire7_nb0_rank2861,Automatic,3,ok,566.113,50,2,1,0,0,2305843009213693967:47;2305843009213693973:3,Symbolica_default,cached_powers_Q,8,3,0.324,BalancedZippelSeparated
fire7_nb0_rank2878,Automatic,1,ok,304.422,37,2,1,0,0,2305843009213693967:34;2305843009213693973:3,Symbolica_default,cached_powers_Q,6,3,0.498,BalancedZippelSeparated
fire7_nb0_rank2878,Automatic,2,ok,648.843,37,2,1,0,0,2305843009213693967:34;2305843009213693973:3,Symbolica_default,cached_powers_Q,6,3,0.351,BalancedZippelSeparated
fire7_nb0_rank2878,Automatic,3,ok,344.971,37,2,1,0,0,2305843009213693967:34;2305843009213693973:3,Symbolica_default,cached_powers_Q,6,3,0.249,BalancedZippelSeparated
fire7_nb0_rank2883,Automatic,1,ok,310.612,45,2,1,0,0,2305843009213693967:42;2305843009213693973:3,Symbolica_default,cached_powers_Q,4,6,0.587,BalancedZippelSeparated
fire7_nb0_rank2883,Automatic,2,ok,543.313,45,2,1,0,0,2305843009213693967:42;2305843009213693973:3,Symbolica_default,cached_powers_Q,4,6,0.337,BalancedZippelSeparated
fire7_nb0_rank2883,Automatic,3,ok,256.131,45,2,1,0,0,2305843009213693967:42;2305843009213693973:3,Symbolica_default,cached_powers_Q,4,6,0.282,BalancedZippelSeparated
fire7_nb0_rank2884,Automatic,1,ok,309.561,45,2,1,0,0,2305843009213693967:42;2305843009213693973:3,Symbolica_default,cached_powers_Q,4,6,0.330,BalancedZippelSeparated
fire7_nb0_rank2884,Automatic,2,ok,258.001,45,2,1,0,0,2305843009213693967:42;2305843009213693973:3,Symbolica_default,cached_powers_Q,4,6,0.268,BalancedZippelSeparated
fire7_nb0_rank2884,Automatic,3,ok,262.941,45,2,1,0,0,2305843009213693967:42;2305843009213693973:3,Symbolica_default,cached_powers_Q,4,6,0.298,BalancedZippelSeparated
fire7_nb0_rank2885,Automatic,1,ok,286.722,45,2,1,0,0,2305843009213693967:42;2305843009213693973:3,Symbolica_default,cached_powers_Q,4,6,0.375,BalancedZippelSeparated
fire7_nb0_rank2885,Automatic,2,ok,515.953,45,2,1,0,0,2305843009213693967:42;2305843009213693973:3,Symbolica_default,cached_powers_Q,4,6,0.587,BalancedZippelSeparated
fire7_nb0_rank2885,Automatic,3,ok,306.241,45,2,1,0,0,2305843009213693967:42;2305843009213693973:3,Symbolica_default,cached_powers_Q,4,6,0.389,BalancedZippelSeparated
fire7_nb0_rank2886,Automatic,1,ok,822.574,45,2,1,0,0,2305843009213693967:42;2305843009213693973:3,Symbolica_default,cached_powers_Q,4,6,0.386,BalancedZippelSeparated
fire7_nb0_rank2886,Automatic,2,ok,304.952,45,2,1,0,0,2305843009213693967:42;2305843009213693973:3,Symbolica_default,cached_powers_Q,4,6,0.595,BalancedZippelSeparated
fire7_nb0_rank2886,Automatic,3,ok,247.561,45,2,1,0,0,2305843009213693967:42;2305843009213693973:3,Symbolica_default,cached_powers_Q,4,6,0.311,BalancedZippelSeparated
fire7_nb0_rank2903,Automatic,1,ok,469.782,57,2,1,0,0,2305843009213693967:54;2305843009213693973:3,Symbolica_default,cached_powers_Q,7,2,0.290,BalancedZippelSeparated
fire7_nb0_rank2903,Automatic,2,ok,393.251,57,2,1,0,0,2305843009213693967:54;2305843009213693973:3,Symbolica_default,cached_powers_Q,7,2,0.290,BalancedZippelSeparated
fire7_nb0_rank2903,Automatic,3,ok,293.182,57,2,1,0,0,2305843009213693967:54;2305843009213693973:3,Symbolica_default,cached_powers_Q,7,2,0.403,BalancedZippelSeparated
fire7_nb0_rank2910,Automatic,1,ok,547.372,42,2,1,0,0,2305843009213693967:39;2305843009213693973:3,Symbolica_default,cached_powers_Q,6,3,0.333,BalancedZippelSeparated
fire7_nb0_rank2910,Automatic,2,ok,331.802,42,2,1,0,0,2305843009213693967:39;2305843009213693973:3,Symbolica_default,cached_powers_Q,6,3,0.502,BalancedZippelSeparated
fire7_nb0_rank2910,Automatic,3,ok,575.163,42,2,1,0,0,2305843009213693967:39;2305843009213693973:3,Symbolica_default,cached_powers_Q,6,3,0.582,BalancedZippelSeparated
fire7_nb0_rank2919,Automatic,1,ok,313.891,42,2,1,0,0,2305843009213693967:39;2305843009213693973:3,Symbolica_default,cached_powers_Q,6,3,0.334,BalancedZippelSeparated
fire7_nb0_rank2919,Automatic,2,ok,520.783,42,2,1,0,0,2305843009213693967:39;2305843009213693973:3,Symbolica_default,cached_powers_Q,6,3,0.302,BalancedZippelSeparated
fire7_nb0_rank2919,Automatic,3,ok,284.322,42,2,1,0,0,2305843009213693967:39;2305843009213693973:3,Symbolica_default,cached_powers_Q,6,3,0.272,BalancedZippelSeparated
fire7_nb0_rank2920,Automatic,1,ok,334.582,48,2,1,0,0,2305843009213693967:45;2305843009213693973:3,Symbolica_default,cached_powers_Q,6,5,0.302,BalancedZippelSeparated
fire7_nb0_rank2920,Automatic,2,ok,337.701,48,2,1,0,0,2305843009213693967:45;2305843009213693973:3,Symbolica_default,cached_powers_Q,6,5,0.512,BalancedZippelSeparated
fire7_nb0_rank2920,Automatic,3,ok,316.891,48,2,1,0,0,2305843009213693967:45;2305843009213693973:3,Symbolica_default,cached_powers_Q,6,5,0.513,BalancedZippelSeparated
fire7_nb0_rank2922,Automatic,1,ok,313.921,38,2,1,0,0,2305843009213693967:35;2305843009213693973:3,Symbolica_default,cached_powers_Q,4,6,0.364,BalancedZippelSeparated
fire7_nb0_rank2922,Automatic,2,ok,262.861,38,2,1,0,0,2305843009213693967:35;2305843009213693973:3,Symbolica_default,cached_powers_Q,4,6,0.362,BalancedZippelSeparated
fire7_nb0_rank2922,Automatic,3,ok,308.291,38,2,1,0,0,2305843009213693967:35;2305843009213693973:3,Symbolica_default,cached_powers_Q,4,6,0.531,BalancedZippelSeparated
fire7_nb0_rank2923,Automatic,1,ok,546.082,48,2,1,0,0,2305843009213693967:45;2305843009213693973:3,Symbolica_default,cached_powers_Q,6,5,0.323,BalancedZippelSeparated
fire7_nb0_rank2923,Automatic,2,ok,327.342,48,2,1,0,0,2305843009213693967:45;2305843009213693973:3,Symbolica_default,cached_powers_Q,6,5,0.549,BalancedZippelSeparated
fire7_nb0_rank2923,Automatic,3,ok,351.912,48,2,1,0,0,2305843009213693967:45;2305843009213693973:3,Symbolica_default,cached_powers_Q,6,5,0.314,BalancedZippelSeparated
fire7_nb0_rank2932,Automatic,1,ok,323.592,45,2,1,0,0,2305843009213693967:42;2305843009213693973:3,Symbolica_default,cached_powers_Q,8,3,0.336,BalancedZippelSeparated
fire7_nb0_rank2932,Automatic,2,ok,378.042,45,2,1,0,0,2305843009213693967:42;2305843009213693973:3,Symbolica_default,cached_powers_Q,8,3,0.469,BalancedZippelSeparated
fire7_nb0_rank2932,Automatic,3,ok,300.832,45,2,1,0,0,2305843009213693967:42;2305843009213693973:3,Symbolica_default,cached_powers_Q,8,3,0.261,BalancedZippelSeparated
fire7_nb0_rank2936,Automatic,1,ok,292.381,40,2,1,0,0,2305843009213693967:37;2305843009213693973:3,Symbolica_default,cached_powers_Q,3,6,0.349,BalancedZippelSeparated
fire7_nb0_rank2936,Automatic,2,ok,482.343,40,2,1,0,0,2305843009213693967:37;2305843009213693973:3,Symbolica_default,cached_powers_Q,3,6,0.280,BalancedZippelSeparated
fire7_nb0_rank2936,Automatic,3,ok,301.532,40,2,1,0,0,2305843009213693967:37;2305843009213693973:3,Symbolica_default,cached_powers_Q,3,6,0.382,BalancedZippelSeparated
fire7_nb0_rank2937,Automatic,1,ok,246.012,49,2,1,0,0,2305843009213693967:46;2305843009213693973:3,Symbolica_default,cached_powers_Q,3,5,0.426,BalancedZippelSeparated
fire7_nb0_rank2937,Automatic,2,ok,555.913,49,2,1,0,0,2305843009213693967:46;2305843009213693973:3,Symbolica_default,cached_powers_Q,3,5,0.260,BalancedZippelSeparated
fire7_nb0_rank2937,Automatic,3,ok,265.142,49,2,1,0,0,2305843009213693967:46;2305843009213693973:3,Symbolica_default,cached_powers_Q,3,5,0.301,BalancedZippelSeparated
fire7_nb0_rank2938,Automatic,1,ok,577.753,52,2,1,0,0,2305843009213693967:49;2305843009213693973:3,Symbolica_default,cached_powers_Q,8,3,0.284,BalancedZippelSeparated
fire7_nb0_rank2938,Automatic,2,ok,566.542,52,2,1,0,0,2305843009213693967:49;2305843009213693973:3,Symbolica_default,cached_powers_Q,8,3,0.328,BalancedZippelSeparated
fire7_nb0_rank2938,Automatic,3,ok,334.402,52,2,1,0,0,2305843009213693967:49;2305843009213693973:3,Symbolica_default,cached_powers_Q,8,3,0.447,BalancedZippelSeparated
fire7_nb0_rank2946,Automatic,1,ok,623.423,42,2,1,0,0,2305843009213693967:39;2305843009213693973:3,Symbolica_default,cached_powers_Q,8,4,0.353,BalancedZippelSeparated
fire7_nb0_rank2946,Automatic,2,ok,589.443,42,2,1,0,0,2305843009213693967:39;2305843009213693973:3,Symbolica_default,cached_powers_Q,8,4,0.591,BalancedZippelSeparated
fire7_nb0_rank2946,Automatic,3,ok,584.333,42,2,1,0,0,2305843009213693967:39;2305843009213693973:3,Symbolica_default,cached_powers_Q,8,4,0.578,BalancedZippelSeparated
fire7_nb0_rank2948,Automatic,1,ok,500.592,42,2,1,0,0,2305843009213693967:39;2305843009213693973:3,Symbolica_default,cached_powers_Q,6,3,0.348,BalancedZippelSeparated
fire7_nb0_rank2948,Automatic,2,ok,501.852,42,2,1,0,0,2305843009213693967:39;2305843009213693973:3,Symbolica_default,cached_powers_Q,6,3,0.279,BalancedZippelSeparated
fire7_nb0_rank2948,Automatic,3,ok,474.413,42,2,1,0,0,2305843009213693967:39;2305843009213693973:3,Symbolica_default,cached_powers_Q,6,3,0.261,BalancedZippelSeparated
fire7_nb0_rank2953,Automatic,1,ok,284.752,41,2,1,0,0,2305843009213693967:38;2305843009213693973:3,Symbolica_default,cached_powers_Q,3,6,0.341,BalancedZippelSeparated
fire7_nb0_rank2953,Automatic,2,ok,421.822,41,2,1,0,0,2305843009213693967:38;2305843009213693973:3,Symbolica_default,cached_powers_Q,3,6,0.435,BalancedZippelSeparated
fire7_nb0_rank2953,Automatic,3,ok,269.611,41,2,1,0,0,2305843009213693967:38;2305843009213693973:3,Symbolica_default,cached_powers_Q,3,6,0.474,BalancedZippelSeparated
fire7_nb0_rank2961,Automatic,1,ok,477.673,40,2,1,0,0,2305843009213693967:37;2305843009213693973:3,Symbolica_default,cached_powers_Q,3,6,0.543,BalancedZippelSeparated
fire7_nb0_rank2961,Automatic,2,ok,515.293,40,2,1,0,0,2305843009213693967:37;2305843009213693973:3,Symbolica_default,cached_powers_Q,3,6,0.611,BalancedZippelSeparated
fire7_nb0_rank2961,Automatic,3,ok,285.842,40,2,1,0,0,2305843009213693967:37;2305843009213693973:3,Symbolica_default,cached_powers_Q,3,6,0.347,BalancedZippelSeparated
fire7_nb0_rank2962,Automatic,1,ok,304.111,40,2,1,0,0,2305843009213693967:37;2305843009213693973:3,Symbolica_default,cached_powers_Q,8,2,0.336,BalancedZippelSeparated
fire7_nb0_rank2962,Automatic,2,ok,504.213,40,2,1,0,0,2305843009213693967:37;2305843009213693973:3,Symbolica_default,cached_powers_Q,8,2,0.310,BalancedZippelSeparated
fire7_nb0_rank2962,Automatic,3,ok,263.061,40,2,1,0,0,2305843009213693967:37;2305843009213693973:3,Symbolica_default,cached_powers_Q,8,2,0.266,BalancedZippelSeparated
fire7_nb0_rank2964,Automatic,1,ok,503.853,35,2,1,0,0,2305843009213693967:32;2305843009213693973:3,Symbolica_default,cached_powers_Q,6,2,0.333,BalancedZippelSeparated
fire7_nb0_rank2964,Automatic,2,ok,435.212,35,2,1,0,0,2305843009213693967:32;2305843009213693973:3,Symbolica_default,cached_powers_Q,6,2,0.450,BalancedZippelSeparated
fire7_nb0_rank2964,Automatic,3,ok,464.103,35,2,1,0,0,2305843009213693967:32;2305843009213693973:3,Symbolica_default,cached_powers_Q,6,2,0.284,BalancedZippelSeparated
fire7_nb0_rank2965,Automatic,1,ok,308.562,40,2,1,0,0,2305843009213693967:37;2305843009213693973:3,Symbolica_default,cached_powers_Q,3,6,0.582,BalancedZippelSeparated
fire7_nb0_rank2965,Automatic,2,ok,253.611,40,2,1,0,0,2305843009213693967:37;2305843009213693973:3,Symbolica_default,cached_powers_Q,3,6,0.302,BalancedZippelSeparated
fire7_nb0_rank2965,Automatic,3,ok,321.142,40,2,1,0,0,2305843009213693967:37;2305843009213693973:3,Symbolica_default,cached_powers_Q,3,6,0.557,BalancedZippelSeparated
fire7_nb0_rank2969,Automatic,1,ok,523.243,46,2,1,0,0,2305843009213693967:43;2305843009213693973:3,Symbolica_default,cached_powers_Q,7,3,0.481,BalancedZippelSeparated
fire7_nb0_rank2969,Automatic,2,ok,382.772,46,2,1,0,0,2305843009213693967:43;2305843009213693973:3,Symbolica_default,cached_powers_Q,7,3,0.322,BalancedZippelSeparated
fire7_nb0_rank2969,Automatic,3,ok,550.823,46,2,1,0,0,2305843009213693967:43;2305843009213693973:3,Symbolica_default,cached_powers_Q,7,3,0.524,BalancedZippelSeparated
fire7_nb0_rank2971,Automatic,1,ok,467.832,35,2,1,0,0,2305843009213693967:32;2305843009213693973:3,Symbolica_default,cached_powers_Q,6,2,0.330,BalancedZippelSeparated
fire7_nb0_rank2971,Automatic,2,ok,314.772,35,2,1,0,0,2305843009213693967:32;2305843009213693973:3,Symbolica_default,cached_powers_Q,6,2,0.335,BalancedZippelSeparated
fire7_nb0_rank2971,Automatic,3,ok,481.102,35,2,1,0,0,2305843009213693967:32;2305843009213693973:3,Symbolica_default,cached_powers_Q,6,2,0.258,BalancedZippelSeparated
fire7_nb0_rank2972,Automatic,1,ok,314.852,40,2,1,0,0,2305843009213693967:37;2305843009213693973:3,Symbolica_default,cached_powers_Q,3,6,0.332,BalancedZippelSeparated
fire7_nb0_rank2972,Automatic,2,ok,483.052,40,2,1,0,0,2305843009213693967:37;2305843009213693973:3,Symbolica_default,cached_powers_Q,3,6,0.312,BalancedZippelSeparated
fire7_nb0_rank2972,Automatic,3,ok,508.573,40,2,1,0,0,2305843009213693967:37;2305843009213693973:3,Symbolica_default,cached_powers_Q,3,6,0.553,BalancedZippelSeparated
fire7_nb0_rank2973,Automatic,1,ok,320.621,40,2,1,0,0,2305843009213693967:37;2305843009213693973:3,Symbolica_default,cached_powers_Q,8,2,0.245,BalancedZippelSeparated
fire7_nb0_rank2973,Automatic,2,ok,271.981,40,2,1,0,0,2305843009213693967:37;2305843009213693973:3,Symbolica_default,cached_powers_Q,8,2,0.259,BalancedZippelSeparated
fire7_nb0_rank2973,Automatic,3,ok,500.562,40,2,1,0,0,2305843009213693967:37;2305843009213693973:3,Symbolica_default,cached_powers_Q,8,2,0.314,BalancedZippelSeparated
fire7_nb0_rank2991,Automatic,1,ok,528.393,51,2,1,0,0,2305843009213693967:48;2305843009213693973:3,Symbolica_default,cached_powers_Q,6,4,0.283,BalancedZippelSeparated
fire7_nb0_rank2991,Automatic,2,ok,300.572,51,2,1,0,0,2305843009213693967:48;2305843009213693973:3,Symbolica_default,cached_powers_Q,6,4,0.302,BalancedZippelSeparated
fire7_nb0_rank2991,Automatic,3,ok,300.982,51,2,1,0,0,2305843009213693967:48;2305843009213693973:3,Symbolica_default,cached_powers_Q,6,4,0.291,BalancedZippelSeparated
fire7_nb0_rank2992,Automatic,1,ok,316.242,36,2,1,0,0,2305843009213693967:33;2305843009213693973:3,Symbolica_default,cached_powers_Q,6,4,0.349,BalancedZippelSeparated
fire7_nb0_rank2992,Automatic,2,ok,329.372,36,2,1,0,0,2305843009213693967:33;2305843009213693973:3,Symbolica_default,cached_powers_Q,6,4,0.315,BalancedZippelSeparated
fire7_nb0_rank2992,Automatic,3,ok,553.683,36,2,1,0,0,2305843009213693967:33;2305843009213693973:3,Symbolica_default,cached_powers_Q,6,4,0.312,BalancedZippelSeparated
fire7_nb0_rank2993,Automatic,1,ok,324.852,51,2,1,0,0,2305843009213693967:48;2305843009213693973:3,Symbolica_default,cached_powers_Q,6,4,0.542,BalancedZippelSeparated
fire7_nb0_rank2993,Automatic,2,ok,465.273,51,2,1,0,0,2305843009213693967:48;2305843009213693973:3,Symbolica_default,cached_powers_Q,6,4,0.262,BalancedZippelSeparated
fire7_nb0_rank2993,Automatic,3,ok,294.222,51,2,1,0,0,2305843009213693967:48;2305843009213693973:3,Symbolica_default,cached_powers_Q,6,4,0.442,BalancedZippelSeparated
fire7_nb0_rank2995,Automatic,1,ok,300.022,41,2,1,0,0,2305843009213693967:38;2305843009213693973:3,Symbolica_default,cached_powers_Q,6,3,0.491,BalancedZippelSeparated
fire7_nb0_rank2995,Automatic,2,ok,299.781,41,2,1,0,0,2305843009213693967:38;2305843009213693973:3,Symbolica_default,cached_powers_Q,6,3,0.329,BalancedZippelSeparated
fire7_nb0_rank2995,Automatic,3,ok,540.422,41,2,1,0,0,2305843009213693967:38;2305843009213693973:3,Symbolica_default,cached_powers_Q,6,3,0.332,BalancedZippelSeparated
fire7_nb0_rank2996,Automatic,1,ok,353.972,41,2,1,0,0,2305843009213693967:38;2305843009213693973:3,Symbolica_default,cached_powers_Q,6,3,0.356,BalancedZippelSeparated
fire7_nb0_rank2996,Automatic,2,ok,797.614,41,2,1,0,0,2305843009213693967:38;2305843009213693973:3,Symbolica_default,cached_powers_Q,6,3,0.354,BalancedZippelSeparated
fire7_nb0_rank2996,Automatic,3,ok,539.703,41,2,1,0,0,2305843009213693967:38;2305843009213693973:3,Symbolica_default,cached_powers_Q,6,3,0.321,BalancedZippelSeparated
fire7_nb0_rank3001,Automatic,1,ok,338.042,41,2,1,0,0,2305843009213693967:38;2305843009213693973:3,Symbolica_default,cached_powers_Q,6,3,0.330,BalancedZippelSeparated
fire7_nb0_rank3001,Automatic,2,ok,288.151,41,2,1,0,0,2305843009213693967:38;2305843009213693973:3,Symbolica_default,cached_powers_Q,6,3,0.232,BalancedZippelSeparated
fire7_nb0_rank3001,Automatic,3,ok,563.833,41,2,1,0,0,2305843009213693967:38;2305843009213693973:3,Symbolica_default,cached_powers_Q,6,3,0.329,BalancedZippelSeparated
fire7_nb0_rank3002,Automatic,1,ok,321.992,41,2,1,0,0,2305843009213693967:38;2305843009213693973:3,Symbolica_default,cached_powers_Q,6,3,0.481,BalancedZippelSeparated
fire7_nb0_rank3002,Automatic,2,ok,530.172,41,2,1,0,0,2305843009213693967:38;2305843009213693973:3,Symbolica_default,cached_powers_Q,6,3,0.523,BalancedZippelSeparated
fire7_nb0_rank3002,Automatic,3,ok,457.752,41,2,1,0,0,2305843009213693967:38;2305843009213693973:3,Symbolica_default,cached_powers_Q,6,3,0.532,BalancedZippelSeparated
fire7_nb0_rank3003,Automatic,1,ok,316.362,41,2,1,0,0,2305843009213693967:38;2305843009213693973:3,Symbolica_default,cached_powers_Q,6,3,0.341,BalancedZippelSeparated
fire7_nb0_rank3003,Automatic,2,ok,334.552,41,2,1,0,0,2305843009213693967:38;2305843009213693973:3,Symbolica_default,cached_powers_Q,6,3,0.380,BalancedZippelSeparated
fire7_nb0_rank3003,Automatic,3,ok,532.393,41,2,1,0,0,2305843009213693967:38;2305843009213693973:3,Symbolica_default,cached_powers_Q,6,3,0.334,BalancedZippelSeparated
fire7_nb0_rank3004,Automatic,1,ok,285.021,40,2,1,0,0,2305843009213693967:37;2305843009213693973:3,Symbolica_default,cached_powers_Q,4,4,0.374,BalancedZippelSeparated
fire7_nb0_rank3004,Automatic,2,ok,233.701,40,2,1,0,0,2305843009213693967:37;2305843009213693973:3,Symbolica_default,cached_powers_Q,4,4,0.281,BalancedZippelSeparated
fire7_nb0_rank3004,Automatic,3,ok,243.681,40,2,1,0,0,2305843009213693967:37;2305843009213693973:3,Symbolica_default,cached_powers_Q,4,4,0.262,BalancedZippelSeparated
fire7_nb0_rank3005,Automatic,1,ok,300.001,40,2,1,0,0,2305843009213693967:37;2305843009213693973:3,Symbolica_default,cached_powers_Q,6,4,0.500,BalancedZippelSeparated
fire7_nb0_rank3005,Automatic,2,ok,293.761,40,2,1,0,0,2305843009213693967:37;2305843009213693973:3,Symbolica_default,cached_powers_Q,6,4,0.288,BalancedZippelSeparated
fire7_nb0_rank3005,Automatic,3,ok,329.031,40,2,1,0,0,2305843009213693967:37;2305843009213693973:3,Symbolica_default,cached_powers_Q,6,4,0.345,BalancedZippelSeparated
fire7_nb0_rank3007,Automatic,1,ok,283.401,40,2,1,0,0,2305843009213693967:37;2305843009213693973:3,Symbolica_default,cached_powers_Q,3,6,0.346,BalancedZippelSeparated
fire7_nb0_rank3007,Automatic,2,ok,480.283,40,2,1,0,0,2305843009213693967:37;2305843009213693973:3,Symbolica_default,cached_powers_Q,3,6,0.293,BalancedZippelSeparated
fire7_nb0_rank3007,Automatic,3,ok,283.842,40,2,1,0,0,2305843009213693967:37;2305843009213693973:3,Symbolica_default,cached_powers_Q,3,6,0.292,BalancedZippelSeparated
fire7_nb0_rank3008,Automatic,1,ok,264.091,57,2,1,0,0,2305843009213693967:54;2305843009213693973:3,Symbolica_default,cached_powers_Q,3,6,0.332,BalancedZippelSeparated
fire7_nb0_rank3008,Automatic,2,ok,265.371,57,2,1,0,0,2305843009213693967:54;2305843009213693973:3,Symbolica_default,cached_powers_Q,3,6,0.504,BalancedZippelSeparated
fire7_nb0_rank3008,Automatic,3,ok,291.101,57,2,1,0,0,2305843009213693967:54;2305843009213693973:3,Symbolica_default,cached_powers_Q,3,6,0.335,BalancedZippelSeparated
fire7_nb0_rank3009,Automatic,1,ok,287.802,41,2,1,0,0,2305843009213693967:38;2305843009213693973:3,Symbolica_default,cached_powers_Q,6,3,0.269,BalancedZippelSeparated
fire7_nb0_rank3009,Automatic,2,ok,584.333,41,2,1,0,0,2305843009213693967:38;2305843009213693973:3,Symbolica_default,cached_powers_Q,6,3,0.307,BalancedZippelSeparated
fire7_nb0_rank3009,Automatic,3,ok,580.052,41,2,1,0,0,2305843009213693967:38;2305843009213693973:3,Symbolica_default,cached_powers_Q,6,3,0.295,BalancedZippelSeparated
fire7_nb0_rank3011,Automatic,1,ok,261.681,40,2,1,0,0,2305843009213693967:37;2305843009213693973:3,Symbolica_default,cached_powers_Q,4,4,0.457,BalancedZippelSeparated
fire7_nb0_rank3011,Automatic,2,ok,336.161,40,2,1,0,0,2305843009213693967:37;2305843009213693973:3,Symbolica_default,cached_powers_Q,4,4,0.477,BalancedZippelSeparated
fire7_nb0_rank3011,Automatic,3,ok,300.222,40,2,1,0,0,2305843009213693967:37;2305843009213693973:3,Symbolica_default,cached_powers_Q,4,4,0.349,BalancedZippelSeparated
fire7_nb0_rank3012,Automatic,1,ok,521.952,36,2,1,0,0,2305843009213693967:33;2305843009213693973:3,Symbolica_default,cached_powers_Q,6,4,0.338,BalancedZippelSeparated
fire7_nb0_rank3012,Automatic,2,ok,319.601,36,2,1,0,0,2305843009213693967:33;2305843009213693973:3,Symbolica_default,cached_powers_Q,6,4,0.596,BalancedZippelSeparated
fire7_nb0_rank3012,Automatic,3,ok,269.922,36,2,1,0,0,2305843009213693967:33;2305843009213693973:3,Symbolica_default,cached_powers_Q,6,4,0.292,BalancedZippelSeparated
fire7_nb0_rank3013,Automatic,1,ok,527.073,36,2,1,0,0,2305843009213693967:33;2305843009213693973:3,Symbolica_default,cached_powers_Q,6,4,0.291,BalancedZippelSeparated
fire7_nb0_rank3013,Automatic,2,ok,487.862,36,2,1,0,0,2305843009213693967:33;2305843009213693973:3,Symbolica_default,cached_powers_Q,6,4,0.277,BalancedZippelSeparated
fire7_nb0_rank3013,Automatic,3,ok,290.501,36,2,1,0,0,2305843009213693967:33;2305843009213693973:3,Symbolica_default,cached_powers_Q,6,4,0.325,BalancedZippelSeparated
fire7_nb0_rank3014,Automatic,1,ok,259.481,40,2,1,0,0,2305843009213693967:37;2305843009213693973:3,Symbolica_default,cached_powers_Q,3,6,0.257,BalancedZippelSeparated
fire7_nb0_rank3014,Automatic,2,ok,272.291,40,2,1,0,0,2305843009213693967:37;2305843009213693973:3,Symbolica_default,cached_powers_Q,3,6,0.312,BalancedZippelSeparated
fire7_nb0_rank3014,Automatic,3,ok,249.331,40,2,1,0,0,2305843009213693967:37;2305843009213693973:3,Symbolica_default,cached_powers_Q,3,6,0.304,BalancedZippelSeparated
fire7_nb0_rank3019,Automatic,1,ok,272.491,40,2,1,0,0,2305843009213693967:37;2305843009213693973:3,Symbolica_default,cached_powers_Q,3,6,0.547,BalancedZippelSeparated
fire7_nb0_rank3019,Automatic,2,ok,288.561,40,2,1,0,0,2305843009213693967:37;2305843009213693973:3,Symbolica_default,cached_powers_Q,3,6,0.543,BalancedZippelSeparated
fire7_nb0_rank3019,Automatic,3,ok,291.732,40,2,1,0,0,2305843009213693967:37;2305843009213693973:3,Symbolica_default,cached_powers_Q,3,6,0.349,BalancedZippelSeparated
fire7_nb0_rank3020,Automatic,1,ok,283.771,40,2,1,0,0,2305843009213693967:37;2305843009213693973:3,Symbolica_default,cached_powers_Q,3,6,0.569,BalancedZippelSeparated
fire7_nb0_rank3020,Automatic,2,ok,463.062,40,2,1,0,0,2305843009213693967:37;2305843009213693973:3,Symbolica_default,cached_powers_Q,3,6,0.294,BalancedZippelSeparated
fire7_nb0_rank3020,Automatic,3,ok,234.641,40,2,1,0,0,2305843009213693967:37;2305843009213693973:3,Symbolica_default,cached_powers_Q,3,6,0.209,BalancedZippelSeparated
fire7_nb0_rank3025,Automatic,1,ok,519.683,48,2,1,0,0,2305843009213693967:45;2305843009213693973:3,Symbolica_default,cached_powers_Q,4,4,0.328,BalancedZippelSeparated
fire7_nb0_rank3025,Automatic,2,ok,292.862,48,2,1,0,0,2305843009213693967:45;2305843009213693973:3,Symbolica_default,cached_powers_Q,4,4,0.527,BalancedZippelSeparated
fire7_nb0_rank3025,Automatic,3,ok,291.131,48,2,1,0,0,2305843009213693967:45;2305843009213693973:3,Symbolica_default,cached_powers_Q,4,4,0.261,BalancedZippelSeparated
fire7_nb0_rank3026,Automatic,1,ok,342.651,38,2,1,0,0,2305843009213693967:35;2305843009213693973:3,Symbolica_default,cached_powers_Q,6,4,0.347,BalancedZippelSeparated
fire7_nb0_rank3026,Automatic,2,ok,294.792,38,2,1,0,0,2305843009213693967:35;2305843009213693973:3,Symbolica_default,cached_powers_Q,6,4,0.304,BalancedZippelSeparated
fire7_nb0_rank3026,Automatic,3,ok,592.663,38,2,1,0,0,2305843009213693967:35;2305843009213693973:3,Symbolica_default,cached_powers_Q,6,4,0.325,BalancedZippelSeparated
fire7_nb0_rank3037,Automatic,1,ok,329.452,42,2,1,0,0,2305843009213693967:39;2305843009213693973:3,Symbolica_default,cached_powers_Q,6,3,0.509,BalancedZippelSeparated
fire7_nb0_rank3037,Automatic,2,ok,448.582,42,2,1,0,0,2305843009213693967:39;2305843009213693973:3,Symbolica_default,cached_powers_Q,6,3,0.243,BalancedZippelSeparated
fire7_nb0_rank3037,Automatic,3,ok,294.272,42,2,1,0,0,2305843009213693967:39;2305843009213693973:3,Symbolica_default,cached_powers_Q,6,3,0.408,BalancedZippelSeparated
fire7_nb0_rank3038,Automatic,1,ok,481.922,36,2,1,0,0,2305843009213693967:33;2305843009213693973:3,Symbolica_default,cached_powers_Q,5,4,0.254,BalancedZippelSeparated
fire7_nb0_rank3038,Automatic,2,ok,316.241,36,2,1,0,0,2305843009213693967:33;2305843009213693973:3,Symbolica_default,cached_powers_Q,5,4,0.284,BalancedZippelSeparated
fire7_nb0_rank3038,Automatic,3,ok,402.162,36,2,1,0,0,2305843009213693967:33;2305843009213693973:3,Symbolica_default,cached_powers_Q,5,4,0.446,BalancedZippelSeparated
fire7_nb0_rank3045,Automatic,1,ok,466.912,48,2,1,0,0,2305843009213693967:45;2305843009213693973:3,Symbolica_default,cached_powers_Q,6,3,0.348,BalancedZippelSeparated
fire7_nb0_rank3045,Automatic,2,ok,548.093,48,2,1,0,0,2305843009213693967:45;2305843009213693973:3,Symbolica_default,cached_powers_Q,6,3,0.336,BalancedZippelSeparated
fire7_nb0_rank3045,Automatic,3,ok,351.471,48,2,1,0,0,2305843009213693967:45;2305843009213693973:3,Symbolica_default,cached_powers_Q,6,3,0.348,BalancedZippelSeparated
fire7_nb0_rank3046,Automatic,1,ok,269.241,36,2,1,0,0,2305843009213693967:33;2305843009213693973:3,Symbolica_default,cached_powers_Q,6,4,0.483,BalancedZippelSeparated
fire7_nb0_rank3046,Automatic,2,ok,291.472,36,2,1,0,0,2305843009213693967:33;2305843009213693973:3,Symbolica_default,cached_powers_Q,6,4,0.465,BalancedZippelSeparated
fire7_nb0_rank3046,Automatic,3,ok,245.672,36,2,1,0,0,2305843009213693967:33;2305843009213693973:3,Symbolica_default,cached_powers_Q,6,4,0.239,BalancedZippelSeparated
fire7_nb0_rank3047,Automatic,1,ok,257.081,36,2,1,0,0,2305843009213693967:33;2305843009213693973:3,Symbolica_default,cached_powers_Q,6,4,0.415,BalancedZippelSeparated
fire7_nb0_rank3047,Automatic,2,ok,268.471,36,2,1,0,0,2305843009213693967:33;2305843009213693973:3,Symbolica_default,cached_powers_Q,6,4,0.259,BalancedZippelSeparated
fire7_nb0_rank3047,Automatic,3,ok,311.082,36,2,1,0,0,2305843009213693967:33;2305843009213693973:3,Symbolica_default,cached_powers_Q,6,4,0.323,BalancedZippelSeparated
fire7_nb0_rank3048,Automatic,1,ok,464.032,55,2,1,0,0,2305843009213693967:52;2305843009213693973:3,Symbolica_default,cached_powers_Q,3,6,0.270,BalancedZippelSeparated
fire7_nb0_rank3048,Automatic,2,ok,280.502,55,2,1,0,0,2305843009213693967:52;2305843009213693973:3,Symbolica_default,cached_powers_Q,3,6,0.506,BalancedZippelSeparated
fire7_nb0_rank3048,Automatic,3,ok,278.871,55,2,1,0,0,2305843009213693967:52;2305843009213693973:3,Symbolica_default,cached_powers_Q,3,6,0.540,BalancedZippelSeparated
fire7_nb0_rank3051,Automatic,1,ok,264.932,36,2,1,0,0,2305843009213693967:33;2305843009213693973:3,Symbolica_default,cached_powers_Q,2,6,0.278,BalancedZippelSeparated
fire7_nb0_rank3051,Automatic,2,ok,262.921,36,2,1,0,0,2305843009213693967:33;2305843009213693973:3,Symbolica_default,cached_powers_Q,2,6,0.255,BalancedZippelSeparated
fire7_nb0_rank3051,Automatic,3,ok,317.172,36,2,1,0,0,2305843009213693967:33;2305843009213693973:3,Symbolica_default,cached_powers_Q,2,6,0.407,BalancedZippelSeparated
fire7_nb0_rank3058,Automatic,1,ok,223.291,51,2,1,0,0,2305843009213693967:48;2305843009213693973:3,Symbolica_default,cached_powers_Q,6,2,0.217,BalancedZippelSeparated
fire7_nb0_rank3058,Automatic,2,ok,243.001,51,2,1,0,0,2305843009213693967:48;2305843009213693973:3,Symbolica_default,cached_powers_Q,6,2,0.285,BalancedZippelSeparated
fire7_nb0_rank3058,Automatic,3,ok,248.301,51,2,1,0,0,2305843009213693967:48;2305843009213693973:3,Symbolica_default,cached_powers_Q,6,2,0.261,BalancedZippelSeparated
fire7_nb0_rank3059,Automatic,1,ok,294.891,35,2,1,0,0,2305843009213693967:32;2305843009213693973:3,Symbolica_default,cached_powers_Q,6,2,0.508,BalancedZippelSeparated
fire7_nb0_rank3059,Automatic,2,ok,409.192,35,2,1,0,0,2305843009213693967:32;2305843009213693973:3,Symbolica_default,cached_powers_Q,6,2,0.267,BalancedZippelSeparated
fire7_nb0_rank3059,Automatic,3,ok,300.302,35,2,1,0,0,2305843009213693967:32;2305843009213693973:3,Symbolica_default,cached_powers_Q,6,2,0.342,BalancedZippelSeparated
fire7_nb0_rank3060,Automatic,1,ok,290.791,37,2,1,0,0,2305843009213693967:34;2305843009213693973:3,Symbolica_default,cached_powers_Q,6,2,0.282,BalancedZippelSeparated
fire7_nb0_rank3060,Automatic,2,ok,488.043,37,2,1,0,0,2305843009213693967:34;2305843009213693973:3,Symbolica_default,cached_powers_Q,6,2,0.287,BalancedZippelSeparated
fire7_nb0_rank3060,Automatic,3,ok,255.551,37,2,1,0,0,2305843009213693967:34;2305843009213693973:3,Symbolica_default,cached_powers_Q,6,2,0.249,BalancedZippelSeparated
fire7_nb0_rank3061,Automatic,1,ok,454.693,46,2,1,0,0,2305843009213693967:43;2305843009213693973:3,Symbolica_default,cached_powers_Q,5,4,0.253,BalancedZippelSeparated
fire7_nb0_rank3061,Automatic,2,ok,461.782,46,2,1,0,0,2305843009213693967:43;2305843009213693973:3,Symbolica_default,cached_powers_Q,5,4,0.288,BalancedZippelSeparated
fire7_nb0_rank3061,Automatic,3,ok,306.922,46,2,1,0,0,2305843009213693967:43;2305843009213693973:3,Symbolica_default,cached_powers_Q,5,4,0.337,BalancedZippelSeparated
fire7_nb0_rank3062,Automatic,1,ok,307.161,41,2,1,0,0,2305843009213693967:38;2305843009213693973:3,Symbolica_default,cached_powers_Q,6,3,0.380,BalancedZippelSeparated
fire7_nb0_rank3062,Automatic,2,ok,309.451,41,2,1,0,0,2305843009213693967:38;2305843009213693973:3,Symbolica_default,cached_powers_Q,6,3,0.311,BalancedZippelSeparated
fire7_nb0_rank3062,Automatic,3,ok,509.973,41,2,1,0,0,2305843009213693967:38;2305843009213693973:3,Symbolica_default,cached_powers_Q,6,3,0.295,BalancedZippelSeparated
fire7_nb0_rank3067,Automatic,1,ok,296.172,35,2,1,0,0,2305843009213693967:32;2305843009213693973:3,Symbolica_default,cached_powers_Q,6,2,0.290,BalancedZippelSeparated
fire7_nb0_rank3067,Automatic,2,ok,241.011,35,2,1,0,0,2305843009213693967:32;2305843009213693973:3,Symbolica_default,cached_powers_Q,6,2,0.271,BalancedZippelSeparated
fire7_nb0_rank3067,Automatic,3,ok,254.301,35,2,1,0,0,2305843009213693967:32;2305843009213693973:3,Symbolica_default,cached_powers_Q,6,2,0.300,BalancedZippelSeparated
fire7_nb0_rank3068,Automatic,1,ok,248.741,49,2,1,0,0,2305843009213693967:46;2305843009213693973:3,Symbolica_default,cached_powers_Q,3,5,0.532,BalancedZippelSeparated
fire7_nb0_rank3068,Automatic,2,ok,245.261,49,2,1,0,0,2305843009213693967:46;2305843009213693973:3,Symbolica_default,cached_powers_Q,3,5,0.463,BalancedZippelSeparated
fire7_nb0_rank3068,Automatic,3,ok,239.301,49,2,1,0,0,2305843009213693967:46;2305843009213693973:3,Symbolica_default,cached_powers_Q,3,5,0.436,BalancedZippelSeparated
fire7_nb0_rank3069,Automatic,1,ok,269.161,47,2,1,0,0,2305843009213693967:44;2305843009213693973:3,Symbolica_default,cached_powers_Q,3,5,0.337,BalancedZippelSeparated
fire7_nb0_rank3069,Automatic,2,ok,241.421,47,2,1,0,0,2305843009213693967:44;2305843009213693973:3,Symbolica_default,cached_powers_Q,3,5,0.296,BalancedZippelSeparated
fire7_nb0_rank3069,Automatic,3,ok,489.203,47,2,1,0,0,2305843009213693967:44;2305843009213693973:3,Symbolica_default,cached_powers_Q,3,5,0.322,BalancedZippelSeparated
fire7_nb0_rank3074,Automatic,1,ok,475.472,35,2,1,0,0,2305843009213693967:32;2305843009213693973:3,Symbolica_default,cached_powers_Q,4,3,0.288,BalancedZippelSeparated
fire7_nb0_rank3074,Automatic,2,ok,246.861,35,2,1,0,0,2305843009213693967:32;2305843009213693973:3,Symbolica_default,cached_powers_Q,4,3,0.433,BalancedZippelSeparated
fire7_nb0_rank3074,Automatic,3,ok,223.911,35,2,1,0,0,2305843009213693967:32;2305843009213693973:3,Symbolica_default,cached_powers_Q,4,3,0.258,BalancedZippelSeparated
fire7_nb0_rank3075,Automatic,1,ok,264.701,39,2,1,0,0,2305843009213693967:36;2305843009213693973:3,Symbolica_default,cached_powers_Q,6,3,0.419,BalancedZippelSeparated
fire7_nb0_rank3075,Automatic,2,ok,280.661,39,2,1,0,0,2305843009213693967:36;2305843009213693973:3,Symbolica_default,cached_powers_Q,6,3,0.492,BalancedZippelSeparated
fire7_nb0_rank3075,Automatic,3,ok,300.092,39,2,1,0,0,2305843009213693967:36;2305843009213693973:3,Symbolica_default,cached_powers_Q,6,3,0.407,BalancedZippelSeparated
fire7_nb0_rank3076,Automatic,1,ok,296.821,36,2,1,0,0,2305843009213693967:33;2305843009213693973:3,Symbolica_default,cached_powers_Q,3,4,0.342,BalancedZippelSeparated
fire7_nb0_rank3076,Automatic,2,ok,253.151,36,2,1,0,0,2305843009213693967:33;2305843009213693973:3,Symbolica_default,cached_powers_Q,3,4,0.472,BalancedZippelSeparated
fire7_nb0_rank3076,Automatic,3,ok,453.523,36,2,1,0,0,2305843009213693967:33;2305843009213693973:3,Symbolica_default,cached_powers_Q,3,4,0.575,BalancedZippelSeparated
fire7_nb0_rank3078,Automatic,1,ok,225.851,50,2,1,0,0,2305843009213693967:47;2305843009213693973:3,Symbolica_default,cached_powers_Q,6,2,0.260,BalancedZippelSeparated
fire7_nb0_rank3078,Automatic,2,ok,231.601,50,2,1,0,0,2305843009213693967:47;2305843009213693973:3,Symbolica_default,cached_powers_Q,6,2,0.431,BalancedZippelSeparated
fire7_nb0_rank3078,Automatic,3,ok,244.261,50,2,1,0,0,2305843009213693967:47;2305843009213693973:3,Symbolica_default,cached_powers_Q,6,2,0.251,BalancedZippelSeparated
fire7_nb0_rank3079,Automatic,1,ok,412.092,50,2,1,0,0,2305843009213693967:47;2305843009213693973:3,Symbolica_default,cached_powers_Q,6,2,0.497,BalancedZippelSeparated
fire7_nb0_rank3079,Automatic,2,ok,214.441,50,2,1,0,0,2305843009213693967:47;2305843009213693973:3,Symbolica_default,cached_powers_Q,6,2,0.417,BalancedZippelSeparated
fire7_nb0_rank3079,Automatic,3,ok,236.621,50,2,1,0,0,2305843009213693967:47;2305843009213693973:3,Symbolica_default,cached_powers_Q,6,2,0.464,BalancedZippelSeparated
fire7_nb0_rank3080,Automatic,1,ok,282.642,34,2,1,0,0,2305843009213693967:31;2305843009213693973:3,Symbolica_default,cached_powers_Q,6,2,0.347,BalancedZippelSeparated
fire7_nb0_rank3080,Automatic,2,ok,292.362,34,2,1,0,0,2305843009213693967:31;2305843009213693973:3,Symbolica_default,cached_powers_Q,6,2,0.318,BalancedZippelSeparated
fire7_nb0_rank3080,Automatic,3,ok,256.471,34,2,1,0,0,2305843009213693967:31;2305843009213693973:3,Symbolica_default,cached_powers_Q,6,2,0.264,BalancedZippelSeparated
fire7_nb0_rank3081,Automatic,1,ok,424.443,36,2,1,0,0,2305843009213693967:33;2305843009213693973:3,Symbolica_default,cached_powers_Q,3,4,0.261,BalancedZippelSeparated
fire7_nb0_rank3081,Automatic,2,ok,266.182,36,2,1,0,0,2305843009213693967:33;2305843009213693973:3,Symbolica_default,cached_powers_Q,3,4,0.318,BalancedZippelSeparated
fire7_nb0_rank3081,Automatic,3,ok,432.242,36,2,1,0,0,2305843009213693967:33;2305843009213693973:3,Symbolica_default,cached_powers_Q,3,4,0.275,BalancedZippelSeparated
fire7_nb0_rank3083,Automatic,1,ok,563.583,41,2,1,0,0,2305843009213693967:38;2305843009213693973:3,Symbolica_default,cached_powers_Q,6,3,0.316,BalancedZippelSeparated
fire7_nb0_rank3083,Automatic,2,ok,299.791,41,2,1,0,0,2305843009213693967:38;2305843009213693973:3,Symbolica_default,cached_powers_Q,6,3,0.245,BalancedZippelSeparated
fire7_nb0_rank3083,Automatic,3,ok,274.332,41,2,1,0,0,2305843009213693967:38;2305843009213693973:3,Symbolica_default,cached_powers_Q,6,3,0.448,BalancedZippelSeparated
fire7_nb0_rank3084,Automatic,1,ok,562.093,39,2,1,0,0,2305843009213693967:36;2305843009213693973:3,Symbolica_default,cached_powers_Q,6,3,0.373,BalancedZippelSeparated
fire7_nb0_rank3084,Automatic,2,ok,283.401,39,2,1,0,0,2305843009213693967:36;2305843009213693973:3,Symbolica_default,cached_powers_Q,6,3,0.248,BalancedZippelSeparated
fire7_nb0_rank3084,Automatic,3,ok,314.982,39,2,1,0,0,2305843009213693967:36;2305843009213693973:3,Symbolica_default,cached_powers_Q,6,3,0.474,BalancedZippelSeparated
fire7_nb0_rank3085,Automatic,1,ok,273.731,36,2,1,0,0,2305843009213693967:33;2305843009213693973:3,Symbolica_default,cached_powers_Q,6,2,0.278,BalancedZippelSeparated
fire7_nb0_rank3085,Automatic,2,ok,518.422,36,2,1,0,0,2305843009213693967:33;2305843009213693973:3,Symbolica_default,cached_powers_Q,6,2,0.291,BalancedZippelSeparated
fire7_nb0_rank3085,Automatic,3,ok,491.593,36,2,1,0,0,2305843009213693967:33;2305843009213693973:3,Symbolica_default,cached_powers_Q,6,2,0.315,BalancedZippelSeparated
fire7_nb0_rank3089,Automatic,1,ok,273.032,36,2,1,0,0,2305843009213693967:33;2305843009213693973:3,Symbolica_default,cached_powers_Q,6,2,0.325,BalancedZippelSeparated
fire7_nb0_rank3089,Automatic,2,ok,242.292,36,2,1,0,0,2305843009213693967:33;2305843009213693973:3,Symbolica_default,cached_powers_Q,6,2,0.243,BalancedZippelSeparated
fire7_nb0_rank3089,Automatic,3,ok,439.832,36,2,1,0,0,2305843009213693967:33;2305843009213693973:3,Symbolica_default,cached_powers_Q,6,2,0.250,BalancedZippelSeparated
fire7_nb0_rank3090,Automatic,1,ok,232.521,36,2,1,0,0,2305843009213693967:33;2305843009213693973:3,Symbolica_default,cached_powers_Q,3,4,0.495,BalancedZippelSeparated
fire7_nb0_rank3090,Automatic,2,ok,273.751,36,2,1,0,0,2305843009213693967:33;2305843009213693973:3,Symbolica_default,cached_powers_Q,3,4,0.546,BalancedZippelSeparated
fire7_nb0_rank3090,Automatic,3,ok,284.201,36,2,1,0,0,2305843009213693967:33;2305843009213693973:3,Symbolica_default,cached_powers_Q,3,4,0.335,BalancedZippelSeparated
fire7_nb0_rank3092,Automatic,1,ok,234.111,35,2,1,0,0,2305843009213693967:32;2305843009213693973:3,Symbolica_default,cached_powers_Q,6,1,0.346,BalancedZippelSeparated
fire7_nb0_rank3092,Automatic,2,ok,207.152,35,2,1,0,0,2305843009213693967:32;2305843009213693973:3,Symbolica_default,cached_powers_Q,6,1,0.290,BalancedZippelSeparated
fire7_nb0_rank3092,Automatic,3,ok,203.672,35,2,1,0,0,2305843009213693967:32;2305843009213693973:3,Symbolica_default,cached_powers_Q,6,1,0.264,BalancedZippelSeparated
fire7_nb0_rank3094,Automatic,1,ok,213.631,33,2,1,0,0,2305843009213693967:30;2305843009213693973:3,Symbolica_default,cached_powers_Q,6,2,0.255,BalancedZippelSeparated
fire7_nb0_rank3094,Automatic,2,ok,236.411,33,2,1,0,0,2305843009213693967:30;2305843009213693973:3,Symbolica_default,cached_powers_Q,6,2,0.302,BalancedZippelSeparated
fire7_nb0_rank3094,Automatic,3,ok,251.811,33,2,1,0,0,2305843009213693967:30;2305843009213693973:3,Symbolica_default,cached_powers_Q,6,2,0.238,BalancedZippelSeparated
fire7_nb0_rank3095,Automatic,1,ok,323.991,33,2,1,0,0,2305843009213693967:30;2305843009213693973:3,Symbolica_default,cached_powers_Q,6,2,0.465,BalancedZippelSeparated
fire7_nb0_rank3095,Automatic,2,ok,491.713,33,2,1,0,0,2305843009213693967:30;2305843009213693973:3,Symbolica_default,cached_powers_Q,6,2,0.272,BalancedZippelSeparated
fire7_nb0_rank3095,Automatic,3,ok,288.571,33,2,1,0,0,2305843009213693967:30;2305843009213693973:3,Symbolica_default,cached_powers_Q,6,2,0.334,BalancedZippelSeparated
fire7_nb0_rank3097,Automatic,1,ok,313.332,37,2,1,0,0,2305843009213693967:34;2305843009213693973:3,Symbolica_default,cached_powers_Q,4,3,0.576,BalancedZippelSeparated
fire7_nb0_rank3097,Automatic,2,ok,296.702,37,2,1,0,0,2305843009213693967:34;2305843009213693973:3,Symbolica_default,cached_powers_Q,4,3,0.356,BalancedZippelSeparated
fire7_nb0_rank3097,Automatic,3,ok,269.981,37,2,1,0,0,2305843009213693967:34;2305843009213693973:3,Symbolica_default,cached_powers_Q,4,3,0.287,BalancedZippelSeparated
fire7_nb0_rank3098,Automatic,1,ok,213.781,34,2,1,0,0,2305843009213693967:31;2305843009213693973:3,Symbolica_default,cached_powers_Q,6,2,0.262,BalancedZippelSeparated
fire7_nb0_rank3098,Automatic,2,ok,229.372,34,2,1,0,0,2305843009213693967:31;2305843009213693973:3,Symbolica_default,cached_powers_Q,6,2,0.275,BalancedZippelSeparated
fire7_nb0_rank3098,Automatic,3,ok,432.442,34,2,1,0,0,2305843009213693967:31;2305843009213693973:3,Symbolica_default,cached_powers_Q,6,2,0.232,BalancedZippelSeparated
fire7_nb0_rank3100,Automatic,1,ok,323.592,45,2,1,0,0,2305843009213693967:42;2305843009213693973:3,Symbolica_default,cached_powers_Q,5,4,0.307,BalancedZippelSeparated
fire7_nb0_rank3100,Automatic,2,ok,540.743,45,2,1,0,0,2305843009213693967:42;2305843009213693973:3,Symbolica_default,cached_powers_Q,5,4,0.252,BalancedZippelSeparated
fire7_nb0_rank3100,Automatic,3,ok,493.112,45,2,1,0,0,2305843009213693967:42;2305843009213693973:3,Symbolica_default,cached_powers_Q,5,4,0.274,BalancedZippelSeparated
fire7_nb0_rank3101,Automatic,1,ok,202.381,33,2,1,0,0,2305843009213693967:30;2305843009213693973:3,Symbolica_default,cached_powers_Q,6,1,0.296,BalancedZippelSeparated
fire7_nb0_rank3101,Automatic,2,ok,239.512,33,2,1,0,0,2305843009213693967:30;2305843009213693973:3,Symbolica_default,cached_powers_Q,6,1,0.504,BalancedZippelSeparated
fire7_nb0_rank3101,Automatic,3,ok,201.932,33,2,1,0,0,2305843009213693967:30;2305843009213693973:3,Symbolica_default,cached_powers_Q,6,1,0.232,BalancedZippelSeparated
fire7_nb0_rank3102,Automatic,1,ok,235.821,33,2,1,0,0,2305843009213693967:30;2305843009213693973:3,Symbolica_default,cached_powers_Q,6,1,0.294,BalancedZippelSeparated
fire7_nb0_rank3102,Automatic,2,ok,199.961,33,2,1,0,0,2305843009213693967:30;2305843009213693973:3,Symbolica_default,cached_powers_Q,6,1,0.244,BalancedZippelSeparated
fire7_nb0_rank3102,Automatic,3,ok,227.202,33,2,1,0,0,2305843009213693967:30;2305843009213693973:3,Symbolica_default,cached_powers_Q,6,1,0.278,BalancedZippelSeparated
fire7_nb0_rank3103,Automatic,1,ok,503.752,39,2,1,0,0,2305843009213693967:36;2305843009213693973:3,Symbolica_default,cached_powers_Q,4,2,0.348,BalancedZippelSeparated
fire7_nb0_rank3103,Automatic,2,ok,298.691,39,2,1,0,0,2305843009213693967:36;2305843009213693973:3,Symbolica_default,cached_powers_Q,4,2,0.403,BalancedZippelSeparated
fire7_nb0_rank3103,Automatic,3,ok,245.441,39,2,1,0,0,2305843009213693967:36;2305843009213693973:3,Symbolica_default,cached_powers_Q,4,2,0.279,BalancedZippelSeparated
fire7_nb0_rank3108,Automatic,1,ok,489.362,37,2,1,0,0,2305843009213693967:34;2305843009213693973:3,Symbolica_default,cached_powers_Q,4,2,0.334,BalancedZippelSeparated
fire7_nb0_rank3108,Automatic,2,ok,258.741,37,2,1,0,0,2305843009213693967:34;2305843009213693973:3,Symbolica_default,cached_powers_Q,4,2,0.316,BalancedZippelSeparated
fire7_nb0_rank3108,Automatic,3,ok,245.902,37,2,1,0,0,2305843009213693967:34;2305843009213693973:3,Symbolica_default,cached_powers_Q,4,2,0.293,BalancedZippelSeparated
fire7_nb0_rank3109,Automatic,1,ok,448.772,36,2,1,0,0,2305843009213693967:33;2305843009213693973:3,Symbolica_default,cached_powers_Q,2,6,0.274,BalancedZippelSeparated
fire7_nb0_rank3109,Automatic,2,ok,269.192,36,2,1,0,0,2305843009213693967:33;2305843009213693973:3,Symbolica_default,cached_powers_Q,2,6,0.253,BalancedZippelSeparated
fire7_nb0_rank3109,Automatic,3,ok,267.681,36,2,1,0,0,2305843009213693967:33;2305843009213693973:3,Symbolica_default,cached_powers_Q,2,6,0.266,BalancedZippelSeparated
fire7_nb0_rank3110,Automatic,1,ok,498.383,36,2,1,0,0,2305843009213693967:33;2305843009213693973:3,Symbolica_default,cached_powers_Q,2,6,0.329,BalancedZippelSeparated
fire7_nb0_rank3110,Automatic,2,ok,248.441,36,2,1,0,0,2305843009213693967:33;2305843009213693973:3,Symbolica_default,cached_powers_Q,2,6,0.405,BalancedZippelSeparated
fire7_nb0_rank3110,Automatic,3,ok,445.772,36,2,1,0,0,2305843009213693967:33;2305843009213693973:3,Symbolica_default,cached_powers_Q,2,6,0.296,BalancedZippelSeparated
fire7_nb0_rank3111,Automatic,1,ok,261.512,37,2,1,0,0,2305843009213693967:34;2305843009213693973:3,Symbolica_default,cached_powers_Q,4,2,0.330,BalancedZippelSeparated
fire7_nb0_rank3111,Automatic,2,ok,423.832,37,2,1,0,0,2305843009213693967:34;2305843009213693973:3,Symbolica_default,cached_powers_Q,4,2,0.272,BalancedZippelSeparated
fire7_nb0_rank3111,Automatic,3,ok,262.841,37,2,1,0,0,2305843009213693967:34;2305843009213693973:3,Symbolica_default,cached_powers_Q,4,2,0.303,BalancedZippelSeparated
fire7_nb0_rank3112,Automatic,1,ok,258.211,36,2,1,0,0,2305843009213693967:33;2305843009213693973:3,Symbolica_default,cached_powers_Q,6,2,0.261,BalancedZippelSeparated
fire7_nb0_rank3112,Automatic,2,ok,286.292,36,2,1,0,0,2305843009213693967:33;2305843009213693973:3,Symbolica_default,cached_powers_Q,6,2,0.276,BalancedZippelSeparated
fire7_nb0_rank3112,Automatic,3,ok,318.022,36,2,1,0,0,2305843009213693967:33;2305843009213693973:3,Symbolica_default,cached_powers_Q,6,2,0.373,BalancedZippelSeparated
fire7_nb0_rank3113,Automatic,1,ok,494.373,36,2,1,0,0,2305843009213693967:33;2305843009213693973:3,Symbolica_default,cached_powers_Q,6,2,0.282,BalancedZippelSeparated
fire7_nb0_rank3113,Automatic,2,ok,264.261,36,2,1,0,0,2305843009213693967:33;2305843009213693973:3,Symbolica_default,cached_powers_Q,6,2,0.269,BalancedZippelSeparated
fire7_nb0_rank3113,Automatic,3,ok,288.431,36,2,1,0,0,2305843009213693967:33;2305843009213693973:3,Symbolica_default,cached_powers_Q,6,2,0.326,BalancedZippelSeparated
fire7_nb0_rank3114,Automatic,1,ok,518.503,38,2,1,0,0,2305843009213693967:35;2305843009213693973:3,Symbolica_default,cached_powers_Q,3,6,0.333,BalancedZippelSeparated
fire7_nb0_rank3114,Automatic,2,ok,280.511,38,2,1,0,0,2305843009213693967:35;2305843009213693973:3,Symbolica_default,cached_powers_Q,3,6,0.296,BalancedZippelSeparated
fire7_nb0_rank3114,Automatic,3,ok,295.551,38,2,1,0,0,2305843009213693967:35;2305843009213693973:3,Symbolica_default,cached_powers_Q,3,6,0.335,BalancedZippelSeparated
fire7_nb0_rank3116,Automatic,1,ok,312.382,40,2,1,0,0,2305843009213693967:37;2305843009213693973:3,Symbolica_default,cached_powers_Q,4,3,0.494,BalancedZippelSeparated
fire7_nb0_rank3116,Automatic,2,ok,549.243,40,2,1,0,0,2305843009213693967:37;2305843009213693973:3,Symbolica_default,cached_powers_Q,4,3,0.263,BalancedZippelSeparated
fire7_nb0_rank3116,Automatic,3,ok,548.493,40,2,1,0,0,2305843009213693967:37;2305843009213693973:3,Symbolica_default,cached_powers_Q,4,3,0.305,BalancedZippelSeparated
fire7_nb0_rank3118,Automatic,1,ok,226.661,34,2,1,0,0,2305843009213693967:31;2305843009213693973:3,Symbolica_default,cached_powers_Q,6,1,0.212,BalancedZippelSeparated
fire7_nb0_rank3118,Automatic,2,ok,247.611,34,2,1,0,0,2305843009213693967:31;2305843009213693973:3,Symbolica_default,cached_powers_Q,6,1,0.276,BalancedZippelSeparated
fire7_nb0_rank3118,Automatic,3,ok,245.221,34,2,1,0,0,2305843009213693967:31;2305843009213693973:3,Symbolica_default,cached_powers_Q,6,1,0.235,BalancedZippelSeparated
fire7_nb0_rank3119,Automatic,1,ok,275.332,34,2,1,0,0,2305843009213693967:31;2305843009213693973:3,Symbolica_default,cached_powers_Q,6,1,0.300,BalancedZippelSeparated
fire7_nb0_rank3119,Automatic,2,ok,250.781,34,2,1,0,0,2305843009213693967:31;2305843009213693973:3,Symbolica_default,cached_powers_Q,6,1,0.239,BalancedZippelSeparated
fire7_nb0_rank3119,Automatic,3,ok,286.081,34,2,1,0,0,2305843009213693967:31;2305843009213693973:3,Symbolica_default,cached_powers_Q,6,1,0.311,BalancedZippelSeparated
fire7_nb0_rank3122,Automatic,1,ok,582.673,39,2,1,0,0,2305843009213693967:36;2305843009213693973:3,Symbolica_default,cached_powers_Q,6,3,0.345,BalancedZippelSeparated
fire7_nb0_rank3122,Automatic,2,ok,289.152,39,2,1,0,0,2305843009213693967:36;2305843009213693973:3,Symbolica_default,cached_powers_Q,6,3,0.236,BalancedZippelSeparated
fire7_nb0_rank3122,Automatic,3,ok,490.442,39,2,1,0,0,2305843009213693967:36;2305843009213693973:3,Symbolica_default,cached_powers_Q,6,3,0.307,BalancedZippelSeparated
fire7_nb0_rank3123,Automatic,1,ok,499.503,37,2,1,0,0,2305843009213693967:34;2305843009213693973:3,Symbolica_default,cached_powers_Q,6,3,0.474,BalancedZippelSeparated
fire7_nb0_rank3123,Automatic,2,ok,497.843,37,2,1,0,0,2305843009213693967:34;2305843009213693973:3,Symbolica_default,cached_powers_Q,6,3,0.292,BalancedZippelSeparated
fire7_nb0_rank3123,Automatic,3,ok,279.182,37,2,1,0,0,2305843009213693967:34;2305843009213693973:3,Symbolica_default,cached_powers_Q,6,3,0.236,BalancedZippelSeparated
fire7_nb0_rank3126,Automatic,1,ok,220.391,43,2,1,0,0,2305843009213693967:40;2305843009213693973:3,Symbolica_default,cached_powers_Q,5,2,0.254,BalancedZippelSeparated
fire7_nb0_rank3126,Automatic,2,ok,256.471,43,2,1,0,0,2305843009213693967:40;2305843009213693973:3,Symbolica_default,cached_powers_Q,5,2,0.277,BalancedZippelSeparated
fire7_nb0_rank3126,Automatic,3,ok,266.471,43,2,1,0,0,2305843009213693967:40;2305843009213693973:3,Symbolica_default,cached_powers_Q,5,2,0.288,BalancedZippelSeparated
fire7_nb0_rank3130,Automatic,1,ok,469.893,34,2,1,0,0,2305843009213693967:31;2305843009213693973:3,Symbolica_default,cached_powers_Q,6,1,0.294,BalancedZippelSeparated
fire7_nb0_rank3130,Automatic,2,ok,255.121,34,2,1,0,0,2305843009213693967:31;2305843009213693973:3,Symbolica_default,cached_powers_Q,6,1,0.259,BalancedZippelSeparated
fire7_nb0_rank3130,Automatic,3,ok,220.381,34,2,1,0,0,2305843009213693967:31;2305843009213693973:3,Symbolica_default,cached_powers_Q,6,1,0.238,BalancedZippelSeparated
fire7_nb0_rank3131,Automatic,1,ok,239.302,34,2,1,0,0,2305843009213693967:31;2305843009213693973:3,Symbolica_default,cached_powers_Q,3,4,0.247,BalancedZippelSeparated
fire7_nb0_rank3131,Automatic,2,ok,250.441,34,2,1,0,0,2305843009213693967:31;2305843009213693973:3,Symbolica_default,cached_powers_Q,3,4,0.264,BalancedZippelSeparated
fire7_nb0_rank3131,Automatic,3,ok,231.582,34,2,1,0,0,2305843009213693967:31;2305843009213693973:3,Symbolica_default,cached_powers_Q,3,4,0.228,BalancedZippelSeparated
fire7_nb0_rank3132,Automatic,1,ok,508.073,34,2,1,0,0,2305843009213693967:31;2305843009213693973:3,Symbolica_default,cached_powers_Q,3,4,0.289,BalancedZippelSeparated
fire7_nb0_rank3132,Automatic,2,ok,271.501,34,2,1,0,0,2305843009213693967:31;2305843009213693973:3,Symbolica_default,cached_powers_Q,3,4,0.472,BalancedZippelSeparated
fire7_nb0_rank3132,Automatic,3,ok,517.242,34,2,1,0,0,2305843009213693967:31;2305843009213693973:3,Symbolica_default,cached_powers_Q,3,4,0.309,BalancedZippelSeparated
fire7_nb0_rank3133,Automatic,1,ok,286.242,34,2,1,0,0,2305843009213693967:31;2305843009213693973:3,Symbolica_default,cached_powers_Q,3,4,0.329,BalancedZippelSeparated
fire7_nb0_rank3133,Automatic,2,ok,236.092,34,2,1,0,0,2305843009213693967:31;2305843009213693973:3,Symbolica_default,cached_powers_Q,3,4,0.281,BalancedZippelSeparated
fire7_nb0_rank3133,Automatic,3,ok,223.091,34,2,1,0,0,2305843009213693967:31;2305843009213693973:3,Symbolica_default,cached_powers_Q,3,4,0.232,BalancedZippelSeparated
fire7_nb0_rank3134,Automatic,1,ok,223.122,34,2,1,0,0,2305843009213693967:31;2305843009213693973:3,Symbolica_default,cached_powers_Q,3,4,0.235,BalancedZippelSeparated
fire7_nb0_rank3134,Automatic,2,ok,449.433,34,2,1,0,0,2305843009213693967:31;2305843009213693973:3,Symbolica_default,cached_powers_Q,3,4,0.294,BalancedZippelSeparated
fire7_nb0_rank3134,Automatic,3,ok,417.412,34,2,1,0,0,2305843009213693967:31;2305843009213693973:3,Symbolica_default,cached_powers_Q,3,4,0.245,BalancedZippelSeparated
fire7_nb0_rank3137,Automatic,1,ok,272.721,34,2,1,0,0,2305843009213693967:31;2305843009213693973:3,Symbolica_default,cached_powers_Q,6,1,0.298,BalancedZippelSeparated
fire7_nb0_rank3137,Automatic,2,ok,472.653,34,2,1,0,0,2305843009213693967:31;2305843009213693973:3,Symbolica_default,cached_powers_Q,6,1,0.291,BalancedZippelSeparated
fire7_nb0_rank3137,Automatic,3,ok,500.162,34,2,1,0,0,2305843009213693967:31;2305843009213693973:3,Symbolica_default,cached_powers_Q,6,1,0.321,BalancedZippelSeparated
fire7_nb0_rank3138,Automatic,1,ok,328.041,33,2,1,0,0,2305843009213693967:30;2305843009213693973:3,Symbolica_default,cached_powers_Q,6,2,0.268,BalancedZippelSeparated
fire7_nb0_rank3138,Automatic,2,ok,249.262,33,2,1,0,0,2305843009213693967:30;2305843009213693973:3,Symbolica_default,cached_powers_Q,6,2,0.436,BalancedZippelSeparated
fire7_nb0_rank3138,Automatic,3,ok,244.061,33,2,1,0,0,2305843009213693967:30;2305843009213693973:3,Symbolica_default,cached_powers_Q,6,2,0.260,BalancedZippelSeparated
fire7_nb0_rank3139,Automatic,1,ok,285.762,34,2,1,0,0,2305843009213693967:31;2305843009213693973:3,Symbolica_default,cached_powers_Q,3,4,0.306,BalancedZippelSeparated
fire7_nb0_rank3139,Automatic,2,ok,230.681,34,2,1,0,0,2305843009213693967:31;2305843009213693973:3,Symbolica_default,cached_powers_Q,3,4,0.231,BalancedZippelSeparated
fire7_nb0_rank3139,Automatic,3,ok,469.622,34,2,1,0,0,2305843009213693967:31;2305843009213693973:3,Symbolica_default,cached_powers_Q,3,4,0.315,BalancedZippelSeparated
fire7_nb0_rank3140,Automatic,1,ok,346.282,36,2,1,0,0,2305843009213693967:33;2305843009213693973:3,Symbolica_default,cached_powers_Q,6,2,0.476,BalancedZippelSeparated
fire7_nb0_rank3140,Automatic,2,ok,548.333,36,2,1,0,0,2305843009213693967:33;2305843009213693973:3,Symbolica_default,cached_powers_Q,6,2,0.311,BalancedZippelSeparated
fire7_nb0_rank3140,Automatic,3,ok,269.222,36,2,1,0,0,2305843009213693967:33;2305843009213693973:3,Symbolica_default,cached_powers_Q,6,2,0.410,BalancedZippelSeparated
fire7_nb0_rank3141,Automatic,1,ok,319.542,33,2,1,0,0,2305843009213693967:30;2305843009213693973:3,Symbolica_default,cached_powers_Q,4,4,0.331,BalancedZippelSeparated
fire7_nb0_rank3141,Automatic,2,ok,252.162,33,2,1,0,0,2305843009213693967:30;2305843009213693973:3,Symbolica_default,cached_powers_Q,4,4,0.250,BalancedZippelSeparated
fire7_nb0_rank3141,Automatic,3,ok,469.512,33,2,1,0,0,2305843009213693967:30;2305843009213693973:3,Symbolica_default,cached_powers_Q,4,4,0.286,BalancedZippelSeparated
fire7_nb0_rank3142,Automatic,1,ok,220.941,32,2,1,0,0,2305843009213693967:29;2305843009213693973:3,Symbolica_default,cached_powers_Q,6,1,0.273,BalancedZippelSeparated
fire7_nb0_rank3142,Automatic,2,ok,353.922,32,2,1,0,0,2305843009213693967:29;2305843009213693973:3,Symbolica_default,cached_powers_Q,6,1,0.220,BalancedZippelSeparated
fire7_nb0_rank3142,Automatic,3,ok,441.012,32,2,1,0,0,2305843009213693967:29;2305843009213693973:3,Symbolica_default,cached_powers_Q,6,1,0.241,BalancedZippelSeparated
fire7_nb0_rank3143,Automatic,1,ok,244.241,34,2,1,0,0,2305843009213693967:31;2305843009213693973:3,Symbolica_default,cached_powers_Q,6,1,0.266,BalancedZippelSeparated
fire7_nb0_rank3143,Automatic,2,ok,252.631,34,2,1,0,0,2305843009213693967:31;2305843009213693973:3,Symbolica_default,cached_powers_Q,6,1,0.316,BalancedZippelSeparated
fire7_nb0_rank3143,Automatic,3,ok,221.191,34,2,1,0,0,2305843009213693967:31;2305843009213693973:3,Symbolica_default,cached_powers_Q,6,1,0.214,BalancedZippelSeparated
fire7_nb0_rank3144,Automatic,1,ok,505.182,34,2,1,0,0,2305843009213693967:31;2305843009213693973:3,Symbolica_default,cached_powers_Q,6,1,0.323,BalancedZippelSeparated
fire7_nb0_rank3144,Automatic,2,ok,200.521,34,2,1,0,0,2305843009213693967:31;2305843009213693973:3,Symbolica_default,cached_powers_Q,6,1,0.270,BalancedZippelSeparated
fire7_nb0_rank3144,Automatic,3,ok,418.033,34,2,1,0,0,2305843009213693967:31;2305843009213693973:3,Symbolica_default,cached_powers_Q,6,1,0.458,BalancedZippelSeparated
fire7_nb0_rank3145,Automatic,1,ok,228.051,34,2,1,0,0,2305843009213693967:31;2305843009213693973:3,Symbolica_default,cached_powers_Q,3,4,0.245,BalancedZippelSeparated
fire7_nb0_rank3145,Automatic,2,ok,262.561,34,2,1,0,0,2305843009213693967:31;2305843009213693973:3,Symbolica_default,cached_powers_Q,3,4,0.273,BalancedZippelSeparated
fire7_nb0_rank3145,Automatic,3,ok,220.681,34,2,1,0,0,2305843009213693967:31;2305843009213693973:3,Symbolica_default,cached_powers_Q,3,4,0.241,BalancedZippelSeparated
fire7_nb0_rank3146,Automatic,1,ok,263.091,34,2,1,0,0,2305843009213693967:31;2305843009213693973:3,Symbolica_default,cached_powers_Q,3,4,0.278,BalancedZippelSeparated
fire7_nb0_rank3146,Automatic,2,ok,246.301,34,2,1,0,0,2305843009213693967:31;2305843009213693973:3,Symbolica_default,cached_powers_Q,3,4,0.256,BalancedZippelSeparated
fire7_nb0_rank3146,Automatic,3,ok,279.762,34,2,1,0,0,2305843009213693967:31;2305843009213693973:3,Symbolica_default,cached_powers_Q,3,4,0.495,BalancedZippelSeparated
fire7_nb0_rank3150,Automatic,1,ok,401.692,34,2,1,0,0,2305843009213693967:31;2305843009213693973:3,Symbolica_default,cached_powers_Q,5,2,0.333,BalancedZippelSeparated
fire7_nb0_rank3150,Automatic,2,ok,338.811,34,2,1,0,0,2305843009213693967:31;2305843009213693973:3,Symbolica_default,cached_powers_Q,5,2,0.326,BalancedZippelSeparated
fire7_nb0_rank3150,Automatic,3,ok,289.802,34,2,1,0,0,2305843009213693967:31;2305843009213693973:3,Symbolica_default,cached_powers_Q,5,2,0.228,BalancedZippelSeparated
fire7_nb0_rank3151,Automatic,1,ok,218.101,34,2,1,0,0,2305843009213693967:31;2305843009213693973:3,Symbolica_default,cached_powers_Q,3,4,0.246,BalancedZippelSeparated
fire7_nb0_rank3151,Automatic,2,ok,269.931,34,2,1,0,0,2305843009213693967:31;2305843009213693973:3,Symbolica_default,cached_powers_Q,3,4,0.267,BalancedZippelSeparated
fire7_nb0_rank3151,Automatic,3,ok,220.511,34,2,1,0,0,2305843009213693967:31;2305843009213693973:3,Symbolica_default,cached_powers_Q,3,4,0.244,BalancedZippelSeparated
fire7_nb0_rank3152,Automatic,1,ok,238.991,34,2,1,0,0,2305843009213693967:31;2305843009213693973:3,Symbolica_default,cached_powers_Q,3,4,0.266,BalancedZippelSeparated
fire7_nb0_rank3152,Automatic,2,ok,279.762,34,2,1,0,0,2305843009213693967:31;2305843009213693973:3,Symbolica_default,cached_powers_Q,3,4,0.527,BalancedZippelSeparated
fire7_nb0_rank3152,Automatic,3,ok,282.731,34,2,1,0,0,2305843009213693967:31;2305843009213693973:3,Symbolica_default,cached_powers_Q,3,4,0.292,BalancedZippelSeparated
fire7_nb0_rank3153,Automatic,1,ok,290.731,34,2,1,0,0,2305843009213693967:31;2305843009213693973:3,Symbolica_default,cached_powers_Q,3,4,0.552,BalancedZippelSeparated
fire7_nb0_rank3153,Automatic,2,ok,223.841,34,2,1,0,0,2305843009213693967:31;2305843009213693973:3,Symbolica_default,cached_powers_Q,3,4,0.248,BalancedZippelSeparated
fire7_nb0_rank3153,Automatic,3,ok,253.941,34,2,1,0,0,2305843009213693967:31;2305843009213693973:3,Symbolica_default,cached_powers_Q,3,4,0.287,BalancedZippelSeparated
fire7_nb0_rank3154,Automatic,1,ok,230.811,33,2,1,0,0,2305843009213693967:30;2305843009213693973:3,Symbolica_default,cached_powers_Q,3,2,0.303,BalancedZippelSeparated
fire7_nb0_rank3154,Automatic,2,ok,221.911,33,2,1,0,0,2305843009213693967:30;2305843009213693973:3,Symbolica_default,cached_powers_Q,3,2,0.469,BalancedZippelSeparated
fire7_nb0_rank3154,Automatic,3,ok,212.561,33,2,1,0,0,2305843009213693967:30;2305843009213693973:3,Symbolica_default,cached_powers_Q,3,2,0.446,BalancedZippelSeparated
fire7_nb0_rank3155,Automatic,1,ok,225.161,33,2,1,0,0,2305843009213693967:30;2305843009213693973:3,Symbolica_default,cached_powers_Q,3,2,0.273,BalancedZippelSeparated
fire7_nb0_rank3155,Automatic,2,ok,254.821,33,2,1,0,0,2305843009213693967:30;2305843009213693973:3,Symbolica_default,cached_powers_Q,3,2,0.339,BalancedZippelSeparated
fire7_nb0_rank3155,Automatic,3,ok,212.971,33,2,1,0,0,2305843009213693967:30;2305843009213693973:3,Symbolica_default,cached_powers_Q,3,2,0.387,BalancedZippelSeparated
fire7_nb0_rank3156,Automatic,1,ok,492.793,34,2,1,0,0,2305843009213693967:31;2305843009213693973:3,Symbolica_default,cached_powers_Q,4,4,0.297,BalancedZippelSeparated
fire7_nb0_rank3156,Automatic,2,ok,331.082,34,2,1,0,0,2305843009213693967:31;2305843009213693973:3,Symbolica_default,cached_powers_Q,4,4,0.302,BalancedZippelSeparated
fire7_nb0_rank3156,Automatic,3,ok,533.363,34,2,1,0,0,2305843009213693967:31;2305843009213693973:3,Symbolica_default,cached_powers_Q,4,4,0.301,BalancedZippelSeparated
fire7_nb0_rank3157,Automatic,1,ok,247.761,31,2,1,0,0,2305843009213693967:28;2305843009213693973:3,Symbolica_default,cached_powers_Q,4,2,0.455,BalancedZippelSeparated
fire7_nb0_rank3157,Automatic,2,ok,414.402,31,2,1,0,0,2305843009213693967:28;2305843009213693973:3,Symbolica_default,cached_powers_Q,4,2,0.247,BalancedZippelSeparated
fire7_nb0_rank3157,Automatic,3,ok,238.771,31,2,1,0,0,2305843009213693967:28;2305843009213693973:3,Symbolica_default,cached_powers_Q,4,2,0.267,BalancedZippelSeparated
fire7_nb0_rank3158,Automatic,1,ok,228.531,42,2,1,0,0,2305843009213693967:39;2305843009213693973:3,Symbolica_default,cached_powers_Q,3,3,0.436,BalancedZippelSeparated
fire7_nb0_rank3158,Automatic,2,ok,287.121,42,2,1,0,0,2305843009213693967:39;2305843009213693973:3,Symbolica_default,cached_powers_Q,3,3,0.386,BalancedZippelSeparated
fire7_nb0_rank3158,Automatic,3,ok,225.311,42,2,1,0,0,2305843009213693967:39;2305843009213693973:3,Symbolica_default,cached_powers_Q,3,3,0.312,BalancedZippelSeparated
fire7_nb0_rank3159,Automatic,1,ok,265.921,33,2,1,0,0,2305843009213693967:30;2305843009213693973:3,Symbolica_default,cached_powers_Q,6,2,0.255,BalancedZippelSeparated
fire7_nb0_rank3159,Automatic,2,ok,505.633,33,2,1,0,0,2305843009213693967:30;2305843009213693973:3,Symbolica_default,cached_powers_Q,6,2,0.301,BalancedZippelSeparated
fire7_nb0_rank3159,Automatic,3,ok,249.641,33,2,1,0,0,2305843009213693967:30;2305843009213693973:3,Symbolica_default,cached_powers_Q,6,2,0.393,BalancedZippelSeparated
fire7_nb0_rank3160,Automatic,1,ok,224.191,34,2,1,0,0,2305843009213693967:31;2305843009213693973:3,Symbolica_default,cached_powers_Q,5,1,0.217,BalancedZippelSeparated
fire7_nb0_rank3160,Automatic,2,ok,236.011,34,2,1,0,0,2305843009213693967:31;2305843009213693973:3,Symbolica_default,cached_powers_Q,5,1,0.462,BalancedZippelSeparated
fire7_nb0_rank3160,Automatic,3,ok,250.031,34,2,1,0,0,2305843009213693967:31;2305843009213693973:3,Symbolica_default,cached_powers_Q,5,1,0.232,BalancedZippelSeparated
fire7_nb0_rank3161,Automatic,1,ok,471.572,34,2,1,0,0,2305843009213693967:31;2305843009213693973:3,Symbolica_default,cached_powers_Q,5,1,0.291,BalancedZippelSeparated
fire7_nb0_rank3161,Automatic,2,ok,223.451,34,2,1,0,0,2305843009213693967:31;2305843009213693973:3,Symbolica_default,cached_powers_Q,5,1,0.287,BalancedZippelSeparated
fire7_nb0_rank3161,Automatic,3,ok,255.651,34,2,1,0,0,2305843009213693967:31;2305843009213693973:3,Symbolica_default,cached_powers_Q,5,1,0.316,BalancedZippelSeparated
fire7_nb0_rank3162,Automatic,1,ok,430.222,34,2,1,0,0,2305843009213693967:31;2305843009213693973:3,Symbolica_default,cached_powers_Q,5,1,0.448,BalancedZippelSeparated
fire7_nb0_rank3162,Automatic,2,ok,499.112,34,2,1,0,0,2305843009213693967:31;2305843009213693973:3,Symbolica_default,cached_powers_Q,5,1,0.313,BalancedZippelSeparated
fire7_nb0_rank3162,Automatic,3,ok,242.481,34,2,1,0,0,2305843009213693967:31;2305843009213693973:3,Symbolica_default,cached_powers_Q,5,1,0.232,BalancedZippelSeparated
fire7_nb0_rank3163,Automatic,1,ok,245.921,38,2,1,0,0,2305843009213693967:35;2305843009213693973:3,Symbolica_default,cached_powers_Q,3,2,0.368,BalancedZippelSeparated
fire7_nb0_rank3163,Automatic,2,ok,204.181,38,2,1,0,0,2305843009213693967:35;2305843009213693973:3,Symbolica_default,cached_powers_Q,3,2,0.264,BalancedZippelSeparated
fire7_nb0_rank3163,Automatic,3,ok,194.772,38,2,1,0,0,2305843009213693967:35;2305843009213693973:3,Symbolica_default,cached_powers_Q,3,2,0.217,BalancedZippelSeparated
fire7_nb0_rank3164,Automatic,1,ok,280.232,34,2,1,0,0,2305843009213693967:31;2305843009213693973:3,Symbolica_default,cached_powers_Q,3,4,0.275,BalancedZippelSeparated
fire7_nb0_rank3164,Automatic,2,ok,249.231,34,2,1,0,0,2305843009213693967:31;2305843009213693973:3,Symbolica_default,cached_powers_Q,3,4,0.459,BalancedZippelSeparated
fire7_nb0_rank3164,Automatic,3,ok,246.901,34,2,1,0,0,2305843009213693967:31;2305843009213693973:3,Symbolica_default,cached_powers_Q,3,4,0.234,BalancedZippelSeparated
fire7_nb0_rank3165,Automatic,1,ok,268.662,34,2,1,0,0,2305843009213693967:31;2305843009213693973:3,Symbolica_default,cached_powers_Q,3,4,0.421,BalancedZippelSeparated
fire7_nb0_rank3165,Automatic,2,ok,267.541,34,2,1,0,0,2305843009213693967:31;2305843009213693973:3,Symbolica_default,cached_powers_Q,3,4,0.304,BalancedZippelSeparated
fire7_nb0_rank3165,Automatic,3,ok,261.272,34,2,1,0,0,2305843009213693967:31;2305843009213693973:3,Symbolica_default,cached_powers_Q,3,4,0.294,BalancedZippelSeparated
fire7_nb0_rank3166,Automatic,1,ok,324.911,36,2,1,0,0,2305843009213693967:33;2305843009213693973:3,Symbolica_default,cached_powers_Q,6,2,0.520,BalancedZippelSeparated
fire7_nb0_rank3166,Automatic,2,ok,299.142,36,2,1,0,0,2305843009213693967:33;2305843009213693973:3,Symbolica_default,cached_powers_Q,6,2,0.471,BalancedZippelSeparated
fire7_nb0_rank3166,Automatic,3,ok,287.992,36,2,1,0,0,2305843009213693967:33;2305843009213693973:3,Symbolica_default,cached_powers_Q,6,2,0.473,BalancedZippelSeparated
fire7_nb0_rank3167,Automatic,1,ok,308.111,36,2,1,0,0,2305843009213693967:33;2305843009213693973:3,Symbolica_default,cached_powers_Q,6,2,0.295,BalancedZippelSeparated
fire7_nb0_rank3167,Automatic,2,ok,264.031,36,2,1,0,0,2305843009213693967:33;2305843009213693973:3,Symbolica_default,cached_powers_Q,6,2,0.240,BalancedZippelSeparated
fire7_nb0_rank3167,Automatic,3,ok,555.493,36,2,1,0,0,2305843009213693967:33;2305843009213693973:3,Symbolica_default,cached_powers_Q,6,2,0.272,BalancedZippelSeparated
fire7_nb0_rank3168,Automatic,1,ok,211.001,41,2,1,0,0,2305843009213693967:38;2305843009213693973:3,Symbolica_default,cached_powers_Q,3,3,0.310,BalancedZippelSeparated
fire7_nb0_rank3168,Automatic,2,ok,315.672,41,2,1,0,0,2305843009213693967:38;2305843009213693973:3,Symbolica_default,cached_powers_Q,3,3,0.551,BalancedZippelSeparated
fire7_nb0_rank3168,Automatic,3,ok,403.462,41,2,1,0,0,2305843009213693967:38;2305843009213693973:3,Symbolica_default,cached_powers_Q,3,3,0.273,BalancedZippelSeparated
fire7_nb0_rank3169,Automatic,1,ok,237.521,34,2,1,0,0,2305843009213693967:31;2305843009213693973:3,Symbolica_default,cached_powers_Q,5,1,0.277,BalancedZippelSeparated
fire7_nb0_rank3169,Automatic,2,ok,208.631,34,2,1,0,0,2305843009213693967:31;2305843009213693973:3,Symbolica_default,cached_powers_Q,5,1,0.216,BalancedZippelSeparated
fire7_nb0_rank3169,Automatic,3,ok,208.221,34,2,1,0,0,2305843009213693967:31;2305843009213693973:3,Symbolica_default,cached_powers_Q,5,1,0.203,BalancedZippelSeparated
fire7_nb0_rank3170,Automatic,1,ok,366.202,36,2,1,0,0,2305843009213693967:33;2305843009213693973:3,Symbolica_default,cached_powers_Q,2,3,0.237,BalancedZippelSeparated
fire7_nb0_rank3170,Automatic,2,ok,225.072,36,2,1,0,0,2305843009213693967:33;2305843009213693973:3,Symbolica_default,cached_powers_Q,2,3,0.242,BalancedZippelSeparated
fire7_nb0_rank3170,Automatic,3,ok,201.331,36,2,1,0,0,2305843009213693967:33;2305843009213693973:3,Symbolica_default,cached_powers_Q,2,3,0.176,BalancedZippelSeparated
fire7_nb0_rank3171,Automatic,1,ok,206.941,36,2,1,0,0,2305843009213693967:33;2305843009213693973:3,Symbolica_default,cached_powers_Q,2,3,0.304,BalancedZippelSeparated
fire7_nb0_rank3171,Automatic,2,ok,220.821,36,2,1,0,0,2305843009213693967:33;2305843009213693973:3,Symbolica_default,cached_powers_Q,2,3,0.424,BalancedZippelSeparated
fire7_nb0_rank3171,Automatic,3,ok,240.852,36,2,1,0,0,2305843009213693967:33;2305843009213693973:3,Symbolica_default,cached_powers_Q,2,3,0.283,BalancedZippelSeparated
fire7_nb0_rank3172,Automatic,1,ok,248.801,33,2,1,0,0,2305843009213693967:30;2305843009213693973:3,Symbolica_default,cached_powers_Q,3,2,0.513,BalancedZippelSeparated
fire7_nb0_rank3172,Automatic,2,ok,253.171,33,2,1,0,0,2305843009213693967:30;2305843009213693973:3,Symbolica_default,cached_powers_Q,3,2,0.484,BalancedZippelSeparated
fire7_nb0_rank3172,Automatic,3,ok,423.382,33,2,1,0,0,2305843009213693967:30;2305843009213693973:3,Symbolica_default,cached_powers_Q,3,2,0.295,BalancedZippelSeparated
fire7_nb0_rank3173,Automatic,1,ok,314.412,39,2,1,0,0,2305843009213693967:36;2305843009213693973:3,Symbolica_default,cached_powers_Q,4,3,0.270,BalancedZippelSeparated
fire7_nb0_rank3173,Automatic,2,ok,506.803,39,2,1,0,0,2305843009213693967:36;2305843009213693973:3,Symbolica_default,cached_powers_Q,4,3,0.318,BalancedZippelSeparated
fire7_nb0_rank3173,Automatic,3,ok,273.842,39,2,1,0,0,2305843009213693967:36;2305843009213693973:3,Symbolica_default,cached_powers_Q,4,3,0.251,BalancedZippelSeparated
fire7_nb0_rank3174,Automatic,1,ok,210.251,33,2,1,0,0,2305843009213693967:30;2305843009213693973:3,Symbolica_default,cached_powers_Q,3,2,0.248,BalancedZippelSeparated
fire7_nb0_rank3174,Automatic,2,ok,416.162,33,2,1,0,0,2305843009213693967:30;2305843009213693973:3,Symbolica_default,cached_powers_Q,3,2,0.276,BalancedZippelSeparated
fire7_nb0_rank3174,Automatic,3,ok,238.311,33,2,1,0,0,2305843009213693967:30;2305843009213693973:3,Symbolica_default,cached_powers_Q,3,2,0.349,BalancedZippelSeparated
fire7_nb0_rank3175,Automatic,1,ok,236.531,33,2,1,0,0,2305843009213693967:30;2305843009213693973:3,Symbolica_default,cached_powers_Q,3,2,0.263,BalancedZippelSeparated
fire7_nb0_rank3175,Automatic,2,ok,217.571,33,2,1,0,0,2305843009213693967:30;2305843009213693973:3,Symbolica_default,cached_powers_Q,3,2,0.470,BalancedZippelSeparated
fire7_nb0_rank3175,Automatic,3,ok,260.661,33,2,1,0,0,2305843009213693967:30;2305843009213693973:3,Symbolica_default,cached_powers_Q,3,2,0.516,BalancedZippelSeparated
fire7_nb0_rank3176,Automatic,1,ok,236.441,35,2,1,0,0,2305843009213693967:32;2305843009213693973:3,Symbolica_default,cached_powers_Q,4,3,0.288,BalancedZippelSeparated
fire7_nb0_rank3176,Automatic,2,ok,515.542,35,2,1,0,0,2305843009213693967:32;2305843009213693973:3,Symbolica_default,cached_powers_Q,4,3,0.259,BalancedZippelSeparated
fire7_nb0_rank3176,Automatic,3,ok,263.051,35,2,1,0,0,2305843009213693967:32;2305843009213693973:3,Symbolica_default,cached_powers_Q,4,3,0.239,BalancedZippelSeparated
fire7_nb0_rank3177,Automatic,1,ok,399.542,33,2,1,0,0,2305843009213693967:30;2305843009213693973:3,Symbolica_default,cached_powers_Q,3,2,0.208,BalancedZippelSeparated
fire7_nb0_rank3177,Automatic,2,ok,225.981,33,2,1,0,0,2305843009213693967:30;2305843009213693973:3,Symbolica_default,cached_powers_Q,3,2,0.262,BalancedZippelSeparated
fire7_nb0_rank3177,Automatic,3,ok,247.151,33,2,1,0,0,2305843009213693967:30;2305843009213693973:3,Symbolica_default,cached_powers_Q,3,2,0.328,BalancedZippelSeparated
fire7_nb0_rank3178,Automatic,1,ok,240.892,33,2,1,0,0,2305843009213693967:30;2305843009213693973:3,Symbolica_default,cached_powers_Q,3,2,0.357,BalancedZippelSeparated
fire7_nb0_rank3178,Automatic,2,ok,441.792,33,2,1,0,0,2305843009213693967:30;2305843009213693973:3,Symbolica_default,cached_powers_Q,3,2,0.310,BalancedZippelSeparated
fire7_nb0_rank3178,Automatic,3,ok,465.812,33,2,1,0,0,2305843009213693967:30;2305843009213693973:3,Symbolica_default,cached_powers_Q,3,2,0.563,BalancedZippelSeparated
fire7_nb0_rank3179,Automatic,1,ok,249.901,33,2,1,0,0,2305843009213693967:30;2305843009213693973:3,Symbolica_default,cached_powers_Q,3,2,0.530,BalancedZippelSeparated
fire7_nb0_rank3179,Automatic,2,ok,216.370,33,2,1,0,0,2305843009213693967:30;2305843009213693973:3,Symbolica_default,cached_powers_Q,3,2,0.442,BalancedZippelSeparated
fire7_nb0_rank3179,Automatic,3,ok,247.242,33,2,1,0,0,2305843009213693967:30;2305843009213693973:3,Symbolica_default,cached_powers_Q,3,2,0.497,BalancedZippelSeparated
fire7_nb0_rank3180,Automatic,1,ok,210.261,32,2,1,0,0,2305843009213693967:29;2305843009213693973:3,Symbolica_default,cached_powers_Q,4,1,0.238,BalancedZippelSeparated
fire7_nb0_rank3180,Automatic,2,ok,375.961,32,2,1,0,0,2305843009213693967:29;2305843009213693973:3,Symbolica_default,cached_powers_Q,4,1,0.250,BalancedZippelSeparated
fire7_nb0_rank3180,Automatic,3,ok,166.521,32,2,1,0,0,2305843009213693967:29;2305843009213693973:3,Symbolica_default,cached_powers_Q,4,1,0.438,BalancedZippelSeparated
fire7_nb0_rank3181,Automatic,1,ok,440.662,33,2,1,0,0,2305843009213693967:30;2305843009213693973:3,Symbolica_default,cached_powers_Q,3,2,0.264,BalancedZippelSeparated
fire7_nb0_rank3181,Automatic,2,ok,245.051,33,2,1,0,0,2305843009213693967:30;2305843009213693973:3,Symbolica_default,cached_powers_Q,3,2,0.543,BalancedZippelSeparated
fire7_nb0_rank3181,Automatic,3,ok,197.581,33,2,1,0,0,2305843009213693967:30;2305843009213693973:3,Symbolica_default,cached_powers_Q,3,2,0.363,BalancedZippelSeparated
fire7_nb0_rank3182,Automatic,1,ok,313.741,33,2,1,0,0,2305843009213693967:30;2305843009213693973:3,Symbolica_default,cached_powers_Q,3,2,0.503,BalancedZippelSeparated
fire7_nb0_rank3182,Automatic,2,ok,195.651,33,2,1,0,0,2305843009213693967:30;2305843009213693973:3,Symbolica_default,cached_powers_Q,3,2,0.235,BalancedZippelSeparated
fire7_nb0_rank3182,Automatic,3,ok,209.151,33,2,1,0,0,2305843009213693967:30;2305843009213693973:3,Symbolica_default,cached_powers_Q,3,2,0.475,BalancedZippelSeparated
fire7_nb0_rank3183,Automatic,1,ok,255.881,35,2,1,0,0,2305843009213693967:32;2305843009213693973:3,Symbolica_default,cached_powers_Q,4,3,0.478,BalancedZippelSeparated
fire7_nb0_rank3183,Automatic,2,ok,233.031,35,2,1,0,0,2305843009213693967:32;2305843009213693973:3,Symbolica_default,cached_powers_Q,4,3,0.249,BalancedZippelSeparated
fire7_nb0_rank3183,Automatic,3,ok,274.491,35,2,1,0,0,2305843009213693967:32;2305843009213693973:3,Symbolica_default,cached_powers_Q,4,3,0.272,BalancedZippelSeparated
fire7_nb0_rank3184,Automatic,1,ok,270.101,35,2,1,0,0,2305843009213693967:32;2305843009213693973:3,Symbolica_default,cached_powers_Q,4,3,0.308,BalancedZippelSeparated
fire7_nb0_rank3184,Automatic,2,ok,518.283,35,2,1,0,0,2305843009213693967:32;2305843009213693973:3,Symbolica_default,cached_powers_Q,4,3,0.572,BalancedZippelSeparated
fire7_nb0_rank3184,Automatic,3,ok,274.541,35,2,1,0,0,2305843009213693967:32;2305843009213693973:3,Symbolica_default,cached_powers_Q,4,3,0.268,BalancedZippelSeparated
fire7_nb0_rank3185,Automatic,1,ok,182.421,41,2,1,0,0,2305843009213693967:38;2305843009213693973:3,Symbolica_default,cached_powers_Q,3,3,0.211,BalancedZippelSeparated
fire7_nb0_rank3185,Automatic,2,ok,237.311,41,2,1,0,0,2305843009213693967:38;2305843009213693973:3,Symbolica_default,cached_powers_Q,3,3,0.533,BalancedZippelSeparated
fire7_nb0_rank3185,Automatic,3,ok,237.371,41,2,1,0,0,2305843009213693967:38;2305843009213693973:3,Symbolica_default,cached_powers_Q,3,3,0.480,BalancedZippelSeparated
fire7_nb0_rank3186,Automatic,1,ok,206.111,33,2,1,0,0,2305843009213693967:30;2305843009213693973:3,Symbolica_default,cached_powers_Q,3,2,0.395,BalancedZippelSeparated
fire7_nb0_rank3186,Automatic,2,ok,196.521,33,2,1,0,0,2305843009213693967:30;2305843009213693973:3,Symbolica_default,cached_powers_Q,3,2,0.259,BalancedZippelSeparated
fire7_nb0_rank3186,Automatic,3,ok,224.301,33,2,1,0,0,2305843009213693967:30;2305843009213693973:3,Symbolica_default,cached_powers_Q,3,2,0.281,BalancedZippelSeparated
fire7_nb0_rank3187,Automatic,1,ok,214.181,32,2,1,0,0,2305843009213693967:29;2305843009213693973:3,Symbolica_default,cached_powers_Q,4,1,0.295,BalancedZippelSeparated
fire7_nb0_rank3187,Automatic,2,ok,181.321,32,2,1,0,0,2305843009213693967:29;2305843009213693973:3,Symbolica_default,cached_powers_Q,4,1,0.407,BalancedZippelSeparated
fire7_nb0_rank3187,Automatic,3,ok,201.831,32,2,1,0,0,2305843009213693967:29;2305843009213693973:3,Symbolica_default,cached_powers_Q,4,1,0.303,BalancedZippelSeparated
fire7_nb0_rank3188,Automatic,1,ok,406.192,31,2,1,0,0,2305843009213693967:28;2305843009213693973:3,Symbolica_default,cached_powers_Q,4,1,0.453,BalancedZippelSeparated
fire7_nb0_rank3188,Automatic,2,ok,398.782,31,2,1,0,0,2305843009213693967:28;2305843009213693973:3,Symbolica_default,cached_powers_Q,4,1,0.292,BalancedZippelSeparated
fire7_nb0_rank3188,Automatic,3,ok,186.191,31,2,1,0,0,2305843009213693967:28;2305843009213693973:3,Symbolica_default,cached_powers_Q,4,1,0.252,BalancedZippelSeparated
fire7_nb0_rank3189,Automatic,1,ok,241.151,33,2,1,0,0,2305843009213693967:30;2305843009213693973:3,Symbolica_default,cached_powers_Q,3,2,0.453,BalancedZippelSeparated
fire7_nb0_rank3189,Automatic,2,ok,205.791,33,2,1,0,0,2305843009213693967:30;2305843009213693973:3,Symbolica_default,cached_powers_Q,3,2,0.237,BalancedZippelSeparated
fire7_nb0_rank3189,Automatic,3,ok,219.881,33,2,1,0,0,2305843009213693967:30;2305843009213693973:3,Symbolica_default,cached_powers_Q,3,2,0.273,BalancedZippelSeparated
fire7_nb0_rank3190,Automatic,1,ok,485.212,34,2,1,0,0,2305843009213693967:31;2305843009213693973:3,Symbolica_default,cached_powers_Q,6,1,0.319,BalancedZippelSeparated
fire7_nb0_rank3190,Automatic,2,ok,329.662,34,2,1,0,0,2305843009213693967:31;2305843009213693973:3,Symbolica_default,cached_powers_Q,6,1,0.203,BalancedZippelSeparated
fire7_nb0_rank3190,Automatic,3,ok,414.773,34,2,1,0,0,2305843009213693967:31;2305843009213693973:3,Symbolica_default,cached_powers_Q,6,1,0.271,BalancedZippelSeparated
fire7_nb0_rank3191,Automatic,1,ok,429.482,33,2,1,0,0,2305843009213693967:30;2305843009213693973:3,Symbolica_default,cached_powers_Q,3,2,0.584,BalancedZippelSeparated
fire7_nb0_rank3191,Automatic,2,ok,251.641,33,2,1,0,0,2305843009213693967:30;2305843009213693973:3,Symbolica_default,cached_powers_Q,3,2,0.318,BalancedZippelSeparated
fire7_nb0_rank3191,Automatic,3,ok,182.930,33,2,1,0,0,2305843009213693967:30;2305843009213693973:3,Symbolica_default,cached_powers_Q,3,2,0.252,BalancedZippelSeparated
fire7_nb0_rank3192,Automatic,1,ok,176.521,32,2,1,0,0,2305843009213693967:29;2305843009213693973:3,Symbolica_default,cached_powers_Q,6,1,0.217,BalancedZippelSeparated
fire7_nb0_rank3192,Automatic,2,ok,392.452,32,2,1,0,0,2305843009213693967:29;2305843009213693973:3,Symbolica_default,cached_powers_Q,6,1,0.247,BalancedZippelSeparated
fire7_nb0_rank3192,Automatic,3,ok,198.701,32,2,1,0,0,2305843009213693967:29;2305843009213693973:3,Symbolica_default,cached_powers_Q,6,1,0.243,BalancedZippelSeparated
fire7_nb0_rank3193,Automatic,1,ok,217.931,30,2,1,0,0,2305843009213693967:27;2305843009213693973:3,Symbolica_default,cached_powers_Q,4,1,0.284,BalancedZippelSeparated
fire7_nb0_rank3193,Automatic,2,ok,182.761,30,2,1,0,0,2305843009213693967:27;2305843009213693973:3,Symbolica_default,cached_powers_Q,4,1,0.371,BalancedZippelSeparated
fire7_nb0_rank3193,Automatic,3,ok,250.321,30,2,1,0,0,2305843009213693967:27;2305843009213693973:3,Symbolica_default,cached_powers_Q,4,1,0.507,BalancedZippelSeparated
fire7_nb0_rank3194,Automatic,1,ok,235.471,33,2,1,0,0,2305843009213693967:30;2305843009213693973:3,Symbolica_default,cached_powers_Q,3,2,0.526,BalancedZippelSeparated
fire7_nb0_rank3194,Automatic,2,ok,250.681,33,2,1,0,0,2305843009213693967:30;2305843009213693973:3,Symbolica_default,cached_powers_Q,3,2,0.309,BalancedZippelSeparated
fire7_nb0_rank3194,Automatic,3,ok,210.501,33,2,1,0,0,2305843009213693967:30;2305843009213693973:3,Symbolica_default,cached_powers_Q,3,2,0.438,BalancedZippelSeparated
fire7_nb0_rank3195,Automatic,1,ok,229.181,30,2,1,0,0,2305843009213693967:27;2305843009213693973:3,Symbolica_default,cached_powers_Q,4,1,0.430,BalancedZippelSeparated
fire7_nb0_rank3195,Automatic,2,ok,180.701,30,2,1,0,0,2305843009213693967:27;2305843009213693973:3,Symbolica_default,cached_powers_Q,4,1,0.240,BalancedZippelSeparated
fire7_nb0_rank3195,Automatic,3,ok,264.671,30,2,1,0,0,2305843009213693967:27;2305843009213693973:3,Symbolica_default,cached_powers_Q,4,1,0.440,BalancedZippelSeparated
fire7_nb0_rank3196,Automatic,1,ok,215.171,33,2,1,0,0,2305843009213693967:30;2305843009213693973:3,Symbolica_default,cached_powers_Q,3,2,0.496,BalancedZippelSeparated
fire7_nb0_rank3196,Automatic,2,ok,234.311,33,2,1,0,0,2305843009213693967:30;2305843009213693973:3,Symbolica_default,cached_powers_Q,3,2,0.267,BalancedZippelSeparated
fire7_nb0_rank3196,Automatic,3,ok,205.941,33,2,1,0,0,2305843009213693967:30;2305843009213693973:3,Symbolica_default,cached_powers_Q,3,2,0.373,BalancedZippelSeparated
fire7_nb0_rank3197,Automatic,1,ok,180.461,32,2,1,0,0,2305843009213693967:29;2305843009213693973:3,Symbolica_default,cached_powers_Q,6,1,0.198,BalancedZippelSeparated
fire7_nb0_rank3197,Automatic,2,ok,358.612,32,2,1,0,0,2305843009213693967:29;2305843009213693973:3,Symbolica_default,cached_powers_Q,6,1,0.173,BalancedZippelSeparated
fire7_nb0_rank3197,Automatic,3,ok,380.052,32,2,1,0,0,2305843009213693967:29;2305843009213693973:3,Symbolica_default,cached_powers_Q,6,1,0.237,BalancedZippelSeparated
fire7_nb0_rank3198,Automatic,1,ok,251.212,30,2,1,0,0,2305843009213693967:27;2305843009213693973:3,Symbolica_default,cached_powers_Q,4,1,0.510,BalancedZippelSeparated
fire7_nb0_rank3198,Automatic,2,ok,218.601,30,2,1,0,0,2305843009213693967:27;2305843009213693973:3,Symbolica_default,cached_powers_Q,4,1,0.392,BalancedZippelSeparated
fire7_nb0_rank3198,Automatic,3,ok,408.772,30,2,1,0,0,2305843009213693967:27;2305843009213693973:3,Symbolica_default,cached_powers_Q,4,1,0.297,BalancedZippelSeparated
fire7_nb0_rank3199,Automatic,1,ok,212.541,33,2,1,0,0,2305843009213693967:30;2305843009213693973:3,Symbolica_default,cached_powers_Q,3,2,0.310,BalancedZippelSeparated
fire7_nb0_rank3199,Automatic,2,ok,222.661,33,2,1,0,0,2305843009213693967:30;2305843009213693973:3,Symbolica_default,cached_powers_Q,3,2,0.308,BalancedZippelSeparated
fire7_nb0_rank3199,Automatic,3,ok,469.962,33,2,1,0,0,2305843009213693967:30;2305843009213693973:3,Symbolica_default,cached_powers_Q,3,2,0.255,BalancedZippelSeparated
fire7_nb0_rank3200,Automatic,1,ok,209.061,30,2,1,0,0,2305843009213693967:27;2305843009213693973:3,Symbolica_default,cached_powers_Q,4,1,0.230,BalancedZippelSeparated
fire7_nb0_rank3200,Automatic,2,ok,228.691,30,2,1,0,0,2305843009213693967:27;2305843009213693973:3,Symbolica_default,cached_powers_Q,4,1,0.274,BalancedZippelSeparated
fire7_nb0_rank3200,Automatic,3,ok,379.452,30,2,1,0,0,2305843009213693967:27;2305843009213693973:3,Symbolica_default,cached_powers_Q,4,1,0.191,BalancedZippelSeparated
fire7_nb0_rank3201,Automatic,1,ok,452.543,31,2,1,0,0,2305843009213693967:28;2305843009213693973:3,Symbolica_default,cached_powers_Q,4,1,0.256,BalancedZippelSeparated
fire7_nb0_rank3201,Automatic,2,ok,218.861,31,2,1,0,0,2305843009213693967:28;2305843009213693973:3,Symbolica_default,cached_powers_Q,4,1,0.256,BalancedZippelSeparated
fire7_nb0_rank3201,Automatic,3,ok,248.591,31,2,1,0,0,2305843009213693967:28;2305843009213693973:3,Symbolica_default,cached_powers_Q,4,1,0.295,BalancedZippelSeparated
fire7_nb0_rank3202,Automatic,1,ok,193.831,29,2,1,0,0,2305843009213693967:26;2305843009213693973:3,Symbolica_default,cached_powers_Q,4,1,0.429,BalancedZippelSeparated
fire7_nb0_rank3202,Automatic,2,ok,199.771,29,2,1,0,0,2305843009213693967:26;2305843009213693973:3,Symbolica_default,cached_powers_Q,4,1,0.253,BalancedZippelSeparated
fire7_nb0_rank3202,Automatic,3,ok,181.481,29,2,1,0,0,2305843009213693967:26;2305843009213693973:3,Symbolica_default,cached_powers_Q,4,1,0.211,BalancedZippelSeparated
fire7_nb0_rank3203,Automatic,1,ok,194.661,30,2,1,0,0,2305843009213693967:27;2305843009213693973:3,Symbolica_default,cached_powers_Q,4,1,0.183,BalancedZippelSeparated
fire7_nb0_rank3203,Automatic,2,ok,264.392,30,2,1,0,0,2305843009213693967:27;2305843009213693973:3,Symbolica_default,cached_powers_Q,4,1,0.395,BalancedZippelSeparated
fire7_nb0_rank3203,Automatic,3,ok,197.771,30,2,1,0,0,2305843009213693967:27;2305843009213693973:3,Symbolica_default,cached_powers_Q,4,1,0.195,BalancedZippelSeparated
fire7_nb0_rank3204,Automatic,1,ok,244.482,33,2,1,0,0,2305843009213693967:30;2305843009213693973:3,Symbolica_default,cached_powers_Q,3,2,0.280,BalancedZippelSeparated
fire7_nb0_rank3204,Automatic,2,ok,361.251,33,2,1,0,0,2305843009213693967:30;2305843009213693973:3,Symbolica_default,cached_powers_Q,3,2,0.226,BalancedZippelSeparated
fire7_nb0_rank3204,Automatic,3,ok,248.691,33,2,1,0,0,2305843009213693967:30;2305843009213693973:3,Symbolica_default,cached_powers_Q,3,2,0.324,BalancedZippelSeparated
fire7_nb0_rank3205,Automatic,1,ok,221.232,33,2,1,0,0,2305843009213693967:30;2305843009213693973:3,Symbolica_default,cached_powers_Q,3,2,0.321,BalancedZippelSeparated
fire7_nb0_rank3205,Automatic,2,ok,450.573,33,2,1,0,0,2305843009213693967:30;2305843009213693973:3,Symbolica_default,cached_powers_Q,3,2,0.320,BalancedZippelSeparated
fire7_nb0_rank3205,Automatic,3,ok,202.381,33,2,1,0,0,2305843009213693967:30;2305843009213693973:3,Symbolica_default,cached_powers_Q,3,2,0.243,BalancedZippelSeparated
fire7_nb0_rank3206,Automatic,1,ok,195.571,33,2,1,0,0,2305843009213693967:30;2305843009213693973:3,Symbolica_default,cached_powers_Q,3,2,0.216,BalancedZippelSeparated
fire7_nb0_rank3206,Automatic,2,ok,398.172,33,2,1,0,0,2305843009213693967:30;2305843009213693973:3,Symbolica_default,cached_powers_Q,3,2,0.287,BalancedZippelSeparated
fire7_nb0_rank3206,Automatic,3,ok,192.141,33,2,1,0,0,2305843009213693967:30;2305843009213693973:3,Symbolica_default,cached_powers_Q,3,2,0.212,BalancedZippelSeparated
fire7_nb0_rank3207,Automatic,1,ok,395.062,30,2,1,0,0,2305843009213693967:27;2305843009213693973:3,Symbolica_default,cached_powers_Q,4,1,0.264,BalancedZippelSeparated
fire7_nb0_rank3207,Automatic,2,ok,187.441,30,2,1,0,0,2305843009213693967:27;2305843009213693973:3,Symbolica_default,cached_powers_Q,4,1,0.281,BalancedZippelSeparated
fire7_nb0_rank3207,Automatic,3,ok,435.272,30,2,1,0,0,2305843009213693967:27;2305843009213693973:3,Symbolica_default,cached_powers_Q,4,1,0.288,BalancedZippelSeparated
fire7_nb0_rank3208,Automatic,1,ok,248.891,31,2,1,0,0,2305843009213693967:28;2305843009213693973:3,Symbolica_default,cached_powers_Q,3,2,0.300,BalancedZippelSeparated
fire7_nb0_rank3208,Automatic,2,ok,243.162,31,2,1,0,0,2305843009213693967:28;2305843009213693973:3,Symbolica_default,cached_powers_Q,3,2,0.269,BalancedZippelSeparated
fire7_nb0_rank3208,Automatic,3,ok,225.961,31,2,1,0,0,2305843009213693967:28;2305843009213693973:3,Symbolica_default,cached_powers_Q,3,2,0.271,BalancedZippelSeparated
fire7_nb0_rank3209,Automatic,1,ok,209.901,30,2,1,0,0,2305843009213693967:27;2305843009213693973:3,Symbolica_default,cached_powers_Q,4,1,0.225,BalancedZippelSeparated
fire7_nb0_rank3209,Automatic,2,ok,205.391,30,2,1,0,0,2305843009213693967:27;2305843009213693973:3,Symbolica_default,cached_powers_Q,4,1,0.443,BalancedZippelSeparated
fire7_nb0_rank3209,Automatic,3,ok,184.600,30,2,1,0,0,2305843009213693967:27;2305843009213693973:3,Symbolica_default,cached_powers_Q,4,1,0.199,BalancedZippelSeparated
fire7_nb0_rank3210,Automatic,1,ok,227.311,33,2,1,0,0,2305843009213693967:30;2305843009213693973:3,Symbolica_default,cached_powers_Q,3,2,0.285,BalancedZippelSeparated
fire7_nb0_rank3210,Automatic,2,ok,360.662,33,2,1,0,0,2305843009213693967:30;2305843009213693973:3,Symbolica_default,cached_powers_Q,3,2,0.263,BalancedZippelSeparated
fire7_nb0_rank3210,Automatic,3,ok,452.782,33,2,1,0,0,2305843009213693967:30;2305843009213693973:3,Symbolica_default,cached_powers_Q,3,2,0.307,BalancedZippelSeparated
fire7_nb0_rank3211,Automatic,1,ok,254.411,33,2,1,0,0,2305843009213693967:30;2305843009213693973:3,Symbolica_default,cached_powers_Q,3,2,0.345,BalancedZippelSeparated
fire7_nb0_rank3211,Automatic,2,ok,242.742,33,2,1,0,0,2305843009213693967:30;2305843009213693973:3,Symbolica_default,cached_powers_Q,3,2,0.541,BalancedZippelSeparated
fire7_nb0_rank3211,Automatic,3,ok,210.961,33,2,1,0,0,2305843009213693967:30;2305843009213693973:3,Symbolica_default,cached_powers_Q,3,2,0.293,BalancedZippelSeparated
fire7_nb0_rank3212,Automatic,1,ok,191.651,30,2,1,0,0,2305843009213693967:27;2305843009213693973:3,Symbolica_default,cached_powers_Q,4,1,0.340,BalancedZippelSeparated
fire7_nb0_rank3212,Automatic,2,ok,201.911,30,2,1,0,0,2305843009213693967:27;2305843009213693973:3,Symbolica_default,cached_powers_Q,4,1,0.429,BalancedZippelSeparated
fire7_nb0_rank3212,Automatic,3,ok,390.172,30,2,1,0,0,2305843009213693967:27;2305843009213693973:3,Symbolica_default,cached_powers_Q,4,1,0.241,BalancedZippelSeparated
fire7_nb0_rank3213,Automatic,1,ok,221.741,31,2,1,0,0,2305843009213693967:28;2305843009213693973:3,Symbolica_default,cached_powers_Q,3,2,0.514,BalancedZippelSeparated
fire7_nb0_rank3213,Automatic,2,ok,363.852,31,2,1,0,0,2305843009213693967:28;2305843009213693973:3,Symbolica_default,cached_powers_Q,3,2,0.210,BalancedZippelSeparated
fire7_nb0_rank3213,Automatic,3,ok,205.381,31,2,1,0,0,2305843009213693967:28;2305843009213693973:3,Symbolica_default,cached_powers_Q,3,2,0.277,BalancedZippelSeparated
fire7_nb0_rank3214,Automatic,1,ok,449.802,31,2,1,0,0,2305843009213693967:28;2305843009213693973:3,Symbolica_default,cached_powers_Q,3,2,0.314,BalancedZippelSeparated
fire7_nb0_rank3214,Automatic,2,ok,230.722,31,2,1,0,0,2305843009213693967:28;2305843009213693973:3,Symbolica_default,cached_powers_Q,3,2,0.287,BalancedZippelSeparated
fire7_nb0_rank3214,Automatic,3,ok,209.241,31,2,1,0,0,2305843009213693967:28;2305843009213693973:3,Symbolica_default,cached_powers_Q,3,2,0.446,BalancedZippelSeparated
fire7_nb0_rank3215,Automatic,1,ok,386.012,31,2,1,0,0,2305843009213693967:28;2305843009213693973:3,Symbolica_default,cached_powers_Q,3,2,0.265,BalancedZippelSeparated
fire7_nb0_rank3215,Automatic,2,ok,433.212,31,2,1,0,0,2305843009213693967:28;2305843009213693973:3,Symbolica_default,cached_powers_Q,3,2,0.309,BalancedZippelSeparated
fire7_nb0_rank3215,Automatic,3,ok,214.991,31,2,1,0,0,2305843009213693967:28;2305843009213693973:3,Symbolica_default,cached_powers_Q,3,2,0.398,BalancedZippelSeparated
fire7_nb0_rank3216,Automatic,1,ok,241.861,31,2,1,0,0,2305843009213693967:28;2305843009213693973:3,Symbolica_default,cached_powers_Q,3,2,0.500,BalancedZippelSeparated
fire7_nb0_rank3216,Automatic,2,ok,348.012,31,2,1,0,0,2305843009213693967:28;2305843009213693973:3,Symbolica_default,cached_powers_Q,3,2,0.215,BalancedZippelSeparated
fire7_nb0_rank3216,Automatic,3,ok,218.172,31,2,1,0,0,2305843009213693967:28;2305843009213693973:3,Symbolica_default,cached_powers_Q,3,2,0.254,BalancedZippelSeparated
fire7_nb0_rank3217,Automatic,1,ok,211.231,31,2,1,0,0,2305843009213693967:28;2305843009213693973:3,Symbolica_default,cached_powers_Q,3,2,0.326,BalancedZippelSeparated
fire7_nb0_rank3217,Automatic,2,ok,203.841,31,2,1,0,0,2305843009213693967:28;2305843009213693973:3,Symbolica_default,cached_powers_Q,3,2,0.267,BalancedZippelSeparated
fire7_nb0_rank3217,Automatic,3,ok,453.763,31,2,1,0,0,2305843009213693967:28;2305843009213693973:3,Symbolica_default,cached_powers_Q,3,2,0.316,BalancedZippelSeparated
fire7_nb0_rank3218,Automatic,1,ok,261.072,36,2,1,0,0,2305843009213693967:33;2305843009213693973:3,Symbolica_default,cached_powers_Q,2,3,0.243,BalancedZippelSeparated
fire7_nb0_rank3218,Automatic,2,ok,575.843,36,2,1,0,0,2305843009213693967:33;2305843009213693973:3,Symbolica_default,cached_powers_Q,2,3,0.290,BalancedZippelSeparated
fire7_nb0_rank3218,Automatic,3,ok,250.631,36,2,1,0,0,2305843009213693967:33;2305843009213693973:3,Symbolica_default,cached_powers_Q,2,3,0.218,BalancedZippelSeparated
fire7_nb0_rank3219,Automatic,1,ok,196.011,31,2,1,0,0,2305843009213693967:28;2305843009213693973:3,Symbolica_default,cached_powers_Q,3,2,0.257,BalancedZippelSeparated
fire7_nb0_rank3219,Automatic,2,ok,217.492,31,2,1,0,0,2305843009213693967:28;2305843009213693973:3,Symbolica_default,cached_powers_Q,3,2,0.279,BalancedZippelSeparated
fire7_nb0_rank3219,Automatic,3,ok,420.972,31,2,1,0,0,2305843009213693967:28;2305843009213693973:3,Symbolica_default,cached_powers_Q,3,2,0.180,BalancedZippelSeparated
fire7_nb0_rank3220,Automatic,1,ok,201.611,32,2,1,0,0,2305843009213693967:29;2305843009213693973:3,Symbolica_default,cached_powers_Q,3,2,0.246,BalancedZippelSeparated
fire7_nb0_rank3220,Automatic,2,ok,205.830,32,2,1,0,0,2305843009213693967:29;2305843009213693973:3,Symbolica_default,cached_powers_Q,3,2,0.246,BalancedZippelSeparated
fire7_nb0_rank3220,Automatic,3,ok,275.461,32,2,1,0,0,2305843009213693967:29;2305843009213693973:3,Symbolica_default,cached_powers_Q,3,2,0.462,BalancedZippelSeparated
fire7_nb0_rank3221,Automatic,1,ok,503.272,32,2,1,0,0,2305843009213693967:29;2305843009213693973:3,Symbolica_default,cached_powers_Q,3,2,0.424,BalancedZippelSeparated
fire7_nb0_rank3221,Automatic,2,ok,220.801,32,2,1,0,0,2305843009213693967:29;2305843009213693973:3,Symbolica_default,cached_powers_Q,3,2,0.266,BalancedZippelSeparated
fire7_nb0_rank3221,Automatic,3,ok,451.672,32,2,1,0,0,2305843009213693967:29;2305843009213693973:3,Symbolica_default,cached_powers_Q,3,2,0.310,BalancedZippelSeparated
fire7_nb0_rank3222,Automatic,1,ok,446.352,32,2,1,0,0,2305843009213693967:29;2305843009213693973:3,Symbolica_default,cached_powers_Q,3,2,0.272,BalancedZippelSeparated
fire7_nb0_rank3222,Automatic,2,ok,461.382,32,2,1,0,0,2305843009213693967:29;2305843009213693973:3,Symbolica_default,cached_powers_Q,3,2,0.274,BalancedZippelSeparated
fire7_nb0_rank3222,Automatic,3,ok,211.881,32,2,1,0,0,2305843009213693967:29;2305843009213693973:3,Symbolica_default,cached_powers_Q,3,2,0.240,BalancedZippelSeparated
fire7_nb0_rank3223,Automatic,1,ok,196.781,31,2,1,0,0,2305843009213693967:28;2305843009213693973:3,Symbolica_default,cached_powers_Q,3,2,0.253,BalancedZippelSeparated
fire7_nb0_rank3223,Automatic,2,ok,205.061,31,2,1,0,0,2305843009213693967:28;2305843009213693973:3,Symbolica_default,cached_powers_Q,3,2,0.413,BalancedZippelSeparated
fire7_nb0_rank3223,Automatic,3,ok,218.422,31,2,1,0,0,2305843009213693967:28;2305843009213693973:3,Symbolica_default,cached_powers_Q,3,2,0.235,BalancedZippelSeparated
fire7_nb0_rank3224,Automatic,1,ok,254.411,34,2,1,0,0,2305843009213693967:31;2305843009213693973:3,Symbolica_default,cached_powers_Q,5,1,0.297,BalancedZippelSeparated
fire7_nb0_rank3224,Automatic,2,ok,231.371,34,2,1,0,0,2305843009213693967:31;2305843009213693973:3,Symbolica_default,cached_powers_Q,5,1,0.301,BalancedZippelSeparated
fire7_nb0_rank3224,Automatic,3,ok,272.032,34,2,1,0,0,2305843009213693967:31;2305843009213693973:3,Symbolica_default,cached_powers_Q,5,1,0.299,BalancedZippelSeparated
fire7_nb0_rank3225,Automatic,1,ok,558.263,39,2,1,0,0,2305843009213693967:36;2305843009213693973:3,Symbolica_default,cached_powers_Q,5,3,0.286,BalancedZippelSeparated
fire7_nb0_rank3225,Automatic,2,ok,538.183,39,2,1,0,0,2305843009213693967:36;2305843009213693973:3,Symbolica_default,cached_powers_Q,5,3,0.257,BalancedZippelSeparated
fire7_nb0_rank3225,Automatic,3,ok,481.503,39,2,1,0,0,2305843009213693967:36;2305843009213693973:3,Symbolica_default,cached_powers_Q,5,3,0.245,BalancedZippelSeparated
fire7_nb0_rank3226,Automatic,1,ok,171.571,29,2,1,0,0,2305843009213693967:26;2305843009213693973:3,Symbolica_default,cached_powers_Q,4,1,0.380,BalancedZippelSeparated
fire7_nb0_rank3226,Automatic,2,ok,181.821,29,2,1,0,0,2305843009213693967:26;2305843009213693973:3,Symbolica_default,cached_powers_Q,4,1,0.415,BalancedZippelSeparated
fire7_nb0_rank3226,Automatic,3,ok,167.201,29,2,1,0,0,2305843009213693967:26;2305843009213693973:3,Symbolica_default,cached_powers_Q,4,1,0.204,BalancedZippelSeparated
fire7_nb0_rank3227,Automatic,1,ok,217.151,31,2,1,0,0,2305843009213693967:28;2305843009213693973:3,Symbolica_default,cached_powers_Q,3,2,0.485,BalancedZippelSeparated
fire7_nb0_rank3227,Automatic,2,ok,220.441,31,2,1,0,0,2305843009213693967:28;2305843009213693973:3,Symbolica_default,cached_powers_Q,3,2,0.238,BalancedZippelSeparated
fire7_nb0_rank3227,Automatic,3,ok,249.381,31,2,1,0,0,2305843009213693967:28;2305843009213693973:3,Symbolica_default,cached_powers_Q,3,2,0.286,BalancedZippelSeparated
fire7_nb0_rank3228,Automatic,1,ok,233.681,31,2,1,0,0,2305843009213693967:28;2305843009213693973:3,Symbolica_default,cached_powers_Q,3,2,0.292,BalancedZippelSeparated
fire7_nb0_rank3228,Automatic,2,ok,218.611,31,2,1,0,0,2305843009213693967:28;2305843009213693973:3,Symbolica_default,cached_powers_Q,3,2,0.419,BalancedZippelSeparated
fire7_nb0_rank3228,Automatic,3,ok,190.531,31,2,1,0,0,2305843009213693967:28;2305843009213693973:3,Symbolica_default,cached_powers_Q,3,2,0.499,BalancedZippelSeparated
fire7_nb0_rank3229,Automatic,1,ok,242.391,31,2,1,0,0,2305843009213693967:28;2305843009213693973:3,Symbolica_default,cached_powers_Q,3,2,0.258,BalancedZippelSeparated
fire7_nb0_rank3229,Automatic,2,ok,423.113,31,2,1,0,0,2305843009213693967:28;2305843009213693973:3,Symbolica_default,cached_powers_Q,3,2,0.244,BalancedZippelSeparated
fire7_nb0_rank3229,Automatic,3,ok,456.823,31,2,1,0,0,2305843009213693967:28;2305843009213693973:3,Symbolica_default,cached_powers_Q,3,2,0.279,BalancedZippelSeparated
fire7_nb0_rank3230,Automatic,1,ok,393.062,31,2,1,0,0,2305843009213693967:28;2305843009213693973:3,Symbolica_default,cached_powers_Q,3,2,0.463,BalancedZippelSeparated
fire7_nb0_rank3230,Automatic,2,ok,189.151,31,2,1,0,0,2305843009213693967:28;2305843009213693973:3,Symbolica_default,cached_powers_Q,3,2,0.195,BalancedZippelSeparated
fire7_nb0_rank3230,Automatic,3,ok,250.722,31,2,1,0,0,2305843009213693967:28;2305843009213693973:3,Symbolica_default,cached_powers_Q,3,2,0.301,BalancedZippelSeparated
fire7_nb0_rank3231,Automatic,1,ok,406.412,31,2,1,0,0,2305843009213693967:28;2305843009213693973:3,Symbolica_default,cached_powers_Q,3,2,0.262,BalancedZippelSeparated
fire7_nb0_rank3231,Automatic,2,ok,196.731,31,2,1,0,0,2305843009213693967:28;2305843009213693973:3,Symbolica_default,cached_powers_Q,3,2,0.223,BalancedZippelSeparated
fire7_nb0_rank3231,Automatic,3,ok,440.302,31,2,1,0,0,2305843009213693967:28;2305843009213693973:3,Symbolica_default,cached_powers_Q,3,2,0.249,BalancedZippelSeparated
fire7_nb0_rank3232,Automatic,1,ok,386.812,40,2,1,0,0,2305843009213693967:37;2305843009213693973:3,Symbolica_default,cached_powers_Q,3,3,0.177,BalancedZippelSeparated
fire7_nb0_rank3232,Automatic,2,ok,216.121,40,2,1,0,0,2305843009213693967:37;2305843009213693973:3,Symbolica_default,cached_powers_Q,3,3,0.271,BalancedZippelSeparated
fire7_nb0_rank3232,Automatic,3,ok,400.142,40,2,1,0,0,2305843009213693967:37;2305843009213693973:3,Symbolica_default,cached_powers_Q,3,3,0.245,BalancedZippelSeparated
fire7_nb0_rank3233,Automatic,1,ok,232.051,31,2,1,0,0,2305843009213693967:28;2305843009213693973:3,Symbolica_default,cached_powers_Q,3,2,0.292,BalancedZippelSeparated
fire7_nb0_rank3233,Automatic,2,ok,190.332,31,2,1,0,0,2305843009213693967:28;2305843009213693973:3,Symbolica_default,cached_powers_Q,3,2,0.215,BalancedZippelSeparated
fire7_nb0_rank3233,Automatic,3,ok,459.852,31,2,1,0,0,2305843009213693967:28;2305843009213693973:3,Symbolica_default,cached_powers_Q,3,2,0.255,BalancedZippelSeparated
fire7_nb0_rank3234,Automatic,1,ok,248.981,31,2,1,0,0,2305843009213693967:28;2305843009213693973:3,Symbolica_default,cached_powers_Q,3,2,0.279,BalancedZippelSeparated
fire7_nb0_rank3234,Automatic,2,ok,247.781,31,2,1,0,0,2305843009213693967:28;2305843009213693973:3,Symbolica_default,cached_powers_Q,3,2,0.259,BalancedZippelSeparated
fire7_nb0_rank3234,Automatic,3,ok,195.641,31,2,1,0,0,2305843009213693967:28;2305843009213693973:3,Symbolica_default,cached_powers_Q,3,2,0.246,BalancedZippelSeparated
fire7_nb0_rank3235,Automatic,1,ok,200.781,31,2,1,0,0,2305843009213693967:28;2305843009213693973:3,Symbolica_default,cached_powers_Q,3,2,0.251,BalancedZippelSeparated
fire7_nb0_rank3235,Automatic,2,ok,406.953,31,2,1,0,0,2305843009213693967:28;2305843009213693973:3,Symbolica_default,cached_powers_Q,3,2,0.461,BalancedZippelSeparated
fire7_nb0_rank3235,Automatic,3,ok,235.651,31,2,1,0,0,2305843009213693967:28;2305843009213693973:3,Symbolica_default,cached_powers_Q,3,2,0.233,BalancedZippelSeparated
fire7_nb0_rank3236,Automatic,1,ok,454.962,31,2,1,0,0,2305843009213693967:28;2305843009213693973:3,Symbolica_default,cached_powers_Q,3,2,0.288,BalancedZippelSeparated
fire7_nb0_rank3236,Automatic,2,ok,198.990,31,2,1,0,0,2305843009213693967:28;2305843009213693973:3,Symbolica_default,cached_powers_Q,3,2,0.399,BalancedZippelSeparated
fire7_nb0_rank3236,Automatic,3,ok,219.732,31,2,1,0,0,2305843009213693967:28;2305843009213693973:3,Symbolica_default,cached_powers_Q,3,2,0.274,BalancedZippelSeparated
fire7_nb0_rank3237,Automatic,1,ok,427.283,31,2,1,0,0,2305843009213693967:28;2305843009213693973:3,Symbolica_default,cached_powers_Q,3,2,0.531,BalancedZippelSeparated
fire7_nb0_rank3237,Automatic,2,ok,486.912,31,2,1,0,0,2305843009213693967:28;2305843009213693973:3,Symbolica_default,cached_powers_Q,3,2,0.279,BalancedZippelSeparated
fire7_nb0_rank3237,Automatic,3,ok,205.282,31,2,1,0,0,2305843009213693967:28;2305843009213693973:3,Symbolica_default,cached_powers_Q,3,2,0.248,BalancedZippelSeparated
fire7_nb0_rank3238,Automatic,1,ok,180.211,35,2,1,0,0,2305843009213693967:32;2305843009213693973:3,Symbolica_default,cached_powers_Q,3,1,0.252,BalancedZippelSeparated
fire7_nb0_rank3238,Automatic,2,ok,204.041,35,2,1,0,0,2305843009213693967:32;2305843009213693973:3,Symbolica_default,cached_powers_Q,3,1,0.276,BalancedZippelSeparated
fire7_nb0_rank3238,Automatic,3,ok,201.461,35,2,1,0,0,2305843009213693967:32;2305843009213693973:3,Symbolica_default,cached_powers_Q,3,1,0.226,BalancedZippelSeparated
fire7_nb0_rank3239,Automatic,1,ok,508.753,36,2,1,0,0,2305843009213693967:33;2305843009213693973:3,Symbolica_default,cached_powers_Q,5,2,0.496,BalancedZippelSeparated
fire7_nb0_rank3239,Automatic,2,ok,256.481,36,2,1,0,0,2305843009213693967:33;2305843009213693973:3,Symbolica_default,cached_powers_Q,5,2,0.221,BalancedZippelSeparated
fire7_nb0_rank3239,Automatic,3,ok,276.321,36,2,1,0,0,2305843009213693967:33;2305843009213693973:3,Symbolica_default,cached_powers_Q,5,2,0.283,BalancedZippelSeparated
fire7_nb0_rank3240,Automatic,1,ok,230.521,37,2,1,0,0,2305843009213693967:34;2305843009213693973:3,Symbolica_default,cached_powers_Q,3,3,0.250,BalancedZippelSeparated
fire7_nb0_rank3240,Automatic,2,ok,241.221,37,2,1,0,0,2305843009213693967:34;2305843009213693973:3,Symbolica_default,cached_powers_Q,3,3,0.254,BalancedZippelSeparated
fire7_nb0_rank3240,Automatic,3,ok,392.652,37,2,1,0,0,2305843009213693967:34;2305843009213693973:3,Symbolica_default,cached_powers_Q,3,3,0.250,BalancedZippelSeparated
fire7_nb0_rank3241,Automatic,1,ok,202.961,31,2,1,0,0,2305843009213693967:28;2305843009213693973:3,Symbolica_default,cached_powers_Q,3,2,0.266,BalancedZippelSeparated
fire7_nb0_rank3241,Automatic,2,ok,491.382,31,2,1,0,0,2305843009213693967:28;2305843009213693973:3,Symbolica_default,cached_powers_Q,3,2,0.320,BalancedZippelSeparated
fire7_nb0_rank3241,Automatic,3,ok,220.902,31,2,1,0,0,2305843009213693967:28;2305843009213693973:3,Symbolica_default,cached_powers_Q,3,2,0.370,BalancedZippelSeparated
fire7_nb0_rank3242,Automatic,1,ok,235.992,31,2,1,0,0,2305843009213693967:28;2305843009213693973:3,Symbolica_default,cached_powers_Q,3,2,0.253,BalancedZippelSeparated
fire7_nb0_rank3242,Automatic,2,ok,188.440,31,2,1,0,0,2305843009213693967:28;2305843009213693973:3,Symbolica_default,cached_powers_Q,3,2,0.227,BalancedZippelSeparated
fire7_nb0_rank3242,Automatic,3,ok,427.951,31,2,1,0,0,2305843009213693967:28;2305843009213693973:3,Symbolica_default,cached_powers_Q,3,2,0.254,BalancedZippelSeparated
fire7_nb0_rank3243,Automatic,1,ok,229.261,31,2,1,0,0,2305843009213693967:28;2305843009213693973:3,Symbolica_default,cached_powers_Q,3,2,0.270,BalancedZippelSeparated
fire7_nb0_rank3243,Automatic,2,ok,188.671,31,2,1,0,0,2305843009213693967:28;2305843009213693973:3,Symbolica_default,cached_powers_Q,3,2,0.395,BalancedZippelSeparated
fire7_nb0_rank3243,Automatic,3,ok,248.032,31,2,1,0,0,2305843009213693967:28;2305843009213693973:3,Symbolica_default,cached_powers_Q,3,2,0.244,BalancedZippelSeparated
fire7_nb0_rank3244,Automatic,1,ok,514.773,37,2,1,0,0,2305843009213693967:34;2305843009213693973:3,Symbolica_default,cached_powers_Q,2,3,0.494,BalancedZippelSeparated
fire7_nb0_rank3244,Automatic,2,ok,269.011,37,2,1,0,0,2305843009213693967:34;2305843009213693973:3,Symbolica_default,cached_powers_Q,2,3,0.278,BalancedZippelSeparated
fire7_nb0_rank3244,Automatic,3,ok,273.681,37,2,1,0,0,2305843009213693967:34;2305843009213693973:3,Symbolica_default,cached_powers_Q,2,3,0.299,BalancedZippelSeparated
fire7_nb0_rank3245,Automatic,1,ok,191.971,33,2,1,0,0,2305843009213693967:30;2305843009213693973:3,Symbolica_default,cached_powers_Q,3,1,0.265,BalancedZippelSeparated
fire7_nb0_rank3245,Automatic,2,ok,159.391,33,2,1,0,0,2305843009213693967:30;2305843009213693973:3,Symbolica_default,cached_powers_Q,3,1,0.166,BalancedZippelSeparated
fire7_nb0_rank3245,Automatic,3,ok,151.221,33,2,1,0,0,2305843009213693967:30;2305843009213693973:3,Symbolica_default,cached_powers_Q,3,1,0.194,BalancedZippelSeparated
fire7_nb0_rank3246,Automatic,1,ok,233.972,34,2,1,0,0,2305843009213693967:31;2305843009213693973:3,Symbolica_default,cached_powers_Q,5,1,0.363,BalancedZippelSeparated
fire7_nb0_rank3246,Automatic,2,ok,231.421,34,2,1,0,0,2305843009213693967:31;2305843009213693973:3,Symbolica_default,cached_powers_Q,5,1,0.197,BalancedZippelSeparated
fire7_nb0_rank3246,Automatic,3,ok,214.611,34,2,1,0,0,2305843009213693967:31;2305843009213693973:3,Symbolica_default,cached_powers_Q,5,1,0.375,BalancedZippelSeparated
fire7_nb0_rank3247,Automatic,1,ok,278.092,34,2,1,0,0,2305843009213693967:31;2305843009213693973:3,Symbolica_default,cached_powers_Q,5,1,0.477,BalancedZippelSeparated
fire7_nb0_rank3247,Automatic,2,ok,219.272,34,2,1,0,0,2305843009213693967:31;2305843009213693973:3,Symbolica_default,cached_powers_Q,5,1,0.223,BalancedZippelSeparated
fire7_nb0_rank3247,Automatic,3,ok,480.652,34,2,1,0,0,2305843009213693967:31;2305843009213693973:3,Symbolica_default,cached_powers_Q,5,1,0.238,BalancedZippelSeparated
fire7_nb0_rank3248,Automatic,1,ok,217.461,31,2,1,0,0,2305843009213693967:28;2305843009213693973:3,Symbolica_default,cached_powers_Q,4,1,0.235,BalancedZippelSeparated
fire7_nb0_rank3248,Automatic,2,ok,234.982,31,2,1,0,0,2305843009213693967:28;2305843009213693973:3,Symbolica_default,cached_powers_Q,4,1,0.492,BalancedZippelSeparated
fire7_nb0_rank3248,Automatic,3,ok,196.231,31,2,1,0,0,2305843009213693967:28;2305843009213693973:3,Symbolica_default,cached_powers_Q,4,1,0.241,BalancedZippelSeparated
fire7_nb0_rank3249,Automatic,1,ok,177.081,33,2,1,0,0,2305843009213693967:30;2305843009213693973:3,Symbolica_default,cached_powers_Q,3,1,0.224,BalancedZippelSeparated
fire7_nb0_rank3249,Automatic,2,ok,175.501,33,2,1,0,0,2305843009213693967:30;2305843009213693973:3,Symbolica_default,cached_powers_Q,3,1,0.220,BalancedZippelSeparated
fire7_nb0_rank3249,Automatic,3,ok,166.090,33,2,1,0,0,2305843009213693967:30;2305843009213693973:3,Symbolica_default,cached_powers_Q,3,1,0.454,BalancedZippelSeparated
fire7_nb0_rank3250,Automatic,1,ok,228.871,34,2,1,0,0,2305843009213693967:31;2305843009213693973:3,Symbolica_default,cached_powers_Q,2,3,0.518,BalancedZippelSeparated
fire7_nb0_rank3250,Automatic,2,ok,219.521,34,2,1,0,0,2305843009213693967:31;2305843009213693973:3,Symbolica_default,cached_powers_Q,2,3,0.244,BalancedZippelSeparated
fire7_nb0_rank3250,Automatic,3,ok,216.191,34,2,1,0,0,2305843009213693967:31;2305843009213693973:3,Symbolica_default,cached_powers_Q,2,3,0.456,BalancedZippelSeparated
fire7_nb0_rank3251,Automatic,1,ok,193.951,20,2,1,0,0,2305843009213693967:17;2305843009213693973:3,Symbolica_default,cached_powers_Q,3,2,0.272,BalancedZippelSeparated
fire7_nb0_rank3251,Automatic,2,ok,206.601,20,2,1,0,0,2305843009213693967:17;2305843009213693973:3,Symbolica_default,cached_powers_Q,3,2,0.296,BalancedZippelSeparated
fire7_nb0_rank3251,Automatic,3,ok,369.871,20,2,1,0,0,2305843009213693967:17;2305843009213693973:3,Symbolica_default,cached_powers_Q,3,2,0.259,BalancedZippelSeparated
fire7_nb0_rank3252,Automatic,1,ok,205.451,32,2,1,0,0,2305843009213693967:29;2305843009213693973:3,Symbolica_default,cached_powers_Q,4,2,0.251,BalancedZippelSeparated
fire7_nb0_rank3252,Automatic,2,ok,466.833,32,2,1,0,0,2305843009213693967:29;2305843009213693973:3,Symbolica_default,cached_powers_Q,4,2,0.280,BalancedZippelSeparated
fire7_nb0_rank3252,Automatic,3,ok,389.252,32,2,1,0,0,2305843009213693967:29;2305843009213693973:3,Symbolica_default,cached_powers_Q,4,2,0.265,BalancedZippelSeparated
fire7_nb0_rank3253,Automatic,1,ok,405.372,34,2,1,0,0,2305843009213693967:31;2305843009213693973:3,Symbolica_default,cached_powers_Q,2,3,0.482,BalancedZippelSeparated
fire7_nb0_rank3253,Automatic,2,ok,190.931,34,2,1,0,0,2305843009213693967:31;2305843009213693973:3,Symbolica_default,cached_powers_Q,2,3,0.236,BalancedZippelSeparated
fire7_nb0_rank3253,Automatic,3,ok,205.361,34,2,1,0,0,2305843009213693967:31;2305843009213693973:3,Symbolica_default,cached_powers_Q,2,3,0.250,BalancedZippelSeparated
fire7_nb0_rank3254,Automatic,1,ok,199.201,29,2,1,0,0,2305843009213693967:26;2305843009213693973:3,Symbolica_default,cached_powers_Q,4,1,0.419,BalancedZippelSeparated
fire7_nb0_rank3254,Automatic,2,ok,455.452,29,2,1,0,0,2305843009213693967:26;2305843009213693973:3,Symbolica_default,cached_powers_Q,4,1,0.273,BalancedZippelSeparated
fire7_nb0_rank3254,Automatic,3,ok,180.441,29,2,1,0,0,2305843009213693967:26;2305843009213693973:3,Symbolica_default,cached_powers_Q,4,1,0.203,BalancedZippelSeparated
fire7_nb0_rank3255,Automatic,1,ok,450.053,34,2,1,0,0,2305843009213693967:31;2305843009213693973:3,Symbolica_default,cached_powers_Q,2,3,0.472,BalancedZippelSeparated
fire7_nb0_rank3255,Automatic,2,ok,259.971,34,2,1,0,0,2305843009213693967:31;2305843009213693973:3,Symbolica_default,cached_powers_Q,2,3,0.362,BalancedZippelSeparated
fire7_nb0_rank3255,Automatic,3,ok,223.650,34,2,1,0,0,2305843009213693967:31;2305843009213693973:3,Symbolica_default,cached_powers_Q,2,3,0.261,BalancedZippelSeparated
fire7_nb0_rank3256,Automatic,1,ok,441.022,34,2,1,0,0,2305843009213693967:31;2305843009213693973:3,Symbolica_default,cached_powers_Q,2,3,0.242,BalancedZippelSeparated
fire7_nb0_rank3256,Automatic,2,ok,204.001,34,2,1,0,0,2305843009213693967:31;2305843009213693973:3,Symbolica_default,cached_powers_Q,2,3,0.200,BalancedZippelSeparated
fire7_nb0_rank3256,Automatic,3,ok,195.241,34,2,1,0,0,2305843009213693967:31;2305843009213693973:3,Symbolica_default,cached_powers_Q,2,3,0.418,BalancedZippelSeparated
fire7_nb0_rank3257,Automatic,1,ok,256.771,34,2,1,0,0,2305843009213693967:31;2305843009213693973:3,Symbolica_default,cached_powers_Q,5,1,0.198,BalancedZippelSeparated
fire7_nb0_rank3257,Automatic,2,ok,262.921,34,2,1,0,0,2305843009213693967:31;2305843009213693973:3,Symbolica_default,cached_powers_Q,5,1,0.272,BalancedZippelSeparated
fire7_nb0_rank3257,Automatic,3,ok,273.902,34,2,1,0,0,2305843009213693967:31;2305843009213693973:3,Symbolica_default,cached_powers_Q,5,1,0.457,BalancedZippelSeparated
fire7_nb0_rank3258,Automatic,1,ok,470.552,30,2,1,0,0,2305843009213693967:27;2305843009213693973:3,Symbolica_default,cached_powers_Q,2,2,0.294,BalancedZippelSeparated
fire7_nb0_rank3258,Automatic,2,ok,246.001,30,2,1,0,0,2305843009213693967:27;2305843009213693973:3,Symbolica_default,cached_powers_Q,2,2,0.281,BalancedZippelSeparated
fire7_nb0_rank3258,Automatic,3,ok,214.271,30,2,1,0,0,2305843009213693967:27;2305843009213693973:3,Symbolica_default,cached_powers_Q,2,2,0.259,BalancedZippelSeparated
fire7_nb0_rank3259,Automatic,1,ok,218.461,35,2,1,0,0,2305843009213693967:32;2305843009213693973:3,Symbolica_default,cached_powers_Q,1,3,0.404,BalancedZippelSeparated
fire7_nb0_rank3259,Automatic,2,ok,194.741,35,2,1,0,0,2305843009213693967:32;2305843009213693973:3,Symbolica_default,cached_powers_Q,1,3,0.246,BalancedZippelSeparated
fire7_nb0_rank3259,Automatic,3,ok,220.061,35,2,1,0,0,2305843009213693967:32;2305843009213693973:3,Symbolica_default,cached_powers_Q,1,3,0.267,BalancedZippelSeparated
fire7_nb0_rank3260,Automatic,1,ok,193.041,33,2,1,0,0,2305843009213693967:30;2305843009213693973:3,Symbolica_default,cached_powers_Q,3,1,0.262,BalancedZippelSeparated
fire7_nb0_rank3260,Automatic,2,ok,166.680,33,2,1,0,0,2305843009213693967:30;2305843009213693973:3,Symbolica_default,cached_powers_Q,3,1,0.383,BalancedZippelSeparated
fire7_nb0_rank3260,Automatic,3,ok,410.272,33,2,1,0,0,2305843009213693967:30;2305843009213693973:3,Symbolica_default,cached_powers_Q,3,1,0.247,BalancedZippelSeparated
fire7_nb0_rank3261,Automatic,1,ok,193.101,20,2,1,0,0,2305843009213693967:17;2305843009213693973:3,Symbolica_default,cached_powers_Q,3,2,0.533,BalancedZippelSeparated
fire7_nb0_rank3261,Automatic,2,ok,420.732,20,2,1,0,0,2305843009213693967:17;2305843009213693973:3,Symbolica_default,cached_powers_Q,3,2,0.281,BalancedZippelSeparated
fire7_nb0_rank3261,Automatic,3,ok,191.181,20,2,1,0,0,2305843009213693967:17;2305843009213693973:3,Symbolica_default,cached_powers_Q,3,2,0.265,BalancedZippelSeparated
fire7_nb0_rank3262,Automatic,1,ok,345.401,33,2,1,0,0,2305843009213693967:30;2305843009213693973:3,Symbolica_default,cached_powers_Q,3,1,0.189,BalancedZippelSeparated
fire7_nb0_rank3262,Automatic,2,ok,186.021,33,2,1,0,0,2305843009213693967:30;2305843009213693973:3,Symbolica_default,cached_powers_Q,3,1,0.275,BalancedZippelSeparated
fire7_nb0_rank3262,Automatic,3,ok,208.021,33,2,1,0,0,2305843009213693967:30;2305843009213693973:3,Symbolica_default,cached_powers_Q,3,1,0.220,BalancedZippelSeparated
fire7_nb0_rank3263,Automatic,1,ok,207.471,34,2,1,0,0,2305843009213693967:31;2305843009213693973:3,Symbolica_default,cached_powers_Q,2,3,0.173,BalancedZippelSeparated
fire7_nb0_rank3263,Automatic,2,ok,194.281,34,2,1,0,0,2305843009213693967:31;2305843009213693973:3,Symbolica_default,cached_powers_Q,2,3,0.268,BalancedZippelSeparated
fire7_nb0_rank3263,Automatic,3,ok,232.352,34,2,1,0,0,2305843009213693967:31;2305843009213693973:3,Symbolica_default,cached_powers_Q,2,3,0.251,BalancedZippelSeparated
fire7_nb0_rank3264,Automatic,1,ok,226.981,34,2,1,0,0,2305843009213693967:31;2305843009213693973:3,Symbolica_default,cached_powers_Q,3,2,0.253,BalancedZippelSeparated
fire7_nb0_rank3264,Automatic,2,ok,197.741,34,2,1,0,0,2305843009213693967:31;2305843009213693973:3,Symbolica_default,cached_powers_Q,3,2,0.248,BalancedZippelSeparated
fire7_nb0_rank3264,Automatic,3,ok,248.701,34,2,1,0,0,2305843009213693967:31;2305843009213693973:3,Symbolica_default,cached_powers_Q,3,2,0.282,BalancedZippelSeparated
fire7_nb0_rank3265,Automatic,1,ok,198.261,34,2,1,0,0,2305843009213693967:31;2305843009213693973:3,Symbolica_default,cached_powers_Q,2,3,0.261,BalancedZippelSeparated
fire7_nb0_rank3265,Automatic,2,ok,222.071,34,2,1,0,0,2305843009213693967:31;2305843009213693973:3,Symbolica_default,cached_powers_Q,2,3,0.251,BalancedZippelSeparated
fire7_nb0_rank3265,Automatic,3,ok,411.232,34,2,1,0,0,2305843009213693967:31;2305843009213693973:3,Symbolica_default,cached_powers_Q,2,3,0.200,BalancedZippelSeparated
fire7_nb0_rank3266,Automatic,1,ok,196.921,28,2,1,0,0,2305843009213693967:25;2305843009213693973:3,Symbolica_default,cached_powers_Q,2,2,0.358,BalancedZippelSeparated
fire7_nb0_rank3266,Automatic,2,ok,214.611,28,2,1,0,0,2305843009213693967:25;2305843009213693973:3,Symbolica_default,cached_powers_Q,2,2,0.419,BalancedZippelSeparated
fire7_nb0_rank3266,Automatic,3,ok,354.581,28,2,1,0,0,2305843009213693967:25;2305843009213693973:3,Symbolica_default,cached_powers_Q,2,2,0.262,BalancedZippelSeparated
fire7_nb0_rank3267,Automatic,1,ok,223.772,34,2,1,0,0,2305843009213693967:31;2305843009213693973:3,Symbolica_default,cached_powers_Q,1,3,0.270,BalancedZippelSeparated
fire7_nb0_rank3267,Automatic,2,ok,422.582,34,2,1,0,0,2305843009213693967:31;2305843009213693973:3,Symbolica_default,cached_powers_Q,1,3,0.222,BalancedZippelSeparated
fire7_nb0_rank3267,Automatic,3,ok,236.022,34,2,1,0,0,2305843009213693967:31;2305843009213693973:3,Symbolica_default,cached_powers_Q,1,3,0.250,BalancedZippelSeparated
fire7_nb0_rank3268,Automatic,1,ok,225.931,29,2,1,0,0,2305843009213693967:26;2305843009213693973:3,Symbolica_default,cached_powers_Q,2,2,0.218,BalancedZippelSeparated
fire7_nb0_rank3268,Automatic,2,ok,433.683,29,2,1,0,0,2305843009213693967:26;2305843009213693973:3,Symbolica_default,cached_powers_Q,2,2,0.284,BalancedZippelSeparated
fire7_nb0_rank3268,Automatic,3,ok,201.761,29,2,1,0,0,2305843009213693967:26;2305843009213693973:3,Symbolica_default,cached_powers_Q,2,2,0.415,BalancedZippelSeparated
fire7_nb0_rank3269,Automatic,1,ok,207.932,28,2,1,0,0,2305843009213693967:25;2305843009213693973:3,Symbolica_default,cached_powers_Q,2,2,0.197,BalancedZippelSeparated
fire7_nb0_rank3269,Automatic,2,ok,300.862,28,2,1,0,0,2305843009213693967:25;2305843009213693973:3,Symbolica_default,cached_powers_Q,2,2,0.251,BalancedZippelSeparated
fire7_nb0_rank3269,Automatic,3,ok,190.161,28,2,1,0,0,2305843009213693967:25;2305843009213693973:3,Symbolica_default,cached_powers_Q,2,2,0.222,BalancedZippelSeparated
fire7_nb0_rank3270,Automatic,1,ok,195.532,30,2,1,0,0,2305843009213693967:27;2305843009213693973:3,Symbolica_default,cached_powers_Q,2,1,0.247,BalancedZippelSeparated
fire7_nb0_rank3270,Automatic,2,ok,175.571,30,2,1,0,0,2305843009213693967:27;2305843009213693973:3,Symbolica_default,cached_powers_Q,2,1,0.285,BalancedZippelSeparated
fire7_nb0_rank3270,Automatic,3,ok,229.742,30,2,1,0,0,2305843009213693967:27;2305843009213693973:3,Symbolica_default,cached_powers_Q,2,1,0.410,BalancedZippelSeparated
fire7_nb0_rank3271,Automatic,1,ok,215.930,28,2,1,0,0,2305843009213693967:25;2305843009213693973:3,Symbolica_default,cached_powers_Q,2,2,0.292,BalancedZippelSeparated
fire7_nb0_rank3271,Automatic,2,ok,365.142,28,2,1,0,0,2305843009213693967:25;2305843009213693973:3,Symbolica_default,cached_powers_Q,2,2,0.249,BalancedZippelSeparated
fire7_nb0_rank3271,Automatic,3,ok,386.922,28,2,1,0,0,2305843009213693967:25;2305843009213693973:3,Symbolica_default,cached_powers_Q,2,2,0.249,BalancedZippelSeparated
fire7_nb0_rank3272,Automatic,1,ok,220.741,28,2,1,0,0,2305843009213693967:25;2305843009213693973:3,Symbolica_default,cached_powers_Q,2,2,0.511,BalancedZippelSeparated
fire7_nb0_rank3272,Automatic,2,ok,223.111,28,2,1,0,0,2305843009213693967:25;2305843009213693973:3,Symbolica_default,cached_powers_Q,2,2,0.247,BalancedZippelSeparated
fire7_nb0_rank3272,Automatic,3,ok,213.141,28,2,1,0,0,2305843009213693967:25;2305843009213693973:3,Symbolica_default,cached_powers_Q,2,2,0.425,BalancedZippelSeparated
fire7_nb0_rank3273,Automatic,1,ok,198.241,32,2,1,0,0,2305843009213693967:29;2305843009213693973:3,Symbolica_default,cached_powers_Q,1,3,0.222,BalancedZippelSeparated
fire7_nb0_rank3273,Automatic,2,ok,211.601,32,2,1,0,0,2305843009213693967:29;2305843009213693973:3,Symbolica_default,cached_powers_Q,1,3,0.553,BalancedZippelSeparated
fire7_nb0_rank3273,Automatic,3,ok,404.392,32,2,1,0,0,2305843009213693967:29;2305843009213693973:3,Symbolica_default,cached_powers_Q,1,3,0.277,BalancedZippelSeparated
fire7_nb0_rank3274,Automatic,1,ok,205.901,20,2,1,0,0,2305843009213693967:17;2305843009213693973:3,Symbolica_default,cached_powers_Q,3,2,0.289,BalancedZippelSeparated
fire7_nb0_rank3274,Automatic,2,ok,171.811,20,2,1,0,0,2305843009213693967:17;2305843009213693973:3,Symbolica_default,cached_powers_Q,3,2,0.245,BalancedZippelSeparated
fire7_nb0_rank3274,Automatic,3,ok,192.591,20,2,1,0,0,2305843009213693967:17;2305843009213693973:3,Symbolica_default,cached_powers_Q,3,2,0.521,BalancedZippelSeparated
fire7_nb0_rank3275,Automatic,1,ok,198.561,32,2,1,0,0,2305843009213693967:29;2305843009213693973:3,Symbolica_default,cached_powers_Q,1,3,0.232,BalancedZippelSeparated
fire7_nb0_rank3275,Automatic,2,ok,211.132,32,2,1,0,0,2305843009213693967:29;2305843009213693973:3,Symbolica_default,cached_powers_Q,1,3,0.377,BalancedZippelSeparated
fire7_nb0_rank3275,Automatic,3,ok,201.121,32,2,1,0,0,2305843009213693967:29;2305843009213693973:3,Symbolica_default,cached_powers_Q,1,3,0.194,BalancedZippelSeparated
fire7_nb0_rank3276,Automatic,1,ok,216.931,33,2,1,0,0,2305843009213693967:30;2305843009213693973:3,Symbolica_default,cached_powers_Q,3,2,0.208,BalancedZippelSeparated
fire7_nb0_rank3276,Automatic,2,ok,220.841,33,2,1,0,0,2305843009213693967:30;2305843009213693973:3,Symbolica_default,cached_powers_Q,3,2,0.282,BalancedZippelSeparated
fire7_nb0_rank3276,Automatic,3,ok,423.612,33,2,1,0,0,2305843009213693967:30;2305843009213693973:3,Symbolica_default,cached_powers_Q,3,2,0.220,BalancedZippelSeparated
fire7_nb0_rank3277,Automatic,1,ok,184.041,33,2,1,0,0,2305843009213693967:30;2305843009213693973:3,Symbolica_default,cached_powers_Q,3,2,0.261,BalancedZippelSeparated
fire7_nb0_rank3277,Automatic,2,ok,223.001,33,2,1,0,0,2305843009213693967:30;2305843009213693973:3,Symbolica_default,cached_powers_Q,3,2,0.253,BalancedZippelSeparated
fire7_nb0_rank3277,Automatic,3,ok,203.121,33,2,1,0,0,2305843009213693967:30;2305843009213693973:3,Symbolica_default,cached_powers_Q,3,2,0.234,BalancedZippelSeparated
fire7_nb0_rank3278,Automatic,1,ok,201.292,28,2,1,0,0,2305843009213693967:25;2305843009213693973:3,Symbolica_default,cached_powers_Q,2,2,0.249,BalancedZippelSeparated
fire7_nb0_rank3278,Automatic,2,ok,233.181,28,2,1,0,0,2305843009213693967:25;2305843009213693973:3,Symbolica_default,cached_powers_Q,2,2,0.509,BalancedZippelSeparated
fire7_nb0_rank3278,Automatic,3,ok,207.421,28,2,1,0,0,2305843009213693967:25;2305843009213693973:3,Symbolica_default,cached_powers_Q,2,2,0.239,BalancedZippelSeparated
fire7_nb0_rank3279,Automatic,1,ok,217.310,28,2,1,0,0,2305843009213693967:25;2305843009213693973:3,Symbolica_default,cached_powers_Q,2,2,0.274,BalancedZippelSeparated
fire7_nb0_rank3279,Automatic,2,ok,231.061,28,2,1,0,0,2305843009213693967:25;2305843009213693973:3,Symbolica_default,cached_powers_Q,2,2,0.256,BalancedZippelSeparated
fire7_nb0_rank3279,Automatic,3,ok,247.231,28,2,1,0,0,2305843009213693967:25;2305843009213693973:3,Symbolica_default,cached_powers_Q,2,2,0.294,BalancedZippelSeparated
fire7_nb0_rank3280,Automatic,1,ok,196.461,20,2,1,0,0,2305843009213693967:17;2305843009213693973:3,Symbolica_default,cached_powers_Q,3,2,0.271,BalancedZippelSeparated
fire7_nb0_rank3280,Automatic,2,ok,177.490,20,2,1,0,0,2305843009213693967:17;2305843009213693973:3,Symbolica_default,cached_powers_Q,3,2,0.312,BalancedZippelSeparated
fire7_nb0_rank3280,Automatic,3,ok,170.061,20,2,1,0,0,2305843009213693967:17;2305843009213693973:3,Symbolica_default,cached_powers_Q,3,2,0.469,BalancedZippelSeparated
fire7_nb0_rank3281,Automatic,1,ok,186.721,30,2,1,0,0,2305843009213693967:27;2305843009213693973:3,Symbolica_default,cached_powers_Q,2,2,0.205,BalancedZippelSeparated
fire7_nb0_rank3281,Automatic,2,ok,194.921,30,2,1,0,0,2305843009213693967:27;2305843009213693973:3,Symbolica_default,cached_powers_Q,2,2,0.268,BalancedZippelSeparated
fire7_nb0_rank3281,Automatic,3,ok,158.931,30,2,1,0,0,2305843009213693967:27;2305843009213693973:3,Symbolica_default,cached_powers_Q,2,2,0.175,BalancedZippelSeparated
fire7_nb0_rank3282,Automatic,1,ok,209.861,18,2,1,0,0,2305843009213693967:15;2305843009213693973:3,Symbolica_default,cached_powers_Q,2,2,0.281,BalancedZippelSeparated
fire7_nb0_rank3282,Automatic,2,ok,355.792,18,2,1,0,0,2305843009213693967:15;2305843009213693973:3,Symbolica_default,cached_powers_Q,2,2,0.219,BalancedZippelSeparated
fire7_nb0_rank3282,Automatic,3,ok,202.601,18,2,1,0,0,2305843009213693967:15;2305843009213693973:3,Symbolica_default,cached_powers_Q,2,2,0.307,BalancedZippelSeparated
fire7_nb0_rank3283,Automatic,1,ok,176.101,27,2,1,0,0,2305843009213693967:24;2305843009213693973:3,Symbolica_default,cached_powers_Q,2,1,0.478,BalancedZippelSeparated
fire7_nb0_rank3283,Automatic,2,ok,165.321,27,2,1,0,0,2305843009213693967:24;2305843009213693973:3,Symbolica_default,cached_powers_Q,2,1,0.212,BalancedZippelSeparated
fire7_nb0_rank3283,Automatic,3,ok,137.281,27,2,1,0,0,2305843009213693967:24;2305843009213693973:3,Symbolica_default,cached_powers_Q,2,1,0.198,BalancedZippelSeparated
fire7_nb0_rank3284,Automatic,1,ok,176.541,27,2,1,0,0,2305843009213693967:24;2305843009213693973:3,Symbolica_default,cached_powers_Q,2,1,0.468,BalancedZippelSeparated
fire7_nb0_rank3284,Automatic,2,ok,132.421,27,2,1,0,0,2305843009213693967:24;2305843009213693973:3,Symbolica_default,cached_powers_Q,2,1,0.175,BalancedZippelSeparated
fire7_nb0_rank3284,Automatic,3,ok,154.341,27,2,1,0,0,2305843009213693967:24;2305843009213693973:3,Symbolica_default,cached_powers_Q,2,1,0.204,BalancedZippelSeparated
fire7_nb0_rank3285,Automatic,1,ok,315.152,34,2,1,0,0,2305843009213693967:31;2305843009213693973:3,Symbolica_default,cached_powers_Q,2,3,0.186,BalancedZippelSeparated
fire7_nb0_rank3285,Automatic,2,ok,185.351,34,2,1,0,0,2305843009213693967:31;2305843009213693973:3,Symbolica_default,cached_powers_Q,2,3,0.353,BalancedZippelSeparated
fire7_nb0_rank3285,Automatic,3,ok,191.011,34,2,1,0,0,2305843009213693967:31;2305843009213693973:3,Symbolica_default,cached_powers_Q,2,3,0.348,BalancedZippelSeparated
fire7_nb0_rank3286,Automatic,1,ok,372.293,18,2,1,0,0,2305843009213693967:15;2305843009213693973:3,Symbolica_default,cached_powers_Q,2,2,0.251,BalancedZippelSeparated
fire7_nb0_rank3286,Automatic,2,ok,155.141,18,2,1,0,0,2305843009213693967:15;2305843009213693973:3,Symbolica_default,cached_powers_Q,2,2,0.213,BalancedZippelSeparated
fire7_nb0_rank3286,Automatic,3,ok,150.450,18,2,1,0,0,2305843009213693967:15;2305843009213693973:3,Symbolica_default,cached_powers_Q,2,2,0.292,BalancedZippelSeparated
fire7_nb0_rank3287,Automatic,1,ok,219.401,30,2,1,0,0,2305843009213693967:27;2305843009213693973:3,Symbolica_default,cached_powers_Q,2,2,0.248,BalancedZippelSeparated
fire7_nb0_rank3287,Automatic,2,ok,225.861,30,2,1,0,0,2305843009213693967:27;2305843009213693973:3,Symbolica_default,cached_powers_Q,2,2,0.278,BalancedZippelSeparated
fire7_nb0_rank3287,Automatic,3,ok,460.862,30,2,1,0,0,2305843009213693967:27;2305843009213693973:3,Symbolica_default,cached_powers_Q,2,2,0.276,BalancedZippelSeparated
fire7_nb0_rank3288,Automatic,1,ok,199.851,34,2,1,0,0,2305843009213693967:31;2305843009213693973:3,Symbolica_default,cached_powers_Q,2,3,0.490,BalancedZippelSeparated
fire7_nb0_rank3288,Automatic,2,ok,216.041,34,2,1,0,0,2305843009213693967:31;2305843009213693973:3,Symbolica_default,cached_powers_Q,2,3,0.214,BalancedZippelSeparated
fire7_nb0_rank3288,Automatic,3,ok,239.632,34,2,1,0,0,2305843009213693967:31;2305843009213693973:3,Symbolica_default,cached_powers_Q,2,3,0.283,BalancedZippelSeparated
fire7_nb0_rank3289,Automatic,1,ok,207.911,18,2,1,0,0,2305843009213693967:15;2305843009213693973:3,Symbolica_default,cached_powers_Q,2,2,0.284,BalancedZippelSeparated
fire7_nb0_rank3289,Automatic,2,ok,215.561,18,2,1,0,0,2305843009213693967:15;2305843009213693973:3,Symbolica_default,cached_powers_Q,2,2,0.510,BalancedZippelSeparated
fire7_nb0_rank3289,Automatic,3,ok,466.783,18,2,1,0,0,2305843009213693967:15;2305843009213693973:3,Symbolica_default,cached_powers_Q,2,2,0.314,BalancedZippelSeparated
fire7_nb0_rank3290,Automatic,1,ok,173.421,18,2,1,0,0,2305843009213693967:15;2305843009213693973:3,Symbolica_default,cached_powers_Q,2,2,0.227,BalancedZippelSeparated
fire7_nb0_rank3290,Automatic,2,ok,194.491,18,2,1,0,0,2305843009213693967:15;2305843009213693973:3,Symbolica_default,cached_powers_Q,2,2,0.518,BalancedZippelSeparated
fire7_nb0_rank3290,Automatic,3,ok,412.222,18,2,1,0,0,2305843009213693967:15;2305843009213693973:3,Symbolica_default,cached_powers_Q,2,2,0.313,BalancedZippelSeparated
fire7_nb0_rank3291,Automatic,1,ok,194.201,27,2,1,0,0,2305843009213693967:24;2305843009213693973:3,Symbolica_default,cached_powers_Q,2,1,0.240,BalancedZippelSeparated
fire7_nb0_rank3291,Automatic,2,ok,187.931,27,2,1,0,0,2305843009213693967:24;2305843009213693973:3,Symbolica_default,cached_powers_Q,2,1,0.471,BalancedZippelSeparated
fire7_nb0_rank3291,Automatic,3,ok,188.731,27,2,1,0,0,2305843009213693967:24;2305843009213693973:3,Symbolica_default,cached_powers_Q,2,1,0.263,BalancedZippelSeparated
fire7_nb0_rank3292,Automatic,1,ok,371.392,34,2,1,0,0,2305843009213693967:31;2305843009213693973:3,Symbolica_default,cached_powers_Q,2,3,0.220,BalancedZippelSeparated
fire7_nb0_rank3292,Automatic,2,ok,261.301,34,2,1,0,0,2305843009213693967:31;2305843009213693973:3,Symbolica_default,cached_powers_Q,2,3,0.565,BalancedZippelSeparated
fire7_nb0_rank3292,Automatic,3,ok,246.422,34,2,1,0,0,2305843009213693967:31;2305843009213693973:3,Symbolica_default,cached_powers_Q,2,3,0.272,BalancedZippelSeparated
fire7_nb0_rank3293,Automatic,1,ok,190.331,27,2,1,0,0,2305843009213693967:24;2305843009213693973:3,Symbolica_default,cached_powers_Q,2,1,0.258,BalancedZippelSeparated
fire7_nb0_rank3293,Automatic,2,ok,184.321,27,2,1,0,0,2305843009213693967:24;2305843009213693973:3,Symbolica_default,cached_powers_Q,2,1,0.238,BalancedZippelSeparated
fire7_nb0_rank3293,Automatic,3,ok,147.571,27,2,1,0,0,2305843009213693967:24;2305843009213693973:3,Symbolica_default,cached_powers_Q,2,1,0.251,BalancedZippelSeparated
fire7_nb0_rank3294,Automatic,1,ok,196.381,27,2,1,0,0,2305843009213693967:24;2305843009213693973:3,Symbolica_default,cached_powers_Q,2,1,0.452,BalancedZippelSeparated
fire7_nb0_rank3294,Automatic,2,ok,181.681,27,2,1,0,0,2305843009213693967:24;2305843009213693973:3,Symbolica_default,cached_powers_Q,2,1,0.442,BalancedZippelSeparated
fire7_nb0_rank3294,Automatic,3,ok,198.451,27,2,1,0,0,2305843009213693967:24;2305843009213693973:3,Symbolica_default,cached_powers_Q,2,1,0.255,BalancedZippelSeparated
fire7_nb0_rank3295,Automatic,1,ok,231.552,30,2,1,0,0,2305843009213693967:27;2305843009213693973:3,Symbolica_default,cached_powers_Q,2,2,0.244,BalancedZippelSeparated
fire7_nb0_rank3295,Automatic,2,ok,502.683,30,2,1,0,0,2305843009213693967:27;2305843009213693973:3,Symbolica_default,cached_powers_Q,2,2,0.278,BalancedZippelSeparated
fire7_nb0_rank3295,Automatic,3,ok,209.231,30,2,1,0,0,2305843009213693967:27;2305843009213693973:3,Symbolica_default,cached_powers_Q,2,2,0.506,BalancedZippelSeparated
fire7_nb0_rank3296,Automatic,1,ok,143.570,18,2,1,0,0,2305843009213693967:15;2305843009213693973:3,Symbolica_default,cached_powers_Q,1,2,0.219,BalancedZippelSeparated
fire7_nb0_rank3296,Automatic,2,ok,209.671,18,2,1,0,0,2305843009213693967:15;2305843009213693973:3,Symbolica_default,cached_powers_Q,1,2,0.427,BalancedZippelSeparated
fire7_nb0_rank3296,Automatic,3,ok,321.551,18,2,1,0,0,2305843009213693967:15;2305843009213693973:3,Symbolica_default,cached_powers_Q,1,2,0.222,BalancedZippelSeparated
fire7_nb0_rank3297,Automatic,1,ok,185.731,27,2,1,0,0,2305843009213693967:24;2305843009213693973:3,Symbolica_default,cached_powers_Q,2,1,0.221,BalancedZippelSeparated
fire7_nb0_rank3297,Automatic,2,ok,126.521,27,2,1,0,0,2305843009213693967:24;2305843009213693973:3,Symbolica_default,cached_powers_Q,2,1,0.190,BalancedZippelSeparated
fire7_nb0_rank3297,Automatic,3,ok,155.250,27,2,1,0,0,2305843009213693967:24;2305843009213693973:3,Symbolica_default,cached_powers_Q,2,1,0.189,BalancedZippelSeparated
fire7_nb0_rank3298,Automatic,1,ok,156.621,27,2,1,0,0,2305843009213693967:24;2305843009213693973:3,Symbolica_default,cached_powers_Q,2,1,0.207,BalancedZippelSeparated
fire7_nb0_rank3298,Automatic,2,ok,163.131,27,2,1,0,0,2305843009213693967:24;2305843009213693973:3,Symbolica_default,cached_powers_Q,2,1,0.406,BalancedZippelSeparated
fire7_nb0_rank3298,Automatic,3,ok,160.471,27,2,1,0,0,2305843009213693967:24;2305843009213693973:3,Symbolica_default,cached_powers_Q,2,1,0.204,BalancedZippelSeparated
fire7_nb0_rank3299,Automatic,1,ok,226.231,30,2,1,0,0,2305843009213693967:27;2305843009213693973:3,Symbolica_default,cached_powers_Q,2,2,0.250,BalancedZippelSeparated
fire7_nb0_rank3299,Automatic,2,ok,416.732,30,2,1,0,0,2305843009213693967:27;2305843009213693973:3,Symbolica_default,cached_powers_Q,2,2,0.249,BalancedZippelSeparated
fire7_nb0_rank3299,Automatic,3,ok,215.401,30,2,1,0,0,2305843009213693967:27;2305843009213693973:3,Symbolica_default,cached_powers_Q,2,2,0.232,BalancedZippelSeparated
fire7_nb0_rank3300,Automatic,1,ok,173.941,27,2,1,0,0,2305843009213693967:24;2305843009213693973:3,Symbolica_default,cached_powers_Q,1,1,0.229,BalancedZippelSeparated
fire7_nb0_rank3300,Automatic,2,ok,155.981,27,2,1,0,0,2305843009213693967:24;2305843009213693973:3,Symbolica_default,cached_powers_Q,1,1,0.167,BalancedZippelSeparated
fire7_nb0_rank3300,Automatic,3,ok,135.890,27,2,1,0,0,2305843009213693967:24;2305843009213693973:3,Symbolica_default,cached_powers_Q,1,1,0.160,BalancedZippelSeparated
fire7_nb0_rank3301,Automatic,1,ok,190.512,27,2,1,0,0,2305843009213693967:24;2305843009213693973:3,Symbolica_default,cached_powers_Q,2,1,0.225,BalancedZippelSeparated
fire7_nb0_rank3301,Automatic,2,ok,169.301,27,2,1,0,0,2305843009213693967:24;2305843009213693973:3,Symbolica_default,cached_powers_Q,2,1,0.182,BalancedZippelSeparated
fire7_nb0_rank3301,Automatic,3,ok,187.010,27,2,1,0,0,2305843009213693967:24;2305843009213693973:3,Symbolica_default,cached_powers_Q,2,1,0.212,BalancedZippelSeparated
fire7_nb0_rank3302,Automatic,1,ok,177.941,27,2,1,0,0,2305843009213693967:24;2305843009213693973:3,Symbolica_default,cached_powers_Q,2,1,0.217,BalancedZippelSeparated
fire7_nb0_rank3302,Automatic,2,ok,405.872,27,2,1,0,0,2305843009213693967:24;2305843009213693973:3,Symbolica_default,cached_powers_Q,2,1,0.206,BalancedZippelSeparated
fire7_nb0_rank3302,Automatic,3,ok,189.501,27,2,1,0,0,2305843009213693967:24;2305843009213693973:3,Symbolica_default,cached_powers_Q,2,1,0.435,BalancedZippelSeparated
fire7_nb0_rank3303,Automatic,1,ok,250.481,27,2,1,0,0,2305843009213693967:24;2305843009213693973:3,Symbolica_default,cached_powers_Q,2,1,0.432,BalancedZippelSeparated
fire7_nb0_rank3303,Automatic,2,ok,188.041,27,2,1,0,0,2305843009213693967:24;2305843009213693973:3,Symbolica_default,cached_powers_Q,2,1,0.247,BalancedZippelSeparated
fire7_nb0_rank3303,Automatic,3,ok,190.741,27,2,1,0,0,2305843009213693967:24;2305843009213693973:3,Symbolica_default,cached_powers_Q,2,1,0.241,BalancedZippelSeparated
fire7_nb0_rank3304,Automatic,1,ok,170.821,27,2,1,0,0,2305843009213693967:24;2305843009213693973:3,Symbolica_default,cached_powers_Q,2,1,0.235,BalancedZippelSeparated
fire7_nb0_rank3304,Automatic,2,ok,167.450,27,2,1,0,0,2305843009213693967:24;2305843009213693973:3,Symbolica_default,cached_powers_Q,2,1,0.257,BalancedZippelSeparated
fire7_nb0_rank3304,Automatic,3,ok,174.461,27,2,1,0,0,2305843009213693967:24;2305843009213693973:3,Symbolica_default,cached_powers_Q,2,1,0.453,BalancedZippelSeparated
fire7_nb0_rank3305,Automatic,1,ok,156.890,16,2,1,0,0,2305843009213693967:13;2305843009213693973:3,Symbolica_default,cached_powers_Q,2,1,0.234,BalancedZippelSeparated
fire7_nb0_rank3305,Automatic,2,ok,115.091,16,2,1,0,0,2305843009213693967:13;2305843009213693973:3,Symbolica_default,cached_powers_Q,2,1,0.330,BalancedZippelSeparated
fire7_nb0_rank3305,Automatic,3,ok,106.400,16,2,1,0,0,2305843009213693967:13;2305843009213693973:3,Symbolica_default,cached_powers_Q,2,1,0.326,BalancedZippelSeparated
fire7_nb0_rank3306,Automatic,1,ok,175.611,27,2,1,0,0,2305843009213693967:24;2305843009213693973:3,Symbolica_default,cached_powers_Q,2,1,0.240,BalancedZippelSeparated
fire7_nb0_rank3306,Automatic,2,ok,141.541,27,2,1,0,0,2305843009213693967:24;2305843009213693973:3,Symbolica_default,cached_powers_Q,2,1,0.360,BalancedZippelSeparated
fire7_nb0_rank3306,Automatic,3,ok,141.170,27,2,1,0,0,2305843009213693967:24;2305843009213693973:3,Symbolica_default,cached_powers_Q,2,1,0.219,BalancedZippelSeparated
fire7_nb0_rank3307,Automatic,1,ok,111.870,16,2,1,0,0,2305843009213693967:13;2305843009213693973:3,Symbolica_default,cached_powers_Q,2,1,0.173,BalancedZippelSeparated
fire7_nb0_rank3307,Automatic,2,ok,98.760,16,2,1,0,0,2305843009213693967:13;2305843009213693973:3,Symbolica_default,cached_powers_Q,2,1,0.180,BalancedZippelSeparated
fire7_nb0_rank3307,Automatic,3,ok,106.490,16,2,1,0,0,2305843009213693967:13;2305843009213693973:3,Symbolica_default,cached_powers_Q,2,1,0.151,BalancedZippelSeparated
fire7_nb0_rank3308,Automatic,1,ok,136.770,24,2,1,0,0,2305843009213693967:21;2305843009213693973:3,Symbolica_default,cached_powers_Q,1,1,0.112,BalancedZippelSeparated
fire7_nb0_rank3308,Automatic,2,ok,139.391,24,2,1,0,0,2305843009213693967:21;2305843009213693973:3,Symbolica_default,cached_powers_Q,1,1,0.171,BalancedZippelSeparated
fire7_nb0_rank3308,Automatic,3,ok,141.121,24,2,1,0,0,2305843009213693967:21;2305843009213693973:3,Symbolica_default,cached_powers_Q,1,1,0.147,BalancedZippelSeparated
fire7_nb0_rank3309,Automatic,1,ok,170.211,24,2,1,0,0,2305843009213693967:21;2305843009213693973:3,Symbolica_default,cached_powers_Q,1,1,0.176,BalancedZippelSeparated
fire7_nb0_rank3309,Automatic,2,ok,190.511,24,2,1,0,0,2305843009213693967:21;2305843009213693973:3,Symbolica_default,cached_powers_Q,1,1,0.192,BalancedZippelSeparated
fire7_nb0_rank3309,Automatic,3,ok,376.491,24,2,1,0,0,2305843009213693967:21;2305843009213693973:3,Symbolica_default,cached_powers_Q,1,1,0.172,BalancedZippelSeparated
fire7_nb0_rank3310,Automatic,1,ok,175.460,24,2,1,0,0,2305843009213693967:21;2305843009213693973:3,Symbolica_default,cached_powers_Q,1,1,0.216,BalancedZippelSeparated
fire7_nb0_rank3310,Automatic,2,ok,188.021,24,2,1,0,0,2305843009213693967:21;2305843009213693973:3,Symbolica_default,cached_powers_Q,1,1,0.215,BalancedZippelSeparated
fire7_nb0_rank3310,Automatic,3,ok,350.861,24,2,1,0,0,2305843009213693967:21;2305843009213693973:3,Symbolica_default,cached_powers_Q,1,1,0.191,BalancedZippelSeparated
fire7_nb0_rank3311,Automatic,1,ok,143.041,16,2,1,0,0,2305843009213693967:13;2305843009213693973:3,Symbolica_default,cached_powers_Q,2,1,0.156,BalancedZippelSeparated
fire7_nb0_rank3311,Automatic,2,ok,167.081,16,2,1,0,0,2305843009213693967:13;2305843009213693973:3,Symbolica_default,cached_powers_Q,2,1,0.187,BalancedZippelSeparated
fire7_nb0_rank3311,Automatic,3,ok,228.152,16,2,1,0,0,2305843009213693967:13;2305843009213693973:3,Symbolica_default,cached_powers_Q,2,1,0.361,BalancedZippelSeparated
fire7_nb0_rank3312,Automatic,1,ok,133.241,16,2,1,0,0,2305843009213693967:13;2305843009213693973:3,Symbolica_default,cached_powers_Q,2,1,0.175,BalancedZippelSeparated
fire7_nb0_rank3312,Automatic,2,ok,153.461,16,2,1,0,0,2305843009213693967:13;2305843009213693973:3,Symbolica_default,cached_powers_Q,2,1,0.173,BalancedZippelSeparated
fire7_nb0_rank3312,Automatic,3,ok,167.791,16,2,1,0,0,2305843009213693967:13;2305843009213693973:3,Symbolica_default,cached_powers_Q,2,1,0.172,BalancedZippelSeparated
fire7_nb0_rank3313,Automatic,1,ok,353.942,16,2,1,0,0,2305843009213693967:13;2305843009213693973:3,Symbolica_default,cached_powers_Q,2,1,0.147,BalancedZippelSeparated
fire7_nb0_rank3313,Automatic,2,ok,153.121,16,2,1,0,0,2305843009213693967:13;2305843009213693973:3,Symbolica_default,cached_powers_Q,2,1,0.154,BalancedZippelSeparated
fire7_nb0_rank3313,Automatic,3,ok,145.051,16,2,1,0,0,2305843009213693967:13;2305843009213693973:3,Symbolica_default,cached_powers_Q,2,1,0.153,BalancedZippelSeparated
fire7_nb0_rank3314,Automatic,1,ok,151.591,16,2,1,0,0,2305843009213693967:13;2305843009213693973:3,Symbolica_default,cached_powers_Q,2,1,0.344,BalancedZippelSeparated
fire7_nb0_rank3314,Automatic,2,ok,147.731,16,2,1,0,0,2305843009213693967:13;2305843009213693973:3,Symbolica_default,cached_powers_Q,2,1,0.154,BalancedZippelSeparated
fire7_nb0_rank3314,Automatic,3,ok,373.102,16,2,1,0,0,2305843009213693967:13;2305843009213693973:3,Symbolica_default,cached_powers_Q,2,1,0.137,BalancedZippelSeparated
fire7_nb0_rank3315,Automatic,1,ok,151.691,16,2,1,0,0,2305843009213693967:13;2305843009213693973:3,Symbolica_default,cached_powers_Q,2,1,0.131,BalancedZippelSeparated
fire7_nb0_rank3315,Automatic,2,ok,154.541,16,2,1,0,0,2305843009213693967:13;2305843009213693973:3,Symbolica_default,cached_powers_Q,2,1,0.140,BalancedZippelSeparated
fire7_nb0_rank3315,Automatic,3,ok,157.171,16,2,1,0,0,2305843009213693967:13;2305843009213693973:3,Symbolica_default,cached_powers_Q,2,1,0.163,BalancedZippelSeparated
fire7_nb0_rank3316,Automatic,1,ok,139.820,16,2,1,0,0,2305843009213693967:13;2305843009213693973:3,Symbolica_default,cached_powers_Q,2,1,0.125,BalancedZippelSeparated
fire7_nb0_rank3316,Automatic,2,ok,133.631,16,2,1,0,0,2305843009213693967:13;2305843009213693973:3,Symbolica_default,cached_powers_Q,2,1,0.135,BalancedZippelSeparated
fire7_nb0_rank3316,Automatic,3,ok,123.960,16,2,1,0,0,2305843009213693967:13;2305843009213693973:3,Symbolica_default,cached_powers_Q,2,1,0.134,BalancedZippelSeparated
fire7_nb0_rank3317,Automatic,1,ok,144.060,16,2,1,0,0,2305843009213693967:13;2305843009213693973:3,Symbolica_default,cached_powers_Q,2,1,0.302,BalancedZippelSeparated
fire7_nb0_rank3317,Automatic,2,ok,116.980,16,2,1,0,0,2305843009213693967:13;2305843009213693973:3,Symbolica_default,cached_powers_Q,2,1,0.100,BalancedZippelSeparated
fire7_nb0_rank3317,Automatic,3,ok,110.931,16,2,1,0,0,2305843009213693967:13;2305843009213693973:3,Symbolica_default,cached_powers_Q,2,1,0.086,BalancedZippelSeparated
fire7_nb0_rank3318,Automatic,1,ok,128.391,14,2,1,0,0,2305843009213693967:11;2305843009213693973:3,Symbolica_default,cached_powers_Q,1,1,0.077,BalancedZippelSeparated
fire7_nb0_rank3318,Automatic,2,ok,98.790,14,2,1,0,0,2305843009213693967:11;2305843009213693973:3,Symbolica_default,cached_powers_Q,1,1,0.063,BalancedZippelSeparated
fire7_nb0_rank3318,Automatic,3,ok,274.592,14,2,1,0,0,2305843009213693967:11;2305843009213693973:3,Symbolica_default,cached_powers_Q,1,1,0.060,BalancedZippelSeparated
fire7_nb0_rank3319,Automatic,1,ok,107.710,14,2,1,0,0,2305843009213693967:11;2305843009213693973:3,Symbolica_default,cached_powers_Q,1,1,0.075,BalancedZippelSeparated
fire7_nb0_rank3319,Automatic,2,ok,306.452,14,2,1,0,0,2305843009213693967:11;2305843009213693973:3,Symbolica_default,cached_powers_Q,1,1,0.075,BalancedZippelSeparated
fire7_nb0_rank3319,Automatic,3,ok,117.420,14,2,1,0,0,2305843009213693967:11;2305843009213693973:3,Symbolica_default,cached_powers_Q,1,1,0.063,BalancedZippelSeparated
