case,method,seed,status,elapsed_us,probes,primes,images,support_reuses,support_fallbacks,probes_by_prime,prime_policy,oracle,num_terms,den_terms,setup_ms,selected_methods
fire7_nb0_rank0001,Automatic,1,ok,52945.593,1731,2,1,0,0,2305843009213693967:1728;2305843009213693973:3,Symbolica_default,cached_powers_Q,858,414,11.888,BalancedZippelSeparated
fire7_nb0_rank0002,Automatic,1,ok,63466.663,1933,2,1,0,0,2305843009213693967:1930;2305843009213693973:3,Symbolica_default,cached_powers_Q,877,414,11.392,BalancedZippelSeparated
fire7_nb0_rank0003,Automatic,1,ok,36105.082,1451,2,1,0,0,2305843009213693967:1448;2305843009213693973:3,Symbolica_default,cached_powers_Q,753,243,10.115,BalancedZippelSeparated
fire7_nb0_rank0004,Automatic,1,ok,31106.454,1276,2,1,0,0,2305843009213693967:1273;2305843009213693973:3,Symbolica_default,cached_powers_Q,722,243,9.763,BalancedZippelSeparated
fire7_nb0_rank0005,Automatic,1,ok,35628.960,1407,2,1,0,0,2305843009213693967:1404;2305843009213693973:3,Symbolica_default,cached_powers_Q,739,224,9.252,BalancedZippelSeparated
fire7_nb0_rank0006,Automatic,1,ok,31842.897,1354,2,1,0,0,2305843009213693967:1351;2305843009213693973:3,Symbolica_default,cached_powers_Q,720,224,6.565,BalancedZippelSeparated
fire7_nb0_rank0007,Automatic,1,ok,26321.336,1164,2,1,0,0,2305843009213693967:1161;2305843009213693973:3,Symbolica_default,cached_powers_Q,648,261,5.703,BalancedZippelSeparated
fire7_nb0_rank0008,Automatic,1,ok,26090.056,1164,2,1,0,0,2305843009213693967:1161;2305843009213693973:3,Symbolica_default,cached_powers_Q,645,261,5.448,BalancedZippelSeparated
fire7_nb0_rank0009,Automatic,1,ok,24011.748,1150,2,1,0,0,2305843009213693967:1147;2305843009213693973:3,Symbolica_default,cached_powers_Q,578,261,5.156,BalancedZippelSeparated
fire7_nb0_rank0010,Automatic,1,ok,27924.513,1323,2,1,0,0,2305843009213693967:1320;2305843009213693973:3,Symbolica_default,cached_powers_Q,639,196,5.192,BalancedZippelSeparated
fire7_nb0_rank0011,Automatic,1,ok,28185.623,1337,2,1,0,0,2305843009213693967:1334;2305843009213693973:3,Symbolica_default,cached_powers_Q,640,196,4.990,BalancedZippelSeparated
fire7_nb0_rank0012,Automatic,1,ok,17545.044,878,2,1,0,0,2305843009213693967:875;2305843009213693973:3,Symbolica_default,cached_powers_Q,431,369,4.989,BalancedZippelSeparated
fire7_nb0_rank0013,Automatic,1,ok,21615.779,1108,2,1,0,0,2305843009213693967:1105;2305843009213693973:3,Symbolica_default,cached_powers_Q,534,232,4.397,BalancedZippelSeparated
fire7_nb0_rank0014,Automatic,1,ok,18707.478,963,2,1,0,0,2305843009213693967:960;2305843009213693973:3,Symbolica_default,cached_powers_Q,572,198,4.834,BalancedZippelSeparated
fire7_nb0_rank0015,Automatic,1,ok,19597.921,978,2,1,0,0,2305843009213693967:975;2305843009213693973:3,Symbolica_default,cached_powers_Q,530,232,4.837,BalancedZippelSeparated
fire7_nb0_rank0016,Automatic,1,ok,21778.260,1102,2,1,0,0,2305843009213693967:1099;2305843009213693973:3,Symbolica_default,cached_powers_Q,530,232,4.918,BalancedZippelSeparated
fire7_nb0_rank0017,Automatic,1,ok,22091.281,1141,2,1,0,0,2305843009213693967:1138;2305843009213693973:3,Symbolica_default,cached_powers_Q,567,189,4.720,BalancedZippelSeparated
fire7_nb0_rank0018,Automatic,1,ok,22998.274,1210,2,1,0,0,2305843009213693967:1207;2305843009213693973:3,Symbolica_default,cached_powers_Q,566,189,4.974,BalancedZippelSeparated
fire7_nb0_rank0019,Automatic,1,ok,26223.806,1089,2,1,0,0,2305843009213693967:1086;2305843009213693973:3,Symbolica_default,cached_powers_Q,567,168,6.503,BalancedZippelSeparated
fire7_nb0_rank0020,Automatic,1,ok,16717.271,878,2,1,0,0,2305843009213693967:875;2305843009213693973:3,Symbolica_default,cached_powers_Q,539,189,7.833,BalancedZippelSeparated
fire7_nb0_rank0021,Automatic,1,ok,38997.822,1027,2,1,0,0,2305843009213693967:1024;2305843009213693973:3,Symbolica_default,cached_powers_Q,407,312,16.991,BalancedZippelSeparated
fire7_nb0_rank0022,Automatic,1,ok,28030.322,1066,2,1,0,0,2305843009213693967:1063;2305843009213693973:3,Symbolica_default,cached_powers_Q,550,168,6.881,BalancedZippelSeparated
fire7_nb0_rank0023,Automatic,1,ok,23917.387,945,2,1,0,0,2305843009213693967:942;2305843009213693973:3,Symbolica_default,cached_powers_Q,482,240,8.921,BalancedZippelSeparated
fire7_nb0_rank0024,Automatic,1,ok,23696.117,985,2,1,0,0,2305843009213693967:982;2305843009213693973:3,Symbolica_default,cached_powers_Q,497,240,4.522,BalancedZippelSeparated
fire7_nb0_rank0025,Automatic,1,ok,18282.607,807,2,1,0,0,2305843009213693967:804;2305843009213693973:3,Symbolica_default,cached_powers_Q,395,328,6.496,BalancedZippelSeparated
fire7_nb0_rank0026,Automatic,1,ok,22323.731,1029,2,1,0,0,2305843009213693967:1026;2305843009213693973:3,Symbolica_default,cached_powers_Q,532,168,6.274,BalancedZippelSeparated
fire7_nb0_rank0027,Automatic,1,ok,17427.884,825,2,1,0,0,2305843009213693967:822;2305843009213693973:3,Symbolica_default,cached_powers_Q,451,232,6.142,BalancedZippelSeparated
fire7_nb0_rank0028,Automatic,1,ok,18527.858,868,2,1,0,0,2305843009213693967:865;2305843009213693973:3,Symbolica_default,cached_powers_Q,482,147,5.968,BalancedZippelSeparated
fire7_nb0_rank0029,Automatic,1,ok,11531.332,764,2,1,0,0,2305843009213693967:761;2305843009213693973:3,Symbolica_default,cached_powers_Q,451,162,6.850,BalancedZippelSeparated
fire7_nb0_rank0030,Automatic,1,ok,40724.029,1017,2,1,0,0,2305843009213693967:1014;2305843009213693973:3,Symbolica_default,cached_powers_Q,504,126,8.707,BalancedZippelSeparated
fire7_nb0_rank0031,Automatic,1,ok,29112.027,1000,2,1,0,0,2305843009213693967:997;2305843009213693973:3,Symbolica_default,cached_powers_Q,471,147,8.569,BalancedZippelSeparated
fire7_nb0_rank0032,Automatic,1,ok,13406.439,839,2,1,0,0,2305843009213693967:836;2305843009213693973:3,Symbolica_default,cached_powers_Q,449,153,3.964,BalancedZippelSeparated
fire7_nb0_rank0033,Automatic,1,ok,25293.102,760,2,1,0,0,2305843009213693967:757;2305843009213693973:3,Symbolica_default,cached_powers_Q,404,192,3.878,BalancedZippelSeparated
fire7_nb0_rank0034,Automatic,1,ok,15255.076,900,2,1,0,0,2305843009213693967:897;2305843009213693973:3,Symbolica_default,cached_powers_Q,458,144,4.214,BalancedZippelSeparated
fire7_nb0_rank0035,Automatic,1,ok,14149.081,868,2,1,0,0,2305843009213693967:865;2305843009213693973:3,Symbolica_default,cached_powers_Q,445,154,3.952,BalancedZippelSeparated
fire7_nb0_rank0036,Automatic,1,ok,14189.992,867,2,1,0,0,2305843009213693967:864;2305843009213693973:3,Symbolica_default,cached_powers_Q,431,168,3.944,BalancedZippelSeparated
fire7_nb0_rank0037,Automatic,1,ok,13075.958,798,2,1,0,0,2305843009213693967:795;2305843009213693973:3,Symbolica_default,cached_powers_Q,405,168,3.535,BalancedZippelSeparated
fire7_nb0_rank0038,Automatic,1,ok,15873.398,1004,2,1,0,0,2305843009213693967:1001;2305843009213693973:3,Symbolica_default,cached_powers_Q,466,119,3.872,BalancedZippelSeparated
fire7_nb0_rank0039,Automatic,1,ok,10912.660,740,2,1,0,0,2305843009213693967:737;2305843009213693973:3,Symbolica_default,cached_powers_Q,308,240,3.677,BalancedZippelSeparated
fire7_nb0_rank0040,Automatic,1,ok,13080.088,839,2,1,0,0,2305843009213693967:836;2305843009213693973:3,Symbolica_default,cached_powers_Q,443,119,3.805,BalancedZippelSeparated
fire7_nb0_rank0041,Automatic,1,ok,9218.264,620,2,1,0,0,2305843009213693967:617;2305843009213693973:3,Symbolica_default,cached_powers_Q,362,176,3.393,BalancedZippelSeparated
fire7_nb0_rank0042,Automatic,1,ok,13883.181,895,2,1,0,0,2305843009213693967:892;2305843009213693973:3,Symbolica_default,cached_powers_Q,400,147,3.772,BalancedZippelSeparated
fire7_nb0_rank0043,Automatic,1,ok,15024.055,966,2,1,0,0,2305843009213693967:963;2305843009213693973:3,Symbolica_default,cached_powers_Q,432,126,3.666,BalancedZippelSeparated
fire7_nb0_rank0044,Automatic,1,ok,78042.486,944,2,1,0,0,2305843009213693967:941;2305843009213693973:3,Symbolica_default,cached_powers_Q,418,126,3.198,BalancedZippelSeparated
fire7_nb0_rank0045,Automatic,1,ok,62047.877,809,2,1,0,0,2305843009213693967:806;2305843009213693973:3,Symbolica_default,cached_powers_Q,407,126,38.026,BalancedZippelSeparated
fire7_nb0_rank0046,Automatic,1,ok,14144.312,900,2,1,0,0,2305843009213693967:897;2305843009213693973:3,Symbolica_default,cached_powers_Q,422,132,3.892,BalancedZippelSeparated
fire7_nb0_rank0047,Automatic,1,ok,12154.435,835,2,1,0,0,2305843009213693967:832;2305843009213693973:3,Symbolica_default,cached_powers_Q,452,77,3.534,BalancedZippelSeparated
fire7_nb0_rank0048,Automatic,1,ok,9911.376,726,2,1,0,0,2305843009213693967:723;2305843009213693973:3,Symbolica_default,cached_powers_Q,280,224,3.049,BalancedZippelSeparated
fire7_nb0_rank0049,Automatic,1,ok,10260.858,726,2,1,0,0,2305843009213693967:723;2305843009213693973:3,Symbolica_default,cached_powers_Q,280,224,3.377,BalancedZippelSeparated
fire7_nb0_rank0050,Automatic,1,ok,10000.847,677,2,1,0,0,2305843009213693967:674;2305843009213693973:3,Symbolica_default,cached_powers_Q,340,176,3.511,BalancedZippelSeparated
fire7_nb0_rank0051,Automatic,1,ok,13368.789,873,2,1,0,0,2305843009213693967:870;2305843009213693973:3,Symbolica_default,cached_powers_Q,383,162,3.678,BalancedZippelSeparated
fire7_nb0_rank0052,Automatic,1,ok,52192.481,759,2,1,0,0,2305843009213693967:756;2305843009213693973:3,Symbolica_default,cached_powers_Q,299,224,3.601,BalancedZippelSeparated
fire7_nb0_rank0053,Automatic,1,ok,11100.690,782,2,1,0,0,2305843009213693967:779;2305843009213693973:3,Symbolica_default,cached_powers_Q,351,180,3.292,BalancedZippelSeparated
fire7_nb0_rank0054,Automatic,1,ok,12403.675,817,2,1,0,0,2305843009213693967:814;2305843009213693973:3,Symbolica_default,cached_powers_Q,407,126,3.550,BalancedZippelSeparated
fire7_nb0_rank0055,Automatic,1,ok,9007.673,626,2,1,0,0,2305843009213693967:623;2305843009213693973:3,Symbolica_default,cached_powers_Q,330,168,3.350,BalancedZippelSeparated
fire7_nb0_rank0056,Automatic,1,ok,9025.813,598,2,1,0,0,2305843009213693967:595;2305843009213693973:3,Symbolica_default,cached_powers_Q,407,81,3.836,BalancedZippelSeparated
fire7_nb0_rank0057,Automatic,1,ok,10970.340,708,2,1,0,0,2305843009213693967:705;2305843009213693973:3,Symbolica_default,cached_powers_Q,359,152,3.648,BalancedZippelSeparated
fire7_nb0_rank0058,Automatic,1,ok,12763.217,723,2,1,0,0,2305843009213693967:720;2305843009213693973:3,Symbolica_default,cached_powers_Q,337,168,3.747,BalancedZippelSeparated
fire7_nb0_rank0059,Automatic,1,ok,38634.031,750,2,1,0,0,2305843009213693967:747;2305843009213693973:3,Symbolica_default,cached_powers_Q,360,147,3.630,BalancedZippelSeparated
fire7_nb0_rank0060,Automatic,1,ok,10855.500,729,2,1,0,0,2305843009213693967:726;2305843009213693973:3,Symbolica_default,cached_powers_Q,380,119,17.336,BalancedZippelSeparated
fire7_nb0_rank0061,Automatic,1,ok,11630.952,696,2,1,0,0,2305843009213693967:693;2305843009213693973:3,Symbolica_default,cached_powers_Q,270,210,5.302,BalancedZippelSeparated
fire7_nb0_rank0062,Automatic,1,ok,11589.812,696,2,1,0,0,2305843009213693967:693;2305843009213693973:3,Symbolica_default,cached_powers_Q,270,210,5.289,BalancedZippelSeparated
fire7_nb0_rank0063,Automatic,1,ok,14049.341,824,2,1,0,0,2305843009213693967:821;2305843009213693973:3,Symbolica_default,cached_powers_Q,376,126,5.124,BalancedZippelSeparated
fire7_nb0_rank0064,Automatic,1,ok,14097.341,816,2,1,0,0,2305843009213693967:813;2305843009213693973:3,Symbolica_default,cached_powers_Q,375,132,5.330,BalancedZippelSeparated
fire7_nb0_rank0065,Automatic,1,ok,8429.500,598,2,1,0,0,2305843009213693967:595;2305843009213693973:3,Symbolica_default,cached_powers_Q,401,81,5.842,BalancedZippelSeparated
fire7_nb0_rank0066,Automatic,1,ok,11658.353,638,2,1,0,0,2305843009213693967:635;2305843009213693973:3,Symbolica_default,cached_powers_Q,306,192,5.467,BalancedZippelSeparated
fire7_nb0_rank0067,Automatic,1,ok,11081.041,627,2,1,0,0,2305843009213693967:624;2305843009213693973:3,Symbolica_default,cached_powers_Q,297,192,5.445,BalancedZippelSeparated
fire7_nb0_rank0068,Automatic,1,ok,11052.500,615,2,1,0,0,2305843009213693967:612;2305843009213693973:3,Symbolica_default,cached_powers_Q,257,231,5.309,BalancedZippelSeparated
fire7_nb0_rank0069,Automatic,1,ok,12917.658,720,2,1,0,0,2305843009213693967:717;2305843009213693973:3,Symbolica_default,cached_powers_Q,359,126,5.249,BalancedZippelSeparated
fire7_nb0_rank0070,Automatic,1,ok,10889.879,650,2,1,0,0,2305843009213693967:647;2305843009213693973:3,Symbolica_default,cached_powers_Q,319,168,5.416,BalancedZippelSeparated
fire7_nb0_rank0071,Automatic,1,ok,13012.667,778,2,1,0,0,2305843009213693967:775;2305843009213693973:3,Symbolica_default,cached_powers_Q,376,102,5.552,BalancedZippelSeparated
fire7_nb0_rank0072,Automatic,1,ok,14153.662,842,2,1,0,0,2305843009213693967:839;2305843009213693973:3,Symbolica_default,cached_powers_Q,350,126,5.358,BalancedZippelSeparated
fire7_nb0_rank0073,Automatic,1,ok,10278.948,587,2,1,0,0,2305843009213693967:584;2305843009213693973:3,Symbolica_default,cached_powers_Q,315,136,6.553,BalancedZippelSeparated
fire7_nb0_rank0074,Automatic,1,ok,9964.757,572,2,1,0,0,2305843009213693967:569;2305843009213693973:3,Symbolica_default,cached_powers_Q,364,88,5.301,BalancedZippelSeparated
fire7_nb0_rank0075,Automatic,1,ok,11931.713,746,2,1,0,0,2305843009213693967:743;2305843009213693973:3,Symbolica_default,cached_powers_Q,269,192,5.283,BalancedZippelSeparated
fire7_nb0_rank0076,Automatic,1,ok,11275.511,640,2,1,0,0,2305843009213693967:637;2305843009213693973:3,Symbolica_default,cached_powers_Q,296,168,5.321,BalancedZippelSeparated
fire7_nb0_rank0077,Automatic,1,ok,16958.602,922,2,1,0,0,2305843009213693967:919;2305843009213693973:3,Symbolica_default,cached_powers_Q,288,195,5.321,BalancedZippelSeparated
fire7_nb0_rank0078,Automatic,1,ok,9513.094,552,2,1,0,0,2305843009213693967:549;2305843009213693973:3,Symbolica_default,cached_powers_Q,242,192,2.992,BalancedZippelSeparated
fire7_nb0_rank0079,Automatic,1,ok,16039.739,672,2,1,0,0,2305843009213693967:669;2305843009213693973:3,Symbolica_default,cached_powers_Q,341,114,3.160,BalancedZippelSeparated
fire7_nb0_rank0080,Automatic,1,ok,8834.272,484,2,1,0,0,2305843009213693967:481;2305843009213693973:3,Symbolica_default,cached_powers_Q,240,200,3.086,BalancedZippelSeparated
fire7_nb0_rank0081,Automatic,1,ok,10917.140,701,2,1,0,0,2305843009213693967:698;2305843009213693973:3,Symbolica_default,cached_powers_Q,385,56,5.073,BalancedZippelSeparated
fire7_nb0_rank0082,Automatic,1,ok,10929.240,658,2,1,0,0,2305843009213693967:655;2305843009213693973:3,Symbolica_default,cached_powers_Q,312,119,5.075,BalancedZippelSeparated
fire7_nb0_rank0083,Automatic,1,ok,15427.876,656,2,1,0,0,2305843009213693967:653;2305843009213693973:3,Symbolica_default,cached_powers_Q,341,108,3.226,BalancedZippelSeparated
fire7_nb0_rank0084,Automatic,1,ok,11661.312,716,2,1,0,0,2305843009213693967:713;2305843009213693973:3,Symbolica_default,cached_powers_Q,260,180,5.340,BalancedZippelSeparated
fire7_nb0_rank0085,Automatic,1,ok,8008.500,607,2,1,0,0,2305843009213693967:604;2305843009213693973:3,Symbolica_default,cached_powers_Q,311,119,5.089,BalancedZippelSeparated
fire7_nb0_rank0086,Automatic,1,ok,9898.217,593,2,1,0,0,2305843009213693967:590;2305843009213693973:3,Symbolica_default,cached_powers_Q,306,133,6.125,BalancedZippelSeparated
fire7_nb0_rank0087,Automatic,1,ok,9455.595,703,2,1,0,0,2305843009213693967:700;2305843009213693973:3,Symbolica_default,cached_powers_Q,331,102,4.923,BalancedZippelSeparated
fire7_nb0_rank0088,Automatic,1,ok,11255.161,716,2,1,0,0,2305843009213693967:713;2305843009213693973:3,Symbolica_default,cached_powers_Q,260,180,5.046,BalancedZippelSeparated
fire7_nb0_rank0089,Automatic,1,ok,13402.559,674,2,1,0,0,2305843009213693967:671;2305843009213693973:3,Symbolica_default,cached_powers_Q,303,145,2.987,BalancedZippelSeparated
fire7_nb0_rank0090,Automatic,1,ok,8577.341,471,2,1,0,0,2305843009213693967:468;2305843009213693973:3,Symbolica_default,cached_powers_Q,227,200,2.818,BalancedZippelSeparated
fire7_nb0_rank0091,Automatic,1,ok,10535.578,627,2,1,0,0,2305843009213693967:624;2305843009213693973:3,Symbolica_default,cached_powers_Q,272,168,4.914,BalancedZippelSeparated
fire7_nb0_rank0092,Automatic,1,ok,11325.532,702,2,1,0,0,2305843009213693967:699;2305843009213693973:3,Symbolica_default,cached_powers_Q,243,192,5.091,BalancedZippelSeparated
fire7_nb0_rank0093,Automatic,1,ok,10538.208,601,2,1,0,0,2305843009213693967:598;2305843009213693973:3,Symbolica_default,cached_powers_Q,272,168,5.208,BalancedZippelSeparated
fire7_nb0_rank0094,Automatic,1,ok,11490.842,642,2,1,0,0,2305843009213693967:639;2305843009213693973:3,Symbolica_default,cached_powers_Q,295,144,5.252,BalancedZippelSeparated
fire7_nb0_rank0095,Automatic,1,ok,8075.170,446,2,1,0,0,2305843009213693967:443;2305843009213693973:3,Symbolica_default,cached_powers_Q,218,208,2.780,BalancedZippelSeparated
fire7_nb0_rank0096,Automatic,1,ok,9602.375,588,2,1,0,0,2305843009213693967:585;2305843009213693973:3,Symbolica_default,cached_powers_Q,332,91,6.136,BalancedZippelSeparated
fire7_nb0_rank0097,Automatic,1,ok,8603.592,459,2,1,0,0,2305843009213693967:456;2305843009213693973:3,Symbolica_default,cached_powers_Q,218,200,2.840,BalancedZippelSeparated
fire7_nb0_rank0098,Automatic,1,ok,8240.420,423,2,1,0,0,2305843009213693967:420;2305843009213693973:3,Symbolica_default,cached_powers_Q,218,200,2.898,BalancedZippelSeparated
fire7_nb0_rank0099,Automatic,1,ok,12021.444,705,2,1,0,0,2305843009213693967:702;2305843009213693973:3,Symbolica_default,cached_powers_Q,301,135,5.182,BalancedZippelSeparated
fire7_nb0_rank0100,Automatic,1,ok,9341.664,545,2,1,0,0,2305843009213693967:542;2305843009213693973:3,Symbolica_default,cached_powers_Q,306,104,7.266,BalancedZippelSeparated
fire7_nb0_rank0101,Automatic,1,ok,11680.713,556,2,1,0,0,2305843009213693967:553;2305843009213693973:3,Symbolica_default,cached_powers_Q,250,168,2.535,BalancedZippelSeparated
fire7_nb0_rank0102,Automatic,1,ok,10837.650,686,2,1,0,0,2305843009213693967:683;2305843009213693973:3,Symbolica_default,cached_powers_Q,243,180,5.022,BalancedZippelSeparated
fire7_nb0_rank0103,Automatic,1,ok,9193.704,527,2,1,0,0,2305843009213693967:524;2305843009213693973:3,Symbolica_default,cached_powers_Q,220,192,2.859,BalancedZippelSeparated
fire7_nb0_rank0104,Automatic,1,ok,8848.382,514,2,1,0,0,2305843009213693967:511;2305843009213693973:3,Symbolica_default,cached_powers_Q,270,136,4.990,BalancedZippelSeparated
fire7_nb0_rank0105,Automatic,1,ok,9164.714,505,2,1,0,0,2305843009213693967:502;2305843009213693973:3,Symbolica_default,cached_powers_Q,178,238,2.735,BalancedZippelSeparated
fire7_nb0_rank0106,Automatic,1,ok,9201.214,736,2,1,0,0,2305843009213693967:733;2305843009213693973:3,Symbolica_default,cached_powers_Q,350,66,4.888,BalancedZippelSeparated
fire7_nb0_rank0107,Automatic,1,ok,12026.154,594,2,1,0,0,2305843009213693967:591;2305843009213693973:3,Symbolica_default,cached_powers_Q,288,119,2.565,BalancedZippelSeparated
fire7_nb0_rank0108,Automatic,1,ok,8107.309,609,2,1,0,0,2305843009213693967:606;2305843009213693973:3,Symbolica_default,cached_powers_Q,309,102,5.083,BalancedZippelSeparated
fire7_nb0_rank0109,Automatic,1,ok,7972.549,463,2,1,0,0,2305843009213693967:460;2305843009213693973:3,Symbolica_default,cached_powers_Q,260,136,4.874,BalancedZippelSeparated
fire7_nb0_rank0110,Automatic,1,ok,9872.366,620,2,1,0,0,2305843009213693967:617;2305843009213693973:3,Symbolica_default,cached_powers_Q,335,66,4.852,BalancedZippelSeparated
fire7_nb0_rank0111,Automatic,1,ok,13134.738,675,2,1,0,0,2305843009213693967:672;2305843009213693973:3,Symbolica_default,cached_powers_Q,301,108,2.507,BalancedZippelSeparated
fire7_nb0_rank0112,Automatic,1,ok,10324.248,446,2,1,0,0,2305843009213693967:443;2305843009213693973:3,Symbolica_default,cached_powers_Q,215,182,2.737,BalancedZippelSeparated
fire7_nb0_rank0113,Automatic,1,ok,11656.662,541,2,1,0,0,2305843009213693967:538;2305843009213693973:3,Symbolica_default,cached_powers_Q,264,133,2.714,BalancedZippelSeparated
fire7_nb0_rank0114,Automatic,1,ok,8926.323,688,2,1,0,0,2305843009213693967:685;2305843009213693973:3,Symbolica_default,cached_powers_Q,322,66,6.670,BalancedZippelSeparated
fire7_nb0_rank0115,Automatic,1,ok,11584.142,547,2,1,0,0,2305843009213693967:544;2305843009213693973:3,Symbolica_default,cached_powers_Q,295,91,2.768,BalancedZippelSeparated
fire7_nb0_rank0116,Automatic,1,ok,12272.715,635,2,1,0,0,2305843009213693967:632;2305843009213693973:3,Symbolica_default,cached_powers_Q,271,126,2.516,BalancedZippelSeparated
fire7_nb0_rank0117,Automatic,1,ok,11560.402,572,2,1,0,0,2305843009213693967:569;2305843009213693973:3,Symbolica_default,cached_powers_Q,271,119,2.809,BalancedZippelSeparated
fire7_nb0_rank0118,Automatic,1,ok,7767.158,478,2,1,0,0,2305843009213693967:475;2305843009213693973:3,Symbolica_default,cached_powers_Q,310,64,4.781,BalancedZippelSeparated
fire7_nb0_rank0119,Automatic,1,ok,7701.788,464,2,1,0,0,2305843009213693967:461;2305843009213693973:3,Symbolica_default,cached_powers_Q,250,133,4.719,BalancedZippelSeparated
fire7_nb0_rank0120,Automatic,1,ok,8496.381,520,2,1,0,0,2305843009213693967:517;2305843009213693973:3,Symbolica_default,cached_powers_Q,308,77,4.761,BalancedZippelSeparated
fire7_nb0_rank0121,Automatic,1,ok,7888.358,675,2,1,0,0,2305843009213693967:672;2305843009213693973:3,Symbolica_default,cached_powers_Q,316,66,6.491,BalancedZippelSeparated
fire7_nb0_rank0122,Automatic,1,ok,8192.910,511,2,1,0,0,2305843009213693967:508;2305843009213693973:3,Symbolica_default,cached_powers_Q,247,126,4.965,BalancedZippelSeparated
fire7_nb0_rank0123,Automatic,1,ok,10790.879,542,2,1,0,0,2305843009213693967:539;2305843009213693973:3,Symbolica_default,cached_powers_Q,280,91,2.727,BalancedZippelSeparated
fire7_nb0_rank0124,Automatic,1,ok,7308.657,401,2,1,0,0,2305843009213693967:398;2305843009213693973:3,Symbolica_default,cached_powers_Q,210,175,2.700,BalancedZippelSeparated
fire7_nb0_rank0125,Automatic,1,ok,8305.870,510,2,1,0,0,2305843009213693967:507;2305843009213693973:3,Symbolica_default,cached_powers_Q,300,77,4.560,BalancedZippelSeparated
fire7_nb0_rank0126,Automatic,1,ok,10424.539,515,2,1,0,0,2305843009213693967:512;2305843009213693973:3,Symbolica_default,cached_powers_Q,196,175,2.667,BalancedZippelSeparated
fire7_nb0_rank0127,Automatic,1,ok,7790.539,465,2,1,0,0,2305843009213693967:462;2305843009213693973:3,Symbolica_default,cached_powers_Q,205,175,2.754,BalancedZippelSeparated
fire7_nb0_rank0128,Automatic,1,ok,10014.476,499,2,1,0,0,2305843009213693967:496;2305843009213693973:3,Symbolica_default,cached_powers_Q,210,154,2.649,BalancedZippelSeparated
fire7_nb0_rank0129,Automatic,1,ok,10491.628,499,2,1,0,0,2305843009213693967:496;2305843009213693973:3,Symbolica_default,cached_powers_Q,210,154,2.453,BalancedZippelSeparated
fire7_nb0_rank0130,Automatic,1,ok,10863.840,574,2,1,0,0,2305843009213693967:571;2305843009213693973:3,Symbolica_default,cached_powers_Q,256,132,2.697,BalancedZippelSeparated
fire7_nb0_rank0131,Automatic,1,ok,7639.638,447,2,1,0,0,2305843009213693967:444;2305843009213693973:3,Symbolica_default,cached_powers_Q,249,126,2.414,BalancedZippelSeparated
fire7_nb0_rank0132,Automatic,1,ok,11999.484,643,2,1,0,0,2305843009213693967:640;2305843009213693973:3,Symbolica_default,cached_powers_Q,282,110,2.755,BalancedZippelSeparated
fire7_nb0_rank0133,Automatic,1,ok,10377.698,513,2,1,0,0,2305843009213693967:510;2305843009213693973:3,Symbolica_default,cached_powers_Q,288,77,2.436,BalancedZippelSeparated
fire7_nb0_rank0134,Automatic,1,ok,12164.124,637,2,1,0,0,2305843009213693967:634;2305843009213693973:3,Symbolica_default,cached_powers_Q,288,105,2.861,BalancedZippelSeparated
fire7_nb0_rank0135,Automatic,1,ok,11262.771,609,2,1,0,0,2305843009213693967:606;2305843009213693973:3,Symbolica_default,cached_powers_Q,266,102,2.657,BalancedZippelSeparated
fire7_nb0_rank0136,Automatic,1,ok,10634.219,562,2,1,0,0,2305843009213693967:559;2305843009213693973:3,Symbolica_default,cached_powers_Q,288,78,2.497,BalancedZippelSeparated
fire7_nb0_rank0137,Automatic,1,ok,12123.225,665,2,1,0,0,2305843009213693967:662;2305843009213693973:3,Symbolica_default,cached_powers_Q,273,105,2.724,BalancedZippelSeparated
fire7_nb0_rank0138,Automatic,1,ok,5339.910,429,2,1,0,0,2305843009213693967:426;2305843009213693973:3,Symbolica_default,cached_powers_Q,280,72,5.243,BalancedZippelSeparated
fire7_nb0_rank0139,Automatic,1,ok,5126.609,436,2,1,0,0,2305843009213693967:433;2305843009213693973:3,Symbolica_default,cached_powers_Q,268,88,4.772,BalancedZippelSeparated
fire7_nb0_rank0140,Automatic,1,ok,7568.458,487,2,1,0,0,2305843009213693967:484;2305843009213693973:3,Symbolica_default,cached_powers_Q,247,105,4.823,BalancedZippelSeparated
fire7_nb0_rank0141,Automatic,1,ok,12242.765,663,2,1,0,0,2305843009213693967:660;2305843009213693973:3,Symbolica_default,cached_powers_Q,266,105,2.768,BalancedZippelSeparated
fire7_nb0_rank0142,Automatic,1,ok,11189.541,564,2,1,0,0,2305843009213693967:561;2305843009213693973:3,Symbolica_default,cached_powers_Q,259,102,2.742,BalancedZippelSeparated
fire7_nb0_rank0143,Automatic,1,ok,8109.159,494,2,1,0,0,2305843009213693967:491;2305843009213693973:3,Symbolica_default,cached_powers_Q,274,77,2.350,BalancedZippelSeparated
fire7_nb0_rank0144,Automatic,1,ok,7864.309,496,2,1,0,0,2305843009213693967:493;2305843009213693973:3,Symbolica_default,cached_powers_Q,272,77,4.736,BalancedZippelSeparated
fire7_nb0_rank0145,Automatic,1,ok,8220.010,555,2,1,0,0,2305843009213693967:552;2305843009213693973:3,Symbolica_default,cached_powers_Q,272,77,2.602,BalancedZippelSeparated
fire7_nb0_rank0146,Automatic,1,ok,9577.225,459,2,1,0,0,2305843009213693967:456;2305843009213693973:3,Symbolica_default,cached_powers_Q,279,77,2.600,BalancedZippelSeparated
fire7_nb0_rank0147,Automatic,1,ok,6920.765,404,2,1,0,0,2305843009213693967:401;2305843009213693973:3,Symbolica_default,cached_powers_Q,237,105,2.288,BalancedZippelSeparated
fire7_nb0_rank0148,Automatic,1,ok,8869.973,539,2,1,0,0,2305843009213693967:536;2305843009213693973:3,Symbolica_default,cached_powers_Q,304,54,5.183,BalancedZippelSeparated
fire7_nb0_rank0149,Automatic,1,ok,9951.527,484,2,1,0,0,2305843009213693967:481;2305843009213693973:3,Symbolica_default,cached_powers_Q,243,102,2.267,BalancedZippelSeparated
fire7_nb0_rank0150,Automatic,1,ok,9347.845,464,2,1,0,0,2305843009213693967:461;2305843009213693973:3,Symbolica_default,cached_powers_Q,249,84,2.424,BalancedZippelSeparated
fire7_nb0_rank0151,Automatic,1,ok,7588.168,483,2,1,0,0,2305843009213693967:480;2305843009213693973:3,Symbolica_default,cached_powers_Q,266,77,4.625,BalancedZippelSeparated
fire7_nb0_rank0152,Automatic,1,ok,6555.724,404,2,1,0,0,2305843009213693967:401;2305843009213693973:3,Symbolica_default,cached_powers_Q,186,144,2.440,BalancedZippelSeparated
fire7_nb0_rank0153,Automatic,1,ok,9531.465,464,2,1,0,0,2305843009213693967:461;2305843009213693973:3,Symbolica_default,cached_powers_Q,249,102,2.551,BalancedZippelSeparated
fire7_nb0_rank0154,Automatic,1,ok,7654.018,496,2,1,0,0,2305843009213693967:493;2305843009213693973:3,Symbolica_default,cached_powers_Q,267,63,4.749,BalancedZippelSeparated
fire7_nb0_rank0155,Automatic,1,ok,6994.826,415,2,1,0,0,2305843009213693967:412;2305843009213693973:3,Symbolica_default,cached_powers_Q,225,112,2.488,BalancedZippelSeparated
fire7_nb0_rank0156,Automatic,1,ok,9051.313,539,2,1,0,0,2305843009213693967:536;2305843009213693973:3,Symbolica_default,cached_powers_Q,299,54,5.148,BalancedZippelSeparated
fire7_nb0_rank0157,Automatic,1,ok,7151.357,414,2,1,0,0,2305843009213693967:411;2305843009213693973:3,Symbolica_default,cached_powers_Q,261,77,2.333,BalancedZippelSeparated
fire7_nb0_rank0158,Automatic,1,ok,7332.397,457,2,1,0,0,2305843009213693967:454;2305843009213693973:3,Symbolica_default,cached_powers_Q,233,102,2.510,BalancedZippelSeparated
fire7_nb0_rank0159,Automatic,1,ok,10935.420,580,2,1,0,0,2305843009213693967:577;2305843009213693973:3,Symbolica_default,cached_powers_Q,259,105,2.643,BalancedZippelSeparated
fire7_nb0_rank0160,Automatic,1,ok,8700.452,580,2,1,0,0,2305843009213693967:577;2305843009213693973:3,Symbolica_default,cached_powers_Q,223,125,2.524,BalancedZippelSeparated
fire7_nb0_rank0161,Automatic,1,ok,8000.799,543,2,1,0,0,2305843009213693967:540;2305843009213693973:3,Symbolica_default,cached_powers_Q,280,56,4.551,BalancedZippelSeparated
fire7_nb0_rank0162,Automatic,1,ok,9572.885,433,2,1,0,0,2305843009213693967:430;2305843009213693973:3,Symbolica_default,cached_powers_Q,208,133,2.369,BalancedZippelSeparated
fire7_nb0_rank0163,Automatic,1,ok,6319.873,576,2,1,0,0,2305843009213693967:573;2305843009213693973:3,Symbolica_default,cached_powers_Q,294,48,4.474,BalancedZippelSeparated
fire7_nb0_rank0164,Automatic,1,ok,6630.614,403,2,1,0,0,2305843009213693967:400;2305843009213693973:3,Symbolica_default,cached_powers_Q,243,88,2.456,BalancedZippelSeparated
fire7_nb0_rank0165,Automatic,1,ok,8542.961,566,2,1,0,0,2305843009213693967:563;2305843009213693973:3,Symbolica_default,cached_powers_Q,259,85,4.644,BalancedZippelSeparated
fire7_nb0_rank0166,Automatic,1,ok,10636.119,530,2,1,0,0,2305843009213693967:527;2305843009213693973:3,Symbolica_default,cached_powers_Q,245,105,2.585,BalancedZippelSeparated
fire7_nb0_rank0167,Automatic,1,ok,6710.245,361,2,1,0,0,2305843009213693967:358;2305843009213693973:3,Symbolica_default,cached_powers_Q,169,175,2.554,BalancedZippelSeparated
fire7_nb0_rank0168,Automatic,1,ok,8197.910,533,2,1,0,0,2305843009213693967:530;2305843009213693973:3,Symbolica_default,cached_powers_Q,259,78,4.680,BalancedZippelSeparated
fire7_nb0_rank0169,Automatic,1,ok,9715.175,487,2,1,0,0,2305843009213693967:484;2305843009213693973:3,Symbolica_default,cached_powers_Q,189,144,2.543,BalancedZippelSeparated
fire7_nb0_rank0170,Automatic,1,ok,7618.538,487,2,1,0,0,2305843009213693967:484;2305843009213693973:3,Symbolica_default,cached_powers_Q,189,144,2.477,BalancedZippelSeparated
fire7_nb0_rank0171,Automatic,1,ok,9240.514,426,2,1,0,0,2305843009213693967:423;2305843009213693973:3,Symbolica_default,cached_powers_Q,199,133,2.592,BalancedZippelSeparated
fire7_nb0_rank0172,Automatic,1,ok,7160.907,410,2,1,0,0,2305843009213693967:407;2305843009213693973:3,Symbolica_default,cached_powers_Q,185,156,2.656,BalancedZippelSeparated
fire7_nb0_rank0173,Automatic,1,ok,10579.808,512,2,1,0,0,2305843009213693967:509;2305843009213693973:3,Symbolica_default,cached_powers_Q,153,198,2.619,BalancedZippelSeparated
fire7_nb0_rank0174,Automatic,1,ok,6592.934,398,2,1,0,0,2305843009213693967:395;2305843009213693973:3,Symbolica_default,cached_powers_Q,219,96,2.394,BalancedZippelSeparated
fire7_nb0_rank0175,Automatic,1,ok,6275.523,369,2,1,0,0,2305843009213693967:366;2305843009213693973:3,Symbolica_default,cached_powers_Q,219,96,2.392,BalancedZippelSeparated
fire7_nb0_rank0176,Automatic,1,ok,8949.403,603,2,1,0,0,2305843009213693967:600;2305843009213693973:3,Symbolica_default,cached_powers_Q,294,55,4.741,BalancedZippelSeparated
fire7_nb0_rank0177,Automatic,1,ok,9706.265,482,2,1,0,0,2305843009213693967:479;2305843009213693973:3,Symbolica_default,cached_powers_Q,231,110,2.521,BalancedZippelSeparated
fire7_nb0_rank0178,Automatic,1,ok,7667.758,496,2,1,0,0,2305843009213693967:493;2305843009213693973:3,Symbolica_default,cached_powers_Q,265,66,4.678,BalancedZippelSeparated
fire7_nb0_rank0179,Automatic,1,ok,6560.414,395,2,1,0,0,2305843009213693967:392;2305843009213693973:3,Symbolica_default,cached_powers_Q,225,88,2.409,BalancedZippelSeparated
fire7_nb0_rank0180,Automatic,1,ok,8711.392,613,2,1,0,0,2305843009213693967:610;2305843009213693973:3,Symbolica_default,cached_powers_Q,280,60,4.572,BalancedZippelSeparated
fire7_nb0_rank0181,Automatic,1,ok,7471.087,501,2,1,0,0,2305843009213693967:498;2305843009213693973:3,Symbolica_default,cached_powers_Q,270,48,4.502,BalancedZippelSeparated
fire7_nb0_rank0182,Automatic,1,ok,6989.786,414,2,1,0,0,2305843009213693967:411;2305843009213693973:3,Symbolica_default,cached_powers_Q,223,91,2.073,BalancedZippelSeparated
fire7_nb0_rank0183,Automatic,1,ok,8528.272,577,2,1,0,0,2305843009213693967:574;2305843009213693973:3,Symbolica_default,cached_powers_Q,273,65,4.691,BalancedZippelSeparated
fire7_nb0_rank0184,Automatic,1,ok,7809.289,488,2,1,0,0,2305843009213693967:485;2305843009213693973:3,Symbolica_default,cached_powers_Q,240,95,4.782,BalancedZippelSeparated
fire7_nb0_rank0185,Automatic,1,ok,6200.183,370,2,1,0,0,2305843009213693967:367;2305843009213693973:3,Symbolica_default,cached_powers_Q,160,144,2.311,BalancedZippelSeparated
fire7_nb0_rank0186,Automatic,1,ok,9382.534,492,2,1,0,0,2305843009213693967:489;2305843009213693973:3,Symbolica_default,cached_powers_Q,245,66,2.272,BalancedZippelSeparated
fire7_nb0_rank0187,Automatic,1,ok,6242.383,393,2,1,0,0,2305843009213693967:390;2305843009213693973:3,Symbolica_default,cached_powers_Q,216,90,2.345,BalancedZippelSeparated
fire7_nb0_rank0188,Automatic,1,ok,6022.251,362,2,1,0,0,2305843009213693967:359;2305843009213693973:3,Symbolica_default,cached_powers_Q,180,126,2.510,BalancedZippelSeparated
fire7_nb0_rank0189,Automatic,1,ok,6283.463,398,2,1,0,0,2305843009213693967:395;2305843009213693973:3,Symbolica_default,cached_powers_Q,219,84,2.408,BalancedZippelSeparated
fire7_nb0_rank0190,Automatic,1,ok,9767.466,495,2,1,0,0,2305843009213693967:492;2305843009213693973:3,Symbolica_default,cached_powers_Q,217,102,2.365,BalancedZippelSeparated
fire7_nb0_rank0191,Automatic,1,ok,9284.634,457,2,1,0,0,2305843009213693967:454;2305843009213693973:3,Symbolica_default,cached_powers_Q,239,90,2.442,BalancedZippelSeparated
fire7_nb0_rank0192,Automatic,1,ok,5653.261,324,2,1,0,0,2305843009213693967:321;2305843009213693973:3,Symbolica_default,cached_powers_Q,161,144,2.332,BalancedZippelSeparated
fire7_nb0_rank0193,Automatic,1,ok,11656.843,671,2,1,0,0,2305843009213693967:668;2305843009213693973:3,Symbolica_default,cached_powers_Q,203,128,2.465,BalancedZippelSeparated
fire7_nb0_rank0194,Automatic,1,ok,6731.814,412,2,1,0,0,2305843009213693967:409;2305843009213693973:3,Symbolica_default,cached_powers_Q,216,98,2.322,BalancedZippelSeparated
fire7_nb0_rank0195,Automatic,1,ok,7405.667,472,2,1,0,0,2305843009213693967:469;2305843009213693973:3,Symbolica_default,cached_powers_Q,240,90,4.523,BalancedZippelSeparated
fire7_nb0_rank0196,Automatic,1,ok,5751.950,336,2,1,0,0,2305843009213693967:333;2305843009213693973:3,Symbolica_default,cached_powers_Q,200,96,2.323,BalancedZippelSeparated
fire7_nb0_rank0197,Automatic,1,ok,6287.864,410,2,1,0,0,2305843009213693967:407;2305843009213693973:3,Symbolica_default,cached_powers_Q,179,126,2.220,BalancedZippelSeparated
fire7_nb0_rank0198,Automatic,1,ok,9203.064,527,2,1,0,0,2305843009213693967:524;2305843009213693973:3,Symbolica_default,cached_powers_Q,238,85,2.488,BalancedZippelSeparated
fire7_nb0_rank0199,Automatic,1,ok,9809.616,545,2,1,0,0,2305843009213693967:542;2305843009213693973:3,Symbolica_default,cached_powers_Q,244,55,2.315,BalancedZippelSeparated
fire7_nb0_rank0200,Automatic,1,ok,9414.514,502,2,1,0,0,2305843009213693967:499;2305843009213693973:3,Symbolica_default,cached_powers_Q,232,65,2.230,BalancedZippelSeparated
fire7_nb0_rank0201,Automatic,1,ok,7003.016,457,2,1,0,0,2305843009213693967:454;2305843009213693973:3,Symbolica_default,cached_powers_Q,232,72,2.253,BalancedZippelSeparated
fire7_nb0_rank0202,Automatic,1,ok,7548.498,518,2,1,0,0,2305843009213693967:515;2305843009213693973:3,Symbolica_default,cached_powers_Q,238,66,2.249,BalancedZippelSeparated
fire7_nb0_rank0203,Automatic,1,ok,6228.402,372,2,1,0,0,2305843009213693967:369;2305843009213693973:3,Symbolica_default,cached_powers_Q,170,154,2.320,BalancedZippelSeparated
fire7_nb0_rank0204,Automatic,1,ok,7998.360,543,2,1,0,0,2305843009213693967:540;2305843009213693973:3,Symbolica_default,cached_powers_Q,250,60,2.455,BalancedZippelSeparated
fire7_nb0_rank0205,Automatic,1,ok,8987.653,428,2,1,0,0,2305843009213693967:425;2305843009213693973:3,Symbolica_default,cached_powers_Q,144,150,2.324,BalancedZippelSeparated
fire7_nb0_rank0206,Automatic,1,ok,28585.414,428,2,1,0,0,2305843009213693967:425;2305843009213693973:3,Symbolica_default,cached_powers_Q,144,150,2.319,BalancedZippelSeparated
fire7_nb0_rank0207,Automatic,1,ok,6411.364,394,2,1,0,0,2305843009213693967:391;2305843009213693973:3,Symbolica_default,cached_powers_Q,243,56,1.980,BalancedZippelSeparated
fire7_nb0_rank0208,Automatic,1,ok,5365.419,482,2,1,0,0,2305843009213693967:479;2305843009213693973:3,Symbolica_default,cached_powers_Q,192,120,2.286,BalancedZippelSeparated
fire7_nb0_rank0209,Automatic,1,ok,5933.882,368,2,1,0,0,2305843009213693967:365;2305843009213693973:3,Symbolica_default,cached_powers_Q,225,64,2.299,BalancedZippelSeparated
fire7_nb0_rank0210,Automatic,1,ok,4814.758,446,2,1,0,0,2305843009213693967:443;2305843009213693973:3,Symbolica_default,cached_powers_Q,162,150,2.278,BalancedZippelSeparated
fire7_nb0_rank0211,Automatic,1,ok,13811.531,378,2,1,0,0,2305843009213693967:375;2305843009213693973:3,Symbolica_default,cached_powers_Q,200,91,2.397,BalancedZippelSeparated
fire7_nb0_rank0212,Automatic,1,ok,4962.048,491,2,1,0,0,2305843009213693967:488;2305843009213693973:3,Symbolica_default,cached_powers_Q,243,48,2.338,BalancedZippelSeparated
fire7_nb0_rank0213,Automatic,1,ok,4606.697,395,2,1,0,0,2305843009213693967:392;2305843009213693973:3,Symbolica_default,cached_powers_Q,149,150,2.408,BalancedZippelSeparated
fire7_nb0_rank0214,Automatic,1,ok,4069.665,389,2,1,0,0,2305843009213693967:386;2305843009213693973:3,Symbolica_default,cached_powers_Q,234,56,2.210,BalancedZippelSeparated
fire7_nb0_rank0215,Automatic,1,ok,4304.735,373,2,1,0,0,2305843009213693967:370;2305843009213693973:3,Symbolica_default,cached_powers_Q,216,77,2.277,BalancedZippelSeparated
fire7_nb0_rank0216,Automatic,1,ok,4909.798,474,2,1,0,0,2305843009213693967:471;2305843009213693973:3,Symbolica_default,cached_powers_Q,245,48,2.376,BalancedZippelSeparated
fire7_nb0_rank0217,Automatic,1,ok,3511.562,309,2,1,0,0,2305843009213693967:306;2305843009213693973:3,Symbolica_default,cached_powers_Q,148,140,2.328,BalancedZippelSeparated
fire7_nb0_rank0218,Automatic,1,ok,4537.286,432,2,1,0,0,2305843009213693967:429;2305843009213693973:3,Symbolica_default,cached_powers_Q,232,60,2.298,BalancedZippelSeparated
fire7_nb0_rank0219,Automatic,1,ok,3916.925,369,2,1,0,0,2305843009213693967:366;2305843009213693973:3,Symbolica_default,cached_powers_Q,228,56,2.256,BalancedZippelSeparated
fire7_nb0_rank0220,Automatic,1,ok,5131.259,492,2,1,0,0,2305843009213693967:489;2305843009213693973:3,Symbolica_default,cached_powers_Q,176,120,2.342,BalancedZippelSeparated
fire7_nb0_rank0221,Automatic,1,ok,4408.457,417,2,1,0,0,2305843009213693967:414;2305843009213693973:3,Symbolica_default,cached_powers_Q,192,102,2.239,BalancedZippelSeparated
fire7_nb0_rank0222,Automatic,1,ok,4315.446,420,2,1,0,0,2305843009213693967:417;2305843009213693973:3,Symbolica_default,cached_powers_Q,176,108,2.175,BalancedZippelSeparated
fire7_nb0_rank0223,Automatic,1,ok,6019.442,420,2,1,0,0,2305843009213693967:417;2305843009213693973:3,Symbolica_default,cached_powers_Q,176,108,2.221,BalancedZippelSeparated
fire7_nb0_rank0224,Automatic,1,ok,6816.345,626,2,1,0,0,2305843009213693967:623;2305843009213693973:3,Symbolica_default,cached_powers_Q,209,100,2.269,BalancedZippelSeparated
fire7_nb0_rank0225,Automatic,1,ok,5512.730,505,2,1,0,0,2305843009213693967:502;2305843009213693973:3,Symbolica_default,cached_powers_Q,209,96,2.250,BalancedZippelSeparated
fire7_nb0_rank0226,Automatic,1,ok,4687.047,462,2,1,0,0,2305843009213693967:459;2305843009213693973:3,Symbolica_default,cached_powers_Q,216,70,2.216,BalancedZippelSeparated
fire7_nb0_rank0227,Automatic,1,ok,5354.350,512,2,1,0,0,2305843009213693967:509;2305843009213693973:3,Symbolica_default,cached_powers_Q,259,40,2.315,BalancedZippelSeparated
fire7_nb0_rank0228,Automatic,1,ok,5124.988,492,2,1,0,0,2305843009213693967:489;2305843009213693973:3,Symbolica_default,cached_powers_Q,176,120,2.205,BalancedZippelSeparated
fire7_nb0_rank0229,Automatic,1,ok,4093.655,394,2,1,0,0,2305843009213693967:391;2305843009213693973:3,Symbolica_default,cached_powers_Q,205,66,1.928,BalancedZippelSeparated
fire7_nb0_rank0230,Automatic,1,ok,5580.080,525,2,1,0,0,2305843009213693967:522;2305843009213693973:3,Symbolica_default,cached_powers_Q,225,75,2.206,BalancedZippelSeparated
fire7_nb0_rank0231,Automatic,1,ok,3642.263,364,2,1,0,0,2305843009213693967:361;2305843009213693973:3,Symbolica_default,cached_powers_Q,189,78,2.161,BalancedZippelSeparated
fire7_nb0_rank0232,Automatic,1,ok,20837.116,480,2,1,0,0,2305843009213693967:477;2305843009213693973:3,Symbolica_default,cached_powers_Q,176,110,2.117,BalancedZippelSeparated
fire7_nb0_rank0233,Automatic,1,ok,3649.953,306,2,1,0,0,2305843009213693967:303;2305843009213693973:3,Symbolica_default,cached_powers_Q,148,126,1.975,BalancedZippelSeparated
fire7_nb0_rank0234,Automatic,1,ok,3562.483,345,2,1,0,0,2305843009213693967:342;2305843009213693973:3,Symbolica_default,cached_powers_Q,179,91,2.081,BalancedZippelSeparated
fire7_nb0_rank0235,Automatic,1,ok,4109.325,378,2,1,0,0,2305843009213693967:375;2305843009213693973:3,Symbolica_default,cached_powers_Q,188,84,1.906,BalancedZippelSeparated
fire7_nb0_rank0236,Automatic,1,ok,3953.274,367,2,1,0,0,2305843009213693967:364;2305843009213693973:3,Symbolica_default,cached_powers_Q,200,77,2.198,BalancedZippelSeparated
fire7_nb0_rank0237,Automatic,1,ok,3740.823,375,2,1,0,0,2305843009213693967:372;2305843009213693973:3,Symbolica_default,cached_powers_Q,153,126,2.230,BalancedZippelSeparated
fire7_nb0_rank0238,Automatic,1,ok,4429.616,400,2,1,0,0,2305843009213693967:397;2305843009213693973:3,Symbolica_default,cached_powers_Q,196,78,1.960,BalancedZippelSeparated
fire7_nb0_rank0239,Automatic,1,ok,3952.535,379,2,1,0,0,2305843009213693967:376;2305843009213693973:3,Symbolica_default,cached_powers_Q,207,72,2.175,BalancedZippelSeparated
fire7_nb0_rank0240,Automatic,1,ok,4195.195,417,2,1,0,0,2305843009213693967:414;2305843009213693973:3,Symbolica_default,cached_powers_Q,192,85,2.113,BalancedZippelSeparated
fire7_nb0_rank0241,Automatic,1,ok,3423.192,330,2,1,0,0,2305843009213693967:327;2305843009213693973:3,Symbolica_default,cached_powers_Q,180,90,2.097,BalancedZippelSeparated
fire7_nb0_rank0242,Automatic,1,ok,4555.767,442,2,1,0,0,2305843009213693967:439;2305843009213693973:3,Symbolica_default,cached_powers_Q,223,55,2.254,BalancedZippelSeparated
fire7_nb0_rank0243,Automatic,1,ok,3725.023,350,2,1,0,0,2305843009213693967:347;2305843009213693973:3,Symbolica_default,cached_powers_Q,140,140,2.082,BalancedZippelSeparated
fire7_nb0_rank0244,Automatic,1,ok,3934.894,350,2,1,0,0,2305843009213693967:347;2305843009213693973:3,Symbolica_default,cached_powers_Q,140,140,1.875,BalancedZippelSeparated
fire7_nb0_rank0245,Automatic,1,ok,4564.447,441,2,1,0,0,2305843009213693967:438;2305843009213693973:3,Symbolica_default,cached_powers_Q,223,55,2.222,BalancedZippelSeparated
fire7_nb0_rank0246,Automatic,1,ok,3449.333,331,2,1,0,0,2305843009213693967:328;2305843009213693973:3,Symbolica_default,cached_powers_Q,207,56,2.180,BalancedZippelSeparated
fire7_nb0_rank0247,Automatic,1,ok,4575.187,433,2,1,0,0,2305843009213693967:430;2305843009213693973:3,Symbolica_default,cached_powers_Q,218,55,2.175,BalancedZippelSeparated
fire7_nb0_rank0248,Automatic,1,ok,3769.364,387,2,1,0,0,2305843009213693967:384;2305843009213693973:3,Symbolica_default,cached_powers_Q,200,56,2.042,BalancedZippelSeparated
fire7_nb0_rank0249,Automatic,1,ok,4248.715,436,2,1,0,0,2305843009213693967:433;2305843009213693973:3,Symbolica_default,cached_powers_Q,205,60,2.233,BalancedZippelSeparated
fire7_nb0_rank0250,Automatic,1,ok,3609.013,346,2,1,0,0,2305843009213693967:343;2305843009213693973:3,Symbolica_default,cached_powers_Q,185,78,2.061,BalancedZippelSeparated
fire7_nb0_rank0251,Automatic,1,ok,3538.033,348,2,1,0,0,2305843009213693967:345;2305843009213693973:3,Symbolica_default,cached_powers_Q,203,56,2.057,BalancedZippelSeparated
fire7_nb0_rank0252,Automatic,1,ok,4341.186,398,2,1,0,0,2305843009213693967:395;2305843009213693973:3,Symbolica_default,cached_powers_Q,170,102,2.194,BalancedZippelSeparated
fire7_nb0_rank0253,Automatic,1,ok,5682.591,468,2,1,0,0,2305843009213693967:465;2305843009213693973:3,Symbolica_default,cached_powers_Q,189,95,2.174,BalancedZippelSeparated
fire7_nb0_rank0254,Automatic,1,ok,31124.944,392,2,1,0,0,2305843009213693967:389;2305843009213693973:3,Symbolica_default,cached_powers_Q,208,70,2.295,BalancedZippelSeparated
fire7_nb0_rank0255,Automatic,1,ok,3907.575,389,2,1,0,0,2305843009213693967:386;2305843009213693973:3,Symbolica_default,cached_powers_Q,192,85,2.167,BalancedZippelSeparated
fire7_nb0_rank0256,Automatic,1,ok,4028.794,354,2,1,0,0,2305843009213693967:351;2305843009213693973:3,Symbolica_default,cached_powers_Q,144,108,1.785,BalancedZippelSeparated
fire7_nb0_rank0257,Automatic,1,ok,4532.587,442,2,1,0,0,2305843009213693967:439;2305843009213693973:3,Symbolica_default,cached_powers_Q,144,125,2.045,BalancedZippelSeparated
fire7_nb0_rank0258,Automatic,1,ok,3165.012,288,2,1,0,0,2305843009213693967:285;2305843009213693973:3,Symbolica_default,cached_powers_Q,133,126,2.101,BalancedZippelSeparated
fire7_nb0_rank0259,Automatic,1,ok,3236.042,264,2,1,0,0,2305843009213693967:261;2305843009213693973:3,Symbolica_default,cached_powers_Q,133,126,1.854,BalancedZippelSeparated
fire7_nb0_rank0260,Automatic,1,ok,3429.623,306,2,1,0,0,2305843009213693967:303;2305843009213693973:3,Symbolica_default,cached_powers_Q,160,84,2.224,BalancedZippelSeparated
fire7_nb0_rank0261,Automatic,1,ok,3450.973,324,2,1,0,0,2305843009213693967:321;2305843009213693973:3,Symbolica_default,cached_powers_Q,180,78,1.988,BalancedZippelSeparated
fire7_nb0_rank0262,Automatic,1,ok,3330.372,306,2,1,0,0,2305843009213693967:303;2305843009213693973:3,Symbolica_default,cached_powers_Q,171,84,2.029,BalancedZippelSeparated
fire7_nb0_rank0263,Automatic,1,ok,4211.026,425,2,1,0,0,2305843009213693967:422;2305843009213693973:3,Symbolica_default,cached_powers_Q,224,45,2.051,BalancedZippelSeparated
fire7_nb0_rank0264,Automatic,1,ok,4647.846,467,2,1,0,0,2305843009213693967:464;2305843009213693973:3,Symbolica_default,cached_powers_Q,154,120,2.145,BalancedZippelSeparated
fire7_nb0_rank0265,Automatic,1,ok,23008.614,365,2,1,0,0,2305843009213693967:362;2305843009213693973:3,Symbolica_default,cached_powers_Q,169,90,1.901,BalancedZippelSeparated
fire7_nb0_rank0266,Automatic,1,ok,4472.337,442,2,1,0,0,2305843009213693967:439;2305843009213693973:3,Symbolica_default,cached_powers_Q,143,125,2.121,BalancedZippelSeparated
fire7_nb0_rank0267,Automatic,1,ok,3055.531,300,2,1,0,0,2305843009213693967:297;2305843009213693973:3,Symbolica_default,cached_powers_Q,142,108,2.021,BalancedZippelSeparated
fire7_nb0_rank0268,Automatic,1,ok,2963.511,300,2,1,0,0,2305843009213693967:297;2305843009213693973:3,Symbolica_default,cached_powers_Q,171,72,2.071,BalancedZippelSeparated
fire7_nb0_rank0269,Automatic,1,ok,3903.225,365,2,1,0,0,2305843009213693967:362;2305843009213693973:3,Symbolica_default,cached_powers_Q,99,162,2.008,BalancedZippelSeparated
fire7_nb0_rank0270,Automatic,1,ok,3867.314,365,2,1,0,0,2305843009213693967:362;2305843009213693973:3,Symbolica_default,cached_powers_Q,99,162,1.994,BalancedZippelSeparated
fire7_nb0_rank0271,Automatic,1,ok,3559.083,327,2,1,0,0,2305843009213693967:324;2305843009213693973:3,Symbolica_default,cached_powers_Q,179,63,1.909,BalancedZippelSeparated
fire7_nb0_rank0272,Automatic,1,ok,3621.103,380,2,1,0,0,2305843009213693967:377;2305843009213693973:3,Symbolica_default,cached_powers_Q,184,70,1.967,BalancedZippelSeparated
fire7_nb0_rank0273,Automatic,1,ok,4811.918,382,2,1,0,0,2305843009213693967:379;2305843009213693973:3,Symbolica_default,cached_powers_Q,207,35,2.372,BalancedZippelSeparated
fire7_nb0_rank0274,Automatic,1,ok,4451.307,424,2,1,0,0,2305843009213693967:421;2305843009213693973:3,Symbolica_default,cached_powers_Q,227,35,2.500,BalancedZippelSeparated
fire7_nb0_rank0275,Automatic,1,ok,5013.299,520,2,1,0,0,2305843009213693967:517;2305843009213693973:3,Symbolica_default,cached_powers_Q,216,55,2.167,BalancedZippelSeparated
fire7_nb0_rank0276,Automatic,1,ok,3101.631,300,2,1,0,0,2305843009213693967:297;2305843009213693973:3,Symbolica_default,cached_powers_Q,179,63,1.736,BalancedZippelSeparated
fire7_nb0_rank0277,Automatic,1,ok,3642.123,360,2,1,0,0,2305843009213693967:357;2305843009213693973:3,Symbolica_default,cached_powers_Q,178,63,2.085,BalancedZippelSeparated
fire7_nb0_rank0278,Automatic,1,ok,4617.847,493,2,1,0,0,2305843009213693967:490;2305843009213693973:3,Symbolica_default,cached_powers_Q,198,65,2.079,BalancedZippelSeparated
fire7_nb0_rank0279,Automatic,1,ok,4157.605,386,2,1,0,0,2305843009213693967:383;2305843009213693973:3,Symbolica_default,cached_powers_Q,209,45,2.344,BalancedZippelSeparated
fire7_nb0_rank0280,Automatic,1,ok,3047.501,312,2,1,0,0,2305843009213693967:309;2305843009213693973:3,Symbolica_default,cached_powers_Q,192,56,1.924,BalancedZippelSeparated
fire7_nb0_rank0281,Automatic,1,ok,3229.201,322,2,1,0,0,2305843009213693967:319;2305843009213693973:3,Symbolica_default,cached_powers_Q,162,84,1.996,BalancedZippelSeparated
fire7_nb0_rank0282,Automatic,1,ok,3952.575,367,2,1,0,0,2305843009213693967:364;2305843009213693973:3,Symbolica_default,cached_powers_Q,96,162,2.075,BalancedZippelSeparated
fire7_nb0_rank0283,Automatic,1,ok,4142.225,422,2,1,0,0,2305843009213693967:419;2305843009213693973:3,Symbolica_default,cached_powers_Q,174,95,2.043,BalancedZippelSeparated
fire7_nb0_rank0284,Automatic,1,ok,3133.821,301,2,1,0,0,2305843009213693967:298;2305843009213693973:3,Symbolica_default,cached_powers_Q,139,108,1.994,BalancedZippelSeparated
fire7_nb0_rank0285,Automatic,1,ok,3455.472,357,2,1,0,0,2305843009213693967:354;2305843009213693973:3,Symbolica_default,cached_powers_Q,166,85,2.041,BalancedZippelSeparated
fire7_nb0_rank0286,Automatic,1,ok,4185.466,406,2,1,0,0,2305843009213693967:403;2305843009213693973:3,Symbolica_default,cached_powers_Q,175,90,1.879,BalancedZippelSeparated
fire7_nb0_rank0287,Automatic,1,ok,2992.620,278,2,1,0,0,2305843009213693967:275;2305843009213693973:3,Symbolica_default,cached_powers_Q,171,64,1.691,BalancedZippelSeparated
fire7_nb0_rank0288,Automatic,1,ok,22122.081,516,2,1,0,0,2305843009213693967:513;2305843009213693973:3,Symbolica_default,cached_powers_Q,198,60,1.917,BalancedZippelSeparated
fire7_nb0_rank0289,Automatic,1,ok,3715.253,395,2,1,0,0,2305843009213693967:392;2305843009213693973:3,Symbolica_default,cached_powers_Q,196,48,2.040,BalancedZippelSeparated
fire7_nb0_rank0290,Automatic,1,ok,4492.887,494,2,1,0,0,2305843009213693967:491;2305843009213693973:3,Symbolica_default,cached_powers_Q,198,65,1.977,BalancedZippelSeparated
fire7_nb0_rank0291,Automatic,1,ok,3925.384,406,2,1,0,0,2305843009213693967:403;2305843009213693973:3,Symbolica_default,cached_powers_Q,175,90,2.065,BalancedZippelSeparated
fire7_nb0_rank0292,Automatic,1,ok,3130.242,338,2,1,0,0,2305843009213693967:335;2305843009213693973:3,Symbolica_default,cached_powers_Q,162,72,1.943,BalancedZippelSeparated
fire7_nb0_rank0293,Automatic,1,ok,3252.222,313,2,1,0,0,2305843009213693967:310;2305843009213693973:3,Symbolica_default,cached_powers_Q,198,40,2.186,BalancedZippelSeparated
fire7_nb0_rank0294,Automatic,1,ok,3559.343,336,2,1,0,0,2305843009213693967:333;2305843009213693973:3,Symbolica_default,cached_powers_Q,173,66,1.756,BalancedZippelSeparated
fire7_nb0_rank0295,Automatic,1,ok,3407.912,335,2,1,0,0,2305843009213693967:332;2305843009213693973:3,Symbolica_default,cached_powers_Q,171,72,1.780,BalancedZippelSeparated
fire7_nb0_rank0296,Automatic,1,ok,3523.393,342,2,1,0,0,2305843009213693967:339;2305843009213693973:3,Symbolica_default,cached_powers_Q,144,102,1.750,BalancedZippelSeparated
fire7_nb0_rank0297,Automatic,1,ok,3564.033,298,2,1,0,0,2305843009213693967:295;2305843009213693973:3,Symbolica_default,cached_powers_Q,179,54,2.237,BalancedZippelSeparated
fire7_nb0_rank0298,Automatic,1,ok,3502.362,350,2,1,0,0,2305843009213693967:347;2305843009213693973:3,Symbolica_default,cached_powers_Q,184,54,1.741,BalancedZippelSeparated
fire7_nb0_rank0299,Automatic,1,ok,4654.337,515,2,1,0,0,2305843009213693967:512;2305843009213693973:3,Symbolica_default,cached_powers_Q,198,60,2.009,BalancedZippelSeparated
fire7_nb0_rank0300,Automatic,1,ok,3394.492,345,2,1,0,0,2305843009213693967:342;2305843009213693973:3,Symbolica_default,cached_powers_Q,184,54,1.606,BalancedZippelSeparated
fire7_nb0_rank0301,Automatic,1,ok,3843.484,390,2,1,0,0,2305843009213693967:387;2305843009213693973:3,Symbolica_default,cached_powers_Q,148,95,2.022,BalancedZippelSeparated
fire7_nb0_rank0302,Automatic,1,ok,3608.823,390,2,1,0,0,2305843009213693967:387;2305843009213693973:3,Symbolica_default,cached_powers_Q,148,95,1.954,BalancedZippelSeparated
fire7_nb0_rank0303,Automatic,1,ok,3513.923,362,2,1,0,0,2305843009213693967:359;2305843009213693973:3,Symbolica_default,cached_powers_Q,168,85,1.923,BalancedZippelSeparated
fire7_nb0_rank0304,Automatic,1,ok,32745.170,307,2,1,0,0,2305843009213693967:304;2305843009213693973:3,Symbolica_default,cached_powers_Q,184,56,1.893,BalancedZippelSeparated
fire7_nb0_rank0305,Automatic,1,ok,2600.860,273,2,1,0,0,2305843009213693967:270;2305843009213693973:3,Symbolica_default,cached_powers_Q,162,64,1.909,BalancedZippelSeparated
fire7_nb0_rank0306,Automatic,1,ok,3285.222,357,2,1,0,0,2305843009213693967:354;2305843009213693973:3,Symbolica_default,cached_powers_Q,165,72,1.994,BalancedZippelSeparated
fire7_nb0_rank0307,Automatic,1,ok,4122.964,334,2,1,0,0,2305843009213693967:331;2305843009213693973:3,Symbolica_default,cached_powers_Q,167,65,1.694,BalancedZippelSeparated
fire7_nb0_rank0308,Automatic,1,ok,3742.624,312,2,1,0,0,2305843009213693967:309;2305843009213693973:3,Symbolica_default,cached_powers_Q,90,154,1.677,BalancedZippelSeparated
fire7_nb0_rank0309,Automatic,1,ok,3636.943,367,2,1,0,0,2305843009213693967:364;2305843009213693973:3,Symbolica_default,cached_powers_Q,152,90,1.688,BalancedZippelSeparated
fire7_nb0_rank0310,Automatic,1,ok,3586.533,395,2,1,0,0,2305843009213693967:392;2305843009213693973:3,Symbolica_default,cached_powers_Q,181,48,1.978,BalancedZippelSeparated
fire7_nb0_rank0311,Automatic,1,ok,3481.543,323,2,1,0,0,2305843009213693967:320;2305843009213693973:3,Symbolica_default,cached_powers_Q,120,108,1.469,BalancedZippelSeparated
fire7_nb0_rank0312,Automatic,1,ok,3163.822,323,2,1,0,0,2305843009213693967:320;2305843009213693973:3,Symbolica_default,cached_powers_Q,120,108,1.896,BalancedZippelSeparated
fire7_nb0_rank0313,Automatic,1,ok,3699.924,396,2,1,0,0,2305843009213693967:393;2305843009213693973:3,Symbolica_default,cached_powers_Q,196,40,1.843,BalancedZippelSeparated
fire7_nb0_rank0314,Automatic,1,ok,2702.080,264,2,1,0,0,2305843009213693967:261;2305843009213693973:3,Symbolica_default,cached_powers_Q,131,108,1.953,BalancedZippelSeparated
fire7_nb0_rank0315,Automatic,1,ok,3735.424,407,2,1,0,0,2305843009213693967:404;2305843009213693973:3,Symbolica_default,cached_powers_Q,153,80,1.872,BalancedZippelSeparated
fire7_nb0_rank0316,Automatic,1,ok,22993.044,368,2,1,0,0,2305843009213693967:365;2305843009213693973:3,Symbolica_default,cached_powers_Q,144,90,1.669,BalancedZippelSeparated
fire7_nb0_rank0317,Automatic,1,ok,4129.545,407,2,1,0,0,2305843009213693967:404;2305843009213693973:3,Symbolica_default,cached_powers_Q,152,80,1.931,BalancedZippelSeparated
fire7_nb0_rank0318,Automatic,1,ok,3795.494,357,2,1,0,0,2305843009213693967:354;2305843009213693973:3,Symbolica_default,cached_powers_Q,175,45,1.678,BalancedZippelSeparated
fire7_nb0_rank0319,Automatic,1,ok,3684.013,350,2,1,0,0,2305843009213693967:347;2305843009213693973:3,Symbolica_default,cached_powers_Q,184,45,1.838,BalancedZippelSeparated
fire7_nb0_rank0320,Automatic,1,ok,4584.257,456,2,1,0,0,2305843009213693967:453;2305843009213693973:3,Symbolica_default,cached_powers_Q,147,96,2.061,BalancedZippelSeparated
fire7_nb0_rank0321,Automatic,1,ok,3566.663,372,2,1,0,0,2305843009213693967:369;2305843009213693973:3,Symbolica_default,cached_powers_Q,150,85,1.898,BalancedZippelSeparated
fire7_nb0_rank0322,Automatic,1,ok,3831.884,372,2,1,0,0,2305843009213693967:369;2305843009213693973:3,Symbolica_default,cached_powers_Q,150,85,1.719,BalancedZippelSeparated
fire7_nb0_rank0323,Automatic,1,ok,4545.977,399,2,1,0,0,2305843009213693967:396;2305843009213693973:3,Symbolica_default,cached_powers_Q,161,72,1.666,BalancedZippelSeparated
fire7_nb0_rank0324,Automatic,1,ok,4049.805,349,2,1,0,0,2305843009213693967:346;2305843009213693973:3,Symbolica_default,cached_powers_Q,195,40,1.771,BalancedZippelSeparated
fire7_nb0_rank0325,Automatic,1,ok,6169.272,533,2,1,0,0,2305843009213693967:530;2305843009213693973:3,Symbolica_default,cached_powers_Q,150,100,1.561,BalancedZippelSeparated
fire7_nb0_rank0326,Automatic,1,ok,4233.045,413,2,1,0,0,2305843009213693967:410;2305843009213693973:3,Symbolica_default,cached_powers_Q,153,80,1.892,BalancedZippelSeparated
fire7_nb0_rank0327,Automatic,1,ok,4151.085,442,2,1,0,0,2305843009213693967:439;2305843009213693973:3,Symbolica_default,cached_powers_Q,147,88,1.904,BalancedZippelSeparated
fire7_nb0_rank0328,Automatic,1,ok,2846.330,286,2,1,0,0,2305843009213693967:283;2305843009213693973:3,Symbolica_default,cached_powers_Q,159,49,1.928,BalancedZippelSeparated
fire7_nb0_rank0329,Automatic,1,ok,3621.303,362,2,1,0,0,2305843009213693967:359;2305843009213693973:3,Symbolica_default,cached_powers_Q,144,85,1.595,BalancedZippelSeparated
fire7_nb0_rank0330,Automatic,1,ok,3255.212,313,2,1,0,0,2305843009213693967:310;2305843009213693973:3,Symbolica_default,cached_powers_Q,152,72,1.653,BalancedZippelSeparated
fire7_nb0_rank0331,Automatic,1,ok,2980.161,266,2,1,0,0,2305843009213693967:263;2305843009213693973:3,Symbolica_default,cached_powers_Q,171,40,2.228,BalancedZippelSeparated
fire7_nb0_rank0332,Automatic,1,ok,3033.222,320,2,1,0,0,2305843009213693967:317;2305843009213693973:3,Symbolica_default,cached_powers_Q,135,90,1.919,BalancedZippelSeparated
fire7_nb0_rank0333,Automatic,1,ok,3873.634,378,2,1,0,0,2305843009213693967:375;2305843009213693973:3,Symbolica_default,cached_powers_Q,122,120,1.683,BalancedZippelSeparated
fire7_nb0_rank0334,Automatic,1,ok,2908.371,317,2,1,0,0,2305843009213693967:314;2305843009213693973:3,Symbolica_default,cached_powers_Q,156,65,1.796,BalancedZippelSeparated
fire7_nb0_rank0335,Automatic,1,ok,2943.051,323,2,1,0,0,2305843009213693967:320;2305843009213693973:3,Symbolica_default,cached_powers_Q,120,90,1.789,BalancedZippelSeparated
fire7_nb0_rank0336,Automatic,1,ok,3555.503,344,2,1,0,0,2305843009213693967:341;2305843009213693973:3,Symbolica_default,cached_powers_Q,174,60,1.844,BalancedZippelSeparated
fire7_nb0_rank0337,Automatic,1,ok,4928.878,518,2,1,0,0,2305843009213693967:515;2305843009213693973:3,Symbolica_default,cached_powers_Q,144,100,1.957,BalancedZippelSeparated
fire7_nb0_rank0338,Automatic,1,ok,2696.970,280,2,1,0,0,2305843009213693967:277;2305843009213693973:3,Symbolica_default,cached_powers_Q,135,78,1.819,BalancedZippelSeparated
fire7_nb0_rank0339,Automatic,1,ok,26960.829,272,2,1,0,0,2305843009213693967:269;2305843009213693973:3,Symbolica_default,cached_powers_Q,160,56,1.609,BalancedZippelSeparated
fire7_nb0_rank0340,Automatic,1,ok,3290.642,362,2,1,0,0,2305843009213693967:359;2305843009213693973:3,Symbolica_default,cached_powers_Q,175,55,1.897,BalancedZippelSeparated
fire7_nb0_rank0341,Automatic,1,ok,2960.271,323,2,1,0,0,2305843009213693967:320;2305843009213693973:3,Symbolica_default,cached_powers_Q,166,42,1.948,BalancedZippelSeparated
fire7_nb0_rank0342,Automatic,1,ok,3511.813,401,2,1,0,0,2305843009213693967:398;2305843009213693973:3,Symbolica_default,cached_powers_Q,186,40,1.846,BalancedZippelSeparated
fire7_nb0_rank0343,Automatic,1,ok,3498.343,355,2,1,0,0,2305843009213693967:352;2305843009213693973:3,Symbolica_default,cached_powers_Q,181,30,1.863,BalancedZippelSeparated
fire7_nb0_rank0344,Automatic,1,ok,2713.350,266,2,1,0,0,2305843009213693967:263;2305843009213693973:3,Symbolica_default,cached_powers_Q,80,140,1.757,BalancedZippelSeparated
fire7_nb0_rank0345,Automatic,1,ok,4846.948,379,2,1,0,0,2305843009213693967:376;2305843009213693973:3,Symbolica_default,cached_powers_Q,147,72,1.817,BalancedZippelSeparated
fire7_nb0_rank0346,Automatic,1,ok,3086.211,256,2,1,0,0,2305843009213693967:253;2305843009213693973:3,Symbolica_default,cached_powers_Q,162,40,2.097,BalancedZippelSeparated
fire7_nb0_rank0347,Automatic,1,ok,4057.915,431,2,1,0,0,2305843009213693967:428;2305843009213693973:3,Symbolica_default,cached_powers_Q,186,40,1.853,BalancedZippelSeparated
fire7_nb0_rank0348,Automatic,1,ok,31426.965,279,2,1,0,0,2305843009213693967:276;2305843009213693973:3,Symbolica_default,cached_powers_Q,152,56,1.832,BalancedZippelSeparated
fire7_nb0_rank0349,Automatic,1,ok,2479.089,276,2,1,0,0,2305843009213693967:273;2305843009213693973:3,Symbolica_default,cached_powers_Q,152,54,1.770,BalancedZippelSeparated
fire7_nb0_rank0350,Automatic,1,ok,2682.349,267,2,1,0,0,2305843009213693967:264;2305843009213693973:3,Symbolica_default,cached_powers_Q,152,56,1.545,BalancedZippelSeparated
fire7_nb0_rank0351,Automatic,1,ok,3819.644,409,2,1,0,0,2305843009213693967:406;2305843009213693973:3,Symbolica_default,cached_powers_Q,154,75,1.401,BalancedZippelSeparated
fire7_nb0_rank0352,Automatic,1,ok,3469.343,381,2,1,0,0,2305843009213693967:378;2305843009213693973:3,Symbolica_default,cached_powers_Q,157,68,1.853,BalancedZippelSeparated
fire7_nb0_rank0353,Automatic,1,ok,3208.032,332,2,1,0,0,2305843009213693967:329;2305843009213693973:3,Symbolica_default,cached_powers_Q,120,90,1.645,BalancedZippelSeparated
fire7_nb0_rank0354,Automatic,1,ok,2678.500,274,2,1,0,0,2305843009213693967:271;2305843009213693973:3,Symbolica_default,cached_powers_Q,171,35,2.027,BalancedZippelSeparated
fire7_nb0_rank0355,Automatic,1,ok,4056.765,409,2,1,0,0,2305843009213693967:406;2305843009213693973:3,Symbolica_default,cached_powers_Q,119,100,1.657,BalancedZippelSeparated
fire7_nb0_rank0356,Automatic,1,ok,3557.053,374,2,1,0,0,2305843009213693967:371;2305843009213693973:3,Symbolica_default,cached_powers_Q,150,68,1.887,BalancedZippelSeparated
fire7_nb0_rank0357,Automatic,1,ok,2859.761,262,2,1,0,0,2305843009213693967:259;2305843009213693973:3,Symbolica_default,cached_powers_Q,126,84,1.520,BalancedZippelSeparated
fire7_nb0_rank0358,Automatic,1,ok,3057.061,339,2,1,0,0,2305843009213693967:336;2305843009213693973:3,Symbolica_default,cached_powers_Q,174,24,1.967,BalancedZippelSeparated
fire7_nb0_rank0359,Automatic,1,ok,3083.432,325,2,1,0,0,2305843009213693967:322;2305843009213693973:3,Symbolica_default,cached_powers_Q,144,60,1.616,BalancedZippelSeparated
fire7_nb0_rank0360,Automatic,1,ok,3062.751,324,2,1,0,0,2305843009213693967:321;2305843009213693973:3,Symbolica_default,cached_powers_Q,158,45,1.998,BalancedZippelSeparated
fire7_nb0_rank0361,Automatic,1,ok,2892.281,304,2,1,0,0,2305843009213693967:301;2305843009213693973:3,Symbolica_default,cached_powers_Q,135,70,1.370,BalancedZippelSeparated
fire7_nb0_rank0362,Automatic,1,ok,2861.920,278,2,1,0,0,2305843009213693967:275;2305843009213693973:3,Symbolica_default,cached_powers_Q,144,60,1.541,BalancedZippelSeparated
fire7_nb0_rank0363,Automatic,1,ok,3269.722,364,2,1,0,0,2305843009213693967:361;2305843009213693973:3,Symbolica_default,cached_powers_Q,144,68,1.814,BalancedZippelSeparated
fire7_nb0_rank0364,Automatic,1,ok,3060.481,319,2,1,0,0,2305843009213693967:316;2305843009213693973:3,Symbolica_default,cached_powers_Q,154,52,1.838,BalancedZippelSeparated
fire7_nb0_rank0365,Automatic,1,ok,3296.592,347,2,1,0,0,2305843009213693967:344;2305843009213693973:3,Symbolica_default,cached_powers_Q,187,25,2.168,BalancedZippelSeparated
fire7_nb0_rank0366,Automatic,1,ok,2768.170,255,2,1,0,0,2305843009213693967:252;2305843009213693973:3,Symbolica_default,cached_powers_Q,72,140,1.594,BalancedZippelSeparated
fire7_nb0_rank0367,Automatic,1,ok,2860.650,304,2,1,0,0,2305843009213693967:301;2305843009213693973:3,Symbolica_default,cached_powers_Q,144,60,1.625,BalancedZippelSeparated
fire7_nb0_rank0368,Automatic,1,ok,3737.033,407,2,1,0,0,2305843009213693967:404;2305843009213693973:3,Symbolica_default,cached_powers_Q,186,28,2.125,BalancedZippelSeparated
fire7_nb0_rank0369,Automatic,1,ok,2709.750,304,2,1,0,0,2305843009213693967:301;2305843009213693973:3,Symbolica_default,cached_powers_Q,139,65,1.770,BalancedZippelSeparated
fire7_nb0_rank0370,Automatic,1,ok,3021.731,304,2,1,0,0,2305843009213693967:301;2305843009213693973:3,Symbolica_default,cached_powers_Q,164,40,1.391,BalancedZippelSeparated
fire7_nb0_rank0371,Automatic,1,ok,2827.091,308,2,1,0,0,2305843009213693967:305;2305843009213693973:3,Symbolica_default,cached_powers_Q,148,55,1.808,BalancedZippelSeparated
fire7_nb0_rank0372,Automatic,1,ok,2972.501,335,2,1,0,0,2305843009213693967:332;2305843009213693973:3,Symbolica_default,cached_powers_Q,119,90,1.889,BalancedZippelSeparated
fire7_nb0_rank0373,Automatic,1,ok,2664.629,268,2,1,0,0,2305843009213693967:265;2305843009213693973:3,Symbolica_default,cached_powers_Q,152,48,1.518,BalancedZippelSeparated
fire7_nb0_rank0374,Automatic,1,ok,4012.754,398,2,1,0,0,2305843009213693967:395;2305843009213693973:3,Symbolica_default,cached_powers_Q,179,36,1.613,BalancedZippelSeparated
fire7_nb0_rank0375,Automatic,1,ok,3153.621,302,2,1,0,0,2305843009213693967:299;2305843009213693973:3,Symbolica_default,cached_powers_Q,147,60,1.347,BalancedZippelSeparated
fire7_nb0_rank0376,Automatic,1,ok,2722.550,323,2,1,0,0,2305843009213693967:320;2305843009213693973:3,Symbolica_default,cached_powers_Q,151,45,1.638,BalancedZippelSeparated
fire7_nb0_rank0377,Automatic,1,ok,3671.003,399,2,1,0,0,2305843009213693967:396;2305843009213693973:3,Symbolica_default,cached_powers_Q,180,28,2.163,BalancedZippelSeparated
fire7_nb0_rank0378,Automatic,1,ok,2775.390,292,2,1,0,0,2305843009213693967:289;2305843009213693973:3,Symbolica_default,cached_powers_Q,147,60,1.782,BalancedZippelSeparated
fire7_nb0_rank0379,Automatic,1,ok,2893.440,266,2,1,0,0,2305843009213693967:263;2305843009213693973:3,Symbolica_default,cached_powers_Q,152,48,1.543,BalancedZippelSeparated
fire7_nb0_rank0380,Automatic,1,ok,3101.831,263,2,1,0,0,2305843009213693967:260;2305843009213693973:3,Symbolica_default,cached_powers_Q,144,60,1.327,BalancedZippelSeparated
fire7_nb0_rank0381,Automatic,1,ok,3332.732,330,2,1,0,0,2305843009213693967:327;2305843009213693973:3,Symbolica_default,cached_powers_Q,125,85,1.476,BalancedZippelSeparated
fire7_nb0_rank0382,Automatic,1,ok,2204.498,207,2,1,0,0,2305843009213693967:204;2305843009213693973:3,Symbolica_default,cached_powers_Q,97,98,1.461,BalancedZippelSeparated
fire7_nb0_rank0383,Automatic,1,ok,2358.389,253,2,1,0,0,2305843009213693967:250;2305843009213693973:3,Symbolica_default,cached_powers_Q,140,54,1.467,BalancedZippelSeparated
fire7_nb0_rank0384,Automatic,1,ok,3745.644,413,2,1,0,0,2305843009213693967:410;2305843009213693973:3,Symbolica_default,cached_powers_Q,179,36,2.027,BalancedZippelSeparated
fire7_nb0_rank0385,Automatic,1,ok,3280.372,331,2,1,0,0,2305843009213693967:328;2305843009213693973:3,Symbolica_default,cached_powers_Q,87,125,1.533,BalancedZippelSeparated
fire7_nb0_rank0386,Automatic,1,ok,2616.650,266,2,1,0,0,2305843009213693967:263;2305843009213693973:3,Symbolica_default,cached_powers_Q,148,42,1.942,BalancedZippelSeparated
fire7_nb0_rank0387,Automatic,1,ok,3143.402,331,2,1,0,0,2305843009213693967:328;2305843009213693973:3,Symbolica_default,cached_powers_Q,87,125,1.566,BalancedZippelSeparated
fire7_nb0_rank0388,Automatic,1,ok,2723.219,279,2,1,0,0,2305843009213693967:276;2305843009213693973:3,Symbolica_default,cached_powers_Q,101,100,1.789,BalancedZippelSeparated
fire7_nb0_rank0389,Automatic,1,ok,2805.650,265,2,1,0,0,2305843009213693967:262;2305843009213693973:3,Symbolica_default,cached_powers_Q,101,100,1.555,BalancedZippelSeparated
fire7_nb0_rank0390,Automatic,1,ok,3192.701,318,2,1,0,0,2305843009213693967:315;2305843009213693973:3,Symbolica_default,cached_powers_Q,112,100,1.322,BalancedZippelSeparated
fire7_nb0_rank0391,Automatic,1,ok,4346.916,476,2,1,0,0,2305843009213693967:473;2305843009213693973:3,Symbolica_default,cached_powers_Q,164,66,1.814,BalancedZippelSeparated
fire7_nb0_rank0392,Automatic,1,ok,2348.799,286,2,1,0,0,2305843009213693967:283;2305843009213693973:3,Symbolica_default,cached_powers_Q,144,45,1.627,BalancedZippelSeparated
fire7_nb0_rank0393,Automatic,1,ok,3031.331,360,2,1,0,0,2305843009213693967:357;2305843009213693973:3,Symbolica_default,cached_powers_Q,161,32,1.464,BalancedZippelSeparated
fire7_nb0_rank0394,Automatic,1,ok,2635.120,257,2,1,0,0,2305843009213693967:254;2305843009213693973:3,Symbolica_default,cached_powers_Q,160,35,2.085,BalancedZippelSeparated
fire7_nb0_rank0395,Automatic,1,ok,3359.852,382,2,1,0,0,2305843009213693967:379;2305843009213693973:3,Symbolica_default,cached_powers_Q,169,35,1.681,BalancedZippelSeparated
fire7_nb0_rank0396,Automatic,1,ok,2667.919,278,2,1,0,0,2305843009213693967:275;2305843009213693973:3,Symbolica_default,cached_powers_Q,135,60,1.761,BalancedZippelSeparated
fire7_nb0_rank0397,Automatic,1,ok,3699.003,390,2,1,0,0,2305843009213693967:387;2305843009213693973:3,Symbolica_default,cached_powers_Q,175,28,2.115,BalancedZippelSeparated
fire7_nb0_rank0398,Automatic,1,ok,2997.361,329,2,1,0,0,2305843009213693967:326;2305843009213693973:3,Symbolica_default,cached_powers_Q,173,30,1.524,BalancedZippelSeparated
fire7_nb0_rank0399,Automatic,1,ok,3046.491,325,2,1,0,0,2305843009213693967:322;2305843009213693973:3,Symbolica_default,cached_powers_Q,152,48,1.353,BalancedZippelSeparated
fire7_nb0_rank0400,Automatic,1,ok,2164.998,236,2,1,0,0,2305843009213693967:233;2305843009213693973:3,Symbolica_default,cached_powers_Q,136,56,1.652,BalancedZippelSeparated
fire7_nb0_rank0401,Automatic,1,ok,2204.368,232,2,1,0,0,2305843009213693967:229;2305843009213693973:3,Symbolica_default,cached_powers_Q,126,63,1.377,BalancedZippelSeparated
fire7_nb0_rank0402,Automatic,1,ok,2864.431,349,2,1,0,0,2305843009213693967:346;2305843009213693973:3,Symbolica_default,cached_powers_Q,126,72,1.589,BalancedZippelSeparated
fire7_nb0_rank0403,Automatic,1,ok,2279.699,228,2,1,0,0,2305843009213693967:225;2305843009213693973:3,Symbolica_default,cached_powers_Q,134,49,1.805,BalancedZippelSeparated
fire7_nb0_rank0404,Automatic,1,ok,2588.650,284,2,1,0,0,2305843009213693967:281;2305843009213693973:3,Symbolica_default,cached_powers_Q,154,48,1.797,BalancedZippelSeparated
fire7_nb0_rank0405,Automatic,1,ok,2365.808,243,2,1,0,0,2305843009213693967:240;2305843009213693973:3,Symbolica_default,cached_powers_Q,134,49,1.901,BalancedZippelSeparated
fire7_nb0_rank0406,Automatic,1,ok,2966.831,319,2,1,0,0,2305843009213693967:316;2305843009213693973:3,Symbolica_default,cached_powers_Q,160,36,1.565,BalancedZippelSeparated
fire7_nb0_rank0407,Automatic,1,ok,20436.095,226,2,1,0,0,2305843009213693967:223;2305843009213693973:3,Symbolica_default,cached_powers_Q,126,63,1.432,BalancedZippelSeparated
fire7_nb0_rank0408,Automatic,1,ok,2915.130,323,2,1,0,0,2305843009213693967:320;2305843009213693973:3,Symbolica_default,cached_powers_Q,125,75,1.783,BalancedZippelSeparated
fire7_nb0_rank0409,Automatic,1,ok,2506.059,246,2,1,0,0,2305843009213693967:243;2305843009213693973:3,Symbolica_default,cached_powers_Q,152,35,2.066,BalancedZippelSeparated
fire7_nb0_rank0410,Automatic,1,ok,3558.533,442,2,1,0,0,2305843009213693967:439;2305843009213693973:3,Symbolica_default,cached_powers_Q,143,60,1.668,BalancedZippelSeparated
fire7_nb0_rank0411,Automatic,1,ok,2218.158,233,2,1,0,0,2305843009213693967:230;2305843009213693973:3,Symbolica_default,cached_powers_Q,99,84,1.385,BalancedZippelSeparated
fire7_nb0_rank0412,Automatic,1,ok,2485.959,297,2,1,0,0,2305843009213693967:294;2305843009213693973:3,Symbolica_default,cached_powers_Q,154,48,1.719,BalancedZippelSeparated
fire7_nb0_rank0413,Automatic,1,ok,2424.089,282,2,1,0,0,2305843009213693967:279;2305843009213693973:3,Symbolica_default,cached_powers_Q,143,40,1.683,BalancedZippelSeparated
fire7_nb0_rank0414,Automatic,1,ok,4869.908,343,2,1,0,0,2305843009213693967:340;2305843009213693973:3,Symbolica_default,cached_powers_Q,119,76,1.577,BalancedZippelSeparated
fire7_nb0_rank0415,Automatic,1,ok,2569.649,237,2,1,0,0,2305843009213693967:234;2305843009213693973:3,Symbolica_default,cached_powers_Q,144,35,2.065,BalancedZippelSeparated
fire7_nb0_rank0416,Automatic,1,ok,2683.530,240,2,1,0,0,2305843009213693967:237;2305843009213693973:3,Symbolica_default,cached_powers_Q,152,28,1.754,BalancedZippelSeparated
fire7_nb0_rank0417,Automatic,1,ok,2806.270,305,2,1,0,0,2305843009213693967:302;2305843009213693973:3,Symbolica_default,cached_powers_Q,161,28,1.880,BalancedZippelSeparated
fire7_nb0_rank0418,Automatic,1,ok,2329.489,241,2,1,0,0,2305843009213693967:238;2305843009213693973:3,Symbolica_default,cached_powers_Q,128,45,1.419,BalancedZippelSeparated
fire7_nb0_rank0419,Automatic,1,ok,1899.376,192,2,1,0,0,2305843009213693967:189;2305843009213693973:3,Symbolica_default,cached_powers_Q,97,84,1.563,BalancedZippelSeparated
fire7_nb0_rank0420,Automatic,1,ok,2628.169,302,2,1,0,0,2305843009213693967:299;2305843009213693973:3,Symbolica_default,cached_powers_Q,125,68,1.607,BalancedZippelSeparated
fire7_nb0_rank0421,Automatic,1,ok,2731.260,287,2,1,0,0,2305843009213693967:284;2305843009213693973:3,Symbolica_default,cached_powers_Q,146,35,2.198,BalancedZippelSeparated
fire7_nb0_rank0422,Automatic,1,ok,2143.948,208,2,1,0,0,2305843009213693967:205;2305843009213693973:3,Symbolica_default,cached_powers_Q,104,72,1.441,BalancedZippelSeparated
fire7_nb0_rank0423,Automatic,1,ok,2659.450,273,2,1,0,0,2305843009213693967:270;2305843009213693973:3,Symbolica_default,cached_powers_Q,112,70,1.472,BalancedZippelSeparated
fire7_nb0_rank0424,Automatic,1,ok,2330.249,231,2,1,0,0,2305843009213693967:228;2305843009213693973:3,Symbolica_default,cached_powers_Q,144,28,1.890,BalancedZippelSeparated
fire7_nb0_rank0425,Automatic,1,ok,20575.306,425,2,1,0,0,2305843009213693967:422;2305843009213693973:3,Symbolica_default,cached_powers_Q,143,54,1.532,BalancedZippelSeparated
fire7_nb0_rank0426,Automatic,1,ok,2540.109,289,2,1,0,0,2305843009213693967:286;2305843009213693973:3,Symbolica_default,cached_powers_Q,119,72,1.673,BalancedZippelSeparated
fire7_nb0_rank0427,Automatic,1,ok,2235.308,233,2,1,0,0,2305843009213693967:230;2305843009213693973:3,Symbolica_default,cached_powers_Q,99,72,1.335,BalancedZippelSeparated
fire7_nb0_rank0428,Automatic,1,ok,2464.149,260,2,1,0,0,2305843009213693967:257;2305843009213693973:3,Symbolica_default,cached_powers_Q,147,30,1.892,BalancedZippelSeparated
fire7_nb0_rank0429,Automatic,1,ok,3257.442,420,2,1,0,0,2305843009213693967:417;2305843009213693973:3,Symbolica_default,cached_powers_Q,131,60,1.729,BalancedZippelSeparated
fire7_nb0_rank0430,Automatic,1,ok,3222.481,366,2,1,0,0,2305843009213693967:363;2305843009213693973:3,Symbolica_default,cached_powers_Q,114,80,1.415,BalancedZippelSeparated
fire7_nb0_rank0431,Automatic,1,ok,2657.740,260,2,1,0,0,2305843009213693967:257;2305843009213693973:3,Symbolica_default,cached_powers_Q,85,100,1.305,BalancedZippelSeparated
fire7_nb0_rank0432,Automatic,1,ok,3155.382,313,2,1,0,0,2305843009213693967:310;2305843009213693973:3,Symbolica_default,cached_powers_Q,137,35,1.481,BalancedZippelSeparated
fire7_nb0_rank0433,Automatic,1,ok,2585.590,286,2,1,0,0,2305843009213693967:283;2305843009213693973:3,Symbolica_default,cached_powers_Q,140,36,1.530,BalancedZippelSeparated
fire7_nb0_rank0434,Automatic,1,ok,17656.004,407,2,1,0,0,2305843009213693967:404;2305843009213693973:3,Symbolica_default,cached_powers_Q,126,60,1.497,BalancedZippelSeparated
fire7_nb0_rank0435,Automatic,1,ok,2903.031,341,2,1,0,0,2305843009213693967:338;2305843009213693973:3,Symbolica_default,cached_powers_Q,143,44,1.438,BalancedZippelSeparated
fire7_nb0_rank0436,Automatic,1,ok,2214.348,243,2,1,0,0,2305843009213693967:240;2305843009213693973:3,Symbolica_default,cached_powers_Q,112,65,1.194,BalancedZippelSeparated
fire7_nb0_rank0437,Automatic,1,ok,2781.359,314,2,1,0,0,2305843009213693967:311;2305843009213693973:3,Symbolica_default,cached_powers_Q,156,28,1.829,BalancedZippelSeparated
fire7_nb0_rank0438,Automatic,1,ok,2055.847,223,2,1,0,0,2305843009213693967:220;2305843009213693973:3,Symbolica_default,cached_powers_Q,119,48,1.448,BalancedZippelSeparated
fire7_nb0_rank0439,Automatic,1,ok,2693.510,335,2,1,0,0,2305843009213693967:332;2305843009213693973:3,Symbolica_default,cached_powers_Q,131,56,1.630,BalancedZippelSeparated
fire7_nb0_rank0440,Automatic,1,ok,2825.971,317,2,1,0,0,2305843009213693967:314;2305843009213693973:3,Symbolica_default,cached_powers_Q,126,60,1.309,BalancedZippelSeparated
fire7_nb0_rank0441,Automatic,1,ok,2489.569,256,2,1,0,0,2305843009213693967:253;2305843009213693973:3,Symbolica_default,cached_powers_Q,119,60,1.456,BalancedZippelSeparated
fire7_nb0_rank0442,Automatic,1,ok,2331.239,243,2,1,0,0,2305843009213693967:240;2305843009213693973:3,Symbolica_default,cached_powers_Q,112,65,1.403,BalancedZippelSeparated
fire7_nb0_rank0443,Automatic,1,ok,2678.210,267,2,1,0,0,2305843009213693967:264;2305843009213693973:3,Symbolica_default,cached_powers_Q,139,30,2.003,BalancedZippelSeparated
fire7_nb0_rank0444,Automatic,1,ok,2570.629,285,2,1,0,0,2305843009213693967:282;2305843009213693973:3,Symbolica_default,cached_powers_Q,126,56,1.607,BalancedZippelSeparated
fire7_nb0_rank0445,Automatic,1,ok,3067.291,380,2,1,0,0,2305843009213693967:377;2305843009213693973:3,Symbolica_default,cached_powers_Q,132,54,1.632,BalancedZippelSeparated
fire7_nb0_rank0446,Automatic,1,ok,2439.039,232,2,1,0,0,2305843009213693967:229;2305843009213693973:3,Symbolica_default,cached_powers_Q,117,49,1.655,BalancedZippelSeparated
fire7_nb0_rank0447,Automatic,1,ok,2921.170,320,2,1,0,0,2305843009213693967:317;2305843009213693973:3,Symbolica_default,cached_powers_Q,138,42,1.427,BalancedZippelSeparated
fire7_nb0_rank0448,Automatic,1,ok,2634.420,288,2,1,0,0,2305843009213693967:285;2305843009213693973:3,Symbolica_default,cached_powers_Q,133,52,1.563,BalancedZippelSeparated
fire7_nb0_rank0449,Automatic,1,ok,2562.670,257,2,1,0,0,2305843009213693967:254;2305843009213693973:3,Symbolica_default,cached_powers_Q,93,90,1.433,BalancedZippelSeparated
fire7_nb0_rank0450,Automatic,1,ok,2202.978,245,2,1,0,0,2305843009213693967:242;2305843009213693973:3,Symbolica_default,cached_powers_Q,119,60,1.595,BalancedZippelSeparated
fire7_nb0_rank0451,Automatic,1,ok,2445.659,229,2,1,0,0,2305843009213693967:226;2305843009213693973:3,Symbolica_default,cached_powers_Q,80,108,1.391,BalancedZippelSeparated
fire7_nb0_rank0452,Automatic,1,ok,2906.461,356,2,1,0,0,2305843009213693967:353;2305843009213693973:3,Symbolica_default,cached_powers_Q,108,80,1.641,BalancedZippelSeparated
fire7_nb0_rank0453,Automatic,1,ok,1752.666,183,2,1,0,0,2305843009213693967:180;2305843009213693973:3,Symbolica_default,cached_powers_Q,79,84,1.365,BalancedZippelSeparated
fire7_nb0_rank0454,Automatic,1,ok,2631.020,313,2,1,0,0,2305843009213693967:310;2305843009213693973:3,Symbolica_default,cached_powers_Q,138,36,1.414,BalancedZippelSeparated
fire7_nb0_rank0455,Automatic,1,ok,2553.379,276,2,1,0,0,2305843009213693967:273;2305843009213693973:3,Symbolica_default,cached_powers_Q,126,56,1.360,BalancedZippelSeparated
fire7_nb0_rank0456,Automatic,1,ok,2357.639,228,2,1,0,0,2305843009213693967:225;2305843009213693973:3,Symbolica_default,cached_powers_Q,122,42,1.507,BalancedZippelSeparated
fire7_nb0_rank0457,Automatic,1,ok,2222.918,227,2,1,0,0,2305843009213693967:224;2305843009213693973:3,Symbolica_default,cached_powers_Q,88,78,1.235,BalancedZippelSeparated
fire7_nb0_rank0458,Automatic,1,ok,2281.218,247,2,1,0,0,2305843009213693967:244;2305843009213693973:3,Symbolica_default,cached_powers_Q,97,90,1.662,BalancedZippelSeparated
fire7_nb0_rank0459,Automatic,1,ok,2661.140,281,2,1,0,0,2305843009213693967:278;2305843009213693973:3,Symbolica_default,cached_powers_Q,124,52,1.419,BalancedZippelSeparated
fire7_nb0_rank0460,Automatic,1,ok,2393.248,279,2,1,0,0,2305843009213693967:276;2305843009213693973:3,Symbolica_default,cached_powers_Q,111,65,1.626,BalancedZippelSeparated
fire7_nb0_rank0461,Automatic,1,ok,1721.686,180,2,1,0,0,2305843009213693967:177;2305843009213693973:3,Symbolica_default,cached_powers_Q,90,70,1.304,BalancedZippelSeparated
fire7_nb0_rank0462,Automatic,1,ok,31733.146,327,2,1,0,0,2305843009213693967:324;2305843009213693973:3,Symbolica_default,cached_powers_Q,113,68,1.447,BalancedZippelSeparated
fire7_nb0_rank0463,Automatic,1,ok,2240.758,225,2,1,0,0,2305843009213693967:222;2305843009213693973:3,Symbolica_default,cached_powers_Q,88,78,1.410,BalancedZippelSeparated
fire7_nb0_rank0464,Automatic,1,ok,2369.439,289,2,1,0,0,2305843009213693967:286;2305843009213693973:3,Symbolica_default,cached_powers_Q,119,52,1.623,BalancedZippelSeparated
fire7_nb0_rank0465,Automatic,1,ok,2901.911,325,2,1,0,0,2305843009213693967:322;2305843009213693973:3,Symbolica_default,cached_powers_Q,133,44,1.316,BalancedZippelSeparated
fire7_nb0_rank0466,Automatic,1,ok,2587.289,267,2,1,0,0,2305843009213693967:264;2305843009213693973:3,Symbolica_default,cached_powers_Q,90,95,1.467,BalancedZippelSeparated
fire7_nb0_rank0467,Automatic,1,ok,2460.599,240,2,1,0,0,2305843009213693967:237;2305843009213693973:3,Symbolica_default,cached_powers_Q,111,54,1.562,BalancedZippelSeparated
fire7_nb0_rank0468,Automatic,1,ok,2312.098,220,2,1,0,0,2305843009213693967:217;2305843009213693973:3,Symbolica_default,cached_powers_Q,119,42,1.593,BalancedZippelSeparated
fire7_nb0_rank0469,Automatic,1,ok,3126.081,371,2,1,0,0,2305843009213693967:368;2305843009213693973:3,Symbolica_default,cached_powers_Q,130,63,1.652,BalancedZippelSeparated
fire7_nb0_rank0470,Automatic,1,ok,2123.377,246,2,1,0,0,2305843009213693967:243;2305843009213693973:3,Symbolica_default,cached_powers_Q,126,45,1.560,BalancedZippelSeparated
fire7_nb0_rank0471,Automatic,1,ok,2674.040,287,2,1,0,0,2305843009213693967:284;2305843009213693973:3,Symbolica_default,cached_powers_Q,144,32,1.160,BalancedZippelSeparated
fire7_nb0_rank0472,Automatic,1,ok,3144.011,376,2,1,0,0,2305843009213693967:373;2305843009213693973:3,Symbolica_default,cached_powers_Q,124,66,1.601,BalancedZippelSeparated
fire7_nb0_rank0473,Automatic,1,ok,2479.249,259,2,1,0,0,2305843009213693967:256;2305843009213693973:3,Symbolica_default,cached_powers_Q,119,56,1.365,BalancedZippelSeparated
fire7_nb0_rank0474,Automatic,1,ok,2126.348,258,2,1,0,0,2305843009213693967:255;2305843009213693973:3,Symbolica_default,cached_powers_Q,111,60,1.523,BalancedZippelSeparated
fire7_nb0_rank0475,Automatic,1,ok,2488.359,293,2,1,0,0,2305843009213693967:290;2305843009213693973:3,Symbolica_default,cached_powers_Q,126,45,1.541,BalancedZippelSeparated
fire7_nb0_rank0476,Automatic,1,ok,2332.529,270,2,1,0,0,2305843009213693967:267;2305843009213693973:3,Symbolica_default,cached_powers_Q,125,48,1.336,BalancedZippelSeparated
fire7_nb0_rank0477,Automatic,1,ok,2253.788,261,2,1,0,0,2305843009213693967:258;2305843009213693973:3,Symbolica_default,cached_powers_Q,91,90,1.517,BalancedZippelSeparated
fire7_nb0_rank0478,Automatic,1,ok,2341.459,237,2,1,0,0,2305843009213693967:234;2305843009213693973:3,Symbolica_default,cached_powers_Q,91,90,1.322,BalancedZippelSeparated
fire7_nb0_rank0479,Automatic,1,ok,2533.879,261,2,1,0,0,2305843009213693967:258;2305843009213693973:3,Symbolica_default,cached_powers_Q,91,90,1.343,BalancedZippelSeparated
fire7_nb0_rank0480,Automatic,1,ok,3573.054,236,2,1,0,0,2305843009213693967:233;2305843009213693973:3,Symbolica_default,cached_powers_Q,96,72,1.492,BalancedZippelSeparated
fire7_nb0_rank0481,Automatic,1,ok,2062.828,233,2,1,0,0,2305843009213693967:230;2305843009213693973:3,Symbolica_default,cached_powers_Q,104,65,1.536,BalancedZippelSeparated
fire7_nb0_rank0482,Automatic,1,ok,2513.199,262,2,1,0,0,2305843009213693967:259;2305843009213693973:3,Symbolica_default,cached_powers_Q,67,100,1.386,BalancedZippelSeparated
fire7_nb0_rank0483,Automatic,1,ok,2560.730,262,2,1,0,0,2305843009213693967:259;2305843009213693973:3,Symbolica_default,cached_powers_Q,67,100,1.466,BalancedZippelSeparated
fire7_nb0_rank0484,Automatic,1,ok,2735.960,305,2,1,0,0,2305843009213693967:302;2305843009213693973:3,Symbolica_default,cached_powers_Q,126,42,1.354,BalancedZippelSeparated
fire7_nb0_rank0485,Automatic,1,ok,2275.168,270,2,1,0,0,2305843009213693967:267;2305843009213693973:3,Symbolica_default,cached_powers_Q,114,60,1.549,BalancedZippelSeparated
fire7_nb0_rank0486,Automatic,1,ok,2354.539,285,2,1,0,0,2305843009213693967:282;2305843009213693973:3,Symbolica_default,cached_powers_Q,120,60,1.560,BalancedZippelSeparated
fire7_nb0_rank0487,Automatic,1,ok,2065.568,218,2,1,0,0,2305843009213693967:215;2305843009213693973:3,Symbolica_default,cached_powers_Q,96,66,1.331,BalancedZippelSeparated
fire7_nb0_rank0488,Automatic,1,ok,2185.378,218,2,1,0,0,2305843009213693967:215;2305843009213693973:3,Symbolica_default,cached_powers_Q,96,66,1.351,BalancedZippelSeparated
fire7_nb0_rank0489,Automatic,1,ok,2380.828,262,2,1,0,0,2305843009213693967:259;2305843009213693973:3,Symbolica_default,cached_powers_Q,84,90,1.539,BalancedZippelSeparated
fire7_nb0_rank0490,Automatic,1,ok,2632.079,314,2,1,0,0,2305843009213693967:311;2305843009213693973:3,Symbolica_default,cached_powers_Q,144,25,1.505,BalancedZippelSeparated
fire7_nb0_rank0491,Automatic,1,ok,2247.808,241,2,1,0,0,2305843009213693967:238;2305843009213693973:3,Symbolica_default,cached_powers_Q,126,45,1.293,BalancedZippelSeparated
fire7_nb0_rank0492,Automatic,1,ok,2425.119,262,2,1,0,0,2305843009213693967:259;2305843009213693973:3,Symbolica_default,cached_powers_Q,84,90,1.366,BalancedZippelSeparated
fire7_nb0_rank0493,Automatic,1,ok,2282.479,257,2,1,0,0,2305843009213693967:254;2305843009213693973:3,Symbolica_default,cached_powers_Q,134,25,1.837,BalancedZippelSeparated
fire7_nb0_rank0494,Automatic,1,ok,2380.228,269,2,1,0,0,2305843009213693967:266;2305843009213693973:3,Symbolica_default,cached_powers_Q,139,28,1.716,BalancedZippelSeparated
fire7_nb0_rank0495,Automatic,1,ok,4076.895,248,2,1,0,0,2305843009213693967:245;2305843009213693973:3,Symbolica_default,cached_powers_Q,115,45,1.328,BalancedZippelSeparated
fire7_nb0_rank0496,Automatic,1,ok,1999.697,214,2,1,0,0,2305843009213693967:211;2305843009213693973:3,Symbolica_default,cached_powers_Q,80,78,1.337,BalancedZippelSeparated
fire7_nb0_rank0497,Automatic,1,ok,2488.029,286,2,1,0,0,2305843009213693967:283;2305843009213693973:3,Symbolica_default,cached_powers_Q,70,110,1.571,BalancedZippelSeparated
fire7_nb0_rank0498,Automatic,1,ok,2750.081,308,2,1,0,0,2305843009213693967:305;2305843009213693973:3,Symbolica_default,cached_powers_Q,150,20,1.509,BalancedZippelSeparated
fire7_nb0_rank0499,Automatic,1,ok,2153.788,224,2,1,0,0,2305843009213693967:221;2305843009213693973:3,Symbolica_default,cached_powers_Q,118,40,1.344,BalancedZippelSeparated
fire7_nb0_rank0500,Automatic,1,ok,2143.708,217,2,1,0,0,2305843009213693967:214;2305843009213693973:3,Symbolica_default,cached_powers_Q,126,30,1.572,BalancedZippelSeparated
fire7_nb0_rank0501,Automatic,1,ok,3159.772,370,2,1,0,0,2305843009213693967:367;2305843009213693973:3,Symbolica_default,cached_powers_Q,128,63,1.667,BalancedZippelSeparated
fire7_nb0_rank0502,Automatic,1,ok,2723.260,303,2,1,0,0,2305843009213693967:300;2305843009213693973:3,Symbolica_default,cached_powers_Q,136,36,1.856,BalancedZippelSeparated
fire7_nb0_rank0503,Automatic,1,ok,2861.480,327,2,1,0,0,2305843009213693967:324;2305843009213693973:3,Symbolica_default,cached_powers_Q,120,56,1.187,BalancedZippelSeparated
fire7_nb0_rank0504,Automatic,1,ok,2630.199,297,2,1,0,0,2305843009213693967:294;2305843009213693973:3,Symbolica_default,cached_powers_Q,138,32,1.603,BalancedZippelSeparated
fire7_nb0_rank0505,Automatic,1,ok,2598.629,249,2,1,0,0,2305843009213693967:246;2305843009213693973:3,Symbolica_default,cached_powers_Q,125,35,1.405,BalancedZippelSeparated
fire7_nb0_rank0506,Automatic,1,ok,2485.019,274,2,1,0,0,2305843009213693967:271;2305843009213693973:3,Symbolica_default,cached_powers_Q,113,60,1.413,BalancedZippelSeparated
fire7_nb0_rank0507,Automatic,1,ok,1982.138,217,2,1,0,0,2305843009213693967:214;2305843009213693973:3,Symbolica_default,cached_powers_Q,81,84,1.302,BalancedZippelSeparated
fire7_nb0_rank0508,Automatic,1,ok,2040.758,223,2,1,0,0,2305843009213693967:220;2305843009213693973:3,Symbolica_default,cached_powers_Q,119,45,1.375,BalancedZippelSeparated
fire7_nb0_rank0509,Automatic,1,ok,2043.488,248,2,1,0,0,2305843009213693967:245;2305843009213693973:3,Symbolica_default,cached_powers_Q,120,40,1.594,BalancedZippelSeparated
fire7_nb0_rank0510,Automatic,1,ok,2252.918,230,2,1,0,0,2305843009213693967:227;2305843009213693973:3,Symbolica_default,cached_powers_Q,36,126,1.883,BalancedZippelSeparated
fire7_nb0_rank0511,Automatic,1,ok,2685.430,285,2,1,0,0,2305843009213693967:282;2305843009213693973:3,Symbolica_default,cached_powers_Q,117,60,1.426,BalancedZippelSeparated
fire7_nb0_rank0512,Automatic,1,ok,2405.849,264,2,1,0,0,2305843009213693967:261;2305843009213693973:3,Symbolica_default,cached_powers_Q,114,52,1.401,BalancedZippelSeparated
fire7_nb0_rank0513,Automatic,1,ok,2758.640,302,2,1,0,0,2305843009213693967:299;2305843009213693973:3,Symbolica_default,cached_powers_Q,104,68,1.304,BalancedZippelSeparated
fire7_nb0_rank0514,Automatic,1,ok,2297.368,273,2,1,0,0,2305843009213693967:270;2305843009213693973:3,Symbolica_default,cached_powers_Q,113,60,1.555,BalancedZippelSeparated
fire7_nb0_rank0515,Automatic,1,ok,2033.888,229,2,1,0,0,2305843009213693967:226;2305843009213693973:3,Symbolica_default,cached_powers_Q,119,40,1.554,BalancedZippelSeparated
fire7_nb0_rank0516,Automatic,1,ok,3099.111,370,2,1,0,0,2305843009213693967:367;2305843009213693973:3,Symbolica_default,cached_powers_Q,112,60,1.361,BalancedZippelSeparated
fire7_nb0_rank0517,Automatic,1,ok,2469.779,276,2,1,0,0,2305843009213693967:273;2305843009213693973:3,Symbolica_default,cached_powers_Q,115,55,1.327,BalancedZippelSeparated
fire7_nb0_rank0518,Automatic,1,ok,2316.069,299,2,1,0,0,2305843009213693967:296;2305843009213693973:3,Symbolica_default,cached_powers_Q,131,24,1.729,BalancedZippelSeparated
fire7_nb0_rank0519,Automatic,1,ok,2498.350,303,2,1,0,0,2305843009213693967:300;2305843009213693973:3,Symbolica_default,cached_powers_Q,101,68,1.700,BalancedZippelSeparated
fire7_nb0_rank0520,Automatic,1,ok,2164.278,231,2,1,0,0,2305843009213693967:228;2305843009213693973:3,Symbolica_default,cached_powers_Q,131,25,1.843,BalancedZippelSeparated
fire7_nb0_rank0521,Automatic,1,ok,2635.689,296,2,1,0,0,2305843009213693967:293;2305843009213693973:3,Symbolica_default,cached_powers_Q,90,72,1.346,BalancedZippelSeparated
fire7_nb0_rank0522,Automatic,1,ok,1984.868,211,2,1,0,0,2305843009213693967:208;2305843009213693973:3,Symbolica_default,cached_powers_Q,79,72,1.532,BalancedZippelSeparated
fire7_nb0_rank0523,Automatic,1,ok,1589.446,215,2,1,0,0,2305843009213693967:212;2305843009213693973:3,Symbolica_default,cached_powers_Q,112,40,1.274,BalancedZippelSeparated
fire7_nb0_rank0524,Automatic,1,ok,1917.377,240,2,1,0,0,2305843009213693967:237;2305843009213693973:3,Symbolica_default,cached_powers_Q,119,32,1.275,BalancedZippelSeparated
fire7_nb0_rank0525,Automatic,1,ok,1923.307,215,2,1,0,0,2305843009213693967:212;2305843009213693973:3,Symbolica_default,cached_powers_Q,112,45,1.624,BalancedZippelSeparated
fire7_nb0_rank0526,Automatic,1,ok,2105.177,262,2,1,0,0,2305843009213693967:259;2305843009213693973:3,Symbolica_default,cached_powers_Q,126,40,1.521,BalancedZippelSeparated
fire7_nb0_rank0527,Automatic,1,ok,2860.821,330,2,1,0,0,2305843009213693967:327;2305843009213693973:3,Symbolica_default,cached_powers_Q,125,40,1.104,BalancedZippelSeparated
fire7_nb0_rank0528,Automatic,1,ok,1841.977,209,2,1,0,0,2305843009213693967:206;2305843009213693973:3,Symbolica_default,cached_powers_Q,112,45,1.278,BalancedZippelSeparated
fire7_nb0_rank0529,Automatic,1,ok,2519.649,260,2,1,0,0,2305843009213693967:257;2305843009213693973:3,Symbolica_default,cached_powers_Q,26,150,1.381,BalancedZippelSeparated
fire7_nb0_rank0530,Automatic,1,ok,2104.987,246,2,1,0,0,2305843009213693967:243;2305843009213693973:3,Symbolica_default,cached_powers_Q,126,36,1.120,BalancedZippelSeparated
fire7_nb0_rank0531,Automatic,1,ok,1835.427,215,2,1,0,0,2305843009213693967:212;2305843009213693973:3,Symbolica_default,cached_powers_Q,103,45,1.577,BalancedZippelSeparated
fire7_nb0_rank0532,Automatic,1,ok,2273.488,257,2,1,0,0,2305843009213693967:254;2305843009213693973:3,Symbolica_default,cached_powers_Q,120,28,1.767,BalancedZippelSeparated
fire7_nb0_rank0533,Automatic,1,ok,2096.818,216,2,1,0,0,2305843009213693967:213;2305843009213693973:3,Symbolica_default,cached_powers_Q,90,65,1.327,BalancedZippelSeparated
fire7_nb0_rank0534,Automatic,1,ok,1880.047,203,2,1,0,0,2305843009213693967:200;2305843009213693973:3,Symbolica_default,cached_powers_Q,85,70,1.279,BalancedZippelSeparated
fire7_nb0_rank0535,Automatic,1,ok,2493.139,298,2,1,0,0,2305843009213693967:295;2305843009213693973:3,Symbolica_default,cached_powers_Q,114,44,1.255,BalancedZippelSeparated
fire7_nb0_rank0536,Automatic,1,ok,2594.459,298,2,1,0,0,2305843009213693967:295;2305843009213693973:3,Symbolica_default,cached_powers_Q,114,44,1.327,BalancedZippelSeparated
fire7_nb0_rank0537,Automatic,1,ok,1840.967,224,2,1,0,0,2305843009213693967:221;2305843009213693973:3,Symbolica_default,cached_powers_Q,111,35,1.499,BalancedZippelSeparated
fire7_nb0_rank0538,Automatic,1,ok,1795.577,213,2,1,0,0,2305843009213693967:210;2305843009213693973:3,Symbolica_default,cached_powers_Q,112,32,1.257,BalancedZippelSeparated
fire7_nb0_rank0539,Automatic,1,ok,1845.587,204,2,1,0,0,2305843009213693967:201;2305843009213693973:3,Symbolica_default,cached_powers_Q,105,40,1.260,BalancedZippelSeparated
fire7_nb0_rank0540,Automatic,1,ok,1908.527,203,2,1,0,0,2305843009213693967:200;2305843009213693973:3,Symbolica_default,cached_powers_Q,85,70,1.389,BalancedZippelSeparated
fire7_nb0_rank0541,Automatic,1,ok,1789.657,188,2,1,0,0,2305843009213693967:185;2305843009213693973:3,Symbolica_default,cached_powers_Q,85,70,1.143,BalancedZippelSeparated
fire7_nb0_rank0542,Automatic,1,ok,2308.388,278,2,1,0,0,2305843009213693967:275;2305843009213693973:3,Symbolica_default,cached_powers_Q,126,27,1.236,BalancedZippelSeparated
fire7_nb0_rank0543,Automatic,1,ok,3726.724,438,2,1,0,0,2305843009213693967:435;2305843009213693973:3,Symbolica_default,cached_powers_Q,136,42,1.794,BalancedZippelSeparated
fire7_nb0_rank0544,Automatic,1,ok,2102.098,236,2,1,0,0,2305843009213693967:233;2305843009213693973:3,Symbolica_default,cached_powers_Q,118,30,1.752,BalancedZippelSeparated
fire7_nb0_rank0545,Automatic,1,ok,2259.288,291,2,1,0,0,2305843009213693967:288;2305843009213693973:3,Symbolica_default,cached_powers_Q,102,56,1.577,BalancedZippelSeparated
fire7_nb0_rank0546,Automatic,1,ok,2516.319,278,2,1,0,0,2305843009213693967:275;2305843009213693973:3,Symbolica_default,cached_powers_Q,133,20,1.488,BalancedZippelSeparated
fire7_nb0_rank0547,Automatic,1,ok,2564.459,304,2,1,0,0,2305843009213693967:301;2305843009213693973:3,Symbolica_default,cached_powers_Q,113,48,1.309,BalancedZippelSeparated
fire7_nb0_rank0548,Automatic,1,ok,30497.392,213,2,1,0,0,2305843009213693967:210;2305843009213693973:3,Symbolica_default,cached_powers_Q,104,45,1.260,BalancedZippelSeparated
fire7_nb0_rank0549,Automatic,1,ok,2335.519,255,2,1,0,0,2305843009213693967:252;2305843009213693973:3,Symbolica_default,cached_powers_Q,126,25,1.749,BalancedZippelSeparated
fire7_nb0_rank0550,Automatic,1,ok,1923.687,216,2,1,0,0,2305843009213693967:213;2305843009213693973:3,Symbolica_default,cached_powers_Q,98,48,1.243,BalancedZippelSeparated
fire7_nb0_rank0551,Automatic,1,ok,2769.530,318,2,1,0,0,2305843009213693967:315;2305843009213693973:3,Symbolica_default,cached_powers_Q,124,51,1.318,BalancedZippelSeparated
fire7_nb0_rank0552,Automatic,1,ok,2666.950,317,2,1,0,0,2305843009213693967:314;2305843009213693973:3,Symbolica_default,cached_powers_Q,101,54,1.245,BalancedZippelSeparated
fire7_nb0_rank0553,Automatic,1,ok,2661.120,316,2,1,0,0,2305843009213693967:313;2305843009213693973:3,Symbolica_default,cached_powers_Q,125,40,1.100,BalancedZippelSeparated
fire7_nb0_rank0554,Automatic,1,ok,1910.477,230,2,1,0,0,2305843009213693967:227;2305843009213693973:3,Symbolica_default,cached_powers_Q,118,32,1.611,BalancedZippelSeparated
fire7_nb0_rank0555,Automatic,1,ok,2068.417,249,2,1,0,0,2305843009213693967:246;2305843009213693973:3,Symbolica_default,cached_powers_Q,42,110,1.539,BalancedZippelSeparated
fire7_nb0_rank0556,Automatic,1,ok,1837.956,188,2,1,0,0,2305843009213693967:185;2305843009213693973:3,Symbolica_default,cached_powers_Q,96,45,1.203,BalancedZippelSeparated
fire7_nb0_rank0557,Automatic,1,ok,2173.628,249,2,1,0,0,2305843009213693967:246;2305843009213693973:3,Symbolica_default,cached_powers_Q,42,110,1.213,BalancedZippelSeparated
fire7_nb0_rank0558,Automatic,1,ok,2047.707,199,2,1,0,0,2305843009213693967:196;2305843009213693973:3,Symbolica_default,cached_powers_Q,88,54,1.461,BalancedZippelSeparated
fire7_nb0_rank0559,Automatic,1,ok,1996.727,199,2,1,0,0,2305843009213693967:196;2305843009213693973:3,Symbolica_default,cached_powers_Q,88,54,1.408,BalancedZippelSeparated
fire7_nb0_rank0560,Automatic,1,ok,2006.957,179,2,1,0,0,2305843009213693967:176;2305843009213693973:3,Symbolica_default,cached_powers_Q,104,35,1.571,BalancedZippelSeparated
fire7_nb0_rank0561,Automatic,1,ok,2301.879,250,2,1,0,0,2305843009213693967:247;2305843009213693973:3,Symbolica_default,cached_powers_Q,108,48,1.353,BalancedZippelSeparated
fire7_nb0_rank0562,Automatic,1,ok,2361.579,264,2,1,0,0,2305843009213693967:261;2305843009213693973:3,Symbolica_default,cached_powers_Q,84,72,1.306,BalancedZippelSeparated
fire7_nb0_rank0563,Automatic,1,ok,2342.909,264,2,1,0,0,2305843009213693967:261;2305843009213693973:3,Symbolica_default,cached_powers_Q,84,72,1.259,BalancedZippelSeparated
fire7_nb0_rank0564,Automatic,1,ok,2663.660,333,2,1,0,0,2305843009213693967:330;2305843009213693973:3,Symbolica_default,cached_powers_Q,125,28,1.404,BalancedZippelSeparated
fire7_nb0_rank0565,Automatic,1,ok,3758.884,438,2,1,0,0,2305843009213693967:435;2305843009213693973:3,Symbolica_default,cached_powers_Q,135,42,1.550,BalancedZippelSeparated
fire7_nb0_rank0566,Automatic,1,ok,1764.636,205,2,1,0,0,2305843009213693967:202;2305843009213693973:3,Symbolica_default,cached_powers_Q,72,84,1.188,BalancedZippelSeparated
fire7_nb0_rank0567,Automatic,1,ok,1656.096,183,2,1,0,0,2305843009213693967:180;2305843009213693973:3,Symbolica_default,cached_powers_Q,96,42,1.540,BalancedZippelSeparated
fire7_nb0_rank0568,Automatic,1,ok,1924.177,224,2,1,0,0,2305843009213693967:221;2305843009213693973:3,Symbolica_default,cached_powers_Q,115,25,1.620,BalancedZippelSeparated
fire7_nb0_rank0569,Automatic,1,ok,2653.869,328,2,1,0,0,2305843009213693967:325;2305843009213693973:3,Symbolica_default,cached_powers_Q,124,35,1.713,BalancedZippelSeparated
fire7_nb0_rank0570,Automatic,1,ok,2251.098,248,2,1,0,0,2305843009213693967:245;2305843009213693973:3,Symbolica_default,cached_powers_Q,101,48,1.305,BalancedZippelSeparated
fire7_nb0_rank0571,Automatic,1,ok,2088.058,252,2,1,0,0,2305843009213693967:249;2305843009213693973:3,Symbolica_default,cached_powers_Q,118,20,1.568,BalancedZippelSeparated
fire7_nb0_rank0572,Automatic,1,ok,2099.717,183,2,1,0,0,2305843009213693967:180;2305843009213693973:3,Symbolica_default,cached_powers_Q,104,35,1.306,BalancedZippelSeparated
fire7_nb0_rank0573,Automatic,1,ok,2142.888,213,2,1,0,0,2305843009213693967:210;2305843009213693973:3,Symbolica_default,cached_powers_Q,119,25,1.523,BalancedZippelSeparated
fire7_nb0_rank0574,Automatic,1,ok,1736.676,209,2,1,0,0,2305843009213693967:206;2305843009213693973:3,Symbolica_default,cached_powers_Q,76,65,1.419,BalancedZippelSeparated
fire7_nb0_rank0575,Automatic,1,ok,1985.967,209,2,1,0,0,2305843009213693967:206;2305843009213693973:3,Symbolica_default,cached_powers_Q,76,65,1.188,BalancedZippelSeparated
fire7_nb0_rank0576,Automatic,1,ok,2292.188,302,2,1,0,0,2305843009213693967:299;2305843009213693973:3,Symbolica_default,cached_powers_Q,120,28,1.602,BalancedZippelSeparated
fire7_nb0_rank0577,Automatic,1,ok,1932.647,204,2,1,0,0,2305843009213693967:201;2305843009213693973:3,Symbolica_default,cached_powers_Q,95,45,0.999,BalancedZippelSeparated
fire7_nb0_rank0578,Automatic,1,ok,1969.657,195,2,1,0,0,2305843009213693967:192;2305843009213693973:3,Symbolica_default,cached_powers_Q,115,25,1.418,BalancedZippelSeparated
fire7_nb0_rank0579,Automatic,1,ok,2319.429,258,2,1,0,0,2305843009213693967:255;2305843009213693973:3,Symbolica_default,cached_powers_Q,95,52,1.319,BalancedZippelSeparated
fire7_nb0_rank0580,Automatic,1,ok,2962.341,377,2,1,0,0,2305843009213693967:374;2305843009213693973:3,Symbolica_default,cached_powers_Q,100,60,1.287,BalancedZippelSeparated
fire7_nb0_rank0581,Automatic,1,ok,1647.296,189,2,1,0,0,2305843009213693967:186;2305843009213693973:3,Symbolica_default,cached_powers_Q,85,60,1.251,BalancedZippelSeparated
fire7_nb0_rank0582,Automatic,1,ok,1965.667,210,2,1,0,0,2305843009213693967:207;2305843009213693973:3,Symbolica_default,cached_powers_Q,83,65,1.348,BalancedZippelSeparated
fire7_nb0_rank0583,Automatic,1,ok,2688.329,326,2,1,0,0,2305843009213693967:323;2305843009213693973:3,Symbolica_default,cached_powers_Q,120,28,1.417,BalancedZippelSeparated
fire7_nb0_rank0584,Automatic,1,ok,2003.977,250,2,1,0,0,2305843009213693967:247;2305843009213693973:3,Symbolica_default,cached_powers_Q,108,48,1.460,BalancedZippelSeparated
fire7_nb0_rank0585,Automatic,1,ok,2788.780,362,2,1,0,0,2305843009213693967:359;2305843009213693973:3,Symbolica_default,cached_powers_Q,95,60,1.254,BalancedZippelSeparated
fire7_nb0_rank0586,Automatic,1,ok,2351.469,253,2,1,0,0,2305843009213693967:250;2305843009213693973:3,Symbolica_default,cached_powers_Q,126,20,1.758,BalancedZippelSeparated
fire7_nb0_rank0587,Automatic,1,ok,2862.770,263,2,1,0,0,2305843009213693967:260;2305843009213693973:3,Symbolica_default,cached_powers_Q,89,68,1.338,BalancedZippelSeparated
fire7_nb0_rank0588,Automatic,1,ok,2888.301,315,2,1,0,0,2305843009213693967:312;2305843009213693973:3,Symbolica_default,cached_powers_Q,96,57,1.342,BalancedZippelSeparated
fire7_nb0_rank0589,Automatic,1,ok,2595.410,327,2,1,0,0,2305843009213693967:324;2305843009213693973:3,Symbolica_default,cached_powers_Q,119,28,1.697,BalancedZippelSeparated
fire7_nb0_rank0590,Automatic,1,ok,2768.520,299,2,1,0,0,2305843009213693967:296;2305843009213693973:3,Symbolica_default,cached_powers_Q,115,36,1.418,BalancedZippelSeparated
fire7_nb0_rank0591,Automatic,1,ok,1577.066,197,2,1,0,0,2305843009213693967:194;2305843009213693973:3,Symbolica_default,cached_powers_Q,92,45,1.442,BalancedZippelSeparated
fire7_nb0_rank0592,Automatic,1,ok,1987.207,221,2,1,0,0,2305843009213693967:218;2305843009213693973:3,Symbolica_default,cached_powers_Q,91,55,1.234,BalancedZippelSeparated
fire7_nb0_rank0593,Automatic,1,ok,2295.348,298,2,1,0,0,2305843009213693967:295;2305843009213693973:3,Symbolica_default,cached_powers_Q,107,45,1.244,BalancedZippelSeparated
fire7_nb0_rank0594,Automatic,1,ok,1785.646,187,2,1,0,0,2305843009213693967:184;2305843009213693973:3,Symbolica_default,cached_powers_Q,79,54,1.187,BalancedZippelSeparated
fire7_nb0_rank0595,Automatic,1,ok,2685.120,318,2,1,0,0,2305843009213693967:315;2305843009213693973:3,Symbolica_default,cached_powers_Q,116,28,1.406,BalancedZippelSeparated
fire7_nb0_rank0596,Automatic,1,ok,17174.433,213,2,1,0,0,2305843009213693967:210;2305843009213693973:3,Symbolica_default,cached_powers_Q,111,25,1.433,BalancedZippelSeparated
fire7_nb0_rank0597,Automatic,1,ok,11147.250,240,2,1,0,0,2305843009213693967:237;2305843009213693973:3,Symbolica_default,cached_powers_Q,124,20,1.423,BalancedZippelSeparated
fire7_nb0_rank0598,Automatic,1,ok,2104.478,212,2,1,0,0,2305843009213693967:209;2305843009213693973:3,Symbolica_default,cached_powers_Q,112,25,1.506,BalancedZippelSeparated
fire7_nb0_rank0599,Automatic,1,ok,4178.665,243,2,1,0,0,2305843009213693967:240;2305843009213693973:3,Symbolica_default,cached_powers_Q,97,48,1.264,BalancedZippelSeparated
fire7_nb0_rank0600,Automatic,1,ok,3581.322,172,2,1,0,0,2305843009213693967:169;2305843009213693973:3,Symbolica_default,cached_powers_Q,79,54,1.202,BalancedZippelSeparated
fire7_nb0_rank0601,Automatic,1,ok,3974.075,248,2,1,0,0,2305843009213693967:245;2305843009213693973:3,Symbolica_default,cached_powers_Q,72,76,1.484,BalancedZippelSeparated
fire7_nb0_rank0602,Automatic,1,ok,4080.875,242,2,1,0,0,2305843009213693967:239;2305843009213693973:3,Symbolica_default,cached_powers_Q,72,76,1.255,BalancedZippelSeparated
fire7_nb0_rank0603,Automatic,1,ok,3755.094,203,2,1,0,0,2305843009213693967:200;2305843009213693973:3,Symbolica_default,cached_powers_Q,76,60,1.170,BalancedZippelSeparated
fire7_nb0_rank0604,Automatic,1,ok,4415.396,303,2,1,0,0,2305843009213693967:300;2305843009213693973:3,Symbolica_default,cached_powers_Q,99,63,1.232,BalancedZippelSeparated
fire7_nb0_rank0605,Automatic,1,ok,3614.143,203,2,1,0,0,2305843009213693967:200;2305843009213693973:3,Symbolica_default,cached_powers_Q,76,60,1.182,BalancedZippelSeparated
fire7_nb0_rank0606,Automatic,1,ok,1736.746,187,2,1,0,0,2305843009213693967:184;2305843009213693973:3,Symbolica_default,cached_powers_Q,69,70,1.267,BalancedZippelSeparated
fire7_nb0_rank0607,Automatic,1,ok,4435.406,242,2,1,0,0,2305843009213693967:239;2305843009213693973:3,Symbolica_default,cached_powers_Q,101,45,1.526,BalancedZippelSeparated
fire7_nb0_rank0608,Automatic,1,ok,1688.526,225,2,1,0,0,2305843009213693967:222;2305843009213693973:3,Symbolica_default,cached_powers_Q,70,75,1.458,BalancedZippelSeparated
fire7_nb0_rank0609,Automatic,1,ok,4600.537,352,2,1,0,0,2305843009213693967:349;2305843009213693973:3,Symbolica_default,cached_powers_Q,90,60,1.227,BalancedZippelSeparated
fire7_nb0_rank0610,Automatic,1,ok,4281.425,317,2,1,0,0,2305843009213693967:314;2305843009213693973:3,Symbolica_default,cached_powers_Q,116,28,1.394,BalancedZippelSeparated
fire7_nb0_rank0611,Automatic,1,ok,3982.285,266,2,1,0,0,2305843009213693967:263;2305843009213693973:3,Symbolica_default,cached_powers_Q,102,36,1.134,BalancedZippelSeparated
fire7_nb0_rank0612,Automatic,1,ok,1790.856,207,2,1,0,0,2305843009213693967:204;2305843009213693973:3,Symbolica_default,cached_powers_Q,103,32,1.210,BalancedZippelSeparated
fire7_nb0_rank0613,Automatic,1,ok,17176.863,276,2,1,0,0,2305843009213693967:273;2305843009213693973:3,Symbolica_default,cached_powers_Q,114,27,1.193,BalancedZippelSeparated
fire7_nb0_rank0614,Automatic,1,ok,1524.306,184,2,1,0,0,2305843009213693967:181;2305843009213693973:3,Symbolica_default,cached_powers_Q,96,35,1.575,BalancedZippelSeparated
fire7_nb0_rank0615,Automatic,1,ok,4543.326,313,2,1,0,0,2305843009213693967:310;2305843009213693973:3,Symbolica_default,cached_powers_Q,114,36,1.440,BalancedZippelSeparated
fire7_nb0_rank0616,Automatic,1,ok,1656.806,198,2,1,0,0,2305843009213693967:195;2305843009213693973:3,Symbolica_default,cached_powers_Q,107,25,1.601,BalancedZippelSeparated
fire7_nb0_rank0617,Automatic,1,ok,1843.797,218,2,1,0,0,2305843009213693967:215;2305843009213693973:3,Symbolica_default,cached_powers_Q,70,75,1.187,BalancedZippelSeparated
fire7_nb0_rank0618,Automatic,1,ok,2181.378,250,2,1,0,0,2305843009213693967:247;2305843009213693973:3,Symbolica_default,cached_powers_Q,113,32,1.178,BalancedZippelSeparated
fire7_nb0_rank0619,Automatic,1,ok,1517.936,201,2,1,0,0,2305843009213693967:198;2305843009213693973:3,Symbolica_default,cached_powers_Q,90,48,0.987,BalancedZippelSeparated
fire7_nb0_rank0620,Automatic,1,ok,2199.888,230,2,1,0,0,2305843009213693967:227;2305843009213693973:3,Symbolica_default,cached_powers_Q,104,28,1.421,BalancedZippelSeparated
fire7_nb0_rank0621,Automatic,1,ok,2270.178,299,2,1,0,0,2305843009213693967:296;2305843009213693973:3,Symbolica_default,cached_powers_Q,110,33,1.423,BalancedZippelSeparated
fire7_nb0_rank0622,Automatic,1,ok,2200.918,263,2,1,0,0,2305843009213693967:260;2305843009213693973:3,Symbolica_default,cached_powers_Q,110,28,1.277,BalancedZippelSeparated
fire7_nb0_rank0623,Automatic,1,ok,1851.237,218,2,1,0,0,2305843009213693967:215;2305843009213693973:3,Symbolica_default,cached_powers_Q,70,75,1.181,BalancedZippelSeparated
fire7_nb0_rank0624,Automatic,1,ok,1795.176,205,2,1,0,0,2305843009213693967:202;2305843009213693973:3,Symbolica_default,cached_powers_Q,98,35,1.587,BalancedZippelSeparated
fire7_nb0_rank0625,Automatic,1,ok,1616.196,210,2,1,0,0,2305843009213693967:207;2305843009213693973:3,Symbolica_default,cached_powers_Q,109,20,1.527,BalancedZippelSeparated
fire7_nb0_rank0626,Automatic,1,ok,2679.539,366,2,1,0,0,2305843009213693967:363;2305843009213693973:3,Symbolica_default,cached_powers_Q,105,36,1.648,BalancedZippelSeparated
fire7_nb0_rank0627,Automatic,1,ok,2058.858,257,2,1,0,0,2305843009213693967:254;2305843009213693973:3,Symbolica_default,cached_powers_Q,102,27,1.128,BalancedZippelSeparated
fire7_nb0_rank0628,Automatic,1,ok,2129.607,223,2,1,0,0,2305843009213693967:220;2305843009213693973:3,Symbolica_default,cached_powers_Q,99,28,1.375,BalancedZippelSeparated
fire7_nb0_rank0629,Automatic,1,ok,2096.097,240,2,1,0,0,2305843009213693967:237;2305843009213693973:3,Symbolica_default,cached_powers_Q,84,56,1.201,BalancedZippelSeparated
fire7_nb0_rank0630,Automatic,1,ok,1967.217,231,2,1,0,0,2305843009213693967:228;2305843009213693973:3,Symbolica_default,cached_powers_Q,84,56,1.157,BalancedZippelSeparated
fire7_nb0_rank0631,Automatic,1,ok,2344.369,281,2,1,0,0,2305843009213693967:278;2305843009213693973:3,Symbolica_default,cached_powers_Q,90,45,1.163,BalancedZippelSeparated
fire7_nb0_rank0632,Automatic,1,ok,2128.648,265,2,1,0,0,2305843009213693967:262;2305843009213693973:3,Symbolica_default,cached_powers_Q,110,28,1.315,BalancedZippelSeparated
fire7_nb0_rank0633,Automatic,1,ok,19381.571,254,2,1,0,0,2305843009213693967:251;2305843009213693973:3,Symbolica_default,cached_powers_Q,115,20,1.703,BalancedZippelSeparated
fire7_nb0_rank0634,Automatic,1,ok,2056.218,218,2,1,0,0,2305843009213693967:215;2305843009213693973:3,Symbolica_default,cached_powers_Q,108,25,1.263,BalancedZippelSeparated
fire7_nb0_rank0635,Automatic,1,ok,2504.129,335,2,1,0,0,2305843009213693967:332;2305843009213693973:3,Symbolica_default,cached_powers_Q,90,54,1.087,BalancedZippelSeparated
fire7_nb0_rank0636,Automatic,1,ok,2351.478,318,2,1,0,0,2305843009213693967:315;2305843009213693973:3,Symbolica_default,cached_powers_Q,90,54,1.346,BalancedZippelSeparated
fire7_nb0_rank0637,Automatic,1,ok,2013.167,260,2,1,0,0,2305843009213693967:257;2305843009213693973:3,Symbolica_default,cached_powers_Q,84,56,1.134,BalancedZippelSeparated
fire7_nb0_rank0638,Automatic,1,ok,1821.917,191,2,1,0,0,2305843009213693967:188;2305843009213693973:3,Symbolica_default,cached_powers_Q,49,90,1.124,BalancedZippelSeparated
fire7_nb0_rank0639,Automatic,1,ok,1844.877,220,2,1,0,0,2305843009213693967:217;2305843009213693973:3,Symbolica_default,cached_powers_Q,108,27,1.136,BalancedZippelSeparated
fire7_nb0_rank0640,Automatic,1,ok,1673.416,179,2,1,0,0,2305843009213693967:176;2305843009213693973:3,Symbolica_default,cached_powers_Q,96,25,1.331,BalancedZippelSeparated
fire7_nb0_rank0641,Automatic,1,ok,2030.017,211,2,1,0,0,2305843009213693967:208;2305843009213693973:3,Symbolica_default,cached_powers_Q,102,28,1.440,BalancedZippelSeparated
fire7_nb0_rank0642,Automatic,1,ok,2102.427,218,2,1,0,0,2305843009213693967:215;2305843009213693973:3,Symbolica_default,cached_powers_Q,102,36,0.930,BalancedZippelSeparated
fire7_nb0_rank0643,Automatic,1,ok,2521.419,335,2,1,0,0,2305843009213693967:332;2305843009213693973:3,Symbolica_default,cached_powers_Q,90,54,1.209,BalancedZippelSeparated
fire7_nb0_rank0644,Automatic,1,ok,1864.746,198,2,1,0,0,2305843009213693967:195;2305843009213693973:3,Symbolica_default,cached_powers_Q,84,52,1.166,BalancedZippelSeparated
fire7_nb0_rank0645,Automatic,1,ok,1760.726,186,2,1,0,0,2305843009213693967:183;2305843009213693973:3,Symbolica_default,cached_powers_Q,102,20,1.372,BalancedZippelSeparated
fire7_nb0_rank0646,Automatic,1,ok,1918.567,231,2,1,0,0,2305843009213693967:228;2305843009213693973:3,Symbolica_default,cached_powers_Q,84,56,1.180,BalancedZippelSeparated
fire7_nb0_rank0647,Automatic,1,ok,1620.466,194,2,1,0,0,2305843009213693967:191;2305843009213693973:3,Symbolica_default,cached_powers_Q,98,35,1.562,BalancedZippelSeparated
fire7_nb0_rank0648,Automatic,1,ok,2921.471,354,2,1,0,0,2305843009213693967:351;2305843009213693973:3,Symbolica_default,cached_powers_Q,108,42,1.049,BalancedZippelSeparated
fire7_nb0_rank0649,Automatic,1,ok,1896.427,209,2,1,0,0,2305843009213693967:206;2305843009213693973:3,Symbolica_default,cached_powers_Q,98,28,1.310,BalancedZippelSeparated
fire7_nb0_rank0650,Automatic,1,ok,1608.975,184,2,1,0,0,2305843009213693967:181;2305843009213693973:3,Symbolica_default,cached_powers_Q,91,36,1.094,BalancedZippelSeparated
fire7_nb0_rank0651,Automatic,1,ok,3161.952,201,2,1,0,0,2305843009213693967:198;2305843009213693973:3,Symbolica_default,cached_powers_Q,83,45,1.673,BalancedZippelSeparated
fire7_nb0_rank0652,Automatic,1,ok,2190.838,239,2,1,0,0,2305843009213693967:236;2305843009213693973:3,Symbolica_default,cached_powers_Q,93,39,1.436,BalancedZippelSeparated
fire7_nb0_rank0653,Automatic,1,ok,1934.277,155,2,1,0,0,2305843009213693967:152;2305843009213693973:3,Symbolica_default,cached_powers_Q,89,30,1.318,BalancedZippelSeparated
fire7_nb0_rank0654,Automatic,1,ok,1628.936,167,2,1,0,0,2305843009213693967:164;2305843009213693973:3,Symbolica_default,cached_powers_Q,89,30,1.538,BalancedZippelSeparated
fire7_nb0_rank0655,Automatic,1,ok,2208.579,248,2,1,0,0,2305843009213693967:245;2305843009213693973:3,Symbolica_default,cached_powers_Q,95,35,1.360,BalancedZippelSeparated
fire7_nb0_rank0656,Automatic,1,ok,1828.066,171,2,1,0,0,2305843009213693967:168;2305843009213693973:3,Symbolica_default,cached_powers_Q,91,35,1.287,BalancedZippelSeparated
fire7_nb0_rank0657,Automatic,1,ok,1815.057,260,2,1,0,0,2305843009213693967:257;2305843009213693973:3,Symbolica_default,cached_powers_Q,83,56,1.309,BalancedZippelSeparated
fire7_nb0_rank0658,Automatic,1,ok,1330.345,175,2,1,0,0,2305843009213693967:172;2305843009213693973:3,Symbolica_default,cached_powers_Q,84,40,1.444,BalancedZippelSeparated
fire7_nb0_rank0659,Automatic,1,ok,1375.325,157,2,1,0,0,2305843009213693967:154;2305843009213693973:3,Symbolica_default,cached_powers_Q,72,50,1.095,BalancedZippelSeparated
fire7_nb0_rank0660,Automatic,1,ok,1825.807,210,2,1,0,0,2305843009213693967:207;2305843009213693973:3,Symbolica_default,cached_powers_Q,107,28,1.531,BalancedZippelSeparated
fire7_nb0_rank0661,Automatic,1,ok,1790.597,194,2,1,0,0,2305843009213693967:191;2305843009213693973:3,Symbolica_default,cached_powers_Q,88,35,1.261,BalancedZippelSeparated
fire7_nb0_rank0662,Automatic,1,ok,1636.576,198,2,1,0,0,2305843009213693967:195;2305843009213693973:3,Symbolica_default,cached_powers_Q,90,36,1.118,BalancedZippelSeparated
fire7_nb0_rank0663,Automatic,1,ok,1838.217,224,2,1,0,0,2305843009213693967:221;2305843009213693973:3,Symbolica_default,cached_powers_Q,90,45,1.175,BalancedZippelSeparated
fire7_nb0_rank0664,Automatic,1,ok,2392.739,272,2,1,0,0,2305843009213693967:269;2305843009213693973:3,Symbolica_default,cached_powers_Q,90,51,1.239,BalancedZippelSeparated
fire7_nb0_rank0665,Automatic,1,ok,1756.096,229,2,1,0,0,2305843009213693967:226;2305843009213693973:3,Symbolica_default,cached_powers_Q,100,36,1.378,BalancedZippelSeparated
fire7_nb0_rank0666,Automatic,1,ok,1975.378,186,2,1,0,0,2305843009213693967:183;2305843009213693973:3,Symbolica_default,cached_powers_Q,91,35,1.123,BalancedZippelSeparated
fire7_nb0_rank0667,Automatic,1,ok,1878.937,257,2,1,0,0,2305843009213693967:254;2305843009213693973:3,Symbolica_default,cached_powers_Q,90,44,1.314,BalancedZippelSeparated
fire7_nb0_rank0668,Automatic,1,ok,1853.356,234,2,1,0,0,2305843009213693967:231;2305843009213693973:3,Symbolica_default,cached_powers_Q,102,27,1.080,BalancedZippelSeparated
fire7_nb0_rank0669,Automatic,1,ok,1723.216,171,2,1,0,0,2305843009213693967:168;2305843009213693973:3,Symbolica_default,cached_powers_Q,36,90,1.260,BalancedZippelSeparated
fire7_nb0_rank0670,Automatic,1,ok,1895.267,211,2,1,0,0,2305843009213693967:208;2305843009213693973:3,Symbolica_default,cached_powers_Q,77,48,1.046,BalancedZippelSeparated
fire7_nb0_rank0671,Automatic,1,ok,2167.908,221,2,1,0,0,2305843009213693967:218;2305843009213693973:3,Symbolica_default,cached_powers_Q,109,20,1.421,BalancedZippelSeparated
fire7_nb0_rank0672,Automatic,1,ok,1525.335,191,2,1,0,0,2305843009213693967:188;2305843009213693973:3,Symbolica_default,cached_powers_Q,98,25,1.546,BalancedZippelSeparated
fire7_nb0_rank0673,Automatic,1,ok,1687.575,190,2,1,0,0,2305843009213693967:187;2305843009213693973:3,Symbolica_default,cached_powers_Q,84,36,1.161,BalancedZippelSeparated
fire7_nb0_rank0674,Automatic,1,ok,2526.980,306,2,1,0,0,2305843009213693967:303;2305843009213693973:3,Symbolica_default,cached_powers_Q,91,51,1.236,BalancedZippelSeparated
fire7_nb0_rank0675,Automatic,1,ok,2608.170,235,2,1,0,0,2305843009213693967:232;2305843009213693973:3,Symbolica_default,cached_powers_Q,110,20,1.324,BalancedZippelSeparated
fire7_nb0_rank0676,Automatic,1,ok,1744.816,199,2,1,0,0,2305843009213693967:196;2305843009213693973:3,Symbolica_default,cached_powers_Q,96,27,1.499,BalancedZippelSeparated
fire7_nb0_rank0677,Automatic,1,ok,1385.455,185,2,1,0,0,2305843009213693967:182;2305843009213693973:3,Symbolica_default,cached_powers_Q,98,30,0.922,BalancedZippelSeparated
fire7_nb0_rank0678,Automatic,1,ok,1806.736,227,2,1,0,0,2305843009213693967:224;2305843009213693973:3,Symbolica_default,cached_powers_Q,95,32,1.167,BalancedZippelSeparated
fire7_nb0_rank0679,Automatic,1,ok,1840.147,196,2,1,0,0,2305843009213693967:193;2305843009213693973:3,Symbolica_default,cached_powers_Q,84,45,1.111,BalancedZippelSeparated
fire7_nb0_rank0680,Automatic,1,ok,2071.357,251,2,1,0,0,2305843009213693967:248;2305843009213693973:3,Symbolica_default,cached_powers_Q,86,44,1.215,BalancedZippelSeparated
fire7_nb0_rank0681,Automatic,1,ok,1874.357,201,2,1,0,0,2305843009213693967:198;2305843009213693973:3,Symbolica_default,cached_powers_Q,84,45,1.116,BalancedZippelSeparated
fire7_nb0_rank0682,Automatic,1,ok,1857.026,197,2,1,0,0,2305843009213693967:194;2305843009213693973:3,Symbolica_default,cached_powers_Q,92,25,1.304,BalancedZippelSeparated
fire7_nb0_rank0683,Automatic,1,ok,1833.346,177,2,1,0,0,2305843009213693967:174;2305843009213693973:3,Symbolica_default,cached_powers_Q,92,25,1.409,BalancedZippelSeparated
fire7_nb0_rank0684,Automatic,1,ok,1523.436,163,2,1,0,0,2305843009213693967:160;2305843009213693973:3,Symbolica_default,cached_powers_Q,77,40,1.161,BalancedZippelSeparated
fire7_nb0_rank0685,Automatic,1,ok,2072.968,254,2,1,0,0,2305843009213693967:251;2305843009213693973:3,Symbolica_default,cached_powers_Q,88,52,1.250,BalancedZippelSeparated
fire7_nb0_rank0686,Automatic,1,ok,2220.408,247,2,1,0,0,2305843009213693967:244;2305843009213693973:3,Symbolica_default,cached_powers_Q,90,51,1.191,BalancedZippelSeparated
fire7_nb0_rank0687,Automatic,1,ok,2182.648,229,2,1,0,0,2305843009213693967:226;2305843009213693973:3,Symbolica_default,cached_powers_Q,84,42,0.903,BalancedZippelSeparated
fire7_nb0_rank0688,Automatic,1,ok,1752.266,229,2,1,0,0,2305843009213693967:226;2305843009213693973:3,Symbolica_default,cached_powers_Q,84,42,1.295,BalancedZippelSeparated
fire7_nb0_rank0689,Automatic,1,ok,1569.265,195,2,1,0,0,2305843009213693967:192;2305843009213693973:3,Symbolica_default,cached_powers_Q,106,20,1.281,BalancedZippelSeparated
fire7_nb0_rank0690,Automatic,1,ok,1848.497,217,2,1,0,0,2305843009213693967:214;2305843009213693973:3,Symbolica_default,cached_powers_Q,75,52,1.068,BalancedZippelSeparated
fire7_nb0_rank0691,Automatic,1,ok,1985.257,208,2,1,0,0,2305843009213693967:205;2305843009213693973:3,Symbolica_default,cached_powers_Q,81,60,1.218,BalancedZippelSeparated
fire7_nb0_rank0692,Automatic,1,ok,1609.276,187,2,1,0,0,2305843009213693967:184;2305843009213693973:3,Symbolica_default,cached_powers_Q,88,35,1.499,BalancedZippelSeparated
fire7_nb0_rank0693,Automatic,1,ok,2255.968,305,2,1,0,0,2305843009213693967:302;2305843009213693973:3,Symbolica_default,cached_powers_Q,85,54,1.332,BalancedZippelSeparated
fire7_nb0_rank0694,Automatic,1,ok,1638.926,176,2,1,0,0,2305843009213693967:173;2305843009213693973:3,Symbolica_default,cached_powers_Q,84,36,1.118,BalancedZippelSeparated
fire7_nb0_rank0695,Automatic,1,ok,1411.585,167,2,1,0,0,2305843009213693967:164;2305843009213693973:3,Symbolica_default,cached_powers_Q,32,90,1.469,BalancedZippelSeparated
fire7_nb0_rank0696,Automatic,1,ok,1755.856,234,2,1,0,0,2305843009213693967:231;2305843009213693973:3,Symbolica_default,cached_powers_Q,95,32,1.229,BalancedZippelSeparated
fire7_nb0_rank0697,Automatic,1,ok,1518.176,196,2,1,0,0,2305843009213693967:193;2305843009213693973:3,Symbolica_default,cached_powers_Q,84,45,1.239,BalancedZippelSeparated
fire7_nb0_rank0698,Automatic,1,ok,1590.706,187,2,1,0,0,2305843009213693967:184;2305843009213693973:3,Symbolica_default,cached_powers_Q,84,35,1.631,BalancedZippelSeparated
fire7_nb0_rank0699,Automatic,1,ok,2105.488,234,2,1,0,0,2305843009213693967:231;2305843009213693973:3,Symbolica_default,cached_powers_Q,102,15,1.296,BalancedZippelSeparated
fire7_nb0_rank0700,Automatic,1,ok,1701.677,203,2,1,0,0,2305843009213693967:200;2305843009213693973:3,Symbolica_default,cached_powers_Q,101,27,1.064,BalancedZippelSeparated
fire7_nb0_rank0701,Automatic,1,ok,1657.896,186,2,1,0,0,2305843009213693967:183;2305843009213693973:3,Symbolica_default,cached_powers_Q,90,32,1.074,BalancedZippelSeparated
fire7_nb0_rank0702,Automatic,1,ok,2202.458,266,2,1,0,0,2305843009213693967:263;2305843009213693973:3,Symbolica_default,cached_powers_Q,85,51,0.941,BalancedZippelSeparated
fire7_nb0_rank0703,Automatic,1,ok,1293.345,153,2,1,0,0,2305843009213693967:150;2305843009213693973:3,Symbolica_default,cached_powers_Q,72,45,1.077,BalancedZippelSeparated
fire7_nb0_rank0704,Automatic,1,ok,1512.905,198,2,1,0,0,2305843009213693967:195;2305843009213693973:3,Symbolica_default,cached_powers_Q,102,15,1.449,BalancedZippelSeparated
fire7_nb0_rank0705,Automatic,1,ok,1749.076,233,2,1,0,0,2305843009213693967:230;2305843009213693973:3,Symbolica_default,cached_powers_Q,95,32,1.338,BalancedZippelSeparated
fire7_nb0_rank0706,Automatic,1,ok,11966.424,203,2,1,0,0,2305843009213693967:200;2305843009213693973:3,Symbolica_default,cached_powers_Q,84,40,1.126,BalancedZippelSeparated
fire7_nb0_rank0707,Automatic,1,ok,1736.086,216,2,1,0,0,2305843009213693967:213;2305843009213693973:3,Symbolica_default,cached_powers_Q,72,52,1.217,BalancedZippelSeparated
fire7_nb0_rank0708,Automatic,1,ok,1657.706,185,2,1,0,0,2305843009213693967:182;2305843009213693973:3,Symbolica_default,cached_powers_Q,63,60,1.152,BalancedZippelSeparated
fire7_nb0_rank0709,Automatic,1,ok,1669.636,231,2,1,0,0,2305843009213693967:228;2305843009213693973:3,Symbolica_default,cached_powers_Q,78,45,1.400,BalancedZippelSeparated
fire7_nb0_rank0710,Automatic,1,ok,1443.436,161,2,1,0,0,2305843009213693967:158;2305843009213693973:3,Symbolica_default,cached_powers_Q,36,84,1.583,BalancedZippelSeparated
fire7_nb0_rank0711,Automatic,1,ok,1905.027,225,2,1,0,0,2305843009213693967:222;2305843009213693973:3,Symbolica_default,cached_powers_Q,83,48,1.014,BalancedZippelSeparated
fire7_nb0_rank0712,Automatic,1,ok,1273.085,168,2,1,0,0,2305843009213693967:165;2305843009213693973:3,Symbolica_default,cached_powers_Q,88,21,1.318,BalancedZippelSeparated
fire7_nb0_rank0713,Automatic,1,ok,2018.758,243,2,1,0,0,2305843009213693967:240;2305843009213693973:3,Symbolica_default,cached_powers_Q,90,48,0.999,BalancedZippelSeparated
fire7_nb0_rank0714,Automatic,1,ok,1574.476,180,2,1,0,0,2305843009213693967:177;2305843009213693973:3,Symbolica_default,cached_powers_Q,42,90,1.020,BalancedZippelSeparated
fire7_nb0_rank0715,Automatic,1,ok,2063.597,214,2,1,0,0,2305843009213693967:211;2305843009213693973:3,Symbolica_default,cached_powers_Q,112,12,1.085,BalancedZippelSeparated
fire7_nb0_rank0716,Automatic,1,ok,1539.006,166,2,1,0,0,2305843009213693967:163;2305843009213693973:3,Symbolica_default,cached_powers_Q,96,24,1.219,BalancedZippelSeparated
fire7_nb0_rank0717,Automatic,1,ok,1401.195,148,2,1,0,0,2305843009213693967:145;2305843009213693973:3,Symbolica_default,cached_powers_Q,72,45,1.244,BalancedZippelSeparated
fire7_nb0_rank0718,Automatic,1,ok,33498.403,276,2,1,0,0,2305843009213693967:273;2305843009213693973:3,Symbolica_default,cached_powers_Q,94,36,1.144,BalancedZippelSeparated
fire7_nb0_rank0719,Automatic,1,ok,1657.496,178,2,1,0,0,2305843009213693967:175;2305843009213693973:3,Symbolica_default,cached_powers_Q,84,44,1.108,BalancedZippelSeparated
fire7_nb0_rank0720,Automatic,1,ok,1725.366,194,2,1,0,0,2305843009213693967:191;2305843009213693973:3,Symbolica_default,cached_powers_Q,95,27,1.101,BalancedZippelSeparated
fire7_nb0_rank0721,Automatic,1,ok,1607.526,151,2,1,0,0,2305843009213693967:148;2305843009213693973:3,Symbolica_default,cached_powers_Q,79,30,1.251,BalancedZippelSeparated
fire7_nb0_rank0722,Automatic,1,ok,1396.855,148,2,1,0,0,2305843009213693967:145;2305843009213693973:3,Symbolica_default,cached_powers_Q,69,45,0.889,BalancedZippelSeparated
fire7_nb0_rank0723,Automatic,1,ok,1591.976,180,2,1,0,0,2305843009213693967:177;2305843009213693973:3,Symbolica_default,cached_powers_Q,91,25,1.090,BalancedZippelSeparated
fire7_nb0_rank0724,Automatic,1,ok,2042.257,235,2,1,0,0,2305843009213693967:232;2305843009213693973:3,Symbolica_default,cached_powers_Q,95,25,1.065,BalancedZippelSeparated
fire7_nb0_rank0725,Automatic,1,ok,1323.825,151,2,1,0,0,2305843009213693967:148;2305843009213693973:3,Symbolica_default,cached_powers_Q,64,48,1.058,BalancedZippelSeparated
fire7_nb0_rank0726,Automatic,1,ok,1085.033,148,2,1,0,0,2305843009213693967:145;2305843009213693973:3,Symbolica_default,cached_powers_Q,69,45,1.277,BalancedZippelSeparated
fire7_nb0_rank0727,Automatic,1,ok,1629.526,187,2,1,0,0,2305843009213693967:184;2305843009213693973:3,Symbolica_default,cached_powers_Q,65,52,1.059,BalancedZippelSeparated
fire7_nb0_rank0728,Automatic,1,ok,1647.216,154,2,1,0,0,2305843009213693967:151;2305843009213693973:3,Symbolica_default,cached_powers_Q,79,30,1.250,BalancedZippelSeparated
fire7_nb0_rank0729,Automatic,1,ok,1589.286,168,2,1,0,0,2305843009213693967:165;2305843009213693973:3,Symbolica_default,cached_powers_Q,84,25,1.225,BalancedZippelSeparated
fire7_nb0_rank0730,Automatic,1,ok,1387.005,185,2,1,0,0,2305843009213693967:182;2305843009213693973:3,Symbolica_default,cached_powers_Q,98,24,1.360,BalancedZippelSeparated
fire7_nb0_rank0731,Automatic,1,ok,1309.885,143,2,1,0,0,2305843009213693967:140;2305843009213693973:3,Symbolica_default,cached_powers_Q,69,45,1.155,BalancedZippelSeparated
fire7_nb0_rank0732,Automatic,1,ok,1553.725,187,2,1,0,0,2305843009213693967:184;2305843009213693973:3,Symbolica_default,cached_powers_Q,48,75,0.910,BalancedZippelSeparated
fire7_nb0_rank0733,Automatic,1,ok,1404.916,157,2,1,0,0,2305843009213693967:154;2305843009213693973:3,Symbolica_default,cached_powers_Q,32,84,1.562,BalancedZippelSeparated
fire7_nb0_rank0734,Automatic,1,ok,1906.947,182,2,1,0,0,2305843009213693967:179;2305843009213693973:3,Symbolica_default,cached_powers_Q,96,21,1.311,BalancedZippelSeparated
fire7_nb0_rank0735,Automatic,1,ok,1793.726,224,2,1,0,0,2305843009213693967:221;2305843009213693973:3,Symbolica_default,cached_powers_Q,90,36,1.121,BalancedZippelSeparated
fire7_nb0_rank0736,Automatic,1,ok,1660.256,204,2,1,0,0,2305843009213693967:201;2305843009213693973:3,Symbolica_default,cached_powers_Q,70,48,1.213,BalancedZippelSeparated
fire7_nb0_rank0737,Automatic,1,ok,1841.076,250,2,1,0,0,2305843009213693967:247;2305843009213693973:3,Symbolica_default,cached_powers_Q,100,20,1.493,BalancedZippelSeparated
fire7_nb0_rank0738,Automatic,1,ok,1052.624,151,2,1,0,0,2305843009213693967:148;2305843009213693973:3,Symbolica_default,cached_powers_Q,63,48,1.321,BalancedZippelSeparated
fire7_nb0_rank0739,Automatic,1,ok,1429.326,184,2,1,0,0,2305843009213693967:181;2305843009213693973:3,Symbolica_default,cached_powers_Q,97,20,1.001,BalancedZippelSeparated
fire7_nb0_rank0740,Automatic,1,ok,1238.084,165,2,1,0,0,2305843009213693967:162;2305843009213693973:3,Symbolica_default,cached_powers_Q,62,60,1.267,BalancedZippelSeparated
fire7_nb0_rank0741,Automatic,1,ok,1516.955,168,2,1,0,0,2305843009213693967:165;2305843009213693973:3,Symbolica_default,cached_powers_Q,72,45,1.021,BalancedZippelSeparated
fire7_nb0_rank0742,Automatic,1,ok,1490.845,179,2,1,0,0,2305843009213693967:176;2305843009213693973:3,Symbolica_default,cached_powers_Q,62,60,0.999,BalancedZippelSeparated
fire7_nb0_rank0743,Automatic,1,ok,2339.769,320,2,1,0,0,2305843009213693967:317;2305843009213693973:3,Symbolica_default,cached_powers_Q,100,34,1.530,BalancedZippelSeparated
fire7_nb0_rank0744,Automatic,1,ok,2136.158,293,2,1,0,0,2305843009213693967:290;2305843009213693973:3,Symbolica_default,cached_powers_Q,95,28,1.519,BalancedZippelSeparated
fire7_nb0_rank0745,Automatic,1,ok,2415.558,300,2,1,0,0,2305843009213693967:297;2305843009213693973:3,Symbolica_default,cached_powers_Q,69,60,1.182,BalancedZippelSeparated
fire7_nb0_rank0746,Automatic,1,ok,1616.776,204,2,1,0,0,2305843009213693967:201;2305843009213693973:3,Symbolica_default,cached_powers_Q,72,48,1.187,BalancedZippelSeparated
fire7_nb0_rank0747,Automatic,1,ok,1762.126,202,2,1,0,0,2305843009213693967:199;2305843009213693973:3,Symbolica_default,cached_powers_Q,66,52,1.124,BalancedZippelSeparated
fire7_nb0_rank0748,Automatic,1,ok,1649.386,204,2,1,0,0,2305843009213693967:201;2305843009213693973:3,Symbolica_default,cached_powers_Q,72,48,1.274,BalancedZippelSeparated
fire7_nb0_rank0749,Automatic,1,ok,1611.166,204,2,1,0,0,2305843009213693967:201;2305843009213693973:3,Symbolica_default,cached_powers_Q,72,48,1.207,BalancedZippelSeparated
fire7_nb0_rank0750,Automatic,1,ok,1749.506,249,2,1,0,0,2305843009213693967:246;2305843009213693973:3,Symbolica_default,cached_powers_Q,100,20,1.446,BalancedZippelSeparated
fire7_nb0_rank0751,Automatic,1,ok,1946.677,243,2,1,0,0,2305843009213693967:240;2305843009213693973:3,Symbolica_default,cached_powers_Q,70,56,1.201,BalancedZippelSeparated
fire7_nb0_rank0752,Automatic,1,ok,1454.216,200,2,1,0,0,2305843009213693967:197;2305843009213693973:3,Symbolica_default,cached_powers_Q,66,52,1.285,BalancedZippelSeparated
fire7_nb0_rank0753,Automatic,1,ok,1815.637,212,2,1,0,0,2305843009213693967:209;2305843009213693973:3,Symbolica_default,cached_powers_Q,89,28,1.148,BalancedZippelSeparated
fire7_nb0_rank0754,Automatic,1,ok,1518.936,177,2,1,0,0,2305843009213693967:174;2305843009213693973:3,Symbolica_default,cached_powers_Q,63,60,1.007,BalancedZippelSeparated
fire7_nb0_rank0755,Automatic,1,ok,1451.146,147,2,1,0,0,2305843009213693967:144;2305843009213693973:3,Symbolica_default,cached_powers_Q,64,42,1.209,BalancedZippelSeparated
fire7_nb0_rank0756,Automatic,1,ok,1419.615,201,2,1,0,0,2305843009213693967:198;2305843009213693973:3,Symbolica_default,cached_powers_Q,78,39,1.503,BalancedZippelSeparated
fire7_nb0_rank0757,Automatic,1,ok,1309.595,179,2,1,0,0,2305843009213693967:176;2305843009213693973:3,Symbolica_default,cached_powers_Q,63,48,1.294,BalancedZippelSeparated
fire7_nb0_rank0758,Automatic,1,ok,1400.445,169,2,1,0,0,2305843009213693967:166;2305843009213693973:3,Symbolica_default,cached_powers_Q,77,30,1.085,BalancedZippelSeparated
fire7_nb0_rank0759,Automatic,1,ok,1673.806,164,2,1,0,0,2305843009213693967:161;2305843009213693973:3,Symbolica_default,cached_powers_Q,81,28,1.157,BalancedZippelSeparated
fire7_nb0_rank0760,Automatic,1,ok,1477.465,179,2,1,0,0,2305843009213693967:176;2305843009213693973:3,Symbolica_default,cached_powers_Q,63,48,1.020,BalancedZippelSeparated
fire7_nb0_rank0761,Automatic,1,ok,1621.826,203,2,1,0,0,2305843009213693967:200;2305843009213693973:3,Symbolica_default,cached_powers_Q,78,39,1.109,BalancedZippelSeparated
fire7_nb0_rank0762,Automatic,1,ok,1560.736,187,2,1,0,0,2305843009213693967:184;2305843009213693973:3,Symbolica_default,cached_powers_Q,66,48,1.045,BalancedZippelSeparated
fire7_nb0_rank0763,Automatic,1,ok,1492.715,157,2,1,0,0,2305843009213693967:154;2305843009213693973:3,Symbolica_default,cached_powers_Q,63,54,1.247,BalancedZippelSeparated
fire7_nb0_rank0764,Automatic,1,ok,1629.486,201,2,1,0,0,2305843009213693967:198;2305843009213693973:3,Symbolica_default,cached_powers_Q,102,12,1.158,BalancedZippelSeparated
fire7_nb0_rank0765,Automatic,1,ok,1632.726,186,2,1,0,0,2305843009213693967:183;2305843009213693973:3,Symbolica_default,cached_powers_Q,48,75,1.137,BalancedZippelSeparated
fire7_nb0_rank0766,Automatic,1,ok,1605.406,195,2,1,0,0,2305843009213693967:192;2305843009213693973:3,Symbolica_default,cached_powers_Q,66,48,1.074,BalancedZippelSeparated
fire7_nb0_rank0767,Automatic,1,ok,1665.966,202,2,1,0,0,2305843009213693967:199;2305843009213693973:3,Symbolica_default,cached_powers_Q,66,52,1.156,BalancedZippelSeparated
fire7_nb0_rank0768,Automatic,1,ok,1460.346,184,2,1,0,0,2305843009213693967:181;2305843009213693973:3,Symbolica_default,cached_powers_Q,100,12,0.971,BalancedZippelSeparated
fire7_nb0_rank0769,Automatic,1,ok,1576.095,169,2,1,0,0,2305843009213693967:166;2305843009213693973:3,Symbolica_default,cached_powers_Q,84,28,1.607,BalancedZippelSeparated
fire7_nb0_rank0770,Automatic,1,ok,2001.427,232,2,1,0,0,2305843009213693967:229;2305843009213693973:3,Symbolica_default,cached_powers_Q,65,56,1.111,BalancedZippelSeparated
fire7_nb0_rank0771,Automatic,1,ok,1724.116,201,2,1,0,0,2305843009213693967:198;2305843009213693973:3,Symbolica_default,cached_powers_Q,84,36,1.107,BalancedZippelSeparated
fire7_nb0_rank0772,Automatic,1,ok,1424.815,137,2,1,0,0,2305843009213693967:134;2305843009213693973:3,Symbolica_default,cached_powers_Q,70,35,1.254,BalancedZippelSeparated
fire7_nb0_rank0773,Automatic,1,ok,1451.285,182,2,1,0,0,2305843009213693967:179;2305843009213693973:3,Symbolica_default,cached_powers_Q,78,32,1.086,BalancedZippelSeparated
fire7_nb0_rank0774,Automatic,1,ok,1637.236,196,2,1,0,0,2305843009213693967:193;2305843009213693973:3,Symbolica_default,cached_powers_Q,80,32,1.124,BalancedZippelSeparated
fire7_nb0_rank0775,Automatic,1,ok,1178.924,154,2,1,0,0,2305843009213693967:151;2305843009213693973:3,Symbolica_default,cached_powers_Q,54,60,1.290,BalancedZippelSeparated
fire7_nb0_rank0776,Automatic,1,ok,2514.190,337,2,1,0,0,2305843009213693967:334;2305843009213693973:3,Symbolica_default,cached_powers_Q,95,34,1.139,BalancedZippelSeparated
fire7_nb0_rank0777,Automatic,1,ok,1953.307,212,2,1,0,0,2305843009213693967:209;2305843009213693973:3,Symbolica_default,cached_powers_Q,60,60,0.917,BalancedZippelSeparated
fire7_nb0_rank0778,Automatic,1,ok,1819.277,226,2,1,0,0,2305843009213693967:223;2305843009213693973:3,Symbolica_default,cached_powers_Q,84,36,1.208,BalancedZippelSeparated
fire7_nb0_rank0779,Automatic,1,ok,1735.637,166,2,1,0,0,2305843009213693967:163;2305843009213693973:3,Symbolica_default,cached_powers_Q,84,20,1.223,BalancedZippelSeparated
fire7_nb0_rank0780,Automatic,1,ok,1532.166,215,2,1,0,0,2305843009213693967:212;2305843009213693973:3,Symbolica_default,cached_powers_Q,95,20,1.018,BalancedZippelSeparated
fire7_nb0_rank0781,Automatic,1,ok,1775.907,163,2,1,0,0,2305843009213693967:160;2305843009213693973:3,Symbolica_default,cached_powers_Q,69,35,1.210,BalancedZippelSeparated
fire7_nb0_rank0782,Automatic,1,ok,1547.515,163,2,1,0,0,2305843009213693967:160;2305843009213693973:3,Symbolica_default,cached_powers_Q,69,35,1.210,BalancedZippelSeparated
fire7_nb0_rank0783,Automatic,1,ok,2018.088,231,2,1,0,0,2305843009213693967:228;2305843009213693973:3,Symbolica_default,cached_powers_Q,72,44,0.905,BalancedZippelSeparated
fire7_nb0_rank0784,Automatic,1,ok,1556.166,220,2,1,0,0,2305843009213693967:217;2305843009213693973:3,Symbolica_default,cached_powers_Q,85,32,1.535,BalancedZippelSeparated
fire7_nb0_rank0785,Automatic,1,ok,1159.074,161,2,1,0,0,2305843009213693967:158;2305843009213693973:3,Symbolica_default,cached_powers_Q,63,45,1.360,BalancedZippelSeparated
fire7_nb0_rank0786,Automatic,1,ok,1856.887,231,2,1,0,0,2305843009213693967:228;2305843009213693973:3,Symbolica_default,cached_powers_Q,72,44,1.108,BalancedZippelSeparated
fire7_nb0_rank0787,Automatic,1,ok,1526.276,161,2,1,0,0,2305843009213693967:158;2305843009213693973:3,Symbolica_default,cached_powers_Q,69,36,1.041,BalancedZippelSeparated
fire7_nb0_rank0788,Automatic,1,ok,1098.684,158,2,1,0,0,2305843009213693967:155;2305843009213693973:3,Symbolica_default,cached_powers_Q,62,40,1.190,BalancedZippelSeparated
fire7_nb0_rank0789,Automatic,1,ok,1369.405,158,2,1,0,0,2305843009213693967:155;2305843009213693973:3,Symbolica_default,cached_powers_Q,62,40,1.099,BalancedZippelSeparated
fire7_nb0_rank0790,Automatic,1,ok,1603.676,194,2,1,0,0,2305843009213693967:191;2305843009213693973:3,Symbolica_default,cached_powers_Q,97,12,1.265,BalancedZippelSeparated
fire7_nb0_rank0791,Automatic,1,ok,1539.326,152,2,1,0,0,2305843009213693967:149;2305843009213693973:3,Symbolica_default,cached_powers_Q,78,25,1.195,BalancedZippelSeparated
fire7_nb0_rank0792,Automatic,1,ok,1336.155,150,2,1,0,0,2305843009213693967:147;2305843009213693973:3,Symbolica_default,cached_powers_Q,70,40,1.024,BalancedZippelSeparated
fire7_nb0_rank0793,Automatic,1,ok,1704.586,178,2,1,0,0,2305843009213693967:175;2305843009213693973:3,Symbolica_default,cached_powers_Q,88,24,1.144,BalancedZippelSeparated
fire7_nb0_rank0794,Automatic,1,ok,1074.884,140,2,1,0,0,2305843009213693967:137;2305843009213693973:3,Symbolica_default,cached_powers_Q,56,48,1.197,BalancedZippelSeparated
fire7_nb0_rank0795,Automatic,1,ok,1616.196,198,2,1,0,0,2305843009213693967:195;2305843009213693973:3,Symbolica_default,cached_powers_Q,90,20,1.162,BalancedZippelSeparated
fire7_nb0_rank0796,Automatic,1,ok,1287.475,149,2,1,0,0,2305843009213693967:146;2305843009213693973:3,Symbolica_default,cached_powers_Q,78,25,1.513,BalancedZippelSeparated
fire7_nb0_rank0797,Automatic,1,ok,1583.085,206,2,1,0,0,2305843009213693967:203;2305843009213693973:3,Symbolica_default,cached_powers_Q,72,36,1.068,BalancedZippelSeparated
fire7_nb0_rank0798,Automatic,1,ok,1688.906,189,2,1,0,0,2305843009213693967:186;2305843009213693973:3,Symbolica_default,cached_powers_Q,85,27,1.563,BalancedZippelSeparated
fire7_nb0_rank0799,Automatic,1,ok,1562.116,179,2,1,0,0,2305843009213693967:176;2305843009213693973:3,Symbolica_default,cached_powers_Q,83,28,1.440,BalancedZippelSeparated
fire7_nb0_rank0800,Automatic,1,ok,1924.527,257,2,1,0,0,2305843009213693967:254;2305843009213693973:3,Symbolica_default,cached_powers_Q,85,28,1.538,BalancedZippelSeparated
fire7_nb0_rank0801,Automatic,1,ok,1268.355,128,2,1,0,0,2305843009213693967:125;2305843009213693973:3,Symbolica_default,cached_powers_Q,52,54,1.082,BalancedZippelSeparated
fire7_nb0_rank0802,Automatic,1,ok,1521.855,152,2,1,0,0,2305843009213693967:149;2305843009213693973:3,Symbolica_default,cached_powers_Q,89,15,1.031,BalancedZippelSeparated
fire7_nb0_rank0803,Automatic,1,ok,1524.776,154,2,1,0,0,2305843009213693967:151;2305843009213693973:3,Symbolica_default,cached_powers_Q,79,25,1.145,BalancedZippelSeparated
fire7_nb0_rank0804,Automatic,1,ok,1000.953,133,2,1,0,0,2305843009213693967:130;2305843009213693973:3,Symbolica_default,cached_powers_Q,52,54,1.061,BalancedZippelSeparated
fire7_nb0_rank0805,Automatic,1,ok,1531.266,176,2,1,0,0,2305843009213693967:173;2305843009213693973:3,Symbolica_default,cached_powers_Q,84,20,1.056,BalancedZippelSeparated
fire7_nb0_rank0806,Automatic,1,ok,1496.126,184,2,1,0,0,2305843009213693967:181;2305843009213693973:3,Symbolica_default,cached_powers_Q,78,27,1.095,BalancedZippelSeparated
fire7_nb0_rank0807,Automatic,1,ok,1426.625,151,2,1,0,0,2305843009213693967:148;2305843009213693973:3,Symbolica_default,cached_powers_Q,48,60,0.850,BalancedZippelSeparated
fire7_nb0_rank0808,Automatic,1,ok,1777.177,196,2,1,0,0,2305843009213693967:193;2305843009213693973:3,Symbolica_default,cached_powers_Q,84,18,1.189,BalancedZippelSeparated
fire7_nb0_rank0809,Automatic,1,ok,1488.275,197,2,1,0,0,2305843009213693967:194;2305843009213693973:3,Symbolica_default,cached_powers_Q,90,20,1.422,BalancedZippelSeparated
fire7_nb0_rank0810,Automatic,1,ok,1579.356,188,2,1,0,0,2305843009213693967:185;2305843009213693973:3,Symbolica_default,cached_powers_Q,72,40,1.112,BalancedZippelSeparated
fire7_nb0_rank0811,Automatic,1,ok,1490.936,187,2,1,0,0,2305843009213693967:184;2305843009213693973:3,Symbolica_default,cached_powers_Q,65,44,1.143,BalancedZippelSeparated
fire7_nb0_rank0812,Automatic,1,ok,1318.275,160,2,1,0,0,2305843009213693967:157;2305843009213693973:3,Symbolica_default,cached_powers_Q,60,48,1.024,BalancedZippelSeparated
fire7_nb0_rank0813,Automatic,1,ok,1818.377,207,2,1,0,0,2305843009213693967:204;2305843009213693973:3,Symbolica_default,cached_powers_Q,85,24,1.232,BalancedZippelSeparated
fire7_nb0_rank0814,Automatic,1,ok,1396.055,221,2,1,0,0,2305843009213693967:218;2305843009213693973:3,Symbolica_default,cached_powers_Q,86,20,1.324,BalancedZippelSeparated
fire7_nb0_rank0815,Automatic,1,ok,1968.957,250,2,1,0,0,2305843009213693967:247;2305843009213693973:3,Symbolica_default,cached_powers_Q,20,100,1.439,BalancedZippelSeparated
fire7_nb0_rank0816,Automatic,1,ok,1377.165,136,2,1,0,0,2305843009213693967:133;2305843009213693973:3,Symbolica_default,cached_powers_Q,56,42,1.162,BalancedZippelSeparated
fire7_nb0_rank0817,Automatic,1,ok,1988.937,232,2,1,0,0,2305843009213693967:229;2305843009213693973:3,Symbolica_default,cached_powers_Q,97,15,1.199,BalancedZippelSeparated
fire7_nb0_rank0818,Automatic,1,ok,1906.477,182,2,1,0,0,2305843009213693967:179;2305843009213693973:3,Symbolica_default,cached_powers_Q,91,12,1.199,BalancedZippelSeparated
fire7_nb0_rank0819,Automatic,1,ok,1704.776,206,2,1,0,0,2305843009213693967:203;2305843009213693973:3,Symbolica_default,cached_powers_Q,85,20,1.234,BalancedZippelSeparated
fire7_nb0_rank0820,Automatic,1,ok,1192.754,165,2,1,0,0,2305843009213693967:162;2305843009213693973:3,Symbolica_default,cached_powers_Q,66,36,1.318,BalancedZippelSeparated
fire7_nb0_rank0821,Automatic,1,ok,1685.586,221,2,1,0,0,2305843009213693967:218;2305843009213693973:3,Symbolica_default,cached_powers_Q,86,20,0.948,BalancedZippelSeparated
fire7_nb0_rank0822,Automatic,1,ok,1627.166,183,2,1,0,0,2305843009213693967:180;2305843009213693973:3,Symbolica_default,cached_powers_Q,72,30,0.817,BalancedZippelSeparated
fire7_nb0_rank0823,Automatic,1,ok,1596.946,202,2,1,0,0,2305843009213693967:199;2305843009213693973:3,Symbolica_default,cached_powers_Q,82,27,0.999,BalancedZippelSeparated
fire7_nb0_rank0824,Automatic,1,ok,1474.176,170,2,1,0,0,2305843009213693967:167;2305843009213693973:3,Symbolica_default,cached_powers_Q,54,56,0.962,BalancedZippelSeparated
fire7_nb0_rank0825,Automatic,1,ok,1328.275,128,2,1,0,0,2305843009213693967:125;2305843009213693973:3,Symbolica_default,cached_powers_Q,56,45,1.042,BalancedZippelSeparated
fire7_nb0_rank0826,Automatic,1,ok,1318.265,148,2,1,0,0,2305843009213693967:145;2305843009213693973:3,Symbolica_default,cached_powers_Q,68,30,1.086,BalancedZippelSeparated
fire7_nb0_rank0827,Automatic,1,ok,1203.264,141,2,1,0,0,2305843009213693967:138;2305843009213693973:3,Symbolica_default,cached_powers_Q,63,40,1.051,BalancedZippelSeparated
fire7_nb0_rank0828,Automatic,1,ok,1669.726,203,2,1,0,0,2305843009213693967:200;2305843009213693973:3,Symbolica_default,cached_powers_Q,70,39,1.007,BalancedZippelSeparated
fire7_nb0_rank0829,Automatic,1,ok,1385.886,160,2,1,0,0,2305843009213693967:157;2305843009213693973:3,Symbolica_default,cached_powers_Q,65,36,1.044,BalancedZippelSeparated
fire7_nb0_rank0830,Automatic,1,ok,1431.755,191,2,1,0,0,2305843009213693967:188;2305843009213693973:3,Symbolica_default,cached_powers_Q,82,27,1.202,BalancedZippelSeparated
fire7_nb0_rank0831,Automatic,1,ok,1373.355,212,2,1,0,0,2305843009213693967:209;2305843009213693973:3,Symbolica_default,cached_powers_Q,70,39,1.188,BalancedZippelSeparated
fire7_nb0_rank0832,Automatic,1,ok,1584.837,199,2,1,0,0,2305843009213693967:196;2305843009213693973:3,Symbolica_default,cached_powers_Q,90,15,1.131,BalancedZippelSeparated
fire7_nb0_rank0833,Automatic,1,ok,1385.185,206,2,1,0,0,2305843009213693967:203;2305843009213693973:3,Symbolica_default,cached_powers_Q,85,20,1.343,BalancedZippelSeparated
fire7_nb0_rank0834,Automatic,1,ok,1619.596,160,2,1,0,0,2305843009213693967:157;2305843009213693973:3,Symbolica_default,cached_powers_Q,72,28,1.340,BalancedZippelSeparated
fire7_nb0_rank0835,Automatic,1,ok,1977.637,183,2,1,0,0,2305843009213693967:180;2305843009213693973:3,Symbolica_default,cached_powers_Q,78,27,1.326,BalancedZippelSeparated
fire7_nb0_rank0836,Automatic,1,ok,1457.445,168,2,1,0,0,2305843009213693967:165;2305843009213693973:3,Symbolica_default,cached_powers_Q,72,32,1.100,BalancedZippelSeparated
fire7_nb0_rank0837,Automatic,1,ok,1320.365,157,2,1,0,0,2305843009213693967:154;2305843009213693973:3,Symbolica_default,cached_powers_Q,32,70,1.212,BalancedZippelSeparated
fire7_nb0_rank0838,Automatic,1,ok,1563.606,177,2,1,0,0,2305843009213693967:174;2305843009213693973:3,Symbolica_default,cached_powers_Q,66,36,1.048,BalancedZippelSeparated
fire7_nb0_rank0839,Automatic,1,ok,1459.855,217,2,1,0,0,2305843009213693967:214;2305843009213693973:3,Symbolica_default,cached_powers_Q,54,54,1.307,BalancedZippelSeparated
fire7_nb0_rank0840,Automatic,1,ok,1422.355,151,2,1,0,0,2305843009213693967:148;2305843009213693973:3,Symbolica_default,cached_powers_Q,48,56,0.769,BalancedZippelSeparated
fire7_nb0_rank0841,Automatic,1,ok,1480.515,150,2,1,0,0,2305843009213693967:147;2305843009213693973:3,Symbolica_default,cached_powers_Q,72,28,1.229,BalancedZippelSeparated
fire7_nb0_rank0842,Automatic,1,ok,1715.606,197,2,1,0,0,2305843009213693967:194;2305843009213693973:3,Symbolica_default,cached_powers_Q,66,36,1.068,BalancedZippelSeparated
fire7_nb0_rank0843,Automatic,1,ok,1539.855,178,2,1,0,0,2305843009213693967:175;2305843009213693973:3,Symbolica_default,cached_powers_Q,59,52,1.079,BalancedZippelSeparated
fire7_nb0_rank0844,Automatic,1,ok,1977.668,166,2,1,0,0,2305843009213693967:163;2305843009213693973:3,Symbolica_default,cached_powers_Q,83,15,0.951,BalancedZippelSeparated
fire7_nb0_rank0845,Automatic,1,ok,1803.487,226,2,1,0,0,2305843009213693967:223;2305843009213693973:3,Symbolica_default,cached_powers_Q,76,28,1.086,BalancedZippelSeparated
fire7_nb0_rank0846,Automatic,1,ok,1457.425,176,2,1,0,0,2305843009213693967:173;2305843009213693973:3,Symbolica_default,cached_powers_Q,77,27,1.158,BalancedZippelSeparated
fire7_nb0_rank0847,Automatic,1,ok,1300.235,157,2,1,0,0,2305843009213693967:154;2305843009213693973:3,Symbolica_default,cached_powers_Q,72,28,1.358,BalancedZippelSeparated
fire7_nb0_rank0848,Automatic,1,ok,1301.404,159,2,1,0,0,2305843009213693967:156;2305843009213693973:3,Symbolica_default,cached_powers_Q,60,36,0.963,BalancedZippelSeparated
fire7_nb0_rank0849,Automatic,1,ok,1749.067,227,2,1,0,0,2305843009213693967:224;2305843009213693973:3,Symbolica_default,cached_powers_Q,60,51,1.057,BalancedZippelSeparated
fire7_nb0_rank0850,Automatic,1,ok,1634.975,202,2,1,0,0,2305843009213693967:199;2305843009213693973:3,Symbolica_default,cached_powers_Q,69,45,1.101,BalancedZippelSeparated
fire7_nb0_rank0851,Automatic,1,ok,1553.926,198,2,1,0,0,2305843009213693967:195;2305843009213693973:3,Symbolica_default,cached_powers_Q,77,24,1.110,BalancedZippelSeparated
fire7_nb0_rank0852,Automatic,1,ok,2361.089,314,2,1,0,0,2305843009213693967:311;2305843009213693973:3,Symbolica_default,cached_powers_Q,72,36,1.290,BalancedZippelSeparated
fire7_nb0_rank0853,Automatic,1,ok,1555.185,165,2,1,0,0,2305843009213693967:162;2305843009213693973:3,Symbolica_default,cached_powers_Q,54,48,1.082,BalancedZippelSeparated
fire7_nb0_rank0854,Automatic,1,ok,1234.774,138,2,1,0,0,2305843009213693967:135;2305843009213693973:3,Symbolica_default,cached_powers_Q,68,25,1.249,BalancedZippelSeparated
fire7_nb0_rank0855,Automatic,1,ok,1868.098,185,2,1,0,0,2305843009213693967:182;2305843009213693973:3,Symbolica_default,cached_powers_Q,85,18,1.245,BalancedZippelSeparated
fire7_nb0_rank0856,Automatic,1,ok,1343.835,155,2,1,0,0,2305843009213693967:152;2305843009213693973:3,Symbolica_default,cached_powers_Q,77,15,1.112,BalancedZippelSeparated
fire7_nb0_rank0857,Automatic,1,ok,1450.795,169,2,1,0,0,2305843009213693967:166;2305843009213693973:3,Symbolica_default,cached_powers_Q,72,28,1.428,BalancedZippelSeparated
fire7_nb0_rank0858,Automatic,1,ok,1357.805,131,2,1,0,0,2305843009213693967:128;2305843009213693973:3,Symbolica_default,cached_powers_Q,63,35,1.178,BalancedZippelSeparated
fire7_nb0_rank0859,Automatic,1,ok,1209.214,119,2,1,0,0,2305843009213693967:116;2305843009213693973:3,Symbolica_default,cached_powers_Q,32,60,1.132,BalancedZippelSeparated
fire7_nb0_rank0860,Automatic,1,ok,1495.876,151,2,1,0,0,2305843009213693967:148;2305843009213693973:3,Symbolica_default,cached_powers_Q,72,20,1.134,BalancedZippelSeparated
fire7_nb0_rank0861,Automatic,1,ok,1365.575,161,2,1,0,0,2305843009213693967:158;2305843009213693973:3,Symbolica_default,cached_powers_Q,72,24,1.048,BalancedZippelSeparated
fire7_nb0_rank0862,Automatic,1,ok,1638.566,226,2,1,0,0,2305843009213693967:223;2305843009213693973:3,Symbolica_default,cached_powers_Q,80,18,1.330,BalancedZippelSeparated
fire7_nb0_rank0863,Automatic,1,ok,1733.027,137,2,1,0,0,2305843009213693967:134;2305843009213693973:3,Symbolica_default,cached_powers_Q,72,24,1.232,BalancedZippelSeparated
fire7_nb0_rank0864,Automatic,1,ok,1984.548,228,2,1,0,0,2305843009213693967:225;2305843009213693973:3,Symbolica_default,cached_powers_Q,72,39,1.115,BalancedZippelSeparated
fire7_nb0_rank0865,Automatic,1,ok,1317.745,192,2,1,0,0,2305843009213693967:189;2305843009213693973:3,Symbolica_default,cached_powers_Q,64,39,1.300,BalancedZippelSeparated
fire7_nb0_rank0866,Automatic,1,ok,1287.695,172,2,1,0,0,2305843009213693967:169;2305843009213693973:3,Symbolica_default,cached_powers_Q,72,21,1.390,BalancedZippelSeparated
fire7_nb0_rank0867,Automatic,1,ok,1598.756,202,2,1,0,0,2305843009213693967:199;2305843009213693973:3,Symbolica_default,cached_powers_Q,68,45,1.028,BalancedZippelSeparated
fire7_nb0_rank0868,Automatic,1,ok,1528.315,166,2,1,0,0,2305843009213693967:163;2305843009213693973:3,Symbolica_default,cached_powers_Q,42,56,0.735,BalancedZippelSeparated
fire7_nb0_rank0869,Automatic,1,ok,1669.526,193,2,1,0,0,2305843009213693967:190;2305843009213693973:3,Symbolica_default,cached_powers_Q,74,28,1.166,BalancedZippelSeparated
fire7_nb0_rank0870,Automatic,1,ok,2006.147,143,2,1,0,0,2305843009213693967:140;2305843009213693973:3,Symbolica_default,cached_powers_Q,67,24,1.234,BalancedZippelSeparated
fire7_nb0_rank0871,Automatic,1,ok,1578.986,193,2,1,0,0,2305843009213693967:190;2305843009213693973:3,Symbolica_default,cached_powers_Q,70,36,1.021,BalancedZippelSeparated
fire7_nb0_rank0872,Automatic,1,ok,2069.887,168,2,1,0,0,2305843009213693967:165;2305843009213693973:3,Symbolica_default,cached_powers_Q,84,15,1.420,BalancedZippelSeparated
fire7_nb0_rank0873,Automatic,1,ok,1343.634,136,2,1,0,0,2305843009213693967:133;2305843009213693973:3,Symbolica_default,cached_powers_Q,56,35,1.197,BalancedZippelSeparated
fire7_nb0_rank0874,Automatic,1,ok,1567.386,182,2,1,0,0,2305843009213693967:179;2305843009213693973:3,Symbolica_default,cached_powers_Q,69,36,1.101,BalancedZippelSeparated
fire7_nb0_rank0875,Automatic,1,ok,1425.415,172,2,1,0,0,2305843009213693967:169;2305843009213693973:3,Symbolica_default,cached_powers_Q,72,27,1.162,BalancedZippelSeparated
fire7_nb0_rank0876,Automatic,1,ok,1733.096,182,2,1,0,0,2305843009213693967:179;2305843009213693973:3,Symbolica_default,cached_powers_Q,69,36,0.824,BalancedZippelSeparated
fire7_nb0_rank0877,Automatic,1,ok,1332.865,172,2,1,0,0,2305843009213693967:169;2305843009213693973:3,Symbolica_default,cached_powers_Q,37,60,0.940,BalancedZippelSeparated
fire7_nb0_rank0878,Automatic,1,ok,1204.334,148,2,1,0,0,2305843009213693967:145;2305843009213693973:3,Symbolica_default,cached_powers_Q,28,70,1.375,BalancedZippelSeparated
fire7_nb0_rank0879,Automatic,1,ok,1364.495,148,2,1,0,0,2305843009213693967:145;2305843009213693973:3,Symbolica_default,cached_powers_Q,28,70,1.125,BalancedZippelSeparated
fire7_nb0_rank0880,Automatic,1,ok,1340.114,152,2,1,0,0,2305843009213693967:149;2305843009213693973:3,Symbolica_default,cached_powers_Q,65,28,1.090,BalancedZippelSeparated
fire7_nb0_rank0881,Automatic,1,ok,1487.576,155,2,1,0,0,2305843009213693967:152;2305843009213693973:3,Symbolica_default,cached_powers_Q,69,20,1.089,BalancedZippelSeparated
fire7_nb0_rank0882,Automatic,1,ok,1809.107,230,2,1,0,0,2305843009213693967:227;2305843009213693973:3,Symbolica_default,cached_powers_Q,68,33,1.041,BalancedZippelSeparated
fire7_nb0_rank0883,Automatic,1,ok,1321.794,154,2,1,0,0,2305843009213693967:151;2305843009213693973:3,Symbolica_default,cached_powers_Q,20,90,1.522,BalancedZippelSeparated
fire7_nb0_rank0884,Automatic,1,ok,1645.756,205,2,1,0,0,2305843009213693967:202;2305843009213693973:3,Symbolica_default,cached_powers_Q,68,36,1.047,BalancedZippelSeparated
fire7_nb0_rank0885,Automatic,1,ok,1259.625,144,2,1,0,0,2305843009213693967:141;2305843009213693973:3,Symbolica_default,cached_powers_Q,63,28,1.530,BalancedZippelSeparated
fire7_nb0_rank0886,Automatic,1,ok,1577.515,187,2,1,0,0,2305843009213693967:184;2305843009213693973:3,Symbolica_default,cached_powers_Q,65,36,1.081,BalancedZippelSeparated
fire7_nb0_rank0887,Automatic,1,ok,1437.475,185,2,1,0,0,2305843009213693967:182;2305843009213693973:3,Symbolica_default,cached_powers_Q,70,32,1.095,BalancedZippelSeparated
fire7_nb0_rank0888,Automatic,1,ok,1526.606,189,2,1,0,0,2305843009213693967:186;2305843009213693973:3,Symbolica_default,cached_powers_Q,60,39,0.937,BalancedZippelSeparated
fire7_nb0_rank0889,Automatic,1,ok,1483.475,188,2,1,0,0,2305843009213693967:185;2305843009213693973:3,Symbolica_default,cached_powers_Q,60,39,0.985,BalancedZippelSeparated
fire7_nb0_rank0890,Automatic,1,ok,1293.035,158,2,1,0,0,2305843009213693967:155;2305843009213693973:3,Symbolica_default,cached_powers_Q,48,48,0.979,BalancedZippelSeparated
fire7_nb0_rank0891,Automatic,1,ok,1412.995,145,2,1,0,0,2305843009213693967:142;2305843009213693973:3,Symbolica_default,cached_powers_Q,54,45,1.160,BalancedZippelSeparated
fire7_nb0_rank0892,Automatic,1,ok,1508.936,162,2,1,0,0,2305843009213693967:159;2305843009213693973:3,Symbolica_default,cached_powers_Q,66,28,1.241,BalancedZippelSeparated
fire7_nb0_rank0893,Automatic,1,ok,1382.405,160,2,1,0,0,2305843009213693967:157;2305843009213693973:3,Symbolica_default,cached_powers_Q,66,27,1.121,BalancedZippelSeparated
fire7_nb0_rank0894,Automatic,1,ok,1598.735,192,2,1,0,0,2305843009213693967:189;2305843009213693973:3,Symbolica_default,cached_powers_Q,64,39,1.122,BalancedZippelSeparated
fire7_nb0_rank0895,Automatic,1,ok,1550.746,153,2,1,0,0,2305843009213693967:150;2305843009213693973:3,Symbolica_default,cached_powers_Q,66,28,1.383,BalancedZippelSeparated
fire7_nb0_rank0896,Automatic,1,ok,1419.995,135,2,1,0,0,2305843009213693967:132;2305843009213693973:3,Symbolica_default,cached_powers_Q,6,100,1.001,BalancedZippelSeparated
fire7_nb0_rank0897,Automatic,1,ok,1611.616,134,2,1,0,0,2305843009213693967:131;2305843009213693973:3,Symbolica_default,cached_powers_Q,6,100,0.774,BalancedZippelSeparated
fire7_nb0_rank0898,Automatic,1,ok,1406.375,184,2,1,0,0,2305843009213693967:181;2305843009213693973:3,Symbolica_default,cached_powers_Q,72,27,0.998,BalancedZippelSeparated
fire7_nb0_rank0899,Automatic,1,ok,1431.406,206,2,1,0,0,2305843009213693967:203;2305843009213693973:3,Symbolica_default,cached_powers_Q,70,27,0.982,BalancedZippelSeparated
fire7_nb0_rank0900,Automatic,1,ok,1417.625,148,2,1,0,0,2305843009213693967:145;2305843009213693973:3,Symbolica_default,cached_powers_Q,65,28,1.203,BalancedZippelSeparated
fire7_nb0_rank0901,Automatic,1,ok,1330.215,144,2,1,0,0,2305843009213693967:141;2305843009213693973:3,Symbolica_default,cached_powers_Q,63,28,1.107,BalancedZippelSeparated
fire7_nb0_rank0902,Automatic,1,ok,1615.706,187,2,1,0,0,2305843009213693967:184;2305843009213693973:3,Symbolica_default,cached_powers_Q,65,36,1.067,BalancedZippelSeparated
fire7_nb0_rank0903,Automatic,1,ok,1531.676,174,2,1,0,0,2305843009213693967:171;2305843009213693973:3,Symbolica_default,cached_powers_Q,69,28,1.190,BalancedZippelSeparated
fire7_nb0_rank0904,Automatic,1,ok,1559.006,187,2,1,0,0,2305843009213693967:184;2305843009213693973:3,Symbolica_default,cached_powers_Q,65,36,1.088,BalancedZippelSeparated
fire7_nb0_rank0905,Automatic,1,ok,1507.516,173,2,1,0,0,2305843009213693967:170;2305843009213693973:3,Symbolica_default,cached_powers_Q,65,36,0.948,BalancedZippelSeparated
fire7_nb0_rank0906,Automatic,1,ok,1298.824,195,2,1,0,0,2305843009213693967:192;2305843009213693973:3,Symbolica_default,cached_powers_Q,70,36,1.036,BalancedZippelSeparated
fire7_nb0_rank0907,Automatic,1,ok,1459.906,187,2,1,0,0,2305843009213693967:184;2305843009213693973:3,Symbolica_default,cached_powers_Q,54,42,0.997,BalancedZippelSeparated
fire7_nb0_rank0908,Automatic,1,ok,1357.145,175,2,1,0,0,2305843009213693967:172;2305843009213693973:3,Symbolica_default,cached_powers_Q,70,25,1.127,BalancedZippelSeparated
fire7_nb0_rank0909,Automatic,1,ok,1190.464,152,2,1,0,0,2305843009213693967:149;2305843009213693973:3,Symbolica_default,cached_powers_Q,77,10,1.017,BalancedZippelSeparated
fire7_nb0_rank0910,Automatic,1,ok,1961.578,234,2,1,0,0,2305843009213693967:231;2305843009213693973:3,Symbolica_default,cached_powers_Q,36,66,0.996,BalancedZippelSeparated
fire7_nb0_rank0911,Automatic,1,ok,1917.207,234,2,1,0,0,2305843009213693967:231;2305843009213693973:3,Symbolica_default,cached_powers_Q,36,66,0.793,BalancedZippelSeparated
fire7_nb0_rank0912,Automatic,1,ok,1551.665,146,2,1,0,0,2305843009213693967:143;2305843009213693973:3,Symbolica_default,cached_powers_Q,77,15,1.147,BalancedZippelSeparated
fire7_nb0_rank0913,Automatic,1,ok,1188.444,165,2,1,0,0,2305843009213693967:162;2305843009213693973:3,Symbolica_default,cached_powers_Q,54,48,1.040,BalancedZippelSeparated
fire7_nb0_rank0914,Automatic,1,ok,1444.765,143,2,1,0,0,2305843009213693967:140;2305843009213693973:3,Symbolica_default,cached_powers_Q,35,60,1.180,BalancedZippelSeparated
fire7_nb0_rank0915,Automatic,1,ok,1375.975,163,2,1,0,0,2305843009213693967:160;2305843009213693973:3,Symbolica_default,cached_powers_Q,30,75,1.031,BalancedZippelSeparated
fire7_nb0_rank0916,Automatic,1,ok,1390.116,193,2,1,0,0,2305843009213693967:190;2305843009213693973:3,Symbolica_default,cached_powers_Q,70,27,0.883,BalancedZippelSeparated
fire7_nb0_rank0917,Automatic,1,ok,2618.080,244,2,1,0,0,2305843009213693967:241;2305843009213693973:3,Symbolica_default,cached_powers_Q,70,30,0.819,BalancedZippelSeparated
fire7_nb0_rank0918,Automatic,1,ok,1221.985,163,2,1,0,0,2305843009213693967:160;2305843009213693973:3,Symbolica_default,cached_powers_Q,30,75,0.858,BalancedZippelSeparated
fire7_nb0_rank0919,Automatic,1,ok,1803.197,248,2,1,0,0,2305843009213693967:245;2305843009213693973:3,Symbolica_default,cached_powers_Q,68,36,0.913,BalancedZippelSeparated
fire7_nb0_rank0920,Automatic,1,ok,1576.466,157,2,1,0,0,2305843009213693967:154;2305843009213693973:3,Symbolica_default,cached_powers_Q,78,12,1.075,BalancedZippelSeparated
fire7_nb0_rank0921,Automatic,1,ok,1677.626,132,2,1,0,0,2305843009213693967:129;2305843009213693973:3,Symbolica_default,cached_powers_Q,42,54,0.879,BalancedZippelSeparated
fire7_nb0_rank0922,Automatic,1,ok,1447.586,159,2,1,0,0,2305843009213693967:156;2305843009213693973:3,Symbolica_default,cached_powers_Q,72,15,1.103,BalancedZippelSeparated
fire7_nb0_rank0923,Automatic,1,ok,1265.064,173,2,1,0,0,2305843009213693967:170;2305843009213693973:3,Symbolica_default,cached_powers_Q,64,33,1.305,BalancedZippelSeparated
fire7_nb0_rank0924,Automatic,1,ok,1421.555,179,2,1,0,0,2305843009213693967:176;2305843009213693973:3,Symbolica_default,cached_powers_Q,70,27,0.885,BalancedZippelSeparated
fire7_nb0_rank0925,Automatic,1,ok,1123.124,143,2,1,0,0,2305843009213693967:140;2305843009213693973:3,Symbolica_default,cached_powers_Q,72,20,1.245,BalancedZippelSeparated
fire7_nb0_rank0926,Automatic,1,ok,1160.044,139,2,1,0,0,2305843009213693967:136;2305843009213693973:3,Symbolica_default,cached_powers_Q,35,60,1.336,BalancedZippelSeparated
fire7_nb0_rank0927,Automatic,1,ok,1412.065,139,2,1,0,0,2305843009213693967:136;2305843009213693973:3,Symbolica_default,cached_powers_Q,35,60,1.145,BalancedZippelSeparated
fire7_nb0_rank0928,Automatic,1,ok,1302.805,171,2,1,0,0,2305843009213693967:168;2305843009213693973:3,Symbolica_default,cached_powers_Q,64,33,0.796,BalancedZippelSeparated
fire7_nb0_rank0929,Automatic,1,ok,1586.736,169,2,1,0,0,2305843009213693967:166;2305843009213693973:3,Symbolica_default,cached_powers_Q,70,28,1.267,BalancedZippelSeparated
fire7_nb0_rank0930,Automatic,1,ok,1627.876,199,2,1,0,0,2305843009213693967:196;2305843009213693973:3,Symbolica_default,cached_powers_Q,72,27,1.034,BalancedZippelSeparated
fire7_nb0_rank0931,Automatic,1,ok,1520.666,167,2,1,0,0,2305843009213693967:164;2305843009213693973:3,Symbolica_default,cached_powers_Q,61,28,1.189,BalancedZippelSeparated
fire7_nb0_rank0932,Automatic,1,ok,1173.154,163,2,1,0,0,2305843009213693967:160;2305843009213693973:3,Symbolica_default,cached_powers_Q,65,25,1.366,BalancedZippelSeparated
fire7_nb0_rank0933,Automatic,1,ok,1612.106,163,2,1,0,0,2305843009213693967:160;2305843009213693973:3,Symbolica_default,cached_powers_Q,30,75,0.879,BalancedZippelSeparated
fire7_nb0_rank0934,Automatic,1,ok,1673.626,182,2,1,0,0,2305843009213693967:179;2305843009213693973:3,Symbolica_default,cached_powers_Q,65,36,0.792,BalancedZippelSeparated
fire7_nb0_rank0935,Automatic,1,ok,1303.874,139,2,1,0,0,2305843009213693967:136;2305843009213693973:3,Symbolica_default,cached_powers_Q,34,60,1.053,BalancedZippelSeparated
fire7_nb0_rank0936,Automatic,1,ok,1291.514,188,2,1,0,0,2305843009213693967:185;2305843009213693973:3,Symbolica_default,cached_powers_Q,64,36,0.757,BalancedZippelSeparated
fire7_nb0_rank0937,Automatic,1,ok,1434.425,139,2,1,0,0,2305843009213693967:136;2305843009213693973:3,Symbolica_default,cached_powers_Q,63,24,0.810,BalancedZippelSeparated
fire7_nb0_rank0938,Automatic,1,ok,2107.497,230,2,1,0,0,2305843009213693967:227;2305843009213693973:3,Symbolica_default,cached_powers_Q,80,26,1.020,BalancedZippelSeparated
fire7_nb0_rank0939,Automatic,1,ok,1596.465,159,2,1,0,0,2305843009213693967:156;2305843009213693973:3,Symbolica_default,cached_powers_Q,72,18,0.867,BalancedZippelSeparated
fire7_nb0_rank0940,Automatic,1,ok,1323.655,127,2,1,0,0,2305843009213693967:124;2305843009213693973:3,Symbolica_default,cached_powers_Q,63,25,1.148,BalancedZippelSeparated
fire7_nb0_rank0941,Automatic,1,ok,1430.336,179,2,1,0,0,2305843009213693967:176;2305843009213693973:3,Symbolica_default,cached_powers_Q,70,27,1.044,BalancedZippelSeparated
fire7_nb0_rank0942,Automatic,1,ok,1416.726,157,2,1,0,0,2305843009213693967:154;2305843009213693973:3,Symbolica_default,cached_powers_Q,65,28,1.149,BalancedZippelSeparated
fire7_nb0_rank0943,Automatic,1,ok,1480.126,195,2,1,0,0,2305843009213693967:192;2305843009213693973:3,Symbolica_default,cached_powers_Q,70,27,0.971,BalancedZippelSeparated
fire7_nb0_rank0944,Automatic,1,ok,1565.786,204,2,1,0,0,2305843009213693967:201;2305843009213693973:3,Symbolica_default,cached_powers_Q,72,20,1.154,BalancedZippelSeparated
fire7_nb0_rank0945,Automatic,1,ok,1392.335,136,2,1,0,0,2305843009213693967:133;2305843009213693973:3,Symbolica_default,cached_powers_Q,54,35,1.156,BalancedZippelSeparated
fire7_nb0_rank0946,Automatic,1,ok,1319.235,193,2,1,0,0,2305843009213693967:190;2305843009213693973:3,Symbolica_default,cached_powers_Q,71,20,1.393,BalancedZippelSeparated
fire7_nb0_rank0947,Automatic,1,ok,1227.994,117,2,1,0,0,2305843009213693967:114;2305843009213693973:3,Symbolica_default,cached_powers_Q,49,35,1.184,BalancedZippelSeparated
fire7_nb0_rank0948,Automatic,1,ok,1479.926,181,2,1,0,0,2305843009213693967:178;2305843009213693973:3,Symbolica_default,cached_powers_Q,55,36,1.006,BalancedZippelSeparated
fire7_nb0_rank0949,Automatic,1,ok,1561.995,189,2,1,0,0,2305843009213693967:186;2305843009213693973:3,Symbolica_default,cached_powers_Q,65,27,0.731,BalancedZippelSeparated
fire7_nb0_rank0950,Automatic,1,ok,1097.334,133,2,1,0,0,2305843009213693967:130;2305843009213693973:3,Symbolica_default,cached_powers_Q,68,15,0.976,BalancedZippelSeparated
fire7_nb0_rank0951,Automatic,1,ok,2049.998,229,2,1,0,0,2305843009213693967:226;2305843009213693973:3,Symbolica_default,cached_powers_Q,74,30,1.280,BalancedZippelSeparated
fire7_nb0_rank0952,Automatic,1,ok,1321.915,162,2,1,0,0,2305843009213693967:159;2305843009213693973:3,Symbolica_default,cached_powers_Q,70,20,0.978,BalancedZippelSeparated
fire7_nb0_rank0953,Automatic,1,ok,1518.746,177,2,1,0,0,2305843009213693967:174;2305843009213693973:3,Symbolica_default,cached_powers_Q,70,24,0.744,BalancedZippelSeparated
fire7_nb0_rank0954,Automatic,1,ok,1429.185,144,2,1,0,0,2305843009213693967:141;2305843009213693973:3,Symbolica_default,cached_powers_Q,72,15,0.801,BalancedZippelSeparated
fire7_nb0_rank0955,Automatic,1,ok,1432.356,194,2,1,0,0,2305843009213693967:191;2305843009213693973:3,Symbolica_default,cached_powers_Q,85,10,1.040,BalancedZippelSeparated
fire7_nb0_rank0956,Automatic,1,ok,1732.996,209,2,1,0,0,2305843009213693967:206;2305843009213693973:3,Symbolica_default,cached_powers_Q,79,20,1.130,BalancedZippelSeparated
fire7_nb0_rank0957,Automatic,1,ok,1443.145,169,2,1,0,0,2305843009213693967:166;2305843009213693973:3,Symbolica_default,cached_powers_Q,65,27,1.097,BalancedZippelSeparated
fire7_nb0_rank0958,Automatic,1,ok,1221.785,128,2,1,0,0,2305843009213693967:125;2305843009213693973:3,Symbolica_default,cached_powers_Q,42,48,0.927,BalancedZippelSeparated
fire7_nb0_rank0959,Automatic,1,ok,1254.964,141,2,1,0,0,2305843009213693967:138;2305843009213693973:3,Symbolica_default,cached_powers_Q,66,15,1.101,BalancedZippelSeparated
fire7_nb0_rank0960,Automatic,1,ok,1320.975,194,2,1,0,0,2305843009213693967:191;2305843009213693973:3,Symbolica_default,cached_powers_Q,72,20,1.258,BalancedZippelSeparated
fire7_nb0_rank0961,Automatic,1,ok,1300.825,134,2,1,0,0,2305843009213693967:131;2305843009213693973:3,Symbolica_default,cached_powers_Q,7,90,1.020,BalancedZippelSeparated
fire7_nb0_rank0962,Automatic,1,ok,1475.225,184,2,1,0,0,2305843009213693967:181;2305843009213693973:3,Symbolica_default,cached_powers_Q,65,27,1.052,BalancedZippelSeparated
fire7_nb0_rank0963,Automatic,1,ok,1599.605,201,2,1,0,0,2305843009213693967:198;2305843009213693973:3,Symbolica_default,cached_powers_Q,55,42,1.011,BalancedZippelSeparated
fire7_nb0_rank0964,Automatic,1,ok,1542.116,201,2,1,0,0,2305843009213693967:198;2305843009213693973:3,Symbolica_default,cached_powers_Q,55,42,0.763,BalancedZippelSeparated
fire7_nb0_rank0965,Automatic,1,ok,1233.915,159,2,1,0,0,2305843009213693967:156;2305843009213693973:3,Symbolica_default,cached_powers_Q,60,27,0.977,BalancedZippelSeparated
fire7_nb0_rank0966,Automatic,1,ok,1017.474,127,2,1,0,0,2305843009213693967:124;2305843009213693973:3,Symbolica_default,cached_powers_Q,60,20,1.261,BalancedZippelSeparated
fire7_nb0_rank0967,Automatic,1,ok,1304.255,170,2,1,0,0,2305843009213693967:167;2305843009213693973:3,Symbolica_default,cached_powers_Q,60,27,1.086,BalancedZippelSeparated
fire7_nb0_rank0968,Automatic,1,ok,1733.816,199,2,1,0,0,2305843009213693967:196;2305843009213693973:3,Symbolica_default,cached_powers_Q,50,45,0.742,BalancedZippelSeparated
fire7_nb0_rank0969,Automatic,1,ok,1434.765,160,2,1,0,0,2305843009213693967:157;2305843009213693973:3,Symbolica_default,cached_powers_Q,55,30,0.995,BalancedZippelSeparated
fire7_nb0_rank0970,Automatic,1,ok,1384.305,153,2,1,0,0,2305843009213693967:150;2305843009213693973:3,Symbolica_default,cached_powers_Q,72,18,1.115,BalancedZippelSeparated
fire7_nb0_rank0971,Automatic,1,ok,1630.826,198,2,1,0,0,2305843009213693967:195;2305843009213693973:3,Symbolica_default,cached_powers_Q,64,27,0.764,BalancedZippelSeparated
fire7_nb0_rank0972,Automatic,1,ok,1560.856,155,2,1,0,0,2305843009213693967:152;2305843009213693973:3,Symbolica_default,cached_powers_Q,59,27,0.751,BalancedZippelSeparated
fire7_nb0_rank0973,Automatic,1,ok,1281.745,125,2,1,0,0,2305843009213693967:122;2305843009213693973:3,Symbolica_default,cached_powers_Q,54,25,1.088,BalancedZippelSeparated
fire7_nb0_rank0974,Automatic,1,ok,1566.726,200,2,1,0,0,2305843009213693967:197;2305843009213693973:3,Symbolica_default,cached_powers_Q,50,45,0.984,BalancedZippelSeparated
fire7_nb0_rank0975,Automatic,1,ok,1904.217,199,2,1,0,0,2305843009213693967:196;2305843009213693973:3,Symbolica_default,cached_powers_Q,50,45,0.801,BalancedZippelSeparated
fire7_nb0_rank0976,Automatic,1,ok,1260.895,147,2,1,0,0,2305843009213693967:144;2305843009213693973:3,Symbolica_default,cached_powers_Q,52,36,0.957,BalancedZippelSeparated
fire7_nb0_rank0977,Automatic,1,ok,1357.005,165,2,1,0,0,2305843009213693967:162;2305843009213693973:3,Symbolica_default,cached_powers_Q,65,24,0.973,BalancedZippelSeparated
fire7_nb0_rank0978,Automatic,1,ok,1238.175,141,2,1,0,0,2305843009213693967:138;2305843009213693973:3,Symbolica_default,cached_powers_Q,71,15,1.015,BalancedZippelSeparated
fire7_nb0_rank0979,Automatic,1,ok,971.783,126,2,1,0,0,2305843009213693967:123;2305843009213693973:3,Symbolica_default,cached_powers_Q,41,45,1.118,BalancedZippelSeparated
fire7_nb0_rank0980,Automatic,1,ok,1786.067,215,2,1,0,0,2305843009213693967:212;2305843009213693973:3,Symbolica_default,cached_powers_Q,60,30,1.107,BalancedZippelSeparated
fire7_nb0_rank0981,Automatic,1,ok,2041.818,272,2,1,0,0,2305843009213693967:269;2305843009213693973:3,Symbolica_default,cached_powers_Q,73,21,0.832,BalancedZippelSeparated
fire7_nb0_rank0982,Automatic,1,ok,1090.295,169,2,1,0,0,2305843009213693967:166;2305843009213693973:3,Symbolica_default,cached_powers_Q,56,32,1.192,BalancedZippelSeparated
fire7_nb0_rank0983,Automatic,1,ok,1468.466,157,2,1,0,0,2305843009213693967:154;2305843009213693973:3,Symbolica_default,cached_powers_Q,65,21,1.220,BalancedZippelSeparated
fire7_nb0_rank0984,Automatic,1,ok,1187.034,129,2,1,0,0,2305843009213693967:126;2305843009213693973:3,Symbolica_default,cached_powers_Q,66,15,1.315,BalancedZippelSeparated
fire7_nb0_rank0985,Automatic,1,ok,1248.984,136,2,1,0,0,2305843009213693967:133;2305843009213693973:3,Symbolica_default,cached_powers_Q,42,50,0.941,BalancedZippelSeparated
fire7_nb0_rank0986,Automatic,1,ok,1391.365,147,2,1,0,0,2305843009213693967:144;2305843009213693973:3,Symbolica_default,cached_powers_Q,30,56,1.129,BalancedZippelSeparated
fire7_nb0_rank0987,Automatic,1,ok,1160.504,138,2,1,0,0,2305843009213693967:135;2305843009213693973:3,Symbolica_default,cached_powers_Q,54,28,1.265,BalancedZippelSeparated
fire7_nb0_rank0988,Automatic,1,ok,1564.266,171,2,1,0,0,2305843009213693967:168;2305843009213693973:3,Symbolica_default,cached_powers_Q,57,33,0.746,BalancedZippelSeparated
fire7_nb0_rank0989,Automatic,1,ok,1181.724,124,2,1,0,0,2305843009213693967:121;2305843009213693973:3,Symbolica_default,cached_powers_Q,61,20,0.952,BalancedZippelSeparated
fire7_nb0_rank0990,Automatic,1,ok,1318.984,202,2,1,0,0,2305843009213693967:199;2305843009213693973:3,Symbolica_default,cached_powers_Q,70,20,1.309,BalancedZippelSeparated
fire7_nb0_rank0991,Automatic,1,ok,1804.187,214,2,1,0,0,2305843009213693967:211;2305843009213693973:3,Symbolica_default,cached_powers_Q,67,30,1.241,BalancedZippelSeparated
fire7_nb0_rank0992,Automatic,1,ok,1500.756,151,2,1,0,0,2305843009213693967:148;2305843009213693973:3,Symbolica_default,cached_powers_Q,69,12,1.053,BalancedZippelSeparated
fire7_nb0_rank0993,Automatic,1,ok,1443.485,179,2,1,0,0,2305843009213693967:176;2305843009213693973:3,Symbolica_default,cached_powers_Q,60,27,0.894,BalancedZippelSeparated
fire7_nb0_rank0994,Automatic,1,ok,1263.754,134,2,1,0,0,2305843009213693967:131;2305843009213693973:3,Symbolica_default,cached_powers_Q,48,36,0.888,BalancedZippelSeparated
fire7_nb0_rank0995,Automatic,1,ok,1269.495,186,2,1,0,0,2305843009213693967:183;2305843009213693973:3,Symbolica_default,cached_powers_Q,56,39,1.143,BalancedZippelSeparated
fire7_nb0_rank0996,Automatic,1,ok,1197.124,134,2,1,0,0,2305843009213693967:131;2305843009213693973:3,Symbolica_default,cached_powers_Q,48,36,1.048,BalancedZippelSeparated
fire7_nb0_rank0997,Automatic,1,ok,1326.285,167,2,1,0,0,2305843009213693967:164;2305843009213693973:3,Symbolica_default,cached_powers_Q,50,39,0.971,BalancedZippelSeparated
fire7_nb0_rank0998,Automatic,1,ok,1337.445,158,2,1,0,0,2305843009213693967:155;2305843009213693973:3,Symbolica_default,cached_powers_Q,50,39,0.974,BalancedZippelSeparated
fire7_nb0_rank0999,Automatic,1,ok,1393.566,170,2,1,0,0,2305843009213693967:167;2305843009213693973:3,Symbolica_default,cached_powers_Q,70,15,1.162,BalancedZippelSeparated
fire7_nb0_rank1000,Automatic,1,ok,1198.334,130,2,1,0,0,2305843009213693967:127;2305843009213693973:3,Symbolica_default,cached_powers_Q,63,15,1.071,BalancedZippelSeparated
fire7_nb0_rank1001,Automatic,1,ok,1422.515,149,2,1,0,0,2305843009213693967:146;2305843009213693973:3,Symbolica_default,cached_powers_Q,54,27,0.691,BalancedZippelSeparated
fire7_nb0_rank1002,Automatic,1,ok,1466.275,211,2,1,0,0,2305843009213693967:208;2305843009213693973:3,Symbolica_default,cached_powers_Q,56,36,0.950,BalancedZippelSeparated
fire7_nb0_rank1003,Automatic,1,ok,1174.024,145,2,1,0,0,2305843009213693967:142;2305843009213693973:3,Symbolica_default,cached_powers_Q,59,27,1.433,BalancedZippelSeparated
fire7_nb0_rank1004,Automatic,1,ok,1019.043,113,2,1,0,0,2305843009213693967:110;2305843009213693973:3,Symbolica_default,cached_powers_Q,35,45,1.321,BalancedZippelSeparated
fire7_nb0_rank1005,Automatic,1,ok,1239.685,156,2,1,0,0,2305843009213693967:153;2305843009213693973:3,Symbolica_default,cached_powers_Q,65,15,1.028,BalancedZippelSeparated
fire7_nb0_rank1006,Automatic,1,ok,1370.195,136,2,1,0,0,2305843009213693967:133;2305843009213693973:3,Symbolica_default,cached_powers_Q,54,28,1.139,BalancedZippelSeparated
fire7_nb0_rank1007,Automatic,1,ok,1293.015,126,2,1,0,0,2305843009213693967:123;2305843009213693973:3,Symbolica_default,cached_powers_Q,21,60,1.046,BalancedZippelSeparated
fire7_nb0_rank1008,Automatic,1,ok,1792.567,227,2,1,0,0,2305843009213693967:224;2305843009213693973:3,Symbolica_default,cached_powers_Q,68,26,1.129,BalancedZippelSeparated
fire7_nb0_rank1009,Automatic,1,ok,1262.325,139,2,1,0,0,2305843009213693967:136;2305843009213693973:3,Symbolica_default,cached_powers_Q,48,36,0.764,BalancedZippelSeparated
fire7_nb0_rank1010,Automatic,1,ok,1260.875,130,2,1,0,0,2305843009213693967:127;2305843009213693973:3,Symbolica_default,cached_powers_Q,63,20,0.834,BalancedZippelSeparated
fire7_nb0_rank1011,Automatic,1,ok,1403.796,121,2,1,0,0,2305843009213693967:118;2305843009213693973:3,Symbolica_default,cached_powers_Q,54,20,0.776,BalancedZippelSeparated
fire7_nb0_rank1012,Automatic,1,ok,1117.224,140,2,1,0,0,2305843009213693967:137;2305843009213693973:3,Symbolica_default,cached_powers_Q,60,24,1.341,BalancedZippelSeparated
fire7_nb0_rank1013,Automatic,1,ok,1104.094,134,2,1,0,0,2305843009213693967:131;2305843009213693973:3,Symbolica_default,cached_powers_Q,48,32,0.915,BalancedZippelSeparated
fire7_nb0_rank1014,Automatic,1,ok,1243.225,119,2,1,0,0,2305843009213693967:116;2305843009213693973:3,Symbolica_default,cached_powers_Q,54,28,1.085,BalancedZippelSeparated
fire7_nb0_rank1015,Automatic,1,ok,1765.517,172,2,1,0,0,2305843009213693967:169;2305843009213693973:3,Symbolica_default,cached_powers_Q,64,21,0.898,BalancedZippelSeparated
fire7_nb0_rank1016,Automatic,1,ok,1334.415,126,2,1,0,0,2305843009213693967:123;2305843009213693973:3,Symbolica_default,cached_powers_Q,66,12,0.946,BalancedZippelSeparated
fire7_nb0_rank1017,Automatic,1,ok,1332.096,155,2,1,0,0,2305843009213693967:152;2305843009213693973:3,Symbolica_default,cached_powers_Q,65,18,1.029,BalancedZippelSeparated
fire7_nb0_rank1018,Automatic,1,ok,1347.145,151,2,1,0,0,2305843009213693967:148;2305843009213693973:3,Symbolica_default,cached_powers_Q,54,27,0.725,BalancedZippelSeparated
fire7_nb0_rank1019,Automatic,1,ok,1070.374,126,2,1,0,0,2305843009213693967:123;2305843009213693973:3,Symbolica_default,cached_powers_Q,21,72,1.346,BalancedZippelSeparated
fire7_nb0_rank1020,Automatic,1,ok,1238.524,156,2,1,0,0,2305843009213693967:153;2305843009213693973:3,Symbolica_default,cached_powers_Q,65,15,1.027,BalancedZippelSeparated
fire7_nb0_rank1021,Automatic,1,ok,1036.884,127,2,1,0,0,2305843009213693967:124;2305843009213693973:3,Symbolica_default,cached_powers_Q,66,15,1.200,BalancedZippelSeparated
fire7_nb0_rank1022,Automatic,1,ok,1442.425,140,2,1,0,0,2305843009213693967:137;2305843009213693973:3,Symbolica_default,cached_powers_Q,30,56,0.893,BalancedZippelSeparated
fire7_nb0_rank1023,Automatic,1,ok,1267.985,153,2,1,0,0,2305843009213693967:150;2305843009213693973:3,Symbolica_default,cached_powers_Q,70,12,0.973,BalancedZippelSeparated
fire7_nb0_rank1024,Automatic,1,ok,1400.285,211,2,1,0,0,2305843009213693967:208;2305843009213693973:3,Symbolica_default,cached_powers_Q,56,36,0.822,BalancedZippelSeparated
fire7_nb0_rank1025,Automatic,1,ok,876.524,113,2,1,0,0,2305843009213693967:110;2305843009213693973:3,Symbolica_default,cached_powers_Q,42,42,1.197,BalancedZippelSeparated
fire7_nb0_rank1026,Automatic,1,ok,1075.474,139,2,1,0,0,2305843009213693967:136;2305843009213693973:3,Symbolica_default,cached_powers_Q,54,27,0.961,BalancedZippelSeparated
fire7_nb0_rank1027,Automatic,1,ok,1039.404,149,2,1,0,0,2305843009213693967:146;2305843009213693973:3,Symbolica_default,cached_powers_Q,54,27,1.172,BalancedZippelSeparated
fire7_nb0_rank1028,Automatic,1,ok,1491.676,149,2,1,0,0,2305843009213693967:146;2305843009213693973:3,Symbolica_default,cached_powers_Q,64,20,1.082,BalancedZippelSeparated
fire7_nb0_rank1029,Automatic,1,ok,1097.304,114,2,1,0,0,2305843009213693967:111;2305843009213693973:3,Symbolica_default,cached_powers_Q,59,16,0.967,BalancedZippelSeparated
fire7_nb0_rank1030,Automatic,1,ok,1302.575,196,2,1,0,0,2305843009213693967:193;2305843009213693973:3,Symbolica_default,cached_powers_Q,60,24,1.225,BalancedZippelSeparated
fire7_nb0_rank1031,Automatic,1,ok,1331.795,149,2,1,0,0,2305843009213693967:146;2305843009213693973:3,Symbolica_default,cached_powers_Q,30,56,1.037,BalancedZippelSeparated
fire7_nb0_rank1032,Automatic,1,ok,969.423,122,2,1,0,0,2305843009213693967:119;2305843009213693973:3,Symbolica_default,cached_powers_Q,54,32,0.690,BalancedZippelSeparated
fire7_nb0_rank1033,Automatic,1,ok,993.234,143,2,1,0,0,2305843009213693967:140;2305843009213693973:3,Symbolica_default,cached_powers_Q,40,48,1.026,BalancedZippelSeparated
fire7_nb0_rank1034,Automatic,1,ok,1411.145,174,2,1,0,0,2305843009213693967:171;2305843009213693973:3,Symbolica_default,cached_powers_Q,18,72,0.954,BalancedZippelSeparated
fire7_nb0_rank1035,Automatic,1,ok,1461.906,125,2,1,0,0,2305843009213693967:122;2305843009213693973:3,Symbolica_default,cached_powers_Q,54,28,0.882,BalancedZippelSeparated
fire7_nb0_rank1036,Automatic,1,ok,1208.774,112,2,1,0,0,2305843009213693967:109;2305843009213693973:3,Symbolica_default,cached_powers_Q,42,36,0.975,BalancedZippelSeparated
fire7_nb0_rank1037,Automatic,1,ok,1378.605,138,2,1,0,0,2305843009213693967:135;2305843009213693973:3,Symbolica_default,cached_powers_Q,7,80,0.938,BalancedZippelSeparated
fire7_nb0_rank1038,Automatic,1,ok,1373.925,142,2,1,0,0,2305843009213693967:139;2305843009213693973:3,Symbolica_default,cached_powers_Q,60,21,1.090,BalancedZippelSeparated
fire7_nb0_rank1039,Automatic,1,ok,1758.876,228,2,1,0,0,2305843009213693967:225;2305843009213693973:3,Symbolica_default,cached_powers_Q,56,28,1.113,BalancedZippelSeparated
fire7_nb0_rank1040,Automatic,1,ok,1423.805,184,2,1,0,0,2305843009213693967:181;2305843009213693973:3,Symbolica_default,cached_powers_Q,68,14,0.984,BalancedZippelSeparated
fire7_nb0_rank1041,Automatic,1,ok,1529.616,155,2,1,0,0,2305843009213693967:152;2305843009213693973:3,Symbolica_default,cached_powers_Q,50,36,0.689,BalancedZippelSeparated
fire7_nb0_rank1042,Automatic,1,ok,1131.384,132,2,1,0,0,2305843009213693967:129;2305843009213693973:3,Symbolica_default,cached_powers_Q,48,32,0.890,BalancedZippelSeparated
fire7_nb0_rank1043,Automatic,1,ok,1174.744,119,2,1,0,0,2305843009213693967:116;2305843009213693973:3,Symbolica_default,cached_powers_Q,54,20,1.019,BalancedZippelSeparated
fire7_nb0_rank1044,Automatic,1,ok,1209.715,137,2,1,0,0,2305843009213693967:134;2305843009213693973:3,Symbolica_default,cached_powers_Q,64,10,1.011,BalancedZippelSeparated
fire7_nb0_rank1045,Automatic,1,ok,1262.755,132,2,1,0,0,2305843009213693967:129;2305843009213693973:3,Symbolica_default,cached_powers_Q,47,32,0.954,BalancedZippelSeparated
fire7_nb0_rank1046,Automatic,1,ok,1201.244,148,2,1,0,0,2305843009213693967:145;2305843009213693973:3,Symbolica_default,cached_powers_Q,48,32,0.953,BalancedZippelSeparated
fire7_nb0_rank1047,Automatic,1,ok,1180.645,124,2,1,0,0,2305843009213693967:121;2305843009213693973:3,Symbolica_default,cached_powers_Q,42,36,1.046,BalancedZippelSeparated
fire7_nb0_rank1048,Automatic,1,ok,1072.974,141,2,1,0,0,2305843009213693967:138;2305843009213693973:3,Symbolica_default,cached_powers_Q,60,20,0.773,BalancedZippelSeparated
fire7_nb0_rank1049,Automatic,1,ok,1662.737,228,2,1,0,0,2305843009213693967:225;2305843009213693973:3,Symbolica_default,cached_powers_Q,56,28,0.970,BalancedZippelSeparated
fire7_nb0_rank1050,Automatic,1,ok,1187.025,156,2,1,0,0,2305843009213693967:153;2305843009213693973:3,Symbolica_default,cached_powers_Q,58,21,1.114,BalancedZippelSeparated
fire7_nb0_rank1051,Automatic,1,ok,1231.204,139,2,1,0,0,2305843009213693967:136;2305843009213693973:3,Symbolica_default,cached_powers_Q,59,18,1.032,BalancedZippelSeparated
fire7_nb0_rank1052,Automatic,1,ok,1356.555,143,2,1,0,0,2305843009213693967:140;2305843009213693973:3,Symbolica_default,cached_powers_Q,24,56,1.148,BalancedZippelSeparated
fire7_nb0_rank1053,Automatic,1,ok,1388.486,150,2,1,0,0,2305843009213693967:147;2305843009213693973:3,Symbolica_default,cached_powers_Q,64,15,1.071,BalancedZippelSeparated
fire7_nb0_rank1054,Automatic,1,ok,1196.094,117,2,1,0,0,2305843009213693967:114;2305843009213693973:3,Symbolica_default,cached_powers_Q,42,35,0.990,BalancedZippelSeparated
fire7_nb0_rank1055,Automatic,1,ok,925.853,111,2,1,0,0,2305843009213693967:108;2305843009213693973:3,Symbolica_default,cached_powers_Q,42,35,0.988,BalancedZippelSeparated
fire7_nb0_rank1056,Automatic,1,ok,1249.865,128,2,1,0,0,2305843009213693967:125;2305843009213693973:3,Symbolica_default,cached_powers_Q,48,28,1.003,BalancedZippelSeparated
fire7_nb0_rank1057,Automatic,1,ok,884.723,123,2,1,0,0,2305843009213693967:120;2305843009213693973:3,Symbolica_default,cached_powers_Q,42,36,1.045,BalancedZippelSeparated
fire7_nb0_rank1058,Automatic,1,ok,1099.944,128,2,1,0,0,2305843009213693967:125;2305843009213693973:3,Symbolica_default,cached_powers_Q,42,36,0.850,BalancedZippelSeparated
fire7_nb0_rank1059,Automatic,1,ok,1033.463,155,2,1,0,0,2305843009213693967:152;2305843009213693973:3,Symbolica_default,cached_powers_Q,49,36,1.021,BalancedZippelSeparated
fire7_nb0_rank1060,Automatic,1,ok,1915.618,215,2,1,0,0,2305843009213693967:212;2305843009213693973:3,Symbolica_default,cached_powers_Q,56,28,0.834,BalancedZippelSeparated
fire7_nb0_rank1061,Automatic,1,ok,1067.584,134,2,1,0,0,2305843009213693967:131;2305843009213693973:3,Symbolica_default,cached_powers_Q,6,80,1.107,BalancedZippelSeparated
fire7_nb0_rank1062,Automatic,1,ok,1446.116,172,2,1,0,0,2305843009213693967:169;2305843009213693973:3,Symbolica_default,cached_powers_Q,62,21,1.139,BalancedZippelSeparated
fire7_nb0_rank1063,Automatic,1,ok,1188.975,173,2,1,0,0,2305843009213693967:170;2305843009213693973:3,Symbolica_default,cached_powers_Q,59,20,1.329,BalancedZippelSeparated
fire7_nb0_rank1064,Automatic,1,ok,1222.994,119,2,1,0,0,2305843009213693967:116;2305843009213693973:3,Symbolica_default,cached_powers_Q,35,45,1.049,BalancedZippelSeparated
fire7_nb0_rank1065,Automatic,1,ok,1189.984,164,2,1,0,0,2305843009213693967:161;2305843009213693973:3,Symbolica_default,cached_powers_Q,59,21,1.225,BalancedZippelSeparated
fire7_nb0_rank1066,Automatic,1,ok,1152.464,119,2,1,0,0,2305843009213693967:116;2305843009213693973:3,Symbolica_default,cached_powers_Q,35,45,0.966,BalancedZippelSeparated
fire7_nb0_rank1067,Automatic,1,ok,1600.275,246,2,1,0,0,2305843009213693967:243;2305843009213693973:3,Symbolica_default,cached_powers_Q,64,14,1.111,BalancedZippelSeparated
fire7_nb0_rank1068,Automatic,1,ok,997.574,142,2,1,0,0,2305843009213693967:139;2305843009213693973:3,Symbolica_default,cached_powers_Q,60,20,0.872,BalancedZippelSeparated
fire7_nb0_rank1069,Automatic,1,ok,916.153,130,2,1,0,0,2305843009213693967:127;2305843009213693973:3,Symbolica_default,cached_powers_Q,64,12,1.082,BalancedZippelSeparated
fire7_nb0_rank1070,Automatic,1,ok,1285.714,159,2,1,0,0,2305843009213693967:156;2305843009213693973:3,Symbolica_default,cached_powers_Q,56,20,0.992,BalancedZippelSeparated
fire7_nb0_rank1071,Automatic,1,ok,1498.605,148,2,1,0,0,2305843009213693967:145;2305843009213693973:3,Symbolica_default,cached_powers_Q,65,12,0.786,BalancedZippelSeparated
fire7_nb0_rank1072,Automatic,1,ok,1124.734,146,2,1,0,0,2305843009213693967:143;2305843009213693973:3,Symbolica_default,cached_powers_Q,60,18,1.249,BalancedZippelSeparated
fire7_nb0_rank1073,Automatic,1,ok,1374.425,195,2,1,0,0,2305843009213693967:192;2305843009213693973:3,Symbolica_default,cached_powers_Q,68,12,1.074,BalancedZippelSeparated
fire7_nb0_rank1074,Automatic,1,ok,863.163,110,2,1,0,0,2305843009213693967:107;2305843009213693973:3,Symbolica_default,cached_powers_Q,42,30,0.694,BalancedZippelSeparated
fire7_nb0_rank1075,Automatic,1,ok,1598.865,145,2,1,0,0,2305843009213693967:142;2305843009213693973:3,Symbolica_default,cached_powers_Q,55,21,0.910,BalancedZippelSeparated
fire7_nb0_rank1076,Automatic,1,ok,1158.014,132,2,1,0,0,2305843009213693967:129;2305843009213693973:3,Symbolica_default,cached_powers_Q,64,12,0.901,BalancedZippelSeparated
fire7_nb0_rank1077,Automatic,1,ok,1423.526,161,2,1,0,0,2305843009213693967:158;2305843009213693973:3,Symbolica_default,cached_powers_Q,56,20,0.728,BalancedZippelSeparated
fire7_nb0_rank1078,Automatic,1,ok,1276.395,148,2,1,0,0,2305843009213693967:145;2305843009213693973:3,Symbolica_default,cached_powers_Q,60,18,0.933,BalancedZippelSeparated
fire7_nb0_rank1079,Automatic,1,ok,1205.874,165,2,1,0,0,2305843009213693967:162;2305843009213693973:3,Symbolica_default,cached_powers_Q,56,24,0.867,BalancedZippelSeparated
fire7_nb0_rank1080,Automatic,1,ok,1223.544,177,2,1,0,0,2305843009213693967:174;2305843009213693973:3,Symbolica_default,cached_powers_Q,67,12,0.944,BalancedZippelSeparated
fire7_nb0_rank1081,Automatic,1,ok,942.383,122,2,1,0,0,2305843009213693967:119;2305843009213693973:3,Symbolica_default,cached_powers_Q,18,60,0.814,BalancedZippelSeparated
fire7_nb0_rank1082,Automatic,1,ok,1294.444,151,2,1,0,0,2305843009213693967:148;2305843009213693973:3,Symbolica_default,cached_powers_Q,60,15,1.068,BalancedZippelSeparated
fire7_nb0_rank1083,Automatic,1,ok,1208.875,141,2,1,0,0,2305843009213693967:138;2305843009213693973:3,Symbolica_default,cached_powers_Q,48,27,0.962,BalancedZippelSeparated
fire7_nb0_rank1084,Automatic,1,ok,1113.044,140,2,1,0,0,2305843009213693967:137;2305843009213693973:3,Symbolica_default,cached_powers_Q,50,28,1.251,BalancedZippelSeparated
fire7_nb0_rank1085,Automatic,1,ok,1165.224,131,2,1,0,0,2305843009213693967:128;2305843009213693973:3,Symbolica_default,cached_powers_Q,48,27,0.933,BalancedZippelSeparated
fire7_nb0_rank1086,Automatic,1,ok,1285.185,158,2,1,0,0,2305843009213693967:155;2305843009213693973:3,Symbolica_default,cached_powers_Q,56,20,0.965,BalancedZippelSeparated
fire7_nb0_rank1087,Automatic,1,ok,1118.964,119,2,1,0,0,2305843009213693967:116;2305843009213693973:3,Symbolica_default,cached_powers_Q,53,20,1.035,BalancedZippelSeparated
fire7_nb0_rank1088,Automatic,1,ok,1211.525,133,2,1,0,0,2305843009213693967:130;2305843009213693973:3,Symbolica_default,cached_powers_Q,65,9,0.957,BalancedZippelSeparated
fire7_nb0_rank1089,Automatic,1,ok,1233.704,130,2,1,0,0,2305843009213693967:127;2305843009213693973:3,Symbolica_default,cached_powers_Q,60,12,0.986,BalancedZippelSeparated
fire7_nb0_rank1090,Automatic,1,ok,1263.085,147,2,1,0,0,2305843009213693967:144;2305843009213693973:3,Symbolica_default,cached_powers_Q,52,24,0.993,BalancedZippelSeparated
fire7_nb0_rank1091,Automatic,1,ok,1543.495,168,2,1,0,0,2305843009213693967:165;2305843009213693973:3,Symbolica_default,cached_powers_Q,56,20,0.797,BalancedZippelSeparated
fire7_nb0_rank1092,Automatic,1,ok,1239.415,188,2,1,0,0,2305843009213693967:185;2305843009213693973:3,Symbolica_default,cached_powers_Q,65,12,0.927,BalancedZippelSeparated
fire7_nb0_rank1093,Automatic,1,ok,1049.684,101,2,1,0,0,2305843009213693967:98;2305843009213693973:3,Symbolica_default,cached_powers_Q,49,18,0.832,BalancedZippelSeparated
fire7_nb0_rank1094,Automatic,1,ok,1068.044,146,2,1,0,0,2305843009213693967:143;2305843009213693973:3,Symbolica_default,cached_powers_Q,53,21,1.222,BalancedZippelSeparated
fire7_nb0_rank1095,Automatic,1,ok,1369.865,157,2,1,0,0,2305843009213693967:154;2305843009213693973:3,Symbolica_default,cached_powers_Q,55,18,0.963,BalancedZippelSeparated
fire7_nb0_rank1096,Automatic,1,ok,1075.874,128,2,1,0,0,2305843009213693967:125;2305843009213693973:3,Symbolica_default,cached_powers_Q,45,28,1.366,BalancedZippelSeparated
fire7_nb0_rank1097,Automatic,1,ok,1197.275,119,2,1,0,0,2305843009213693967:116;2305843009213693973:3,Symbolica_default,cached_powers_Q,62,12,1.050,BalancedZippelSeparated
fire7_nb0_rank1098,Automatic,1,ok,1329.895,158,2,1,0,0,2305843009213693967:155;2305843009213693973:3,Symbolica_default,cached_powers_Q,49,30,0.943,BalancedZippelSeparated
fire7_nb0_rank1099,Automatic,1,ok,1322.984,157,2,1,0,0,2305843009213693967:154;2305843009213693973:3,Symbolica_default,cached_powers_Q,56,20,1.065,BalancedZippelSeparated
fire7_nb0_rank1100,Automatic,1,ok,1062.764,153,2,1,0,0,2305843009213693967:150;2305843009213693973:3,Symbolica_default,cached_powers_Q,45,36,1.100,BalancedZippelSeparated
fire7_nb0_rank1101,Automatic,1,ok,1155.865,134,2,1,0,0,2305843009213693967:131;2305843009213693973:3,Symbolica_default,cached_powers_Q,45,36,0.866,BalancedZippelSeparated
fire7_nb0_rank1102,Automatic,1,ok,933.133,137,2,1,0,0,2305843009213693967:134;2305843009213693973:3,Symbolica_default,cached_powers_Q,53,18,1.143,BalancedZippelSeparated
fire7_nb0_rank1103,Automatic,1,ok,1401.376,115,2,1,0,0,2305843009213693967:112;2305843009213693973:3,Symbolica_default,cached_powers_Q,30,45,0.745,BalancedZippelSeparated
fire7_nb0_rank1104,Automatic,1,ok,1076.574,109,2,1,0,0,2305843009213693967:106;2305843009213693973:3,Symbolica_default,cached_powers_Q,30,45,0.993,BalancedZippelSeparated
fire7_nb0_rank1105,Automatic,1,ok,1187.094,106,2,1,0,0,2305843009213693967:103;2305843009213693973:3,Symbolica_default,cached_powers_Q,30,45,1.140,BalancedZippelSeparated
fire7_nb0_rank1106,Automatic,1,ok,989.744,109,2,1,0,0,2305843009213693967:106;2305843009213693973:3,Symbolica_default,cached_powers_Q,30,45,1.296,BalancedZippelSeparated
fire7_nb0_rank1107,Automatic,1,ok,1321.285,172,2,1,0,0,2305843009213693967:169;2305843009213693973:3,Symbolica_default,cached_powers_Q,56,27,0.958,BalancedZippelSeparated
fire7_nb0_rank1108,Automatic,1,ok,1101.464,153,2,1,0,0,2305843009213693967:150;2305843009213693973:3,Symbolica_default,cached_powers_Q,52,28,0.864,BalancedZippelSeparated
fire7_nb0_rank1109,Automatic,1,ok,1206.465,122,2,1,0,0,2305843009213693967:119;2305843009213693973:3,Symbolica_default,cached_powers_Q,18,60,1.014,BalancedZippelSeparated
fire7_nb0_rank1110,Automatic,1,ok,1529.896,130,2,1,0,0,2305843009213693967:127;2305843009213693973:3,Symbolica_default,cached_powers_Q,6,72,0.672,BalancedZippelSeparated
fire7_nb0_rank1111,Automatic,1,ok,1068.394,117,2,1,0,0,2305843009213693967:114;2305843009213693973:3,Symbolica_default,cached_powers_Q,36,36,0.813,BalancedZippelSeparated
fire7_nb0_rank1112,Automatic,1,ok,946.053,126,2,1,0,0,2305843009213693967:123;2305843009213693973:3,Symbolica_default,cached_powers_Q,54,20,1.110,BalancedZippelSeparated
fire7_nb0_rank1113,Automatic,1,ok,837.043,110,2,1,0,0,2305843009213693967:107;2305843009213693973:3,Symbolica_default,cached_powers_Q,48,20,0.708,BalancedZippelSeparated
fire7_nb0_rank1114,Automatic,1,ok,1128.184,115,2,1,0,0,2305843009213693967:112;2305843009213693973:3,Symbolica_default,cached_powers_Q,30,45,1.003,BalancedZippelSeparated
fire7_nb0_rank1115,Automatic,1,ok,1392.705,115,2,1,0,0,2305843009213693967:112;2305843009213693973:3,Symbolica_default,cached_powers_Q,28,36,0.812,BalancedZippelSeparated
fire7_nb0_rank1116,Automatic,1,ok,1218.214,132,2,1,0,0,2305843009213693967:129;2305843009213693973:3,Symbolica_default,cached_powers_Q,40,36,0.999,BalancedZippelSeparated
fire7_nb0_rank1117,Automatic,1,ok,1163.674,115,2,1,0,0,2305843009213693967:112;2305843009213693973:3,Symbolica_default,cached_powers_Q,30,45,1.040,BalancedZippelSeparated
fire7_nb0_rank1118,Automatic,1,ok,1106.455,110,2,1,0,0,2305843009213693967:107;2305843009213693973:3,Symbolica_default,cached_powers_Q,48,15,0.994,BalancedZippelSeparated
fire7_nb0_rank1119,Automatic,1,ok,1105.424,117,2,1,0,0,2305843009213693967:114;2305843009213693973:3,Symbolica_default,cached_powers_Q,35,36,0.887,BalancedZippelSeparated
fire7_nb0_rank1120,Automatic,1,ok,970.514,109,2,1,0,0,2305843009213693967:106;2305843009213693973:3,Symbolica_default,cached_powers_Q,42,21,1.250,BalancedZippelSeparated
fire7_nb0_rank1121,Automatic,1,ok,1214.294,126,2,1,0,0,2305843009213693967:123;2305843009213693973:3,Symbolica_default,cached_powers_Q,54,15,0.953,BalancedZippelSeparated
fire7_nb0_rank1122,Automatic,1,ok,855.143,120,2,1,0,0,2305843009213693967:117;2305843009213693973:3,Symbolica_default,cached_powers_Q,54,12,1.110,BalancedZippelSeparated
fire7_nb0_rank1123,Automatic,1,ok,1313.585,126,2,1,0,0,2305843009213693967:123;2305843009213693973:3,Symbolica_default,cached_powers_Q,54,15,0.722,BalancedZippelSeparated
fire7_nb0_rank1124,Automatic,1,ok,1220.534,128,2,1,0,0,2305843009213693967:125;2305843009213693973:3,Symbolica_default,cached_powers_Q,50,21,0.901,BalancedZippelSeparated
fire7_nb0_rank1125,Automatic,1,ok,1324.634,132,2,1,0,0,2305843009213693967:129;2305843009213693973:3,Symbolica_default,cached_powers_Q,40,36,1.100,BalancedZippelSeparated
fire7_nb0_rank1126,Automatic,1,ok,1135.814,121,2,1,0,0,2305843009213693967:118;2305843009213693973:3,Symbolica_default,cached_powers_Q,40,32,0.944,BalancedZippelSeparated
fire7_nb0_rank1127,Automatic,1,ok,1376.895,161,2,1,0,0,2305843009213693967:158;2305843009213693973:3,Symbolica_default,cached_powers_Q,39,39,1.012,BalancedZippelSeparated
fire7_nb0_rank1128,Automatic,1,ok,1462.155,177,2,1,0,0,2305843009213693967:174;2305843009213693973:3,Symbolica_default,cached_powers_Q,55,26,1.100,BalancedZippelSeparated
fire7_nb0_rank1129,Automatic,1,ok,1216.654,138,2,1,0,0,2305843009213693967:135;2305843009213693973:3,Symbolica_default,cached_powers_Q,47,21,1.006,BalancedZippelSeparated
fire7_nb0_rank1130,Automatic,1,ok,1342.745,128,2,1,0,0,2305843009213693967:125;2305843009213693973:3,Symbolica_default,cached_powers_Q,54,15,0.675,BalancedZippelSeparated
fire7_nb0_rank1131,Automatic,1,ok,941.733,135,2,1,0,0,2305843009213693967:132;2305843009213693973:3,Symbolica_default,cached_powers_Q,45,27,0.694,BalancedZippelSeparated
fire7_nb0_rank1132,Automatic,1,ok,1141.444,121,2,1,0,0,2305843009213693967:118;2305843009213693973:3,Symbolica_default,cached_powers_Q,42,28,0.957,BalancedZippelSeparated
fire7_nb0_rank1133,Automatic,1,ok,1241.284,159,2,1,0,0,2305843009213693967:156;2305843009213693973:3,Symbolica_default,cached_powers_Q,49,27,0.704,BalancedZippelSeparated
fire7_nb0_rank1134,Automatic,1,ok,1281.445,132,2,1,0,0,2305843009213693967:129;2305843009213693973:3,Symbolica_default,cached_powers_Q,40,36,1.140,BalancedZippelSeparated
fire7_nb0_rank1135,Automatic,1,ok,1327.315,140,2,1,0,0,2305843009213693967:137;2305843009213693973:3,Symbolica_default,cached_powers_Q,49,21,1.084,BalancedZippelSeparated
fire7_nb0_rank1136,Automatic,1,ok,1125.594,113,2,1,0,0,2305843009213693967:110;2305843009213693973:3,Symbolica_default,cached_powers_Q,45,20,0.958,BalancedZippelSeparated
fire7_nb0_rank1137,Automatic,1,ok,1005.303,107,2,1,0,0,2305843009213693967:104;2305843009213693973:3,Symbolica_default,cached_powers_Q,51,15,0.908,BalancedZippelSeparated
fire7_nb0_rank1138,Automatic,1,ok,1359.045,164,2,1,0,0,2305843009213693967:161;2305843009213693973:3,Symbolica_default,cached_powers_Q,56,18,1.000,BalancedZippelSeparated
fire7_nb0_rank1139,Automatic,1,ok,968.663,152,2,1,0,0,2305843009213693967:149;2305843009213693973:3,Symbolica_default,cached_powers_Q,49,27,0.701,BalancedZippelSeparated
fire7_nb0_rank1140,Automatic,1,ok,1518.046,148,2,1,0,0,2305843009213693967:145;2305843009213693973:3,Symbolica_default,cached_powers_Q,55,14,0.774,BalancedZippelSeparated
fire7_nb0_rank1141,Automatic,1,ok,1110.724,115,2,1,0,0,2305843009213693967:112;2305843009213693973:3,Symbolica_default,cached_powers_Q,45,20,0.858,BalancedZippelSeparated
fire7_nb0_rank1142,Automatic,1,ok,876.043,101,2,1,0,0,2305843009213693967:98;2305843009213693973:3,Symbolica_default,cached_powers_Q,49,15,1.067,BalancedZippelSeparated
fire7_nb0_rank1143,Automatic,1,ok,1043.934,120,2,1,0,0,2305843009213693967:117;2305843009213693973:3,Symbolica_default,cached_powers_Q,44,28,0.852,BalancedZippelSeparated
fire7_nb0_rank1144,Automatic,1,ok,1307.355,159,2,1,0,0,2305843009213693967:156;2305843009213693973:3,Symbolica_default,cached_powers_Q,56,15,0.974,BalancedZippelSeparated
fire7_nb0_rank1145,Automatic,1,ok,1517.246,132,2,1,0,0,2305843009213693967:129;2305843009213693973:3,Symbolica_default,cached_powers_Q,58,12,0.941,BalancedZippelSeparated
fire7_nb0_rank1146,Automatic,1,ok,1383.985,131,2,1,0,0,2305843009213693967:128;2305843009213693973:3,Symbolica_default,cached_powers_Q,50,24,0.672,BalancedZippelSeparated
fire7_nb0_rank1147,Automatic,1,ok,1196.514,128,2,1,0,0,2305843009213693967:125;2305843009213693973:3,Symbolica_default,cached_powers_Q,60,10,0.992,BalancedZippelSeparated
fire7_nb0_rank1148,Automatic,1,ok,881.763,110,2,1,0,0,2305843009213693967:107;2305843009213693973:3,Symbolica_default,cached_powers_Q,48,20,0.910,BalancedZippelSeparated
fire7_nb0_rank1149,Automatic,1,ok,1492.996,158,2,1,0,0,2305843009213693967:155;2305843009213693973:3,Symbolica_default,cached_powers_Q,56,15,0.728,BalancedZippelSeparated
fire7_nb0_rank1150,Automatic,1,ok,1142.244,104,2,1,0,0,2305843009213693967:101;2305843009213693973:3,Symbolica_default,cached_powers_Q,36,35,0.978,BalancedZippelSeparated
fire7_nb0_rank1151,Automatic,1,ok,1363.415,151,2,1,0,0,2305843009213693967:148;2305843009213693973:3,Symbolica_default,cached_powers_Q,28,42,1.097,BalancedZippelSeparated
fire7_nb0_rank1152,Automatic,1,ok,1422.056,143,2,1,0,0,2305843009213693967:140;2305843009213693973:3,Symbolica_default,cached_powers_Q,45,27,0.682,BalancedZippelSeparated
fire7_nb0_rank1153,Automatic,1,ok,1108.855,130,2,1,0,0,2305843009213693967:127;2305843009213693973:3,Symbolica_default,cached_powers_Q,45,27,0.952,BalancedZippelSeparated
fire7_nb0_rank1154,Automatic,1,ok,1314.005,157,2,1,0,0,2305843009213693967:154;2305843009213693973:3,Symbolica_default,cached_powers_Q,40,39,0.933,BalancedZippelSeparated
fire7_nb0_rank1155,Automatic,1,ok,1304.344,130,2,1,0,0,2305843009213693967:127;2305843009213693973:3,Symbolica_default,cached_powers_Q,45,27,0.705,BalancedZippelSeparated
fire7_nb0_rank1156,Automatic,1,ok,1147.594,103,2,1,0,0,2305843009213693967:100;2305843009213693973:3,Symbolica_default,cached_powers_Q,47,24,1.020,BalancedZippelSeparated
fire7_nb0_rank1157,Automatic,1,ok,862.503,112,2,1,0,0,2305843009213693967:109;2305843009213693973:3,Symbolica_default,cached_powers_Q,36,36,0.663,BalancedZippelSeparated
fire7_nb0_rank1158,Automatic,1,ok,1317.255,134,2,1,0,0,2305843009213693967:131;2305843009213693973:3,Symbolica_default,cached_powers_Q,41,36,0.662,BalancedZippelSeparated
fire7_nb0_rank1159,Automatic,1,ok,1260.054,117,2,1,0,0,2305843009213693967:114;2305843009213693973:3,Symbolica_default,cached_powers_Q,54,12,0.848,BalancedZippelSeparated
fire7_nb0_rank1160,Automatic,1,ok,1035.604,139,2,1,0,0,2305843009213693967:136;2305843009213693973:3,Symbolica_default,cached_powers_Q,45,27,0.644,BalancedZippelSeparated
fire7_nb0_rank1161,Automatic,1,ok,1072.524,109,2,1,0,0,2305843009213693967:106;2305843009213693973:3,Symbolica_default,cached_powers_Q,30,36,0.975,BalancedZippelSeparated
fire7_nb0_rank1162,Automatic,1,ok,1249.685,103,2,1,0,0,2305843009213693967:100;2305843009213693973:3,Symbolica_default,cached_powers_Q,54,12,0.669,BalancedZippelSeparated
fire7_nb0_rank1163,Automatic,1,ok,1274.715,156,2,1,0,0,2305843009213693967:153;2305843009213693973:3,Symbolica_default,cached_powers_Q,60,12,1.028,BalancedZippelSeparated
fire7_nb0_rank1164,Automatic,1,ok,1171.934,135,2,1,0,0,2305843009213693967:132;2305843009213693973:3,Symbolica_default,cached_powers_Q,55,12,0.966,BalancedZippelSeparated
fire7_nb0_rank1165,Automatic,1,ok,1153.544,148,2,1,0,0,2305843009213693967:145;2305843009213693973:3,Symbolica_default,cached_powers_Q,45,24,0.869,BalancedZippelSeparated
fire7_nb0_rank1166,Automatic,1,ok,1441.046,127,2,1,0,0,2305843009213693967:124;2305843009213693973:3,Symbolica_default,cached_powers_Q,35,36,0.801,BalancedZippelSeparated
fire7_nb0_rank1167,Automatic,1,ok,1236.465,120,2,1,0,0,2305843009213693967:117;2305843009213693973:3,Symbolica_default,cached_powers_Q,17,60,0.745,BalancedZippelSeparated
fire7_nb0_rank1168,Automatic,1,ok,1164.694,153,2,1,0,0,2305843009213693967:150;2305843009213693973:3,Symbolica_default,cached_powers_Q,58,12,0.898,BalancedZippelSeparated
fire7_nb0_rank1169,Automatic,1,ok,1322.465,108,2,1,0,0,2305843009213693967:105;2305843009213693973:3,Symbolica_default,cached_powers_Q,35,35,0.758,BalancedZippelSeparated
fire7_nb0_rank1170,Automatic,1,ok,1086.264,108,2,1,0,0,2305843009213693967:105;2305843009213693973:3,Symbolica_default,cached_powers_Q,35,35,1.008,BalancedZippelSeparated
fire7_nb0_rank1171,Automatic,1,ok,1282.614,107,2,1,0,0,2305843009213693967:104;2305843009213693973:3,Symbolica_default,cached_powers_Q,30,36,0.771,BalancedZippelSeparated
fire7_nb0_rank1172,Automatic,1,ok,1275.835,129,2,1,0,0,2305843009213693967:126;2305843009213693973:3,Symbolica_default,cached_powers_Q,41,21,1.085,BalancedZippelSeparated
fire7_nb0_rank1173,Automatic,1,ok,1297.485,108,2,1,0,0,2305843009213693967:105;2305843009213693973:3,Symbolica_default,cached_powers_Q,33,35,0.794,BalancedZippelSeparated
fire7_nb0_rank1174,Automatic,1,ok,1141.334,90,2,1,0,0,2305843009213693967:87;2305843009213693973:3,Symbolica_default,cached_powers_Q,35,25,0.774,BalancedZippelSeparated
fire7_nb0_rank1175,Automatic,1,ok,1089.054,90,2,1,0,0,2305843009213693967:87;2305843009213693973:3,Symbolica_default,cached_powers_Q,35,25,0.921,BalancedZippelSeparated
fire7_nb0_rank1176,Automatic,1,ok,1004.314,125,2,1,0,0,2305843009213693967:122;2305843009213693973:3,Symbolica_default,cached_powers_Q,60,4,0.893,BalancedZippelSeparated
fire7_nb0_rank1177,Automatic,1,ok,857.283,104,2,1,0,0,2305843009213693967:101;2305843009213693973:3,Symbolica_default,cached_powers_Q,52,10,0.720,BalancedZippelSeparated
fire7_nb0_rank1178,Automatic,1,ok,1230.254,134,2,1,0,0,2305843009213693967:131;2305843009213693973:3,Symbolica_default,cached_powers_Q,50,21,1.023,BalancedZippelSeparated
fire7_nb0_rank1179,Automatic,1,ok,999.183,110,2,1,0,0,2305843009213693967:107;2305843009213693973:3,Symbolica_default,cached_powers_Q,54,12,0.917,BalancedZippelSeparated
fire7_nb0_rank1180,Automatic,1,ok,938.903,102,2,1,0,0,2305843009213693967:99;2305843009213693973:3,Symbolica_default,cached_powers_Q,38,24,0.718,BalancedZippelSeparated
fire7_nb0_rank1181,Automatic,1,ok,1268.965,120,2,1,0,0,2305843009213693967:117;2305843009213693973:3,Symbolica_default,cached_powers_Q,39,27,0.640,BalancedZippelSeparated
fire7_nb0_rank1182,Automatic,1,ok,1473.886,157,2,1,0,0,2305843009213693967:154;2305843009213693973:3,Symbolica_default,cached_powers_Q,44,27,0.705,BalancedZippelSeparated
fire7_nb0_rank1183,Automatic,1,ok,1148.634,157,2,1,0,0,2305843009213693967:154;2305843009213693973:3,Symbolica_default,cached_powers_Q,44,27,0.837,BalancedZippelSeparated
fire7_nb0_rank1184,Automatic,1,ok,1156.624,118,2,1,0,0,2305843009213693967:115;2305843009213693973:3,Symbolica_default,cached_powers_Q,55,10,0.994,BalancedZippelSeparated
fire7_nb0_rank1185,Automatic,1,ok,1315.605,107,2,1,0,0,2305843009213693967:104;2305843009213693973:3,Symbolica_default,cached_powers_Q,30,36,0.796,BalancedZippelSeparated
fire7_nb0_rank1186,Automatic,1,ok,1077.714,107,2,1,0,0,2305843009213693967:104;2305843009213693973:3,Symbolica_default,cached_powers_Q,30,36,0.981,BalancedZippelSeparated
fire7_nb0_rank1187,Automatic,1,ok,1079.394,141,2,1,0,0,2305843009213693967:138;2305843009213693973:3,Symbolica_default,cached_powers_Q,52,12,0.852,BalancedZippelSeparated
fire7_nb0_rank1188,Automatic,1,ok,1210.324,123,2,1,0,0,2305843009213693967:120;2305843009213693973:3,Symbolica_default,cached_powers_Q,45,27,0.628,BalancedZippelSeparated
fire7_nb0_rank1189,Automatic,1,ok,1003.784,117,2,1,0,0,2305843009213693967:114;2305843009213693973:3,Symbolica_default,cached_powers_Q,36,36,0.916,BalancedZippelSeparated
fire7_nb0_rank1190,Automatic,1,ok,1131.434,129,2,1,0,0,2305843009213693967:126;2305843009213693973:3,Symbolica_default,cached_powers_Q,50,20,0.937,BalancedZippelSeparated
fire7_nb0_rank1191,Automatic,1,ok,1200.685,134,2,1,0,0,2305843009213693967:131;2305843009213693973:3,Symbolica_default,cached_powers_Q,52,15,0.958,BalancedZippelSeparated
fire7_nb0_rank1192,Automatic,1,ok,834.313,97,2,1,0,0,2305843009213693967:94;2305843009213693973:3,Symbolica_default,cached_powers_Q,41,24,0.778,BalancedZippelSeparated
fire7_nb0_rank1193,Automatic,1,ok,1583.426,159,2,1,0,0,2305843009213693967:156;2305843009213693973:3,Symbolica_default,cached_powers_Q,45,20,0.982,BalancedZippelSeparated
fire7_nb0_rank1194,Automatic,1,ok,1212.354,103,2,1,0,0,2305843009213693967:100;2305843009213693973:3,Symbolica_default,cached_powers_Q,40,28,0.981,BalancedZippelSeparated
fire7_nb0_rank1195,Automatic,1,ok,1252.005,126,2,1,0,0,2305843009213693967:123;2305843009213693973:3,Symbolica_default,cached_powers_Q,45,21,1.060,BalancedZippelSeparated
fire7_nb0_rank1196,Automatic,1,ok,819.973,113,2,1,0,0,2305843009213693967:110;2305843009213693973:3,Symbolica_default,cached_powers_Q,53,12,0.699,BalancedZippelSeparated
fire7_nb0_rank1197,Automatic,1,ok,1213.554,103,2,1,0,0,2305843009213693967:100;2305843009213693973:3,Symbolica_default,cached_powers_Q,48,15,0.665,BalancedZippelSeparated
fire7_nb0_rank1198,Automatic,1,ok,1133.694,149,2,1,0,0,2305843009213693967:146;2305843009213693973:3,Symbolica_default,cached_powers_Q,42,27,0.681,BalancedZippelSeparated
fire7_nb0_rank1199,Automatic,1,ok,1119.074,115,2,1,0,0,2305843009213693967:112;2305843009213693973:3,Symbolica_default,cached_powers_Q,30,36,0.970,BalancedZippelSeparated
fire7_nb0_rank1200,Automatic,1,ok,1056.154,118,2,1,0,0,2305843009213693967:115;2305843009213693973:3,Symbolica_default,cached_powers_Q,45,24,0.600,BalancedZippelSeparated
fire7_nb0_rank1201,Automatic,1,ok,1204.384,132,2,1,0,0,2305843009213693967:129;2305843009213693973:3,Symbolica_default,cached_powers_Q,52,15,0.868,BalancedZippelSeparated
fire7_nb0_rank1202,Automatic,1,ok,1565.375,166,2,1,0,0,2305843009213693967:163;2305843009213693973:3,Symbolica_default,cached_powers_Q,50,18,0.696,BalancedZippelSeparated
fire7_nb0_rank1203,Automatic,1,ok,1395.865,138,2,1,0,0,2305843009213693967:135;2305843009213693973:3,Symbolica_default,cached_powers_Q,35,39,0.674,BalancedZippelSeparated
fire7_nb0_rank1204,Automatic,1,ok,1333.035,134,2,1,0,0,2305843009213693967:131;2305843009213693973:3,Symbolica_default,cached_powers_Q,17,56,0.704,BalancedZippelSeparated
fire7_nb0_rank1205,Automatic,1,ok,1200.185,169,2,1,0,0,2305843009213693967:166;2305843009213693973:3,Symbolica_default,cached_powers_Q,48,20,0.742,BalancedZippelSeparated
fire7_nb0_rank1206,Automatic,1,ok,1112.384,113,2,1,0,0,2305843009213693967:110;2305843009213693973:3,Symbolica_default,cached_powers_Q,30,36,0.966,BalancedZippelSeparated
fire7_nb0_rank1207,Automatic,1,ok,935.284,109,2,1,0,0,2305843009213693967:106;2305843009213693973:3,Symbolica_default,cached_powers_Q,37,32,0.793,BalancedZippelSeparated
fire7_nb0_rank1208,Automatic,1,ok,1335.654,151,2,1,0,0,2305843009213693967:148;2305843009213693973:3,Symbolica_default,cached_powers_Q,56,18,0.737,BalancedZippelSeparated
fire7_nb0_rank1209,Automatic,1,ok,827.773,110,2,1,0,0,2305843009213693967:107;2305843009213693973:3,Symbolica_default,cached_powers_Q,47,15,1.143,BalancedZippelSeparated
fire7_nb0_rank1210,Automatic,1,ok,1008.843,120,2,1,0,0,2305843009213693967:117;2305843009213693973:3,Symbolica_default,cached_powers_Q,44,21,0.738,BalancedZippelSeparated
fire7_nb0_rank1211,Automatic,1,ok,1313.315,122,2,1,0,0,2305843009213693967:119;2305843009213693973:3,Symbolica_default,cached_powers_Q,18,48,0.729,BalancedZippelSeparated
fire7_nb0_rank1212,Automatic,1,ok,1008.944,106,2,1,0,0,2305843009213693967:103;2305843009213693973:3,Symbolica_default,cached_powers_Q,36,28,0.931,BalancedZippelSeparated
fire7_nb0_rank1213,Automatic,1,ok,1085.004,129,2,1,0,0,2305843009213693967:126;2305843009213693973:3,Symbolica_default,cached_powers_Q,50,15,0.683,BalancedZippelSeparated
fire7_nb0_rank1214,Automatic,1,ok,917.703,117,2,1,0,0,2305843009213693967:114;2305843009213693973:3,Symbolica_default,cached_powers_Q,45,15,1.213,BalancedZippelSeparated
fire7_nb0_rank1215,Automatic,1,ok,1496.255,196,2,1,0,0,2305843009213693967:193;2305843009213693973:3,Symbolica_default,cached_powers_Q,40,30,1.029,BalancedZippelSeparated
fire7_nb0_rank1216,Automatic,1,ok,1084.024,99,2,1,0,0,2305843009213693967:96;2305843009213693973:3,Symbolica_default,cached_powers_Q,40,20,0.927,BalancedZippelSeparated
fire7_nb0_rank1217,Automatic,1,ok,1210.544,128,2,1,0,0,2305843009213693967:125;2305843009213693973:3,Symbolica_default,cached_powers_Q,52,12,0.661,BalancedZippelSeparated
fire7_nb0_rank1218,Automatic,1,ok,1213.224,120,2,1,0,0,2305843009213693967:117;2305843009213693973:3,Symbolica_default,cached_powers_Q,45,21,0.942,BalancedZippelSeparated
fire7_nb0_rank1219,Automatic,1,ok,864.733,107,2,1,0,0,2305843009213693967:104;2305843009213693973:3,Symbolica_default,cached_powers_Q,54,8,0.815,BalancedZippelSeparated
fire7_nb0_rank1220,Automatic,1,ok,1012.054,113,2,1,0,0,2305843009213693967:110;2305843009213693973:3,Symbolica_default,cached_powers_Q,45,20,0.848,BalancedZippelSeparated
fire7_nb0_rank1221,Automatic,1,ok,978.393,107,2,1,0,0,2305843009213693967:104;2305843009213693973:3,Symbolica_default,cached_powers_Q,53,12,0.833,BalancedZippelSeparated
fire7_nb0_rank1222,Automatic,1,ok,1262.764,126,2,1,0,0,2305843009213693967:123;2305843009213693973:3,Symbolica_default,cached_powers_Q,45,21,1.041,BalancedZippelSeparated
fire7_nb0_rank1223,Automatic,1,ok,1125.795,120,2,1,0,0,2305843009213693967:117;2305843009213693973:3,Symbolica_default,cached_powers_Q,45,21,0.748,BalancedZippelSeparated
fire7_nb0_rank1224,Automatic,1,ok,1086.954,107,2,1,0,0,2305843009213693967:104;2305843009213693973:3,Symbolica_default,cached_powers_Q,29,36,1.051,BalancedZippelSeparated
fire7_nb0_rank1225,Automatic,1,ok,1198.765,109,2,1,0,0,2305843009213693967:106;2305843009213693973:3,Symbolica_default,cached_powers_Q,30,36,0.885,BalancedZippelSeparated
fire7_nb0_rank1226,Automatic,1,ok,1250.064,111,2,1,0,0,2305843009213693967:108;2305843009213693973:3,Symbolica_default,cached_powers_Q,30,36,0.890,BalancedZippelSeparated
fire7_nb0_rank1227,Automatic,1,ok,1291.024,109,2,1,0,0,2305843009213693967:106;2305843009213693973:3,Symbolica_default,cached_powers_Q,30,36,0.759,BalancedZippelSeparated
fire7_nb0_rank1228,Automatic,1,ok,1186.775,119,2,1,0,0,2305843009213693967:116;2305843009213693973:3,Symbolica_default,cached_powers_Q,36,27,0.605,BalancedZippelSeparated
fire7_nb0_rank1229,Automatic,1,ok,904.623,114,2,1,0,0,2305843009213693967:111;2305843009213693973:3,Symbolica_default,cached_powers_Q,36,27,0.798,BalancedZippelSeparated
fire7_nb0_rank1230,Automatic,1,ok,1174.034,119,2,1,0,0,2305843009213693967:116;2305843009213693973:3,Symbolica_default,cached_powers_Q,36,27,0.590,BalancedZippelSeparated
fire7_nb0_rank1231,Automatic,1,ok,1247.385,114,2,1,0,0,2305843009213693967:111;2305843009213693973:3,Symbolica_default,cached_powers_Q,36,27,0.700,BalancedZippelSeparated
fire7_nb0_rank1232,Automatic,1,ok,974.783,88,2,1,0,0,2305843009213693967:85;2305843009213693973:3,Symbolica_default,cached_powers_Q,35,18,0.941,BalancedZippelSeparated
fire7_nb0_rank1233,Automatic,1,ok,1027.563,96,2,1,0,0,2305843009213693967:93;2305843009213693973:3,Symbolica_default,cached_powers_Q,45,12,1.037,BalancedZippelSeparated
fire7_nb0_rank1234,Automatic,1,ok,1112.494,120,2,1,0,0,2305843009213693967:117;2305843009213693973:3,Symbolica_default,cached_powers_Q,48,16,1.012,BalancedZippelSeparated
fire7_nb0_rank1235,Automatic,1,ok,1293.494,119,2,1,0,0,2305843009213693967:116;2305843009213693973:3,Symbolica_default,cached_powers_Q,40,21,0.976,BalancedZippelSeparated
fire7_nb0_rank1236,Automatic,1,ok,1108.824,120,2,1,0,0,2305843009213693967:117;2305843009213693973:3,Symbolica_default,cached_powers_Q,16,48,0.695,BalancedZippelSeparated
fire7_nb0_rank1237,Automatic,1,ok,1041.024,120,2,1,0,0,2305843009213693967:117;2305843009213693973:3,Symbolica_default,cached_powers_Q,16,48,0.868,BalancedZippelSeparated
fire7_nb0_rank1238,Automatic,1,ok,1102.273,114,2,1,0,0,2305843009213693967:111;2305843009213693973:3,Symbolica_default,cached_powers_Q,45,21,0.982,BalancedZippelSeparated
fire7_nb0_rank1239,Automatic,1,ok,1003.674,120,2,1,0,0,2305843009213693967:117;2305843009213693973:3,Symbolica_default,cached_powers_Q,45,18,0.895,BalancedZippelSeparated
fire7_nb0_rank1240,Automatic,1,ok,1058.354,113,2,1,0,0,2305843009213693967:110;2305843009213693973:3,Symbolica_default,cached_powers_Q,30,36,0.973,BalancedZippelSeparated
fire7_nb0_rank1241,Automatic,1,ok,1081.744,144,2,1,0,0,2305843009213693967:141;2305843009213693973:3,Symbolica_default,cached_powers_Q,52,10,0.885,BalancedZippelSeparated
fire7_nb0_rank1242,Automatic,1,ok,909.683,131,2,1,0,0,2305843009213693967:128;2305843009213693973:3,Symbolica_default,cached_powers_Q,45,18,0.897,BalancedZippelSeparated
fire7_nb0_rank1243,Automatic,1,ok,939.073,106,2,1,0,0,2305843009213693967:103;2305843009213693973:3,Symbolica_default,cached_powers_Q,45,12,0.818,BalancedZippelSeparated
fire7_nb0_rank1244,Automatic,1,ok,1340.565,141,2,1,0,0,2305843009213693967:138;2305843009213693973:3,Symbolica_default,cached_powers_Q,52,14,0.994,BalancedZippelSeparated
fire7_nb0_rank1245,Automatic,1,ok,1309.705,158,2,1,0,0,2305843009213693967:155;2305843009213693973:3,Symbolica_default,cached_powers_Q,41,26,1.008,BalancedZippelSeparated
fire7_nb0_rank1246,Automatic,1,ok,1072.954,126,2,1,0,0,2305843009213693967:123;2305843009213693973:3,Symbolica_default,cached_powers_Q,45,18,0.916,BalancedZippelSeparated
fire7_nb0_rank1247,Automatic,1,ok,1128.904,118,2,1,0,0,2305843009213693967:115;2305843009213693973:3,Symbolica_default,cached_powers_Q,48,18,0.961,BalancedZippelSeparated
fire7_nb0_rank1248,Automatic,1,ok,1350.175,159,2,1,0,0,2305843009213693967:156;2305843009213693973:3,Symbolica_default,cached_powers_Q,46,18,1.033,BalancedZippelSeparated
fire7_nb0_rank1249,Automatic,1,ok,1364.324,138,2,1,0,0,2305843009213693967:135;2305843009213693973:3,Symbolica_default,cached_powers_Q,52,8,0.708,BalancedZippelSeparated
fire7_nb0_rank1250,Automatic,1,ok,955.294,101,2,1,0,0,2305843009213693967:98;2305843009213693973:3,Symbolica_default,cached_powers_Q,42,15,0.836,BalancedZippelSeparated
fire7_nb0_rank1251,Automatic,1,ok,1571.316,166,2,1,0,0,2305843009213693967:163;2305843009213693973:3,Symbolica_default,cached_powers_Q,54,16,0.745,BalancedZippelSeparated
fire7_nb0_rank1252,Automatic,1,ok,1379.315,166,2,1,0,0,2305843009213693967:163;2305843009213693973:3,Symbolica_default,cached_powers_Q,44,24,0.980,BalancedZippelSeparated
fire7_nb0_rank1253,Automatic,1,ok,1084.554,131,2,1,0,0,2305843009213693967:128;2305843009213693973:3,Symbolica_default,cached_powers_Q,40,27,0.878,BalancedZippelSeparated
fire7_nb0_rank1254,Automatic,1,ok,1120.484,106,2,1,0,0,2305843009213693967:103;2305843009213693973:3,Symbolica_default,cached_powers_Q,36,28,0.942,BalancedZippelSeparated
fire7_nb0_rank1255,Automatic,1,ok,887.843,105,2,1,0,0,2305843009213693967:102;2305843009213693973:3,Symbolica_default,cached_powers_Q,24,36,0.828,BalancedZippelSeparated
fire7_nb0_rank1256,Automatic,1,ok,1304.614,105,2,1,0,0,2305843009213693967:102;2305843009213693973:3,Symbolica_default,cached_powers_Q,24,36,0.763,BalancedZippelSeparated
fire7_nb0_rank1257,Automatic,1,ok,1341.935,148,2,1,0,0,2305843009213693967:145;2305843009213693973:3,Symbolica_default,cached_powers_Q,51,14,0.955,BalancedZippelSeparated
fire7_nb0_rank1258,Automatic,1,ok,1067.574,152,2,1,0,0,2305843009213693967:149;2305843009213693973:3,Symbolica_default,cached_powers_Q,51,14,0.717,BalancedZippelSeparated
fire7_nb0_rank1259,Automatic,1,ok,888.844,111,2,1,0,0,2305843009213693967:108;2305843009213693973:3,Symbolica_default,cached_powers_Q,54,4,0.620,BalancedZippelSeparated
fire7_nb0_rank1260,Automatic,1,ok,1011.364,113,2,1,0,0,2305843009213693967:110;2305843009213693973:3,Symbolica_default,cached_powers_Q,45,15,0.792,BalancedZippelSeparated
fire7_nb0_rank1261,Automatic,1,ok,1154.994,137,2,1,0,0,2305843009213693967:134;2305843009213693973:3,Symbolica_default,cached_powers_Q,48,21,0.980,BalancedZippelSeparated
fire7_nb0_rank1262,Automatic,1,ok,876.063,101,2,1,0,0,2305843009213693967:98;2305843009213693973:3,Symbolica_default,cached_powers_Q,47,12,0.840,BalancedZippelSeparated
fire7_nb0_rank1263,Automatic,1,ok,1372.535,132,2,1,0,0,2305843009213693967:129;2305843009213693973:3,Symbolica_default,cached_powers_Q,52,10,0.694,BalancedZippelSeparated
fire7_nb0_rank1264,Automatic,1,ok,1160.264,137,2,1,0,0,2305843009213693967:134;2305843009213693973:3,Symbolica_default,cached_powers_Q,36,30,0.876,BalancedZippelSeparated
fire7_nb0_rank1265,Automatic,1,ok,1076.554,115,2,1,0,0,2305843009213693967:112;2305843009213693973:3,Symbolica_default,cached_powers_Q,45,18,0.992,BalancedZippelSeparated
fire7_nb0_rank1266,Automatic,1,ok,1096.335,98,2,1,0,0,2305843009213693967:95;2305843009213693973:3,Symbolica_default,cached_powers_Q,39,12,0.647,BalancedZippelSeparated
fire7_nb0_rank1267,Automatic,1,ok,1245.894,151,2,1,0,0,2305843009213693967:148;2305843009213693973:3,Symbolica_default,cached_powers_Q,44,18,0.884,BalancedZippelSeparated
fire7_nb0_rank1268,Automatic,1,ok,873.473,85,2,1,0,0,2305843009213693967:82;2305843009213693973:3,Symbolica_default,cached_powers_Q,28,24,0.645,BalancedZippelSeparated
fire7_nb0_rank1269,Automatic,1,ok,1067.634,85,2,1,0,0,2305843009213693967:82;2305843009213693973:3,Symbolica_default,cached_powers_Q,28,24,0.651,BalancedZippelSeparated
fire7_nb0_rank1270,Automatic,1,ok,1263.834,104,2,1,0,0,2305843009213693967:101;2305843009213693973:3,Symbolica_default,cached_powers_Q,40,21,0.683,BalancedZippelSeparated
fire7_nb0_rank1271,Automatic,1,ok,924.434,102,2,1,0,0,2305843009213693967:99;2305843009213693973:3,Symbolica_default,cached_powers_Q,42,12,0.644,BalancedZippelSeparated
fire7_nb0_rank1272,Automatic,1,ok,1248.734,147,2,1,0,0,2305843009213693967:144;2305843009213693973:3,Symbolica_default,cached_powers_Q,52,14,0.902,BalancedZippelSeparated
fire7_nb0_rank1273,Automatic,1,ok,1235.735,125,2,1,0,0,2305843009213693967:122;2305843009213693973:3,Symbolica_default,cached_powers_Q,42,21,1.060,BalancedZippelSeparated
fire7_nb0_rank1274,Automatic,1,ok,1595.566,173,2,1,0,0,2305843009213693967:170;2305843009213693973:3,Symbolica_default,cached_powers_Q,43,24,0.748,BalancedZippelSeparated
fire7_nb0_rank1275,Automatic,1,ok,1599.826,173,2,1,0,0,2305843009213693967:170;2305843009213693973:3,Symbolica_default,cached_powers_Q,43,24,0.769,BalancedZippelSeparated
fire7_nb0_rank1276,Automatic,1,ok,1652.946,166,2,1,0,0,2305843009213693967:163;2305843009213693973:3,Symbolica_default,cached_powers_Q,44,24,0.797,BalancedZippelSeparated
fire7_nb0_rank1277,Automatic,1,ok,1358.995,144,2,1,0,0,2305843009213693967:141;2305843009213693973:3,Symbolica_default,cached_powers_Q,44,24,0.999,BalancedZippelSeparated
fire7_nb0_rank1278,Automatic,1,ok,1171.725,137,2,1,0,0,2305843009213693967:134;2305843009213693973:3,Symbolica_default,cached_powers_Q,44,18,0.915,BalancedZippelSeparated
fire7_nb0_rank1279,Automatic,1,ok,810.773,111,2,1,0,0,2305843009213693967:108;2305843009213693973:3,Symbolica_default,cached_powers_Q,45,15,0.688,BalancedZippelSeparated
fire7_nb0_rank1280,Automatic,1,ok,1108.294,105,2,1,0,0,2305843009213693967:102;2305843009213693973:3,Symbolica_default,cached_powers_Q,40,18,0.887,BalancedZippelSeparated
fire7_nb0_rank1281,Automatic,1,ok,1369.205,158,2,1,0,0,2305843009213693967:155;2305843009213693973:3,Symbolica_default,cached_powers_Q,42,26,1.050,BalancedZippelSeparated
fire7_nb0_rank1282,Automatic,1,ok,1401.226,114,2,1,0,0,2305843009213693967:111;2305843009213693973:3,Symbolica_default,cached_powers_Q,21,40,0.719,BalancedZippelSeparated
fire7_nb0_rank1283,Automatic,1,ok,1008.283,134,2,1,0,0,2305843009213693967:131;2305843009213693973:3,Symbolica_default,cached_powers_Q,6,60,0.603,BalancedZippelSeparated
fire7_nb0_rank1284,Automatic,1,ok,997.624,149,2,1,0,0,2305843009213693967:146;2305843009213693973:3,Symbolica_default,cached_powers_Q,56,8,0.837,BalancedZippelSeparated
fire7_nb0_rank1285,Automatic,1,ok,992.324,125,2,1,0,0,2305843009213693967:122;2305843009213693973:3,Symbolica_default,cached_powers_Q,40,20,0.691,BalancedZippelSeparated
fire7_nb0_rank1286,Automatic,1,ok,719.772,95,2,1,0,0,2305843009213693967:92;2305843009213693973:3,Symbolica_default,cached_powers_Q,41,15,0.648,BalancedZippelSeparated
fire7_nb0_rank1287,Automatic,1,ok,1022.794,137,2,1,0,0,2305843009213693967:134;2305843009213693973:3,Symbolica_default,cached_powers_Q,36,27,0.905,BalancedZippelSeparated
fire7_nb0_rank1288,Automatic,1,ok,1138.074,100,2,1,0,0,2305843009213693967:97;2305843009213693973:3,Symbolica_default,cached_powers_Q,30,28,0.788,BalancedZippelSeparated
fire7_nb0_rank1289,Automatic,1,ok,888.783,92,2,1,0,0,2305843009213693967:89;2305843009213693973:3,Symbolica_default,cached_powers_Q,30,28,0.855,BalancedZippelSeparated
fire7_nb0_rank1290,Automatic,1,ok,1191.074,137,2,1,0,0,2305843009213693967:134;2305843009213693973:3,Symbolica_default,cached_powers_Q,43,18,0.729,BalancedZippelSeparated
fire7_nb0_rank1291,Automatic,1,ok,735.852,109,2,1,0,0,2305843009213693967:106;2305843009213693973:3,Symbolica_default,cached_powers_Q,45,8,0.707,BalancedZippelSeparated
fire7_nb0_rank1292,Automatic,1,ok,968.434,109,2,1,0,0,2305843009213693967:106;2305843009213693973:3,Symbolica_default,cached_powers_Q,39,24,0.612,BalancedZippelSeparated
fire7_nb0_rank1293,Automatic,1,ok,1104.704,132,2,1,0,0,2305843009213693967:129;2305843009213693973:3,Symbolica_default,cached_powers_Q,30,36,0.879,BalancedZippelSeparated
fire7_nb0_rank1294,Automatic,1,ok,1261.905,111,2,1,0,0,2305843009213693967:108;2305843009213693973:3,Symbolica_default,cached_powers_Q,45,15,0.692,BalancedZippelSeparated
fire7_nb0_rank1295,Automatic,1,ok,1058.104,167,2,1,0,0,2305843009213693967:164;2305843009213693973:3,Symbolica_default,cached_powers_Q,42,26,0.822,BalancedZippelSeparated
fire7_nb0_rank1296,Automatic,1,ok,1060.595,94,2,1,0,0,2305843009213693967:91;2305843009213693973:3,Symbolica_default,cached_powers_Q,36,15,0.643,BalancedZippelSeparated
fire7_nb0_rank1297,Automatic,1,ok,1067.635,137,2,1,0,0,2305843009213693967:134;2305843009213693973:3,Symbolica_default,cached_powers_Q,36,27,0.835,BalancedZippelSeparated
fire7_nb0_rank1298,Automatic,1,ok,1051.044,111,2,1,0,0,2305843009213693967:108;2305843009213693973:3,Symbolica_default,cached_powers_Q,45,15,0.698,BalancedZippelSeparated
fire7_nb0_rank1299,Automatic,1,ok,1086.264,120,2,1,0,0,2305843009213693967:117;2305843009213693973:3,Symbolica_default,cached_powers_Q,45,15,0.934,BalancedZippelSeparated
fire7_nb0_rank1300,Automatic,1,ok,1099.844,135,2,1,0,0,2305843009213693967:132;2305843009213693973:3,Symbolica_default,cached_powers_Q,28,36,0.925,BalancedZippelSeparated
fire7_nb0_rank1301,Automatic,1,ok,1222.745,152,2,1,0,0,2305843009213693967:149;2305843009213693973:3,Symbolica_default,cached_powers_Q,39,26,1.130,BalancedZippelSeparated
fire7_nb0_rank1302,Automatic,1,ok,994.373,100,2,1,0,0,2305843009213693967:97;2305843009213693973:3,Symbolica_default,cached_powers_Q,42,12,0.722,BalancedZippelSeparated
fire7_nb0_rank1303,Automatic,1,ok,1145.224,122,2,1,0,0,2305843009213693967:119;2305843009213693973:3,Symbolica_default,cached_powers_Q,40,18,0.893,BalancedZippelSeparated
fire7_nb0_rank1304,Automatic,1,ok,1154.774,137,2,1,0,0,2305843009213693967:134;2305843009213693973:3,Symbolica_default,cached_powers_Q,36,27,0.867,BalancedZippelSeparated
fire7_nb0_rank1305,Automatic,1,ok,1254.414,122,2,1,0,0,2305843009213693967:119;2305843009213693973:3,Symbolica_default,cached_powers_Q,40,18,0.858,BalancedZippelSeparated
fire7_nb0_rank1306,Automatic,1,ok,995.254,130,2,1,0,0,2305843009213693967:127;2305843009213693973:3,Symbolica_default,cached_powers_Q,40,18,0.735,BalancedZippelSeparated
fire7_nb0_rank1307,Automatic,1,ok,915.743,83,2,1,0,0,2305843009213693967:80;2305843009213693973:3,Symbolica_default,cached_powers_Q,27,25,0.730,BalancedZippelSeparated
fire7_nb0_rank1308,Automatic,1,ok,1149.744,120,2,1,0,0,2305843009213693967:117;2305843009213693973:3,Symbolica_default,cached_powers_Q,40,18,0.852,BalancedZippelSeparated
fire7_nb0_rank1309,Automatic,1,ok,878.464,122,2,1,0,0,2305843009213693967:119;2305843009213693973:3,Symbolica_default,cached_powers_Q,36,24,0.627,BalancedZippelSeparated
fire7_nb0_rank1310,Automatic,1,ok,1038.914,127,2,1,0,0,2305843009213693967:124;2305843009213693973:3,Symbolica_default,cached_powers_Q,36,27,0.857,BalancedZippelSeparated
fire7_nb0_rank1311,Automatic,1,ok,1021.603,106,2,1,0,0,2305843009213693967:103;2305843009213693973:3,Symbolica_default,cached_powers_Q,42,15,0.763,BalancedZippelSeparated
fire7_nb0_rank1312,Automatic,1,ok,983.683,114,2,1,0,0,2305843009213693967:111;2305843009213693973:3,Symbolica_default,cached_powers_Q,50,6,0.879,BalancedZippelSeparated
fire7_nb0_rank1313,Automatic,1,ok,1066.554,127,2,1,0,0,2305843009213693967:124;2305843009213693973:3,Symbolica_default,cached_powers_Q,36,27,0.832,BalancedZippelSeparated
fire7_nb0_rank1314,Automatic,1,ok,1319.875,127,2,1,0,0,2305843009213693967:124;2305843009213693973:3,Symbolica_default,cached_powers_Q,40,20,0.660,BalancedZippelSeparated
fire7_nb0_rank1315,Automatic,1,ok,1036.774,96,2,1,0,0,2305843009213693967:93;2305843009213693973:3,Symbolica_default,cached_powers_Q,18,45,0.913,BalancedZippelSeparated
fire7_nb0_rank1316,Automatic,1,ok,1025.854,120,2,1,0,0,2305843009213693967:117;2305843009213693973:3,Symbolica_default,cached_powers_Q,29,36,0.909,BalancedZippelSeparated
fire7_nb0_rank1317,Automatic,1,ok,850.293,97,2,1,0,0,2305843009213693967:94;2305843009213693973:3,Symbolica_default,cached_powers_Q,45,12,0.879,BalancedZippelSeparated
fire7_nb0_rank1318,Automatic,1,ok,1310.485,132,2,1,0,0,2305843009213693967:129;2305843009213693973:3,Symbolica_default,cached_powers_Q,44,14,0.924,BalancedZippelSeparated
fire7_nb0_rank1319,Automatic,1,ok,1051.074,119,2,1,0,0,2305843009213693967:116;2305843009213693973:3,Symbolica_default,cached_powers_Q,36,27,0.850,BalancedZippelSeparated
fire7_nb0_rank1320,Automatic,1,ok,699.183,102,2,1,0,0,2305843009213693967:99;2305843009213693973:3,Symbolica_default,cached_powers_Q,18,36,0.912,BalancedZippelSeparated
fire7_nb0_rank1321,Automatic,1,ok,1477.766,144,2,1,0,0,2305843009213693967:141;2305843009213693973:3,Symbolica_default,cached_powers_Q,40,24,0.695,BalancedZippelSeparated
fire7_nb0_rank1322,Automatic,1,ok,1261.585,154,2,1,0,0,2305843009213693967:151;2305843009213693973:3,Symbolica_default,cached_powers_Q,40,24,0.938,BalancedZippelSeparated
fire7_nb0_rank1323,Automatic,1,ok,833.223,131,2,1,0,0,2305843009213693967:128;2305843009213693973:3,Symbolica_default,cached_powers_Q,36,27,0.619,BalancedZippelSeparated
fire7_nb0_rank1324,Automatic,1,ok,1070.944,113,2,1,0,0,2305843009213693967:110;2305843009213693973:3,Symbolica_default,cached_powers_Q,40,20,0.898,BalancedZippelSeparated
fire7_nb0_rank1325,Automatic,1,ok,986.754,123,2,1,0,0,2305843009213693967:120;2305843009213693973:3,Symbolica_default,cached_powers_Q,36,27,0.610,BalancedZippelSeparated
fire7_nb0_rank1326,Automatic,1,ok,1384.475,160,2,1,0,0,2305843009213693967:157;2305843009213693973:3,Symbolica_default,cached_powers_Q,48,10,0.643,BalancedZippelSeparated
fire7_nb0_rank1327,Automatic,1,ok,1260.415,118,2,1,0,0,2305843009213693967:115;2305843009213693973:3,Symbolica_default,cached_powers_Q,47,9,0.642,BalancedZippelSeparated
fire7_nb0_rank1328,Automatic,1,ok,952.664,99,2,1,0,0,2305843009213693967:96;2305843009213693973:3,Symbolica_default,cached_powers_Q,35,24,0.996,BalancedZippelSeparated
fire7_nb0_rank1329,Automatic,1,ok,996.474,114,2,1,0,0,2305843009213693967:111;2305843009213693973:3,Symbolica_default,cached_powers_Q,45,12,0.646,BalancedZippelSeparated
fire7_nb0_rank1330,Automatic,1,ok,845.643,107,2,1,0,0,2305843009213693967:104;2305843009213693973:3,Symbolica_default,cached_powers_Q,32,21,1.196,BalancedZippelSeparated
fire7_nb0_rank1331,Automatic,1,ok,889.443,107,2,1,0,0,2305843009213693967:104;2305843009213693973:3,Symbolica_default,cached_powers_Q,32,21,0.765,BalancedZippelSeparated
fire7_nb0_rank1332,Automatic,1,ok,1062.184,111,2,1,0,0,2305843009213693967:108;2305843009213693973:3,Symbolica_default,cached_powers_Q,30,24,0.924,BalancedZippelSeparated
fire7_nb0_rank1333,Automatic,1,ok,1085.904,93,2,1,0,0,2305843009213693967:90;2305843009213693973:3,Symbolica_default,cached_powers_Q,42,12,0.906,BalancedZippelSeparated
fire7_nb0_rank1334,Automatic,1,ok,1143.894,94,2,1,0,0,2305843009213693967:91;2305843009213693973:3,Symbolica_default,cached_powers_Q,30,20,0.642,BalancedZippelSeparated
fire7_nb0_rank1335,Automatic,1,ok,1011.674,94,2,1,0,0,2305843009213693967:91;2305843009213693973:3,Symbolica_default,cached_powers_Q,45,12,0.818,BalancedZippelSeparated
fire7_nb0_rank1336,Automatic,1,ok,803.093,89,2,1,0,0,2305843009213693967:86;2305843009213693973:3,Symbolica_default,cached_powers_Q,45,12,0.855,BalancedZippelSeparated
fire7_nb0_rank1337,Automatic,1,ok,1024.073,111,2,1,0,0,2305843009213693967:108;2305843009213693973:3,Symbolica_default,cached_powers_Q,45,10,0.629,BalancedZippelSeparated
fire7_nb0_rank1338,Automatic,1,ok,1002.024,154,2,1,0,0,2305843009213693967:151;2305843009213693973:3,Symbolica_default,cached_powers_Q,48,14,0.683,BalancedZippelSeparated
fire7_nb0_rank1339,Automatic,1,ok,869.883,92,2,1,0,0,2305843009213693967:89;2305843009213693973:3,Symbolica_default,cached_powers_Q,42,10,0.595,BalancedZippelSeparated
fire7_nb0_rank1340,Automatic,1,ok,1100.694,93,2,1,0,0,2305843009213693967:90;2305843009213693973:3,Symbolica_default,cached_powers_Q,40,10,0.615,BalancedZippelSeparated
fire7_nb0_rank1341,Automatic,1,ok,955.744,87,2,1,0,0,2305843009213693967:84;2305843009213693973:3,Symbolica_default,cached_powers_Q,24,28,0.917,BalancedZippelSeparated
fire7_nb0_rank1342,Automatic,1,ok,1221.654,125,2,1,0,0,2305843009213693967:122;2305843009213693973:3,Symbolica_default,cached_powers_Q,36,27,0.606,BalancedZippelSeparated
fire7_nb0_rank1343,Automatic,1,ok,907.124,92,2,1,0,0,2305843009213693967:89;2305843009213693973:3,Symbolica_default,cached_powers_Q,40,10,0.977,BalancedZippelSeparated
fire7_nb0_rank1344,Automatic,1,ok,1464.045,176,2,1,0,0,2305843009213693967:173;2305843009213693973:3,Symbolica_default,cached_powers_Q,38,24,0.769,BalancedZippelSeparated
fire7_nb0_rank1345,Automatic,1,ok,782.903,97,2,1,0,0,2305843009213693967:94;2305843009213693973:3,Symbolica_default,cached_powers_Q,40,15,0.676,BalancedZippelSeparated
fire7_nb0_rank1346,Automatic,1,ok,1097.874,109,2,1,0,0,2305843009213693967:106;2305843009213693973:3,Symbolica_default,cached_powers_Q,25,36,0.888,BalancedZippelSeparated
fire7_nb0_rank1347,Automatic,1,ok,822.833,98,2,1,0,0,2305843009213693967:95;2305843009213693973:3,Symbolica_default,cached_powers_Q,18,36,0.846,BalancedZippelSeparated
fire7_nb0_rank1348,Automatic,1,ok,1392.745,114,2,1,0,0,2305843009213693967:111;2305843009213693973:3,Symbolica_default,cached_powers_Q,37,18,0.696,BalancedZippelSeparated
fire7_nb0_rank1349,Automatic,1,ok,1587.456,163,2,1,0,0,2305843009213693967:160;2305843009213693973:3,Symbolica_default,cached_powers_Q,40,24,0.744,BalancedZippelSeparated
fire7_nb0_rank1350,Automatic,1,ok,1654.036,139,2,1,0,0,2305843009213693967:136;2305843009213693973:3,Symbolica_default,cached_powers_Q,36,20,0.711,BalancedZippelSeparated
fire7_nb0_rank1351,Automatic,1,ok,1063.973,103,2,1,0,0,2305843009213693967:100;2305843009213693973:3,Symbolica_default,cached_powers_Q,44,12,0.880,BalancedZippelSeparated
fire7_nb0_rank1352,Automatic,1,ok,1013.334,106,2,1,0,0,2305843009213693967:103;2305843009213693973:3,Symbolica_default,cached_powers_Q,40,15,0.867,BalancedZippelSeparated
fire7_nb0_rank1353,Automatic,1,ok,870.933,82,2,1,0,0,2305843009213693967:79;2305843009213693973:3,Symbolica_default,cached_powers_Q,28,18,0.866,BalancedZippelSeparated
fire7_nb0_rank1354,Automatic,1,ok,908.783,82,2,1,0,0,2305843009213693967:79;2305843009213693973:3,Symbolica_default,cached_powers_Q,28,18,0.709,BalancedZippelSeparated
fire7_nb0_rank1355,Automatic,1,ok,848.833,96,2,1,0,0,2305843009213693967:93;2305843009213693973:3,Symbolica_default,cached_powers_Q,40,15,0.802,BalancedZippelSeparated
fire7_nb0_rank1356,Automatic,1,ok,1375.956,146,2,1,0,0,2305843009213693967:143;2305843009213693973:3,Symbolica_default,cached_powers_Q,50,8,0.670,BalancedZippelSeparated
fire7_nb0_rank1357,Automatic,1,ok,1387.095,139,2,1,0,0,2305843009213693967:136;2305843009213693973:3,Symbolica_default,cached_powers_Q,42,14,0.636,BalancedZippelSeparated
fire7_nb0_rank1358,Automatic,1,ok,791.842,117,2,1,0,0,2305843009213693967:114;2305843009213693973:3,Symbolica_default,cached_powers_Q,35,27,0.640,BalancedZippelSeparated
fire7_nb0_rank1359,Automatic,1,ok,1047.344,109,2,1,0,0,2305843009213693967:106;2305843009213693973:3,Symbolica_default,cached_powers_Q,25,36,0.912,BalancedZippelSeparated
fire7_nb0_rank1360,Automatic,1,ok,1076.434,109,2,1,0,0,2305843009213693967:106;2305843009213693973:3,Symbolica_default,cached_powers_Q,25,36,0.834,BalancedZippelSeparated
fire7_nb0_rank1361,Automatic,1,ok,1133.744,110,2,1,0,0,2305843009213693967:107;2305843009213693973:3,Symbolica_default,cached_powers_Q,36,21,0.700,BalancedZippelSeparated
fire7_nb0_rank1362,Automatic,1,ok,1043.094,109,2,1,0,0,2305843009213693967:106;2305843009213693973:3,Symbolica_default,cached_powers_Q,25,36,0.891,BalancedZippelSeparated
fire7_nb0_rank1363,Automatic,1,ok,1144.144,145,2,1,0,0,2305843009213693967:142;2305843009213693973:3,Symbolica_default,cached_powers_Q,36,20,0.666,BalancedZippelSeparated
fire7_nb0_rank1364,Automatic,1,ok,960.973,103,2,1,0,0,2305843009213693967:100;2305843009213693973:3,Symbolica_default,cached_powers_Q,5,56,0.813,BalancedZippelSeparated
fire7_nb0_rank1365,Automatic,1,ok,1121.704,102,2,1,0,0,2305843009213693967:99;2305843009213693973:3,Symbolica_default,cached_powers_Q,5,56,0.864,BalancedZippelSeparated
fire7_nb0_rank1366,Automatic,1,ok,879.633,109,2,1,0,0,2305843009213693967:106;2305843009213693973:3,Symbolica_default,cached_powers_Q,25,36,1.127,BalancedZippelSeparated
fire7_nb0_rank1367,Automatic,1,ok,1222.065,104,2,1,0,0,2305843009213693967:101;2305843009213693973:3,Symbolica_default,cached_powers_Q,35,18,0.892,BalancedZippelSeparated
fire7_nb0_rank1368,Automatic,1,ok,749.942,85,2,1,0,0,2305843009213693967:82;2305843009213693973:3,Symbolica_default,cached_powers_Q,38,12,0.863,BalancedZippelSeparated
fire7_nb0_rank1369,Automatic,1,ok,1147.784,87,2,1,0,0,2305843009213693967:84;2305843009213693973:3,Symbolica_default,cached_powers_Q,18,35,0.693,BalancedZippelSeparated
fire7_nb0_rank1370,Automatic,1,ok,1243.274,120,2,1,0,0,2305843009213693967:117;2305843009213693973:3,Symbolica_default,cached_powers_Q,32,27,0.600,BalancedZippelSeparated
fire7_nb0_rank1371,Automatic,1,ok,949.973,98,2,1,0,0,2305843009213693967:95;2305843009213693973:3,Symbolica_default,cached_powers_Q,18,36,0.829,BalancedZippelSeparated
fire7_nb0_rank1372,Automatic,1,ok,1150.165,98,2,1,0,0,2305843009213693967:95;2305843009213693973:3,Symbolica_default,cached_powers_Q,30,28,0.659,BalancedZippelSeparated
fire7_nb0_rank1373,Automatic,1,ok,974.693,105,2,1,0,0,2305843009213693967:102;2305843009213693973:3,Symbolica_default,cached_powers_Q,45,10,0.800,BalancedZippelSeparated
fire7_nb0_rank1374,Automatic,1,ok,1378.005,148,2,1,0,0,2305843009213693967:145;2305843009213693973:3,Symbolica_default,cached_powers_Q,45,14,0.645,BalancedZippelSeparated
fire7_nb0_rank1375,Automatic,1,ok,676.773,88,2,1,0,0,2305843009213693967:85;2305843009213693973:3,Symbolica_default,cached_powers_Q,34,12,0.612,BalancedZippelSeparated
fire7_nb0_rank1376,Automatic,1,ok,1048.004,89,2,1,0,0,2305843009213693967:86;2305843009213693973:3,Symbolica_default,cached_powers_Q,30,20,0.891,BalancedZippelSeparated
fire7_nb0_rank1377,Automatic,1,ok,1021.384,89,2,1,0,0,2305843009213693967:86;2305843009213693973:3,Symbolica_default,cached_powers_Q,30,20,0.879,BalancedZippelSeparated
fire7_nb0_rank1378,Automatic,1,ok,1065.554,113,2,1,0,0,2305843009213693967:110;2305843009213693973:3,Symbolica_default,cached_powers_Q,30,27,0.658,BalancedZippelSeparated
fire7_nb0_rank1379,Automatic,1,ok,1061.894,93,2,1,0,0,2305843009213693967:90;2305843009213693973:3,Symbolica_default,cached_powers_Q,18,36,0.939,BalancedZippelSeparated
fire7_nb0_rank1380,Automatic,1,ok,1108.214,122,2,1,0,0,2305843009213693967:119;2305843009213693973:3,Symbolica_default,cached_powers_Q,23,39,0.919,BalancedZippelSeparated
fire7_nb0_rank1381,Automatic,1,ok,841.853,86,2,1,0,0,2305843009213693967:83;2305843009213693973:3,Symbolica_default,cached_powers_Q,36,9,0.745,BalancedZippelSeparated
fire7_nb0_rank1382,Automatic,1,ok,999.203,122,2,1,0,0,2305843009213693967:119;2305843009213693973:3,Symbolica_default,cached_powers_Q,40,15,0.817,BalancedZippelSeparated
fire7_nb0_rank1383,Automatic,1,ok,1076.744,125,2,1,0,0,2305843009213693967:122;2305843009213693973:3,Symbolica_default,cached_powers_Q,36,21,0.956,BalancedZippelSeparated
fire7_nb0_rank1384,Automatic,1,ok,883.043,77,2,1,0,0,2305843009213693967:74;2305843009213693973:3,Symbolica_default,cached_powers_Q,24,25,0.939,BalancedZippelSeparated
fire7_nb0_rank1385,Automatic,1,ok,685.833,89,2,1,0,0,2305843009213693967:86;2305843009213693973:3,Symbolica_default,cached_powers_Q,22,25,1.022,BalancedZippelSeparated
fire7_nb0_rank1386,Automatic,1,ok,1050.194,93,2,1,0,0,2305843009213693967:90;2305843009213693973:3,Symbolica_default,cached_powers_Q,42,9,0.741,BalancedZippelSeparated
fire7_nb0_rank1387,Automatic,1,ok,1310.975,125,2,1,0,0,2305843009213693967:122;2305843009213693973:3,Symbolica_default,cached_powers_Q,36,21,0.665,BalancedZippelSeparated
fire7_nb0_rank1388,Automatic,1,ok,1410.405,211,2,1,0,0,2305843009213693967:208;2305843009213693973:3,Symbolica_default,cached_powers_Q,42,14,0.890,BalancedZippelSeparated
fire7_nb0_rank1389,Automatic,1,ok,930.833,87,2,1,0,0,2305843009213693967:84;2305843009213693973:3,Symbolica_default,cached_powers_Q,18,35,0.870,BalancedZippelSeparated
fire7_nb0_rank1390,Automatic,1,ok,1056.944,160,2,1,0,0,2305843009213693967:157;2305843009213693973:3,Symbolica_default,cached_powers_Q,32,28,1.130,BalancedZippelSeparated
fire7_nb0_rank1391,Automatic,1,ok,938.324,141,2,1,0,0,2305843009213693967:138;2305843009213693973:3,Symbolica_default,cached_powers_Q,25,28,0.716,BalancedZippelSeparated
fire7_nb0_rank1392,Automatic,1,ok,671.753,85,2,1,0,0,2305843009213693967:82;2305843009213693973:3,Symbolica_default,cached_powers_Q,30,15,0.776,BalancedZippelSeparated
fire7_nb0_rank1393,Automatic,1,ok,946.853,141,2,1,0,0,2305843009213693967:138;2305843009213693973:3,Symbolica_default,cached_powers_Q,25,28,1.114,BalancedZippelSeparated
fire7_nb0_rank1394,Automatic,1,ok,1086.124,95,2,1,0,0,2305843009213693967:92;2305843009213693973:3,Symbolica_default,cached_powers_Q,36,15,0.578,BalancedZippelSeparated
fire7_nb0_rank1395,Automatic,1,ok,768.042,108,2,1,0,0,2305843009213693967:105;2305843009213693973:3,Symbolica_default,cached_powers_Q,36,20,0.999,BalancedZippelSeparated
fire7_nb0_rank1396,Automatic,1,ok,737.363,85,2,1,0,0,2305843009213693967:82;2305843009213693973:3,Symbolica_default,cached_powers_Q,30,20,1.090,BalancedZippelSeparated
fire7_nb0_rank1397,Automatic,1,ok,1124.893,113,2,1,0,0,2305843009213693967:110;2305843009213693973:3,Symbolica_default,cached_powers_Q,36,18,0.863,BalancedZippelSeparated
fire7_nb0_rank1398,Automatic,1,ok,1081.324,125,2,1,0,0,2305843009213693967:122;2305843009213693973:3,Symbolica_default,cached_powers_Q,36,21,1.101,BalancedZippelSeparated
fire7_nb0_rank1399,Automatic,1,ok,730.513,97,2,1,0,0,2305843009213693967:94;2305843009213693973:3,Symbolica_default,cached_powers_Q,35,12,1.039,BalancedZippelSeparated
fire7_nb0_rank1400,Automatic,1,ok,1143.485,98,2,1,0,0,2305843009213693967:95;2305843009213693973:3,Symbolica_default,cached_powers_Q,35,18,0.797,BalancedZippelSeparated
fire7_nb0_rank1401,Automatic,1,ok,1103.554,137,2,1,0,0,2305843009213693967:134;2305843009213693973:3,Symbolica_default,cached_powers_Q,36,18,0.710,BalancedZippelSeparated
fire7_nb0_rank1402,Automatic,1,ok,1184.545,147,2,1,0,0,2305843009213693967:144;2305843009213693973:3,Symbolica_default,cached_powers_Q,36,24,0.930,BalancedZippelSeparated
fire7_nb0_rank1403,Automatic,1,ok,1361.875,147,2,1,0,0,2305843009213693967:144;2305843009213693973:3,Symbolica_default,cached_powers_Q,36,24,0.674,BalancedZippelSeparated
fire7_nb0_rank1404,Automatic,1,ok,966.524,128,2,1,0,0,2305843009213693967:125;2305843009213693973:3,Symbolica_default,cached_powers_Q,36,24,0.715,BalancedZippelSeparated
fire7_nb0_rank1405,Automatic,1,ok,1180.474,136,2,1,0,0,2305843009213693967:133;2305843009213693973:3,Symbolica_default,cached_powers_Q,42,14,0.858,BalancedZippelSeparated
fire7_nb0_rank1406,Automatic,1,ok,1328.245,107,2,1,0,0,2305843009213693967:104;2305843009213693973:3,Symbolica_default,cached_powers_Q,25,27,0.747,BalancedZippelSeparated
fire7_nb0_rank1407,Automatic,1,ok,1134.874,125,2,1,0,0,2305843009213693967:122;2305843009213693973:3,Symbolica_default,cached_powers_Q,36,21,0.695,BalancedZippelSeparated
fire7_nb0_rank1408,Automatic,1,ok,1107.104,130,2,1,0,0,2305843009213693967:127;2305843009213693973:3,Symbolica_default,cached_powers_Q,15,42,0.865,BalancedZippelSeparated
fire7_nb0_rank1409,Automatic,1,ok,1150.914,93,2,1,0,0,2305843009213693967:90;2305843009213693973:3,Symbolica_default,cached_powers_Q,41,9,0.670,BalancedZippelSeparated
fire7_nb0_rank1410,Automatic,1,ok,1169.475,98,2,1,0,0,2305843009213693967:95;2305843009213693973:3,Symbolica_default,cached_powers_Q,18,36,0.713,BalancedZippelSeparated
fire7_nb0_rank1411,Automatic,1,ok,1269.965,95,2,1,0,0,2305843009213693967:92;2305843009213693973:3,Symbolica_default,cached_powers_Q,42,9,0.637,BalancedZippelSeparated
fire7_nb0_rank1412,Automatic,1,ok,952.863,77,2,1,0,0,2305843009213693967:74;2305843009213693973:3,Symbolica_default,cached_powers_Q,23,25,0.941,BalancedZippelSeparated
fire7_nb0_rank1413,Automatic,1,ok,906.873,75,2,1,0,0,2305843009213693967:72;2305843009213693973:3,Symbolica_default,cached_powers_Q,23,25,1.002,BalancedZippelSeparated
fire7_nb0_rank1414,Automatic,1,ok,1183.265,93,2,1,0,0,2305843009213693967:90;2305843009213693973:3,Symbolica_default,cached_powers_Q,36,15,0.609,BalancedZippelSeparated
fire7_nb0_rank1415,Automatic,1,ok,944.283,104,2,1,0,0,2305843009213693967:101;2305843009213693973:3,Symbolica_default,cached_powers_Q,35,18,0.989,BalancedZippelSeparated
fire7_nb0_rank1416,Automatic,1,ok,1103.554,116,2,1,0,0,2305843009213693967:113;2305843009213693973:3,Symbolica_default,cached_powers_Q,40,12,0.598,BalancedZippelSeparated
fire7_nb0_rank1417,Automatic,1,ok,713.502,89,2,1,0,0,2305843009213693967:86;2305843009213693973:3,Symbolica_default,cached_powers_Q,30,20,0.660,BalancedZippelSeparated
fire7_nb0_rank1418,Automatic,1,ok,1273.235,92,2,1,0,0,2305843009213693967:89;2305843009213693973:3,Symbolica_default,cached_powers_Q,35,15,0.598,BalancedZippelSeparated
fire7_nb0_rank1419,Automatic,1,ok,935.514,126,2,1,0,0,2305843009213693967:123;2305843009213693973:3,Symbolica_default,cached_powers_Q,45,8,0.817,BalancedZippelSeparated
fire7_nb0_rank1420,Automatic,1,ok,887.633,98,2,1,0,0,2305843009213693967:95;2305843009213693973:3,Symbolica_default,cached_powers_Q,45,6,0.796,BalancedZippelSeparated
fire7_nb0_rank1421,Automatic,1,ok,1140.554,101,2,1,0,0,2305843009213693967:98;2305843009213693973:3,Symbolica_default,cached_powers_Q,40,10,0.610,BalancedZippelSeparated
fire7_nb0_rank1422,Automatic,1,ok,795.913,109,2,1,0,0,2305843009213693967:106;2305843009213693973:3,Symbolica_default,cached_powers_Q,36,20,1.049,BalancedZippelSeparated
fire7_nb0_rank1423,Automatic,1,ok,1351.345,97,2,1,0,0,2305843009213693967:94;2305843009213693973:3,Symbolica_default,cached_powers_Q,35,15,0.627,BalancedZippelSeparated
fire7_nb0_rank1424,Automatic,1,ok,933.624,98,2,1,0,0,2305843009213693967:95;2305843009213693973:3,Symbolica_default,cached_powers_Q,45,6,0.642,BalancedZippelSeparated
fire7_nb0_rank1425,Automatic,1,ok,1374.265,128,2,1,0,0,2305843009213693967:125;2305843009213693973:3,Symbolica_default,cached_powers_Q,35,24,0.658,BalancedZippelSeparated
fire7_nb0_rank1426,Automatic,1,ok,1118.084,125,2,1,0,0,2305843009213693967:122;2305843009213693973:3,Symbolica_default,cached_powers_Q,39,18,0.937,BalancedZippelSeparated
fire7_nb0_rank1427,Automatic,1,ok,1007.374,101,2,1,0,0,2305843009213693967:98;2305843009213693973:3,Symbolica_default,cached_powers_Q,36,20,0.819,BalancedZippelSeparated
fire7_nb0_rank1428,Automatic,1,ok,987.264,104,2,1,0,0,2305843009213693967:101;2305843009213693973:3,Symbolica_default,cached_powers_Q,36,20,0.639,BalancedZippelSeparated
fire7_nb0_rank1429,Automatic,1,ok,935.064,100,2,1,0,0,2305843009213693967:97;2305843009213693973:3,Symbolica_default,cached_powers_Q,45,6,0.752,BalancedZippelSeparated
fire7_nb0_rank1430,Automatic,1,ok,912.353,99,2,1,0,0,2305843009213693967:96;2305843009213693973:3,Symbolica_default,cached_powers_Q,40,10,0.804,BalancedZippelSeparated
fire7_nb0_rank1431,Automatic,1,ok,774.453,119,2,1,0,0,2305843009213693967:116;2305843009213693973:3,Symbolica_default,cached_powers_Q,42,9,1.039,BalancedZippelSeparated
fire7_nb0_rank1432,Automatic,1,ok,1279.275,98,2,1,0,0,2305843009213693967:95;2305843009213693973:3,Symbolica_default,cached_powers_Q,35,15,0.619,BalancedZippelSeparated
fire7_nb0_rank1433,Automatic,1,ok,977.604,92,2,1,0,0,2305843009213693967:89;2305843009213693973:3,Symbolica_default,cached_powers_Q,29,15,0.731,BalancedZippelSeparated
fire7_nb0_rank1434,Automatic,1,ok,1142.114,121,2,1,0,0,2305843009213693967:118;2305843009213693973:3,Symbolica_default,cached_powers_Q,36,18,0.649,BalancedZippelSeparated
fire7_nb0_rank1435,Automatic,1,ok,765.593,92,2,1,0,0,2305843009213693967:89;2305843009213693973:3,Symbolica_default,cached_powers_Q,36,15,1.011,BalancedZippelSeparated
fire7_nb0_rank1436,Automatic,1,ok,941.884,106,2,1,0,0,2305843009213693967:103;2305843009213693973:3,Symbolica_default,cached_powers_Q,36,20,0.861,BalancedZippelSeparated
fire7_nb0_rank1437,Automatic,1,ok,1122.064,89,2,1,0,0,2305843009213693967:86;2305843009213693973:3,Symbolica_default,cached_powers_Q,30,20,0.636,BalancedZippelSeparated
fire7_nb0_rank1438,Automatic,1,ok,1033.694,105,2,1,0,0,2305843009213693967:102;2305843009213693973:3,Symbolica_default,cached_powers_Q,25,27,0.702,BalancedZippelSeparated
fire7_nb0_rank1439,Automatic,1,ok,789.413,106,2,1,0,0,2305843009213693967:103;2305843009213693973:3,Symbolica_default,cached_powers_Q,36,15,1.088,BalancedZippelSeparated
fire7_nb0_rank1440,Automatic,1,ok,940.614,106,2,1,0,0,2305843009213693967:103;2305843009213693973:3,Symbolica_default,cached_powers_Q,30,27,0.555,BalancedZippelSeparated
fire7_nb0_rank1441,Automatic,1,ok,991.914,103,2,1,0,0,2305843009213693967:100;2305843009213693973:3,Symbolica_default,cached_powers_Q,30,21,0.874,BalancedZippelSeparated
fire7_nb0_rank1442,Automatic,1,ok,947.963,85,2,1,0,0,2305843009213693967:82;2305843009213693973:3,Symbolica_default,cached_powers_Q,18,35,0.814,BalancedZippelSeparated
fire7_nb0_rank1443,Automatic,1,ok,757.063,123,2,1,0,0,2305843009213693967:120;2305843009213693973:3,Symbolica_default,cached_powers_Q,30,24,0.733,BalancedZippelSeparated
fire7_nb0_rank1444,Automatic,1,ok,808.543,89,2,1,0,0,2305843009213693967:86;2305843009213693973:3,Symbolica_default,cached_powers_Q,40,9,0.588,BalancedZippelSeparated
fire7_nb0_rank1445,Automatic,1,ok,860.033,101,2,1,0,0,2305843009213693967:98;2305843009213693973:3,Symbolica_default,cached_powers_Q,40,9,0.807,BalancedZippelSeparated
fire7_nb0_rank1446,Automatic,1,ok,758.603,119,2,1,0,0,2305843009213693967:116;2305843009213693973:3,Symbolica_default,cached_powers_Q,44,8,0.778,BalancedZippelSeparated
fire7_nb0_rank1447,Automatic,1,ok,892.333,90,2,1,0,0,2305843009213693967:87;2305843009213693973:3,Symbolica_default,cached_powers_Q,40,9,0.646,BalancedZippelSeparated
fire7_nb0_rank1448,Automatic,1,ok,847.243,102,2,1,0,0,2305843009213693967:99;2305843009213693973:3,Symbolica_default,cached_powers_Q,32,21,1.182,BalancedZippelSeparated
fire7_nb0_rank1449,Automatic,1,ok,1023.344,101,2,1,0,0,2305843009213693967:98;2305843009213693973:3,Symbolica_default,cached_powers_Q,25,27,0.916,BalancedZippelSeparated
fire7_nb0_rank1450,Automatic,1,ok,890.983,122,2,1,0,0,2305843009213693967:119;2305843009213693973:3,Symbolica_default,cached_powers_Q,40,12,0.634,BalancedZippelSeparated
fire7_nb0_rank1451,Automatic,1,ok,877.353,80,2,1,0,0,2305843009213693967:77;2305843009213693973:3,Symbolica_default,cached_powers_Q,34,10,0.832,BalancedZippelSeparated
fire7_nb0_rank1452,Automatic,1,ok,1304.204,138,2,1,0,0,2305843009213693967:135;2305843009213693973:3,Symbolica_default,cached_powers_Q,39,18,0.653,BalancedZippelSeparated
fire7_nb0_rank1453,Automatic,1,ok,1162.154,112,2,1,0,0,2305843009213693967:109;2305843009213693973:3,Symbolica_default,cached_powers_Q,36,15,0.616,BalancedZippelSeparated
fire7_nb0_rank1454,Automatic,1,ok,845.923,109,2,1,0,0,2305843009213693967:106;2305843009213693973:3,Symbolica_default,cached_powers_Q,32,21,0.727,BalancedZippelSeparated
fire7_nb0_rank1455,Automatic,1,ok,855.693,102,2,1,0,0,2305843009213693967:99;2305843009213693973:3,Symbolica_default,cached_powers_Q,36,12,0.567,BalancedZippelSeparated
fire7_nb0_rank1456,Automatic,1,ok,867.703,103,2,1,0,0,2305843009213693967:100;2305843009213693973:3,Symbolica_default,cached_powers_Q,36,12,0.869,BalancedZippelSeparated
fire7_nb0_rank1457,Automatic,1,ok,1273.195,134,2,1,0,0,2305843009213693967:131;2305843009213693973:3,Symbolica_default,cached_powers_Q,38,21,0.673,BalancedZippelSeparated
fire7_nb0_rank1458,Automatic,1,ok,1023.324,102,2,1,0,0,2305843009213693967:99;2305843009213693973:3,Symbolica_default,cached_powers_Q,32,21,0.900,BalancedZippelSeparated
fire7_nb0_rank1459,Automatic,1,ok,922.123,140,2,1,0,0,2305843009213693967:137;2305843009213693973:3,Symbolica_default,cached_powers_Q,39,14,1.147,BalancedZippelSeparated
fire7_nb0_rank1460,Automatic,1,ok,1026.313,120,2,1,0,0,2305843009213693967:117;2305843009213693973:3,Symbolica_default,cached_powers_Q,35,21,0.633,BalancedZippelSeparated
fire7_nb0_rank1461,Automatic,1,ok,721.462,83,2,1,0,0,2305843009213693967:80;2305843009213693973:3,Symbolica_default,cached_powers_Q,30,20,1.076,BalancedZippelSeparated
fire7_nb0_rank1462,Automatic,1,ok,865.683,83,2,1,0,0,2305843009213693967:80;2305843009213693973:3,Symbolica_default,cached_powers_Q,36,12,0.626,BalancedZippelSeparated
fire7_nb0_rank1463,Automatic,1,ok,973.274,96,2,1,0,0,2305843009213693967:93;2305843009213693973:3,Symbolica_default,cached_powers_Q,40,9,0.815,BalancedZippelSeparated
fire7_nb0_rank1464,Automatic,1,ok,913.303,110,2,1,0,0,2305843009213693967:107;2305843009213693973:3,Symbolica_default,cached_powers_Q,27,24,0.551,BalancedZippelSeparated
fire7_nb0_rank1465,Automatic,1,ok,1013.174,83,2,1,0,0,2305843009213693967:80;2305843009213693973:3,Symbolica_default,cached_powers_Q,36,12,0.610,BalancedZippelSeparated
fire7_nb0_rank1466,Automatic,1,ok,908.273,107,2,1,0,0,2305843009213693967:104;2305843009213693973:3,Symbolica_default,cached_powers_Q,36,15,0.810,BalancedZippelSeparated
fire7_nb0_rank1467,Automatic,1,ok,776.092,83,2,1,0,0,2305843009213693967:80;2305843009213693973:3,Symbolica_default,cached_powers_Q,36,12,0.750,BalancedZippelSeparated
fire7_nb0_rank1468,Automatic,1,ok,847.433,82,2,1,0,0,2305843009213693967:79;2305843009213693973:3,Symbolica_default,cached_powers_Q,30,15,0.792,BalancedZippelSeparated
fire7_nb0_rank1469,Automatic,1,ok,662.443,80,2,1,0,0,2305843009213693967:77;2305843009213693973:3,Symbolica_default,cached_powers_Q,30,15,0.984,BalancedZippelSeparated
fire7_nb0_rank1470,Automatic,1,ok,661.983,81,2,1,0,0,2305843009213693967:78;2305843009213693973:3,Symbolica_default,cached_powers_Q,30,15,0.565,BalancedZippelSeparated
fire7_nb0_rank1471,Automatic,1,ok,1285.675,121,2,1,0,0,2305843009213693967:118;2305843009213693973:3,Symbolica_default,cached_powers_Q,30,20,0.599,BalancedZippelSeparated
fire7_nb0_rank1472,Automatic,1,ok,1215.764,112,2,1,0,0,2305843009213693967:109;2305843009213693973:3,Symbolica_default,cached_powers_Q,40,10,0.628,BalancedZippelSeparated
fire7_nb0_rank1473,Automatic,1,ok,810.603,95,2,1,0,0,2305843009213693967:92;2305843009213693973:3,Symbolica_default,cached_powers_Q,5,48,0.531,BalancedZippelSeparated
fire7_nb0_rank1474,Automatic,1,ok,892.813,97,2,1,0,0,2305843009213693967:94;2305843009213693973:3,Symbolica_default,cached_powers_Q,5,48,0.536,BalancedZippelSeparated
fire7_nb0_rank1475,Automatic,1,ok,1004.073,113,2,1,0,0,2305843009213693967:110;2305843009213693973:3,Symbolica_default,cached_powers_Q,39,9,0.818,BalancedZippelSeparated
fire7_nb0_rank1476,Automatic,1,ok,930.633,104,2,1,0,0,2305843009213693967:101;2305843009213693973:3,Symbolica_default,cached_powers_Q,32,20,0.634,BalancedZippelSeparated
fire7_nb0_rank1477,Automatic,1,ok,791.293,115,2,1,0,0,2305843009213693967:112;2305843009213693973:3,Symbolica_default,cached_powers_Q,37,10,0.639,BalancedZippelSeparated
fire7_nb0_rank1478,Automatic,1,ok,1262.005,128,2,1,0,0,2305843009213693967:125;2305843009213693973:3,Symbolica_default,cached_powers_Q,27,26,0.672,BalancedZippelSeparated
fire7_nb0_rank1479,Automatic,1,ok,958.574,99,2,1,0,0,2305843009213693967:96;2305843009213693973:3,Symbolica_default,cached_powers_Q,30,21,0.810,BalancedZippelSeparated
fire7_nb0_rank1480,Automatic,1,ok,1299.575,93,2,1,0,0,2305843009213693967:90;2305843009213693973:3,Symbolica_default,cached_powers_Q,30,21,0.671,BalancedZippelSeparated
fire7_nb0_rank1481,Automatic,1,ok,1385.605,109,2,1,0,0,2305843009213693967:106;2305843009213693973:3,Symbolica_default,cached_powers_Q,32,21,0.736,BalancedZippelSeparated
fire7_nb0_rank1482,Automatic,1,ok,827.593,116,2,1,0,0,2305843009213693967:113;2305843009213693973:3,Symbolica_default,cached_powers_Q,15,36,1.032,BalancedZippelSeparated
fire7_nb0_rank1483,Automatic,1,ok,935.663,89,2,1,0,0,2305843009213693967:86;2305843009213693973:3,Symbolica_default,cached_powers_Q,38,9,0.622,BalancedZippelSeparated
fire7_nb0_rank1484,Automatic,1,ok,1282.775,93,2,1,0,0,2305843009213693967:90;2305843009213693973:3,Symbolica_default,cached_powers_Q,32,15,0.667,BalancedZippelSeparated
fire7_nb0_rank1485,Automatic,1,ok,1367.225,133,2,1,0,0,2305843009213693967:130;2305843009213693973:3,Symbolica_default,cached_powers_Q,27,26,0.744,BalancedZippelSeparated
fire7_nb0_rank1486,Automatic,1,ok,1042.574,160,2,1,0,0,2305843009213693967:157;2305843009213693973:3,Symbolica_default,cached_powers_Q,42,13,0.904,BalancedZippelSeparated
fire7_nb0_rank1487,Automatic,1,ok,895.243,79,2,1,0,0,2305843009213693967:76;2305843009213693973:3,Symbolica_default,cached_powers_Q,33,12,0.861,BalancedZippelSeparated
fire7_nb0_rank1488,Automatic,1,ok,766.413,93,2,1,0,0,2305843009213693967:90;2305843009213693973:3,Symbolica_default,cached_powers_Q,32,18,1.116,BalancedZippelSeparated
fire7_nb0_rank1489,Automatic,1,ok,692.453,79,2,1,0,0,2305843009213693967:76;2305843009213693973:3,Symbolica_default,cached_powers_Q,33,12,0.807,BalancedZippelSeparated
fire7_nb0_rank1490,Automatic,1,ok,1145.534,115,2,1,0,0,2305843009213693967:112;2305843009213693973:3,Symbolica_default,cached_powers_Q,35,18,0.909,BalancedZippelSeparated
fire7_nb0_rank1491,Automatic,1,ok,931.864,81,2,1,0,0,2305843009213693967:78;2305843009213693973:3,Symbolica_default,cached_powers_Q,35,10,0.617,BalancedZippelSeparated
fire7_nb0_rank1492,Automatic,1,ok,937.914,88,2,1,0,0,2305843009213693967:85;2305843009213693973:3,Symbolica_default,cached_powers_Q,25,28,0.655,BalancedZippelSeparated
fire7_nb0_rank1493,Automatic,1,ok,922.674,80,2,1,0,0,2305843009213693967:77;2305843009213693973:3,Symbolica_default,cached_powers_Q,25,28,0.719,BalancedZippelSeparated
fire7_nb0_rank1494,Automatic,1,ok,1077.774,119,2,1,0,0,2305843009213693967:116;2305843009213693973:3,Symbolica_default,cached_powers_Q,32,18,0.637,BalancedZippelSeparated
fire7_nb0_rank1495,Automatic,1,ok,871.663,85,2,1,0,0,2305843009213693967:82;2305843009213693973:3,Symbolica_default,cached_powers_Q,30,12,0.791,BalancedZippelSeparated
fire7_nb0_rank1496,Automatic,1,ok,897.243,98,2,1,0,0,2305843009213693967:95;2305843009213693973:3,Symbolica_default,cached_powers_Q,29,15,0.608,BalancedZippelSeparated
fire7_nb0_rank1497,Automatic,1,ok,1249.284,137,2,1,0,0,2305843009213693967:134;2305843009213693973:3,Symbolica_default,cached_powers_Q,39,12,0.628,BalancedZippelSeparated
fire7_nb0_rank1498,Automatic,1,ok,1114.755,81,2,1,0,0,2305843009213693967:78;2305843009213693973:3,Symbolica_default,cached_powers_Q,30,20,0.691,BalancedZippelSeparated
fire7_nb0_rank1499,Automatic,1,ok,794.352,85,2,1,0,0,2305843009213693967:82;2305843009213693973:3,Symbolica_default,cached_powers_Q,30,20,0.650,BalancedZippelSeparated
fire7_nb0_rank1500,Automatic,1,ok,1095.264,129,2,1,0,0,2305843009213693967:126;2305843009213693973:3,Symbolica_default,cached_powers_Q,39,18,0.923,BalancedZippelSeparated
fire7_nb0_rank1501,Automatic,1,ok,883.733,83,2,1,0,0,2305843009213693967:80;2305843009213693973:3,Symbolica_default,cached_powers_Q,18,28,0.558,BalancedZippelSeparated
fire7_nb0_rank1502,Automatic,1,ok,1045.443,131,2,1,0,0,2305843009213693967:128;2305843009213693973:3,Symbolica_default,cached_powers_Q,39,12,0.830,BalancedZippelSeparated
fire7_nb0_rank1503,Automatic,1,ok,1062.004,100,2,1,0,0,2305843009213693967:97;2305843009213693973:3,Symbolica_default,cached_powers_Q,35,12,0.800,BalancedZippelSeparated
fire7_nb0_rank1504,Automatic,1,ok,920.194,88,2,1,0,0,2305843009213693967:85;2305843009213693973:3,Symbolica_default,cached_powers_Q,32,18,0.654,BalancedZippelSeparated
fire7_nb0_rank1505,Automatic,1,ok,1304.955,100,2,1,0,0,2305843009213693967:97;2305843009213693973:3,Symbolica_default,cached_powers_Q,35,12,0.623,BalancedZippelSeparated
fire7_nb0_rank1506,Automatic,1,ok,756.143,79,2,1,0,0,2305843009213693967:76;2305843009213693973:3,Symbolica_default,cached_powers_Q,18,28,0.731,BalancedZippelSeparated
fire7_nb0_rank1507,Automatic,1,ok,989.174,85,2,1,0,0,2305843009213693967:82;2305843009213693973:3,Symbolica_default,cached_powers_Q,18,28,0.898,BalancedZippelSeparated
fire7_nb0_rank1508,Automatic,1,ok,1037.334,149,2,1,0,0,2305843009213693967:146;2305843009213693973:3,Symbolica_default,cached_powers_Q,44,6,0.840,BalancedZippelSeparated
fire7_nb0_rank1509,Automatic,1,ok,1104.914,127,2,1,0,0,2305843009213693967:124;2305843009213693973:3,Symbolica_default,cached_powers_Q,24,24,0.851,BalancedZippelSeparated
fire7_nb0_rank1510,Automatic,1,ok,945.564,104,2,1,0,0,2305843009213693967:101;2305843009213693973:3,Symbolica_default,cached_powers_Q,35,12,0.849,BalancedZippelSeparated
fire7_nb0_rank1511,Automatic,1,ok,1124.404,104,2,1,0,0,2305843009213693967:101;2305843009213693973:3,Symbolica_default,cached_powers_Q,35,12,0.810,BalancedZippelSeparated
fire7_nb0_rank1512,Automatic,1,ok,1120.764,127,2,1,0,0,2305843009213693967:124;2305843009213693973:3,Symbolica_default,cached_powers_Q,24,24,0.906,BalancedZippelSeparated
fire7_nb0_rank1513,Automatic,1,ok,959.563,121,2,1,0,0,2305843009213693967:118;2305843009213693973:3,Symbolica_default,cached_powers_Q,38,12,0.636,BalancedZippelSeparated
fire7_nb0_rank1514,Automatic,1,ok,1254.815,108,2,1,0,0,2305843009213693967:105;2305843009213693973:3,Symbolica_default,cached_powers_Q,24,27,0.641,BalancedZippelSeparated
fire7_nb0_rank1515,Automatic,1,ok,1338.405,100,2,1,0,0,2305843009213693967:97;2305843009213693973:3,Symbolica_default,cached_powers_Q,35,12,0.649,BalancedZippelSeparated
fire7_nb0_rank1516,Automatic,1,ok,1104.604,108,2,1,0,0,2305843009213693967:105;2305843009213693973:3,Symbolica_default,cached_powers_Q,24,27,0.873,BalancedZippelSeparated
fire7_nb0_rank1517,Automatic,1,ok,734.413,81,2,1,0,0,2305843009213693967:78;2305843009213693973:3,Symbolica_default,cached_powers_Q,25,20,0.631,BalancedZippelSeparated
fire7_nb0_rank1518,Automatic,1,ok,861.323,90,2,1,0,0,2305843009213693967:87;2305843009213693973:3,Symbolica_default,cached_powers_Q,24,24,0.617,BalancedZippelSeparated
fire7_nb0_rank1519,Automatic,1,ok,963.103,96,2,1,0,0,2305843009213693967:93;2305843009213693973:3,Symbolica_default,cached_powers_Q,28,21,0.804,BalancedZippelSeparated
fire7_nb0_rank1520,Automatic,1,ok,826.243,100,2,1,0,0,2305843009213693967:97;2305843009213693973:3,Symbolica_default,cached_powers_Q,32,16,0.691,BalancedZippelSeparated
fire7_nb0_rank1521,Automatic,1,ok,951.334,90,2,1,0,0,2305843009213693967:87;2305843009213693973:3,Symbolica_default,cached_powers_Q,15,36,0.609,BalancedZippelSeparated
fire7_nb0_rank1522,Automatic,1,ok,996.813,116,2,1,0,0,2305843009213693967:113;2305843009213693973:3,Symbolica_default,cached_powers_Q,15,36,0.803,BalancedZippelSeparated
fire7_nb0_rank1523,Automatic,1,ok,932.353,89,2,1,0,0,2305843009213693967:86;2305843009213693973:3,Symbolica_default,cached_powers_Q,24,24,0.878,BalancedZippelSeparated
fire7_nb0_rank1524,Automatic,1,ok,1172.095,90,2,1,0,0,2305843009213693967:87;2305843009213693973:3,Symbolica_default,cached_powers_Q,25,21,0.677,BalancedZippelSeparated
fire7_nb0_rank1525,Automatic,1,ok,1270.435,104,2,1,0,0,2305843009213693967:101;2305843009213693973:3,Symbolica_default,cached_powers_Q,35,12,0.654,BalancedZippelSeparated
fire7_nb0_rank1526,Automatic,1,ok,758.203,82,2,1,0,0,2305843009213693967:79;2305843009213693973:3,Symbolica_default,cached_powers_Q,25,24,0.865,BalancedZippelSeparated
fire7_nb0_rank1527,Automatic,1,ok,974.354,109,2,1,0,0,2305843009213693967:106;2305843009213693973:3,Symbolica_default,cached_powers_Q,30,14,0.577,BalancedZippelSeparated
fire7_nb0_rank1528,Automatic,1,ok,1070.944,126,2,1,0,0,2305843009213693967:123;2305843009213693973:3,Symbolica_default,cached_powers_Q,39,8,0.776,BalancedZippelSeparated
fire7_nb0_rank1529,Automatic,1,ok,754.552,110,2,1,0,0,2305843009213693967:107;2305843009213693973:3,Symbolica_default,cached_powers_Q,24,27,0.940,BalancedZippelSeparated
fire7_nb0_rank1530,Automatic,1,ok,602.552,85,2,1,0,0,2305843009213693967:82;2305843009213693973:3,Symbolica_default,cached_powers_Q,39,6,0.640,BalancedZippelSeparated
fire7_nb0_rank1531,Automatic,1,ok,1273.885,123,2,1,0,0,2305843009213693967:120;2305843009213693973:3,Symbolica_default,cached_powers_Q,28,24,0.904,BalancedZippelSeparated
fire7_nb0_rank1532,Automatic,1,ok,1003.403,114,2,1,0,0,2305843009213693967:111;2305843009213693973:3,Symbolica_default,cached_powers_Q,15,36,0.852,BalancedZippelSeparated
fire7_nb0_rank1533,Automatic,1,ok,1062.584,114,2,1,0,0,2305843009213693967:111;2305843009213693973:3,Symbolica_default,cached_powers_Q,15,36,0.656,BalancedZippelSeparated
fire7_nb0_rank1534,Automatic,1,ok,1073.244,98,2,1,0,0,2305843009213693967:95;2305843009213693973:3,Symbolica_default,cached_powers_Q,28,21,0.881,BalancedZippelSeparated
fire7_nb0_rank1535,Automatic,1,ok,971.744,98,2,1,0,0,2305843009213693967:95;2305843009213693973:3,Symbolica_default,cached_powers_Q,18,27,0.664,BalancedZippelSeparated
fire7_nb0_rank1536,Automatic,1,ok,867.343,79,2,1,0,0,2305843009213693967:76;2305843009213693973:3,Symbolica_default,cached_powers_Q,23,20,0.818,BalancedZippelSeparated
fire7_nb0_rank1537,Automatic,1,ok,1080.084,149,2,1,0,0,2305843009213693967:146;2305843009213693973:3,Symbolica_default,cached_powers_Q,38,14,0.804,BalancedZippelSeparated
fire7_nb0_rank1538,Automatic,1,ok,894.663,87,2,1,0,0,2305843009213693967:84;2305843009213693973:3,Symbolica_default,cached_powers_Q,30,15,0.755,BalancedZippelSeparated
fire7_nb0_rank1539,Automatic,1,ok,947.393,107,2,1,0,0,2305843009213693967:104;2305843009213693973:3,Symbolica_default,cached_powers_Q,36,15,0.769,BalancedZippelSeparated
fire7_nb0_rank1540,Automatic,1,ok,961.034,80,2,1,0,0,2305843009213693967:77;2305843009213693973:3,Symbolica_default,cached_powers_Q,23,28,0.663,BalancedZippelSeparated
fire7_nb0_rank1541,Automatic,1,ok,768.103,88,2,1,0,0,2305843009213693967:85;2305843009213693973:3,Symbolica_default,cached_powers_Q,23,28,0.799,BalancedZippelSeparated
fire7_nb0_rank1542,Automatic,1,ok,827.763,81,2,1,0,0,2305843009213693967:78;2305843009213693973:3,Symbolica_default,cached_powers_Q,35,8,0.581,BalancedZippelSeparated
fire7_nb0_rank1543,Automatic,1,ok,813.543,85,2,1,0,0,2305843009213693967:82;2305843009213693973:3,Symbolica_default,cached_powers_Q,35,8,0.797,BalancedZippelSeparated
fire7_nb0_rank1544,Automatic,1,ok,1385.295,149,2,1,0,0,2305843009213693967:146;2305843009213693973:3,Symbolica_default,cached_powers_Q,38,14,0.611,BalancedZippelSeparated
fire7_nb0_rank1545,Automatic,1,ok,1009.434,111,2,1,0,0,2305843009213693967:108;2305843009213693973:3,Symbolica_default,cached_powers_Q,35,12,0.784,BalancedZippelSeparated
fire7_nb0_rank1546,Automatic,1,ok,1067.944,106,2,1,0,0,2305843009213693967:103;2305843009213693973:3,Symbolica_default,cached_powers_Q,36,10,0.597,BalancedZippelSeparated
fire7_nb0_rank1547,Automatic,1,ok,1012.703,124,2,1,0,0,2305843009213693967:121;2305843009213693973:3,Symbolica_default,cached_powers_Q,39,9,0.851,BalancedZippelSeparated
fire7_nb0_rank1548,Automatic,1,ok,930.983,107,2,1,0,0,2305843009213693967:104;2305843009213693973:3,Symbolica_default,cached_powers_Q,36,15,0.627,BalancedZippelSeparated
fire7_nb0_rank1549,Automatic,1,ok,932.863,98,2,1,0,0,2305843009213693967:95;2305843009213693973:3,Symbolica_default,cached_powers_Q,28,21,0.636,BalancedZippelSeparated
fire7_nb0_rank1550,Automatic,1,ok,813.703,84,2,1,0,0,2305843009213693967:81;2305843009213693973:3,Symbolica_default,cached_powers_Q,35,10,0.818,BalancedZippelSeparated
fire7_nb0_rank1551,Automatic,1,ok,1123.144,139,2,1,0,0,2305843009213693967:136;2305843009213693973:3,Symbolica_default,cached_powers_Q,36,10,0.831,BalancedZippelSeparated
fire7_nb0_rank1552,Automatic,1,ok,979.463,97,2,1,0,0,2305843009213693967:94;2305843009213693973:3,Symbolica_default,cached_powers_Q,24,27,0.850,BalancedZippelSeparated
fire7_nb0_rank1553,Automatic,1,ok,1104.634,122,2,1,0,0,2305843009213693967:119;2305843009213693973:3,Symbolica_default,cached_powers_Q,39,9,0.810,BalancedZippelSeparated
fire7_nb0_rank1554,Automatic,1,ok,921.764,88,2,1,0,0,2305843009213693967:85;2305843009213693973:3,Symbolica_default,cached_powers_Q,21,24,0.803,BalancedZippelSeparated
fire7_nb0_rank1555,Automatic,1,ok,960.293,99,2,1,0,0,2305843009213693967:96;2305843009213693973:3,Symbolica_default,cached_powers_Q,36,10,0.610,BalancedZippelSeparated
fire7_nb0_rank1556,Automatic,1,ok,1259.795,90,2,1,0,0,2305843009213693967:87;2305843009213693973:3,Symbolica_default,cached_powers_Q,24,24,0.718,BalancedZippelSeparated
fire7_nb0_rank1557,Automatic,1,ok,968.163,97,2,1,0,0,2305843009213693967:94;2305843009213693973:3,Symbolica_default,cached_powers_Q,36,10,0.804,BalancedZippelSeparated
fire7_nb0_rank1558,Automatic,1,ok,734.663,79,2,1,0,0,2305843009213693967:76;2305843009213693973:3,Symbolica_default,cached_powers_Q,22,15,0.731,BalancedZippelSeparated
fire7_nb0_rank1559,Automatic,1,ok,900.983,94,2,1,0,0,2305843009213693967:91;2305843009213693973:3,Symbolica_default,cached_powers_Q,15,27,0.776,BalancedZippelSeparated
fire7_nb0_rank1560,Automatic,1,ok,892.713,94,2,1,0,0,2305843009213693967:91;2305843009213693973:3,Symbolica_default,cached_powers_Q,15,27,0.782,BalancedZippelSeparated
fire7_nb0_rank1561,Automatic,1,ok,691.703,102,2,1,0,0,2305843009213693967:99;2305843009213693973:3,Symbolica_default,cached_powers_Q,36,10,0.708,BalancedZippelSeparated
fire7_nb0_rank1562,Automatic,1,ok,1069.104,133,2,1,0,0,2305843009213693967:130;2305843009213693973:3,Symbolica_default,cached_powers_Q,27,20,0.755,BalancedZippelSeparated
fire7_nb0_rank1563,Automatic,1,ok,919.883,115,2,1,0,0,2305843009213693967:112;2305843009213693973:3,Symbolica_default,cached_powers_Q,33,14,0.694,BalancedZippelSeparated
fire7_nb0_rank1564,Automatic,1,ok,898.194,76,2,1,0,0,2305843009213693967:73;2305843009213693973:3,Symbolica_default,cached_powers_Q,24,20,0.624,BalancedZippelSeparated
fire7_nb0_rank1565,Automatic,1,ok,904.073,80,2,1,0,0,2305843009213693967:77;2305843009213693973:3,Symbolica_default,cached_powers_Q,24,20,0.845,BalancedZippelSeparated
fire7_nb0_rank1566,Automatic,1,ok,1040.434,135,2,1,0,0,2305843009213693967:132;2305843009213693973:3,Symbolica_default,cached_powers_Q,33,14,0.840,BalancedZippelSeparated
fire7_nb0_rank1567,Automatic,1,ok,1027.833,113,2,1,0,0,2305843009213693967:110;2305843009213693973:3,Symbolica_default,cached_powers_Q,39,10,0.819,BalancedZippelSeparated
fire7_nb0_rank1568,Automatic,1,ok,559.812,75,2,1,0,0,2305843009213693967:72;2305843009213693973:3,Symbolica_default,cached_powers_Q,22,14,0.918,BalancedZippelSeparated
fire7_nb0_rank1569,Automatic,1,ok,903.383,87,2,1,0,0,2305843009213693967:84;2305843009213693973:3,Symbolica_default,cached_powers_Q,30,15,0.814,BalancedZippelSeparated
fire7_nb0_rank1570,Automatic,1,ok,821.873,133,2,1,0,0,2305843009213693967:130;2305843009213693973:3,Symbolica_default,cached_powers_Q,33,14,0.755,BalancedZippelSeparated
fire7_nb0_rank1571,Automatic,1,ok,899.233,80,2,1,0,0,2305843009213693967:77;2305843009213693973:3,Symbolica_default,cached_powers_Q,30,15,0.853,BalancedZippelSeparated
fire7_nb0_rank1572,Automatic,1,ok,1043.804,133,2,1,0,0,2305843009213693967:130;2305843009213693973:3,Symbolica_default,cached_powers_Q,33,14,0.834,BalancedZippelSeparated
fire7_nb0_rank1573,Automatic,1,ok,786.342,86,2,1,0,0,2305843009213693967:83;2305843009213693973:3,Symbolica_default,cached_powers_Q,32,5,0.518,BalancedZippelSeparated
fire7_nb0_rank1574,Automatic,1,ok,901.994,89,2,1,0,0,2305843009213693967:86;2305843009213693973:3,Symbolica_default,cached_powers_Q,30,15,0.808,BalancedZippelSeparated
fire7_nb0_rank1575,Automatic,1,ok,1019.194,85,2,1,0,0,2305843009213693967:82;2305843009213693973:3,Symbolica_default,cached_powers_Q,35,6,0.838,BalancedZippelSeparated
fire7_nb0_rank1576,Automatic,1,ok,1021.483,133,2,1,0,0,2305843009213693967:130;2305843009213693973:3,Symbolica_default,cached_powers_Q,36,9,0.678,BalancedZippelSeparated
fire7_nb0_rank1577,Automatic,1,ok,942.233,79,2,1,0,0,2305843009213693967:76;2305843009213693973:3,Symbolica_default,cached_powers_Q,25,12,0.659,BalancedZippelSeparated
fire7_nb0_rank1578,Automatic,1,ok,701.472,92,2,1,0,0,2305843009213693967:89;2305843009213693973:3,Symbolica_default,cached_powers_Q,15,27,0.582,BalancedZippelSeparated
fire7_nb0_rank1579,Automatic,1,ok,1106.675,128,2,1,0,0,2305843009213693967:125;2305843009213693973:3,Symbolica_default,cached_powers_Q,24,24,0.593,BalancedZippelSeparated
fire7_nb0_rank1580,Automatic,1,ok,892.983,92,2,1,0,0,2305843009213693967:89;2305843009213693973:3,Symbolica_default,cached_powers_Q,15,27,0.791,BalancedZippelSeparated
fire7_nb0_rank1581,Automatic,1,ok,1118.734,90,2,1,0,0,2305843009213693967:87;2305843009213693973:3,Symbolica_default,cached_powers_Q,20,27,0.572,BalancedZippelSeparated
fire7_nb0_rank1582,Automatic,1,ok,746.013,80,2,1,0,0,2305843009213693967:77;2305843009213693973:3,Symbolica_default,cached_powers_Q,26,8,0.697,BalancedZippelSeparated
fire7_nb0_rank1583,Automatic,1,ok,972.293,74,2,1,0,0,2305843009213693967:71;2305843009213693973:3,Symbolica_default,cached_powers_Q,18,25,0.574,BalancedZippelSeparated
fire7_nb0_rank1584,Automatic,1,ok,846.463,81,2,1,0,0,2305843009213693967:78;2305843009213693973:3,Symbolica_default,cached_powers_Q,30,9,0.556,BalancedZippelSeparated
fire7_nb0_rank1585,Automatic,1,ok,818.063,83,2,1,0,0,2305843009213693967:80;2305843009213693973:3,Symbolica_default,cached_powers_Q,35,6,0.657,BalancedZippelSeparated
fire7_nb0_rank1586,Automatic,1,ok,1003.934,93,2,1,0,0,2305843009213693967:90;2305843009213693973:3,Symbolica_default,cached_powers_Q,32,10,0.840,BalancedZippelSeparated
fire7_nb0_rank1587,Automatic,1,ok,929.734,83,2,1,0,0,2305843009213693967:80;2305843009213693973:3,Symbolica_default,cached_powers_Q,25,15,0.660,BalancedZippelSeparated
fire7_nb0_rank1588,Automatic,1,ok,1021.504,83,2,1,0,0,2305843009213693967:80;2305843009213693973:3,Symbolica_default,cached_powers_Q,35,6,0.927,BalancedZippelSeparated
fire7_nb0_rank1589,Automatic,1,ok,902.173,82,2,1,0,0,2305843009213693967:79;2305843009213693973:3,Symbolica_default,cached_powers_Q,30,12,0.857,BalancedZippelSeparated
fire7_nb0_rank1590,Automatic,1,ok,872.843,74,2,1,0,0,2305843009213693967:71;2305843009213693973:3,Symbolica_default,cached_powers_Q,20,20,0.753,BalancedZippelSeparated
fire7_nb0_rank1591,Automatic,1,ok,751.903,97,2,1,0,0,2305843009213693967:94;2305843009213693973:3,Symbolica_default,cached_powers_Q,36,4,0.524,BalancedZippelSeparated
fire7_nb0_rank1592,Automatic,1,ok,847.992,81,2,1,0,0,2305843009213693967:78;2305843009213693973:3,Symbolica_default,cached_powers_Q,15,28,0.791,BalancedZippelSeparated
fire7_nb0_rank1593,Automatic,1,ok,878.994,119,2,1,0,0,2305843009213693967:116;2305843009213693973:3,Symbolica_default,cached_powers_Q,18,26,0.593,BalancedZippelSeparated
fire7_nb0_rank1594,Automatic,1,ok,862.294,95,2,1,0,0,2305843009213693967:92;2305843009213693973:3,Symbolica_default,cached_powers_Q,30,12,0.741,BalancedZippelSeparated
fire7_nb0_rank1595,Automatic,1,ok,949.924,113,2,1,0,0,2305843009213693967:110;2305843009213693973:3,Symbolica_default,cached_powers_Q,36,6,0.779,BalancedZippelSeparated
fire7_nb0_rank1596,Automatic,1,ok,934.734,83,2,1,0,0,2305843009213693967:80;2305843009213693973:3,Symbolica_default,cached_powers_Q,25,15,0.873,BalancedZippelSeparated
fire7_nb0_rank1597,Automatic,1,ok,982.083,80,2,1,0,0,2305843009213693967:77;2305843009213693973:3,Symbolica_default,cached_powers_Q,18,24,0.833,BalancedZippelSeparated
fire7_nb0_rank1598,Automatic,1,ok,929.913,83,2,1,0,0,2305843009213693967:80;2305843009213693973:3,Symbolica_default,cached_powers_Q,20,24,0.891,BalancedZippelSeparated
fire7_nb0_rank1599,Automatic,1,ok,928.964,108,2,1,0,0,2305843009213693967:105;2305843009213693973:3,Symbolica_default,cached_powers_Q,36,6,0.794,BalancedZippelSeparated
fire7_nb0_rank1600,Automatic,1,ok,1020.633,102,2,1,0,0,2305843009213693967:99;2305843009213693973:3,Symbolica_default,cached_powers_Q,5,42,0.622,BalancedZippelSeparated
fire7_nb0_rank1601,Automatic,1,ok,1017.093,102,2,1,0,0,2305843009213693967:99;2305843009213693973:3,Symbolica_default,cached_powers_Q,5,42,0.815,BalancedZippelSeparated
fire7_nb0_rank1602,Automatic,1,ok,740.383,88,2,1,0,0,2305843009213693967:85;2305843009213693973:3,Symbolica_default,cached_powers_Q,32,10,0.811,BalancedZippelSeparated
fire7_nb0_rank1603,Automatic,1,ok,937.463,80,2,1,0,0,2305843009213693967:77;2305843009213693973:3,Symbolica_default,cached_powers_Q,18,24,0.830,BalancedZippelSeparated
fire7_nb0_rank1604,Automatic,1,ok,691.392,82,2,1,0,0,2305843009213693967:79;2305843009213693973:3,Symbolica_default,cached_powers_Q,30,12,0.929,BalancedZippelSeparated
fire7_nb0_rank1605,Automatic,1,ok,1047.593,144,2,1,0,0,2305843009213693967:141;2305843009213693973:3,Symbolica_default,cached_powers_Q,15,30,0.803,BalancedZippelSeparated
fire7_nb0_rank1606,Automatic,1,ok,955.694,93,2,1,0,0,2305843009213693967:90;2305843009213693973:3,Symbolica_default,cached_powers_Q,32,10,0.654,BalancedZippelSeparated
fire7_nb0_rank1607,Automatic,1,ok,783.593,70,2,1,0,0,2305843009213693967:67;2305843009213693973:3,Symbolica_default,cached_powers_Q,21,15,0.567,BalancedZippelSeparated
fire7_nb0_rank1608,Automatic,1,ok,1214.184,123,2,1,0,0,2305843009213693967:120;2305843009213693973:3,Symbolica_default,cached_powers_Q,27,18,0.605,BalancedZippelSeparated
fire7_nb0_rank1609,Automatic,1,ok,900.613,113,2,1,0,0,2305843009213693967:110;2305843009213693973:3,Symbolica_default,cached_powers_Q,36,8,0.618,BalancedZippelSeparated
fire7_nb0_rank1610,Automatic,1,ok,896.454,82,2,1,0,0,2305843009213693967:79;2305843009213693973:3,Symbolica_default,cached_powers_Q,22,21,0.871,BalancedZippelSeparated
fire7_nb0_rank1611,Automatic,1,ok,887.823,76,2,1,0,0,2305843009213693967:73;2305843009213693973:3,Symbolica_default,cached_powers_Q,30,9,0.717,BalancedZippelSeparated
fire7_nb0_rank1612,Automatic,1,ok,653.303,81,2,1,0,0,2305843009213693967:78;2305843009213693973:3,Symbolica_default,cached_powers_Q,15,28,0.750,BalancedZippelSeparated
fire7_nb0_rank1613,Automatic,1,ok,1209.565,123,2,1,0,0,2305843009213693967:120;2305843009213693973:3,Symbolica_default,cached_powers_Q,27,18,0.580,BalancedZippelSeparated
fire7_nb0_rank1614,Automatic,1,ok,859.243,97,2,1,0,0,2305843009213693967:94;2305843009213693973:3,Symbolica_default,cached_powers_Q,27,15,0.783,BalancedZippelSeparated
fire7_nb0_rank1615,Automatic,1,ok,806.153,78,2,1,0,0,2305843009213693967:75;2305843009213693973:3,Symbolica_default,cached_powers_Q,30,9,0.554,BalancedZippelSeparated
fire7_nb0_rank1616,Automatic,1,ok,892.303,80,2,1,0,0,2305843009213693967:77;2305843009213693973:3,Symbolica_default,cached_powers_Q,23,15,0.745,BalancedZippelSeparated
fire7_nb0_rank1617,Automatic,1,ok,806.353,110,2,1,0,0,2305843009213693967:107;2305843009213693973:3,Symbolica_default,cached_powers_Q,32,12,0.603,BalancedZippelSeparated
fire7_nb0_rank1618,Automatic,1,ok,953.543,92,2,1,0,0,2305843009213693967:89;2305843009213693973:3,Symbolica_default,cached_powers_Q,24,18,0.821,BalancedZippelSeparated
fire7_nb0_rank1619,Automatic,1,ok,637.702,80,2,1,0,0,2305843009213693967:77;2305843009213693973:3,Symbolica_default,cached_powers_Q,18,24,0.604,BalancedZippelSeparated
fire7_nb0_rank1620,Automatic,1,ok,1198.424,114,2,1,0,0,2305843009213693967:111;2305843009213693973:3,Symbolica_default,cached_powers_Q,23,24,0.589,BalancedZippelSeparated
fire7_nb0_rank1621,Automatic,1,ok,860.673,81,2,1,0,0,2305843009213693967:78;2305843009213693973:3,Symbolica_default,cached_powers_Q,25,15,0.557,BalancedZippelSeparated
fire7_nb0_rank1622,Automatic,1,ok,842.963,77,2,1,0,0,2305843009213693967:74;2305843009213693973:3,Symbolica_default,cached_powers_Q,25,15,0.695,BalancedZippelSeparated
fire7_nb0_rank1623,Automatic,1,ok,934.003,101,2,1,0,0,2305843009213693967:98;2305843009213693973:3,Symbolica_default,cached_powers_Q,27,18,0.559,BalancedZippelSeparated
fire7_nb0_rank1624,Automatic,1,ok,681.763,90,2,1,0,0,2305843009213693967:87;2305843009213693973:3,Symbolica_default,cached_powers_Q,24,16,0.587,BalancedZippelSeparated
fire7_nb0_rank1625,Automatic,1,ok,575.242,74,2,1,0,0,2305843009213693967:71;2305843009213693973:3,Symbolica_default,cached_powers_Q,18,20,0.685,BalancedZippelSeparated
fire7_nb0_rank1626,Automatic,1,ok,901.203,89,2,1,0,0,2305843009213693967:86;2305843009213693973:3,Symbolica_default,cached_powers_Q,24,21,0.776,BalancedZippelSeparated
fire7_nb0_rank1627,Automatic,1,ok,1047.184,119,2,1,0,0,2305843009213693967:116;2305843009213693973:3,Symbolica_default,cached_powers_Q,27,18,0.832,BalancedZippelSeparated
fire7_nb0_rank1628,Automatic,1,ok,917.863,90,2,1,0,0,2305843009213693967:87;2305843009213693973:3,Symbolica_default,cached_powers_Q,34,6,0.797,BalancedZippelSeparated
fire7_nb0_rank1629,Automatic,1,ok,978.854,87,2,1,0,0,2305843009213693967:84;2305843009213693973:3,Symbolica_default,cached_powers_Q,15,27,0.609,BalancedZippelSeparated
fire7_nb0_rank1630,Automatic,1,ok,1114.115,98,2,1,0,0,2305843009213693967:95;2305843009213693973:3,Symbolica_default,cached_powers_Q,28,12,0.893,BalancedZippelSeparated
fire7_nb0_rank1631,Automatic,1,ok,859.533,73,2,1,0,0,2305843009213693967:70;2305843009213693973:3,Symbolica_default,cached_powers_Q,28,12,0.794,BalancedZippelSeparated
fire7_nb0_rank1632,Automatic,1,ok,816.553,74,2,1,0,0,2305843009213693967:71;2305843009213693973:3,Symbolica_default,cached_powers_Q,24,9,0.524,BalancedZippelSeparated
fire7_nb0_rank1633,Automatic,1,ok,837.383,91,2,1,0,0,2305843009213693967:88;2305843009213693973:3,Symbolica_default,cached_powers_Q,32,9,0.768,BalancedZippelSeparated
fire7_nb0_rank1634,Automatic,1,ok,688.432,74,2,1,0,0,2305843009213693967:71;2305843009213693973:3,Symbolica_default,cached_powers_Q,18,20,0.707,BalancedZippelSeparated
fire7_nb0_rank1635,Automatic,1,ok,816.203,68,2,1,0,0,2305843009213693967:65;2305843009213693973:3,Symbolica_default,cached_powers_Q,25,16,0.574,BalancedZippelSeparated
fire7_nb0_rank1636,Automatic,1,ok,884.933,95,2,1,0,0,2305843009213693967:92;2305843009213693973:3,Symbolica_default,cached_powers_Q,27,15,0.823,BalancedZippelSeparated
fire7_nb0_rank1637,Automatic,1,ok,819.653,82,2,1,0,0,2305843009213693967:79;2305843009213693973:3,Symbolica_default,cached_powers_Q,29,9,0.800,BalancedZippelSeparated
fire7_nb0_rank1638,Automatic,1,ok,1264.575,113,2,1,0,0,2305843009213693967:110;2305843009213693973:3,Symbolica_default,cached_powers_Q,24,20,0.567,BalancedZippelSeparated
fire7_nb0_rank1639,Automatic,1,ok,892.833,78,2,1,0,0,2305843009213693967:75;2305843009213693973:3,Symbolica_default,cached_powers_Q,24,9,0.847,BalancedZippelSeparated
fire7_nb0_rank1640,Automatic,1,ok,822.463,95,2,1,0,0,2305843009213693967:92;2305843009213693973:3,Symbolica_default,cached_powers_Q,31,10,0.763,BalancedZippelSeparated
fire7_nb0_rank1641,Automatic,1,ok,797.913,72,2,1,0,0,2305843009213693967:69;2305843009213693973:3,Symbolica_default,cached_powers_Q,29,9,0.589,BalancedZippelSeparated
fire7_nb0_rank1642,Automatic,1,ok,771.503,72,2,1,0,0,2305843009213693967:69;2305843009213693973:3,Symbolica_default,cached_powers_Q,29,9,0.535,BalancedZippelSeparated
fire7_nb0_rank1643,Automatic,1,ok,768.423,76,2,1,0,0,2305843009213693967:73;2305843009213693973:3,Symbolica_default,cached_powers_Q,30,9,0.564,BalancedZippelSeparated
fire7_nb0_rank1644,Automatic,1,ok,548.822,78,2,1,0,0,2305843009213693967:75;2305843009213693973:3,Symbolica_default,cached_powers_Q,29,9,0.583,BalancedZippelSeparated
fire7_nb0_rank1645,Automatic,1,ok,1000.713,92,2,1,0,0,2305843009213693967:89;2305843009213693973:3,Symbolica_default,cached_powers_Q,28,12,0.564,BalancedZippelSeparated
fire7_nb0_rank1646,Automatic,1,ok,907.443,99,2,1,0,0,2305843009213693967:96;2305843009213693973:3,Symbolica_default,cached_powers_Q,27,18,0.748,BalancedZippelSeparated
fire7_nb0_rank1647,Automatic,1,ok,551.702,109,2,1,0,0,2305843009213693967:106;2305843009213693973:3,Symbolica_default,cached_powers_Q,5,36,0.692,BalancedZippelSeparated
fire7_nb0_rank1648,Automatic,1,ok,1393.405,119,2,1,0,0,2305843009213693967:116;2305843009213693973:3,Symbolica_default,cached_powers_Q,26,18,0.639,BalancedZippelSeparated
fire7_nb0_rank1649,Automatic,1,ok,884.723,83,2,1,0,0,2305843009213693967:80;2305843009213693973:3,Symbolica_default,cached_powers_Q,25,15,0.579,BalancedZippelSeparated
fire7_nb0_rank1650,Automatic,1,ok,800.163,70,2,1,0,0,2305843009213693967:67;2305843009213693973:3,Symbolica_default,cached_powers_Q,21,18,0.582,BalancedZippelSeparated
fire7_nb0_rank1651,Automatic,1,ok,813.173,91,2,1,0,0,2305843009213693967:88;2305843009213693973:3,Symbolica_default,cached_powers_Q,28,10,0.636,BalancedZippelSeparated
fire7_nb0_rank1652,Automatic,1,ok,850.383,75,2,1,0,0,2305843009213693967:72;2305843009213693973:3,Symbolica_default,cached_powers_Q,30,8,0.803,BalancedZippelSeparated
fire7_nb0_rank1653,Automatic,1,ok,908.553,98,2,1,0,0,2305843009213693967:95;2305843009213693973:3,Symbolica_default,cached_powers_Q,36,6,0.562,BalancedZippelSeparated
fire7_nb0_rank1654,Automatic,1,ok,908.643,121,2,1,0,0,2305843009213693967:118;2305843009213693973:3,Symbolica_default,cached_powers_Q,39,3,0.698,BalancedZippelSeparated
fire7_nb0_rank1655,Automatic,1,ok,1011.653,87,2,1,0,0,2305843009213693967:84;2305843009213693973:3,Symbolica_default,cached_powers_Q,24,18,0.594,BalancedZippelSeparated
fire7_nb0_rank1656,Automatic,1,ok,1207.024,108,2,1,0,0,2305843009213693967:105;2305843009213693973:3,Symbolica_default,cached_powers_Q,29,12,0.562,BalancedZippelSeparated
fire7_nb0_rank1657,Automatic,1,ok,688.602,94,2,1,0,0,2305843009213693967:91;2305843009213693973:3,Symbolica_default,cached_powers_Q,15,27,0.565,BalancedZippelSeparated
fire7_nb0_rank1658,Automatic,1,ok,905.334,95,2,1,0,0,2305843009213693967:92;2305843009213693973:3,Symbolica_default,cached_powers_Q,35,6,0.692,BalancedZippelSeparated
fire7_nb0_rank1659,Automatic,1,ok,860.263,96,2,1,0,0,2305843009213693967:93;2305843009213693973:3,Symbolica_default,cached_powers_Q,24,18,0.576,BalancedZippelSeparated
fire7_nb0_rank1660,Automatic,1,ok,906.033,81,2,1,0,0,2305843009213693967:78;2305843009213693973:3,Symbolica_default,cached_powers_Q,20,24,0.588,BalancedZippelSeparated
fire7_nb0_rank1661,Automatic,1,ok,1023.533,77,2,1,0,0,2305843009213693967:74;2305843009213693973:3,Symbolica_default,cached_powers_Q,30,8,0.584,BalancedZippelSeparated
fire7_nb0_rank1662,Automatic,1,ok,896.323,92,2,1,0,0,2305843009213693967:89;2305843009213693973:3,Symbolica_default,cached_powers_Q,15,27,0.574,BalancedZippelSeparated
fire7_nb0_rank1663,Automatic,1,ok,994.033,123,2,1,0,0,2305843009213693967:120;2305843009213693973:3,Symbolica_default,cached_powers_Q,30,14,0.783,BalancedZippelSeparated
fire7_nb0_rank1664,Automatic,1,ok,800.323,117,2,1,0,0,2305843009213693967:114;2305843009213693973:3,Symbolica_default,cached_powers_Q,30,14,0.811,BalancedZippelSeparated
fire7_nb0_rank1665,Automatic,1,ok,751.303,77,2,1,0,0,2305843009213693967:74;2305843009213693973:3,Symbolica_default,cached_powers_Q,30,4,0.493,BalancedZippelSeparated
fire7_nb0_rank1666,Automatic,1,ok,605.073,75,2,1,0,0,2305843009213693967:72;2305843009213693973:3,Symbolica_default,cached_powers_Q,25,15,0.641,BalancedZippelSeparated
fire7_nb0_rank1667,Automatic,1,ok,852.263,75,2,1,0,0,2305843009213693967:72;2305843009213693973:3,Symbolica_default,cached_powers_Q,25,15,0.777,BalancedZippelSeparated
fire7_nb0_rank1668,Automatic,1,ok,825.454,82,2,1,0,0,2305843009213693967:79;2305843009213693973:3,Symbolica_default,cached_powers_Q,30,9,0.534,BalancedZippelSeparated
fire7_nb0_rank1669,Automatic,1,ok,859.863,91,2,1,0,0,2305843009213693967:88;2305843009213693973:3,Symbolica_default,cached_powers_Q,27,12,0.746,BalancedZippelSeparated
fire7_nb0_rank1670,Automatic,1,ok,802.573,79,2,1,0,0,2305843009213693967:76;2305843009213693973:3,Symbolica_default,cached_powers_Q,30,8,0.760,BalancedZippelSeparated
fire7_nb0_rank1671,Automatic,1,ok,774.033,71,2,1,0,0,2305843009213693967:68;2305843009213693973:3,Symbolica_default,cached_powers_Q,25,10,0.691,BalancedZippelSeparated
fire7_nb0_rank1672,Automatic,1,ok,606.902,71,2,1,0,0,2305843009213693967:68;2305843009213693973:3,Symbolica_default,cached_powers_Q,20,16,0.508,BalancedZippelSeparated
fire7_nb0_rank1673,Automatic,1,ok,569.782,77,2,1,0,0,2305843009213693967:74;2305843009213693973:3,Symbolica_default,cached_powers_Q,28,9,0.593,BalancedZippelSeparated
fire7_nb0_rank1674,Automatic,1,ok,817.433,72,2,1,0,0,2305843009213693967:69;2305843009213693973:3,Symbolica_default,cached_powers_Q,28,9,0.837,BalancedZippelSeparated
fire7_nb0_rank1675,Automatic,1,ok,896.853,78,2,1,0,0,2305843009213693967:75;2305843009213693973:3,Symbolica_default,cached_powers_Q,28,9,0.550,BalancedZippelSeparated
fire7_nb0_rank1676,Automatic,1,ok,823.413,75,2,1,0,0,2305843009213693967:72;2305843009213693973:3,Symbolica_default,cached_powers_Q,22,10,0.588,BalancedZippelSeparated
fire7_nb0_rank1677,Automatic,1,ok,894.963,84,2,1,0,0,2305843009213693967:81;2305843009213693973:3,Symbolica_default,cached_powers_Q,18,18,0.782,BalancedZippelSeparated
fire7_nb0_rank1678,Automatic,1,ok,899.863,81,2,1,0,0,2305843009213693967:78;2305843009213693973:3,Symbolica_default,cached_powers_Q,24,15,0.604,BalancedZippelSeparated
fire7_nb0_rank1679,Automatic,1,ok,672.073,92,2,1,0,0,2305843009213693967:89;2305843009213693973:3,Symbolica_default,cached_powers_Q,14,27,0.639,BalancedZippelSeparated
fire7_nb0_rank1680,Automatic,1,ok,662.952,79,2,1,0,0,2305843009213693967:76;2305843009213693973:3,Symbolica_default,cached_powers_Q,7,24,0.485,BalancedZippelSeparated
fire7_nb0_rank1681,Automatic,1,ok,565.352,79,2,1,0,0,2305843009213693967:76;2305843009213693973:3,Symbolica_default,cached_powers_Q,15,28,0.794,BalancedZippelSeparated
fire7_nb0_rank1682,Automatic,1,ok,832.593,72,2,1,0,0,2305843009213693967:69;2305843009213693973:3,Symbolica_default,cached_powers_Q,28,9,0.556,BalancedZippelSeparated
fire7_nb0_rank1683,Automatic,1,ok,707.062,88,2,1,0,0,2305843009213693967:85;2305843009213693973:3,Symbolica_default,cached_powers_Q,32,6,0.550,BalancedZippelSeparated
fire7_nb0_rank1684,Automatic,1,ok,801.513,77,2,1,0,0,2305843009213693967:74;2305843009213693973:3,Symbolica_default,cached_powers_Q,28,9,0.575,BalancedZippelSeparated
fire7_nb0_rank1685,Automatic,1,ok,831.893,71,2,1,0,0,2305843009213693967:68;2305843009213693973:3,Symbolica_default,cached_powers_Q,28,8,0.565,BalancedZippelSeparated
fire7_nb0_rank1686,Automatic,1,ok,660.773,88,2,1,0,0,2305843009213693967:85;2305843009213693973:3,Symbolica_default,cached_powers_Q,32,6,0.744,BalancedZippelSeparated
fire7_nb0_rank1687,Automatic,1,ok,783.822,75,2,1,0,0,2305843009213693967:72;2305843009213693973:3,Symbolica_default,cached_powers_Q,22,10,0.601,BalancedZippelSeparated
fire7_nb0_rank1688,Automatic,1,ok,977.553,116,2,1,0,0,2305843009213693967:113;2305843009213693973:3,Symbolica_default,cached_powers_Q,24,18,0.797,BalancedZippelSeparated
fire7_nb0_rank1689,Automatic,1,ok,796.803,68,2,1,0,0,2305843009213693967:65;2305843009213693973:3,Symbolica_default,cached_powers_Q,15,20,0.481,BalancedZippelSeparated
fire7_nb0_rank1690,Automatic,1,ok,774.043,68,2,1,0,0,2305843009213693967:65;2305843009213693973:3,Symbolica_default,cached_powers_Q,15,20,0.670,BalancedZippelSeparated
fire7_nb0_rank1691,Automatic,1,ok,762.063,81,2,1,0,0,2305843009213693967:78;2305843009213693973:3,Symbolica_default,cached_powers_Q,24,15,0.741,BalancedZippelSeparated
fire7_nb0_rank1692,Automatic,1,ok,962.953,85,2,1,0,0,2305843009213693967:82;2305843009213693973:3,Symbolica_default,cached_powers_Q,24,18,0.553,BalancedZippelSeparated
fire7_nb0_rank1693,Automatic,1,ok,529.171,91,2,1,0,0,2305843009213693967:88;2305843009213693973:3,Symbolica_default,cached_powers_Q,32,5,0.497,BalancedZippelSeparated
fire7_nb0_rank1694,Automatic,1,ok,883.483,82,2,1,0,0,2305843009213693967:79;2305843009213693973:3,Symbolica_default,cached_powers_Q,29,9,0.814,BalancedZippelSeparated
fire7_nb0_rank1695,Automatic,1,ok,910.883,91,2,1,0,0,2305843009213693967:88;2305843009213693973:3,Symbolica_default,cached_powers_Q,25,12,0.797,BalancedZippelSeparated
fire7_nb0_rank1696,Automatic,1,ok,830.213,80,2,1,0,0,2305843009213693967:77;2305843009213693973:3,Symbolica_default,cached_powers_Q,30,8,0.561,BalancedZippelSeparated
fire7_nb0_rank1697,Automatic,1,ok,985.053,97,2,1,0,0,2305843009213693967:94;2305843009213693973:3,Symbolica_default,cached_powers_Q,16,27,0.797,BalancedZippelSeparated
fire7_nb0_rank1698,Automatic,1,ok,905.413,68,2,1,0,0,2305843009213693967:65;2305843009213693973:3,Symbolica_default,cached_powers_Q,25,9,0.850,BalancedZippelSeparated
fire7_nb0_rank1699,Automatic,1,ok,928.893,87,2,1,0,0,2305843009213693967:84;2305843009213693973:3,Symbolica_default,cached_powers_Q,25,12,0.818,BalancedZippelSeparated
fire7_nb0_rank1700,Automatic,1,ok,886.104,83,2,1,0,0,2305843009213693967:80;2305843009213693973:3,Symbolica_default,cached_powers_Q,32,4,0.720,BalancedZippelSeparated
fire7_nb0_rank1701,Automatic,1,ok,848.974,85,2,1,0,0,2305843009213693967:82;2305843009213693973:3,Symbolica_default,cached_powers_Q,24,15,0.552,BalancedZippelSeparated
fire7_nb0_rank1702,Automatic,1,ok,619.703,78,2,1,0,0,2305843009213693967:75;2305843009213693973:3,Symbolica_default,cached_powers_Q,25,12,0.582,BalancedZippelSeparated
fire7_nb0_rank1703,Automatic,1,ok,745.083,73,2,1,0,0,2305843009213693967:70;2305843009213693973:3,Symbolica_default,cached_powers_Q,15,21,0.524,BalancedZippelSeparated
fire7_nb0_rank1704,Automatic,1,ok,860.303,84,2,1,0,0,2305843009213693967:81;2305843009213693973:3,Symbolica_default,cached_powers_Q,18,21,0.553,BalancedZippelSeparated
fire7_nb0_rank1705,Automatic,1,ok,560.322,79,2,1,0,0,2305843009213693967:76;2305843009213693973:3,Symbolica_default,cached_powers_Q,15,21,0.668,BalancedZippelSeparated
fire7_nb0_rank1706,Automatic,1,ok,786.193,101,2,1,0,0,2305843009213693967:98;2305843009213693973:3,Symbolica_default,cached_powers_Q,17,18,0.516,BalancedZippelSeparated
fire7_nb0_rank1707,Automatic,1,ok,784.573,101,2,1,0,0,2305843009213693967:98;2305843009213693973:3,Symbolica_default,cached_powers_Q,17,18,0.525,BalancedZippelSeparated
fire7_nb0_rank1708,Automatic,1,ok,903.393,89,2,1,0,0,2305843009213693967:86;2305843009213693973:3,Symbolica_default,cached_powers_Q,25,12,0.628,BalancedZippelSeparated
fire7_nb0_rank1709,Automatic,1,ok,876.323,80,2,1,0,0,2305843009213693967:77;2305843009213693973:3,Symbolica_default,cached_powers_Q,31,6,0.548,BalancedZippelSeparated
fire7_nb0_rank1710,Automatic,1,ok,1004.424,92,2,1,0,0,2305843009213693967:89;2305843009213693973:3,Symbolica_default,cached_powers_Q,20,18,0.841,BalancedZippelSeparated
fire7_nb0_rank1711,Automatic,1,ok,906.993,89,2,1,0,0,2305843009213693967:86;2305843009213693973:3,Symbolica_default,cached_powers_Q,25,12,0.832,BalancedZippelSeparated
fire7_nb0_rank1712,Automatic,1,ok,1222.945,113,2,1,0,0,2305843009213693967:110;2305843009213693973:3,Symbolica_default,cached_powers_Q,27,14,0.581,BalancedZippelSeparated
fire7_nb0_rank1713,Automatic,1,ok,897.254,92,2,1,0,0,2305843009213693967:89;2305843009213693973:3,Symbolica_default,cached_powers_Q,20,18,0.731,BalancedZippelSeparated
fire7_nb0_rank1714,Automatic,1,ok,955.453,102,2,1,0,0,2305843009213693967:99;2305843009213693973:3,Symbolica_default,cached_powers_Q,27,14,0.774,BalancedZippelSeparated
fire7_nb0_rank1715,Automatic,1,ok,702.413,100,2,1,0,0,2305843009213693967:97;2305843009213693973:3,Symbolica_default,cached_powers_Q,25,12,0.546,BalancedZippelSeparated
fire7_nb0_rank1716,Automatic,1,ok,826.113,74,2,1,0,0,2305843009213693967:71;2305843009213693973:3,Symbolica_default,cached_powers_Q,18,20,0.463,BalancedZippelSeparated
fire7_nb0_rank1717,Automatic,1,ok,868.503,89,2,1,0,0,2305843009213693967:86;2305843009213693973:3,Symbolica_default,cached_powers_Q,25,12,0.746,BalancedZippelSeparated
fire7_nb0_rank1718,Automatic,1,ok,900.453,82,2,1,0,0,2305843009213693967:79;2305843009213693973:3,Symbolica_default,cached_powers_Q,18,18,0.526,BalancedZippelSeparated
fire7_nb0_rank1719,Automatic,1,ok,860.673,82,2,1,0,0,2305843009213693967:79;2305843009213693973:3,Symbolica_default,cached_powers_Q,18,18,0.708,BalancedZippelSeparated
fire7_nb0_rank1720,Automatic,1,ok,1118.474,90,2,1,0,0,2305843009213693967:87;2305843009213693973:3,Symbolica_default,cached_powers_Q,14,27,0.591,BalancedZippelSeparated
fire7_nb0_rank1721,Automatic,1,ok,905.523,89,2,1,0,0,2305843009213693967:86;2305843009213693973:3,Symbolica_default,cached_powers_Q,25,12,0.767,BalancedZippelSeparated
fire7_nb0_rank1722,Automatic,1,ok,741.043,85,2,1,0,0,2305843009213693967:82;2305843009213693973:3,Symbolica_default,cached_powers_Q,24,15,0.540,BalancedZippelSeparated
fire7_nb0_rank1723,Automatic,1,ok,638.353,69,2,1,0,0,2305843009213693967:66;2305843009213693973:3,Symbolica_default,cached_powers_Q,25,9,0.729,BalancedZippelSeparated
fire7_nb0_rank1724,Automatic,1,ok,803.263,67,2,1,0,0,2305843009213693967:64;2305843009213693973:3,Symbolica_default,cached_powers_Q,25,9,0.687,BalancedZippelSeparated
fire7_nb0_rank1725,Automatic,1,ok,892.913,96,2,1,0,0,2305843009213693967:93;2305843009213693973:3,Symbolica_default,cached_powers_Q,30,10,0.701,BalancedZippelSeparated
fire7_nb0_rank1726,Automatic,1,ok,791.403,72,2,1,0,0,2305843009213693967:69;2305843009213693973:3,Symbolica_default,cached_powers_Q,20,15,0.497,BalancedZippelSeparated
fire7_nb0_rank1727,Automatic,1,ok,931.874,92,2,1,0,0,2305843009213693967:89;2305843009213693973:3,Symbolica_default,cached_powers_Q,20,18,0.735,BalancedZippelSeparated
fire7_nb0_rank1728,Automatic,1,ok,887.983,85,2,1,0,0,2305843009213693967:82;2305843009213693973:3,Symbolica_default,cached_powers_Q,24,15,0.592,BalancedZippelSeparated
fire7_nb0_rank1729,Automatic,1,ok,628.732,73,2,1,0,0,2305843009213693967:70;2305843009213693973:3,Symbolica_default,cached_powers_Q,20,15,0.368,BalancedZippelSeparated
fire7_nb0_rank1730,Automatic,1,ok,622.162,96,2,1,0,0,2305843009213693967:93;2305843009213693973:3,Symbolica_default,cached_powers_Q,32,6,0.548,BalancedZippelSeparated
fire7_nb0_rank1731,Automatic,1,ok,538.172,81,2,1,0,0,2305843009213693967:78;2305843009213693973:3,Symbolica_default,cached_powers_Q,4,36,0.351,BalancedZippelSeparated
fire7_nb0_rank1732,Automatic,1,ok,389.422,73,2,1,0,0,2305843009213693967:70;2305843009213693973:3,Symbolica_default,cached_powers_Q,21,12,0.397,BalancedZippelSeparated
fire7_nb0_rank1733,Automatic,1,ok,560.272,67,2,1,0,0,2305843009213693967:64;2305843009213693973:3,Symbolica_default,cached_powers_Q,25,8,0.523,BalancedZippelSeparated
fire7_nb0_rank1734,Automatic,1,ok,650.593,80,2,1,0,0,2305843009213693967:77;2305843009213693973:3,Symbolica_default,cached_powers_Q,24,15,0.414,BalancedZippelSeparated
fire7_nb0_rank1735,Automatic,1,ok,621.232,81,2,1,0,0,2305843009213693967:78;2305843009213693973:3,Symbolica_default,cached_powers_Q,15,21,0.410,BalancedZippelSeparated
fire7_nb0_rank1736,Automatic,1,ok,565.932,86,2,1,0,0,2305843009213693967:83;2305843009213693973:3,Symbolica_default,cached_powers_Q,30,6,0.348,BalancedZippelSeparated
fire7_nb0_rank1737,Automatic,1,ok,548.002,111,2,1,0,0,2305843009213693967:108;2305843009213693973:3,Symbolica_default,cached_powers_Q,27,14,0.402,BalancedZippelSeparated
fire7_nb0_rank1738,Automatic,1,ok,534.502,69,2,1,0,0,2305843009213693967:66;2305843009213693973:3,Symbolica_default,cached_powers_Q,25,8,0.364,BalancedZippelSeparated
fire7_nb0_rank1739,Automatic,1,ok,543.682,148,2,1,0,0,2305843009213693967:145;2305843009213693973:3,Symbolica_default,cached_powers_Q,31,6,0.350,BalancedZippelSeparated
fire7_nb0_rank1740,Automatic,1,ok,617.702,82,2,1,0,0,2305843009213693967:79;2305843009213693973:3,Symbolica_default,cached_powers_Q,18,18,0.344,BalancedZippelSeparated
fire7_nb0_rank1741,Automatic,1,ok,425.262,82,2,1,0,0,2305843009213693967:79;2305843009213693973:3,Symbolica_default,cached_powers_Q,18,18,0.483,BalancedZippelSeparated
fire7_nb0_rank1742,Automatic,1,ok,526.262,74,2,1,0,0,2305843009213693967:71;2305843009213693973:3,Symbolica_default,cached_powers_Q,28,6,0.400,BalancedZippelSeparated
fire7_nb0_rank1743,Automatic,1,ok,528.742,133,2,1,0,0,2305843009213693967:130;2305843009213693973:3,Symbolica_default,cached_powers_Q,31,6,0.509,BalancedZippelSeparated
fire7_nb0_rank1744,Automatic,1,ok,633.272,93,2,1,0,0,2305843009213693967:90;2305843009213693973:3,Symbolica_default,cached_powers_Q,27,10,0.407,BalancedZippelSeparated
fire7_nb0_rank1745,Automatic,1,ok,673.052,92,2,1,0,0,2305843009213693967:89;2305843009213693973:3,Symbolica_default,cached_powers_Q,21,16,0.574,BalancedZippelSeparated
fire7_nb0_rank1746,Automatic,1,ok,715.472,102,2,1,0,0,2305843009213693967:99;2305843009213693973:3,Symbolica_default,cached_powers_Q,23,18,0.398,BalancedZippelSeparated
fire7_nb0_rank1747,Automatic,1,ok,344.231,70,2,1,0,0,2305843009213693967:67;2305843009213693973:3,Symbolica_default,cached_powers_Q,30,4,0.336,BalancedZippelSeparated
fire7_nb0_rank1748,Automatic,1,ok,403.841,84,2,1,0,0,2305843009213693967:81;2305843009213693973:3,Symbolica_default,cached_powers_Q,32,2,0.513,BalancedZippelSeparated
fire7_nb0_rank1749,Automatic,1,ok,681.232,102,2,1,0,0,2305843009213693967:99;2305843009213693973:3,Symbolica_default,cached_powers_Q,23,18,0.579,BalancedZippelSeparated
fire7_nb0_rank1750,Automatic,1,ok,400.241,68,2,1,0,0,2305843009213693967:65;2305843009213693973:3,Symbolica_default,cached_powers_Q,20,12,0.363,BalancedZippelSeparated
fire7_nb0_rank1751,Automatic,1,ok,325.881,72,2,1,0,0,2305843009213693967:69;2305843009213693973:3,Symbolica_default,cached_powers_Q,25,4,0.558,BalancedZippelSeparated
fire7_nb0_rank1752,Automatic,1,ok,655.423,85,2,1,0,0,2305843009213693967:82;2305843009213693973:3,Symbolica_default,cached_powers_Q,20,16,0.309,BalancedZippelSeparated
fire7_nb0_rank1753,Automatic,1,ok,304.981,68,2,1,0,0,2305843009213693967:65;2305843009213693973:3,Symbolica_default,cached_powers_Q,5,28,0.289,BalancedZippelSeparated
fire7_nb0_rank1754,Automatic,1,ok,601.122,77,2,1,0,0,2305843009213693967:74;2305843009213693973:3,Symbolica_default,cached_powers_Q,25,10,0.535,BalancedZippelSeparated
fire7_nb0_rank1755,Automatic,1,ok,637.963,86,2,1,0,0,2305843009213693967:83;2305843009213693973:3,Symbolica_default,cached_powers_Q,20,21,0.415,BalancedZippelSeparated
fire7_nb0_rank1756,Automatic,1,ok,413.541,94,2,1,0,0,2305843009213693967:91;2305843009213693973:3,Symbolica_default,cached_powers_Q,28,6,0.332,BalancedZippelSeparated
fire7_nb0_rank1757,Automatic,1,ok,644.322,104,2,1,0,0,2305843009213693967:101;2305843009213693973:3,Symbolica_default,cached_powers_Q,30,8,0.383,BalancedZippelSeparated
fire7_nb0_rank1758,Automatic,1,ok,592.192,89,2,1,0,0,2305843009213693967:86;2305843009213693973:3,Symbolica_default,cached_powers_Q,24,12,0.507,BalancedZippelSeparated
fire7_nb0_rank1759,Automatic,1,ok,560.632,84,2,1,0,0,2305843009213693967:81;2305843009213693973:3,Symbolica_default,cached_powers_Q,12,27,0.389,BalancedZippelSeparated
fire7_nb0_rank1760,Automatic,1,ok,662.892,87,2,1,0,0,2305843009213693967:84;2305843009213693973:3,Symbolica_default,cached_powers_Q,21,16,0.555,BalancedZippelSeparated
fire7_nb0_rank1761,Automatic,1,ok,656.302,92,2,1,0,0,2305843009213693967:89;2305843009213693973:3,Symbolica_default,cached_powers_Q,21,16,0.569,BalancedZippelSeparated
fire7_nb0_rank1762,Automatic,1,ok,555.542,86,2,1,0,0,2305843009213693967:83;2305843009213693973:3,Symbolica_default,cached_powers_Q,31,3,0.505,BalancedZippelSeparated
fire7_nb0_rank1763,Automatic,1,ok,670.322,89,2,1,0,0,2305843009213693967:86;2305843009213693973:3,Symbolica_default,cached_powers_Q,24,12,0.636,BalancedZippelSeparated
fire7_nb0_rank1764,Automatic,1,ok,650.742,89,2,1,0,0,2305843009213693967:86;2305843009213693973:3,Symbolica_default,cached_powers_Q,24,12,0.605,BalancedZippelSeparated
fire7_nb0_rank1765,Automatic,1,ok,655.793,75,2,1,0,0,2305843009213693967:72;2305843009213693973:3,Symbolica_default,cached_powers_Q,20,15,0.382,BalancedZippelSeparated
fire7_nb0_rank1766,Automatic,1,ok,810.834,148,2,1,0,0,2305843009213693967:145;2305843009213693973:3,Symbolica_default,cached_powers_Q,30,6,0.406,BalancedZippelSeparated
fire7_nb0_rank1767,Automatic,1,ok,446.461,71,2,1,0,0,2305843009213693967:68;2305843009213693973:3,Symbolica_default,cached_powers_Q,20,15,0.463,BalancedZippelSeparated
fire7_nb0_rank1768,Automatic,1,ok,416.941,73,2,1,0,0,2305843009213693967:70;2305843009213693973:3,Symbolica_default,cached_powers_Q,20,15,0.352,BalancedZippelSeparated
fire7_nb0_rank1769,Automatic,1,ok,549.112,71,2,1,0,0,2305843009213693967:68;2305843009213693973:3,Symbolica_default,cached_powers_Q,20,15,0.350,BalancedZippelSeparated
fire7_nb0_rank1770,Automatic,1,ok,603.222,75,2,1,0,0,2305843009213693967:72;2305843009213693973:3,Symbolica_default,cached_powers_Q,20,15,0.351,BalancedZippelSeparated
fire7_nb0_rank1771,Automatic,1,ok,585.292,74,2,1,0,0,2305843009213693967:71;2305843009213693973:3,Symbolica_default,cached_powers_Q,20,15,0.358,BalancedZippelSeparated
fire7_nb0_rank1772,Automatic,1,ok,407.762,71,2,1,0,0,2305843009213693967:68;2305843009213693973:3,Symbolica_default,cached_powers_Q,20,15,0.511,BalancedZippelSeparated
fire7_nb0_rank1773,Automatic,1,ok,480.882,71,2,1,0,0,2305843009213693967:68;2305843009213693973:3,Symbolica_default,cached_powers_Q,20,15,0.459,BalancedZippelSeparated
fire7_nb0_rank1774,Automatic,1,ok,488.931,75,2,1,0,0,2305843009213693967:72;2305843009213693973:3,Symbolica_default,cached_powers_Q,20,15,0.502,BalancedZippelSeparated
fire7_nb0_rank1775,Automatic,1,ok,479.732,71,2,1,0,0,2305843009213693967:68;2305843009213693973:3,Symbolica_default,cached_powers_Q,20,15,0.502,BalancedZippelSeparated
fire7_nb0_rank1776,Automatic,1,ok,624.182,94,2,1,0,0,2305843009213693967:91;2305843009213693973:3,Symbolica_default,cached_powers_Q,28,6,0.561,BalancedZippelSeparated
fire7_nb0_rank1777,Automatic,1,ok,610.012,72,2,1,0,0,2305843009213693967:69;2305843009213693973:3,Symbolica_default,cached_powers_Q,16,15,0.372,BalancedZippelSeparated
fire7_nb0_rank1778,Automatic,1,ok,662.423,79,2,1,0,0,2305843009213693967:76;2305843009213693973:3,Symbolica_default,cached_powers_Q,24,10,0.389,BalancedZippelSeparated
fire7_nb0_rank1779,Automatic,1,ok,414.101,69,2,1,0,0,2305843009213693967:66;2305843009213693973:3,Symbolica_default,cached_powers_Q,16,15,0.538,BalancedZippelSeparated
fire7_nb0_rank1780,Automatic,1,ok,689.222,128,2,1,0,0,2305843009213693967:125;2305843009213693973:3,Symbolica_default,cached_powers_Q,24,13,0.402,BalancedZippelSeparated
fire7_nb0_rank1781,Automatic,1,ok,593.162,70,2,1,0,0,2305843009213693967:67;2305843009213693973:3,Symbolica_default,cached_powers_Q,25,9,0.396,BalancedZippelSeparated
fire7_nb0_rank1782,Automatic,1,ok,423.922,70,2,1,0,0,2305843009213693967:67;2305843009213693973:3,Symbolica_default,cached_powers_Q,25,9,0.487,BalancedZippelSeparated
fire7_nb0_rank1783,Automatic,1,ok,430.572,74,2,1,0,0,2305843009213693967:71;2305843009213693973:3,Symbolica_default,cached_powers_Q,20,15,0.524,BalancedZippelSeparated
fire7_nb0_rank1784,Automatic,1,ok,447.771,87,2,1,0,0,2305843009213693967:84;2305843009213693973:3,Symbolica_default,cached_powers_Q,24,12,0.407,BalancedZippelSeparated
fire7_nb0_rank1785,Automatic,1,ok,439.152,93,2,1,0,0,2305843009213693967:90;2305843009213693973:3,Symbolica_default,cached_powers_Q,30,6,0.343,BalancedZippelSeparated
fire7_nb0_rank1786,Automatic,1,ok,450.022,86,2,1,0,0,2305843009213693967:83;2305843009213693973:3,Symbolica_default,cached_powers_Q,19,14,0.515,BalancedZippelSeparated
fire7_nb0_rank1787,Automatic,1,ok,616.362,70,2,1,0,0,2305843009213693967:67;2305843009213693973:3,Symbolica_default,cached_powers_Q,20,15,0.505,BalancedZippelSeparated
fire7_nb0_rank1788,Automatic,1,ok,563.202,70,2,1,0,0,2305843009213693967:67;2305843009213693973:3,Symbolica_default,cached_powers_Q,20,15,0.502,BalancedZippelSeparated
fire7_nb0_rank1789,Automatic,1,ok,538.842,98,2,1,0,0,2305843009213693967:95;2305843009213693973:3,Symbolica_default,cached_powers_Q,24,14,0.549,BalancedZippelSeparated
fire7_nb0_rank1790,Automatic,1,ok,646.743,74,2,1,0,0,2305843009213693967:71;2305843009213693973:3,Symbolica_default,cached_powers_Q,20,15,0.360,BalancedZippelSeparated
fire7_nb0_rank1791,Automatic,1,ok,666.442,87,2,1,0,0,2305843009213693967:84;2305843009213693973:3,Symbolica_default,cached_powers_Q,24,12,0.580,BalancedZippelSeparated
fire7_nb0_rank1792,Automatic,1,ok,656.732,87,2,1,0,0,2305843009213693967:84;2305843009213693973:3,Symbolica_default,cached_powers_Q,24,12,0.412,BalancedZippelSeparated
fire7_nb0_rank1793,Automatic,1,ok,454.022,67,2,1,0,0,2305843009213693967:64;2305843009213693973:3,Symbolica_default,cached_powers_Q,20,15,0.374,BalancedZippelSeparated
fire7_nb0_rank1794,Automatic,1,ok,739.362,115,2,1,0,0,2305843009213693967:112;2305843009213693973:3,Symbolica_default,cached_powers_Q,24,14,0.418,BalancedZippelSeparated
fire7_nb0_rank1795,Automatic,1,ok,503.491,89,2,1,0,0,2305843009213693967:86;2305843009213693973:3,Symbolica_default,cached_powers_Q,24,12,0.578,BalancedZippelSeparated
fire7_nb0_rank1796,Automatic,1,ok,454.012,74,2,1,0,0,2305843009213693967:71;2305843009213693973:3,Symbolica_default,cached_powers_Q,20,15,0.391,BalancedZippelSeparated
fire7_nb0_rank1797,Automatic,1,ok,454.152,87,2,1,0,0,2305843009213693967:84;2305843009213693973:3,Symbolica_default,cached_powers_Q,24,12,0.391,BalancedZippelSeparated
fire7_nb0_rank1798,Automatic,1,ok,420.432,77,2,1,0,0,2305843009213693967:74;2305843009213693973:3,Symbolica_default,cached_powers_Q,16,15,0.557,BalancedZippelSeparated
fire7_nb0_rank1799,Automatic,1,ok,573.713,70,2,1,0,0,2305843009213693967:67;2305843009213693973:3,Symbolica_default,cached_powers_Q,20,15,0.383,BalancedZippelSeparated
fire7_nb0_rank1800,Automatic,1,ok,614.663,71,2,1,0,0,2305843009213693967:68;2305843009213693973:3,Symbolica_default,cached_powers_Q,25,9,0.577,BalancedZippelSeparated
fire7_nb0_rank1801,Automatic,1,ok,689.773,87,2,1,0,0,2305843009213693967:84;2305843009213693973:3,Symbolica_default,cached_powers_Q,24,12,0.382,BalancedZippelSeparated
fire7_nb0_rank1802,Automatic,1,ok,434.482,79,2,1,0,0,2305843009213693967:76;2305843009213693973:3,Symbolica_default,cached_powers_Q,13,21,0.573,BalancedZippelSeparated
fire7_nb0_rank1803,Automatic,1,ok,557.972,70,2,1,0,0,2305843009213693967:67;2305843009213693973:3,Symbolica_default,cached_powers_Q,24,9,0.398,BalancedZippelSeparated
fire7_nb0_rank1804,Automatic,1,ok,665.772,76,2,1,0,0,2305843009213693967:73;2305843009213693973:3,Symbolica_default,cached_powers_Q,24,10,0.398,BalancedZippelSeparated
fire7_nb0_rank1805,Automatic,1,ok,479.832,87,2,1,0,0,2305843009213693967:84;2305843009213693973:3,Symbolica_default,cached_powers_Q,24,12,0.567,BalancedZippelSeparated
fire7_nb0_rank1806,Automatic,1,ok,629.373,84,2,1,0,0,2305843009213693967:81;2305843009213693973:3,Symbolica_default,cached_powers_Q,24,10,0.378,BalancedZippelSeparated
fire7_nb0_rank1807,Automatic,1,ok,609.502,79,2,1,0,0,2305843009213693967:76;2305843009213693973:3,Symbolica_default,cached_powers_Q,27,10,0.356,BalancedZippelSeparated
fire7_nb0_rank1808,Automatic,1,ok,559.962,67,2,1,0,0,2305843009213693967:64;2305843009213693973:3,Symbolica_default,cached_powers_Q,20,15,0.479,BalancedZippelSeparated
fire7_nb0_rank1809,Automatic,1,ok,535.502,66,2,1,0,0,2305843009213693967:63;2305843009213693973:3,Symbolica_default,cached_powers_Q,15,20,0.349,BalancedZippelSeparated
fire7_nb0_rank1810,Automatic,1,ok,657.072,111,2,1,0,0,2305843009213693967:108;2305843009213693973:3,Symbolica_default,cached_powers_Q,26,14,0.385,BalancedZippelSeparated
fire7_nb0_rank1811,Automatic,1,ok,560.272,72,2,1,0,0,2305843009213693967:69;2305843009213693973:3,Symbolica_default,cached_powers_Q,23,9,0.499,BalancedZippelSeparated
fire7_nb0_rank1812,Automatic,1,ok,589.352,67,2,1,0,0,2305843009213693967:64;2305843009213693973:3,Symbolica_default,cached_powers_Q,20,15,0.387,BalancedZippelSeparated
fire7_nb0_rank1813,Automatic,1,ok,525.722,70,2,1,0,0,2305843009213693967:67;2305843009213693973:3,Symbolica_default,cached_powers_Q,20,15,0.331,BalancedZippelSeparated
fire7_nb0_rank1814,Automatic,1,ok,570.782,85,2,1,0,0,2305843009213693967:82;2305843009213693973:3,Symbolica_default,cached_powers_Q,27,6,0.370,BalancedZippelSeparated
fire7_nb0_rank1815,Automatic,1,ok,359.001,64,2,1,0,0,2305843009213693967:61;2305843009213693973:3,Symbolica_default,cached_powers_Q,17,15,0.488,BalancedZippelSeparated
fire7_nb0_rank1816,Automatic,1,ok,444.652,70,2,1,0,0,2305843009213693967:67;2305843009213693973:3,Symbolica_default,cached_powers_Q,20,15,0.557,BalancedZippelSeparated
fire7_nb0_rank1817,Automatic,1,ok,461.852,74,2,1,0,0,2305843009213693967:71;2305843009213693973:3,Symbolica_default,cached_powers_Q,20,15,0.377,BalancedZippelSeparated
fire7_nb0_rank1818,Automatic,1,ok,625.363,74,2,1,0,0,2305843009213693967:71;2305843009213693973:3,Symbolica_default,cached_powers_Q,19,15,0.372,BalancedZippelSeparated
fire7_nb0_rank1819,Automatic,1,ok,588.942,91,2,1,0,0,2305843009213693967:88;2305843009213693973:3,Symbolica_default,cached_powers_Q,27,8,0.367,BalancedZippelSeparated
fire7_nb0_rank1820,Automatic,1,ok,606.492,67,2,1,0,0,2305843009213693967:64;2305843009213693973:3,Symbolica_default,cached_powers_Q,20,15,0.375,BalancedZippelSeparated
fire7_nb0_rank1821,Automatic,1,ok,348.062,74,2,1,0,0,2305843009213693967:71;2305843009213693973:3,Symbolica_default,cached_powers_Q,22,5,0.345,BalancedZippelSeparated
fire7_nb0_rank1822,Automatic,1,ok,489.792,71,2,1,0,0,2305843009213693967:68;2305843009213693973:3,Symbolica_default,cached_powers_Q,20,15,0.510,BalancedZippelSeparated
fire7_nb0_rank1823,Automatic,1,ok,609.692,76,2,1,0,0,2305843009213693967:73;2305843009213693973:3,Symbolica_default,cached_powers_Q,24,10,0.376,BalancedZippelSeparated
fire7_nb0_rank1824,Automatic,1,ok,593.213,84,2,1,0,0,2305843009213693967:81;2305843009213693973:3,Symbolica_default,cached_powers_Q,24,10,0.364,BalancedZippelSeparated
fire7_nb0_rank1825,Automatic,1,ok,363.551,71,2,1,0,0,2305843009213693967:68;2305843009213693973:3,Symbolica_default,cached_powers_Q,25,6,0.485,BalancedZippelSeparated
fire7_nb0_rank1826,Automatic,1,ok,363.571,61,2,1,0,0,2305843009213693967:58;2305843009213693973:3,Symbolica_default,cached_powers_Q,20,12,0.329,BalancedZippelSeparated
fire7_nb0_rank1827,Automatic,1,ok,537.222,61,2,1,0,0,2305843009213693967:58;2305843009213693973:3,Symbolica_default,cached_powers_Q,20,12,0.334,BalancedZippelSeparated
fire7_nb0_rank1828,Automatic,1,ok,468.182,81,2,1,0,0,2305843009213693967:78;2305843009213693973:3,Symbolica_default,cached_powers_Q,24,6,0.450,BalancedZippelSeparated
fire7_nb0_rank1829,Automatic,1,ok,668.603,98,2,1,0,0,2305843009213693967:95;2305843009213693973:3,Symbolica_default,cached_powers_Q,23,14,0.516,BalancedZippelSeparated
fire7_nb0_rank1830,Automatic,1,ok,341.211,74,2,1,0,0,2305843009213693967:71;2305843009213693973:3,Symbolica_default,cached_powers_Q,22,5,0.300,BalancedZippelSeparated
fire7_nb0_rank1831,Automatic,1,ok,438.742,92,2,1,0,0,2305843009213693967:89;2305843009213693973:3,Symbolica_default,cached_powers_Q,27,10,0.393,BalancedZippelSeparated
fire7_nb0_rank1832,Automatic,1,ok,415.241,71,2,1,0,0,2305843009213693967:68;2305843009213693973:3,Symbolica_default,cached_powers_Q,25,6,0.548,BalancedZippelSeparated
fire7_nb0_rank1833,Automatic,1,ok,338.771,95,2,1,0,0,2305843009213693967:92;2305843009213693973:3,Symbolica_default,cached_powers_Q,6,27,0.347,BalancedZippelSeparated
fire7_nb0_rank1834,Automatic,1,ok,592.132,86,2,1,0,0,2305843009213693967:83;2305843009213693973:3,Symbolica_default,cached_powers_Q,29,3,0.374,BalancedZippelSeparated
fire7_nb0_rank1835,Automatic,1,ok,356.301,61,2,1,0,0,2305843009213693967:58;2305843009213693973:3,Symbolica_default,cached_powers_Q,20,8,0.341,BalancedZippelSeparated
fire7_nb0_rank1836,Automatic,1,ok,438.851,76,2,1,0,0,2305843009213693967:73;2305843009213693973:3,Symbolica_default,cached_powers_Q,22,10,0.397,BalancedZippelSeparated
fire7_nb0_rank1837,Automatic,1,ok,630.252,121,2,1,0,0,2305843009213693967:118;2305843009213693973:3,Symbolica_default,cached_powers_Q,26,9,0.346,BalancedZippelSeparated
fire7_nb0_rank1838,Automatic,1,ok,624.152,99,2,1,0,0,2305843009213693967:96;2305843009213693973:3,Symbolica_default,cached_powers_Q,27,6,0.323,BalancedZippelSeparated
fire7_nb0_rank1839,Automatic,1,ok,555.762,69,2,1,0,0,2305843009213693967:66;2305843009213693973:3,Symbolica_default,cached_powers_Q,16,15,0.332,BalancedZippelSeparated
fire7_nb0_rank1840,Automatic,1,ok,325.051,62,2,1,0,0,2305843009213693967:59;2305843009213693973:3,Symbolica_default,cached_powers_Q,20,8,0.308,BalancedZippelSeparated
fire7_nb0_rank1841,Automatic,1,ok,391.581,86,2,1,0,0,2305843009213693967:83;2305843009213693973:3,Symbolica_default,cached_powers_Q,24,9,0.369,BalancedZippelSeparated
fire7_nb0_rank1842,Automatic,1,ok,449.262,88,2,1,0,0,2305843009213693967:85;2305843009213693973:3,Symbolica_default,cached_powers_Q,21,14,0.552,BalancedZippelSeparated
fire7_nb0_rank1843,Automatic,1,ok,454.331,92,2,1,0,0,2305843009213693967:89;2305843009213693973:3,Symbolica_default,cached_powers_Q,27,10,0.543,BalancedZippelSeparated
fire7_nb0_rank1844,Automatic,1,ok,460.051,74,2,1,0,0,2305843009213693967:71;2305843009213693973:3,Symbolica_default,cached_powers_Q,23,9,0.515,BalancedZippelSeparated
fire7_nb0_rank1845,Automatic,1,ok,807.843,99,2,1,0,0,2305843009213693967:96;2305843009213693973:3,Symbolica_default,cached_powers_Q,16,20,0.563,BalancedZippelSeparated
fire7_nb0_rank1846,Automatic,1,ok,388.082,63,2,1,0,0,2305843009213693967:60;2305843009213693973:3,Symbolica_default,cached_powers_Q,20,9,0.352,BalancedZippelSeparated
fire7_nb0_rank1847,Automatic,1,ok,548.302,63,2,1,0,0,2305843009213693967:60;2305843009213693973:3,Symbolica_default,cached_powers_Q,20,9,0.343,BalancedZippelSeparated
fire7_nb0_rank1848,Automatic,1,ok,396.802,74,2,1,0,0,2305843009213693967:71;2305843009213693973:3,Symbolica_default,cached_powers_Q,25,6,0.505,BalancedZippelSeparated
fire7_nb0_rank1849,Automatic,1,ok,585.632,83,2,1,0,0,2305843009213693967:80;2305843009213693973:3,Symbolica_default,cached_powers_Q,23,15,0.375,BalancedZippelSeparated
fire7_nb0_rank1850,Automatic,1,ok,410.572,94,2,1,0,0,2305843009213693967:91;2305843009213693973:3,Symbolica_default,cached_powers_Q,27,9,0.369,BalancedZippelSeparated
fire7_nb0_rank1851,Automatic,1,ok,628.282,72,2,1,0,0,2305843009213693967:69;2305843009213693973:3,Symbolica_default,cached_powers_Q,12,24,0.368,BalancedZippelSeparated
fire7_nb0_rank1852,Automatic,1,ok,556.142,65,2,1,0,0,2305843009213693967:62;2305843009213693973:3,Symbolica_default,cached_powers_Q,25,6,0.367,BalancedZippelSeparated
fire7_nb0_rank1853,Automatic,1,ok,594.903,77,2,1,0,0,2305843009213693967:74;2305843009213693973:3,Symbolica_default,cached_powers_Q,12,24,0.521,BalancedZippelSeparated
fire7_nb0_rank1854,Automatic,1,ok,586.363,70,2,1,0,0,2305843009213693967:67;2305843009213693973:3,Symbolica_default,cached_powers_Q,25,6,0.331,BalancedZippelSeparated
fire7_nb0_rank1855,Automatic,1,ok,578.392,77,2,1,0,0,2305843009213693967:74;2305843009213693973:3,Symbolica_default,cached_powers_Q,12,24,0.526,BalancedZippelSeparated
fire7_nb0_rank1856,Automatic,1,ok,632.512,90,2,1,0,0,2305843009213693967:87;2305843009213693973:3,Symbolica_default,cached_powers_Q,27,8,0.339,BalancedZippelSeparated
fire7_nb0_rank1857,Automatic,1,ok,385.662,70,2,1,0,0,2305843009213693967:67;2305843009213693973:3,Symbolica_default,cached_powers_Q,15,15,0.342,BalancedZippelSeparated
fire7_nb0_rank1858,Automatic,1,ok,398.782,68,2,1,0,0,2305843009213693967:65;2305843009213693973:3,Symbolica_default,cached_powers_Q,15,15,0.548,BalancedZippelSeparated
fire7_nb0_rank1859,Automatic,1,ok,448.341,79,2,1,0,0,2305843009213693967:76;2305843009213693973:3,Symbolica_default,cached_powers_Q,20,12,0.551,BalancedZippelSeparated
fire7_nb0_rank1860,Automatic,1,ok,375.541,61,2,1,0,0,2305843009213693967:58;2305843009213693973:3,Symbolica_default,cached_powers_Q,19,12,0.528,BalancedZippelSeparated
fire7_nb0_rank1861,Automatic,1,ok,682.422,97,2,1,0,0,2305843009213693967:94;2305843009213693973:3,Symbolica_default,cached_powers_Q,24,14,0.579,BalancedZippelSeparated
fire7_nb0_rank1862,Automatic,1,ok,369.511,63,2,1,0,0,2305843009213693967:60;2305843009213693973:3,Symbolica_default,cached_powers_Q,19,12,0.358,BalancedZippelSeparated
fire7_nb0_rank1863,Automatic,1,ok,381.711,63,2,1,0,0,2305843009213693967:60;2305843009213693973:3,Symbolica_default,cached_powers_Q,19,12,0.351,BalancedZippelSeparated
fire7_nb0_rank1864,Automatic,1,ok,390.571,67,2,1,0,0,2305843009213693967:64;2305843009213693973:3,Symbolica_default,cached_powers_Q,24,6,0.561,BalancedZippelSeparated
fire7_nb0_rank1865,Automatic,1,ok,645.233,80,2,1,0,0,2305843009213693967:77;2305843009213693973:3,Symbolica_default,cached_powers_Q,24,10,0.561,BalancedZippelSeparated
fire7_nb0_rank1866,Automatic,1,ok,388.231,91,2,1,0,0,2305843009213693967:88;2305843009213693973:3,Symbolica_default,cached_powers_Q,5,27,0.476,BalancedZippelSeparated
fire7_nb0_rank1867,Automatic,1,ok,412.892,73,2,1,0,0,2305843009213693967:70;2305843009213693973:3,Symbolica_default,cached_powers_Q,24,6,0.502,BalancedZippelSeparated
fire7_nb0_rank1868,Automatic,1,ok,635.823,102,2,1,0,0,2305843009213693967:99;2305843009213693973:3,Symbolica_default,cached_powers_Q,23,14,0.388,BalancedZippelSeparated
fire7_nb0_rank1869,Automatic,1,ok,665.712,74,2,1,0,0,2305843009213693967:71;2305843009213693973:3,Symbolica_default,cached_powers_Q,24,10,0.514,BalancedZippelSeparated
fire7_nb0_rank1870,Automatic,1,ok,589.802,68,2,1,0,0,2305843009213693967:65;2305843009213693973:3,Symbolica_default,cached_powers_Q,15,15,0.364,BalancedZippelSeparated
fire7_nb0_rank1871,Automatic,1,ok,388.271,66,2,1,0,0,2305843009213693967:63;2305843009213693973:3,Symbolica_default,cached_powers_Q,15,15,0.528,BalancedZippelSeparated
fire7_nb0_rank1872,Automatic,1,ok,399.441,68,2,1,0,0,2305843009213693967:65;2305843009213693973:3,Symbolica_default,cached_powers_Q,15,15,0.554,BalancedZippelSeparated
fire7_nb0_rank1873,Automatic,1,ok,414.302,66,2,1,0,0,2305843009213693967:63;2305843009213693973:3,Symbolica_default,cached_powers_Q,15,15,0.358,BalancedZippelSeparated
fire7_nb0_rank1874,Automatic,1,ok,621.943,65,2,1,0,0,2305843009213693967:62;2305843009213693973:3,Symbolica_default,cached_powers_Q,12,15,0.337,BalancedZippelSeparated
fire7_nb0_rank1875,Automatic,1,ok,422.121,69,2,1,0,0,2305843009213693967:66;2305843009213693973:3,Symbolica_default,cached_powers_Q,16,15,0.557,BalancedZippelSeparated
fire7_nb0_rank1876,Automatic,1,ok,593.382,70,2,1,0,0,2305843009213693967:67;2305843009213693973:3,Symbolica_default,cached_powers_Q,15,15,0.340,BalancedZippelSeparated
fire7_nb0_rank1877,Automatic,1,ok,508.882,62,2,1,0,0,2305843009213693967:59;2305843009213693973:3,Symbolica_default,cached_powers_Q,16,15,0.345,BalancedZippelSeparated
fire7_nb0_rank1878,Automatic,1,ok,482.062,85,2,1,0,0,2305843009213693967:82;2305843009213693973:3,Symbolica_default,cached_powers_Q,25,6,0.541,BalancedZippelSeparated
fire7_nb0_rank1879,Automatic,1,ok,518.611,70,2,1,0,0,2305843009213693967:67;2305843009213693973:3,Symbolica_default,cached_powers_Q,19,6,0.308,BalancedZippelSeparated
fire7_nb0_rank1880,Automatic,1,ok,457.362,84,2,1,0,0,2305843009213693967:81;2305843009213693973:3,Symbolica_default,cached_powers_Q,20,14,0.489,BalancedZippelSeparated
fire7_nb0_rank1881,Automatic,1,ok,561.913,68,2,1,0,0,2305843009213693967:65;2305843009213693973:3,Symbolica_default,cached_powers_Q,15,15,0.316,BalancedZippelSeparated
fire7_nb0_rank1882,Automatic,1,ok,390.541,66,2,1,0,0,2305843009213693967:63;2305843009213693973:3,Symbolica_default,cached_powers_Q,15,15,0.481,BalancedZippelSeparated
fire7_nb0_rank1883,Automatic,1,ok,345.971,60,2,1,0,0,2305843009213693967:57;2305843009213693973:3,Symbolica_default,cached_powers_Q,16,15,0.360,BalancedZippelSeparated
fire7_nb0_rank1884,Automatic,1,ok,644.873,84,2,1,0,0,2305843009213693967:81;2305843009213693973:3,Symbolica_default,cached_powers_Q,15,18,0.339,BalancedZippelSeparated
fire7_nb0_rank1885,Automatic,1,ok,666.343,110,2,1,0,0,2305843009213693967:107;2305843009213693973:3,Symbolica_default,cached_powers_Q,12,24,0.375,BalancedZippelSeparated
fire7_nb0_rank1886,Automatic,1,ok,608.252,101,2,1,0,0,2305843009213693967:98;2305843009213693973:3,Symbolica_default,cached_powers_Q,18,18,0.322,BalancedZippelSeparated
fire7_nb0_rank1887,Automatic,1,ok,370.871,70,2,1,0,0,2305843009213693967:67;2305843009213693973:3,Symbolica_default,cached_powers_Q,15,15,0.468,BalancedZippelSeparated
fire7_nb0_rank1888,Automatic,1,ok,603.782,75,2,1,0,0,2305843009213693967:72;2305843009213693973:3,Symbolica_default,cached_powers_Q,12,21,0.360,BalancedZippelSeparated
fire7_nb0_rank1889,Automatic,1,ok,659.782,96,2,1,0,0,2305843009213693967:93;2305843009213693973:3,Symbolica_default,cached_powers_Q,23,14,0.386,BalancedZippelSeparated
fire7_nb0_rank1890,Automatic,1,ok,585.582,75,2,1,0,0,2305843009213693967:72;2305843009213693973:3,Symbolica_default,cached_powers_Q,12,21,0.552,BalancedZippelSeparated
fire7_nb0_rank1891,Automatic,1,ok,386.121,64,2,1,0,0,2305843009213693967:61;2305843009213693973:3,Symbolica_default,cached_powers_Q,15,15,0.335,BalancedZippelSeparated
fire7_nb0_rank1892,Automatic,1,ok,375.752,82,2,1,0,0,2305843009213693967:79;2305843009213693973:3,Symbolica_default,cached_powers_Q,24,9,0.409,BalancedZippelSeparated
fire7_nb0_rank1893,Automatic,1,ok,398.052,78,2,1,0,0,2305843009213693967:75;2305843009213693973:3,Symbolica_default,cached_powers_Q,27,4,0.360,BalancedZippelSeparated
fire7_nb0_rank1894,Automatic,1,ok,409.092,64,2,1,0,0,2305843009213693967:61;2305843009213693973:3,Symbolica_default,cached_powers_Q,14,20,0.564,BalancedZippelSeparated
fire7_nb0_rank1895,Automatic,1,ok,612.302,87,2,1,0,0,2305843009213693967:84;2305843009213693973:3,Symbolica_default,cached_powers_Q,26,6,0.533,BalancedZippelSeparated
fire7_nb0_rank1896,Automatic,1,ok,403.521,64,2,1,0,0,2305843009213693967:61;2305843009213693973:3,Symbolica_default,cached_powers_Q,18,9,0.350,BalancedZippelSeparated
fire7_nb0_rank1897,Automatic,1,ok,565.762,78,2,1,0,0,2305843009213693967:75;2305843009213693973:3,Symbolica_default,cached_powers_Q,18,15,0.470,BalancedZippelSeparated
fire7_nb0_rank1898,Automatic,1,ok,432.082,108,2,1,0,0,2305843009213693967:105;2305843009213693973:3,Symbolica_default,cached_powers_Q,12,24,0.355,BalancedZippelSeparated
fire7_nb0_rank1899,Automatic,1,ok,407.852,75,2,1,0,0,2305843009213693967:72;2305843009213693973:3,Symbolica_default,cached_powers_Q,24,6,0.363,BalancedZippelSeparated
fire7_nb0_rank1900,Automatic,1,ok,353.301,60,2,1,0,0,2305843009213693967:57;2305843009213693973:3,Symbolica_default,cached_powers_Q,16,15,0.516,BalancedZippelSeparated
fire7_nb0_rank1901,Automatic,1,ok,336.021,62,2,1,0,0,2305843009213693967:59;2305843009213693973:3,Symbolica_default,cached_powers_Q,16,15,0.329,BalancedZippelSeparated
fire7_nb0_rank1902,Automatic,1,ok,350.481,66,2,1,0,0,2305843009213693967:63;2305843009213693973:3,Symbolica_default,cached_powers_Q,20,9,0.307,BalancedZippelSeparated
fire7_nb0_rank1903,Automatic,1,ok,585.723,82,2,1,0,0,2305843009213693967:79;2305843009213693973:3,Symbolica_default,cached_powers_Q,15,18,0.312,BalancedZippelSeparated
fire7_nb0_rank1904,Automatic,1,ok,400.331,63,2,1,0,0,2305843009213693967:60;2305843009213693973:3,Symbolica_default,cached_powers_Q,16,15,0.342,BalancedZippelSeparated
fire7_nb0_rank1905,Automatic,1,ok,404.232,65,2,1,0,0,2305843009213693967:62;2305843009213693973:3,Symbolica_default,cached_powers_Q,16,15,0.384,BalancedZippelSeparated
fire7_nb0_rank1906,Automatic,1,ok,394.332,66,2,1,0,0,2305843009213693967:63;2305843009213693973:3,Symbolica_default,cached_powers_Q,15,15,0.591,BalancedZippelSeparated
fire7_nb0_rank1907,Automatic,1,ok,402.132,65,2,1,0,0,2305843009213693967:62;2305843009213693973:3,Symbolica_default,cached_powers_Q,16,15,0.350,BalancedZippelSeparated
fire7_nb0_rank1908,Automatic,1,ok,571.202,72,2,1,0,0,2305843009213693967:69;2305843009213693973:3,Symbolica_default,cached_powers_Q,23,6,0.343,BalancedZippelSeparated
fire7_nb0_rank1909,Automatic,1,ok,1902.457,71,2,1,0,0,2305843009213693967:68;2305843009213693973:3,Symbolica_default,cached_powers_Q,20,15,0.352,BalancedZippelSeparated
fire7_nb0_rank1910,Automatic,1,ok,551.822,78,2,1,0,0,2305843009213693967:75;2305843009213693973:3,Symbolica_default,cached_powers_Q,18,15,0.350,BalancedZippelSeparated
fire7_nb0_rank1911,Automatic,1,ok,347.211,69,2,1,0,0,2305843009213693967:66;2305843009213693973:3,Symbolica_default,cached_powers_Q,15,15,0.323,BalancedZippelSeparated
fire7_nb0_rank1912,Automatic,1,ok,625.303,78,2,1,0,0,2305843009213693967:75;2305843009213693973:3,Symbolica_default,cached_powers_Q,24,8,0.319,BalancedZippelSeparated
fire7_nb0_rank1913,Automatic,1,ok,566.502,75,2,1,0,0,2305843009213693967:72;2305843009213693973:3,Symbolica_default,cached_powers_Q,24,6,0.478,BalancedZippelSeparated
fire7_nb0_rank1914,Automatic,1,ok,447.432,73,2,1,0,0,2305843009213693967:70;2305843009213693973:3,Symbolica_default,cached_powers_Q,24,6,0.510,BalancedZippelSeparated
fire7_nb0_rank1915,Automatic,1,ok,1109.065,65,2,1,0,0,2305843009213693967:62;2305843009213693973:3,Symbolica_default,cached_powers_Q,16,15,4.749,BalancedZippelSeparated
fire7_nb0_rank1916,Automatic,1,ok,401.941,69,2,1,0,0,2305843009213693967:66;2305843009213693973:3,Symbolica_default,cached_powers_Q,20,10,0.326,BalancedZippelSeparated
fire7_nb0_rank1917,Automatic,1,ok,442.122,82,2,1,0,0,2305843009213693967:79;2305843009213693973:3,Symbolica_default,cached_powers_Q,24,8,0.504,BalancedZippelSeparated
fire7_nb0_rank1918,Automatic,1,ok,439.132,73,2,1,0,0,2305843009213693967:70;2305843009213693973:3,Symbolica_default,cached_powers_Q,24,6,0.342,BalancedZippelSeparated
fire7_nb0_rank1919,Automatic,1,ok,389.272,63,2,1,0,0,2305843009213693967:60;2305843009213693973:3,Symbolica_default,cached_powers_Q,16,15,0.333,BalancedZippelSeparated
fire7_nb0_rank1920,Automatic,1,ok,599.092,65,2,1,0,0,2305843009213693967:62;2305843009213693973:3,Symbolica_default,cached_powers_Q,16,15,0.319,BalancedZippelSeparated
fire7_nb0_rank1921,Automatic,1,ok,570.582,75,2,1,0,0,2305843009213693967:72;2305843009213693973:3,Symbolica_default,cached_powers_Q,24,6,0.300,BalancedZippelSeparated
fire7_nb0_rank1922,Automatic,1,ok,351.271,59,2,1,0,0,2305843009213693967:56;2305843009213693973:3,Symbolica_default,cached_powers_Q,20,8,0.446,BalancedZippelSeparated
fire7_nb0_rank1923,Automatic,1,ok,366.111,70,2,1,0,0,2305843009213693967:67;2305843009213693973:3,Symbolica_default,cached_powers_Q,4,28,0.455,BalancedZippelSeparated
fire7_nb0_rank1924,Automatic,1,ok,346.261,61,2,1,0,0,2305843009213693967:58;2305843009213693973:3,Symbolica_default,cached_powers_Q,20,8,0.318,BalancedZippelSeparated
fire7_nb0_rank1925,Automatic,1,ok,474.521,101,2,1,0,0,2305843009213693967:98;2305843009213693973:3,Symbolica_default,cached_powers_Q,21,9,0.442,BalancedZippelSeparated
fire7_nb0_rank1926,Automatic,1,ok,389.702,75,2,1,0,0,2305843009213693967:72;2305843009213693973:3,Symbolica_default,cached_powers_Q,19,10,0.302,BalancedZippelSeparated
fire7_nb0_rank1927,Automatic,1,ok,439.312,70,2,1,0,0,2305843009213693967:67;2305843009213693973:3,Symbolica_default,cached_powers_Q,24,6,0.514,BalancedZippelSeparated
fire7_nb0_rank1928,Automatic,1,ok,338.081,89,2,1,0,0,2305843009213693967:86;2305843009213693973:3,Symbolica_default,cached_powers_Q,27,4,0.449,BalancedZippelSeparated
fire7_nb0_rank1929,Automatic,1,ok,630.852,87,2,1,0,0,2305843009213693967:84;2305843009213693973:3,Symbolica_default,cached_powers_Q,19,14,0.334,BalancedZippelSeparated
fire7_nb0_rank1930,Automatic,1,ok,365.402,62,2,1,0,0,2305843009213693967:59;2305843009213693973:3,Symbolica_default,cached_powers_Q,20,9,0.322,BalancedZippelSeparated
fire7_nb0_rank1931,Automatic,1,ok,568.322,73,2,1,0,0,2305843009213693967:70;2305843009213693973:3,Symbolica_default,cached_powers_Q,24,6,0.422,BalancedZippelSeparated
fire7_nb0_rank1932,Automatic,1,ok,580.432,73,2,1,0,0,2305843009213693967:70;2305843009213693973:3,Symbolica_default,cached_powers_Q,24,6,0.341,BalancedZippelSeparated
fire7_nb0_rank1933,Automatic,1,ok,421.092,64,2,1,0,0,2305843009213693967:61;2305843009213693973:3,Symbolica_default,cached_powers_Q,20,6,1.205,BalancedZippelSeparated
fire7_nb0_rank1934,Automatic,1,ok,385.692,62,2,1,0,0,2305843009213693967:59;2305843009213693973:3,Symbolica_default,cached_powers_Q,20,6,1.154,BalancedZippelSeparated
fire7_nb0_rank1935,Automatic,1,ok,383.802,67,2,1,0,0,2305843009213693967:64;2305843009213693973:3,Symbolica_default,cached_powers_Q,18,9,0.619,BalancedZippelSeparated
fire7_nb0_rank1936,Automatic,1,ok,281.971,65,2,1,0,0,2305843009213693967:62;2305843009213693973:3,Symbolica_default,cached_powers_Q,6,20,0.297,BalancedZippelSeparated
fire7_nb0_rank1937,Automatic,1,ok,362.451,66,2,1,0,0,2305843009213693967:63;2305843009213693973:3,Symbolica_default,cached_powers_Q,25,3,0.348,BalancedZippelSeparated
fire7_nb0_rank1938,Automatic,1,ok,385.491,67,2,1,0,0,2305843009213693967:64;2305843009213693973:3,Symbolica_default,cached_powers_Q,15,10,0.496,BalancedZippelSeparated
fire7_nb0_rank1939,Automatic,1,ok,621.263,69,2,1,0,0,2305843009213693967:66;2305843009213693973:3,Symbolica_default,cached_powers_Q,20,10,0.354,BalancedZippelSeparated
fire7_nb0_rank1940,Automatic,1,ok,655.193,75,2,1,0,0,2305843009213693967:72;2305843009213693973:3,Symbolica_default,cached_powers_Q,24,10,0.369,BalancedZippelSeparated
fire7_nb0_rank1941,Automatic,1,ok,382.601,69,2,1,0,0,2305843009213693967:66;2305843009213693973:3,Symbolica_default,cached_powers_Q,18,6,0.503,BalancedZippelSeparated
fire7_nb0_rank1942,Automatic,1,ok,629.102,73,2,1,0,0,2305843009213693967:70;2305843009213693973:3,Symbolica_default,cached_powers_Q,20,10,0.356,BalancedZippelSeparated
fire7_nb0_rank1943,Automatic,1,ok,390.071,89,2,1,0,0,2305843009213693967:86;2305843009213693973:3,Symbolica_default,cached_powers_Q,26,4,0.341,BalancedZippelSeparated
fire7_nb0_rank1944,Automatic,1,ok,618.273,73,2,1,0,0,2305843009213693967:70;2305843009213693973:3,Symbolica_default,cached_powers_Q,12,21,0.529,BalancedZippelSeparated
fire7_nb0_rank1945,Automatic,1,ok,476.792,59,2,1,0,0,2305843009213693967:56;2305843009213693973:3,Symbolica_default,cached_powers_Q,15,12,0.312,BalancedZippelSeparated
fire7_nb0_rank1946,Automatic,1,ok,316.091,59,2,1,0,0,2305843009213693967:56;2305843009213693973:3,Symbolica_default,cached_powers_Q,15,12,0.310,BalancedZippelSeparated
fire7_nb0_rank1947,Automatic,1,ok,557.492,76,2,1,0,0,2305843009213693967:73;2305843009213693973:3,Symbolica_default,cached_powers_Q,15,12,0.292,BalancedZippelSeparated
fire7_nb0_rank1948,Automatic,1,ok,362.792,59,2,1,0,0,2305843009213693967:56;2305843009213693973:3,Symbolica_default,cached_powers_Q,15,12,0.423,BalancedZippelSeparated
fire7_nb0_rank1949,Automatic,1,ok,391.752,61,2,1,0,0,2305843009213693967:58;2305843009213693973:3,Symbolica_default,cached_powers_Q,5,20,0.268,BalancedZippelSeparated
fire7_nb0_rank1950,Automatic,1,ok,299.231,61,2,1,0,0,2305843009213693967:58;2305843009213693973:3,Symbolica_default,cached_powers_Q,5,20,0.428,BalancedZippelSeparated
fire7_nb0_rank1951,Automatic,1,ok,532.153,59,2,1,0,0,2305843009213693967:56;2305843009213693973:3,Symbolica_default,cached_powers_Q,15,12,0.321,BalancedZippelSeparated
fire7_nb0_rank1952,Automatic,1,ok,336.611,61,2,1,0,0,2305843009213693967:58;2305843009213693973:3,Symbolica_default,cached_powers_Q,20,6,0.430,BalancedZippelSeparated
fire7_nb0_rank1953,Automatic,1,ok,519.202,59,2,1,0,0,2305843009213693967:56;2305843009213693973:3,Symbolica_default,cached_powers_Q,20,6,0.498,BalancedZippelSeparated
fire7_nb0_rank1954,Automatic,1,ok,493.262,57,2,1,0,0,2305843009213693967:54;2305843009213693973:3,Symbolica_default,cached_powers_Q,18,8,0.491,BalancedZippelSeparated
fire7_nb0_rank1955,Automatic,1,ok,581.772,75,2,1,0,0,2305843009213693967:72;2305843009213693973:3,Symbolica_default,cached_powers_Q,23,6,0.526,BalancedZippelSeparated
fire7_nb0_rank1956,Automatic,1,ok,293.090,61,2,1,0,0,2305843009213693967:58;2305843009213693973:3,Symbolica_default,cached_powers_Q,5,20,0.447,BalancedZippelSeparated
fire7_nb0_rank1957,Automatic,1,ok,261.721,61,2,1,0,0,2305843009213693967:58;2305843009213693973:3,Symbolica_default,cached_powers_Q,5,20,0.279,BalancedZippelSeparated
fire7_nb0_rank1958,Automatic,1,ok,284.031,61,2,1,0,0,2305843009213693967:58;2305843009213693973:3,Symbolica_default,cached_powers_Q,5,20,0.256,BalancedZippelSeparated
fire7_nb0_rank1959,Automatic,1,ok,347.572,63,2,1,0,0,2305843009213693967:60;2305843009213693973:3,Symbolica_default,cached_powers_Q,18,8,0.296,BalancedZippelSeparated
fire7_nb0_rank1960,Automatic,1,ok,476.142,84,2,1,0,0,2305843009213693967:81;2305843009213693973:3,Symbolica_default,cached_powers_Q,15,18,0.341,BalancedZippelSeparated
fire7_nb0_rank1961,Automatic,1,ok,589.922,68,2,1,0,0,2305843009213693967:65;2305843009213693973:3,Symbolica_default,cached_powers_Q,15,15,0.355,BalancedZippelSeparated
fire7_nb0_rank1962,Automatic,1,ok,373.781,65,2,1,0,0,2305843009213693967:62;2305843009213693973:3,Symbolica_default,cached_powers_Q,18,9,0.338,BalancedZippelSeparated
fire7_nb0_rank1963,Automatic,1,ok,545.082,61,2,1,0,0,2305843009213693967:58;2305843009213693973:3,Symbolica_default,cached_powers_Q,15,12,0.353,BalancedZippelSeparated
fire7_nb0_rank1964,Automatic,1,ok,342.331,60,2,1,0,0,2305843009213693967:57;2305843009213693973:3,Symbolica_default,cached_powers_Q,16,9,0.301,BalancedZippelSeparated
fire7_nb0_rank1965,Automatic,1,ok,317.611,95,2,1,0,0,2305843009213693967:92;2305843009213693973:3,Symbolica_default,cached_powers_Q,5,24,0.300,BalancedZippelSeparated
fire7_nb0_rank1966,Automatic,1,ok,530.451,109,2,1,0,0,2305843009213693967:106;2305843009213693973:3,Symbolica_default,cached_powers_Q,5,24,0.281,BalancedZippelSeparated
fire7_nb0_rank1967,Automatic,1,ok,317.151,59,2,1,0,0,2305843009213693967:56;2305843009213693973:3,Symbolica_default,cached_powers_Q,18,8,0.293,BalancedZippelSeparated
fire7_nb0_rank1968,Automatic,1,ok,559.402,71,2,1,0,0,2305843009213693967:68;2305843009213693973:3,Symbolica_default,cached_powers_Q,18,10,0.295,BalancedZippelSeparated
fire7_nb0_rank1969,Automatic,1,ok,348.421,62,2,1,0,0,2305843009213693967:59;2305843009213693973:3,Symbolica_default,cached_powers_Q,20,9,0.292,BalancedZippelSeparated
fire7_nb0_rank1970,Automatic,1,ok,534.952,62,2,1,0,0,2305843009213693967:59;2305843009213693973:3,Symbolica_default,cached_powers_Q,20,9,0.288,BalancedZippelSeparated
fire7_nb0_rank1971,Automatic,1,ok,551.322,62,2,1,0,0,2305843009213693967:59;2305843009213693973:3,Symbolica_default,cached_powers_Q,20,9,0.306,BalancedZippelSeparated
fire7_nb0_rank1972,Automatic,1,ok,549.842,62,2,1,0,0,2305843009213693967:59;2305843009213693973:3,Symbolica_default,cached_powers_Q,20,9,0.309,BalancedZippelSeparated
fire7_nb0_rank1973,Automatic,1,ok,544.602,62,2,1,0,0,2305843009213693967:59;2305843009213693973:3,Symbolica_default,cached_powers_Q,20,9,0.325,BalancedZippelSeparated
fire7_nb0_rank1974,Automatic,1,ok,380.501,71,2,1,0,0,2305843009213693967:68;2305843009213693973:3,Symbolica_default,cached_powers_Q,15,10,0.318,BalancedZippelSeparated
fire7_nb0_rank1975,Automatic,1,ok,601.263,72,2,1,0,0,2305843009213693967:69;2305843009213693973:3,Symbolica_default,cached_powers_Q,15,10,0.493,BalancedZippelSeparated
fire7_nb0_rank1976,Automatic,1,ok,377.472,76,2,1,0,0,2305843009213693967:73;2305843009213693973:3,Symbolica_default,cached_powers_Q,24,4,0.483,BalancedZippelSeparated
fire7_nb0_rank1977,Automatic,1,ok,549.312,87,2,1,0,0,2305843009213693967:84;2305843009213693973:3,Symbolica_default,cached_powers_Q,12,18,0.315,BalancedZippelSeparated
fire7_nb0_rank1978,Automatic,1,ok,378.471,58,2,1,0,0,2305843009213693967:55;2305843009213693973:3,Symbolica_default,cached_powers_Q,16,9,0.428,BalancedZippelSeparated
fire7_nb0_rank1979,Automatic,1,ok,417.882,71,2,1,0,0,2305843009213693967:68;2305843009213693973:3,Symbolica_default,cached_powers_Q,15,10,0.473,BalancedZippelSeparated
fire7_nb0_rank1980,Automatic,1,ok,589.643,70,2,1,0,0,2305843009213693967:67;2305843009213693973:3,Symbolica_default,cached_powers_Q,15,15,0.324,BalancedZippelSeparated
fire7_nb0_rank1981,Automatic,1,ok,529.372,87,2,1,0,0,2305843009213693967:84;2305843009213693973:3,Symbolica_default,cached_powers_Q,12,18,0.348,BalancedZippelSeparated
fire7_nb0_rank1982,Automatic,1,ok,368.191,82,2,1,0,0,2305843009213693967:79;2305843009213693973:3,Symbolica_default,cached_powers_Q,12,18,0.347,BalancedZippelSeparated
fire7_nb0_rank1983,Automatic,1,ok,318.772,62,2,1,0,0,2305843009213693967:59;2305843009213693973:3,Symbolica_default,cached_powers_Q,13,10,0.472,BalancedZippelSeparated
fire7_nb0_rank1984,Automatic,1,ok,340.281,60,2,1,0,0,2305843009213693967:57;2305843009213693973:3,Symbolica_default,cached_powers_Q,20,6,0.444,BalancedZippelSeparated
fire7_nb0_rank1985,Automatic,1,ok,543.993,59,2,1,0,0,2305843009213693967:56;2305843009213693973:3,Symbolica_default,cached_powers_Q,20,6,0.321,BalancedZippelSeparated
fire7_nb0_rank1986,Automatic,1,ok,376.491,65,2,1,0,0,2305843009213693967:62;2305843009213693973:3,Symbolica_default,cached_powers_Q,20,9,0.473,BalancedZippelSeparated
fire7_nb0_rank1987,Automatic,1,ok,542.252,63,2,1,0,0,2305843009213693967:60;2305843009213693973:3,Symbolica_default,cached_powers_Q,20,9,0.471,BalancedZippelSeparated
fire7_nb0_rank1988,Automatic,1,ok,499.162,63,2,1,0,0,2305843009213693967:60;2305843009213693973:3,Symbolica_default,cached_powers_Q,20,9,0.457,BalancedZippelSeparated
fire7_nb0_rank1989,Automatic,1,ok,420.192,65,2,1,0,0,2305843009213693967:62;2305843009213693973:3,Symbolica_default,cached_powers_Q,10,15,0.348,BalancedZippelSeparated
fire7_nb0_rank1990,Automatic,1,ok,397.252,79,2,1,0,0,2305843009213693967:76;2305843009213693973:3,Symbolica_default,cached_powers_Q,4,27,0.425,BalancedZippelSeparated
fire7_nb0_rank1991,Automatic,1,ok,633.262,85,2,1,0,0,2305843009213693967:82;2305843009213693973:3,Symbolica_default,cached_powers_Q,18,14,0.352,BalancedZippelSeparated
fire7_nb0_rank1992,Automatic,1,ok,410.552,81,2,1,0,0,2305843009213693967:78;2305843009213693973:3,Symbolica_default,cached_powers_Q,18,12,0.356,BalancedZippelSeparated
fire7_nb0_rank1993,Automatic,1,ok,307.431,60,2,1,0,0,2305843009213693967:57;2305843009213693973:3,Symbolica_default,cached_powers_Q,15,9,0.296,BalancedZippelSeparated
fire7_nb0_rank1994,Automatic,1,ok,351.691,66,2,1,0,0,2305843009213693967:63;2305843009213693973:3,Symbolica_default,cached_powers_Q,12,9,0.341,BalancedZippelSeparated
fire7_nb0_rank1995,Automatic,1,ok,382.952,63,2,1,0,0,2305843009213693967:60;2305843009213693973:3,Symbolica_default,cached_powers_Q,20,6,0.420,BalancedZippelSeparated
fire7_nb0_rank1996,Automatic,1,ok,506.542,56,2,1,0,0,2305843009213693967:53;2305843009213693973:3,Symbolica_default,cached_powers_Q,12,10,0.326,BalancedZippelSeparated
fire7_nb0_rank1997,Automatic,1,ok,387.482,62,2,1,0,0,2305843009213693967:59;2305843009213693973:3,Symbolica_default,cached_powers_Q,19,9,0.348,BalancedZippelSeparated
fire7_nb0_rank1998,Automatic,1,ok,526.212,62,2,1,0,0,2305843009213693967:59;2305843009213693973:3,Symbolica_default,cached_powers_Q,17,5,0.276,BalancedZippelSeparated
fire7_nb0_rank1999,Automatic,1,ok,358.651,79,2,1,0,0,2305843009213693967:76;2305843009213693973:3,Symbolica_default,cached_powers_Q,4,27,0.320,BalancedZippelSeparated
fire7_nb0_rank2000,Automatic,1,ok,377.511,62,2,1,0,0,2305843009213693967:59;2305843009213693973:3,Symbolica_default,cached_powers_Q,19,9,0.471,BalancedZippelSeparated
fire7_nb0_rank2001,Automatic,1,ok,617.343,67,2,1,0,0,2305843009213693967:64;2305843009213693973:3,Symbolica_default,cached_powers_Q,11,21,0.325,BalancedZippelSeparated
fire7_nb0_rank2002,Automatic,1,ok,631.852,76,2,1,0,0,2305843009213693967:73;2305843009213693973:3,Symbolica_default,cached_powers_Q,18,12,0.338,BalancedZippelSeparated
fire7_nb0_rank2003,Automatic,1,ok,529.742,80,2,1,0,0,2305843009213693967:77;2305843009213693973:3,Symbolica_default,cached_powers_Q,12,18,0.328,BalancedZippelSeparated
fire7_nb0_rank2004,Automatic,1,ok,422.581,86,2,1,0,0,2305843009213693967:83;2305843009213693973:3,Symbolica_default,cached_powers_Q,12,18,0.416,BalancedZippelSeparated
fire7_nb0_rank2005,Automatic,1,ok,388.481,71,2,1,0,0,2305843009213693967:68;2305843009213693973:3,Symbolica_default,cached_powers_Q,19,6,0.418,BalancedZippelSeparated
fire7_nb0_rank2006,Automatic,1,ok,334.011,58,2,1,0,0,2305843009213693967:55;2305843009213693973:3,Symbolica_default,cached_powers_Q,19,6,0.308,BalancedZippelSeparated
fire7_nb0_rank2007,Automatic,1,ok,613.972,71,2,1,0,0,2305843009213693967:68;2305843009213693973:3,Symbolica_default,cached_powers_Q,24,6,0.316,BalancedZippelSeparated
fire7_nb0_rank2008,Automatic,1,ok,356.742,63,2,1,0,0,2305843009213693967:60;2305843009213693973:3,Symbolica_default,cached_powers_Q,20,6,0.303,BalancedZippelSeparated
fire7_nb0_rank2009,Automatic,1,ok,355.032,60,2,1,0,0,2305843009213693967:57;2305843009213693973:3,Symbolica_default,cached_powers_Q,19,9,0.314,BalancedZippelSeparated
fire7_nb0_rank2010,Automatic,1,ok,371.601,60,2,1,0,0,2305843009213693967:57;2305843009213693973:3,Symbolica_default,cached_powers_Q,19,9,0.299,BalancedZippelSeparated
fire7_nb0_rank2011,Automatic,1,ok,371.901,86,2,1,0,0,2305843009213693967:83;2305843009213693973:3,Symbolica_default,cached_powers_Q,12,18,0.297,BalancedZippelSeparated
fire7_nb0_rank2012,Automatic,1,ok,498.132,61,2,1,0,0,2305843009213693967:58;2305843009213693973:3,Symbolica_default,cached_powers_Q,15,9,0.467,BalancedZippelSeparated
fire7_nb0_rank2013,Automatic,1,ok,357.621,60,2,1,0,0,2305843009213693967:57;2305843009213693973:3,Symbolica_default,cached_powers_Q,19,9,0.328,BalancedZippelSeparated
fire7_nb0_rank2014,Automatic,1,ok,318.791,61,2,1,0,0,2305843009213693967:58;2305843009213693973:3,Symbolica_default,cached_powers_Q,15,9,0.327,BalancedZippelSeparated
fire7_nb0_rank2015,Automatic,1,ok,357.641,62,2,1,0,0,2305843009213693967:59;2305843009213693973:3,Symbolica_default,cached_powers_Q,19,9,0.339,BalancedZippelSeparated
fire7_nb0_rank2016,Automatic,1,ok,361.211,65,2,1,0,0,2305843009213693967:62;2305843009213693973:3,Symbolica_default,cached_powers_Q,16,10,0.492,BalancedZippelSeparated
fire7_nb0_rank2017,Automatic,1,ok,374.621,86,2,1,0,0,2305843009213693967:83;2305843009213693973:3,Symbolica_default,cached_powers_Q,12,18,0.306,BalancedZippelSeparated
fire7_nb0_rank2018,Automatic,1,ok,530.192,81,2,1,0,0,2305843009213693967:78;2305843009213693973:3,Symbolica_default,cached_powers_Q,12,18,0.460,BalancedZippelSeparated
fire7_nb0_rank2019,Automatic,1,ok,508.382,61,2,1,0,0,2305843009213693967:58;2305843009213693973:3,Symbolica_default,cached_powers_Q,19,6,0.284,BalancedZippelSeparated
fire7_nb0_rank2020,Automatic,1,ok,389.211,69,2,1,0,0,2305843009213693967:66;2305843009213693973:3,Symbolica_default,cached_powers_Q,16,10,0.288,BalancedZippelSeparated
fire7_nb0_rank2021,Automatic,1,ok,535.072,66,2,1,0,0,2305843009213693967:63;2305843009213693973:3,Symbolica_default,cached_powers_Q,12,18,0.303,BalancedZippelSeparated
fire7_nb0_rank2022,Automatic,1,ok,606.653,78,2,1,0,0,2305843009213693967:75;2305843009213693973:3,Symbolica_default,cached_powers_Q,21,6,0.354,BalancedZippelSeparated
fire7_nb0_rank2023,Automatic,1,ok,404.342,85,2,1,0,0,2305843009213693967:82;2305843009213693973:3,Symbolica_default,cached_powers_Q,17,14,0.458,BalancedZippelSeparated
fire7_nb0_rank2024,Automatic,1,ok,337.701,61,2,1,0,0,2305843009213693967:58;2305843009213693973:3,Symbolica_default,cached_powers_Q,10,15,0.301,BalancedZippelSeparated
fire7_nb0_rank2025,Automatic,1,ok,536.312,81,2,1,0,0,2305843009213693967:78;2305843009213693973:3,Symbolica_default,cached_powers_Q,20,6,0.261,BalancedZippelSeparated
fire7_nb0_rank2026,Automatic,1,ok,391.651,78,2,1,0,0,2305843009213693967:75;2305843009213693973:3,Symbolica_default,cached_powers_Q,21,6,0.311,BalancedZippelSeparated
fire7_nb0_rank2027,Automatic,1,ok,291.511,61,2,1,0,0,2305843009213693967:58;2305843009213693973:3,Symbolica_default,cached_powers_Q,24,4,0.431,BalancedZippelSeparated
fire7_nb0_rank2028,Automatic,1,ok,282.591,57,2,1,0,0,2305843009213693967:54;2305843009213693973:3,Symbolica_default,cached_powers_Q,20,4,0.270,BalancedZippelSeparated
fire7_nb0_rank2029,Automatic,1,ok,444.022,59,2,1,0,0,2305843009213693967:56;2305843009213693973:3,Symbolica_default,cached_powers_Q,20,4,0.272,BalancedZippelSeparated
fire7_nb0_rank2030,Automatic,1,ok,485.782,64,2,1,0,0,2305843009213693967:61;2305843009213693973:3,Symbolica_default,cached_powers_Q,20,6,0.276,BalancedZippelSeparated
fire7_nb0_rank2031,Automatic,1,ok,388.151,81,2,1,0,0,2305843009213693967:78;2305843009213693973:3,Symbolica_default,cached_powers_Q,18,12,0.322,BalancedZippelSeparated
fire7_nb0_rank2032,Automatic,1,ok,495.092,57,2,1,0,0,2305843009213693967:54;2305843009213693973:3,Symbolica_default,cached_powers_Q,16,9,0.274,BalancedZippelSeparated
fire7_nb0_rank2033,Automatic,1,ok,317.452,95,2,1,0,0,2305843009213693967:92;2305843009213693973:3,Symbolica_default,cached_powers_Q,5,20,0.425,BalancedZippelSeparated
fire7_nb0_rank2034,Automatic,1,ok,414.621,61,2,1,0,0,2305843009213693967:58;2305843009213693973:3,Symbolica_default,cached_powers_Q,10,15,0.480,BalancedZippelSeparated
fire7_nb0_rank2035,Automatic,1,ok,360.152,63,2,1,0,0,2305843009213693967:60;2305843009213693973:3,Symbolica_default,cached_powers_Q,10,15,0.332,BalancedZippelSeparated
fire7_nb0_rank2036,Automatic,1,ok,348.552,61,2,1,0,0,2305843009213693967:58;2305843009213693973:3,Symbolica_default,cached_powers_Q,10,15,0.315,BalancedZippelSeparated
fire7_nb0_rank2037,Automatic,1,ok,274.312,53,2,1,0,0,2305843009213693967:50;2305843009213693973:3,Symbolica_default,cached_powers_Q,20,6,0.265,BalancedZippelSeparated
fire7_nb0_rank2038,Automatic,1,ok,277.981,55,2,1,0,0,2305843009213693967:52;2305843009213693973:3,Symbolica_default,cached_powers_Q,20,6,0.262,BalancedZippelSeparated
fire7_nb0_rank2039,Automatic,1,ok,513.722,63,2,1,0,0,2305843009213693967:60;2305843009213693973:3,Symbolica_default,cached_powers_Q,10,15,0.280,BalancedZippelSeparated
fire7_nb0_rank2040,Automatic,1,ok,518.152,68,2,1,0,0,2305843009213693967:65;2305843009213693973:3,Symbolica_default,cached_powers_Q,19,8,0.260,BalancedZippelSeparated
fire7_nb0_rank2041,Automatic,1,ok,536.093,84,2,1,0,0,2305843009213693967:81;2305843009213693973:3,Symbolica_default,cached_powers_Q,20,6,0.291,BalancedZippelSeparated
fire7_nb0_rank2042,Automatic,1,ok,354.861,62,2,1,0,0,2305843009213693967:59;2305843009213693973:3,Symbolica_default,cached_powers_Q,20,6,0.288,BalancedZippelSeparated
fire7_nb0_rank2043,Automatic,1,ok,355.401,79,2,1,0,0,2305843009213693967:76;2305843009213693973:3,Symbolica_default,cached_powers_Q,12,18,0.307,BalancedZippelSeparated
fire7_nb0_rank2044,Automatic,1,ok,280.721,65,2,1,0,0,2305843009213693967:62;2305843009213693973:3,Symbolica_default,cached_powers_Q,15,6,0.246,BalancedZippelSeparated
fire7_nb0_rank2045,Automatic,1,ok,336.331,64,2,1,0,0,2305843009213693967:61;2305843009213693973:3,Symbolica_default,cached_powers_Q,16,10,0.303,BalancedZippelSeparated
fire7_nb0_rank2046,Automatic,1,ok,580.362,78,2,1,0,0,2305843009213693967:75;2305843009213693973:3,Symbolica_default,cached_powers_Q,20,6,0.314,BalancedZippelSeparated
fire7_nb0_rank2047,Automatic,1,ok,475.911,113,2,1,0,0,2305843009213693967:110;2305843009213693973:3,Symbolica_default,cached_powers_Q,21,7,0.460,BalancedZippelSeparated
fire7_nb0_rank2048,Automatic,1,ok,492.232,60,2,1,0,0,2305843009213693967:57;2305843009213693973:3,Symbolica_default,cached_powers_Q,12,15,0.489,BalancedZippelSeparated
fire7_nb0_rank2049,Automatic,1,ok,526.472,69,2,1,0,0,2305843009213693967:66;2305843009213693973:3,Symbolica_default,cached_powers_Q,24,4,0.322,BalancedZippelSeparated
fire7_nb0_rank2050,Automatic,1,ok,285.741,65,2,1,0,0,2305843009213693967:62;2305843009213693973:3,Symbolica_default,cached_powers_Q,15,6,0.278,BalancedZippelSeparated
fire7_nb0_rank2051,Automatic,1,ok,491.292,68,2,1,0,0,2305843009213693967:65;2305843009213693973:3,Symbolica_default,cached_powers_Q,19,9,0.289,BalancedZippelSeparated
fire7_nb0_rank2052,Automatic,1,ok,498.112,58,2,1,0,0,2305843009213693967:55;2305843009213693973:3,Symbolica_default,cached_powers_Q,15,12,0.313,BalancedZippelSeparated
fire7_nb0_rank2053,Automatic,1,ok,386.971,78,2,1,0,0,2305843009213693967:75;2305843009213693973:3,Symbolica_default,cached_powers_Q,21,6,0.448,BalancedZippelSeparated
fire7_nb0_rank2054,Automatic,1,ok,358.182,57,2,1,0,0,2305843009213693967:54;2305843009213693973:3,Symbolica_default,cached_powers_Q,20,6,0.295,BalancedZippelSeparated
fire7_nb0_rank2055,Automatic,1,ok,309.872,77,2,1,0,0,2305843009213693967:74;2305843009213693973:3,Symbolica_default,cached_powers_Q,21,4,0.443,BalancedZippelSeparated
fire7_nb0_rank2056,Automatic,1,ok,550.482,72,2,1,0,0,2305843009213693967:69;2305843009213693973:3,Symbolica_default,cached_powers_Q,18,10,0.298,BalancedZippelSeparated
fire7_nb0_rank2057,Automatic,1,ok,325.031,60,2,1,0,0,2305843009213693967:57;2305843009213693973:3,Symbolica_default,cached_powers_Q,16,6,0.453,BalancedZippelSeparated
fire7_nb0_rank2058,Automatic,1,ok,438.872,70,2,1,0,0,2305843009213693967:67;2305843009213693973:3,Symbolica_default,cached_powers_Q,18,10,0.308,BalancedZippelSeparated
fire7_nb0_rank2059,Automatic,1,ok,539.472,72,2,1,0,0,2305843009213693967:69;2305843009213693973:3,Symbolica_default,cached_powers_Q,21,6,0.327,BalancedZippelSeparated
fire7_nb0_rank2060,Automatic,1,ok,483.662,60,2,1,0,0,2305843009213693967:57;2305843009213693973:3,Symbolica_default,cached_powers_Q,19,9,0.297,BalancedZippelSeparated
fire7_nb0_rank2061,Automatic,1,ok,591.382,86,2,1,0,0,2305843009213693967:83;2305843009213693973:3,Symbolica_default,cached_powers_Q,11,18,0.299,BalancedZippelSeparated
fire7_nb0_rank2062,Automatic,1,ok,394.241,107,2,1,0,0,2305843009213693967:104;2305843009213693973:3,Symbolica_default,cached_powers_Q,23,4,0.483,BalancedZippelSeparated
fire7_nb0_rank2063,Automatic,1,ok,540.991,60,2,1,0,0,2305843009213693967:57;2305843009213693973:3,Symbolica_default,cached_powers_Q,20,6,0.450,BalancedZippelSeparated
fire7_nb0_rank2064,Automatic,1,ok,336.411,58,2,1,0,0,2305843009213693967:55;2305843009213693973:3,Symbolica_default,cached_powers_Q,16,9,0.304,BalancedZippelSeparated
fire7_nb0_rank2065,Automatic,1,ok,271.341,56,2,1,0,0,2305843009213693967:53;2305843009213693973:3,Symbolica_default,cached_powers_Q,11,10,0.440,BalancedZippelSeparated
fire7_nb0_rank2066,Automatic,1,ok,529.912,81,2,1,0,0,2305843009213693967:78;2305843009213693973:3,Symbolica_default,cached_powers_Q,12,18,0.440,BalancedZippelSeparated
fire7_nb0_rank2067,Automatic,1,ok,355.121,72,2,1,0,0,2305843009213693967:69;2305843009213693973:3,Symbolica_default,cached_powers_Q,21,6,0.320,BalancedZippelSeparated
fire7_nb0_rank2068,Automatic,1,ok,561.242,78,2,1,0,0,2305843009213693967:75;2305843009213693973:3,Symbolica_default,cached_powers_Q,15,14,0.299,BalancedZippelSeparated
fire7_nb0_rank2069,Automatic,1,ok,373.791,63,2,1,0,0,2305843009213693967:60;2305843009213693973:3,Symbolica_default,cached_powers_Q,10,15,0.381,BalancedZippelSeparated
fire7_nb0_rank2070,Automatic,1,ok,373.191,79,2,1,0,0,2305843009213693967:76;2305843009213693973:3,Symbolica_default,cached_powers_Q,21,6,0.286,BalancedZippelSeparated
fire7_nb0_rank2071,Automatic,1,ok,546.732,56,2,1,0,0,2305843009213693967:53;2305843009213693973:3,Symbolica_default,cached_powers_Q,11,10,0.341,BalancedZippelSeparated
fire7_nb0_rank2072,Automatic,1,ok,443.521,78,2,1,0,0,2305843009213693967:75;2305843009213693973:3,Symbolica_default,cached_powers_Q,20,6,0.309,BalancedZippelSeparated
fire7_nb0_rank2073,Automatic,1,ok,741.893,71,2,1,0,0,2305843009213693967:68;2305843009213693973:3,Symbolica_default,cached_powers_Q,16,12,0.314,BalancedZippelSeparated
fire7_nb0_rank2074,Automatic,1,ok,407.591,60,2,1,0,0,2305843009213693967:57;2305843009213693973:3,Symbolica_default,cached_powers_Q,12,15,0.339,BalancedZippelSeparated
fire7_nb0_rank2075,Automatic,1,ok,319.691,58,2,1,0,0,2305843009213693967:55;2305843009213693973:3,Symbolica_default,cached_powers_Q,15,9,0.301,BalancedZippelSeparated
fire7_nb0_rank2076,Automatic,1,ok,523.292,58,2,1,0,0,2305843009213693967:55;2305843009213693973:3,Symbolica_default,cached_powers_Q,15,9,0.305,BalancedZippelSeparated
fire7_nb0_rank2077,Automatic,1,ok,398.582,70,2,1,0,0,2305843009213693967:67;2305843009213693973:3,Symbolica_default,cached_powers_Q,15,10,0.481,BalancedZippelSeparated
fire7_nb0_rank2078,Automatic,1,ok,338.811,62,2,1,0,0,2305843009213693967:59;2305843009213693973:3,Symbolica_default,cached_powers_Q,12,15,0.294,BalancedZippelSeparated
fire7_nb0_rank2079,Automatic,1,ok,488.492,61,2,1,0,0,2305843009213693967:58;2305843009213693973:3,Symbolica_default,cached_powers_Q,14,9,0.304,BalancedZippelSeparated
fire7_nb0_rank2080,Automatic,1,ok,488.852,61,2,1,0,0,2305843009213693967:58;2305843009213693973:3,Symbolica_default,cached_powers_Q,14,9,0.434,BalancedZippelSeparated
fire7_nb0_rank2081,Automatic,1,ok,293.221,54,2,1,0,0,2305843009213693967:51;2305843009213693973:3,Symbolica_default,cached_powers_Q,20,3,0.295,BalancedZippelSeparated
fire7_nb0_rank2082,Automatic,1,ok,384.662,75,2,1,0,0,2305843009213693967:72;2305843009213693973:3,Symbolica_default,cached_powers_Q,12,14,0.495,BalancedZippelSeparated
fire7_nb0_rank2083,Automatic,1,ok,299.851,56,2,1,0,0,2305843009213693967:53;2305843009213693973:3,Symbolica_default,cached_powers_Q,10,12,0.433,BalancedZippelSeparated
fire7_nb0_rank2084,Automatic,1,ok,356.391,77,2,1,0,0,2305843009213693967:74;2305843009213693973:3,Symbolica_default,cached_powers_Q,21,3,0.400,BalancedZippelSeparated
fire7_nb0_rank2085,Automatic,1,ok,366.001,59,2,1,0,0,2305843009213693967:56;2305843009213693973:3,Symbolica_default,cached_powers_Q,15,9,0.405,BalancedZippelSeparated
fire7_nb0_rank2086,Automatic,1,ok,607.213,65,2,1,0,0,2305843009213693967:62;2305843009213693973:3,Symbolica_default,cached_powers_Q,16,10,0.347,BalancedZippelSeparated
fire7_nb0_rank2087,Automatic,1,ok,511.222,56,2,1,0,0,2305843009213693967:53;2305843009213693973:3,Symbolica_default,cached_powers_Q,20,3,0.293,BalancedZippelSeparated
fire7_nb0_rank2088,Automatic,1,ok,524.682,70,2,1,0,0,2305843009213693967:67;2305843009213693973:3,Symbolica_default,cached_powers_Q,15,10,0.333,BalancedZippelSeparated
fire7_nb0_rank2089,Automatic,1,ok,393.702,71,2,1,0,0,2305843009213693967:68;2305843009213693973:3,Symbolica_default,cached_powers_Q,18,6,0.436,BalancedZippelSeparated
fire7_nb0_rank2090,Automatic,1,ok,320.121,56,2,1,0,0,2305843009213693967:53;2305843009213693973:3,Symbolica_default,cached_powers_Q,10,12,0.319,BalancedZippelSeparated
fire7_nb0_rank2091,Automatic,1,ok,336.341,58,2,1,0,0,2305843009213693967:55;2305843009213693973:3,Symbolica_default,cached_powers_Q,15,9,0.511,BalancedZippelSeparated
fire7_nb0_rank2092,Automatic,1,ok,328.501,58,2,1,0,0,2305843009213693967:55;2305843009213693973:3,Symbolica_default,cached_powers_Q,15,9,0.349,BalancedZippelSeparated
fire7_nb0_rank2093,Automatic,1,ok,506.842,62,2,1,0,0,2305843009213693967:59;2305843009213693973:3,Symbolica_default,cached_powers_Q,12,10,0.450,BalancedZippelSeparated
fire7_nb0_rank2094,Automatic,1,ok,565.543,78,2,1,0,0,2305843009213693967:75;2305843009213693973:3,Symbolica_default,cached_powers_Q,18,10,0.300,BalancedZippelSeparated
fire7_nb0_rank2095,Automatic,1,ok,478.582,56,2,1,0,0,2305843009213693967:53;2305843009213693973:3,Symbolica_default,cached_powers_Q,12,8,0.446,BalancedZippelSeparated
fire7_nb0_rank2096,Automatic,1,ok,576.692,56,2,1,0,0,2305843009213693967:53;2305843009213693973:3,Symbolica_default,cached_powers_Q,12,15,0.315,BalancedZippelSeparated
fire7_nb0_rank2097,Automatic,1,ok,459.101,66,2,1,0,0,2305843009213693967:63;2305843009213693973:3,Symbolica_default,cached_powers_Q,20,5,0.456,BalancedZippelSeparated
fire7_nb0_rank2098,Automatic,1,ok,318.482,54,2,1,0,0,2305843009213693967:51;2305843009213693973:3,Symbolica_default,cached_powers_Q,16,6,0.266,BalancedZippelSeparated
fire7_nb0_rank2099,Automatic,1,ok,351.782,60,2,1,0,0,2305843009213693967:57;2305843009213693973:3,Symbolica_default,cached_powers_Q,12,15,0.435,BalancedZippelSeparated
fire7_nb0_rank2100,Automatic,1,ok,392.852,72,2,1,0,0,2305843009213693967:69;2305843009213693973:3,Symbolica_default,cached_powers_Q,20,6,0.435,BalancedZippelSeparated
fire7_nb0_rank2101,Automatic,1,ok,530.552,66,2,1,0,0,2305843009213693967:63;2305843009213693973:3,Symbolica_default,cached_powers_Q,15,10,0.322,BalancedZippelSeparated
fire7_nb0_rank2102,Automatic,1,ok,287.261,54,2,1,0,0,2305843009213693967:51;2305843009213693973:3,Symbolica_default,cached_powers_Q,20,3,0.278,BalancedZippelSeparated
fire7_nb0_rank2103,Automatic,1,ok,532.411,57,2,1,0,0,2305843009213693967:54;2305843009213693973:3,Symbolica_default,cached_powers_Q,15,9,0.320,BalancedZippelSeparated
fire7_nb0_rank2104,Automatic,1,ok,455.471,84,2,1,0,0,2305843009213693967:81;2305843009213693973:3,Symbolica_default,cached_powers_Q,18,6,0.297,BalancedZippelSeparated
fire7_nb0_rank2105,Automatic,1,ok,387.172,72,2,1,0,0,2305843009213693967:69;2305843009213693973:3,Symbolica_default,cached_powers_Q,20,6,0.458,BalancedZippelSeparated
fire7_nb0_rank2106,Automatic,1,ok,374.961,70,2,1,0,0,2305843009213693967:67;2305843009213693973:3,Symbolica_default,cached_powers_Q,15,10,0.548,BalancedZippelSeparated
fire7_nb0_rank2107,Automatic,1,ok,333.462,56,2,1,0,0,2305843009213693967:53;2305843009213693973:3,Symbolica_default,cached_powers_Q,15,9,0.314,BalancedZippelSeparated
fire7_nb0_rank2108,Automatic,1,ok,394.841,76,2,1,0,0,2305843009213693967:73;2305843009213693973:3,Symbolica_default,cached_powers_Q,18,10,0.309,BalancedZippelSeparated
fire7_nb0_rank2109,Automatic,1,ok,374.721,76,2,1,0,0,2305843009213693967:73;2305843009213693973:3,Symbolica_default,cached_powers_Q,17,10,0.324,BalancedZippelSeparated
fire7_nb0_rank2110,Automatic,1,ok,569.162,70,2,1,0,0,2305843009213693967:67;2305843009213693973:3,Symbolica_default,cached_powers_Q,12,12,0.289,BalancedZippelSeparated
fire7_nb0_rank2111,Automatic,1,ok,349.381,68,2,1,0,0,2305843009213693967:65;2305843009213693973:3,Symbolica_default,cached_powers_Q,18,9,0.265,BalancedZippelSeparated
fire7_nb0_rank2112,Automatic,1,ok,469.782,55,2,1,0,0,2305843009213693967:52;2305843009213693973:3,Symbolica_default,cached_powers_Q,10,12,0.444,BalancedZippelSeparated
fire7_nb0_rank2113,Automatic,1,ok,502.292,60,2,1,0,0,2305843009213693967:57;2305843009213693973:3,Symbolica_default,cached_powers_Q,12,15,0.270,BalancedZippelSeparated
fire7_nb0_rank2114,Automatic,1,ok,378.301,65,2,1,0,0,2305843009213693967:62;2305843009213693973:3,Symbolica_default,cached_powers_Q,16,10,0.290,BalancedZippelSeparated
fire7_nb0_rank2115,Automatic,1,ok,521.132,66,2,1,0,0,2305843009213693967:63;2305843009213693973:3,Symbolica_default,cached_powers_Q,15,10,0.481,BalancedZippelSeparated
fire7_nb0_rank2116,Automatic,1,ok,497.172,55,2,1,0,0,2305843009213693967:52;2305843009213693973:3,Symbolica_default,cached_powers_Q,10,12,0.503,BalancedZippelSeparated
fire7_nb0_rank2117,Automatic,1,ok,422.512,66,2,1,0,0,2305843009213693967:63;2305843009213693973:3,Symbolica_default,cached_powers_Q,15,10,0.321,BalancedZippelSeparated
fire7_nb0_rank2118,Automatic,1,ok,568.562,66,2,1,0,0,2305843009213693967:63;2305843009213693973:3,Symbolica_default,cached_powers_Q,15,10,0.310,BalancedZippelSeparated
fire7_nb0_rank2119,Automatic,1,ok,489.312,55,2,1,0,0,2305843009213693967:52;2305843009213693973:3,Symbolica_default,cached_powers_Q,10,12,0.476,BalancedZippelSeparated
fire7_nb0_rank2120,Automatic,1,ok,422.652,71,2,1,0,0,2305843009213693967:68;2305843009213693973:3,Symbolica_default,cached_powers_Q,15,12,0.322,BalancedZippelSeparated
fire7_nb0_rank2121,Automatic,1,ok,501.352,69,2,1,0,0,2305843009213693967:66;2305843009213693973:3,Symbolica_default,cached_powers_Q,10,10,0.306,BalancedZippelSeparated
fire7_nb0_rank2122,Automatic,1,ok,363.311,60,2,1,0,0,2305843009213693967:57;2305843009213693973:3,Symbolica_default,cached_powers_Q,12,15,0.311,BalancedZippelSeparated
fire7_nb0_rank2123,Automatic,1,ok,370.071,73,2,1,0,0,2305843009213693967:70;2305843009213693973:3,Symbolica_default,cached_powers_Q,12,14,0.337,BalancedZippelSeparated
fire7_nb0_rank2124,Automatic,1,ok,391.421,62,2,1,0,0,2305843009213693967:59;2305843009213693973:3,Symbolica_default,cached_powers_Q,15,10,0.327,BalancedZippelSeparated
fire7_nb0_rank2125,Automatic,1,ok,400.962,75,2,1,0,0,2305843009213693967:72;2305843009213693973:3,Symbolica_default,cached_powers_Q,12,14,0.267,BalancedZippelSeparated
fire7_nb0_rank2126,Automatic,1,ok,371.521,73,2,1,0,0,2305843009213693967:70;2305843009213693973:3,Symbolica_default,cached_powers_Q,12,14,0.507,BalancedZippelSeparated
fire7_nb0_rank2127,Automatic,1,ok,542.142,66,2,1,0,0,2305843009213693967:63;2305843009213693973:3,Symbolica_default,cached_powers_Q,15,10,0.454,BalancedZippelSeparated
fire7_nb0_rank2128,Automatic,1,ok,363.622,70,2,1,0,0,2305843009213693967:67;2305843009213693973:3,Symbolica_default,cached_powers_Q,15,10,0.306,BalancedZippelSeparated
fire7_nb0_rank2129,Automatic,1,ok,274.951,68,2,1,0,0,2305843009213693967:65;2305843009213693973:3,Symbolica_default,cached_powers_Q,4,21,0.304,BalancedZippelSeparated
fire7_nb0_rank2130,Automatic,1,ok,483.582,67,2,1,0,0,2305843009213693967:64;2305843009213693973:3,Symbolica_default,cached_powers_Q,5,18,0.263,BalancedZippelSeparated
fire7_nb0_rank2131,Automatic,1,ok,499.482,67,2,1,0,0,2305843009213693967:64;2305843009213693973:3,Symbolica_default,cached_powers_Q,5,18,0.277,BalancedZippelSeparated
fire7_nb0_rank2132,Automatic,1,ok,416.892,68,2,1,0,0,2305843009213693967:65;2305843009213693973:3,Symbolica_default,cached_powers_Q,18,6,0.364,BalancedZippelSeparated
fire7_nb0_rank2133,Automatic,1,ok,357.421,66,2,1,0,0,2305843009213693967:63;2305843009213693973:3,Symbolica_default,cached_powers_Q,15,10,0.303,BalancedZippelSeparated
fire7_nb0_rank2134,Automatic,1,ok,459.081,62,2,1,0,0,2305843009213693967:59;2305843009213693973:3,Symbolica_default,cached_powers_Q,4,21,0.265,BalancedZippelSeparated
fire7_nb0_rank2135,Automatic,1,ok,274.001,68,2,1,0,0,2305843009213693967:65;2305843009213693973:3,Symbolica_default,cached_powers_Q,4,21,0.281,BalancedZippelSeparated
fire7_nb0_rank2136,Automatic,1,ok,353.541,70,2,1,0,0,2305843009213693967:67;2305843009213693973:3,Symbolica_default,cached_powers_Q,15,10,0.423,BalancedZippelSeparated
fire7_nb0_rank2137,Automatic,1,ok,411.812,71,2,1,0,0,2305843009213693967:68;2305843009213693973:3,Symbolica_default,cached_powers_Q,18,10,0.312,BalancedZippelSeparated
fire7_nb0_rank2138,Automatic,1,ok,424.831,72,2,1,0,0,2305843009213693967:69;2305843009213693973:3,Symbolica_default,cached_powers_Q,11,14,0.323,BalancedZippelSeparated
fire7_nb0_rank2139,Automatic,1,ok,493.492,56,2,1,0,0,2305843009213693967:53;2305843009213693973:3,Symbolica_default,cached_powers_Q,15,9,0.503,BalancedZippelSeparated
fire7_nb0_rank2140,Automatic,1,ok,489.312,57,2,1,0,0,2305843009213693967:54;2305843009213693973:3,Symbolica_default,cached_powers_Q,15,9,0.272,BalancedZippelSeparated
fire7_nb0_rank2141,Automatic,1,ok,342.001,58,2,1,0,0,2305843009213693967:55;2305843009213693973:3,Symbolica_default,cached_powers_Q,16,5,0.253,BalancedZippelSeparated
fire7_nb0_rank2142,Automatic,1,ok,361.481,68,2,1,0,0,2305843009213693967:65;2305843009213693973:3,Symbolica_default,cached_powers_Q,4,21,0.488,BalancedZippelSeparated
fire7_nb0_rank2143,Automatic,1,ok,363.331,66,2,1,0,0,2305843009213693967:63;2305843009213693973:3,Symbolica_default,cached_powers_Q,18,6,0.316,BalancedZippelSeparated
fire7_nb0_rank2144,Automatic,1,ok,526.882,57,2,1,0,0,2305843009213693967:54;2305843009213693973:3,Symbolica_default,cached_powers_Q,15,9,0.306,BalancedZippelSeparated
fire7_nb0_rank2145,Automatic,1,ok,462.481,78,2,1,0,0,2305843009213693967:75;2305843009213693973:3,Symbolica_default,cached_powers_Q,15,14,0.532,BalancedZippelSeparated
fire7_nb0_rank2146,Automatic,1,ok,473.122,68,2,1,0,0,2305843009213693967:65;2305843009213693973:3,Symbolica_default,cached_powers_Q,4,21,0.301,BalancedZippelSeparated
fire7_nb0_rank2147,Automatic,1,ok,525.622,56,2,1,0,0,2305843009213693967:53;2305843009213693973:3,Symbolica_default,cached_powers_Q,15,9,0.292,BalancedZippelSeparated
fire7_nb0_rank2148,Automatic,1,ok,342.951,65,2,1,0,0,2305843009213693967:62;2305843009213693973:3,Symbolica_default,cached_powers_Q,18,6,0.465,BalancedZippelSeparated
fire7_nb0_rank2149,Automatic,1,ok,359.291,71,2,1,0,0,2305843009213693967:68;2305843009213693973:3,Symbolica_default,cached_powers_Q,18,6,0.277,BalancedZippelSeparated
fire7_nb0_rank2150,Automatic,1,ok,360.441,58,2,1,0,0,2305843009213693967:55;2305843009213693973:3,Symbolica_default,cached_powers_Q,15,9,0.384,BalancedZippelSeparated
fire7_nb0_rank2151,Automatic,1,ok,671.282,114,2,1,0,0,2305843009213693967:111;2305843009213693973:3,Symbolica_default,cached_powers_Q,19,7,0.254,BalancedZippelSeparated
fire7_nb0_rank2152,Automatic,1,ok,339.611,70,2,1,0,0,2305843009213693967:67;2305843009213693973:3,Symbolica_default,cached_powers_Q,18,8,0.267,BalancedZippelSeparated
fire7_nb0_rank2153,Automatic,1,ok,556.462,96,2,1,0,0,2305843009213693967:93;2305843009213693973:3,Symbolica_default,cached_powers_Q,20,4,0.282,BalancedZippelSeparated
fire7_nb0_rank2154,Automatic,1,ok,532.372,61,2,1,0,0,2305843009213693967:58;2305843009213693973:3,Symbolica_default,cached_powers_Q,15,10,0.304,BalancedZippelSeparated
fire7_nb0_rank2155,Automatic,1,ok,358.562,66,2,1,0,0,2305843009213693967:63;2305843009213693973:3,Symbolica_default,cached_powers_Q,18,6,0.340,BalancedZippelSeparated
fire7_nb0_rank2156,Automatic,1,ok,336.721,61,2,1,0,0,2305843009213693967:58;2305843009213693973:3,Symbolica_default,cached_powers_Q,16,6,0.459,BalancedZippelSeparated
fire7_nb0_rank2157,Automatic,1,ok,517.511,59,2,1,0,0,2305843009213693967:56;2305843009213693973:3,Symbolica_default,cached_powers_Q,16,6,0.311,BalancedZippelSeparated
fire7_nb0_rank2158,Automatic,1,ok,410.501,66,2,1,0,0,2305843009213693967:63;2305843009213693973:3,Symbolica_default,cached_powers_Q,18,6,0.439,BalancedZippelSeparated
fire7_nb0_rank2159,Automatic,1,ok,372.681,83,2,1,0,0,2305843009213693967:80;2305843009213693973:3,Symbolica_default,cached_powers_Q,18,6,0.284,BalancedZippelSeparated
fire7_nb0_rank2160,Automatic,1,ok,563.913,65,2,1,0,0,2305843009213693967:62;2305843009213693973:3,Symbolica_default,cached_powers_Q,15,10,0.315,BalancedZippelSeparated
fire7_nb0_rank2161,Automatic,1,ok,391.582,60,2,1,0,0,2305843009213693967:57;2305843009213693973:3,Symbolica_default,cached_powers_Q,11,15,0.290,BalancedZippelSeparated
fire7_nb0_rank2162,Automatic,1,ok,652.282,74,2,1,0,0,2305843009213693967:71;2305843009213693973:3,Symbolica_default,cached_powers_Q,12,14,0.323,BalancedZippelSeparated
fire7_nb0_rank2163,Automatic,1,ok,542.291,59,2,1,0,0,2305843009213693967:56;2305843009213693973:3,Symbolica_default,cached_powers_Q,20,3,0.289,BalancedZippelSeparated
fire7_nb0_rank2164,Automatic,1,ok,401.562,68,2,1,0,0,2305843009213693967:65;2305843009213693973:3,Symbolica_default,cached_powers_Q,12,12,0.318,BalancedZippelSeparated
fire7_nb0_rank2165,Automatic,1,ok,570.562,57,2,1,0,0,2305843009213693967:54;2305843009213693973:3,Symbolica_default,cached_powers_Q,15,9,0.328,BalancedZippelSeparated
fire7_nb0_rank2166,Automatic,1,ok,403.882,65,2,1,0,0,2305843009213693967:62;2305843009213693973:3,Symbolica_default,cached_powers_Q,15,10,0.478,BalancedZippelSeparated
fire7_nb0_rank2167,Automatic,1,ok,407.421,72,2,1,0,0,2305843009213693967:69;2305843009213693973:3,Symbolica_default,cached_powers_Q,12,14,0.320,BalancedZippelSeparated
fire7_nb0_rank2168,Automatic,1,ok,366.382,61,2,1,0,0,2305843009213693967:58;2305843009213693973:3,Symbolica_default,cached_powers_Q,15,10,0.301,BalancedZippelSeparated
fire7_nb0_rank2169,Automatic,1,ok,277.911,59,2,1,0,0,2305843009213693967:56;2305843009213693973:3,Symbolica_default,cached_powers_Q,13,6,0.296,BalancedZippelSeparated
fire7_nb0_rank2170,Automatic,1,ok,328.542,59,2,1,0,0,2305843009213693967:56;2305843009213693973:3,Symbolica_default,cached_powers_Q,13,6,0.437,BalancedZippelSeparated
fire7_nb0_rank2171,Automatic,1,ok,624.762,78,2,1,0,0,2305843009213693967:75;2305843009213693973:3,Symbolica_default,cached_powers_Q,14,14,0.437,BalancedZippelSeparated
fire7_nb0_rank2172,Automatic,1,ok,551.142,68,2,1,0,0,2305843009213693967:65;2305843009213693973:3,Symbolica_default,cached_powers_Q,12,12,0.325,BalancedZippelSeparated
fire7_nb0_rank2173,Automatic,1,ok,565.492,65,2,1,0,0,2305843009213693967:62;2305843009213693973:3,Symbolica_default,cached_powers_Q,15,10,0.338,BalancedZippelSeparated
fire7_nb0_rank2174,Automatic,1,ok,482.152,60,2,1,0,0,2305843009213693967:57;2305843009213693973:3,Symbolica_default,cached_powers_Q,14,5,0.260,BalancedZippelSeparated
fire7_nb0_rank2175,Automatic,1,ok,328.952,66,2,1,0,0,2305843009213693967:63;2305843009213693973:3,Symbolica_default,cached_powers_Q,18,6,0.501,BalancedZippelSeparated
fire7_nb0_rank2176,Automatic,1,ok,540.882,69,2,1,0,0,2305843009213693967:66;2305843009213693973:3,Symbolica_default,cached_powers_Q,18,10,0.335,BalancedZippelSeparated
fire7_nb0_rank2177,Automatic,1,ok,304.731,60,2,1,0,0,2305843009213693967:57;2305843009213693973:3,Symbolica_default,cached_powers_Q,14,5,0.246,BalancedZippelSeparated
fire7_nb0_rank2178,Automatic,1,ok,275.481,56,2,1,0,0,2305843009213693967:53;2305843009213693973:3,Symbolica_default,cached_powers_Q,12,6,0.272,BalancedZippelSeparated
fire7_nb0_rank2179,Automatic,1,ok,459.001,79,2,1,0,0,2305843009213693967:76;2305843009213693973:3,Symbolica_default,cached_powers_Q,5,18,0.275,BalancedZippelSeparated
fire7_nb0_rank2180,Automatic,1,ok,559.162,68,2,1,0,0,2305843009213693967:65;2305843009213693973:3,Symbolica_default,cached_powers_Q,12,12,0.271,BalancedZippelSeparated
fire7_nb0_rank2181,Automatic,1,ok,325.611,57,2,1,0,0,2305843009213693967:54;2305843009213693973:3,Symbolica_default,cached_powers_Q,15,9,0.268,BalancedZippelSeparated
fire7_nb0_rank2182,Automatic,1,ok,388.622,65,2,1,0,0,2305843009213693967:62;2305843009213693973:3,Symbolica_default,cached_powers_Q,15,10,0.430,BalancedZippelSeparated
fire7_nb0_rank2183,Automatic,1,ok,393.282,73,2,1,0,0,2305843009213693967:70;2305843009213693973:3,Symbolica_default,cached_powers_Q,12,14,0.304,BalancedZippelSeparated
fire7_nb0_rank2184,Automatic,1,ok,373.941,66,2,1,0,0,2305843009213693967:63;2305843009213693973:3,Symbolica_default,cached_powers_Q,11,10,0.353,BalancedZippelSeparated
fire7_nb0_rank2185,Automatic,1,ok,527.532,58,2,1,0,0,2305843009213693967:55;2305843009213693973:3,Symbolica_default,cached_powers_Q,12,10,0.326,BalancedZippelSeparated
fire7_nb0_rank2186,Automatic,1,ok,537.932,61,2,1,0,0,2305843009213693967:58;2305843009213693973:3,Symbolica_default,cached_powers_Q,15,10,0.333,BalancedZippelSeparated
fire7_nb0_rank2187,Automatic,1,ok,386.841,65,2,1,0,0,2305843009213693967:62;2305843009213693973:3,Symbolica_default,cached_powers_Q,15,10,0.448,BalancedZippelSeparated
fire7_nb0_rank2188,Automatic,1,ok,517.332,62,2,1,0,0,2305843009213693967:59;2305843009213693973:3,Symbolica_default,cached_powers_Q,18,4,0.287,BalancedZippelSeparated
fire7_nb0_rank2189,Automatic,1,ok,399.461,55,2,1,0,0,2305843009213693967:52;2305843009213693973:3,Symbolica_default,cached_powers_Q,15,6,0.367,BalancedZippelSeparated
fire7_nb0_rank2190,Automatic,1,ok,335.371,55,2,1,0,0,2305843009213693967:52;2305843009213693973:3,Symbolica_default,cached_powers_Q,15,6,0.495,BalancedZippelSeparated
fire7_nb0_rank2191,Automatic,1,ok,560.832,61,2,1,0,0,2305843009213693967:58;2305843009213693973:3,Symbolica_default,cached_powers_Q,15,10,0.483,BalancedZippelSeparated
fire7_nb0_rank2192,Automatic,1,ok,540.742,70,2,1,0,0,2305843009213693967:67;2305843009213693973:3,Symbolica_default,cached_powers_Q,17,9,0.307,BalancedZippelSeparated
fire7_nb0_rank2193,Automatic,1,ok,315.071,63,2,1,0,0,2305843009213693967:60;2305843009213693973:3,Symbolica_default,cached_powers_Q,19,6,0.267,BalancedZippelSeparated
fire7_nb0_rank2194,Automatic,1,ok,712.153,60,2,1,0,0,2305843009213693967:57;2305843009213693973:3,Symbolica_default,cached_powers_Q,12,10,0.614,BalancedZippelSeparated
fire7_nb0_rank2195,Automatic,1,ok,488.372,55,2,1,0,0,2305843009213693967:52;2305843009213693973:3,Symbolica_default,cached_powers_Q,15,6,0.609,BalancedZippelSeparated
fire7_nb0_rank2196,Automatic,1,ok,441.682,55,2,1,0,0,2305843009213693967:52;2305843009213693973:3,Symbolica_default,cached_powers_Q,15,6,0.596,BalancedZippelSeparated
fire7_nb0_rank2197,Automatic,1,ok,676.132,54,2,1,0,0,2305843009213693967:51;2305843009213693973:3,Symbolica_default,cached_powers_Q,10,12,0.416,BalancedZippelSeparated
fire7_nb0_rank2198,Automatic,1,ok,478.302,55,2,1,0,0,2305843009213693967:52;2305843009213693973:3,Symbolica_default,cached_powers_Q,15,6,0.258,BalancedZippelSeparated
fire7_nb0_rank2199,Automatic,1,ok,305.721,55,2,1,0,0,2305843009213693967:52;2305843009213693973:3,Symbolica_default,cached_powers_Q,15,6,0.462,BalancedZippelSeparated
fire7_nb0_rank2200,Automatic,1,ok,279.231,52,2,1,0,0,2305843009213693967:49;2305843009213693973:3,Symbolica_default,cached_powers_Q,10,10,0.291,BalancedZippelSeparated
fire7_nb0_rank2201,Automatic,1,ok,278.471,52,2,1,0,0,2305843009213693967:49;2305843009213693973:3,Symbolica_default,cached_powers_Q,10,10,0.312,BalancedZippelSeparated
fire7_nb0_rank2202,Automatic,1,ok,320.951,55,2,1,0,0,2305843009213693967:52;2305843009213693973:3,Symbolica_default,cached_powers_Q,19,6,0.418,BalancedZippelSeparated
fire7_nb0_rank2203,Automatic,1,ok,293.931,51,2,1,0,0,2305843009213693967:48;2305843009213693973:3,Symbolica_default,cached_powers_Q,15,8,0.279,BalancedZippelSeparated
fire7_nb0_rank2204,Automatic,1,ok,371.342,61,2,1,0,0,2305843009213693967:58;2305843009213693973:3,Symbolica_default,cached_powers_Q,15,10,0.405,BalancedZippelSeparated
fire7_nb0_rank2205,Automatic,1,ok,320.052,56,2,1,0,0,2305843009213693967:53;2305843009213693973:3,Symbolica_default,cached_powers_Q,14,9,0.245,BalancedZippelSeparated
fire7_nb0_rank2206,Automatic,1,ok,615.212,58,2,1,0,0,2305843009213693967:55;2305843009213693973:3,Symbolica_default,cached_powers_Q,14,9,0.407,BalancedZippelSeparated
fire7_nb0_rank2207,Automatic,1,ok,412.271,54,2,1,0,0,2305843009213693967:51;2305843009213693973:3,Symbolica_default,cached_powers_Q,10,12,0.605,BalancedZippelSeparated
fire7_nb0_rank2208,Automatic,1,ok,434.812,54,2,1,0,0,2305843009213693967:51;2305843009213693973:3,Symbolica_default,cached_powers_Q,10,12,0.626,BalancedZippelSeparated
fire7_nb0_rank2209,Automatic,1,ok,266.081,61,2,1,0,0,2305843009213693967:58;2305843009213693973:3,Symbolica_default,cached_powers_Q,5,15,0.297,BalancedZippelSeparated
fire7_nb0_rank2210,Automatic,1,ok,652.712,56,2,1,0,0,2305843009213693967:53;2305843009213693973:3,Symbolica_default,cached_powers_Q,14,9,0.412,BalancedZippelSeparated
fire7_nb0_rank2211,Automatic,1,ok,444.882,56,2,1,0,0,2305843009213693967:53;2305843009213693973:3,Symbolica_default,cached_powers_Q,14,9,0.621,BalancedZippelSeparated
fire7_nb0_rank2212,Automatic,1,ok,346.811,57,2,1,0,0,2305843009213693967:54;2305843009213693973:3,Symbolica_default,cached_powers_Q,8,15,0.352,BalancedZippelSeparated
fire7_nb0_rank2213,Automatic,1,ok,280.991,61,2,1,0,0,2305843009213693967:58;2305843009213693973:3,Symbolica_default,cached_powers_Q,5,15,0.265,BalancedZippelSeparated
fire7_nb0_rank2214,Automatic,1,ok,517.612,58,2,1,0,0,2305843009213693967:55;2305843009213693973:3,Symbolica_default,cached_powers_Q,16,6,0.277,BalancedZippelSeparated
fire7_nb0_rank2215,Automatic,1,ok,283.911,60,2,1,0,0,2305843009213693967:57;2305843009213693973:3,Symbolica_default,cached_powers_Q,8,15,0.256,BalancedZippelSeparated
fire7_nb0_rank2216,Automatic,1,ok,667.103,58,2,1,0,0,2305843009213693967:55;2305843009213693973:3,Symbolica_default,cached_powers_Q,8,15,0.376,BalancedZippelSeparated
fire7_nb0_rank2217,Automatic,1,ok,423.352,53,2,1,0,0,2305843009213693967:50;2305843009213693973:3,Symbolica_default,cached_powers_Q,10,12,0.411,BalancedZippelSeparated
fire7_nb0_rank2218,Automatic,1,ok,333.551,53,2,1,0,0,2305843009213693967:50;2305843009213693973:3,Symbolica_default,cached_powers_Q,10,12,0.326,BalancedZippelSeparated
fire7_nb0_rank2219,Automatic,1,ok,379.971,56,2,1,0,0,2305843009213693967:53;2305843009213693973:3,Symbolica_default,cached_powers_Q,16,6,0.475,BalancedZippelSeparated
fire7_nb0_rank2220,Automatic,1,ok,367.881,56,2,1,0,0,2305843009213693967:53;2305843009213693973:3,Symbolica_default,cached_powers_Q,16,6,0.277,BalancedZippelSeparated
fire7_nb0_rank2221,Automatic,1,ok,311.971,56,2,1,0,0,2305843009213693967:53;2305843009213693973:3,Symbolica_default,cached_powers_Q,11,8,0.293,BalancedZippelSeparated
fire7_nb0_rank2222,Automatic,1,ok,301.681,53,2,1,0,0,2305843009213693967:50;2305843009213693973:3,Symbolica_default,cached_powers_Q,10,12,0.473,BalancedZippelSeparated
fire7_nb0_rank2223,Automatic,1,ok,314.542,78,2,1,0,0,2305843009213693967:75;2305843009213693973:3,Symbolica_default,cached_powers_Q,18,6,0.430,BalancedZippelSeparated
fire7_nb0_rank2224,Automatic,1,ok,484.411,53,2,1,0,0,2305843009213693967:50;2305843009213693973:3,Symbolica_default,cached_powers_Q,15,6,0.254,BalancedZippelSeparated
fire7_nb0_rank2225,Automatic,1,ok,290.731,53,2,1,0,0,2305843009213693967:50;2305843009213693973:3,Symbolica_default,cached_powers_Q,10,12,0.281,BalancedZippelSeparated
fire7_nb0_rank2226,Automatic,1,ok,456.872,53,2,1,0,0,2305843009213693967:50;2305843009213693973:3,Symbolica_default,cached_powers_Q,10,12,0.274,BalancedZippelSeparated
fire7_nb0_rank2227,Automatic,1,ok,443.431,55,2,1,0,0,2305843009213693967:52;2305843009213693973:3,Symbolica_default,cached_powers_Q,15,6,0.444,BalancedZippelSeparated
fire7_nb0_rank2228,Automatic,1,ok,318.772,57,2,1,0,0,2305843009213693967:54;2305843009213693973:3,Symbolica_default,cached_powers_Q,8,15,0.268,BalancedZippelSeparated
fire7_nb0_rank2229,Automatic,1,ok,398.771,53,2,1,0,0,2305843009213693967:50;2305843009213693973:3,Symbolica_default,cached_powers_Q,10,12,0.577,BalancedZippelSeparated
fire7_nb0_rank2230,Automatic,1,ok,407.601,55,2,1,0,0,2305843009213693967:52;2305843009213693973:3,Symbolica_default,cached_powers_Q,15,6,0.354,BalancedZippelSeparated
fire7_nb0_rank2231,Automatic,1,ok,648.612,53,2,1,0,0,2305843009213693967:50;2305843009213693973:3,Symbolica_default,cached_powers_Q,15,6,0.343,BalancedZippelSeparated
fire7_nb0_rank2232,Automatic,1,ok,437.182,53,2,1,0,0,2305843009213693967:50;2305843009213693973:3,Symbolica_default,cached_powers_Q,10,12,0.411,BalancedZippelSeparated
fire7_nb0_rank2233,Automatic,1,ok,775.613,77,2,1,0,0,2305843009213693967:74;2305843009213693973:3,Symbolica_default,cached_powers_Q,11,14,0.419,BalancedZippelSeparated
fire7_nb0_rank2234,Automatic,1,ok,611.693,71,2,1,0,0,2305843009213693967:68;2305843009213693973:3,Symbolica_default,cached_powers_Q,11,14,0.378,BalancedZippelSeparated
fire7_nb0_rank2235,Automatic,1,ok,393.291,68,2,1,0,0,2305843009213693967:65;2305843009213693973:3,Symbolica_default,cached_powers_Q,16,6,0.283,BalancedZippelSeparated
fire7_nb0_rank2236,Automatic,1,ok,368.802,74,2,1,0,0,2305843009213693967:71;2305843009213693973:3,Symbolica_default,cached_powers_Q,17,10,0.469,BalancedZippelSeparated
fire7_nb0_rank2237,Automatic,1,ok,247.620,58,2,1,0,0,2305843009213693967:55;2305843009213693973:3,Symbolica_default,cached_powers_Q,15,2,0.276,BalancedZippelSeparated
fire7_nb0_rank2238,Automatic,1,ok,845.913,74,2,1,0,0,2305843009213693967:71;2305843009213693973:3,Symbolica_default,cached_powers_Q,12,14,0.420,BalancedZippelSeparated
fire7_nb0_rank2239,Automatic,1,ok,706.933,71,2,1,0,0,2305843009213693967:68;2305843009213693973:3,Symbolica_default,cached_powers_Q,12,14,0.448,BalancedZippelSeparated
fire7_nb0_rank2240,Automatic,1,ok,375.352,67,2,1,0,0,2305843009213693967:64;2305843009213693973:3,Symbolica_default,cached_powers_Q,17,6,0.435,BalancedZippelSeparated
fire7_nb0_rank2241,Automatic,1,ok,322.621,85,2,1,0,0,2305843009213693967:82;2305843009213693973:3,Symbolica_default,cached_powers_Q,18,3,0.421,BalancedZippelSeparated
fire7_nb0_rank2242,Automatic,1,ok,437.361,60,2,1,0,0,2305843009213693967:57;2305843009213693973:3,Symbolica_default,cached_powers_Q,14,4,0.253,BalancedZippelSeparated
fire7_nb0_rank2243,Automatic,1,ok,332.641,54,2,1,0,0,2305843009213693967:51;2305843009213693973:3,Symbolica_default,cached_powers_Q,16,6,0.279,BalancedZippelSeparated
fire7_nb0_rank2244,Automatic,1,ok,305.081,56,2,1,0,0,2305843009213693967:53;2305843009213693973:3,Symbolica_default,cached_powers_Q,16,4,0.235,BalancedZippelSeparated
fire7_nb0_rank2245,Automatic,1,ok,515.942,68,2,1,0,0,2305843009213693967:65;2305843009213693973:3,Symbolica_default,cached_powers_Q,15,10,0.683,BalancedZippelSeparated
fire7_nb0_rank2246,Automatic,1,ok,380.651,64,2,1,0,0,2305843009213693967:61;2305843009213693973:3,Symbolica_default,cached_powers_Q,15,10,0.240,BalancedZippelSeparated
fire7_nb0_rank2247,Automatic,1,ok,523.542,57,2,1,0,0,2305843009213693967:54;2305843009213693973:3,Symbolica_default,cached_powers_Q,10,9,0.334,BalancedZippelSeparated
fire7_nb0_rank2248,Automatic,1,ok,470.542,54,2,1,0,0,2305843009213693967:51;2305843009213693973:3,Symbolica_default,cached_powers_Q,16,4,0.555,BalancedZippelSeparated
fire7_nb0_rank2249,Automatic,1,ok,646.802,56,2,1,0,0,2305843009213693967:53;2305843009213693973:3,Symbolica_default,cached_powers_Q,16,4,0.384,BalancedZippelSeparated
fire7_nb0_rank2250,Automatic,1,ok,759.142,66,2,1,0,0,2305843009213693967:63;2305843009213693973:3,Symbolica_default,cached_powers_Q,15,10,0.614,BalancedZippelSeparated
fire7_nb0_rank2251,Automatic,1,ok,436.432,54,2,1,0,0,2305843009213693967:51;2305843009213693973:3,Symbolica_default,cached_powers_Q,16,4,0.400,BalancedZippelSeparated
fire7_nb0_rank2252,Automatic,1,ok,466.092,75,2,1,0,0,2305843009213693967:72;2305843009213693973:3,Symbolica_default,cached_powers_Q,16,6,0.563,BalancedZippelSeparated
fire7_nb0_rank2253,Automatic,1,ok,555.883,57,2,1,0,0,2305843009213693967:54;2305843009213693973:3,Symbolica_default,cached_powers_Q,4,15,0.359,BalancedZippelSeparated
fire7_nb0_rank2254,Automatic,1,ok,600.362,70,2,1,0,0,2305843009213693967:67;2305843009213693973:3,Symbolica_default,cached_powers_Q,12,12,0.321,BalancedZippelSeparated
fire7_nb0_rank2255,Automatic,1,ok,492.912,60,2,1,0,0,2305843009213693967:57;2305843009213693973:3,Symbolica_default,cached_powers_Q,12,10,0.316,BalancedZippelSeparated
fire7_nb0_rank2256,Automatic,1,ok,534.702,58,2,1,0,0,2305843009213693967:55;2305843009213693973:3,Symbolica_default,cached_powers_Q,12,10,0.304,BalancedZippelSeparated
fire7_nb0_rank2257,Automatic,1,ok,367.121,58,2,1,0,0,2305843009213693967:55;2305843009213693973:3,Symbolica_default,cached_powers_Q,10,6,0.579,BalancedZippelSeparated
fire7_nb0_rank2258,Automatic,1,ok,686.092,88,2,1,0,0,2305843009213693967:85;2305843009213693973:3,Symbolica_default,cached_powers_Q,20,4,0.361,BalancedZippelSeparated
fire7_nb0_rank2259,Automatic,1,ok,531.362,66,2,1,0,0,2305843009213693967:63;2305843009213693973:3,Symbolica_default,cached_powers_Q,15,10,0.324,BalancedZippelSeparated
fire7_nb0_rank2260,Automatic,1,ok,348.201,59,2,1,0,0,2305843009213693967:56;2305843009213693973:3,Symbolica_default,cached_powers_Q,12,10,0.470,BalancedZippelSeparated
fire7_nb0_rank2261,Automatic,1,ok,546.242,59,2,1,0,0,2305843009213693967:56;2305843009213693973:3,Symbolica_default,cached_powers_Q,15,10,0.563,BalancedZippelSeparated
fire7_nb0_rank2262,Automatic,1,ok,285.181,52,2,1,0,0,2305843009213693967:49;2305843009213693973:3,Symbolica_default,cached_powers_Q,15,4,0.278,BalancedZippelSeparated
fire7_nb0_rank2263,Automatic,1,ok,463.431,58,2,1,0,0,2305843009213693967:55;2305843009213693973:3,Symbolica_default,cached_powers_Q,15,6,0.414,BalancedZippelSeparated
fire7_nb0_rank2264,Automatic,1,ok,651.732,59,2,1,0,0,2305843009213693967:56;2305843009213693973:3,Symbolica_default,cached_powers_Q,12,10,0.398,BalancedZippelSeparated
fire7_nb0_rank2265,Automatic,1,ok,361.681,70,2,1,0,0,2305843009213693967:67;2305843009213693973:3,Symbolica_default,cached_powers_Q,18,6,0.306,BalancedZippelSeparated
fire7_nb0_rank2266,Automatic,1,ok,475.022,54,2,1,0,0,2305843009213693967:51;2305843009213693973:3,Symbolica_default,cached_powers_Q,10,9,0.260,BalancedZippelSeparated
fire7_nb0_rank2267,Automatic,1,ok,400.341,67,2,1,0,0,2305843009213693967:64;2305843009213693973:3,Symbolica_default,cached_powers_Q,12,12,0.308,BalancedZippelSeparated
fire7_nb0_rank2268,Automatic,1,ok,269.411,49,2,1,0,0,2305843009213693967:46;2305843009213693973:3,Symbolica_default,cached_powers_Q,12,6,0.306,BalancedZippelSeparated
fire7_nb0_rank2269,Automatic,1,ok,544.912,66,2,1,0,0,2305843009213693967:63;2305843009213693973:3,Symbolica_default,cached_powers_Q,18,6,0.285,BalancedZippelSeparated
fire7_nb0_rank2270,Automatic,1,ok,341.131,67,2,1,0,0,2305843009213693967:64;2305843009213693973:3,Symbolica_default,cached_powers_Q,15,10,0.481,BalancedZippelSeparated
fire7_nb0_rank2271,Automatic,1,ok,331.701,66,2,1,0,0,2305843009213693967:63;2305843009213693973:3,Symbolica_default,cached_powers_Q,18,4,0.253,BalancedZippelSeparated
fire7_nb0_rank2272,Automatic,1,ok,341.041,75,2,1,0,0,2305843009213693967:72;2305843009213693973:3,Symbolica_default,cached_powers_Q,16,6,0.288,BalancedZippelSeparated
fire7_nb0_rank2273,Automatic,1,ok,642.012,65,2,1,0,0,2305843009213693967:62;2305843009213693973:3,Symbolica_default,cached_powers_Q,18,6,0.373,BalancedZippelSeparated
fire7_nb0_rank2274,Automatic,1,ok,617.902,54,2,1,0,0,2305843009213693967:51;2305843009213693973:3,Symbolica_default,cached_powers_Q,15,6,0.370,BalancedZippelSeparated
fire7_nb0_rank2275,Automatic,1,ok,287.731,61,2,1,0,0,2305843009213693967:58;2305843009213693973:3,Symbolica_default,cached_powers_Q,4,18,0.342,BalancedZippelSeparated
fire7_nb0_rank2276,Automatic,1,ok,288.791,59,2,1,0,0,2305843009213693967:56;2305843009213693973:3,Symbolica_default,cached_powers_Q,19,2,0.260,BalancedZippelSeparated
fire7_nb0_rank2277,Automatic,1,ok,552.852,75,2,1,0,0,2305843009213693967:72;2305843009213693973:3,Symbolica_default,cached_powers_Q,15,6,0.257,BalancedZippelSeparated
fire7_nb0_rank2278,Automatic,1,ok,483.332,69,2,1,0,0,2305843009213693967:66;2305843009213693973:3,Symbolica_default,cached_powers_Q,9,14,0.414,BalancedZippelSeparated
fire7_nb0_rank2279,Automatic,1,ok,551.872,57,2,1,0,0,2305843009213693967:54;2305843009213693973:3,Symbolica_default,cached_powers_Q,12,10,0.253,BalancedZippelSeparated
fire7_nb0_rank2280,Automatic,1,ok,268.151,60,2,1,0,0,2305843009213693967:57;2305843009213693973:3,Symbolica_default,cached_powers_Q,18,2,0.406,BalancedZippelSeparated
fire7_nb0_rank2281,Automatic,1,ok,313.142,66,2,1,0,0,2305843009213693967:63;2305843009213693973:3,Symbolica_default,cached_powers_Q,18,2,0.415,BalancedZippelSeparated
fire7_nb0_rank2282,Automatic,1,ok,596.822,59,2,1,0,0,2305843009213693967:56;2305843009213693973:3,Symbolica_default,cached_powers_Q,12,10,0.454,BalancedZippelSeparated
fire7_nb0_rank2283,Automatic,1,ok,352.961,55,2,1,0,0,2305843009213693967:52;2305843009213693973:3,Symbolica_default,cached_powers_Q,15,6,0.278,BalancedZippelSeparated
fire7_nb0_rank2284,Automatic,1,ok,630.622,54,2,1,0,0,2305843009213693967:51;2305843009213693973:3,Symbolica_default,cached_powers_Q,15,9,0.323,BalancedZippelSeparated
fire7_nb0_rank2285,Automatic,1,ok,680.882,66,2,1,0,0,2305843009213693967:63;2305843009213693973:3,Symbolica_default,cached_powers_Q,18,6,0.372,BalancedZippelSeparated
fire7_nb0_rank2286,Automatic,1,ok,712.303,53,2,1,0,0,2305843009213693967:50;2305843009213693973:3,Symbolica_default,cached_powers_Q,9,12,0.642,BalancedZippelSeparated
fire7_nb0_rank2287,Automatic,1,ok,636.882,53,2,1,0,0,2305843009213693967:50;2305843009213693973:3,Symbolica_default,cached_powers_Q,9,12,0.699,BalancedZippelSeparated
fire7_nb0_rank2288,Automatic,1,ok,402.562,53,2,1,0,0,2305843009213693967:50;2305843009213693973:3,Symbolica_default,cached_powers_Q,9,12,0.388,BalancedZippelSeparated
fire7_nb0_rank2289,Automatic,1,ok,369.601,52,2,1,0,0,2305843009213693967:49;2305843009213693973:3,Symbolica_default,cached_powers_Q,10,6,0.387,BalancedZippelSeparated
fire7_nb0_rank2290,Automatic,1,ok,389.792,61,2,1,0,0,2305843009213693967:58;2305843009213693973:3,Symbolica_default,cached_powers_Q,12,10,0.529,BalancedZippelSeparated
fire7_nb0_rank2291,Automatic,1,ok,352.911,57,2,1,0,0,2305843009213693967:54;2305843009213693973:3,Symbolica_default,cached_powers_Q,12,10,0.476,BalancedZippelSeparated
fire7_nb0_rank2292,Automatic,1,ok,472.852,59,2,1,0,0,2305843009213693967:56;2305843009213693973:3,Symbolica_default,cached_powers_Q,12,10,0.271,BalancedZippelSeparated
fire7_nb0_rank2293,Automatic,1,ok,456.902,59,2,1,0,0,2305843009213693967:56;2305843009213693973:3,Symbolica_default,cached_powers_Q,19,2,0.271,BalancedZippelSeparated
fire7_nb0_rank2294,Automatic,1,ok,330.051,91,2,1,0,0,2305843009213693967:88;2305843009213693973:3,Symbolica_default,cached_powers_Q,20,3,0.431,BalancedZippelSeparated
fire7_nb0_rank2295,Automatic,1,ok,298.701,57,2,1,0,0,2305843009213693967:54;2305843009213693973:3,Symbolica_default,cached_powers_Q,9,10,0.271,BalancedZippelSeparated
fire7_nb0_rank2296,Automatic,1,ok,423.452,50,2,1,0,0,2305843009213693967:47;2305843009213693973:3,Symbolica_default,cached_powers_Q,10,8,0.314,BalancedZippelSeparated
fire7_nb0_rank2297,Automatic,1,ok,305.321,50,2,1,0,0,2305843009213693967:47;2305843009213693973:3,Symbolica_default,cached_powers_Q,10,8,0.328,BalancedZippelSeparated
fire7_nb0_rank2298,Automatic,1,ok,405.151,62,2,1,0,0,2305843009213693967:59;2305843009213693973:3,Symbolica_default,cached_powers_Q,10,6,0.343,BalancedZippelSeparated
fire7_nb0_rank2299,Automatic,1,ok,384.482,52,2,1,0,0,2305843009213693967:49;2305843009213693973:3,Symbolica_default,cached_powers_Q,10,6,0.572,BalancedZippelSeparated
fire7_nb0_rank2300,Automatic,1,ok,546.542,52,2,1,0,0,2305843009213693967:49;2305843009213693973:3,Symbolica_default,cached_powers_Q,10,6,0.564,BalancedZippelSeparated
fire7_nb0_rank2301,Automatic,1,ok,758.163,74,2,1,0,0,2305843009213693967:71;2305843009213693973:3,Symbolica_default,cached_powers_Q,11,14,0.383,BalancedZippelSeparated
fire7_nb0_rank2302,Automatic,1,ok,714.653,72,2,1,0,0,2305843009213693967:69;2305843009213693973:3,Symbolica_default,cached_powers_Q,18,5,0.597,BalancedZippelSeparated
fire7_nb0_rank2303,Automatic,1,ok,552.502,59,2,1,0,0,2305843009213693967:56;2305843009213693973:3,Symbolica_default,cached_powers_Q,14,6,0.314,BalancedZippelSeparated
fire7_nb0_rank2304,Automatic,1,ok,422.552,60,2,1,0,0,2305843009213693967:57;2305843009213693973:3,Symbolica_default,cached_powers_Q,13,4,0.234,BalancedZippelSeparated
fire7_nb0_rank2305,Automatic,1,ok,287.201,56,2,1,0,0,2305843009213693967:53;2305843009213693973:3,Symbolica_default,cached_powers_Q,16,4,0.395,BalancedZippelSeparated
fire7_nb0_rank2306,Automatic,1,ok,291.951,62,2,1,0,0,2305843009213693967:59;2305843009213693973:3,Symbolica_default,cached_powers_Q,12,10,0.247,BalancedZippelSeparated
fire7_nb0_rank2307,Automatic,1,ok,450.752,55,2,1,0,0,2305843009213693967:52;2305843009213693973:3,Symbolica_default,cached_powers_Q,10,9,0.304,BalancedZippelSeparated
fire7_nb0_rank2308,Automatic,1,ok,335.011,55,2,1,0,0,2305843009213693967:52;2305843009213693973:3,Symbolica_default,cached_powers_Q,10,9,0.328,BalancedZippelSeparated
fire7_nb0_rank2309,Automatic,1,ok,452.641,62,2,1,0,0,2305843009213693967:59;2305843009213693973:3,Symbolica_default,cached_powers_Q,12,10,0.371,BalancedZippelSeparated
fire7_nb0_rank2310,Automatic,1,ok,484.682,55,2,1,0,0,2305843009213693967:52;2305843009213693973:3,Symbolica_default,cached_powers_Q,10,9,0.314,BalancedZippelSeparated
fire7_nb0_rank2311,Automatic,1,ok,494.112,64,2,1,0,0,2305843009213693967:61;2305843009213693973:3,Symbolica_default,cached_powers_Q,12,12,0.470,BalancedZippelSeparated
fire7_nb0_rank2312,Automatic,1,ok,526.432,63,2,1,0,0,2305843009213693967:60;2305843009213693973:3,Symbolica_default,cached_powers_Q,14,10,0.294,BalancedZippelSeparated
fire7_nb0_rank2313,Automatic,1,ok,551.122,63,2,1,0,0,2305843009213693967:60;2305843009213693973:3,Symbolica_default,cached_powers_Q,14,10,0.450,BalancedZippelSeparated
fire7_nb0_rank2314,Automatic,1,ok,311.941,55,2,1,0,0,2305843009213693967:52;2305843009213693973:3,Symbolica_default,cached_powers_Q,10,9,0.291,BalancedZippelSeparated
fire7_nb0_rank2315,Automatic,1,ok,268.901,54,2,1,0,0,2305843009213693967:51;2305843009213693973:3,Symbolica_default,cached_powers_Q,12,5,0.249,BalancedZippelSeparated
fire7_nb0_rank2316,Automatic,1,ok,569.193,66,2,1,0,0,2305843009213693967:63;2305843009213693973:3,Symbolica_default,cached_powers_Q,12,12,0.441,BalancedZippelSeparated
fire7_nb0_rank2317,Automatic,1,ok,315.301,67,2,1,0,0,2305843009213693967:64;2305843009213693973:3,Symbolica_default,cached_powers_Q,9,14,0.272,BalancedZippelSeparated
fire7_nb0_rank2318,Automatic,1,ok,382.211,51,2,1,0,0,2305843009213693967:48;2305843009213693973:3,Symbolica_default,cached_powers_Q,12,6,0.557,BalancedZippelSeparated
fire7_nb0_rank2319,Automatic,1,ok,396.122,54,2,1,0,0,2305843009213693967:51;2305843009213693973:3,Symbolica_default,cached_powers_Q,12,5,0.345,BalancedZippelSeparated
fire7_nb0_rank2320,Automatic,1,ok,755.443,62,2,1,0,0,2305843009213693967:59;2305843009213693973:3,Symbolica_default,cached_powers_Q,9,12,0.515,BalancedZippelSeparated
fire7_nb0_rank2321,Automatic,1,ok,581.262,56,2,1,0,0,2305843009213693967:53;2305843009213693973:3,Symbolica_default,cached_powers_Q,9,10,0.462,BalancedZippelSeparated
fire7_nb0_rank2322,Automatic,1,ok,696.113,53,2,1,0,0,2305843009213693967:50;2305843009213693973:3,Symbolica_default,cached_powers_Q,6,15,0.536,BalancedZippelSeparated
fire7_nb0_rank2323,Automatic,1,ok,638.593,75,2,1,0,0,2305843009213693967:72;2305843009213693973:3,Symbolica_default,cached_powers_Q,18,4,0.365,BalancedZippelSeparated
fire7_nb0_rank2324,Automatic,1,ok,635.672,51,2,1,0,0,2305843009213693967:48;2305843009213693973:3,Symbolica_default,cached_powers_Q,12,9,0.583,BalancedZippelSeparated
fire7_nb0_rank2325,Automatic,1,ok,283.111,48,2,1,0,0,2305843009213693967:45;2305843009213693973:3,Symbolica_default,cached_powers_Q,16,2,0.313,BalancedZippelSeparated
fire7_nb0_rank2326,Automatic,1,ok,272.251,68,2,1,0,0,2305843009213693967:65;2305843009213693973:3,Symbolica_default,cached_powers_Q,18,4,0.418,BalancedZippelSeparated
fire7_nb0_rank2327,Automatic,1,ok,311.161,52,2,1,0,0,2305843009213693967:49;2305843009213693973:3,Symbolica_default,cached_powers_Q,12,9,0.401,BalancedZippelSeparated
fire7_nb0_rank2328,Automatic,1,ok,544.182,66,2,1,0,0,2305843009213693967:63;2305843009213693973:3,Symbolica_default,cached_powers_Q,18,6,0.286,BalancedZippelSeparated
fire7_nb0_rank2329,Automatic,1,ok,440.522,54,2,1,0,0,2305843009213693967:51;2305843009213693973:3,Symbolica_default,cached_powers_Q,6,15,0.620,BalancedZippelSeparated
fire7_nb0_rank2330,Automatic,1,ok,627.862,73,2,1,0,0,2305843009213693967:70;2305843009213693973:3,Symbolica_default,cached_powers_Q,15,6,0.273,BalancedZippelSeparated
fire7_nb0_rank2331,Automatic,1,ok,299.371,52,2,1,0,0,2305843009213693967:49;2305843009213693973:3,Symbolica_default,cached_powers_Q,6,15,0.271,BalancedZippelSeparated
fire7_nb0_rank2332,Automatic,1,ok,278.721,50,2,1,0,0,2305843009213693967:47;2305843009213693973:3,Symbolica_default,cached_powers_Q,16,2,0.228,BalancedZippelSeparated
fire7_nb0_rank2333,Automatic,1,ok,340.522,66,2,1,0,0,2305843009213693967:63;2305843009213693973:3,Symbolica_default,cached_powers_Q,18,6,0.399,BalancedZippelSeparated
fire7_nb0_rank2334,Automatic,1,ok,522.772,66,2,1,0,0,2305843009213693967:63;2305843009213693973:3,Symbolica_default,cached_powers_Q,12,12,0.254,BalancedZippelSeparated
fire7_nb0_rank2335,Automatic,1,ok,375.812,73,2,1,0,0,2305843009213693967:70;2305843009213693973:3,Symbolica_default,cached_powers_Q,15,6,0.263,BalancedZippelSeparated
fire7_nb0_rank2336,Automatic,1,ok,297.072,55,2,1,0,0,2305843009213693967:52;2305843009213693973:3,Symbolica_default,cached_powers_Q,15,6,0.258,BalancedZippelSeparated
fire7_nb0_rank2337,Automatic,1,ok,580.992,52,2,1,0,0,2305843009213693967:49;2305843009213693973:3,Symbolica_default,cached_powers_Q,6,15,0.326,BalancedZippelSeparated
fire7_nb0_rank2338,Automatic,1,ok,621.602,52,2,1,0,0,2305843009213693967:49;2305843009213693973:3,Symbolica_default,cached_powers_Q,16,2,0.335,BalancedZippelSeparated
fire7_nb0_rank2339,Automatic,1,ok,629.402,53,2,1,0,0,2305843009213693967:50;2305843009213693973:3,Symbolica_default,cached_powers_Q,15,6,0.582,BalancedZippelSeparated
fire7_nb0_rank2340,Automatic,1,ok,402.582,52,2,1,0,0,2305843009213693967:49;2305843009213693973:3,Symbolica_default,cached_powers_Q,6,15,0.362,BalancedZippelSeparated
fire7_nb0_rank2341,Automatic,1,ok,546.922,55,2,1,0,0,2305843009213693967:52;2305843009213693973:3,Symbolica_default,cached_powers_Q,4,15,0.553,BalancedZippelSeparated
fire7_nb0_rank2342,Automatic,1,ok,511.582,54,2,1,0,0,2305843009213693967:51;2305843009213693973:3,Symbolica_default,cached_powers_Q,15,4,0.531,BalancedZippelSeparated
fire7_nb0_rank2343,Automatic,1,ok,533.342,55,2,1,0,0,2305843009213693967:52;2305843009213693973:3,Symbolica_default,cached_powers_Q,5,9,0.358,BalancedZippelSeparated
fire7_nb0_rank2344,Automatic,1,ok,427.861,55,2,1,0,0,2305843009213693967:52;2305843009213693973:3,Symbolica_default,cached_powers_Q,4,15,0.256,BalancedZippelSeparated
fire7_nb0_rank2345,Automatic,1,ok,310.391,54,2,1,0,0,2305843009213693967:51;2305843009213693973:3,Symbolica_default,cached_powers_Q,6,15,0.250,BalancedZippelSeparated
fire7_nb0_rank2346,Automatic,1,ok,443.952,54,2,1,0,0,2305843009213693967:51;2305843009213693973:3,Symbolica_default,cached_powers_Q,12,6,0.247,BalancedZippelSeparated
fire7_nb0_rank2347,Automatic,1,ok,461.442,57,2,1,0,0,2305843009213693967:54;2305843009213693973:3,Symbolica_default,cached_powers_Q,15,6,0.396,BalancedZippelSeparated
fire7_nb0_rank2348,Automatic,1,ok,473.142,54,2,1,0,0,2305843009213693967:51;2305843009213693973:3,Symbolica_default,cached_powers_Q,15,4,0.260,BalancedZippelSeparated
fire7_nb0_rank2349,Automatic,1,ok,288.871,49,2,1,0,0,2305843009213693967:46;2305843009213693973:3,Symbolica_default,cached_powers_Q,12,6,0.267,BalancedZippelSeparated
fire7_nb0_rank2350,Automatic,1,ok,306.741,49,2,1,0,0,2305843009213693967:46;2305843009213693973:3,Symbolica_default,cached_powers_Q,12,6,0.289,BalancedZippelSeparated
fire7_nb0_rank2351,Automatic,1,ok,425.141,85,2,1,0,0,2305843009213693967:82;2305843009213693973:3,Symbolica_default,cached_powers_Q,14,7,0.379,BalancedZippelSeparated
fire7_nb0_rank2352,Automatic,1,ok,291.721,60,2,1,0,0,2305843009213693967:57;2305843009213693973:3,Symbolica_default,cached_powers_Q,12,10,0.272,BalancedZippelSeparated
fire7_nb0_rank2353,Automatic,1,ok,319.791,52,2,1,0,0,2305843009213693967:49;2305843009213693973:3,Symbolica_default,cached_powers_Q,10,6,0.268,BalancedZippelSeparated
fire7_nb0_rank2354,Automatic,1,ok,319.432,55,2,1,0,0,2305843009213693967:52;2305843009213693973:3,Symbolica_default,cached_powers_Q,12,6,0.281,BalancedZippelSeparated
fire7_nb0_rank2355,Automatic,1,ok,559.472,52,2,1,0,0,2305843009213693967:49;2305843009213693973:3,Symbolica_default,cached_powers_Q,15,3,0.519,BalancedZippelSeparated
fire7_nb0_rank2356,Automatic,1,ok,729.643,87,2,1,0,0,2305843009213693967:84;2305843009213693973:3,Symbolica_default,cached_powers_Q,12,9,0.356,BalancedZippelSeparated
fire7_nb0_rank2357,Automatic,1,ok,748.673,87,2,1,0,0,2305843009213693967:84;2305843009213693973:3,Symbolica_default,cached_powers_Q,12,9,0.372,BalancedZippelSeparated
fire7_nb0_rank2358,Automatic,1,ok,421.831,51,2,1,0,0,2305843009213693967:48;2305843009213693973:3,Symbolica_default,cached_powers_Q,12,9,0.297,BalancedZippelSeparated
fire7_nb0_rank2359,Automatic,1,ok,404.792,54,2,1,0,0,2305843009213693967:51;2305843009213693973:3,Symbolica_default,cached_powers_Q,12,6,0.568,BalancedZippelSeparated
fire7_nb0_rank2360,Automatic,1,ok,411.592,89,2,1,0,0,2305843009213693967:86;2305843009213693973:3,Symbolica_default,cached_powers_Q,14,7,0.461,BalancedZippelSeparated
fire7_nb0_rank2361,Automatic,1,ok,396.102,62,2,1,0,0,2305843009213693967:59;2305843009213693973:3,Symbolica_default,cached_powers_Q,18,2,0.381,BalancedZippelSeparated
fire7_nb0_rank2362,Automatic,1,ok,512.581,55,2,1,0,0,2305843009213693967:52;2305843009213693973:3,Symbolica_default,cached_powers_Q,15,6,0.267,BalancedZippelSeparated
fire7_nb0_rank2363,Automatic,1,ok,442.742,56,2,1,0,0,2305843009213693967:53;2305843009213693973:3,Symbolica_default,cached_powers_Q,12,6,0.266,BalancedZippelSeparated
fire7_nb0_rank2364,Automatic,1,ok,285.781,65,2,1,0,0,2305843009213693967:62;2305843009213693973:3,Symbolica_default,cached_powers_Q,16,4,0.295,BalancedZippelSeparated
fire7_nb0_rank2365,Automatic,1,ok,422.712,56,2,1,0,0,2305843009213693967:53;2305843009213693973:3,Symbolica_default,cached_powers_Q,10,4,0.232,BalancedZippelSeparated
fire7_nb0_rank2366,Automatic,1,ok,252.861,51,2,1,0,0,2305843009213693967:48;2305843009213693973:3,Symbolica_default,cached_powers_Q,15,3,0.400,BalancedZippelSeparated
fire7_nb0_rank2367,Automatic,1,ok,440.611,47,2,1,0,0,2305843009213693967:44;2305843009213693973:3,Symbolica_default,cached_powers_Q,15,4,0.273,BalancedZippelSeparated
fire7_nb0_rank2368,Automatic,1,ok,295.341,48,2,1,0,0,2305843009213693967:45;2305843009213693973:3,Symbolica_default,cached_powers_Q,10,8,0.260,BalancedZippelSeparated
fire7_nb0_rank2369,Automatic,1,ok,290.771,69,2,1,0,0,2305843009213693967:66;2305843009213693973:3,Symbolica_default,cached_powers_Q,16,3,0.446,BalancedZippelSeparated
fire7_nb0_rank2370,Automatic,1,ok,383.691,57,2,1,0,0,2305843009213693967:54;2305843009213693973:3,Symbolica_default,cached_powers_Q,15,6,0.548,BalancedZippelSeparated
fire7_nb0_rank2371,Automatic,1,ok,622.352,49,2,1,0,0,2305843009213693967:46;2305843009213693973:3,Symbolica_default,cached_powers_Q,15,6,0.365,BalancedZippelSeparated
fire7_nb0_rank2372,Automatic,1,ok,372.022,49,2,1,0,0,2305843009213693967:46;2305843009213693973:3,Symbolica_default,cached_powers_Q,10,8,0.302,BalancedZippelSeparated
fire7_nb0_rank2373,Automatic,1,ok,584.032,49,2,1,0,0,2305843009213693967:46;2305843009213693973:3,Symbolica_default,cached_powers_Q,10,8,0.323,BalancedZippelSeparated
fire7_nb0_rank2374,Automatic,1,ok,395.022,57,2,1,0,0,2305843009213693967:54;2305843009213693973:3,Symbolica_default,cached_powers_Q,13,4,0.328,BalancedZippelSeparated
fire7_nb0_rank2375,Automatic,1,ok,553.242,69,2,1,0,0,2305843009213693967:66;2305843009213693973:3,Symbolica_default,cached_powers_Q,18,3,0.344,BalancedZippelSeparated
fire7_nb0_rank2376,Automatic,1,ok,542.072,58,2,1,0,0,2305843009213693967:55;2305843009213693973:3,Symbolica_default,cached_powers_Q,10,4,0.322,BalancedZippelSeparated
fire7_nb0_rank2377,Automatic,1,ok,524.652,48,2,1,0,0,2305843009213693967:45;2305843009213693973:3,Symbolica_default,cached_powers_Q,16,2,0.277,BalancedZippelSeparated
fire7_nb0_rank2378,Automatic,1,ok,417.961,49,2,1,0,0,2305843009213693967:46;2305843009213693973:3,Symbolica_default,cached_powers_Q,16,2,0.368,BalancedZippelSeparated
fire7_nb0_rank2379,Automatic,1,ok,301.251,51,2,1,0,0,2305843009213693967:48;2305843009213693973:3,Symbolica_default,cached_powers_Q,16,2,0.270,BalancedZippelSeparated
fire7_nb0_rank2380,Automatic,1,ok,315.941,52,2,1,0,0,2305843009213693967:49;2305843009213693973:3,Symbolica_default,cached_powers_Q,11,9,0.280,BalancedZippelSeparated
fire7_nb0_rank2381,Automatic,1,ok,313.961,52,2,1,0,0,2305843009213693967:49;2305843009213693973:3,Symbolica_default,cached_powers_Q,11,9,0.488,BalancedZippelSeparated
fire7_nb0_rank2382,Automatic,1,ok,380.081,50,2,1,0,0,2305843009213693967:47;2305843009213693973:3,Symbolica_default,cached_powers_Q,16,2,0.366,BalancedZippelSeparated
fire7_nb0_rank2383,Automatic,1,ok,715.032,62,2,1,0,0,2305843009213693967:59;2305843009213693973:3,Symbolica_default,cached_powers_Q,9,12,0.339,BalancedZippelSeparated
fire7_nb0_rank2384,Automatic,1,ok,434.192,48,2,1,0,0,2305843009213693967:45;2305843009213693973:3,Symbolica_default,cached_powers_Q,16,2,0.278,BalancedZippelSeparated
fire7_nb0_rank2385,Automatic,1,ok,795.823,78,2,1,0,0,2305843009213693967:75;2305843009213693973:3,Symbolica_default,cached_powers_Q,16,6,0.642,BalancedZippelSeparated
fire7_nb0_rank2386,Automatic,1,ok,417.891,90,2,1,0,0,2305843009213693967:87;2305843009213693973:3,Symbolica_default,cached_powers_Q,12,7,0.274,BalancedZippelSeparated
fire7_nb0_rank2387,Automatic,1,ok,241.671,56,2,1,0,0,2305843009213693967:53;2305843009213693973:3,Symbolica_default,cached_powers_Q,10,4,0.422,BalancedZippelSeparated
fire7_nb0_rank2388,Automatic,1,ok,467.272,78,2,1,0,0,2305843009213693967:75;2305843009213693973:3,Symbolica_default,cached_powers_Q,16,6,0.422,BalancedZippelSeparated
fire7_nb0_rank2389,Automatic,1,ok,238.711,55,2,1,0,0,2305843009213693967:52;2305843009213693973:3,Symbolica_default,cached_powers_Q,4,15,0.374,BalancedZippelSeparated
fire7_nb0_rank2390,Automatic,1,ok,254.961,47,2,1,0,0,2305843009213693967:44;2305843009213693973:3,Symbolica_default,cached_powers_Q,12,6,0.242,BalancedZippelSeparated
fire7_nb0_rank2391,Automatic,1,ok,243.261,47,2,1,0,0,2305843009213693967:44;2305843009213693973:3,Symbolica_default,cached_powers_Q,12,6,0.241,BalancedZippelSeparated
fire7_nb0_rank2392,Automatic,1,ok,223.331,53,2,1,0,0,2305843009213693967:50;2305843009213693973:3,Symbolica_default,cached_powers_Q,4,15,0.237,BalancedZippelSeparated
fire7_nb0_rank2393,Automatic,1,ok,254.732,47,2,1,0,0,2305843009213693967:44;2305843009213693973:3,Symbolica_default,cached_powers_Q,12,6,0.248,BalancedZippelSeparated
fire7_nb0_rank2394,Automatic,1,ok,505.332,55,2,1,0,0,2305843009213693967:52;2305843009213693973:3,Symbolica_default,cached_powers_Q,4,15,0.257,BalancedZippelSeparated
fire7_nb0_rank2395,Automatic,1,ok,423.412,47,2,1,0,0,2305843009213693967:44;2305843009213693973:3,Symbolica_default,cached_powers_Q,12,6,0.546,BalancedZippelSeparated
fire7_nb0_rank2396,Automatic,1,ok,625.852,60,2,1,0,0,2305843009213693967:57;2305843009213693973:3,Symbolica_default,cached_powers_Q,15,6,0.337,BalancedZippelSeparated
fire7_nb0_rank2397,Automatic,1,ok,405.781,58,2,1,0,0,2305843009213693967:55;2305843009213693973:3,Symbolica_default,cached_powers_Q,15,6,0.349,BalancedZippelSeparated
fire7_nb0_rank2398,Automatic,1,ok,600.132,58,2,1,0,0,2305843009213693967:55;2305843009213693973:3,Symbolica_default,cached_powers_Q,15,6,0.338,BalancedZippelSeparated
fire7_nb0_rank2399,Automatic,1,ok,448.722,63,2,1,0,0,2305843009213693967:60;2305843009213693973:3,Symbolica_default,cached_powers_Q,18,3,0.399,BalancedZippelSeparated
fire7_nb0_rank2400,Automatic,1,ok,678.122,55,2,1,0,0,2305843009213693967:52;2305843009213693973:3,Symbolica_default,cached_powers_Q,15,6,0.364,BalancedZippelSeparated
fire7_nb0_rank2401,Automatic,1,ok,624.152,50,2,1,0,0,2305843009213693967:47;2305843009213693973:3,Symbolica_default,cached_powers_Q,10,6,0.618,BalancedZippelSeparated
fire7_nb0_rank2402,Automatic,1,ok,326.371,58,2,1,0,0,2305843009213693967:55;2305843009213693973:3,Symbolica_default,cached_powers_Q,15,3,0.489,BalancedZippelSeparated
fire7_nb0_rank2403,Automatic,1,ok,288.481,59,2,1,0,0,2305843009213693967:56;2305843009213693973:3,Symbolica_default,cached_powers_Q,15,4,0.286,BalancedZippelSeparated
fire7_nb0_rank2404,Automatic,1,ok,335.411,60,2,1,0,0,2305843009213693967:57;2305843009213693973:3,Symbolica_default,cached_powers_Q,11,10,0.418,BalancedZippelSeparated
fire7_nb0_rank2405,Automatic,1,ok,294.151,53,2,1,0,0,2305843009213693967:50;2305843009213693973:3,Symbolica_default,cached_powers_Q,12,6,0.224,BalancedZippelSeparated
fire7_nb0_rank2406,Automatic,1,ok,394.331,58,2,1,0,0,2305843009213693967:55;2305843009213693973:3,Symbolica_default,cached_powers_Q,15,3,0.220,BalancedZippelSeparated
fire7_nb0_rank2407,Automatic,1,ok,440.672,53,2,1,0,0,2305843009213693967:50;2305843009213693973:3,Symbolica_default,cached_powers_Q,12,6,0.242,BalancedZippelSeparated
fire7_nb0_rank2408,Automatic,1,ok,568.982,56,2,1,0,0,2305843009213693967:53;2305843009213693973:3,Symbolica_default,cached_powers_Q,15,3,0.477,BalancedZippelSeparated
fire7_nb0_rank2409,Automatic,1,ok,371.551,49,2,1,0,0,2305843009213693967:46;2305843009213693973:3,Symbolica_default,cached_powers_Q,12,9,0.413,BalancedZippelSeparated
fire7_nb0_rank2410,Automatic,1,ok,580.752,49,2,1,0,0,2305843009213693967:46;2305843009213693973:3,Symbolica_default,cached_powers_Q,12,9,0.334,BalancedZippelSeparated
fire7_nb0_rank2411,Automatic,1,ok,634.882,53,2,1,0,0,2305843009213693967:50;2305843009213693973:3,Symbolica_default,cached_powers_Q,12,6,0.330,BalancedZippelSeparated
fire7_nb0_rank2412,Automatic,1,ok,356.791,52,2,1,0,0,2305843009213693967:49;2305843009213693973:3,Symbolica_default,cached_powers_Q,12,4,0.392,BalancedZippelSeparated
fire7_nb0_rank2413,Automatic,1,ok,434.082,56,2,1,0,0,2305843009213693967:53;2305843009213693973:3,Symbolica_default,cached_powers_Q,15,6,0.350,BalancedZippelSeparated
fire7_nb0_rank2414,Automatic,1,ok,651.673,56,2,1,0,0,2305843009213693967:53;2305843009213693973:3,Symbolica_default,cached_powers_Q,15,6,0.358,BalancedZippelSeparated
fire7_nb0_rank2415,Automatic,1,ok,400.581,50,2,1,0,0,2305843009213693967:47;2305843009213693973:3,Symbolica_default,cached_powers_Q,10,6,0.382,BalancedZippelSeparated
fire7_nb0_rank2416,Automatic,1,ok,305.471,50,2,1,0,0,2305843009213693967:47;2305843009213693973:3,Symbolica_default,cached_powers_Q,10,6,0.268,BalancedZippelSeparated
fire7_nb0_rank2417,Automatic,1,ok,318.091,53,2,1,0,0,2305843009213693967:50;2305843009213693973:3,Symbolica_default,cached_powers_Q,12,6,0.418,BalancedZippelSeparated
fire7_nb0_rank2418,Automatic,1,ok,298.211,51,2,1,0,0,2305843009213693967:48;2305843009213693973:3,Symbolica_default,cached_powers_Q,12,9,0.238,BalancedZippelSeparated
fire7_nb0_rank2419,Automatic,1,ok,259.041,67,2,1,0,0,2305843009213693967:64;2305843009213693973:3,Symbolica_default,cached_powers_Q,5,12,0.260,BalancedZippelSeparated
fire7_nb0_rank2420,Automatic,1,ok,471.662,52,2,1,0,0,2305843009213693967:49;2305843009213693973:3,Symbolica_default,cached_powers_Q,6,10,0.272,BalancedZippelSeparated
fire7_nb0_rank2421,Automatic,1,ok,230.401,52,2,1,0,0,2305843009213693967:49;2305843009213693973:3,Symbolica_default,cached_powers_Q,6,10,0.411,BalancedZippelSeparated
fire7_nb0_rank2422,Automatic,1,ok,311.512,53,2,1,0,0,2305843009213693967:50;2305843009213693973:3,Symbolica_default,cached_powers_Q,12,6,0.222,BalancedZippelSeparated
fire7_nb0_rank2423,Automatic,1,ok,603.002,53,2,1,0,0,2305843009213693967:50;2305843009213693973:3,Symbolica_default,cached_powers_Q,12,6,0.340,BalancedZippelSeparated
fire7_nb0_rank2424,Automatic,1,ok,367.361,57,2,1,0,0,2305843009213693967:54;2305843009213693973:3,Symbolica_default,cached_powers_Q,15,4,0.330,BalancedZippelSeparated
fire7_nb0_rank2425,Automatic,1,ok,590.912,73,2,1,0,0,2305843009213693967:70;2305843009213693973:3,Symbolica_default,cached_powers_Q,16,5,0.333,BalancedZippelSeparated
fire7_nb0_rank2426,Automatic,1,ok,643.282,55,2,1,0,0,2305843009213693967:52;2305843009213693973:3,Symbolica_default,cached_powers_Q,15,6,0.340,BalancedZippelSeparated
fire7_nb0_rank2427,Automatic,1,ok,459.522,53,2,1,0,0,2305843009213693967:50;2305843009213693973:3,Symbolica_default,cached_powers_Q,9,6,0.529,BalancedZippelSeparated
fire7_nb0_rank2428,Automatic,1,ok,372.652,50,2,1,0,0,2305843009213693967:47;2305843009213693973:3,Symbolica_default,cached_powers_Q,15,2,0.404,BalancedZippelSeparated
fire7_nb0_rank2429,Automatic,1,ok,671.813,60,2,1,0,0,2305843009213693967:57;2305843009213693973:3,Symbolica_default,cached_powers_Q,15,6,0.361,BalancedZippelSeparated
fire7_nb0_rank2430,Automatic,1,ok,448.661,57,2,1,0,0,2305843009213693967:54;2305843009213693973:3,Symbolica_default,cached_powers_Q,3,18,0.277,BalancedZippelSeparated
fire7_nb0_rank2431,Automatic,1,ok,316.281,51,2,1,0,0,2305843009213693967:48;2305843009213693973:3,Symbolica_default,cached_powers_Q,15,4,0.433,BalancedZippelSeparated
fire7_nb0_rank2432,Automatic,1,ok,455.642,60,2,1,0,0,2305843009213693967:57;2305843009213693973:3,Symbolica_default,cached_powers_Q,15,6,0.242,BalancedZippelSeparated
fire7_nb0_rank2433,Automatic,1,ok,309.892,58,2,1,0,0,2305843009213693967:55;2305843009213693973:3,Symbolica_default,cached_powers_Q,15,6,0.260,BalancedZippelSeparated
fire7_nb0_rank2434,Automatic,1,ok,601.902,54,2,1,0,0,2305843009213693967:51;2305843009213693973:3,Symbolica_default,cached_powers_Q,11,4,0.561,BalancedZippelSeparated
fire7_nb0_rank2435,Automatic,1,ok,392.311,52,2,1,0,0,2305843009213693967:49;2305843009213693973:3,Symbolica_default,cached_powers_Q,12,6,0.539,BalancedZippelSeparated
fire7_nb0_rank2436,Automatic,1,ok,358.791,51,2,1,0,0,2305843009213693967:48;2305843009213693973:3,Symbolica_default,cached_powers_Q,15,4,0.400,BalancedZippelSeparated
fire7_nb0_rank2437,Automatic,1,ok,573.212,50,2,1,0,0,2305843009213693967:47;2305843009213693973:3,Symbolica_default,cached_powers_Q,5,8,0.362,BalancedZippelSeparated
fire7_nb0_rank2438,Automatic,1,ok,310.421,50,2,1,0,0,2305843009213693967:47;2305843009213693973:3,Symbolica_default,cached_powers_Q,5,8,0.379,BalancedZippelSeparated
fire7_nb0_rank2439,Automatic,1,ok,555.842,52,2,1,0,0,2305843009213693967:49;2305843009213693973:3,Symbolica_default,cached_powers_Q,12,6,0.290,BalancedZippelSeparated
fire7_nb0_rank2440,Automatic,1,ok,484.671,49,2,1,0,0,2305843009213693967:46;2305843009213693973:3,Symbolica_default,cached_powers_Q,12,6,0.283,BalancedZippelSeparated
fire7_nb0_rank2441,Automatic,1,ok,273.141,58,2,1,0,0,2305843009213693967:55;2305843009213693973:3,Symbolica_default,cached_powers_Q,9,10,0.245,BalancedZippelSeparated
fire7_nb0_rank2442,Automatic,1,ok,269.521,56,2,1,0,0,2305843009213693967:53;2305843009213693973:3,Symbolica_default,cached_powers_Q,9,10,0.256,BalancedZippelSeparated
fire7_nb0_rank2443,Automatic,1,ok,383.231,49,2,1,0,0,2305843009213693967:46;2305843009213693973:3,Symbolica_default,cached_powers_Q,4,12,0.224,BalancedZippelSeparated
fire7_nb0_rank2444,Automatic,1,ok,411.622,52,2,1,0,0,2305843009213693967:49;2305843009213693973:3,Symbolica_default,cached_powers_Q,9,6,0.257,BalancedZippelSeparated
fire7_nb0_rank2445,Automatic,1,ok,343.342,58,2,1,0,0,2305843009213693967:55;2305843009213693973:3,Symbolica_default,cached_powers_Q,9,10,0.402,BalancedZippelSeparated
fire7_nb0_rank2446,Automatic,1,ok,460.761,45,2,1,0,0,2305843009213693967:42;2305843009213693973:3,Symbolica_default,cached_powers_Q,12,3,0.320,BalancedZippelSeparated
fire7_nb0_rank2447,Automatic,1,ok,530.122,45,2,1,0,0,2305843009213693967:42;2305843009213693973:3,Symbolica_default,cached_powers_Q,12,6,0.339,BalancedZippelSeparated
fire7_nb0_rank2448,Automatic,1,ok,551.382,45,2,1,0,0,2305843009213693967:42;2305843009213693973:3,Symbolica_default,cached_powers_Q,12,6,0.346,BalancedZippelSeparated
fire7_nb0_rank2449,Automatic,1,ok,366.722,45,2,1,0,0,2305843009213693967:42;2305843009213693973:3,Symbolica_default,cached_powers_Q,12,6,0.624,BalancedZippelSeparated
fire7_nb0_rank2450,Automatic,1,ok,549.242,51,2,1,0,0,2305843009213693967:48;2305843009213693973:3,Symbolica_default,cached_powers_Q,4,15,0.359,BalancedZippelSeparated
fire7_nb0_rank2451,Automatic,1,ok,228.831,53,2,1,0,0,2305843009213693967:50;2305843009213693973:3,Symbolica_default,cached_powers_Q,4,15,0.251,BalancedZippelSeparated
fire7_nb0_rank2452,Automatic,1,ok,297.151,72,2,1,0,0,2305843009213693967:69;2305843009213693973:3,Symbolica_default,cached_powers_Q,14,4,0.242,BalancedZippelSeparated
fire7_nb0_rank2453,Automatic,1,ok,308.821,76,2,1,0,0,2305843009213693967:73;2305843009213693973:3,Symbolica_default,cached_powers_Q,9,9,0.366,BalancedZippelSeparated
fire7_nb0_rank2454,Automatic,1,ok,240.511,62,2,1,0,0,2305843009213693967:59;2305843009213693973:3,Symbolica_default,cached_powers_Q,4,14,0.221,BalancedZippelSeparated
fire7_nb0_rank2455,Automatic,1,ok,278.612,47,2,1,0,0,2305843009213693967:44;2305843009213693973:3,Symbolica_default,cached_powers_Q,12,6,0.213,BalancedZippelSeparated
fire7_nb0_rank2456,Automatic,1,ok,365.452,51,2,1,0,0,2305843009213693967:48;2305843009213693973:3,Symbolica_default,cached_powers_Q,10,9,0.418,BalancedZippelSeparated
fire7_nb0_rank2457,Automatic,1,ok,4526.547,71,2,1,0,0,2305843009213693967:68;2305843009213693973:3,Symbolica_default,cached_powers_Q,4,14,0.354,BalancedZippelSeparated
fire7_nb0_rank2458,Automatic,1,ok,401.152,81,2,1,0,0,2305843009213693967:78;2305843009213693973:3,Symbolica_default,cached_powers_Q,17,2,0.344,BalancedZippelSeparated
fire7_nb0_rank2459,Automatic,1,ok,639.482,54,2,1,0,0,2305843009213693967:51;2305843009213693973:3,Symbolica_default,cached_powers_Q,12,6,0.344,BalancedZippelSeparated
fire7_nb0_rank2460,Automatic,1,ok,276.491,63,2,1,0,0,2305843009213693967:60;2305843009213693973:3,Symbolica_default,cached_powers_Q,4,12,0.386,BalancedZippelSeparated
fire7_nb0_rank2461,Automatic,1,ok,410.561,52,2,1,0,0,2305843009213693967:49;2305843009213693973:3,Symbolica_default,cached_powers_Q,6,10,0.238,BalancedZippelSeparated
fire7_nb0_rank2462,Automatic,1,ok,493.942,54,2,1,0,0,2305843009213693967:51;2305843009213693973:3,Symbolica_default,cached_powers_Q,14,6,0.375,BalancedZippelSeparated
fire7_nb0_rank2463,Automatic,1,ok,422.201,49,2,1,0,0,2305843009213693967:46;2305843009213693973:3,Symbolica_default,cached_powers_Q,12,9,0.260,BalancedZippelSeparated
fire7_nb0_rank2464,Automatic,1,ok,385.991,51,2,1,0,0,2305843009213693967:48;2305843009213693973:3,Symbolica_default,cached_powers_Q,4,15,0.410,BalancedZippelSeparated
fire7_nb0_rank2465,Automatic,1,ok,381.762,53,2,1,0,0,2305843009213693967:50;2305843009213693973:3,Symbolica_default,cached_powers_Q,4,15,0.258,BalancedZippelSeparated
fire7_nb0_rank2466,Automatic,1,ok,346.881,60,2,1,0,0,2305843009213693967:57;2305843009213693973:3,Symbolica_default,cached_powers_Q,9,12,0.266,BalancedZippelSeparated
fire7_nb0_rank2467,Automatic,1,ok,236.841,52,2,1,0,0,2305843009213693967:49;2305843009213693973:3,Symbolica_default,cached_powers_Q,10,3,0.345,BalancedZippelSeparated
fire7_nb0_rank2468,Automatic,1,ok,337.121,45,2,1,0,0,2305843009213693967:42;2305843009213693973:3,Symbolica_default,cached_powers_Q,12,6,0.462,BalancedZippelSeparated
fire7_nb0_rank2469,Automatic,1,ok,392.272,70,2,1,0,0,2305843009213693967:67;2305843009213693973:3,Symbolica_default,cached_powers_Q,16,2,0.584,BalancedZippelSeparated
fire7_nb0_rank2470,Automatic,1,ok,383.612,49,2,1,0,0,2305843009213693967:46;2305843009213693973:3,Symbolica_default,cached_powers_Q,10,6,0.323,BalancedZippelSeparated
fire7_nb0_rank2471,Automatic,1,ok,372.731,68,2,1,0,0,2305843009213693967:65;2305843009213693973:3,Symbolica_default,cached_powers_Q,16,3,0.373,BalancedZippelSeparated
fire7_nb0_rank2472,Automatic,1,ok,554.242,62,2,1,0,0,2305843009213693967:59;2305843009213693973:3,Symbolica_default,cached_powers_Q,10,10,0.264,BalancedZippelSeparated
fire7_nb0_rank2473,Automatic,1,ok,241.750,55,2,1,0,0,2305843009213693967:52;2305843009213693973:3,Symbolica_default,cached_powers_Q,10,2,0.215,BalancedZippelSeparated
fire7_nb0_rank2474,Automatic,1,ok,224.781,55,2,1,0,0,2305843009213693967:52;2305843009213693973:3,Symbolica_default,cached_powers_Q,10,2,0.254,BalancedZippelSeparated
fire7_nb0_rank2475,Automatic,1,ok,236.711,52,2,1,0,0,2305843009213693967:49;2305843009213693973:3,Symbolica_default,cached_powers_Q,5,9,0.260,BalancedZippelSeparated
fire7_nb0_rank2476,Automatic,1,ok,289.291,56,2,1,0,0,2305843009213693967:53;2305843009213693973:3,Symbolica_default,cached_powers_Q,9,10,0.265,BalancedZippelSeparated
fire7_nb0_rank2477,Automatic,1,ok,429.292,52,2,1,0,0,2305843009213693967:49;2305843009213693973:3,Symbolica_default,cached_powers_Q,12,6,0.597,BalancedZippelSeparated
fire7_nb0_rank2478,Automatic,1,ok,280.231,54,2,1,0,0,2305843009213693967:51;2305843009213693973:3,Symbolica_default,cached_powers_Q,9,10,0.256,BalancedZippelSeparated
fire7_nb0_rank2479,Automatic,1,ok,223.671,59,2,1,0,0,2305843009213693967:56;2305843009213693973:3,Symbolica_default,cached_powers_Q,4,10,0.233,BalancedZippelSeparated
fire7_nb0_rank2480,Automatic,1,ok,302.621,47,2,1,0,0,2305843009213693967:44;2305843009213693973:3,Symbolica_default,cached_powers_Q,12,6,0.243,BalancedZippelSeparated
fire7_nb0_rank2481,Automatic,1,ok,438.481,49,2,1,0,0,2305843009213693967:46;2305843009213693973:3,Symbolica_default,cached_powers_Q,12,3,0.235,BalancedZippelSeparated
fire7_nb0_rank2482,Automatic,1,ok,450.311,56,2,1,0,0,2305843009213693967:53;2305843009213693973:3,Symbolica_default,cached_powers_Q,9,10,0.271,BalancedZippelSeparated
fire7_nb0_rank2483,Automatic,1,ok,400.812,48,2,1,0,0,2305843009213693967:45;2305843009213693973:3,Symbolica_default,cached_powers_Q,12,4,0.244,BalancedZippelSeparated
fire7_nb0_rank2484,Automatic,1,ok,410.411,65,2,1,0,0,2305843009213693967:62;2305843009213693973:3,Symbolica_default,cached_powers_Q,4,12,0.256,BalancedZippelSeparated
fire7_nb0_rank2485,Automatic,1,ok,519.642,53,2,1,0,0,2305843009213693967:50;2305843009213693973:3,Symbolica_default,cached_powers_Q,15,2,0.320,BalancedZippelSeparated
fire7_nb0_rank2486,Automatic,1,ok,392.142,51,2,1,0,0,2305843009213693967:48;2305843009213693973:3,Symbolica_default,cached_powers_Q,12,4,0.348,BalancedZippelSeparated
fire7_nb0_rank2487,Automatic,1,ok,292.881,55,2,1,0,0,2305843009213693967:52;2305843009213693973:3,Symbolica_default,cached_powers_Q,10,2,0.325,BalancedZippelSeparated
fire7_nb0_rank2488,Automatic,1,ok,282.521,51,2,1,0,0,2305843009213693967:48;2305843009213693973:3,Symbolica_default,cached_powers_Q,8,6,0.248,BalancedZippelSeparated
fire7_nb0_rank2489,Automatic,1,ok,456.682,51,2,1,0,0,2305843009213693967:48;2305843009213693973:3,Symbolica_default,cached_powers_Q,8,6,0.248,BalancedZippelSeparated
fire7_nb0_rank2490,Automatic,1,ok,254.121,61,2,1,0,0,2305843009213693967:58;2305843009213693973:3,Symbolica_default,cached_powers_Q,5,10,0.228,BalancedZippelSeparated
fire7_nb0_rank2491,Automatic,1,ok,312.801,50,2,1,0,0,2305843009213693967:47;2305843009213693973:3,Symbolica_default,cached_powers_Q,12,6,0.381,BalancedZippelSeparated
fire7_nb0_rank2492,Automatic,1,ok,285.810,54,2,1,0,0,2305843009213693967:51;2305843009213693973:3,Symbolica_default,cached_powers_Q,9,10,0.256,BalancedZippelSeparated
fire7_nb0_rank2493,Automatic,1,ok,389.041,44,2,1,0,0,2305843009213693967:41;2305843009213693973:3,Symbolica_default,cached_powers_Q,12,4,0.259,BalancedZippelSeparated
fire7_nb0_rank2494,Automatic,1,ok,385.651,88,2,1,0,0,2305843009213693967:85;2305843009213693973:3,Symbolica_default,cached_powers_Q,16,2,0.319,BalancedZippelSeparated
fire7_nb0_rank2495,Automatic,1,ok,648.812,56,2,1,0,0,2305843009213693967:53;2305843009213693973:3,Symbolica_default,cached_powers_Q,9,10,0.359,BalancedZippelSeparated
fire7_nb0_rank2496,Automatic,1,ok,576.482,48,2,1,0,0,2305843009213693967:45;2305843009213693973:3,Symbolica_default,cached_powers_Q,9,6,0.347,BalancedZippelSeparated
fire7_nb0_rank2497,Automatic,1,ok,420.672,54,2,1,0,0,2305843009213693967:51;2305843009213693973:3,Symbolica_default,cached_powers_Q,9,10,0.263,BalancedZippelSeparated
fire7_nb0_rank2498,Automatic,1,ok,516.822,73,2,1,0,0,2305843009213693967:70;2305843009213693973:3,Symbolica_default,cached_powers_Q,14,5,0.260,BalancedZippelSeparated
fire7_nb0_rank2499,Automatic,1,ok,384.852,48,2,1,0,0,2305843009213693967:45;2305843009213693973:3,Symbolica_default,cached_powers_Q,10,4,0.270,BalancedZippelSeparated
fire7_nb0_rank2500,Automatic,1,ok,493.872,50,2,1,0,0,2305843009213693967:47;2305843009213693973:3,Symbolica_default,cached_powers_Q,12,6,0.264,BalancedZippelSeparated
fire7_nb0_rank2501,Automatic,1,ok,575.523,47,2,1,0,0,2305843009213693967:44;2305843009213693973:3,Symbolica_default,cached_powers_Q,9,9,0.345,BalancedZippelSeparated
fire7_nb0_rank2502,Automatic,1,ok,284.721,44,2,1,0,0,2305843009213693967:41;2305843009213693973:3,Symbolica_default,cached_powers_Q,12,2,0.359,BalancedZippelSeparated
fire7_nb0_rank2503,Automatic,1,ok,360.661,69,2,1,0,0,2305843009213693967:66;2305843009213693973:3,Symbolica_default,cached_powers_Q,14,3,0.252,BalancedZippelSeparated
fire7_nb0_rank2504,Automatic,1,ok,308.870,48,2,1,0,0,2305843009213693967:45;2305843009213693973:3,Symbolica_default,cached_powers_Q,5,8,0.340,BalancedZippelSeparated
fire7_nb0_rank2505,Automatic,1,ok,240.511,48,2,1,0,0,2305843009213693967:45;2305843009213693973:3,Symbolica_default,cached_powers_Q,5,8,0.262,BalancedZippelSeparated
fire7_nb0_rank2506,Automatic,1,ok,397.671,45,2,1,0,0,2305843009213693967:42;2305843009213693973:3,Symbolica_default,cached_powers_Q,12,2,0.255,BalancedZippelSeparated
fire7_nb0_rank2507,Automatic,1,ok,239.301,53,2,1,0,0,2305843009213693967:50;2305843009213693973:3,Symbolica_default,cached_powers_Q,4,15,0.415,BalancedZippelSeparated
fire7_nb0_rank2508,Automatic,1,ok,354.151,51,2,1,0,0,2305843009213693967:48;2305843009213693973:3,Symbolica_default,cached_powers_Q,4,15,0.229,BalancedZippelSeparated
fire7_nb0_rank2509,Automatic,1,ok,222.991,53,2,1,0,0,2305843009213693967:50;2305843009213693973:3,Symbolica_default,cached_powers_Q,4,15,0.230,BalancedZippelSeparated
fire7_nb0_rank2510,Automatic,1,ok,349.741,51,2,1,0,0,2305843009213693967:48;2305843009213693973:3,Symbolica_default,cached_powers_Q,10,8,0.230,BalancedZippelSeparated
fire7_nb0_rank2511,Automatic,1,ok,474.551,49,2,1,0,0,2305843009213693967:46;2305843009213693973:3,Symbolica_default,cached_powers_Q,12,4,0.277,BalancedZippelSeparated
fire7_nb0_rank2512,Automatic,1,ok,546.641,54,2,1,0,0,2305843009213693967:51;2305843009213693973:3,Symbolica_default,cached_powers_Q,9,10,0.271,BalancedZippelSeparated
fire7_nb0_rank2513,Automatic,1,ok,261.421,49,2,1,0,0,2305843009213693967:46;2305843009213693973:3,Symbolica_default,cached_powers_Q,12,3,0.258,BalancedZippelSeparated
fire7_nb0_rank2514,Automatic,1,ok,243.750,54,2,1,0,0,2305843009213693967:51;2305843009213693973:3,Symbolica_default,cached_powers_Q,5,9,0.241,BalancedZippelSeparated
fire7_nb0_rank2515,Automatic,1,ok,249.581,46,2,1,0,0,2305843009213693967:43;2305843009213693973:3,Symbolica_default,cached_powers_Q,12,2,0.240,BalancedZippelSeparated
fire7_nb0_rank2516,Automatic,1,ok,261.830,47,2,1,0,0,2305843009213693967:44;2305843009213693973:3,Symbolica_default,cached_powers_Q,8,9,0.225,BalancedZippelSeparated
fire7_nb0_rank2517,Automatic,1,ok,438.312,54,2,1,0,0,2305843009213693967:51;2305843009213693973:3,Symbolica_default,cached_powers_Q,14,4,0.369,BalancedZippelSeparated
fire7_nb0_rank2518,Automatic,1,ok,511.622,56,2,1,0,0,2305843009213693967:53;2305843009213693973:3,Symbolica_default,cached_powers_Q,9,10,0.235,BalancedZippelSeparated
fire7_nb0_rank2519,Automatic,1,ok,271.751,50,2,1,0,0,2305843009213693967:47;2305843009213693973:3,Symbolica_default,cached_powers_Q,12,4,0.236,BalancedZippelSeparated
fire7_nb0_rank2520,Automatic,1,ok,513.382,54,2,1,0,0,2305843009213693967:51;2305843009213693973:3,Symbolica_default,cached_powers_Q,9,10,0.256,BalancedZippelSeparated
fire7_nb0_rank2521,Automatic,1,ok,414.722,46,2,1,0,0,2305843009213693967:43;2305843009213693973:3,Symbolica_default,cached_powers_Q,12,2,0.246,BalancedZippelSeparated
fire7_nb0_rank2522,Automatic,1,ok,241.881,47,2,1,0,0,2305843009213693967:44;2305843009213693973:3,Symbolica_default,cached_powers_Q,12,4,0.445,BalancedZippelSeparated
fire7_nb0_rank2523,Automatic,1,ok,465.322,50,2,1,0,0,2305843009213693967:47;2305843009213693973:3,Symbolica_default,cached_powers_Q,12,4,0.262,BalancedZippelSeparated
fire7_nb0_rank2524,Automatic,1,ok,227.841,51,2,1,0,0,2305843009213693967:48;2305843009213693973:3,Symbolica_default,cached_powers_Q,10,2,0.237,BalancedZippelSeparated
fire7_nb0_rank2525,Automatic,1,ok,246.961,46,2,1,0,0,2305843009213693967:43;2305843009213693973:3,Symbolica_default,cached_powers_Q,12,4,0.260,BalancedZippelSeparated
fire7_nb0_rank2526,Automatic,1,ok,219.141,55,2,1,0,0,2305843009213693967:52;2305843009213693973:3,Symbolica_default,cached_powers_Q,7,5,0.255,BalancedZippelSeparated
fire7_nb0_rank2527,Automatic,1,ok,290.351,46,2,1,0,0,2305843009213693967:43;2305843009213693973:3,Symbolica_default,cached_powers_Q,9,9,0.241,BalancedZippelSeparated
fire7_nb0_rank2528,Automatic,1,ok,470.242,54,2,1,0,0,2305843009213693967:51;2305843009213693973:3,Symbolica_default,cached_powers_Q,9,10,0.369,BalancedZippelSeparated
fire7_nb0_rank2529,Automatic,1,ok,261.411,47,2,1,0,0,2305843009213693967:44;2305843009213693973:3,Symbolica_default,cached_powers_Q,12,3,0.253,BalancedZippelSeparated
fire7_nb0_rank2530,Automatic,1,ok,221.401,46,2,1,0,0,2305843009213693967:43;2305843009213693973:3,Symbolica_default,cached_powers_Q,10,4,0.220,BalancedZippelSeparated
fire7_nb0_rank2531,Automatic,1,ok,280.321,46,2,1,0,0,2305843009213693967:43;2305843009213693973:3,Symbolica_default,cached_powers_Q,10,4,0.361,BalancedZippelSeparated
fire7_nb0_rank2532,Automatic,1,ok,378.291,46,2,1,0,0,2305843009213693967:43;2305843009213693973:3,Symbolica_default,cached_powers_Q,12,2,0.235,BalancedZippelSeparated
fire7_nb0_rank2533,Automatic,1,ok,440.762,64,2,1,0,0,2305843009213693967:61;2305843009213693973:3,Symbolica_default,cached_powers_Q,3,14,0.264,BalancedZippelSeparated
fire7_nb0_rank2534,Automatic,1,ok,278.951,46,2,1,0,0,2305843009213693967:43;2305843009213693973:3,Symbolica_default,cached_powers_Q,8,6,0.242,BalancedZippelSeparated
fire7_nb0_rank2535,Automatic,1,ok,402.982,64,2,1,0,0,2305843009213693967:61;2305843009213693973:3,Symbolica_default,cached_powers_Q,3,14,0.288,BalancedZippelSeparated
fire7_nb0_rank2536,Automatic,1,ok,250.761,44,2,1,0,0,2305843009213693967:41;2305843009213693973:3,Symbolica_default,cached_powers_Q,9,4,0.254,BalancedZippelSeparated
fire7_nb0_rank2537,Automatic,1,ok,289.411,46,2,1,0,0,2305843009213693967:43;2305843009213693973:3,Symbolica_default,cached_powers_Q,8,6,0.247,BalancedZippelSeparated
fire7_nb0_rank2538,Automatic,1,ok,417.622,57,2,1,0,0,2305843009213693967:54;2305843009213693973:3,Symbolica_default,cached_powers_Q,5,6,0.239,BalancedZippelSeparated
fire7_nb0_rank2539,Automatic,1,ok,256.331,60,2,1,0,0,2305843009213693967:57;2305843009213693973:3,Symbolica_default,cached_powers_Q,12,6,0.243,BalancedZippelSeparated
fire7_nb0_rank2540,Automatic,1,ok,204.721,46,2,1,0,0,2305843009213693967:43;2305843009213693973:3,Symbolica_default,cached_powers_Q,9,4,0.220,BalancedZippelSeparated
fire7_nb0_rank2541,Automatic,1,ok,223.370,57,2,1,0,0,2305843009213693967:54;2305843009213693973:3,Symbolica_default,cached_powers_Q,4,10,0.232,BalancedZippelSeparated
fire7_nb0_rank2542,Automatic,1,ok,270.221,60,2,1,0,0,2305843009213693967:57;2305843009213693973:3,Symbolica_default,cached_powers_Q,12,6,0.232,BalancedZippelSeparated
fire7_nb0_rank2543,Automatic,1,ok,245.361,45,2,1,0,0,2305843009213693967:42;2305843009213693973:3,Symbolica_default,cached_powers_Q,10,4,0.241,BalancedZippelSeparated
fire7_nb0_rank2544,Automatic,1,ok,256.021,45,2,1,0,0,2305843009213693967:42;2305843009213693973:3,Symbolica_default,cached_powers_Q,10,4,0.266,BalancedZippelSeparated
fire7_nb0_rank2545,Automatic,1,ok,296.351,50,2,1,0,0,2305843009213693967:47;2305843009213693973:3,Symbolica_default,cached_powers_Q,8,6,0.269,BalancedZippelSeparated
fire7_nb0_rank2546,Automatic,1,ok,415.482,50,2,1,0,0,2305843009213693967:47;2305843009213693973:3,Symbolica_default,cached_powers_Q,8,6,0.223,BalancedZippelSeparated
fire7_nb0_rank2547,Automatic,1,ok,302.111,54,2,1,0,0,2305843009213693967:51;2305843009213693973:3,Symbolica_default,cached_powers_Q,10,6,0.224,BalancedZippelSeparated
fire7_nb0_rank2548,Automatic,1,ok,272.211,44,2,1,0,0,2305843009213693967:41;2305843009213693973:3,Symbolica_default,cached_powers_Q,8,6,0.243,BalancedZippelSeparated
fire7_nb0_rank2549,Automatic,1,ok,238.871,57,2,1,0,0,2305843009213693967:54;2305843009213693973:3,Symbolica_default,cached_powers_Q,12,3,0.255,BalancedZippelSeparated
fire7_nb0_rank2550,Automatic,1,ok,486.202,73,2,1,0,0,2305843009213693967:70;2305843009213693973:3,Symbolica_default,cached_powers_Q,9,7,0.256,BalancedZippelSeparated
fire7_nb0_rank2551,Automatic,1,ok,320.711,67,2,1,0,0,2305843009213693967:64;2305843009213693973:3,Symbolica_default,cached_powers_Q,9,7,0.362,BalancedZippelSeparated
fire7_nb0_rank2552,Automatic,1,ok,247.161,46,2,1,0,0,2305843009213693967:43;2305843009213693973:3,Symbolica_default,cached_powers_Q,9,6,0.250,BalancedZippelSeparated
fire7_nb0_rank2553,Automatic,1,ok,297.211,47,2,1,0,0,2305843009213693967:44;2305843009213693973:3,Symbolica_default,cached_powers_Q,10,3,0.366,BalancedZippelSeparated
fire7_nb0_rank2554,Automatic,1,ok,322.152,46,2,1,0,0,2305843009213693967:43;2305843009213693973:3,Symbolica_default,cached_powers_Q,11,2,0.374,BalancedZippelSeparated
fire7_nb0_rank2555,Automatic,1,ok,289.191,50,2,1,0,0,2305843009213693967:47;2305843009213693973:3,Symbolica_default,cached_powers_Q,8,6,0.252,BalancedZippelSeparated
fire7_nb0_rank2556,Automatic,1,ok,233.850,47,2,1,0,0,2305843009213693967:44;2305843009213693973:3,Symbolica_default,cached_powers_Q,10,3,0.423,BalancedZippelSeparated
fire7_nb0_rank2557,Automatic,1,ok,217.530,47,2,1,0,0,2305843009213693967:44;2305843009213693973:3,Symbolica_default,cached_powers_Q,10,3,0.233,BalancedZippelSeparated
fire7_nb0_rank2558,Automatic,1,ok,403.972,43,2,1,0,0,2305843009213693967:40;2305843009213693973:3,Symbolica_default,cached_powers_Q,12,3,0.225,BalancedZippelSeparated
fire7_nb0_rank2559,Automatic,1,ok,285.912,43,2,1,0,0,2305843009213693967:40;2305843009213693973:3,Symbolica_default,cached_powers_Q,12,3,0.354,BalancedZippelSeparated
fire7_nb0_rank2560,Automatic,1,ok,372.371,47,2,1,0,0,2305843009213693967:44;2305843009213693973:3,Symbolica_default,cached_powers_Q,10,3,0.244,BalancedZippelSeparated
fire7_nb0_rank2561,Automatic,1,ok,206.810,43,2,1,0,0,2305843009213693967:40;2305843009213693973:3,Symbolica_default,cached_powers_Q,12,3,0.358,BalancedZippelSeparated
fire7_nb0_rank2562,Automatic,1,ok,203.120,47,2,1,0,0,2305843009213693967:44;2305843009213693973:3,Symbolica_default,cached_powers_Q,4,9,0.216,BalancedZippelSeparated
fire7_nb0_rank2563,Automatic,1,ok,288.590,51,2,1,0,0,2305843009213693967:48;2305843009213693973:3,Symbolica_default,cached_powers_Q,6,10,0.234,BalancedZippelSeparated
fire7_nb0_rank2564,Automatic,1,ok,232.141,45,2,1,0,0,2305843009213693967:42;2305843009213693973:3,Symbolica_default,cached_powers_Q,12,4,0.456,BalancedZippelSeparated
fire7_nb0_rank2565,Automatic,1,ok,282.871,51,2,1,0,0,2305843009213693967:48;2305843009213693973:3,Symbolica_default,cached_powers_Q,6,10,0.266,BalancedZippelSeparated
fire7_nb0_rank2566,Automatic,1,ok,239.761,61,2,1,0,0,2305843009213693967:58;2305843009213693973:3,Symbolica_default,cached_powers_Q,4,12,0.406,BalancedZippelSeparated
fire7_nb0_rank2567,Automatic,1,ok,267.521,46,2,1,0,0,2305843009213693967:43;2305843009213693973:3,Symbolica_default,cached_powers_Q,9,6,0.257,BalancedZippelSeparated
fire7_nb0_rank2568,Automatic,1,ok,283.791,46,2,1,0,0,2305843009213693967:43;2305843009213693973:3,Symbolica_default,cached_powers_Q,9,6,0.253,BalancedZippelSeparated
fire7_nb0_rank2569,Automatic,1,ok,271.651,54,2,1,0,0,2305843009213693967:51;2305843009213693973:3,Symbolica_default,cached_powers_Q,10,4,0.255,BalancedZippelSeparated
fire7_nb0_rank2570,Automatic,1,ok,259.981,48,2,1,0,0,2305843009213693967:45;2305843009213693973:3,Symbolica_default,cached_powers_Q,10,3,0.398,BalancedZippelSeparated
fire7_nb0_rank2571,Automatic,1,ok,455.842,54,2,1,0,0,2305843009213693967:51;2305843009213693973:3,Symbolica_default,cached_powers_Q,9,10,0.231,BalancedZippelSeparated
fire7_nb0_rank2572,Automatic,1,ok,279.061,65,2,1,0,0,2305843009213693967:62;2305843009213693973:3,Symbolica_default,cached_powers_Q,9,7,0.244,BalancedZippelSeparated
fire7_nb0_rank2573,Automatic,1,ok,253.810,61,2,1,0,0,2305843009213693967:58;2305843009213693973:3,Symbolica_default,cached_powers_Q,4,12,0.230,BalancedZippelSeparated
fire7_nb0_rank2574,Automatic,1,ok,225.510,47,2,1,0,0,2305843009213693967:44;2305843009213693973:3,Symbolica_default,cached_powers_Q,10,3,0.247,BalancedZippelSeparated
fire7_nb0_rank2575,Automatic,1,ok,217.591,47,2,1,0,0,2305843009213693967:44;2305843009213693973:3,Symbolica_default,cached_powers_Q,10,3,0.242,BalancedZippelSeparated
fire7_nb0_rank2576,Automatic,1,ok,250.211,57,2,1,0,0,2305843009213693967:54;2305843009213693973:3,Symbolica_default,cached_powers_Q,5,6,0.415,BalancedZippelSeparated
fire7_nb0_rank2577,Automatic,1,ok,220.021,57,2,1,0,0,2305843009213693967:54;2305843009213693973:3,Symbolica_default,cached_powers_Q,5,6,0.383,BalancedZippelSeparated
fire7_nb0_rank2578,Automatic,1,ok,438.022,47,2,1,0,0,2305843009213693967:44;2305843009213693973:3,Symbolica_default,cached_powers_Q,9,9,0.231,BalancedZippelSeparated
fire7_nb0_rank2579,Automatic,1,ok,506.292,54,2,1,0,0,2305843009213693967:51;2305843009213693973:3,Symbolica_default,cached_powers_Q,9,10,0.373,BalancedZippelSeparated
fire7_nb0_rank2580,Automatic,1,ok,209.081,47,2,1,0,0,2305843009213693967:44;2305843009213693973:3,Symbolica_default,cached_powers_Q,4,9,0.357,BalancedZippelSeparated
fire7_nb0_rank2581,Automatic,1,ok,366.872,46,2,1,0,0,2305843009213693967:43;2305843009213693973:3,Symbolica_default,cached_powers_Q,9,6,0.231,BalancedZippelSeparated
fire7_nb0_rank2582,Automatic,1,ok,229.971,46,2,1,0,0,2305843009213693967:43;2305843009213693973:3,Symbolica_default,cached_powers_Q,4,9,0.235,BalancedZippelSeparated
fire7_nb0_rank2583,Automatic,1,ok,224.161,46,2,1,0,0,2305843009213693967:43;2305843009213693973:3,Symbolica_default,cached_powers_Q,4,9,0.257,BalancedZippelSeparated
fire7_nb0_rank2584,Automatic,1,ok,251.832,45,2,1,0,0,2305843009213693967:42;2305843009213693973:3,Symbolica_default,cached_powers_Q,10,3,0.417,BalancedZippelSeparated
fire7_nb0_rank2585,Automatic,1,ok,283.431,44,2,1,0,0,2305843009213693967:41;2305843009213693973:3,Symbolica_default,cached_powers_Q,8,6,0.392,BalancedZippelSeparated
fire7_nb0_rank2586,Automatic,1,ok,324.181,47,2,1,0,0,2305843009213693967:44;2305843009213693973:3,Symbolica_default,cached_powers_Q,4,9,0.223,BalancedZippelSeparated
fire7_nb0_rank2587,Automatic,1,ok,317.801,65,2,1,0,0,2305843009213693967:62;2305843009213693973:3,Symbolica_default,cached_powers_Q,12,5,0.242,BalancedZippelSeparated
fire7_nb0_rank2588,Automatic,1,ok,282.861,58,2,1,0,0,2305843009213693967:55;2305843009213693973:3,Symbolica_default,cached_powers_Q,12,4,0.430,BalancedZippelSeparated
fire7_nb0_rank2589,Automatic,1,ok,241.171,61,2,1,0,0,2305843009213693967:58;2305843009213693973:3,Symbolica_default,cached_powers_Q,4,12,0.240,BalancedZippelSeparated
fire7_nb0_rank2590,Automatic,1,ok,235.401,52,2,1,0,0,2305843009213693967:49;2305843009213693973:3,Symbolica_default,cached_powers_Q,5,9,0.398,BalancedZippelSeparated
fire7_nb0_rank2591,Automatic,1,ok,412.222,49,2,1,0,0,2305843009213693967:46;2305843009213693973:3,Symbolica_default,cached_powers_Q,8,6,0.230,BalancedZippelSeparated
fire7_nb0_rank2592,Automatic,1,ok,357.971,52,2,1,0,0,2305843009213693967:49;2305843009213693973:3,Symbolica_default,cached_powers_Q,5,9,0.234,BalancedZippelSeparated
fire7_nb0_rank2593,Automatic,1,ok,237.271,49,2,1,0,0,2305843009213693967:46;2305843009213693973:3,Symbolica_default,cached_powers_Q,8,6,0.225,BalancedZippelSeparated
fire7_nb0_rank2594,Automatic,1,ok,228.891,52,2,1,0,0,2305843009213693967:49;2305843009213693973:3,Symbolica_default,cached_powers_Q,5,9,0.232,BalancedZippelSeparated
fire7_nb0_rank2595,Automatic,1,ok,275.001,52,2,1,0,0,2305843009213693967:49;2305843009213693973:3,Symbolica_default,cached_powers_Q,5,9,0.377,BalancedZippelSeparated
fire7_nb0_rank2596,Automatic,1,ok,250.171,49,2,1,0,0,2305843009213693967:46;2305843009213693973:3,Symbolica_default,cached_powers_Q,8,6,0.272,BalancedZippelSeparated
fire7_nb0_rank2597,Automatic,1,ok,238.741,49,2,1,0,0,2305843009213693967:46;2305843009213693973:3,Symbolica_default,cached_powers_Q,8,6,0.275,BalancedZippelSeparated
fire7_nb0_rank2598,Automatic,1,ok,270.771,57,2,1,0,0,2305843009213693967:54;2305843009213693973:3,Symbolica_default,cached_powers_Q,12,4,0.255,BalancedZippelSeparated
fire7_nb0_rank2599,Automatic,1,ok,232.821,61,2,1,0,0,2305843009213693967:58;2305843009213693973:3,Symbolica_default,cached_powers_Q,4,12,0.368,BalancedZippelSeparated
fire7_nb0_rank2600,Automatic,1,ok,240.141,49,2,1,0,0,2305843009213693967:46;2305843009213693973:3,Symbolica_default,cached_powers_Q,8,6,0.229,BalancedZippelSeparated
fire7_nb0_rank2601,Automatic,1,ok,261.851,48,2,1,0,0,2305843009213693967:45;2305843009213693973:3,Symbolica_default,cached_powers_Q,8,6,0.236,BalancedZippelSeparated
fire7_nb0_rank2602,Automatic,1,ok,278.441,51,2,1,0,0,2305843009213693967:48;2305843009213693973:3,Symbolica_default,cached_powers_Q,3,10,0.388,BalancedZippelSeparated
fire7_nb0_rank2603,Automatic,1,ok,257.321,46,2,1,0,0,2305843009213693967:43;2305843009213693973:3,Symbolica_default,cached_powers_Q,8,3,0.264,BalancedZippelSeparated
fire7_nb0_rank2604,Automatic,1,ok,317.111,49,2,1,0,0,2305843009213693967:46;2305843009213693973:3,Symbolica_default,cached_powers_Q,8,6,0.246,BalancedZippelSeparated
fire7_nb0_rank2605,Automatic,1,ok,295.571,49,2,1,0,0,2305843009213693967:46;2305843009213693973:3,Symbolica_default,cached_powers_Q,8,6,0.420,BalancedZippelSeparated
fire7_nb0_rank2606,Automatic,1,ok,267.431,46,2,1,0,0,2305843009213693967:43;2305843009213693973:3,Symbolica_default,cached_powers_Q,8,3,0.422,BalancedZippelSeparated
fire7_nb0_rank2607,Automatic,1,ok,267.761,45,2,1,0,0,2305843009213693967:42;2305843009213693973:3,Symbolica_default,cached_powers_Q,9,4,0.261,BalancedZippelSeparated
fire7_nb0_rank2608,Automatic,1,ok,245.531,47,2,1,0,0,2305843009213693967:44;2305843009213693973:3,Symbolica_default,cached_powers_Q,8,6,0.267,BalancedZippelSeparated
fire7_nb0_rank2609,Automatic,1,ok,244.541,47,2,1,0,0,2305843009213693967:44;2305843009213693973:3,Symbolica_default,cached_powers_Q,8,6,0.261,BalancedZippelSeparated
fire7_nb0_rank2610,Automatic,1,ok,386.462,46,2,1,0,0,2305843009213693967:43;2305843009213693973:3,Symbolica_default,cached_powers_Q,12,2,0.221,BalancedZippelSeparated
fire7_nb0_rank2611,Automatic,1,ok,358.501,48,2,1,0,0,2305843009213693967:45;2305843009213693973:3,Symbolica_default,cached_powers_Q,12,2,0.252,BalancedZippelSeparated
fire7_nb0_rank2612,Automatic,1,ok,259.281,55,2,1,0,0,2305843009213693967:52;2305843009213693973:3,Symbolica_default,cached_powers_Q,12,2,0.321,BalancedZippelSeparated
fire7_nb0_rank2613,Automatic,1,ok,191.421,50,2,1,0,0,2305843009213693967:47;2305843009213693973:3,Symbolica_default,cached_powers_Q,6,4,0.214,BalancedZippelSeparated
fire7_nb0_rank2614,Automatic,1,ok,201.901,48,2,1,0,0,2305843009213693967:45;2305843009213693973:3,Symbolica_default,cached_powers_Q,4,9,0.226,BalancedZippelSeparated
fire7_nb0_rank2615,Automatic,1,ok,236.672,45,2,1,0,0,2305843009213693967:42;2305843009213693973:3,Symbolica_default,cached_powers_Q,11,3,0.185,BalancedZippelSeparated
fire7_nb0_rank2616,Automatic,1,ok,233.841,44,2,1,0,0,2305843009213693967:41;2305843009213693973:3,Symbolica_default,cached_powers_Q,12,2,0.221,BalancedZippelSeparated
fire7_nb0_rank2617,Automatic,1,ok,234.750,46,2,1,0,0,2305843009213693967:43;2305843009213693973:3,Symbolica_default,cached_powers_Q,4,9,0.237,BalancedZippelSeparated
fire7_nb0_rank2618,Automatic,1,ok,240.511,46,2,1,0,0,2305843009213693967:43;2305843009213693973:3,Symbolica_default,cached_powers_Q,4,9,0.384,BalancedZippelSeparated
fire7_nb0_rank2619,Automatic,1,ok,281.141,51,2,1,0,0,2305843009213693967:48;2305843009213693973:3,Symbolica_default,cached_powers_Q,6,10,0.226,BalancedZippelSeparated
fire7_nb0_rank2620,Automatic,1,ok,295.481,49,2,1,0,0,2305843009213693967:46;2305843009213693973:3,Symbolica_default,cached_powers_Q,6,10,0.219,BalancedZippelSeparated
fire7_nb0_rank2621,Automatic,1,ok,305.071,49,2,1,0,0,2305843009213693967:46;2305843009213693973:3,Symbolica_default,cached_powers_Q,10,8,0.232,BalancedZippelSeparated
fire7_nb0_rank2622,Automatic,1,ok,223.251,55,2,1,0,0,2305843009213693967:52;2305843009213693973:3,Symbolica_default,cached_powers_Q,7,4,0.188,BalancedZippelSeparated
fire7_nb0_rank2623,Automatic,1,ok,216.150,46,2,1,0,0,2305843009213693967:43;2305843009213693973:3,Symbolica_default,cached_powers_Q,4,9,0.177,BalancedZippelSeparated
fire7_nb0_rank2624,Automatic,1,ok,234.850,51,2,1,0,0,2305843009213693967:48;2305843009213693973:3,Symbolica_default,cached_powers_Q,12,4,0.220,BalancedZippelSeparated
fire7_nb0_rank2625,Automatic,1,ok,338.172,47,2,1,0,0,2305843009213693967:44;2305843009213693973:3,Symbolica_default,cached_powers_Q,9,6,0.361,BalancedZippelSeparated
fire7_nb0_rank2626,Automatic,1,ok,330.201,45,2,1,0,0,2305843009213693967:42;2305843009213693973:3,Symbolica_default,cached_powers_Q,9,6,0.369,BalancedZippelSeparated
fire7_nb0_rank2627,Automatic,1,ok,295.311,45,2,1,0,0,2305843009213693967:42;2305843009213693973:3,Symbolica_default,cached_powers_Q,9,6,0.254,BalancedZippelSeparated
fire7_nb0_rank2628,Automatic,1,ok,256.431,45,2,1,0,0,2305843009213693967:42;2305843009213693973:3,Symbolica_default,cached_powers_Q,12,2,0.252,BalancedZippelSeparated
fire7_nb0_rank2629,Automatic,1,ok,231.001,46,2,1,0,0,2305843009213693967:43;2305843009213693973:3,Symbolica_default,cached_powers_Q,6,6,0.364,BalancedZippelSeparated
fire7_nb0_rank2630,Automatic,1,ok,248.571,49,2,1,0,0,2305843009213693967:46;2305843009213693973:3,Symbolica_default,cached_powers_Q,6,8,0.323,BalancedZippelSeparated
fire7_nb0_rank2631,Automatic,1,ok,370.821,55,2,1,0,0,2305843009213693967:52;2305843009213693973:3,Symbolica_default,cached_powers_Q,4,10,0.181,BalancedZippelSeparated
fire7_nb0_rank2632,Automatic,1,ok,240.851,46,2,1,0,0,2305843009213693967:43;2305843009213693973:3,Symbolica_default,cached_powers_Q,7,3,0.357,BalancedZippelSeparated
fire7_nb0_rank2633,Automatic,1,ok,465.371,51,2,1,0,0,2305843009213693967:48;2305843009213693973:3,Symbolica_default,cached_powers_Q,10,4,0.229,BalancedZippelSeparated
fire7_nb0_rank2634,Automatic,1,ok,256.501,60,2,1,0,0,2305843009213693967:57;2305843009213693973:3,Symbolica_default,cached_powers_Q,10,6,0.224,BalancedZippelSeparated
fire7_nb0_rank2635,Automatic,1,ok,464.202,48,2,1,0,0,2305843009213693967:45;2305843009213693973:3,Symbolica_default,cached_powers_Q,10,4,0.241,BalancedZippelSeparated
fire7_nb0_rank2636,Automatic,1,ok,259.941,49,2,1,0,0,2305843009213693967:46;2305843009213693973:3,Symbolica_default,cached_powers_Q,8,4,0.416,BalancedZippelSeparated
fire7_nb0_rank2637,Automatic,1,ok,245.701,46,2,1,0,0,2305843009213693967:43;2305843009213693973:3,Symbolica_default,cached_powers_Q,7,3,0.310,BalancedZippelSeparated
fire7_nb0_rank2638,Automatic,1,ok,332.612,47,2,1,0,0,2305843009213693967:44;2305843009213693973:3,Symbolica_default,cached_powers_Q,8,6,0.191,BalancedZippelSeparated
fire7_nb0_rank2639,Automatic,1,ok,213.091,49,2,1,0,0,2305843009213693967:46;2305843009213693973:3,Symbolica_default,cached_powers_Q,3,10,0.231,BalancedZippelSeparated
fire7_nb0_rank2640,Automatic,1,ok,224.371,46,2,1,0,0,2305843009213693967:43;2305843009213693973:3,Symbolica_default,cached_powers_Q,4,9,0.204,BalancedZippelSeparated
fire7_nb0_rank2641,Automatic,1,ok,442.662,50,2,1,0,0,2305843009213693967:47;2305843009213693973:3,Symbolica_default,cached_powers_Q,4,10,0.240,BalancedZippelSeparated
fire7_nb0_rank2642,Automatic,1,ok,553.012,65,2,1,0,0,2305843009213693967:62;2305843009213693973:3,Symbolica_default,cached_powers_Q,12,3,0.259,BalancedZippelSeparated
fire7_nb0_rank2643,Automatic,1,ok,265.841,50,2,1,0,0,2305843009213693967:47;2305843009213693973:3,Symbolica_default,cached_powers_Q,10,4,0.236,BalancedZippelSeparated
fire7_nb0_rank2644,Automatic,1,ok,258.861,47,2,1,0,0,2305843009213693967:44;2305843009213693973:3,Symbolica_default,cached_powers_Q,9,6,0.197,BalancedZippelSeparated
fire7_nb0_rank2645,Automatic,1,ok,258.270,60,2,1,0,0,2305843009213693967:57;2305843009213693973:3,Symbolica_default,cached_powers_Q,9,5,0.225,BalancedZippelSeparated
fire7_nb0_rank2646,Automatic,1,ok,300.231,63,2,1,0,0,2305843009213693967:60;2305843009213693973:3,Symbolica_default,cached_powers_Q,12,5,0.242,BalancedZippelSeparated
fire7_nb0_rank2647,Automatic,1,ok,255.471,50,2,1,0,0,2305843009213693967:47;2305843009213693973:3,Symbolica_default,cached_powers_Q,4,10,0.454,BalancedZippelSeparated
fire7_nb0_rank2648,Automatic,1,ok,273.471,60,2,1,0,0,2305843009213693967:57;2305843009213693973:3,Symbolica_default,cached_powers_Q,9,5,0.354,BalancedZippelSeparated
fire7_nb0_rank2649,Automatic,1,ok,471.782,45,2,1,0,0,2305843009213693967:42;2305843009213693973:3,Symbolica_default,cached_powers_Q,9,6,0.233,BalancedZippelSeparated
fire7_nb0_rank2650,Automatic,1,ok,308.270,45,2,1,0,0,2305843009213693967:42;2305843009213693973:3,Symbolica_default,cached_powers_Q,9,6,0.258,BalancedZippelSeparated
fire7_nb0_rank2651,Automatic,1,ok,223.461,48,2,1,0,0,2305843009213693967:45;2305843009213693973:3,Symbolica_default,cached_powers_Q,9,3,0.384,BalancedZippelSeparated
fire7_nb0_rank2652,Automatic,1,ok,303.090,45,2,1,0,0,2305843009213693967:42;2305843009213693973:3,Symbolica_default,cached_powers_Q,9,6,0.397,BalancedZippelSeparated
fire7_nb0_rank2653,Automatic,1,ok,282.121,45,2,1,0,0,2305843009213693967:42;2305843009213693973:3,Symbolica_default,cached_powers_Q,9,6,0.335,BalancedZippelSeparated
fire7_nb0_rank2654,Automatic,1,ok,236.281,48,2,1,0,0,2305843009213693967:45;2305843009213693973:3,Symbolica_default,cached_powers_Q,9,3,0.388,BalancedZippelSeparated
fire7_nb0_rank2655,Automatic,1,ok,290.431,45,2,1,0,0,2305843009213693967:42;2305843009213693973:3,Symbolica_default,cached_powers_Q,9,6,0.255,BalancedZippelSeparated
fire7_nb0_rank2656,Automatic,1,ok,416.782,44,2,1,0,0,2305843009213693967:41;2305843009213693973:3,Symbolica_default,cached_powers_Q,6,6,0.229,BalancedZippelSeparated
fire7_nb0_rank2657,Automatic,1,ok,259.921,51,2,1,0,0,2305843009213693967:48;2305843009213693973:3,Symbolica_default,cached_powers_Q,12,4,0.371,BalancedZippelSeparated
fire7_nb0_rank2658,Automatic,1,ok,412.371,51,2,1,0,0,2305843009213693967:48;2305843009213693973:3,Symbolica_default,cached_powers_Q,12,4,0.237,BalancedZippelSeparated
fire7_nb0_rank2659,Automatic,1,ok,258.080,50,2,1,0,0,2305843009213693967:47;2305843009213693973:3,Symbolica_default,cached_powers_Q,4,10,0.357,BalancedZippelSeparated
fire7_nb0_rank2660,Automatic,1,ok,322.541,57,2,1,0,0,2305843009213693967:54;2305843009213693973:3,Symbolica_default,cached_powers_Q,10,5,0.224,BalancedZippelSeparated
fire7_nb0_rank2661,Automatic,1,ok,260.221,50,2,1,0,0,2305843009213693967:47;2305843009213693973:3,Symbolica_default,cached_powers_Q,6,10,0.235,BalancedZippelSeparated
fire7_nb0_rank2662,Automatic,1,ok,201.801,41,2,1,0,0,2305843009213693967:38;2305843009213693973:3,Symbolica_default,cached_powers_Q,9,2,0.257,BalancedZippelSeparated
fire7_nb0_rank2663,Automatic,1,ok,445.622,45,2,1,0,0,2305843009213693967:42;2305843009213693973:3,Symbolica_default,cached_powers_Q,9,2,0.238,BalancedZippelSeparated
fire7_nb0_rank2664,Automatic,1,ok,203.930,44,2,1,0,0,2305843009213693967:41;2305843009213693973:3,Symbolica_default,cached_powers_Q,5,8,0.236,BalancedZippelSeparated
fire7_nb0_rank2665,Automatic,1,ok,260.621,49,2,1,0,0,2305843009213693967:46;2305843009213693973:3,Symbolica_default,cached_powers_Q,9,3,0.247,BalancedZippelSeparated
fire7_nb0_rank2666,Automatic,1,ok,283.541,44,2,1,0,0,2305843009213693967:41;2305843009213693973:3,Symbolica_default,cached_powers_Q,5,8,0.380,BalancedZippelSeparated
fire7_nb0_rank2667,Automatic,1,ok,341.391,59,2,1,0,0,2305843009213693967:56;2305843009213693973:3,Symbolica_default,cached_powers_Q,10,5,0.235,BalancedZippelSeparated
fire7_nb0_rank2668,Automatic,1,ok,316.541,49,2,1,0,0,2305843009213693967:46;2305843009213693973:3,Symbolica_default,cached_powers_Q,9,3,0.381,BalancedZippelSeparated
fire7_nb0_rank2669,Automatic,1,ok,326.721,59,2,1,0,0,2305843009213693967:56;2305843009213693973:3,Symbolica_default,cached_powers_Q,10,5,0.454,BalancedZippelSeparated
fire7_nb0_rank2670,Automatic,1,ok,433.401,55,2,1,0,0,2305843009213693967:52;2305843009213693973:3,Symbolica_default,cached_powers_Q,10,5,0.250,BalancedZippelSeparated
fire7_nb0_rank2671,Automatic,1,ok,454.621,44,2,1,0,0,2305843009213693967:41;2305843009213693973:3,Symbolica_default,cached_powers_Q,10,4,0.239,BalancedZippelSeparated
fire7_nb0_rank2672,Automatic,1,ok,322.261,62,2,1,0,0,2305843009213693967:59;2305843009213693973:3,Symbolica_default,cached_powers_Q,9,6,0.432,BalancedZippelSeparated
fire7_nb0_rank2673,Automatic,1,ok,288.741,44,2,1,0,0,2305843009213693967:41;2305843009213693973:3,Symbolica_default,cached_powers_Q,9,6,0.264,BalancedZippelSeparated
fire7_nb0_rank2674,Automatic,1,ok,415.992,45,2,1,0,0,2305843009213693967:42;2305843009213693973:3,Symbolica_default,cached_powers_Q,8,2,0.249,BalancedZippelSeparated
fire7_nb0_rank2675,Automatic,1,ok,292.181,45,2,1,0,0,2305843009213693967:42;2305843009213693973:3,Symbolica_default,cached_powers_Q,9,6,0.247,BalancedZippelSeparated
fire7_nb0_rank2676,Automatic,1,ok,312.202,55,2,1,0,0,2305843009213693967:52;2305843009213693973:3,Symbolica_default,cached_powers_Q,10,5,0.233,BalancedZippelSeparated
fire7_nb0_rank2677,Automatic,1,ok,202.611,50,2,1,0,0,2305843009213693967:47;2305843009213693973:3,Symbolica_default,cached_powers_Q,6,3,0.396,BalancedZippelSeparated
fire7_nb0_rank2678,Automatic,1,ok,334.321,51,2,1,0,0,2305843009213693967:48;2305843009213693973:3,Symbolica_default,cached_powers_Q,3,10,0.219,BalancedZippelSeparated
fire7_nb0_rank2679,Automatic,1,ok,268.951,46,2,1,0,0,2305843009213693967:43;2305843009213693973:3,Symbolica_default,cached_powers_Q,6,6,0.240,BalancedZippelSeparated
fire7_nb0_rank2680,Automatic,1,ok,356.842,50,2,1,0,0,2305843009213693967:47;2305843009213693973:3,Symbolica_default,cached_powers_Q,10,3,0.234,BalancedZippelSeparated
fire7_nb0_rank2681,Automatic,1,ok,313.491,62,2,1,0,0,2305843009213693967:59;2305843009213693973:3,Symbolica_default,cached_powers_Q,10,5,0.242,BalancedZippelSeparated
fire7_nb0_rank2682,Automatic,1,ok,431.521,67,2,1,0,0,2305843009213693967:64;2305843009213693973:3,Symbolica_default,cached_powers_Q,9,4,0.209,BalancedZippelSeparated
fire7_nb0_rank2683,Automatic,1,ok,224.631,51,2,1,0,0,2305843009213693967:48;2305843009213693973:3,Symbolica_default,cached_powers_Q,3,10,0.433,BalancedZippelSeparated
fire7_nb0_rank2684,Automatic,1,ok,284.481,45,2,1,0,0,2305843009213693967:42;2305843009213693973:3,Symbolica_default,cached_powers_Q,9,6,0.382,BalancedZippelSeparated
fire7_nb0_rank2685,Automatic,1,ok,398.411,43,2,1,0,0,2305843009213693967:40;2305843009213693973:3,Symbolica_default,cached_powers_Q,9,6,0.240,BalancedZippelSeparated
fire7_nb0_rank2686,Automatic,1,ok,409.632,51,2,1,0,0,2305843009213693967:48;2305843009213693973:3,Symbolica_default,cached_powers_Q,12,2,0.233,BalancedZippelSeparated
fire7_nb0_rank2687,Automatic,1,ok,235.851,44,2,1,0,0,2305843009213693967:41;2305843009213693973:3,Symbolica_default,cached_powers_Q,4,9,0.408,BalancedZippelSeparated
fire7_nb0_rank2688,Automatic,1,ok,329.711,49,2,1,0,0,2305843009213693967:46;2305843009213693973:3,Symbolica_default,cached_powers_Q,10,4,0.398,BalancedZippelSeparated
fire7_nb0_rank2689,Automatic,1,ok,269.791,48,2,1,0,0,2305843009213693967:45;2305843009213693973:3,Symbolica_default,cached_powers_Q,8,6,0.242,BalancedZippelSeparated
fire7_nb0_rank2690,Automatic,1,ok,296.731,43,2,1,0,0,2305843009213693967:40;2305843009213693973:3,Symbolica_default,cached_powers_Q,9,6,0.365,BalancedZippelSeparated
fire7_nb0_rank2691,Automatic,1,ok,232.110,44,2,1,0,0,2305843009213693967:41;2305843009213693973:3,Symbolica_default,cached_powers_Q,4,9,0.413,BalancedZippelSeparated
fire7_nb0_rank2692,Automatic,1,ok,418.091,43,2,1,0,0,2305843009213693967:40;2305843009213693973:3,Symbolica_default,cached_powers_Q,9,6,0.215,BalancedZippelSeparated
fire7_nb0_rank2693,Automatic,1,ok,247.881,43,2,1,0,0,2305843009213693967:40;2305843009213693973:3,Symbolica_default,cached_powers_Q,9,6,0.240,BalancedZippelSeparated
fire7_nb0_rank2694,Automatic,1,ok,413.431,43,2,1,0,0,2305843009213693967:40;2305843009213693973:3,Symbolica_default,cached_powers_Q,6,6,0.243,BalancedZippelSeparated
fire7_nb0_rank2695,Automatic,1,ok,279.221,57,2,1,0,0,2305843009213693967:54;2305843009213693973:3,Symbolica_default,cached_powers_Q,12,3,0.397,BalancedZippelSeparated
fire7_nb0_rank2696,Automatic,1,ok,306.651,58,2,1,0,0,2305843009213693967:55;2305843009213693973:3,Symbolica_default,cached_powers_Q,9,5,0.372,BalancedZippelSeparated
fire7_nb0_rank2697,Automatic,1,ok,331.181,49,2,1,0,0,2305843009213693967:46;2305843009213693973:3,Symbolica_default,cached_powers_Q,10,4,0.244,BalancedZippelSeparated
fire7_nb0_rank2698,Automatic,1,ok,211.141,44,2,1,0,0,2305843009213693967:41;2305843009213693973:3,Symbolica_default,cached_powers_Q,4,9,0.234,BalancedZippelSeparated
fire7_nb0_rank2699,Automatic,1,ok,261.310,46,2,1,0,0,2305843009213693967:43;2305843009213693973:3,Symbolica_default,cached_powers_Q,6,6,0.416,BalancedZippelSeparated
fire7_nb0_rank2700,Automatic,1,ok,264.561,58,2,1,0,0,2305843009213693967:55;2305843009213693973:3,Symbolica_default,cached_powers_Q,9,5,0.243,BalancedZippelSeparated
fire7_nb0_rank2701,Automatic,1,ok,239.701,45,2,1,0,0,2305843009213693967:42;2305843009213693973:3,Symbolica_default,cached_powers_Q,9,2,0.217,BalancedZippelSeparated
fire7_nb0_rank2702,Automatic,1,ok,217.941,49,2,1,0,0,2305843009213693967:46;2305843009213693973:3,Symbolica_default,cached_powers_Q,6,4,0.405,BalancedZippelSeparated
fire7_nb0_rank2703,Automatic,1,ok,264.661,46,2,1,0,0,2305843009213693967:43;2305843009213693973:3,Symbolica_default,cached_powers_Q,6,6,0.408,BalancedZippelSeparated
fire7_nb0_rank2704,Automatic,1,ok,324.081,61,2,1,0,0,2305843009213693967:58;2305843009213693973:3,Symbolica_default,cached_powers_Q,10,5,0.244,BalancedZippelSeparated
fire7_nb0_rank2705,Automatic,1,ok,236.570,52,2,1,0,0,2305843009213693967:49;2305843009213693973:3,Symbolica_default,cached_powers_Q,9,3,0.397,BalancedZippelSeparated
fire7_nb0_rank2706,Automatic,1,ok,196.621,41,2,1,0,0,2305843009213693967:38;2305843009213693973:3,Symbolica_default,cached_powers_Q,8,3,0.227,BalancedZippelSeparated
fire7_nb0_rank2707,Automatic,1,ok,224.871,41,2,1,0,0,2305843009213693967:38;2305843009213693973:3,Symbolica_default,cached_powers_Q,8,3,0.225,BalancedZippelSeparated
fire7_nb0_rank2708,Automatic,1,ok,442.171,41,2,1,0,0,2305843009213693967:38;2305843009213693973:3,Symbolica_default,cached_powers_Q,9,4,0.214,BalancedZippelSeparated
fire7_nb0_rank2709,Automatic,1,ok,239.141,41,2,1,0,0,2305843009213693967:38;2305843009213693973:3,Symbolica_default,cached_powers_Q,9,4,0.212,BalancedZippelSeparated
fire7_nb0_rank2710,Automatic,1,ok,219.221,43,2,1,0,0,2305843009213693967:40;2305843009213693973:3,Symbolica_default,cached_powers_Q,9,3,0.223,BalancedZippelSeparated
fire7_nb0_rank2711,Automatic,1,ok,243.341,43,2,1,0,0,2305843009213693967:40;2305843009213693973:3,Symbolica_default,cached_powers_Q,6,6,0.343,BalancedZippelSeparated
fire7_nb0_rank2712,Automatic,1,ok,375.181,48,2,1,0,0,2305843009213693967:45;2305843009213693973:3,Symbolica_default,cached_powers_Q,4,6,0.264,BalancedZippelSeparated
fire7_nb0_rank2713,Automatic,1,ok,290.891,41,2,1,0,0,2305843009213693967:38;2305843009213693973:3,Symbolica_default,cached_powers_Q,9,4,0.233,BalancedZippelSeparated
fire7_nb0_rank2714,Automatic,1,ok,247.850,43,2,1,0,0,2305843009213693967:40;2305843009213693973:3,Symbolica_default,cached_powers_Q,9,6,0.358,BalancedZippelSeparated
fire7_nb0_rank2715,Automatic,1,ok,250.771,46,2,1,0,0,2305843009213693967:43;2305843009213693973:3,Symbolica_default,cached_powers_Q,6,6,0.241,BalancedZippelSeparated
fire7_nb0_rank2716,Automatic,1,ok,302.852,57,2,1,0,0,2305843009213693967:54;2305843009213693973:3,Symbolica_default,cached_powers_Q,8,5,0.250,BalancedZippelSeparated
fire7_nb0_rank2717,Automatic,1,ok,305.471,57,2,1,0,0,2305843009213693967:54;2305843009213693973:3,Symbolica_default,cached_powers_Q,8,5,0.410,BalancedZippelSeparated
fire7_nb0_rank2718,Automatic,1,ok,254.031,43,2,1,0,0,2305843009213693967:40;2305843009213693973:3,Symbolica_default,cached_powers_Q,9,6,0.246,BalancedZippelSeparated
fire7_nb0_rank2719,Automatic,1,ok,212.131,48,2,1,0,0,2305843009213693967:45;2305843009213693973:3,Symbolica_default,cached_powers_Q,4,6,0.404,BalancedZippelSeparated
fire7_nb0_rank2720,Automatic,1,ok,218.391,48,2,1,0,0,2305843009213693967:45;2305843009213693973:3,Symbolica_default,cached_powers_Q,4,6,0.371,BalancedZippelSeparated
fire7_nb0_rank2721,Automatic,1,ok,217.431,41,2,1,0,0,2305843009213693967:38;2305843009213693973:3,Symbolica_default,cached_powers_Q,9,2,0.496,BalancedZippelSeparated
fire7_nb0_rank2722,Automatic,1,ok,218.411,41,2,1,0,0,2305843009213693967:38;2305843009213693973:3,Symbolica_default,cached_powers_Q,9,2,0.232,BalancedZippelSeparated
fire7_nb0_rank2723,Automatic,1,ok,343.521,48,2,1,0,0,2305843009213693967:45;2305843009213693973:3,Symbolica_default,cached_powers_Q,4,6,0.224,BalancedZippelSeparated
fire7_nb0_rank2724,Automatic,1,ok,247.931,49,2,1,0,0,2305843009213693967:46;2305843009213693973:3,Symbolica_default,cached_powers_Q,8,3,0.227,BalancedZippelSeparated
fire7_nb0_rank2725,Automatic,1,ok,217.301,39,2,1,0,0,2305843009213693967:36;2305843009213693973:3,Symbolica_default,cached_powers_Q,9,4,0.223,BalancedZippelSeparated
fire7_nb0_rank2726,Automatic,1,ok,218.341,48,2,1,0,0,2305843009213693967:45;2305843009213693973:3,Symbolica_default,cached_powers_Q,4,6,0.208,BalancedZippelSeparated
fire7_nb0_rank2727,Automatic,1,ok,278.801,43,2,1,0,0,2305843009213693967:40;2305843009213693973:3,Symbolica_default,cached_powers_Q,9,6,0.393,BalancedZippelSeparated
fire7_nb0_rank2728,Automatic,1,ok,224.341,39,2,1,0,0,2305843009213693967:36;2305843009213693973:3,Symbolica_default,cached_powers_Q,9,4,0.218,BalancedZippelSeparated
fire7_nb0_rank2729,Automatic,1,ok,252.020,46,2,1,0,0,2305843009213693967:43;2305843009213693973:3,Symbolica_default,cached_powers_Q,6,6,0.223,BalancedZippelSeparated
fire7_nb0_rank2730,Automatic,1,ok,247.540,46,2,1,0,0,2305843009213693967:43;2305843009213693973:3,Symbolica_default,cached_powers_Q,6,6,0.217,BalancedZippelSeparated
fire7_nb0_rank2731,Automatic,1,ok,428.812,49,2,1,0,0,2305843009213693967:46;2305843009213693973:3,Symbolica_default,cached_powers_Q,10,4,0.491,BalancedZippelSeparated
fire7_nb0_rank2732,Automatic,1,ok,435.361,46,2,1,0,0,2305843009213693967:43;2305843009213693973:3,Symbolica_default,cached_powers_Q,6,6,0.213,BalancedZippelSeparated
fire7_nb0_rank2733,Automatic,1,ok,395.721,41,2,1,0,0,2305843009213693967:38;2305843009213693973:3,Symbolica_default,cached_powers_Q,8,2,0.224,BalancedZippelSeparated
fire7_nb0_rank2734,Automatic,1,ok,203.110,49,2,1,0,0,2305843009213693967:46;2305843009213693973:3,Symbolica_default,cached_powers_Q,3,10,0.342,BalancedZippelSeparated
fire7_nb0_rank2735,Automatic,1,ok,441.412,49,2,1,0,0,2305843009213693967:46;2305843009213693973:3,Symbolica_default,cached_powers_Q,3,10,0.235,BalancedZippelSeparated
fire7_nb0_rank2736,Automatic,1,ok,268.261,57,2,1,0,0,2305843009213693967:54;2305843009213693973:3,Symbolica_default,cached_powers_Q,11,3,0.249,BalancedZippelSeparated
fire7_nb0_rank2737,Automatic,1,ok,220.801,43,2,1,0,0,2305843009213693967:40;2305843009213693973:3,Symbolica_default,cached_powers_Q,3,9,0.235,BalancedZippelSeparated
fire7_nb0_rank2738,Automatic,1,ok,208.861,42,2,1,0,0,2305843009213693967:39;2305843009213693973:3,Symbolica_default,cached_powers_Q,8,2,0.240,BalancedZippelSeparated
fire7_nb0_rank2739,Automatic,1,ok,228.311,43,2,1,0,0,2305843009213693967:40;2305843009213693973:3,Symbolica_default,cached_powers_Q,3,9,0.235,BalancedZippelSeparated
fire7_nb0_rank2740,Automatic,1,ok,265.881,43,2,1,0,0,2305843009213693967:40;2305843009213693973:3,Symbolica_default,cached_powers_Q,3,9,0.365,BalancedZippelSeparated
fire7_nb0_rank2741,Automatic,1,ok,279.162,70,2,1,0,0,2305843009213693967:67;2305843009213693973:3,Symbolica_default,cached_powers_Q,8,4,0.250,BalancedZippelSeparated
fire7_nb0_rank2742,Automatic,1,ok,404.692,49,2,1,0,0,2305843009213693967:46;2305843009213693973:3,Symbolica_default,cached_powers_Q,10,2,0.242,BalancedZippelSeparated
fire7_nb0_rank2743,Automatic,1,ok,311.571,41,2,1,0,0,2305843009213693967:38;2305843009213693973:3,Symbolica_default,cached_powers_Q,8,2,0.362,BalancedZippelSeparated
fire7_nb0_rank2744,Automatic,1,ok,198.301,42,2,1,0,0,2305843009213693967:39;2305843009213693973:3,Symbolica_default,cached_powers_Q,8,2,0.227,BalancedZippelSeparated
fire7_nb0_rank2745,Automatic,1,ok,209.951,49,2,1,0,0,2305843009213693967:46;2305843009213693973:3,Symbolica_default,cached_powers_Q,3,10,0.231,BalancedZippelSeparated
fire7_nb0_rank2746,Automatic,1,ok,191.741,42,2,1,0,0,2305843009213693967:39;2305843009213693973:3,Symbolica_default,cached_powers_Q,4,6,0.214,BalancedZippelSeparated
fire7_nb0_rank2747,Automatic,1,ok,198.590,42,2,1,0,0,2305843009213693967:39;2305843009213693973:3,Symbolica_default,cached_powers_Q,4,6,0.219,BalancedZippelSeparated
fire7_nb0_rank2748,Automatic,1,ok,220.081,42,2,1,0,0,2305843009213693967:39;2305843009213693973:3,Symbolica_default,cached_powers_Q,4,6,0.380,BalancedZippelSeparated
fire7_nb0_rank2749,Automatic,1,ok,233.331,42,2,1,0,0,2305843009213693967:39;2305843009213693973:3,Symbolica_default,cached_powers_Q,4,6,0.335,BalancedZippelSeparated
fire7_nb0_rank2750,Automatic,1,ok,254.231,42,2,1,0,0,2305843009213693967:39;2305843009213693973:3,Symbolica_default,cached_powers_Q,4,6,0.327,BalancedZippelSeparated
fire7_nb0_rank2751,Automatic,1,ok,222.580,41,2,1,0,0,2305843009213693967:38;2305843009213693973:3,Symbolica_default,cached_powers_Q,8,2,0.373,BalancedZippelSeparated
fire7_nb0_rank2752,Automatic,1,ok,185.431,40,2,1,0,0,2305843009213693967:37;2305843009213693973:3,Symbolica_default,cached_powers_Q,9,1,0.318,BalancedZippelSeparated
fire7_nb0_rank2753,Automatic,1,ok,276.681,40,2,1,0,0,2305843009213693967:37;2305843009213693973:3,Symbolica_default,cached_powers_Q,9,1,0.205,BalancedZippelSeparated
fire7_nb0_rank2754,Automatic,1,ok,420.292,40,2,1,0,0,2305843009213693967:37;2305843009213693973:3,Symbolica_default,cached_powers_Q,8,4,0.217,BalancedZippelSeparated
fire7_nb0_rank2755,Automatic,1,ok,261.301,42,2,1,0,0,2305843009213693967:39;2305843009213693973:3,Symbolica_default,cached_powers_Q,9,4,0.226,BalancedZippelSeparated
fire7_nb0_rank2756,Automatic,1,ok,193.300,46,2,1,0,0,2305843009213693967:43;2305843009213693973:3,Symbolica_default,cached_powers_Q,5,3,0.235,BalancedZippelSeparated
fire7_nb0_rank2757,Automatic,1,ok,236.291,49,2,1,0,0,2305843009213693967:46;2305843009213693973:3,Symbolica_default,cached_powers_Q,3,10,0.226,BalancedZippelSeparated
fire7_nb0_rank2758,Automatic,1,ok,225.651,47,2,1,0,0,2305843009213693967:44;2305843009213693973:3,Symbolica_default,cached_powers_Q,3,10,0.234,BalancedZippelSeparated
fire7_nb0_rank2759,Automatic,1,ok,432.452,41,2,1,0,0,2305843009213693967:38;2305843009213693973:3,Symbolica_default,cached_powers_Q,8,2,0.224,BalancedZippelSeparated
fire7_nb0_rank2760,Automatic,1,ok,217.870,49,2,1,0,0,2305843009213693967:46;2305843009213693973:3,Symbolica_default,cached_powers_Q,3,10,0.400,BalancedZippelSeparated
fire7_nb0_rank2761,Automatic,1,ok,450.802,43,2,1,0,0,2305843009213693967:40;2305843009213693973:3,Symbolica_default,cached_powers_Q,6,6,0.238,BalancedZippelSeparated
fire7_nb0_rank2762,Automatic,1,ok,480.192,52,2,1,0,0,2305843009213693967:49;2305843009213693973:3,Symbolica_default,cached_powers_Q,10,3,0.235,BalancedZippelSeparated
fire7_nb0_rank2763,Automatic,1,ok,279.131,43,2,1,0,0,2305843009213693967:40;2305843009213693973:3,Symbolica_default,cached_powers_Q,6,6,0.244,BalancedZippelSeparated
fire7_nb0_rank2764,Automatic,1,ok,470.821,43,2,1,0,0,2305843009213693967:40;2305843009213693973:3,Symbolica_default,cached_powers_Q,6,6,0.235,BalancedZippelSeparated
fire7_nb0_rank2765,Automatic,1,ok,272.301,51,2,1,0,0,2305843009213693967:48;2305843009213693973:3,Symbolica_default,cached_powers_Q,8,5,0.233,BalancedZippelSeparated
fire7_nb0_rank2766,Automatic,1,ok,423.792,43,2,1,0,0,2305843009213693967:40;2305843009213693973:3,Symbolica_default,cached_powers_Q,6,6,0.234,BalancedZippelSeparated
fire7_nb0_rank2767,Automatic,1,ok,251.661,43,2,1,0,0,2305843009213693967:40;2305843009213693973:3,Symbolica_default,cached_powers_Q,6,6,0.333,BalancedZippelSeparated
fire7_nb0_rank2768,Automatic,1,ok,226.110,40,2,1,0,0,2305843009213693967:37;2305843009213693973:3,Symbolica_default,cached_powers_Q,8,4,0.304,BalancedZippelSeparated
fire7_nb0_rank2769,Automatic,1,ok,297.790,45,2,1,0,0,2305843009213693967:42;2305843009213693973:3,Symbolica_default,cached_powers_Q,8,6,0.406,BalancedZippelSeparated
fire7_nb0_rank2770,Automatic,1,ok,199.561,47,2,1,0,0,2305843009213693967:44;2305843009213693973:3,Symbolica_default,cached_powers_Q,4,4,0.223,BalancedZippelSeparated
fire7_nb0_rank2771,Automatic,1,ok,207.141,47,2,1,0,0,2305843009213693967:44;2305843009213693973:3,Symbolica_default,cached_powers_Q,4,4,0.234,BalancedZippelSeparated
fire7_nb0_rank2772,Automatic,1,ok,272.032,41,2,1,0,0,2305843009213693967:38;2305843009213693973:3,Symbolica_default,cached_powers_Q,8,2,0.397,BalancedZippelSeparated
fire7_nb0_rank2773,Automatic,1,ok,299.161,53,2,1,0,0,2305843009213693967:50;2305843009213693973:3,Symbolica_default,cached_powers_Q,8,5,0.403,BalancedZippelSeparated
fire7_nb0_rank2774,Automatic,1,ok,452.112,45,2,1,0,0,2305843009213693967:42;2305843009213693973:3,Symbolica_default,cached_powers_Q,9,6,0.239,BalancedZippelSeparated
fire7_nb0_rank2775,Automatic,1,ok,290.621,40,2,1,0,0,2305843009213693967:37;2305843009213693973:3,Symbolica_default,cached_powers_Q,9,4,0.234,BalancedZippelSeparated
fire7_nb0_rank2776,Automatic,1,ok,416.772,42,2,1,0,0,2305843009213693967:39;2305843009213693973:3,Symbolica_default,cached_powers_Q,6,6,0.242,BalancedZippelSeparated
fire7_nb0_rank2777,Automatic,1,ok,359.541,41,2,1,0,0,2305843009213693967:38;2305843009213693973:3,Symbolica_default,cached_powers_Q,8,2,0.234,BalancedZippelSeparated
fire7_nb0_rank2778,Automatic,1,ok,223.290,41,2,1,0,0,2305843009213693967:38;2305843009213693973:3,Symbolica_default,cached_powers_Q,6,6,0.234,BalancedZippelSeparated
fire7_nb0_rank2779,Automatic,1,ok,229.371,41,2,1,0,0,2305843009213693967:38;2305843009213693973:3,Symbolica_default,cached_powers_Q,6,6,0.402,BalancedZippelSeparated
fire7_nb0_rank2780,Automatic,1,ok,205.301,45,2,1,0,0,2305843009213693967:42;2305843009213693973:3,Symbolica_default,cached_powers_Q,5,4,0.401,BalancedZippelSeparated
fire7_nb0_rank2781,Automatic,1,ok,352.641,45,2,1,0,0,2305843009213693967:42;2305843009213693973:3,Symbolica_default,cached_powers_Q,5,4,0.236,BalancedZippelSeparated
fire7_nb0_rank2782,Automatic,1,ok,199.610,50,2,1,0,0,2305843009213693967:47;2305843009213693973:3,Symbolica_default,cached_powers_Q,5,2,0.331,BalancedZippelSeparated
fire7_nb0_rank2783,Automatic,1,ok,197.341,42,2,1,0,0,2305843009213693967:39;2305843009213693973:3,Symbolica_default,cached_powers_Q,4,6,0.221,BalancedZippelSeparated
fire7_nb0_rank2784,Automatic,1,ok,253.801,40,2,1,0,0,2305843009213693967:37;2305843009213693973:3,Symbolica_default,cached_powers_Q,9,4,0.223,BalancedZippelSeparated
fire7_nb0_rank2785,Automatic,1,ok,279.161,40,2,1,0,0,2305843009213693967:37;2305843009213693973:3,Symbolica_default,cached_powers_Q,9,4,0.220,BalancedZippelSeparated
fire7_nb0_rank2786,Automatic,1,ok,185.931,41,2,1,0,0,2305843009213693967:38;2305843009213693973:3,Symbolica_default,cached_powers_Q,8,2,0.211,BalancedZippelSeparated
fire7_nb0_rank2787,Automatic,1,ok,162.211,42,2,1,0,0,2305843009213693967:39;2305843009213693973:3,Symbolica_default,cached_powers_Q,10,1,0.326,BalancedZippelSeparated
fire7_nb0_rank2788,Automatic,1,ok,191.681,46,2,1,0,0,2305843009213693967:43;2305843009213693973:3,Symbolica_default,cached_powers_Q,4,3,0.224,BalancedZippelSeparated
fire7_nb0_rank2789,Automatic,1,ok,440.692,42,2,1,0,0,2305843009213693967:39;2305843009213693973:3,Symbolica_default,cached_powers_Q,9,3,0.231,BalancedZippelSeparated
fire7_nb0_rank2790,Automatic,1,ok,439.481,45,2,1,0,0,2305843009213693967:42;2305843009213693973:3,Symbolica_default,cached_powers_Q,8,6,0.236,BalancedZippelSeparated
fire7_nb0_rank2791,Automatic,1,ok,367.701,41,2,1,0,0,2305843009213693967:38;2305843009213693973:3,Symbolica_default,cached_powers_Q,8,2,0.234,BalancedZippelSeparated
fire7_nb0_rank2792,Automatic,1,ok,241.431,42,2,1,0,0,2305843009213693967:39;2305843009213693973:3,Symbolica_default,cached_powers_Q,8,2,0.244,BalancedZippelSeparated
fire7_nb0_rank2793,Automatic,1,ok,259.341,42,2,1,0,0,2305843009213693967:39;2305843009213693973:3,Symbolica_default,cached_powers_Q,8,2,0.231,BalancedZippelSeparated
fire7_nb0_rank2794,Automatic,1,ok,386.521,37,2,1,0,0,2305843009213693967:34;2305843009213693973:3,Symbolica_default,cached_powers_Q,9,2,0.405,BalancedZippelSeparated
fire7_nb0_rank2795,Automatic,1,ok,432.152,39,2,1,0,0,2305843009213693967:36;2305843009213693973:3,Symbolica_default,cached_powers_Q,8,2,0.247,BalancedZippelSeparated
fire7_nb0_rank2796,Automatic,1,ok,406.181,41,2,1,0,0,2305843009213693967:38;2305843009213693973:3,Symbolica_default,cached_powers_Q,4,6,0.425,BalancedZippelSeparated
fire7_nb0_rank2797,Automatic,1,ok,345.212,50,2,1,0,0,2305843009213693967:47;2305843009213693973:3,Symbolica_default,cached_powers_Q,5,2,0.238,BalancedZippelSeparated
fire7_nb0_rank2798,Automatic,1,ok,362.142,50,2,1,0,0,2305843009213693967:47;2305843009213693973:3,Symbolica_default,cached_powers_Q,5,2,0.404,BalancedZippelSeparated
fire7_nb0_rank2799,Automatic,1,ok,416.281,43,2,1,0,0,2305843009213693967:40;2305843009213693973:3,Symbolica_default,cached_powers_Q,6,6,0.240,BalancedZippelSeparated
fire7_nb0_rank2800,Automatic,1,ok,244.491,42,2,1,0,0,2305843009213693967:39;2305843009213693973:3,Symbolica_default,cached_powers_Q,8,2,0.236,BalancedZippelSeparated
fire7_nb0_rank2801,Automatic,1,ok,397.342,42,2,1,0,0,2305843009213693967:39;2305843009213693973:3,Symbolica_default,cached_powers_Q,6,6,0.231,BalancedZippelSeparated
fire7_nb0_rank2802,Automatic,1,ok,241.981,42,2,1,0,0,2305843009213693967:39;2305843009213693973:3,Symbolica_default,cached_powers_Q,8,2,0.233,BalancedZippelSeparated
fire7_nb0_rank2803,Automatic,1,ok,205.011,41,2,1,0,0,2305843009213693967:38;2305843009213693973:3,Symbolica_default,cached_powers_Q,8,2,0.233,BalancedZippelSeparated
fire7_nb0_rank2804,Automatic,1,ok,190.721,52,2,1,0,0,2305843009213693967:49;2305843009213693973:3,Symbolica_default,cached_powers_Q,5,2,0.237,BalancedZippelSeparated
fire7_nb0_rank2805,Automatic,1,ok,363.071,49,2,1,0,0,2305843009213693967:46;2305843009213693973:3,Symbolica_default,cached_powers_Q,3,10,0.247,BalancedZippelSeparated
fire7_nb0_rank2806,Automatic,1,ok,294.951,41,2,1,0,0,2305843009213693967:38;2305843009213693973:3,Symbolica_default,cached_powers_Q,9,4,0.396,BalancedZippelSeparated
fire7_nb0_rank2807,Automatic,1,ok,222.181,40,2,1,0,0,2305843009213693967:37;2305843009213693973:3,Symbolica_default,cached_powers_Q,8,2,0.243,BalancedZippelSeparated
fire7_nb0_rank2808,Automatic,1,ok,200.650,41,2,1,0,0,2305843009213693967:38;2305843009213693973:3,Symbolica_default,cached_powers_Q,8,2,0.233,BalancedZippelSeparated
fire7_nb0_rank2809,Automatic,1,ok,408.242,40,2,1,0,0,2305843009213693967:37;2305843009213693973:3,Symbolica_default,cached_powers_Q,8,2,0.226,BalancedZippelSeparated
fire7_nb0_rank2810,Automatic,1,ok,224.021,40,2,1,0,0,2305843009213693967:37;2305843009213693973:3,Symbolica_default,cached_powers_Q,9,2,0.390,BalancedZippelSeparated
fire7_nb0_rank2811,Automatic,1,ok,387.971,43,2,1,0,0,2305843009213693967:40;2305843009213693973:3,Symbolica_default,cached_powers_Q,9,2,0.260,BalancedZippelSeparated
fire7_nb0_rank2812,Automatic,1,ok,203.191,44,2,1,0,0,2305843009213693967:41;2305843009213693973:3,Symbolica_default,cached_powers_Q,3,6,0.226,BalancedZippelSeparated
fire7_nb0_rank2813,Automatic,1,ok,262.241,40,2,1,0,0,2305843009213693967:37;2305843009213693973:3,Symbolica_default,cached_powers_Q,9,4,0.227,BalancedZippelSeparated
fire7_nb0_rank2814,Automatic,1,ok,202.311,41,2,1,0,0,2305843009213693967:38;2305843009213693973:3,Symbolica_default,cached_powers_Q,6,2,0.379,BalancedZippelSeparated
fire7_nb0_rank2815,Automatic,1,ok,194.510,41,2,1,0,0,2305843009213693967:38;2305843009213693973:3,Symbolica_default,cached_powers_Q,6,2,0.333,BalancedZippelSeparated
fire7_nb0_rank2816,Automatic,1,ok,228.561,49,2,1,0,0,2305843009213693967:46;2305843009213693973:3,Symbolica_default,cached_powers_Q,3,10,0.203,BalancedZippelSeparated
fire7_nb0_rank2817,Automatic,1,ok,214.611,65,2,1,0,0,2305843009213693967:62;2305843009213693973:3,Symbolica_default,cached_powers_Q,9,2,0.397,BalancedZippelSeparated
fire7_nb0_rank2818,Automatic,1,ok,285.691,40,2,1,0,0,2305843009213693967:37;2305843009213693973:3,Symbolica_default,cached_powers_Q,9,4,0.238,BalancedZippelSeparated
fire7_nb0_rank2819,Automatic,1,ok,237.361,38,2,1,0,0,2305843009213693967:35;2305843009213693973:3,Symbolica_default,cached_powers_Q,9,4,0.418,BalancedZippelSeparated
fire7_nb0_rank2820,Automatic,1,ok,238.221,38,2,1,0,0,2305843009213693967:35;2305843009213693973:3,Symbolica_default,cached_powers_Q,9,4,0.239,BalancedZippelSeparated
fire7_nb0_rank2821,Automatic,1,ok,219.631,37,2,1,0,0,2305843009213693967:34;2305843009213693973:3,Symbolica_default,cached_powers_Q,9,2,0.221,BalancedZippelSeparated
fire7_nb0_rank2822,Automatic,1,ok,231.751,40,2,1,0,0,2305843009213693967:37;2305843009213693973:3,Symbolica_default,cached_powers_Q,4,6,0.263,BalancedZippelSeparated
fire7_nb0_rank2823,Automatic,1,ok,410.362,48,2,1,0,0,2305843009213693967:45;2305843009213693973:3,Symbolica_default,cached_powers_Q,4,6,0.243,BalancedZippelSeparated
fire7_nb0_rank2824,Automatic,1,ok,220.841,48,2,1,0,0,2305843009213693967:45;2305843009213693973:3,Symbolica_default,cached_powers_Q,4,6,0.245,BalancedZippelSeparated
fire7_nb0_rank2825,Automatic,1,ok,227.241,42,2,1,0,0,2305843009213693967:39;2305843009213693973:3,Symbolica_default,cached_powers_Q,4,6,0.246,BalancedZippelSeparated
fire7_nb0_rank2826,Automatic,1,ok,207.741,48,2,1,0,0,2305843009213693967:45;2305843009213693973:3,Symbolica_default,cached_powers_Q,4,6,0.239,BalancedZippelSeparated
fire7_nb0_rank2827,Automatic,1,ok,197.190,40,2,1,0,0,2305843009213693967:37;2305843009213693973:3,Symbolica_default,cached_powers_Q,4,6,0.225,BalancedZippelSeparated
fire7_nb0_rank2828,Automatic,1,ok,213.201,40,2,1,0,0,2305843009213693967:37;2305843009213693973:3,Symbolica_default,cached_powers_Q,4,6,0.239,BalancedZippelSeparated
fire7_nb0_rank2829,Automatic,1,ok,203.120,40,2,1,0,0,2305843009213693967:37;2305843009213693973:3,Symbolica_default,cached_powers_Q,4,6,0.394,BalancedZippelSeparated
fire7_nb0_rank2830,Automatic,1,ok,204.790,48,2,1,0,0,2305843009213693967:45;2305843009213693973:3,Symbolica_default,cached_powers_Q,4,6,0.229,BalancedZippelSeparated
fire7_nb0_rank2831,Automatic,1,ok,181.511,53,2,1,0,0,2305843009213693967:50;2305843009213693973:3,Symbolica_default,cached_powers_Q,3,5,0.209,BalancedZippelSeparated
fire7_nb0_rank2832,Automatic,1,ok,196.990,53,2,1,0,0,2305843009213693967:50;2305843009213693973:3,Symbolica_default,cached_powers_Q,3,5,0.210,BalancedZippelSeparated
fire7_nb0_rank2833,Automatic,1,ok,213.300,40,2,1,0,0,2305843009213693967:37;2305843009213693973:3,Symbolica_default,cached_powers_Q,4,6,0.236,BalancedZippelSeparated
fire7_nb0_rank2834,Automatic,1,ok,217.181,48,2,1,0,0,2305843009213693967:45;2305843009213693973:3,Symbolica_default,cached_powers_Q,4,6,0.248,BalancedZippelSeparated
fire7_nb0_rank2835,Automatic,1,ok,419.232,40,2,1,0,0,2305843009213693967:37;2305843009213693973:3,Symbolica_default,cached_powers_Q,4,6,0.229,BalancedZippelSeparated
fire7_nb0_rank2836,Automatic,1,ok,216.381,40,2,1,0,0,2305843009213693967:37;2305843009213693973:3,Symbolica_default,cached_powers_Q,4,6,0.220,BalancedZippelSeparated
fire7_nb0_rank2837,Automatic,1,ok,234.701,39,2,1,0,0,2305843009213693967:36;2305843009213693973:3,Symbolica_default,cached_powers_Q,9,2,0.389,BalancedZippelSeparated
fire7_nb0_rank2838,Automatic,1,ok,219.871,40,2,1,0,0,2305843009213693967:37;2305843009213693973:3,Symbolica_default,cached_powers_Q,9,2,0.224,BalancedZippelSeparated
fire7_nb0_rank2839,Automatic,1,ok,398.791,42,2,1,0,0,2305843009213693967:39;2305843009213693973:3,Symbolica_default,cached_powers_Q,4,6,0.229,BalancedZippelSeparated
fire7_nb0_rank2840,Automatic,1,ok,239.821,39,2,1,0,0,2305843009213693967:36;2305843009213693973:3,Symbolica_default,cached_powers_Q,9,2,0.222,BalancedZippelSeparated
fire7_nb0_rank2841,Automatic,1,ok,230.501,39,2,1,0,0,2305843009213693967:36;2305843009213693973:3,Symbolica_default,cached_powers_Q,9,2,0.225,BalancedZippelSeparated
fire7_nb0_rank2842,Automatic,1,ok,367.802,39,2,1,0,0,2305843009213693967:36;2305843009213693973:3,Symbolica_default,cached_powers_Q,9,2,0.223,BalancedZippelSeparated
fire7_nb0_rank2843,Automatic,1,ok,197.300,57,2,1,0,0,2305843009213693967:54;2305843009213693973:3,Symbolica_default,cached_powers_Q,4,5,0.202,BalancedZippelSeparated
fire7_nb0_rank2844,Automatic,1,ok,411.051,42,2,1,0,0,2305843009213693967:39;2305843009213693973:3,Symbolica_default,cached_powers_Q,4,6,0.220,BalancedZippelSeparated
fire7_nb0_rank2845,Automatic,1,ok,195.571,37,2,1,0,0,2305843009213693967:34;2305843009213693973:3,Symbolica_default,cached_powers_Q,9,2,0.227,BalancedZippelSeparated
fire7_nb0_rank2846,Automatic,1,ok,226.181,37,2,1,0,0,2305843009213693967:34;2305843009213693973:3,Symbolica_default,cached_powers_Q,6,4,0.393,BalancedZippelSeparated
fire7_nb0_rank2847,Automatic,1,ok,237.581,37,2,1,0,0,2305843009213693967:34;2305843009213693973:3,Symbolica_default,cached_powers_Q,6,4,0.230,BalancedZippelSeparated
fire7_nb0_rank2848,Automatic,1,ok,280.551,52,2,1,0,0,2305843009213693967:49;2305843009213693973:3,Symbolica_default,cached_powers_Q,8,3,0.388,BalancedZippelSeparated
fire7_nb0_rank2849,Automatic,1,ok,239.841,39,2,1,0,0,2305843009213693967:36;2305843009213693973:3,Symbolica_default,cached_powers_Q,9,2,0.379,BalancedZippelSeparated
fire7_nb0_rank2850,Automatic,1,ok,273.361,37,2,1,0,0,2305843009213693967:34;2305843009213693973:3,Symbolica_default,cached_powers_Q,9,2,0.370,BalancedZippelSeparated
fire7_nb0_rank2851,Automatic,1,ok,423.591,46,2,1,0,0,2305843009213693967:43;2305843009213693973:3,Symbolica_default,cached_powers_Q,8,4,0.223,BalancedZippelSeparated
fire7_nb0_rank2852,Automatic,1,ok,188.991,43,2,1,0,0,2305843009213693967:40;2305843009213693973:3,Symbolica_default,cached_powers_Q,5,3,0.235,BalancedZippelSeparated
fire7_nb0_rank2853,Automatic,1,ok,238.631,40,2,1,0,0,2305843009213693967:37;2305843009213693973:3,Symbolica_default,cached_powers_Q,4,6,0.349,BalancedZippelSeparated
fire7_nb0_rank2854,Automatic,1,ok,191.861,40,2,1,0,0,2305843009213693967:37;2305843009213693973:3,Symbolica_default,cached_powers_Q,4,6,0.217,BalancedZippelSeparated
fire7_nb0_rank2855,Automatic,1,ok,199.421,43,2,1,0,0,2305843009213693967:40;2305843009213693973:3,Symbolica_default,cached_powers_Q,5,3,0.236,BalancedZippelSeparated
fire7_nb0_rank2856,Automatic,1,ok,253.611,38,2,1,0,0,2305843009213693967:35;2305843009213693973:3,Symbolica_default,cached_powers_Q,9,2,0.405,BalancedZippelSeparated
fire7_nb0_rank2857,Automatic,1,ok,208.001,37,2,1,0,0,2305843009213693967:34;2305843009213693973:3,Symbolica_default,cached_powers_Q,9,2,0.233,BalancedZippelSeparated
fire7_nb0_rank2858,Automatic,1,ok,287.821,52,2,1,0,0,2305843009213693967:49;2305843009213693973:3,Symbolica_default,cached_powers_Q,8,3,0.247,BalancedZippelSeparated
fire7_nb0_rank2859,Automatic,1,ok,473.702,52,2,1,0,0,2305843009213693967:49;2305843009213693973:3,Symbolica_default,cached_powers_Q,8,3,0.234,BalancedZippelSeparated
fire7_nb0_rank2860,Automatic,1,ok,488.361,50,2,1,0,0,2305843009213693967:47;2305843009213693973:3,Symbolica_default,cached_powers_Q,8,3,0.225,BalancedZippelSeparated
fire7_nb0_rank2861,Automatic,1,ok,393.761,50,2,1,0,0,2305843009213693967:47;2305843009213693973:3,Symbolica_default,cached_powers_Q,8,3,0.234,BalancedZippelSeparated
fire7_nb0_rank2862,Automatic,1,ok,402.062,43,2,1,0,0,2305843009213693967:40;2305843009213693973:3,Symbolica_default,cached_powers_Q,9,6,0.226,BalancedZippelSeparated
fire7_nb0_rank2863,Automatic,1,ok,381.741,42,2,1,0,0,2305843009213693967:39;2305843009213693973:3,Symbolica_default,cached_powers_Q,3,6,0.248,BalancedZippelSeparated
fire7_nb0_rank2864,Automatic,1,ok,241.871,47,2,1,0,0,2305843009213693967:44;2305843009213693973:3,Symbolica_default,cached_powers_Q,5,6,0.239,BalancedZippelSeparated
fire7_nb0_rank2865,Automatic,1,ok,212.311,42,2,1,0,0,2305843009213693967:39;2305843009213693973:3,Symbolica_default,cached_powers_Q,4,4,0.376,BalancedZippelSeparated
fire7_nb0_rank2866,Automatic,1,ok,219.711,37,2,1,0,0,2305843009213693967:34;2305843009213693973:3,Symbolica_default,cached_powers_Q,6,4,0.240,BalancedZippelSeparated
fire7_nb0_rank2867,Automatic,1,ok,242.571,39,2,1,0,0,2305843009213693967:36;2305843009213693973:3,Symbolica_default,cached_powers_Q,9,2,0.438,BalancedZippelSeparated
fire7_nb0_rank2868,Automatic,1,ok,203.160,40,2,1,0,0,2305843009213693967:37;2305843009213693973:3,Symbolica_default,cached_powers_Q,4,6,0.236,BalancedZippelSeparated
fire7_nb0_rank2869,Automatic,1,ok,205.661,40,2,1,0,0,2305843009213693967:37;2305843009213693973:3,Symbolica_default,cached_powers_Q,4,6,0.420,BalancedZippelSeparated
fire7_nb0_rank2870,Automatic,1,ok,227.021,37,2,1,0,0,2305843009213693967:34;2305843009213693973:3,Symbolica_default,cached_powers_Q,6,4,0.224,BalancedZippelSeparated
fire7_nb0_rank2871,Automatic,1,ok,259.301,39,2,1,0,0,2305843009213693967:36;2305843009213693973:3,Symbolica_default,cached_powers_Q,9,2,0.219,BalancedZippelSeparated
fire7_nb0_rank2872,Automatic,1,ok,234.711,38,2,1,0,0,2305843009213693967:35;2305843009213693973:3,Symbolica_default,cached_powers_Q,9,2,0.211,BalancedZippelSeparated
fire7_nb0_rank2873,Automatic,1,ok,423.282,41,2,1,0,0,2305843009213693967:38;2305843009213693973:3,Symbolica_default,cached_powers_Q,4,6,0.230,BalancedZippelSeparated
fire7_nb0_rank2874,Automatic,1,ok,205.061,40,2,1,0,0,2305843009213693967:37;2305843009213693973:3,Symbolica_default,cached_powers_Q,4,6,0.217,BalancedZippelSeparated
fire7_nb0_rank2875,Automatic,1,ok,207.411,40,2,1,0,0,2305843009213693967:37;2305843009213693973:3,Symbolica_default,cached_powers_Q,4,6,0.200,BalancedZippelSeparated
fire7_nb0_rank2876,Automatic,1,ok,333.551,40,2,1,0,0,2305843009213693967:37;2305843009213693973:3,Symbolica_default,cached_powers_Q,4,6,0.205,BalancedZippelSeparated
fire7_nb0_rank2877,Automatic,1,ok,374.502,38,2,1,0,0,2305843009213693967:35;2305843009213693973:3,Symbolica_default,cached_powers_Q,9,2,0.202,BalancedZippelSeparated
fire7_nb0_rank2878,Automatic,1,ok,225.211,37,2,1,0,0,2305843009213693967:34;2305843009213693973:3,Symbolica_default,cached_powers_Q,6,3,0.216,BalancedZippelSeparated
fire7_nb0_rank2879,Automatic,1,ok,201.911,45,2,1,0,0,2305843009213693967:42;2305843009213693973:3,Symbolica_default,cached_powers_Q,5,3,0.230,BalancedZippelSeparated
fire7_nb0_rank2880,Automatic,1,ok,196.181,45,2,1,0,0,2305843009213693967:42;2305843009213693973:3,Symbolica_default,cached_powers_Q,5,3,0.233,BalancedZippelSeparated
fire7_nb0_rank2881,Automatic,1,ok,240.971,38,2,1,0,0,2305843009213693967:35;2305843009213693973:3,Symbolica_default,cached_powers_Q,9,2,0.411,BalancedZippelSeparated
fire7_nb0_rank2882,Automatic,1,ok,225.141,45,2,1,0,0,2305843009213693967:42;2305843009213693973:3,Symbolica_default,cached_powers_Q,6,3,0.235,BalancedZippelSeparated
fire7_nb0_rank2883,Automatic,1,ok,205.541,45,2,1,0,0,2305843009213693967:42;2305843009213693973:3,Symbolica_default,cached_powers_Q,4,6,0.234,BalancedZippelSeparated
fire7_nb0_rank2884,Automatic,1,ok,384.572,45,2,1,0,0,2305843009213693967:42;2305843009213693973:3,Symbolica_default,cached_powers_Q,4,6,0.240,BalancedZippelSeparated
fire7_nb0_rank2885,Automatic,1,ok,218.721,45,2,1,0,0,2305843009213693967:42;2305843009213693973:3,Symbolica_default,cached_powers_Q,4,6,0.235,BalancedZippelSeparated
fire7_nb0_rank2886,Automatic,1,ok,213.101,45,2,1,0,0,2305843009213693967:42;2305843009213693973:3,Symbolica_default,cached_powers_Q,4,6,0.222,BalancedZippelSeparated
fire7_nb0_rank2887,Automatic,1,ok,252.661,46,2,1,0,0,2305843009213693967:43;2305843009213693973:3,Symbolica_default,cached_powers_Q,4,6,0.216,BalancedZippelSeparated
fire7_nb0_rank2888,Automatic,1,ok,226.251,45,2,1,0,0,2305843009213693967:42;2305843009213693973:3,Symbolica_default,cached_powers_Q,6,3,0.213,BalancedZippelSeparated
fire7_nb0_rank2889,Automatic,1,ok,239.691,47,2,1,0,0,2305843009213693967:44;2305843009213693973:3,Symbolica_default,cached_powers_Q,8,3,0.224,BalancedZippelSeparated
fire7_nb0_rank2890,Automatic,1,ok,225.061,46,2,1,0,0,2305843009213693967:43;2305843009213693973:3,Symbolica_default,cached_powers_Q,6,3,0.395,BalancedZippelSeparated
fire7_nb0_rank2891,Automatic,1,ok,263.271,40,2,1,0,0,2305843009213693967:37;2305843009213693973:3,Symbolica_default,cached_powers_Q,8,4,0.222,BalancedZippelSeparated
fire7_nb0_rank2892,Automatic,1,ok,185.000,45,2,1,0,0,2305843009213693967:42;2305843009213693973:3,Symbolica_default,cached_powers_Q,5,3,0.331,BalancedZippelSeparated
fire7_nb0_rank2893,Automatic,1,ok,184.661,45,2,1,0,0,2305843009213693967:42;2305843009213693973:3,Symbolica_default,cached_powers_Q,5,3,0.218,BalancedZippelSeparated
fire7_nb0_rank2894,Automatic,1,ok,186.800,45,2,1,0,0,2305843009213693967:42;2305843009213693973:3,Symbolica_default,cached_powers_Q,5,3,0.387,BalancedZippelSeparated
fire7_nb0_rank2895,Automatic,1,ok,352.681,46,2,1,0,0,2305843009213693967:43;2305843009213693973:3,Symbolica_default,cached_powers_Q,5,2,0.225,BalancedZippelSeparated
fire7_nb0_rank2896,Automatic,1,ok,393.511,41,2,1,0,0,2305843009213693967:38;2305843009213693973:3,Symbolica_default,cached_powers_Q,5,4,0.258,BalancedZippelSeparated
fire7_nb0_rank2897,Automatic,1,ok,379.932,41,2,1,0,0,2305843009213693967:38;2305843009213693973:3,Symbolica_default,cached_powers_Q,5,4,0.232,BalancedZippelSeparated
fire7_nb0_rank2898,Automatic,1,ok,188.440,41,2,1,0,0,2305843009213693967:38;2305843009213693973:3,Symbolica_default,cached_powers_Q,5,4,0.415,BalancedZippelSeparated
fire7_nb0_rank2899,Automatic,1,ok,196.351,45,2,1,0,0,2305843009213693967:42;2305843009213693973:3,Symbolica_default,cached_powers_Q,5,3,0.229,BalancedZippelSeparated
fire7_nb0_rank2900,Automatic,1,ok,195.181,45,2,1,0,0,2305843009213693967:42;2305843009213693973:3,Symbolica_default,cached_powers_Q,5,3,0.389,BalancedZippelSeparated
fire7_nb0_rank2901,Automatic,1,ok,373.421,45,2,1,0,0,2305843009213693967:42;2305843009213693973:3,Symbolica_default,cached_powers_Q,5,3,0.225,BalancedZippelSeparated
fire7_nb0_rank2902,Automatic,1,ok,203.571,42,2,1,0,0,2305843009213693967:39;2305843009213693973:3,Symbolica_default,cached_powers_Q,3,6,0.228,BalancedZippelSeparated
fire7_nb0_rank2903,Automatic,1,ok,333.041,57,2,1,0,0,2305843009213693967:54;2305843009213693973:3,Symbolica_default,cached_powers_Q,7,2,0.219,BalancedZippelSeparated
fire7_nb0_rank2904,Automatic,1,ok,430.892,42,2,1,0,0,2305843009213693967:39;2305843009213693973:3,Symbolica_default,cached_powers_Q,4,4,0.219,BalancedZippelSeparated
fire7_nb0_rank2905,Automatic,1,ok,226.381,45,2,1,0,0,2305843009213693967:42;2305843009213693973:3,Symbolica_default,cached_powers_Q,8,3,0.207,BalancedZippelSeparated
fire7_nb0_rank2906,Automatic,1,ok,218.971,40,2,1,0,0,2305843009213693967:37;2305843009213693973:3,Symbolica_default,cached_powers_Q,6,4,0.220,BalancedZippelSeparated
fire7_nb0_rank2907,Automatic,1,ok,203.521,38,2,1,0,0,2305843009213693967:35;2305843009213693973:3,Symbolica_default,cached_powers_Q,6,4,0.218,BalancedZippelSeparated
fire7_nb0_rank2908,Automatic,1,ok,184.210,41,2,1,0,0,2305843009213693967:38;2305843009213693973:3,Symbolica_default,cached_powers_Q,5,4,0.219,BalancedZippelSeparated
fire7_nb0_rank2909,Automatic,1,ok,185.551,41,2,1,0,0,2305843009213693967:38;2305843009213693973:3,Symbolica_default,cached_powers_Q,5,4,0.218,BalancedZippelSeparated
fire7_nb0_rank2910,Automatic,1,ok,417.942,42,2,1,0,0,2305843009213693967:39;2305843009213693973:3,Symbolica_default,cached_powers_Q,6,3,0.225,BalancedZippelSeparated
fire7_nb0_rank2911,Automatic,1,ok,189.901,43,2,1,0,0,2305843009213693967:40;2305843009213693973:3,Symbolica_default,cached_powers_Q,5,3,0.224,BalancedZippelSeparated
fire7_nb0_rank2912,Automatic,1,ok,230.401,38,2,1,0,0,2305843009213693967:35;2305843009213693973:3,Symbolica_default,cached_powers_Q,9,2,0.451,BalancedZippelSeparated
fire7_nb0_rank2913,Automatic,1,ok,229.481,38,2,1,0,0,2305843009213693967:35;2305843009213693973:3,Symbolica_default,cached_powers_Q,9,2,0.364,BalancedZippelSeparated
fire7_nb0_rank2914,Automatic,1,ok,239.621,38,2,1,0,0,2305843009213693967:35;2305843009213693973:3,Symbolica_default,cached_powers_Q,9,2,0.223,BalancedZippelSeparated
fire7_nb0_rank2915,Automatic,1,ok,406.971,38,2,1,0,0,2305843009213693967:35;2305843009213693973:3,Symbolica_default,cached_powers_Q,9,2,0.227,BalancedZippelSeparated
fire7_nb0_rank2916,Automatic,1,ok,192.771,40,2,1,0,0,2305843009213693967:37;2305843009213693973:3,Symbolica_default,cached_powers_Q,3,4,0.227,BalancedZippelSeparated
fire7_nb0_rank2917,Automatic,1,ok,253.461,40,2,1,0,0,2305843009213693967:37;2305843009213693973:3,Symbolica_default,cached_powers_Q,3,4,0.334,BalancedZippelSeparated
fire7_nb0_rank2918,Automatic,1,ok,379.591,38,2,1,0,0,2305843009213693967:35;2305843009213693973:3,Symbolica_default,cached_powers_Q,9,2,0.231,BalancedZippelSeparated
fire7_nb0_rank2919,Automatic,1,ok,227.151,42,2,1,0,0,2305843009213693967:39;2305843009213693973:3,Symbolica_default,cached_powers_Q,6,3,0.217,BalancedZippelSeparated
fire7_nb0_rank2920,Automatic,1,ok,446.681,48,2,1,0,0,2305843009213693967:45;2305843009213693973:3,Symbolica_default,cached_powers_Q,6,5,0.221,BalancedZippelSeparated
fire7_nb0_rank2921,Automatic,1,ok,190.111,38,2,1,0,0,2305843009213693967:35;2305843009213693973:3,Symbolica_default,cached_powers_Q,4,6,0.207,BalancedZippelSeparated
fire7_nb0_rank2922,Automatic,1,ok,177.290,38,2,1,0,0,2305843009213693967:35;2305843009213693973:3,Symbolica_default,cached_powers_Q,4,6,0.210,BalancedZippelSeparated
fire7_nb0_rank2923,Automatic,1,ok,255.520,48,2,1,0,0,2305843009213693967:45;2305843009213693973:3,Symbolica_default,cached_powers_Q,6,5,0.411,BalancedZippelSeparated
fire7_nb0_rank2924,Automatic,1,ok,324.811,38,2,1,0,0,2305843009213693967:35;2305843009213693973:3,Symbolica_default,cached_powers_Q,4,4,0.218,BalancedZippelSeparated
fire7_nb0_rank2925,Automatic,1,ok,214.281,38,2,1,0,0,2305843009213693967:35;2305843009213693973:3,Symbolica_default,cached_powers_Q,4,4,0.366,BalancedZippelSeparated
fire7_nb0_rank2926,Automatic,1,ok,449.622,43,2,1,0,0,2305843009213693967:40;2305843009213693973:3,Symbolica_default,cached_powers_Q,8,3,0.299,BalancedZippelSeparated
fire7_nb0_rank2927,Automatic,1,ok,256.101,46,2,1,0,0,2305843009213693967:43;2305843009213693973:3,Symbolica_default,cached_powers_Q,4,2,0.509,BalancedZippelSeparated
fire7_nb0_rank2928,Automatic,1,ok,267.721,38,2,1,0,0,2305843009213693967:35;2305843009213693973:3,Symbolica_default,cached_powers_Q,6,2,0.488,BalancedZippelSeparated
fire7_nb0_rank2929,Automatic,1,ok,257.341,43,2,1,0,0,2305843009213693967:40;2305843009213693973:3,Symbolica_default,cached_powers_Q,5,3,0.511,BalancedZippelSeparated
fire7_nb0_rank2930,Automatic,1,ok,461.191,40,2,1,0,0,2305843009213693967:37;2305843009213693973:3,Symbolica_default,cached_powers_Q,8,1,0.251,BalancedZippelSeparated
fire7_nb0_rank2931,Automatic,1,ok,302.142,38,2,1,0,0,2305843009213693967:35;2305843009213693973:3,Symbolica_default,cached_powers_Q,9,2,0.290,BalancedZippelSeparated
fire7_nb0_rank2932,Automatic,1,ok,307.031,45,2,1,0,0,2305843009213693967:42;2305843009213693973:3,Symbolica_default,cached_powers_Q,8,3,0.420,BalancedZippelSeparated
fire7_nb0_rank2933,Automatic,1,ok,176.101,43,2,1,0,0,2305843009213693967:40;2305843009213693973:3,Symbolica_default,cached_powers_Q,5,3,0.365,BalancedZippelSeparated
fire7_nb0_rank2934,Automatic,1,ok,336.861,40,2,1,0,0,2305843009213693967:37;2305843009213693973:3,Symbolica_default,cached_powers_Q,9,2,0.445,BalancedZippelSeparated
fire7_nb0_rank2935,Automatic,1,ok,290.731,38,2,1,0,0,2305843009213693967:35;2305843009213693973:3,Symbolica_default,cached_powers_Q,9,2,0.278,BalancedZippelSeparated
fire7_nb0_rank2936,Automatic,1,ok,255.210,40,2,1,0,0,2305843009213693967:37;2305843009213693973:3,Symbolica_default,cached_powers_Q,3,6,0.286,BalancedZippelSeparated
fire7_nb0_rank2937,Automatic,1,ok,178.260,49,2,1,0,0,2305843009213693967:46;2305843009213693973:3,Symbolica_default,cached_powers_Q,3,5,0.197,BalancedZippelSeparated
fire7_nb0_rank2938,Automatic,1,ok,432.511,52,2,1,0,0,2305843009213693967:49;2305843009213693973:3,Symbolica_default,cached_powers_Q,8,3,0.219,BalancedZippelSeparated
fire7_nb0_rank2939,Automatic,1,ok,182.671,36,2,1,0,0,2305843009213693967:33;2305843009213693973:3,Symbolica_default,cached_powers_Q,6,2,0.216,BalancedZippelSeparated
fire7_nb0_rank2940,Automatic,1,ok,183.701,37,2,1,0,0,2305843009213693967:34;2305843009213693973:3,Symbolica_default,cached_powers_Q,6,2,0.221,BalancedZippelSeparated
fire7_nb0_rank2941,Automatic,1,ok,189.551,37,2,1,0,0,2305843009213693967:34;2305843009213693973:3,Symbolica_default,cached_powers_Q,6,2,0.211,BalancedZippelSeparated
fire7_nb0_rank2942,Automatic,1,ok,303.121,43,2,1,0,0,2305843009213693967:40;2305843009213693973:3,Symbolica_default,cached_powers_Q,5,3,0.242,BalancedZippelSeparated
fire7_nb0_rank2943,Automatic,1,ok,206.711,43,2,1,0,0,2305843009213693967:40;2305843009213693973:3,Symbolica_default,cached_powers_Q,5,3,0.234,BalancedZippelSeparated
fire7_nb0_rank2944,Automatic,1,ok,175.960,43,2,1,0,0,2305843009213693967:40;2305843009213693973:3,Symbolica_default,cached_powers_Q,5,3,0.220,BalancedZippelSeparated
fire7_nb0_rank2945,Automatic,1,ok,321.122,38,2,1,0,0,2305843009213693967:35;2305843009213693973:3,Symbolica_default,cached_powers_Q,9,2,0.485,BalancedZippelSeparated
fire7_nb0_rank2946,Automatic,1,ok,254.611,42,2,1,0,0,2305843009213693967:39;2305843009213693973:3,Symbolica_default,cached_powers_Q,8,4,0.234,BalancedZippelSeparated
fire7_nb0_rank2947,Automatic,1,ok,482.592,38,2,1,0,0,2305843009213693967:35;2305843009213693973:3,Symbolica_default,cached_powers_Q,3,4,0.298,BalancedZippelSeparated
fire7_nb0_rank2948,Automatic,1,ok,286.090,42,2,1,0,0,2305843009213693967:39;2305843009213693973:3,Symbolica_default,cached_powers_Q,6,3,0.370,BalancedZippelSeparated
fire7_nb0_rank2949,Automatic,1,ok,231.031,40,2,1,0,0,2305843009213693967:37;2305843009213693973:3,Symbolica_default,cached_powers_Q,3,6,0.302,BalancedZippelSeparated
fire7_nb0_rank2950,Automatic,1,ok,356.392,39,2,1,0,0,2305843009213693967:36;2305843009213693973:3,Symbolica_default,cached_powers_Q,6,3,0.212,BalancedZippelSeparated
fire7_nb0_rank2951,Automatic,1,ok,249.921,38,2,1,0,0,2305843009213693967:35;2305843009213693973:3,Symbolica_default,cached_powers_Q,3,4,0.449,BalancedZippelSeparated
fire7_nb0_rank2952,Automatic,1,ok,249.341,38,2,1,0,0,2305843009213693967:35;2305843009213693973:3,Symbolica_default,cached_powers_Q,3,4,0.288,BalancedZippelSeparated
fire7_nb0_rank2953,Automatic,1,ok,602.412,41,2,1,0,0,2305843009213693967:38;2305843009213693973:3,Symbolica_default,cached_powers_Q,3,6,0.297,BalancedZippelSeparated
fire7_nb0_rank2954,Automatic,1,ok,258.790,40,2,1,0,0,2305843009213693967:37;2305843009213693973:3,Symbolica_default,cached_powers_Q,3,6,0.285,BalancedZippelSeparated
fire7_nb0_rank2955,Automatic,1,ok,520.342,38,2,1,0,0,2305843009213693967:35;2305843009213693973:3,Symbolica_default,cached_powers_Q,6,4,0.290,BalancedZippelSeparated
fire7_nb0_rank2956,Automatic,1,ok,252.621,42,2,1,0,0,2305843009213693967:39;2305843009213693973:3,Symbolica_default,cached_powers_Q,4,4,0.287,BalancedZippelSeparated
fire7_nb0_rank2957,Automatic,1,ok,268.961,42,2,1,0,0,2305843009213693967:39;2305843009213693973:3,Symbolica_default,cached_powers_Q,4,4,0.270,BalancedZippelSeparated
fire7_nb0_rank2958,Automatic,1,ok,262.921,39,2,1,0,0,2305843009213693967:36;2305843009213693973:3,Symbolica_default,cached_powers_Q,4,3,0.491,BalancedZippelSeparated
fire7_nb0_rank2959,Automatic,1,ok,217.161,36,2,1,0,0,2305843009213693967:33;2305843009213693973:3,Symbolica_default,cached_powers_Q,6,4,0.416,BalancedZippelSeparated
fire7_nb0_rank2960,Automatic,1,ok,412.761,38,2,1,0,0,2305843009213693967:35;2305843009213693973:3,Symbolica_default,cached_powers_Q,4,6,0.229,BalancedZippelSeparated
fire7_nb0_rank2961,Automatic,1,ok,223.921,40,2,1,0,0,2305843009213693967:37;2305843009213693973:3,Symbolica_default,cached_powers_Q,3,6,0.398,BalancedZippelSeparated
fire7_nb0_rank2962,Automatic,1,ok,218.241,40,2,1,0,0,2305843009213693967:37;2305843009213693973:3,Symbolica_default,cached_powers_Q,8,2,0.228,BalancedZippelSeparated
fire7_nb0_rank2963,Automatic,1,ok,198.051,40,2,1,0,0,2305843009213693967:37;2305843009213693973:3,Symbolica_default,cached_powers_Q,3,6,0.383,BalancedZippelSeparated
fire7_nb0_rank2964,Automatic,1,ok,200.241,35,2,1,0,0,2305843009213693967:32;2305843009213693973:3,Symbolica_default,cached_powers_Q,6,2,0.213,BalancedZippelSeparated
fire7_nb0_rank2965,Automatic,1,ok,224.331,40,2,1,0,0,2305843009213693967:37;2305843009213693973:3,Symbolica_default,cached_powers_Q,3,6,0.205,BalancedZippelSeparated
fire7_nb0_rank2966,Automatic,1,ok,492.981,40,2,1,0,0,2305843009213693967:37;2305843009213693973:3,Symbolica_default,cached_powers_Q,3,6,0.320,BalancedZippelSeparated
fire7_nb0_rank2967,Automatic,1,ok,248.331,36,2,1,0,0,2305843009213693967:33;2305843009213693973:3,Symbolica_default,cached_powers_Q,6,2,0.298,BalancedZippelSeparated
fire7_nb0_rank2968,Automatic,1,ok,235.321,37,2,1,0,0,2305843009213693967:34;2305843009213693973:3,Symbolica_default,cached_powers_Q,6,2,0.285,BalancedZippelSeparated
fire7_nb0_rank2969,Automatic,1,ok,330.781,46,2,1,0,0,2305843009213693967:43;2305843009213693973:3,Symbolica_default,cached_powers_Q,7,3,0.305,BalancedZippelSeparated
fire7_nb0_rank2970,Automatic,1,ok,203.631,38,2,1,0,0,2305843009213693967:35;2305843009213693973:3,Symbolica_default,cached_powers_Q,3,4,0.234,BalancedZippelSeparated
fire7_nb0_rank2971,Automatic,1,ok,285.161,35,2,1,0,0,2305843009213693967:32;2305843009213693973:3,Symbolica_default,cached_powers_Q,6,2,0.321,BalancedZippelSeparated
fire7_nb0_rank2972,Automatic,1,ok,479.052,40,2,1,0,0,2305843009213693967:37;2305843009213693973:3,Symbolica_default,cached_powers_Q,3,6,0.239,BalancedZippelSeparated
fire7_nb0_rank2973,Automatic,1,ok,207.441,40,2,1,0,0,2305843009213693967:37;2305843009213693973:3,Symbolica_default,cached_powers_Q,8,2,0.334,BalancedZippelSeparated
fire7_nb0_rank2974,Automatic,1,ok,211.741,40,2,1,0,0,2305843009213693967:37;2305843009213693973:3,Symbolica_default,cached_powers_Q,3,6,0.388,BalancedZippelSeparated
fire7_nb0_rank2975,Automatic,1,ok,186.860,34,2,1,0,0,2305843009213693967:31;2305843009213693973:3,Symbolica_default,cached_powers_Q,6,2,0.208,BalancedZippelSeparated
fire7_nb0_rank2976,Automatic,1,ok,301.761,53,2,1,0,0,2305843009213693967:50;2305843009213693973:3,Symbolica_default,cached_powers_Q,4,5,0.342,BalancedZippelSeparated
fire7_nb0_rank2977,Automatic,1,ok,257.721,51,2,1,0,0,2305843009213693967:48;2305843009213693973:3,Symbolica_default,cached_powers_Q,4,5,0.234,BalancedZippelSeparated
fire7_nb0_rank2978,Automatic,1,ok,411.341,36,2,1,0,0,2305843009213693967:33;2305843009213693973:3,Symbolica_default,cached_powers_Q,6,2,0.210,BalancedZippelSeparated
fire7_nb0_rank2979,Automatic,1,ok,328.772,35,2,1,0,0,2305843009213693967:32;2305843009213693973:3,Symbolica_default,cached_powers_Q,6,2,0.211,BalancedZippelSeparated
fire7_nb0_rank2980,Automatic,1,ok,211.061,36,2,1,0,0,2305843009213693967:33;2305843009213693973:3,Symbolica_default,cached_powers_Q,6,2,0.198,BalancedZippelSeparated
fire7_nb0_rank2981,Automatic,1,ok,172.270,39,2,1,0,0,2305843009213693967:36;2305843009213693973:3,Symbolica_default,cached_powers_Q,4,3,0.213,BalancedZippelSeparated
fire7_nb0_rank2982,Automatic,1,ok,190.021,39,2,1,0,0,2305843009213693967:36;2305843009213693973:3,Symbolica_default,cached_powers_Q,4,3,0.206,BalancedZippelSeparated
fire7_nb0_rank2983,Automatic,1,ok,249.001,39,2,1,0,0,2305843009213693967:36;2305843009213693973:3,Symbolica_default,cached_powers_Q,4,3,0.508,BalancedZippelSeparated
fire7_nb0_rank2984,Automatic,1,ok,298.031,39,2,1,0,0,2305843009213693967:36;2305843009213693973:3,Symbolica_default,cached_powers_Q,4,3,0.228,BalancedZippelSeparated
fire7_nb0_rank2985,Automatic,1,ok,280.781,34,2,1,0,0,2305843009213693967:31;2305843009213693973:3,Symbolica_default,cached_powers_Q,6,2,0.440,BalancedZippelSeparated
fire7_nb0_rank2986,Automatic,1,ok,451.662,39,2,1,0,0,2305843009213693967:36;2305843009213693973:3,Symbolica_default,cached_powers_Q,4,3,0.330,BalancedZippelSeparated
fire7_nb0_rank2987,Automatic,1,ok,289.801,39,2,1,0,0,2305843009213693967:36;2305843009213693973:3,Symbolica_default,cached_powers_Q,4,3,0.349,BalancedZippelSeparated
fire7_nb0_rank2988,Automatic,1,ok,577.832,49,2,1,0,0,2305843009213693967:46;2305843009213693973:3,Symbolica_default,cached_powers_Q,3,5,0.322,BalancedZippelSeparated
fire7_nb0_rank2989,Automatic,1,ok,262.611,35,2,1,0,0,2305843009213693967:32;2305843009213693973:3,Symbolica_default,cached_powers_Q,6,2,0.309,BalancedZippelSeparated
fire7_nb0_rank2990,Automatic,1,ok,260.381,34,2,1,0,0,2305843009213693967:31;2305843009213693973:3,Symbolica_default,cached_powers_Q,6,2,0.560,BalancedZippelSeparated
fire7_nb0_rank2991,Automatic,1,ok,228.791,51,2,1,0,0,2305843009213693967:48;2305843009213693973:3,Symbolica_default,cached_powers_Q,6,4,0.243,BalancedZippelSeparated
fire7_nb0_rank2992,Automatic,1,ok,229.860,36,2,1,0,0,2305843009213693967:33;2305843009213693973:3,Symbolica_default,cached_powers_Q,6,4,0.255,BalancedZippelSeparated
fire7_nb0_rank2993,Automatic,1,ok,224.191,51,2,1,0,0,2305843009213693967:48;2305843009213693973:3,Symbolica_default,cached_powers_Q,6,4,0.400,BalancedZippelSeparated
fire7_nb0_rank2994,Automatic,1,ok,173.870,37,2,1,0,0,2305843009213693967:34;2305843009213693973:3,Symbolica_default,cached_powers_Q,4,3,0.216,BalancedZippelSeparated
fire7_nb0_rank2995,Automatic,1,ok,221.191,41,2,1,0,0,2305843009213693967:38;2305843009213693973:3,Symbolica_default,cached_powers_Q,6,3,0.238,BalancedZippelSeparated
fire7_nb0_rank2996,Automatic,1,ok,221.580,41,2,1,0,0,2305843009213693967:38;2305843009213693973:3,Symbolica_default,cached_powers_Q,6,3,0.223,BalancedZippelSeparated
fire7_nb0_rank2997,Automatic,1,ok,184.591,35,2,1,0,0,2305843009213693967:32;2305843009213693973:3,Symbolica_default,cached_powers_Q,6,2,0.355,BalancedZippelSeparated
fire7_nb0_rank2998,Automatic,1,ok,176.660,35,2,1,0,0,2305843009213693967:32;2305843009213693973:3,Symbolica_default,cached_powers_Q,6,2,0.366,BalancedZippelSeparated
fire7_nb0_rank2999,Automatic,1,ok,184.441,35,2,1,0,0,2305843009213693967:32;2305843009213693973:3,Symbolica_default,cached_powers_Q,6,2,0.225,BalancedZippelSeparated
fire7_nb0_rank3000,Automatic,1,ok,202.281,35,2,1,0,0,2305843009213693967:32;2305843009213693973:3,Symbolica_default,cached_powers_Q,6,2,0.261,BalancedZippelSeparated
fire7_nb0_rank3001,Automatic,1,ok,240.081,41,2,1,0,0,2305843009213693967:38;2305843009213693973:3,Symbolica_default,cached_powers_Q,6,3,0.250,BalancedZippelSeparated
fire7_nb0_rank3002,Automatic,1,ok,253.501,41,2,1,0,0,2305843009213693967:38;2305843009213693973:3,Symbolica_default,cached_powers_Q,6,3,0.250,BalancedZippelSeparated
fire7_nb0_rank3003,Automatic,1,ok,237.051,41,2,1,0,0,2305843009213693967:38;2305843009213693973:3,Symbolica_default,cached_powers_Q,6,3,0.241,BalancedZippelSeparated
fire7_nb0_rank3004,Automatic,1,ok,227.891,40,2,1,0,0,2305843009213693967:37;2305843009213693973:3,Symbolica_default,cached_powers_Q,4,4,0.433,BalancedZippelSeparated
fire7_nb0_rank3005,Automatic,1,ok,247.380,40,2,1,0,0,2305843009213693967:37;2305843009213693973:3,Symbolica_default,cached_powers_Q,6,4,0.250,BalancedZippelSeparated
fire7_nb0_rank3006,Automatic,1,ok,438.461,40,2,1,0,0,2305843009213693967:37;2305843009213693973:3,Symbolica_default,cached_powers_Q,6,4,0.250,BalancedZippelSeparated
fire7_nb0_rank3007,Automatic,1,ok,217.841,40,2,1,0,0,2305843009213693967:37;2305843009213693973:3,Symbolica_default,cached_powers_Q,3,6,0.244,BalancedZippelSeparated
fire7_nb0_rank3008,Automatic,1,ok,175.400,57,2,1,0,0,2305843009213693967:54;2305843009213693973:3,Symbolica_default,cached_powers_Q,3,6,0.200,BalancedZippelSeparated
fire7_nb0_rank3009,Automatic,1,ok,291.151,41,2,1,0,0,2305843009213693967:38;2305843009213693973:3,Symbolica_default,cached_powers_Q,6,3,0.340,BalancedZippelSeparated
fire7_nb0_rank3010,Automatic,1,ok,209.361,35,2,1,0,0,2305843009213693967:32;2305843009213693973:3,Symbolica_default,cached_powers_Q,6,2,0.205,BalancedZippelSeparated
fire7_nb0_rank3011,Automatic,1,ok,215.890,40,2,1,0,0,2305843009213693967:37;2305843009213693973:3,Symbolica_default,cached_powers_Q,4,4,0.381,BalancedZippelSeparated
fire7_nb0_rank3012,Automatic,1,ok,202.491,36,2,1,0,0,2305843009213693967:33;2305843009213693973:3,Symbolica_default,cached_powers_Q,6,4,0.211,BalancedZippelSeparated
fire7_nb0_rank3013,Automatic,1,ok,368.521,36,2,1,0,0,2305843009213693967:33;2305843009213693973:3,Symbolica_default,cached_powers_Q,6,4,0.213,BalancedZippelSeparated
fire7_nb0_rank3014,Automatic,1,ok,208.791,40,2,1,0,0,2305843009213693967:37;2305843009213693973:3,Symbolica_default,cached_powers_Q,3,6,0.228,BalancedZippelSeparated
fire7_nb0_rank3015,Automatic,1,ok,343.511,37,2,1,0,0,2305843009213693967:34;2305843009213693973:3,Symbolica_default,cached_powers_Q,4,3,0.223,BalancedZippelSeparated
fire7_nb0_rank3016,Automatic,1,ok,175.040,37,2,1,0,0,2305843009213693967:34;2305843009213693973:3,Symbolica_default,cached_powers_Q,4,3,0.216,BalancedZippelSeparated
fire7_nb0_rank3017,Automatic,1,ok,403.232,37,2,1,0,0,2305843009213693967:34;2305843009213693973:3,Symbolica_default,cached_powers_Q,4,3,0.245,BalancedZippelSeparated
fire7_nb0_rank3018,Automatic,1,ok,368.551,37,2,1,0,0,2305843009213693967:34;2305843009213693973:3,Symbolica_default,cached_powers_Q,4,3,0.227,BalancedZippelSeparated
fire7_nb0_rank3019,Automatic,1,ok,458.251,40,2,1,0,0,2305843009213693967:37;2305843009213693973:3,Symbolica_default,cached_powers_Q,3,6,0.312,BalancedZippelSeparated
fire7_nb0_rank3020,Automatic,1,ok,295.801,40,2,1,0,0,2305843009213693967:37;2305843009213693973:3,Symbolica_default,cached_powers_Q,3,6,0.304,BalancedZippelSeparated
fire7_nb0_rank3021,Automatic,1,ok,310.891,37,2,1,0,0,2305843009213693967:34;2305843009213693973:3,Symbolica_default,cached_powers_Q,4,3,0.489,BalancedZippelSeparated
fire7_nb0_rank3022,Automatic,1,ok,235.970,39,2,1,0,0,2305843009213693967:36;2305843009213693973:3,Symbolica_default,cached_powers_Q,4,3,0.448,BalancedZippelSeparated
fire7_nb0_rank3023,Automatic,1,ok,260.381,39,2,1,0,0,2305843009213693967:36;2305843009213693973:3,Symbolica_default,cached_powers_Q,4,3,0.522,BalancedZippelSeparated
fire7_nb0_rank3024,Automatic,1,ok,320.301,39,2,1,0,0,2305843009213693967:36;2305843009213693973:3,Symbolica_default,cached_powers_Q,4,3,0.343,BalancedZippelSeparated
fire7_nb0_rank3025,Automatic,1,ok,311.912,48,2,1,0,0,2305843009213693967:45;2305843009213693973:3,Symbolica_default,cached_powers_Q,4,4,0.513,BalancedZippelSeparated
fire7_nb0_rank3026,Automatic,1,ok,223.430,38,2,1,0,0,2305843009213693967:35;2305843009213693973:3,Symbolica_default,cached_powers_Q,6,4,0.227,BalancedZippelSeparated
fire7_nb0_rank3027,Automatic,1,ok,174.061,37,2,1,0,0,2305843009213693967:34;2305843009213693973:3,Symbolica_default,cached_powers_Q,4,3,0.220,BalancedZippelSeparated
fire7_nb0_rank3028,Automatic,1,ok,177.611,37,2,1,0,0,2305843009213693967:34;2305843009213693973:3,Symbolica_default,cached_powers_Q,4,3,0.247,BalancedZippelSeparated
fire7_nb0_rank3029,Automatic,1,ok,222.181,37,2,1,0,0,2305843009213693967:34;2305843009213693973:3,Symbolica_default,cached_powers_Q,4,3,0.359,BalancedZippelSeparated
fire7_nb0_rank3030,Automatic,1,ok,203.220,37,2,1,0,0,2305843009213693967:34;2305843009213693973:3,Symbolica_default,cached_powers_Q,4,3,0.373,BalancedZippelSeparated
fire7_nb0_rank3031,Automatic,1,ok,390.831,37,2,1,0,0,2305843009213693967:34;2305843009213693973:3,Symbolica_default,cached_powers_Q,4,3,0.264,BalancedZippelSeparated
fire7_nb0_rank3032,Automatic,1,ok,493.051,37,2,1,0,0,2305843009213693967:34;2305843009213693973:3,Symbolica_default,cached_powers_Q,4,3,0.309,BalancedZippelSeparated
fire7_nb0_rank3033,Automatic,1,ok,314.002,34,2,1,0,0,2305843009213693967:31;2305843009213693973:3,Symbolica_default,cached_powers_Q,6,2,0.327,BalancedZippelSeparated
fire7_nb0_rank3034,Automatic,1,ok,242.010,40,2,1,0,0,2305843009213693967:37;2305843009213693973:3,Symbolica_default,cached_powers_Q,4,2,0.309,BalancedZippelSeparated
fire7_nb0_rank3035,Automatic,1,ok,239.281,37,2,1,0,0,2305843009213693967:34;2305843009213693973:3,Symbolica_default,cached_powers_Q,4,3,0.377,BalancedZippelSeparated
fire7_nb0_rank3036,Automatic,1,ok,203.411,36,2,1,0,0,2305843009213693967:33;2305843009213693973:3,Symbolica_default,cached_powers_Q,6,1,0.299,BalancedZippelSeparated
fire7_nb0_rank3037,Automatic,1,ok,313.011,42,2,1,0,0,2305843009213693967:39;2305843009213693973:3,Symbolica_default,cached_powers_Q,6,3,0.485,BalancedZippelSeparated
fire7_nb0_rank3038,Automatic,1,ok,243.151,36,2,1,0,0,2305843009213693967:33;2305843009213693973:3,Symbolica_default,cached_powers_Q,5,4,0.231,BalancedZippelSeparated
fire7_nb0_rank3039,Automatic,1,ok,309.211,40,2,1,0,0,2305843009213693967:37;2305843009213693973:3,Symbolica_default,cached_powers_Q,3,2,0.220,BalancedZippelSeparated
fire7_nb0_rank3040,Automatic,1,ok,221.711,35,2,1,0,0,2305843009213693967:32;2305843009213693973:3,Symbolica_default,cached_powers_Q,6,2,0.415,BalancedZippelSeparated
fire7_nb0_rank3041,Automatic,1,ok,179.311,37,2,1,0,0,2305843009213693967:34;2305843009213693973:3,Symbolica_default,cached_powers_Q,4,3,0.243,BalancedZippelSeparated
fire7_nb0_rank3042,Automatic,1,ok,323.361,37,2,1,0,0,2305843009213693967:34;2305843009213693973:3,Symbolica_default,cached_powers_Q,4,3,0.218,BalancedZippelSeparated
fire7_nb0_rank3043,Automatic,1,ok,161.450,36,2,1,0,0,2305843009213693967:33;2305843009213693973:3,Symbolica_default,cached_powers_Q,6,1,0.202,BalancedZippelSeparated
fire7_nb0_rank3044,Automatic,1,ok,225.141,36,2,1,0,0,2305843009213693967:33;2305843009213693973:3,Symbolica_default,cached_powers_Q,4,4,0.384,BalancedZippelSeparated
fire7_nb0_rank3045,Automatic,1,ok,468.312,48,2,1,0,0,2305843009213693967:45;2305843009213693973:3,Symbolica_default,cached_powers_Q,6,3,0.235,BalancedZippelSeparated
fire7_nb0_rank3046,Automatic,1,ok,393.002,36,2,1,0,0,2305843009213693967:33;2305843009213693973:3,Symbolica_default,cached_powers_Q,6,4,0.253,BalancedZippelSeparated
fire7_nb0_rank3047,Automatic,1,ok,505.653,36,2,1,0,0,2305843009213693967:33;2305843009213693973:3,Symbolica_default,cached_powers_Q,6,4,0.302,BalancedZippelSeparated
fire7_nb0_rank3048,Automatic,1,ok,311.352,55,2,1,0,0,2305843009213693967:52;2305843009213693973:3,Symbolica_default,cached_powers_Q,3,6,0.424,BalancedZippelSeparated
fire7_nb0_rank3049,Automatic,1,ok,397.331,37,2,1,0,0,2305843009213693967:34;2305843009213693973:3,Symbolica_default,cached_powers_Q,4,3,0.301,BalancedZippelSeparated
fire7_nb0_rank3050,Automatic,1,ok,220.101,38,2,1,0,0,2305843009213693967:35;2305843009213693973:3,Symbolica_default,cached_powers_Q,6,1,0.468,BalancedZippelSeparated
fire7_nb0_rank3051,Automatic,1,ok,270.681,36,2,1,0,0,2305843009213693967:33;2305843009213693973:3,Symbolica_default,cached_powers_Q,2,6,0.282,BalancedZippelSeparated
fire7_nb0_rank3052,Automatic,1,ok,286.331,35,2,1,0,0,2305843009213693967:32;2305843009213693973:3,Symbolica_default,cached_powers_Q,4,4,0.300,BalancedZippelSeparated
fire7_nb0_rank3053,Automatic,1,ok,271.401,36,2,1,0,0,2305843009213693967:33;2305843009213693973:3,Symbolica_default,cached_powers_Q,4,4,0.452,BalancedZippelSeparated
fire7_nb0_rank3054,Automatic,1,ok,167.521,39,2,1,0,0,2305843009213693967:36;2305843009213693973:3,Symbolica_default,cached_powers_Q,4,2,0.217,BalancedZippelSeparated
fire7_nb0_rank3055,Automatic,1,ok,184.481,37,2,1,0,0,2305843009213693967:34;2305843009213693973:3,Symbolica_default,cached_powers_Q,4,3,0.217,BalancedZippelSeparated
fire7_nb0_rank3056,Automatic,1,ok,188.880,37,2,1,0,0,2305843009213693967:34;2305843009213693973:3,Symbolica_default,cached_powers_Q,4,3,0.223,BalancedZippelSeparated
fire7_nb0_rank3057,Automatic,1,ok,182.621,37,2,1,0,0,2305843009213693967:34;2305843009213693973:3,Symbolica_default,cached_powers_Q,4,3,0.222,BalancedZippelSeparated
fire7_nb0_rank3058,Automatic,1,ok,189.991,51,2,1,0,0,2305843009213693967:48;2305843009213693973:3,Symbolica_default,cached_powers_Q,6,2,0.337,BalancedZippelSeparated
fire7_nb0_rank3059,Automatic,1,ok,208.510,35,2,1,0,0,2305843009213693967:32;2305843009213693973:3,Symbolica_default,cached_powers_Q,6,2,0.399,BalancedZippelSeparated
fire7_nb0_rank3060,Automatic,1,ok,207.720,37,2,1,0,0,2305843009213693967:34;2305843009213693973:3,Symbolica_default,cached_powers_Q,6,2,0.233,BalancedZippelSeparated
fire7_nb0_rank3061,Automatic,1,ok,223.961,46,2,1,0,0,2305843009213693967:43;2305843009213693973:3,Symbolica_default,cached_powers_Q,5,4,0.372,BalancedZippelSeparated
fire7_nb0_rank3062,Automatic,1,ok,400.322,41,2,1,0,0,2305843009213693967:38;2305843009213693973:3,Symbolica_default,cached_powers_Q,6,3,0.238,BalancedZippelSeparated
fire7_nb0_rank3063,Automatic,1,ok,189.051,36,2,1,0,0,2305843009213693967:33;2305843009213693973:3,Symbolica_default,cached_powers_Q,4,2,0.358,BalancedZippelSeparated
fire7_nb0_rank3064,Automatic,1,ok,475.701,39,2,1,0,0,2305843009213693967:36;2305843009213693973:3,Symbolica_default,cached_powers_Q,4,2,0.293,BalancedZippelSeparated
fire7_nb0_rank3065,Automatic,1,ok,225.301,39,2,1,0,0,2305843009213693967:36;2305843009213693973:3,Symbolica_default,cached_powers_Q,4,2,0.337,BalancedZippelSeparated
fire7_nb0_rank3066,Automatic,1,ok,287.621,36,2,1,0,0,2305843009213693967:33;2305843009213693973:3,Symbolica_default,cached_powers_Q,3,4,0.492,BalancedZippelSeparated
fire7_nb0_rank3067,Automatic,1,ok,307.801,35,2,1,0,0,2305843009213693967:32;2305843009213693973:3,Symbolica_default,cached_powers_Q,6,2,0.341,BalancedZippelSeparated
fire7_nb0_rank3068,Automatic,1,ok,376.321,49,2,1,0,0,2305843009213693967:46;2305843009213693973:3,Symbolica_default,cached_powers_Q,3,5,0.289,BalancedZippelSeparated
fire7_nb0_rank3069,Automatic,1,ok,390.212,47,2,1,0,0,2305843009213693967:44;2305843009213693973:3,Symbolica_default,cached_powers_Q,3,5,0.310,BalancedZippelSeparated
fire7_nb0_rank3070,Automatic,1,ok,449.022,39,2,1,0,0,2305843009213693967:36;2305843009213693973:3,Symbolica_default,cached_powers_Q,4,2,0.295,BalancedZippelSeparated
fire7_nb0_rank3071,Automatic,1,ok,403.192,39,2,1,0,0,2305843009213693967:36;2305843009213693973:3,Symbolica_default,cached_powers_Q,4,2,0.280,BalancedZippelSeparated
fire7_nb0_rank3072,Automatic,1,ok,163.830,39,2,1,0,0,2305843009213693967:36;2305843009213693973:3,Symbolica_default,cached_powers_Q,4,2,0.384,BalancedZippelSeparated
fire7_nb0_rank3073,Automatic,1,ok,184.261,39,2,1,0,0,2305843009213693967:36;2305843009213693973:3,Symbolica_default,cached_powers_Q,4,2,0.236,BalancedZippelSeparated
fire7_nb0_rank3074,Automatic,1,ok,217.771,35,2,1,0,0,2305843009213693967:32;2305843009213693973:3,Symbolica_default,cached_powers_Q,4,3,0.373,BalancedZippelSeparated
fire7_nb0_rank3075,Automatic,1,ok,231.061,39,2,1,0,0,2305843009213693967:36;2305843009213693973:3,Symbolica_default,cached_powers_Q,6,3,0.221,BalancedZippelSeparated
fire7_nb0_rank3076,Automatic,1,ok,204.231,36,2,1,0,0,2305843009213693967:33;2305843009213693973:3,Symbolica_default,cached_powers_Q,3,4,0.345,BalancedZippelSeparated
fire7_nb0_rank3077,Automatic,1,ok,187.981,36,2,1,0,0,2305843009213693967:33;2305843009213693973:3,Symbolica_default,cached_powers_Q,3,4,0.213,BalancedZippelSeparated
fire7_nb0_rank3078,Automatic,1,ok,329.571,50,2,1,0,0,2305843009213693967:47;2305843009213693973:3,Symbolica_default,cached_powers_Q,6,2,0.220,BalancedZippelSeparated
fire7_nb0_rank3079,Automatic,1,ok,182.610,50,2,1,0,0,2305843009213693967:47;2305843009213693973:3,Symbolica_default,cached_powers_Q,6,2,0.202,BalancedZippelSeparated
fire7_nb0_rank3080,Automatic,1,ok,268.631,34,2,1,0,0,2305843009213693967:31;2305843009213693973:3,Symbolica_default,cached_powers_Q,6,2,0.297,BalancedZippelSeparated
fire7_nb0_rank3081,Automatic,1,ok,195.721,36,2,1,0,0,2305843009213693967:33;2305843009213693973:3,Symbolica_default,cached_powers_Q,3,4,0.231,BalancedZippelSeparated
fire7_nb0_rank3082,Automatic,1,ok,258.991,36,2,1,0,0,2305843009213693967:33;2305843009213693973:3,Symbolica_default,cached_powers_Q,3,4,0.306,BalancedZippelSeparated
fire7_nb0_rank3083,Automatic,1,ok,312.901,41,2,1,0,0,2305843009213693967:38;2305843009213693973:3,Symbolica_default,cached_powers_Q,6,3,0.334,BalancedZippelSeparated
fire7_nb0_rank3084,Automatic,1,ok,300.901,39,2,1,0,0,2305843009213693967:36;2305843009213693973:3,Symbolica_default,cached_powers_Q,6,3,0.512,BalancedZippelSeparated
fire7_nb0_rank3085,Automatic,1,ok,300.631,36,2,1,0,0,2305843009213693967:33;2305843009213693973:3,Symbolica_default,cached_powers_Q,6,2,0.501,BalancedZippelSeparated
fire7_nb0_rank3086,Automatic,1,ok,223.601,34,2,1,0,0,2305843009213693967:31;2305843009213693973:3,Symbolica_default,cached_powers_Q,6,2,0.392,BalancedZippelSeparated
fire7_nb0_rank3087,Automatic,1,ok,512.891,36,2,1,0,0,2305843009213693967:33;2305843009213693973:3,Symbolica_default,cached_powers_Q,3,4,0.314,BalancedZippelSeparated
fire7_nb0_rank3088,Automatic,1,ok,239.681,35,2,1,0,0,2305843009213693967:32;2305843009213693973:3,Symbolica_default,cached_powers_Q,3,3,0.322,BalancedZippelSeparated
fire7_nb0_rank3089,Automatic,1,ok,250.151,36,2,1,0,0,2305843009213693967:33;2305843009213693973:3,Symbolica_default,cached_powers_Q,6,2,0.345,BalancedZippelSeparated
fire7_nb0_rank3090,Automatic,1,ok,182.610,36,2,1,0,0,2305843009213693967:33;2305843009213693973:3,Symbolica_default,cached_powers_Q,3,4,0.220,BalancedZippelSeparated
fire7_nb0_rank3091,Automatic,1,ok,353.161,35,2,1,0,0,2305843009213693967:32;2305843009213693973:3,Symbolica_default,cached_powers_Q,3,3,0.209,BalancedZippelSeparated
fire7_nb0_rank3092,Automatic,1,ok,150.601,35,2,1,0,0,2305843009213693967:32;2305843009213693973:3,Symbolica_default,cached_powers_Q,6,1,0.208,BalancedZippelSeparated
fire7_nb0_rank3093,Automatic,1,ok,187.321,33,2,1,0,0,2305843009213693967:30;2305843009213693973:3,Symbolica_default,cached_powers_Q,6,2,0.220,BalancedZippelSeparated
fire7_nb0_rank3094,Automatic,1,ok,175.091,33,2,1,0,0,2305843009213693967:30;2305843009213693973:3,Symbolica_default,cached_powers_Q,6,2,0.214,BalancedZippelSeparated
fire7_nb0_rank3095,Automatic,1,ok,1923.048,33,2,1,0,0,2305843009213693967:30;2305843009213693973:3,Symbolica_default,cached_powers_Q,6,2,0.214,BalancedZippelSeparated
fire7_nb0_rank3096,Automatic,1,ok,176.701,33,2,1,0,0,2305843009213693967:30;2305843009213693973:3,Symbolica_default,cached_powers_Q,6,2,0.337,BalancedZippelSeparated
fire7_nb0_rank3097,Automatic,1,ok,211.791,37,2,1,0,0,2305843009213693967:34;2305843009213693973:3,Symbolica_default,cached_powers_Q,4,3,0.203,BalancedZippelSeparated
fire7_nb0_rank3098,Automatic,1,ok,244.691,34,2,1,0,0,2305843009213693967:31;2305843009213693973:3,Symbolica_default,cached_powers_Q,6,2,0.293,BalancedZippelSeparated
fire7_nb0_rank3099,Automatic,1,ok,244.560,34,2,1,0,0,2305843009213693967:31;2305843009213693973:3,Symbolica_default,cached_powers_Q,6,2,0.291,BalancedZippelSeparated
fire7_nb0_rank3100,Automatic,1,ok,542.022,45,2,1,0,0,2305843009213693967:42;2305843009213693973:3,Symbolica_default,cached_powers_Q,5,4,0.285,BalancedZippelSeparated
fire7_nb0_rank3101,Automatic,1,ok,205.121,33,2,1,0,0,2305843009213693967:30;2305843009213693973:3,Symbolica_default,cached_powers_Q,6,1,0.266,BalancedZippelSeparated
fire7_nb0_rank3102,Automatic,1,ok,421.231,33,2,1,0,0,2305843009213693967:30;2305843009213693973:3,Symbolica_default,cached_powers_Q,6,1,0.253,BalancedZippelSeparated
fire7_nb0_rank3103,Automatic,1,ok,275.871,39,2,1,0,0,2305843009213693967:36;2305843009213693973:3,Symbolica_default,cached_powers_Q,4,2,0.412,BalancedZippelSeparated
fire7_nb0_rank3104,Automatic,1,ok,282.110,39,2,1,0,0,2305843009213693967:36;2305843009213693973:3,Symbolica_default,cached_powers_Q,4,2,0.421,BalancedZippelSeparated
fire7_nb0_rank3105,Automatic,1,ok,227.281,39,2,1,0,0,2305843009213693967:36;2305843009213693973:3,Symbolica_default,cached_powers_Q,4,2,0.495,BalancedZippelSeparated
fire7_nb0_rank3106,Automatic,1,ok,247.061,39,2,1,0,0,2305843009213693967:36;2305843009213693973:3,Symbolica_default,cached_powers_Q,4,2,0.548,BalancedZippelSeparated
fire7_nb0_rank3107,Automatic,1,ok,187.430,36,2,1,0,0,2305843009213693967:33;2305843009213693973:3,Symbolica_default,cached_powers_Q,3,4,0.226,BalancedZippelSeparated
fire7_nb0_rank3108,Automatic,1,ok,191.151,37,2,1,0,0,2305843009213693967:34;2305843009213693973:3,Symbolica_default,cached_powers_Q,4,2,0.215,BalancedZippelSeparated
fire7_nb0_rank3109,Automatic,1,ok,198.341,36,2,1,0,0,2305843009213693967:33;2305843009213693973:3,Symbolica_default,cached_powers_Q,2,6,0.381,BalancedZippelSeparated
fire7_nb0_rank3110,Automatic,1,ok,313.721,36,2,1,0,0,2305843009213693967:33;2305843009213693973:3,Symbolica_default,cached_powers_Q,2,6,0.233,BalancedZippelSeparated
fire7_nb0_rank3111,Automatic,1,ok,160.601,37,2,1,0,0,2305843009213693967:34;2305843009213693973:3,Symbolica_default,cached_powers_Q,4,2,0.210,BalancedZippelSeparated
fire7_nb0_rank3112,Automatic,1,ok,212.811,36,2,1,0,0,2305843009213693967:33;2305843009213693973:3,Symbolica_default,cached_powers_Q,6,2,0.185,BalancedZippelSeparated
fire7_nb0_rank3113,Automatic,1,ok,223.120,36,2,1,0,0,2305843009213693967:33;2305843009213693973:3,Symbolica_default,cached_powers_Q,6,2,0.188,BalancedZippelSeparated
fire7_nb0_rank3114,Automatic,1,ok,184.561,38,2,1,0,0,2305843009213693967:35;2305843009213693973:3,Symbolica_default,cached_powers_Q,3,6,0.357,BalancedZippelSeparated
fire7_nb0_rank3115,Automatic,1,ok,193.170,36,2,1,0,0,2305843009213693967:33;2305843009213693973:3,Symbolica_default,cached_powers_Q,3,4,0.225,BalancedZippelSeparated
fire7_nb0_rank3116,Automatic,1,ok,203.841,40,2,1,0,0,2305843009213693967:37;2305843009213693973:3,Symbolica_default,cached_powers_Q,4,3,0.207,BalancedZippelSeparated
fire7_nb0_rank3117,Automatic,1,ok,258.760,38,2,1,0,0,2305843009213693967:35;2305843009213693973:3,Symbolica_default,cached_powers_Q,3,2,0.394,BalancedZippelSeparated
fire7_nb0_rank3118,Automatic,1,ok,442.932,34,2,1,0,0,2305843009213693967:31;2305843009213693973:3,Symbolica_default,cached_powers_Q,6,1,0.267,BalancedZippelSeparated
fire7_nb0_rank3119,Automatic,1,ok,228.281,34,2,1,0,0,2305843009213693967:31;2305843009213693973:3,Symbolica_default,cached_powers_Q,6,1,0.439,BalancedZippelSeparated
fire7_nb0_rank3120,Automatic,1,ok,453.752,36,2,1,0,0,2305843009213693967:33;2305843009213693973:3,Symbolica_default,cached_powers_Q,3,4,0.301,BalancedZippelSeparated
fire7_nb0_rank3121,Automatic,1,ok,279.691,35,2,1,0,0,2305843009213693967:32;2305843009213693973:3,Symbolica_default,cached_powers_Q,3,3,0.327,BalancedZippelSeparated
fire7_nb0_rank3122,Automatic,1,ok,502.622,39,2,1,0,0,2305843009213693967:36;2305843009213693973:3,Symbolica_default,cached_powers_Q,6,3,0.296,BalancedZippelSeparated
fire7_nb0_rank3123,Automatic,1,ok,514.012,37,2,1,0,0,2305843009213693967:34;2305843009213693973:3,Symbolica_default,cached_powers_Q,6,3,0.333,BalancedZippelSeparated
fire7_nb0_rank3124,Automatic,1,ok,184.241,39,2,1,0,0,2305843009213693967:36;2305843009213693973:3,Symbolica_default,cached_powers_Q,4,2,0.229,BalancedZippelSeparated
fire7_nb0_rank3125,Automatic,1,ok,193.661,35,2,1,0,0,2305843009213693967:32;2305843009213693973:3,Symbolica_default,cached_powers_Q,3,3,0.339,BalancedZippelSeparated
fire7_nb0_rank3126,Automatic,1,ok,174.070,43,2,1,0,0,2305843009213693967:40;2305843009213693973:3,Symbolica_default,cached_powers_Q,5,2,0.394,BalancedZippelSeparated
fire7_nb0_rank3127,Automatic,1,ok,208.311,36,2,1,0,0,2305843009213693967:33;2305843009213693973:3,Symbolica_default,cached_powers_Q,3,2,0.337,BalancedZippelSeparated
fire7_nb0_rank3128,Automatic,1,ok,173.920,36,2,1,0,0,2305843009213693967:33;2305843009213693973:3,Symbolica_default,cached_powers_Q,3,2,0.206,BalancedZippelSeparated
fire7_nb0_rank3129,Automatic,1,ok,161.761,38,2,1,0,0,2305843009213693967:35;2305843009213693973:3,Symbolica_default,cached_powers_Q,3,2,0.336,BalancedZippelSeparated
fire7_nb0_rank3130,Automatic,1,ok,169.101,34,2,1,0,0,2305843009213693967:31;2305843009213693973:3,Symbolica_default,cached_powers_Q,6,1,0.359,BalancedZippelSeparated
fire7_nb0_rank3131,Automatic,1,ok,172.581,34,2,1,0,0,2305843009213693967:31;2305843009213693973:3,Symbolica_default,cached_powers_Q,3,4,0.195,BalancedZippelSeparated
fire7_nb0_rank3132,Automatic,1,ok,183.590,34,2,1,0,0,2305843009213693967:31;2305843009213693973:3,Symbolica_default,cached_powers_Q,3,4,0.200,BalancedZippelSeparated
fire7_nb0_rank3133,Automatic,1,ok,186.501,34,2,1,0,0,2305843009213693967:31;2305843009213693973:3,Symbolica_default,cached_powers_Q,3,4,0.237,BalancedZippelSeparated
fire7_nb0_rank3134,Automatic,1,ok,385.162,34,2,1,0,0,2305843009213693967:31;2305843009213693973:3,Symbolica_default,cached_powers_Q,3,4,0.207,BalancedZippelSeparated
fire7_nb0_rank3135,Automatic,1,ok,231.091,35,2,1,0,0,2305843009213693967:32;2305843009213693973:3,Symbolica_default,cached_powers_Q,3,2,0.290,BalancedZippelSeparated
fire7_nb0_rank3136,Automatic,1,ok,214.811,35,2,1,0,0,2305843009213693967:32;2305843009213693973:3,Symbolica_default,cached_powers_Q,3,2,0.298,BalancedZippelSeparated
fire7_nb0_rank3137,Automatic,1,ok,245.861,34,2,1,0,0,2305843009213693967:31;2305843009213693973:3,Symbolica_default,cached_powers_Q,6,1,0.316,BalancedZippelSeparated
fire7_nb0_rank3138,Automatic,1,ok,272.861,33,2,1,0,0,2305843009213693967:30;2305843009213693973:3,Symbolica_default,cached_powers_Q,6,2,0.278,BalancedZippelSeparated
fire7_nb0_rank3139,Automatic,1,ok,255.421,34,2,1,0,0,2305843009213693967:31;2305843009213693973:3,Symbolica_default,cached_powers_Q,3,4,0.521,BalancedZippelSeparated
fire7_nb0_rank3140,Automatic,1,ok,467.562,36,2,1,0,0,2305843009213693967:33;2305843009213693973:3,Symbolica_default,cached_powers_Q,6,2,0.284,BalancedZippelSeparated
fire7_nb0_rank3141,Automatic,1,ok,212.161,33,2,1,0,0,2305843009213693967:30;2305843009213693973:3,Symbolica_default,cached_powers_Q,4,4,0.228,BalancedZippelSeparated
fire7_nb0_rank3142,Automatic,1,ok,161.920,32,2,1,0,0,2305843009213693967:29;2305843009213693973:3,Symbolica_default,cached_powers_Q,6,1,0.360,BalancedZippelSeparated
fire7_nb0_rank3143,Automatic,1,ok,220.271,34,2,1,0,0,2305843009213693967:31;2305843009213693973:3,Symbolica_default,cached_powers_Q,6,1,0.330,BalancedZippelSeparated
fire7_nb0_rank3144,Automatic,1,ok,168.501,34,2,1,0,0,2305843009213693967:31;2305843009213693973:3,Symbolica_default,cached_powers_Q,6,1,0.174,BalancedZippelSeparated
fire7_nb0_rank3145,Automatic,1,ok,190.641,34,2,1,0,0,2305843009213693967:31;2305843009213693973:3,Symbolica_default,cached_powers_Q,3,4,0.198,BalancedZippelSeparated
fire7_nb0_rank3146,Automatic,1,ok,345.892,34,2,1,0,0,2305843009213693967:31;2305843009213693973:3,Symbolica_default,cached_powers_Q,3,4,0.215,BalancedZippelSeparated
fire7_nb0_rank3147,Automatic,1,ok,198.550,35,2,1,0,0,2305843009213693967:32;2305843009213693973:3,Symbolica_default,cached_powers_Q,4,2,0.222,BalancedZippelSeparated
fire7_nb0_rank3148,Automatic,1,ok,279.531,33,2,1,0,0,2305843009213693967:30;2305843009213693973:3,Symbolica_default,cached_powers_Q,4,1,0.212,BalancedZippelSeparated
fire7_nb0_rank3149,Automatic,1,ok,199.790,33,2,1,0,0,2305843009213693967:30;2305843009213693973:3,Symbolica_default,cached_powers_Q,4,1,0.451,BalancedZippelSeparated
fire7_nb0_rank3150,Automatic,1,ok,345.031,34,2,1,0,0,2305843009213693967:31;2305843009213693973:3,Symbolica_default,cached_powers_Q,5,2,0.439,BalancedZippelSeparated
fire7_nb0_rank3151,Automatic,1,ok,247.821,34,2,1,0,0,2305843009213693967:31;2305843009213693973:3,Symbolica_default,cached_powers_Q,3,4,0.325,BalancedZippelSeparated
fire7_nb0_rank3152,Automatic,1,ok,248.880,34,2,1,0,0,2305843009213693967:31;2305843009213693973:3,Symbolica_default,cached_powers_Q,3,4,0.320,BalancedZippelSeparated
fire7_nb0_rank3153,Automatic,1,ok,258.650,34,2,1,0,0,2305843009213693967:31;2305843009213693973:3,Symbolica_default,cached_powers_Q,3,4,0.263,BalancedZippelSeparated
fire7_nb0_rank3154,Automatic,1,ok,422.791,33,2,1,0,0,2305843009213693967:30;2305843009213693973:3,Symbolica_default,cached_powers_Q,3,2,0.296,BalancedZippelSeparated
fire7_nb0_rank3155,Automatic,1,ok,232.941,33,2,1,0,0,2305843009213693967:30;2305843009213693973:3,Symbolica_default,cached_powers_Q,3,2,0.459,BalancedZippelSeparated
fire7_nb0_rank3156,Automatic,1,ok,187.441,34,2,1,0,0,2305843009213693967:31;2305843009213693973:3,Symbolica_default,cached_powers_Q,4,4,0.209,BalancedZippelSeparated
fire7_nb0_rank3157,Automatic,1,ok,186.381,31,2,1,0,0,2305843009213693967:28;2305843009213693973:3,Symbolica_default,cached_powers_Q,4,2,0.212,BalancedZippelSeparated
fire7_nb0_rank3158,Automatic,1,ok,149.640,42,2,1,0,0,2305843009213693967:39;2305843009213693973:3,Symbolica_default,cached_powers_Q,3,3,0.189,BalancedZippelSeparated
fire7_nb0_rank3159,Automatic,1,ok,341.751,33,2,1,0,0,2305843009213693967:30;2305843009213693973:3,Symbolica_default,cached_powers_Q,6,2,0.199,BalancedZippelSeparated
fire7_nb0_rank3160,Automatic,1,ok,213.721,34,2,1,0,0,2305843009213693967:31;2305843009213693973:3,Symbolica_default,cached_powers_Q,5,1,0.306,BalancedZippelSeparated
fire7_nb0_rank3161,Automatic,1,ok,172.371,34,2,1,0,0,2305843009213693967:31;2305843009213693973:3,Symbolica_default,cached_powers_Q,5,1,0.188,BalancedZippelSeparated
fire7_nb0_rank3162,Automatic,1,ok,198.531,34,2,1,0,0,2305843009213693967:31;2305843009213693973:3,Symbolica_default,cached_powers_Q,5,1,0.286,BalancedZippelSeparated
fire7_nb0_rank3163,Automatic,1,ok,153.461,38,2,1,0,0,2305843009213693967:35;2305843009213693973:3,Symbolica_default,cached_powers_Q,3,2,0.322,BalancedZippelSeparated
fire7_nb0_rank3164,Automatic,1,ok,193.181,34,2,1,0,0,2305843009213693967:31;2305843009213693973:3,Symbolica_default,cached_powers_Q,3,4,0.186,BalancedZippelSeparated
fire7_nb0_rank3165,Automatic,1,ok,201.601,34,2,1,0,0,2305843009213693967:31;2305843009213693973:3,Symbolica_default,cached_powers_Q,3,4,0.411,BalancedZippelSeparated
fire7_nb0_rank3166,Automatic,1,ok,390.151,36,2,1,0,0,2305843009213693967:33;2305843009213693973:3,Symbolica_default,cached_powers_Q,6,2,0.289,BalancedZippelSeparated
fire7_nb0_rank3167,Automatic,1,ok,496.942,36,2,1,0,0,2305843009213693967:33;2305843009213693973:3,Symbolica_default,cached_powers_Q,6,2,0.298,BalancedZippelSeparated
fire7_nb0_rank3168,Automatic,1,ok,404.532,41,2,1,0,0,2305843009213693967:38;2305843009213693973:3,Symbolica_default,cached_powers_Q,3,3,0.272,BalancedZippelSeparated
fire7_nb0_rank3169,Automatic,1,ok,433.922,34,2,1,0,0,2305843009213693967:31;2305843009213693973:3,Symbolica_default,cached_powers_Q,5,1,0.266,BalancedZippelSeparated
fire7_nb0_rank3170,Automatic,1,ok,224.921,36,2,1,0,0,2305843009213693967:33;2305843009213693973:3,Symbolica_default,cached_powers_Q,2,3,0.528,BalancedZippelSeparated
fire7_nb0_rank3171,Automatic,1,ok,206.311,36,2,1,0,0,2305843009213693967:33;2305843009213693973:3,Symbolica_default,cached_powers_Q,2,3,0.273,BalancedZippelSeparated
fire7_nb0_rank3172,Automatic,1,ok,225.271,33,2,1,0,0,2305843009213693967:30;2305843009213693973:3,Symbolica_default,cached_powers_Q,3,2,0.368,BalancedZippelSeparated
fire7_nb0_rank3173,Automatic,1,ok,381.701,39,2,1,0,0,2305843009213693967:36;2305843009213693973:3,Symbolica_default,cached_powers_Q,4,3,0.205,BalancedZippelSeparated
fire7_nb0_rank3174,Automatic,1,ok,156.141,33,2,1,0,0,2305843009213693967:30;2305843009213693973:3,Symbolica_default,cached_powers_Q,3,2,0.202,BalancedZippelSeparated
fire7_nb0_rank3175,Automatic,1,ok,164.310,33,2,1,0,0,2305843009213693967:30;2305843009213693973:3,Symbolica_default,cached_powers_Q,3,2,0.211,BalancedZippelSeparated
fire7_nb0_rank3176,Automatic,1,ok,189.801,35,2,1,0,0,2305843009213693967:32;2305843009213693973:3,Symbolica_default,cached_powers_Q,4,3,0.205,BalancedZippelSeparated
fire7_nb0_rank3177,Automatic,1,ok,173.380,33,2,1,0,0,2305843009213693967:30;2305843009213693973:3,Symbolica_default,cached_powers_Q,3,2,0.390,BalancedZippelSeparated
fire7_nb0_rank3178,Automatic,1,ok,275.661,33,2,1,0,0,2305843009213693967:30;2305843009213693973:3,Symbolica_default,cached_powers_Q,3,2,0.200,BalancedZippelSeparated
fire7_nb0_rank3179,Automatic,1,ok,152.280,33,2,1,0,0,2305843009213693967:30;2305843009213693973:3,Symbolica_default,cached_powers_Q,3,2,0.218,BalancedZippelSeparated
fire7_nb0_rank3180,Automatic,1,ok,182.391,32,2,1,0,0,2305843009213693967:29;2305843009213693973:3,Symbolica_default,cached_powers_Q,4,1,0.303,BalancedZippelSeparated
fire7_nb0_rank3181,Automatic,1,ok,251.341,33,2,1,0,0,2305843009213693967:30;2305843009213693973:3,Symbolica_default,cached_powers_Q,3,2,0.462,BalancedZippelSeparated
fire7_nb0_rank3182,Automatic,1,ok,223.411,33,2,1,0,0,2305843009213693967:30;2305843009213693973:3,Symbolica_default,cached_powers_Q,3,2,0.436,BalancedZippelSeparated
fire7_nb0_rank3183,Automatic,1,ok,303.461,35,2,1,0,0,2305843009213693967:32;2305843009213693973:3,Symbolica_default,cached_powers_Q,4,3,0.295,BalancedZippelSeparated
fire7_nb0_rank3184,Automatic,1,ok,265.981,35,2,1,0,0,2305843009213693967:32;2305843009213693973:3,Symbolica_default,cached_powers_Q,4,3,0.522,BalancedZippelSeparated
fire7_nb0_rank3185,Automatic,1,ok,214.930,41,2,1,0,0,2305843009213693967:38;2305843009213693973:3,Symbolica_default,cached_powers_Q,3,3,0.463,BalancedZippelSeparated
fire7_nb0_rank3186,Automatic,1,ok,223.970,33,2,1,0,0,2305843009213693967:30;2305843009213693973:3,Symbolica_default,cached_powers_Q,3,2,0.321,BalancedZippelSeparated
fire7_nb0_rank3187,Automatic,1,ok,166.391,32,2,1,0,0,2305843009213693967:29;2305843009213693973:3,Symbolica_default,cached_powers_Q,4,1,0.342,BalancedZippelSeparated
fire7_nb0_rank3188,Automatic,1,ok,149.721,31,2,1,0,0,2305843009213693967:28;2305843009213693973:3,Symbolica_default,cached_powers_Q,4,1,0.202,BalancedZippelSeparated
fire7_nb0_rank3189,Automatic,1,ok,149.211,33,2,1,0,0,2305843009213693967:30;2305843009213693973:3,Symbolica_default,cached_powers_Q,3,2,0.202,BalancedZippelSeparated
fire7_nb0_rank3190,Automatic,1,ok,161.681,34,2,1,0,0,2305843009213693967:31;2305843009213693973:3,Symbolica_default,cached_powers_Q,6,1,0.189,BalancedZippelSeparated
fire7_nb0_rank3191,Automatic,1,ok,156.040,33,2,1,0,0,2305843009213693967:30;2305843009213693973:3,Symbolica_default,cached_powers_Q,3,2,0.200,BalancedZippelSeparated
fire7_nb0_rank3192,Automatic,1,ok,143.531,32,2,1,0,0,2305843009213693967:29;2305843009213693973:3,Symbolica_default,cached_powers_Q,6,1,0.172,BalancedZippelSeparated
fire7_nb0_rank3193,Automatic,1,ok,160.881,30,2,1,0,0,2305843009213693967:27;2305843009213693973:3,Symbolica_default,cached_powers_Q,4,1,0.175,BalancedZippelSeparated
fire7_nb0_rank3194,Automatic,1,ok,173.610,33,2,1,0,0,2305843009213693967:30;2305843009213693973:3,Symbolica_default,cached_powers_Q,3,2,0.195,BalancedZippelSeparated
fire7_nb0_rank3195,Automatic,1,ok,148.431,30,2,1,0,0,2305843009213693967:27;2305843009213693973:3,Symbolica_default,cached_powers_Q,4,1,0.186,BalancedZippelSeparated
fire7_nb0_rank3196,Automatic,1,ok,161.381,33,2,1,0,0,2305843009213693967:30;2305843009213693973:3,Symbolica_default,cached_powers_Q,3,2,0.217,BalancedZippelSeparated
fire7_nb0_rank3197,Automatic,1,ok,202.371,32,2,1,0,0,2305843009213693967:29;2305843009213693973:3,Symbolica_default,cached_powers_Q,6,1,0.228,BalancedZippelSeparated
fire7_nb0_rank3198,Automatic,1,ok,168.770,30,2,1,0,0,2305843009213693967:27;2305843009213693973:3,Symbolica_default,cached_powers_Q,4,1,0.205,BalancedZippelSeparated
fire7_nb0_rank3199,Automatic,1,ok,419.842,33,2,1,0,0,2305843009213693967:30;2305843009213693973:3,Symbolica_default,cached_powers_Q,3,2,0.338,BalancedZippelSeparated
fire7_nb0_rank3200,Automatic,1,ok,231.331,30,2,1,0,0,2305843009213693967:27;2305843009213693973:3,Symbolica_default,cached_powers_Q,4,1,0.266,BalancedZippelSeparated
fire7_nb0_rank3201,Automatic,1,ok,218.372,31,2,1,0,0,2305843009213693967:28;2305843009213693973:3,Symbolica_default,cached_powers_Q,4,1,0.458,BalancedZippelSeparated
fire7_nb0_rank3202,Automatic,1,ok,194.721,29,2,1,0,0,2305843009213693967:26;2305843009213693973:3,Symbolica_default,cached_powers_Q,4,1,0.455,BalancedZippelSeparated
fire7_nb0_rank3203,Automatic,1,ok,259.930,30,2,1,0,0,2305843009213693967:27;2305843009213693973:3,Symbolica_default,cached_powers_Q,4,1,0.311,BalancedZippelSeparated
fire7_nb0_rank3204,Automatic,1,ok,370.072,33,2,1,0,0,2305843009213693967:30;2305843009213693973:3,Symbolica_default,cached_powers_Q,3,2,0.289,BalancedZippelSeparated
fire7_nb0_rank3205,Automatic,1,ok,396.462,33,2,1,0,0,2305843009213693967:30;2305843009213693973:3,Symbolica_default,cached_powers_Q,3,2,0.282,BalancedZippelSeparated
fire7_nb0_rank3206,Automatic,1,ok,160.560,33,2,1,0,0,2305843009213693967:30;2305843009213693973:3,Symbolica_default,cached_powers_Q,3,2,0.382,BalancedZippelSeparated
fire7_nb0_rank3207,Automatic,1,ok,141.510,30,2,1,0,0,2305843009213693967:27;2305843009213693973:3,Symbolica_default,cached_powers_Q,4,1,0.215,BalancedZippelSeparated
fire7_nb0_rank3208,Automatic,1,ok,154.211,31,2,1,0,0,2305843009213693967:28;2305843009213693973:3,Symbolica_default,cached_powers_Q,3,2,0.200,BalancedZippelSeparated
fire7_nb0_rank3209,Automatic,1,ok,159.540,30,2,1,0,0,2305843009213693967:27;2305843009213693973:3,Symbolica_default,cached_powers_Q,4,1,0.174,BalancedZippelSeparated
fire7_nb0_rank3210,Automatic,1,ok,170.090,33,2,1,0,0,2305843009213693967:30;2305843009213693973:3,Symbolica_default,cached_powers_Q,3,2,0.238,BalancedZippelSeparated
fire7_nb0_rank3211,Automatic,1,ok,416.982,33,2,1,0,0,2305843009213693967:30;2305843009213693973:3,Symbolica_default,cached_powers_Q,3,2,0.206,BalancedZippelSeparated
fire7_nb0_rank3212,Automatic,1,ok,316.871,30,2,1,0,0,2305843009213693967:27;2305843009213693973:3,Symbolica_default,cached_powers_Q,4,1,0.198,BalancedZippelSeparated
fire7_nb0_rank3213,Automatic,1,ok,161.351,31,2,1,0,0,2305843009213693967:28;2305843009213693973:3,Symbolica_default,cached_powers_Q,3,2,0.221,BalancedZippelSeparated
fire7_nb0_rank3214,Automatic,1,ok,147.801,31,2,1,0,0,2305843009213693967:28;2305843009213693973:3,Symbolica_default,cached_powers_Q,3,2,0.226,BalancedZippelSeparated
fire7_nb0_rank3215,Automatic,1,ok,332.481,31,2,1,0,0,2305843009213693967:28;2305843009213693973:3,Symbolica_default,cached_powers_Q,3,2,0.212,BalancedZippelSeparated
fire7_nb0_rank3216,Automatic,1,ok,355.092,31,2,1,0,0,2305843009213693967:28;2305843009213693973:3,Symbolica_default,cached_powers_Q,3,2,0.233,BalancedZippelSeparated
fire7_nb0_rank3217,Automatic,1,ok,225.621,31,2,1,0,0,2305843009213693967:28;2305843009213693973:3,Symbolica_default,cached_powers_Q,3,2,0.329,BalancedZippelSeparated
fire7_nb0_rank3218,Automatic,1,ok,269.361,36,2,1,0,0,2305843009213693967:33;2305843009213693973:3,Symbolica_default,cached_powers_Q,2,3,0.317,BalancedZippelSeparated
fire7_nb0_rank3219,Automatic,1,ok,242.850,31,2,1,0,0,2305843009213693967:28;2305843009213693973:3,Symbolica_default,cached_powers_Q,3,2,0.280,BalancedZippelSeparated
fire7_nb0_rank3220,Automatic,1,ok,230.141,32,2,1,0,0,2305843009213693967:29;2305843009213693973:3,Symbolica_default,cached_powers_Q,3,2,0.495,BalancedZippelSeparated
fire7_nb0_rank3221,Automatic,1,ok,369.211,32,2,1,0,0,2305843009213693967:29;2305843009213693973:3,Symbolica_default,cached_powers_Q,3,2,0.291,BalancedZippelSeparated
fire7_nb0_rank3222,Automatic,1,ok,255.231,32,2,1,0,0,2305843009213693967:29;2305843009213693973:3,Symbolica_default,cached_powers_Q,3,2,0.513,BalancedZippelSeparated
fire7_nb0_rank3223,Automatic,1,ok,161.371,31,2,1,0,0,2305843009213693967:28;2305843009213693973:3,Symbolica_default,cached_powers_Q,3,2,0.261,BalancedZippelSeparated
fire7_nb0_rank3224,Automatic,1,ok,219.161,34,2,1,0,0,2305843009213693967:31;2305843009213693973:3,Symbolica_default,cached_powers_Q,5,1,0.353,BalancedZippelSeparated
fire7_nb0_rank3225,Automatic,1,ok,213.741,39,2,1,0,0,2305843009213693967:36;2305843009213693973:3,Symbolica_default,cached_powers_Q,5,3,0.375,BalancedZippelSeparated
fire7_nb0_rank3226,Automatic,1,ok,263.851,29,2,1,0,0,2305843009213693967:26;2305843009213693973:3,Symbolica_default,cached_powers_Q,4,1,0.183,BalancedZippelSeparated
fire7_nb0_rank3227,Automatic,1,ok,171.040,31,2,1,0,0,2305843009213693967:28;2305843009213693973:3,Symbolica_default,cached_powers_Q,3,2,0.222,BalancedZippelSeparated
fire7_nb0_rank3228,Automatic,1,ok,164.280,31,2,1,0,0,2305843009213693967:28;2305843009213693973:3,Symbolica_default,cached_powers_Q,3,2,0.225,BalancedZippelSeparated
fire7_nb0_rank3229,Automatic,1,ok,361.861,31,2,1,0,0,2305843009213693967:28;2305843009213693973:3,Symbolica_default,cached_powers_Q,3,2,0.206,BalancedZippelSeparated
fire7_nb0_rank3230,Automatic,1,ok,149.081,31,2,1,0,0,2305843009213693967:28;2305843009213693973:3,Symbolica_default,cached_powers_Q,3,2,0.202,BalancedZippelSeparated
fire7_nb0_rank3231,Automatic,1,ok,157.110,31,2,1,0,0,2305843009213693967:28;2305843009213693973:3,Symbolica_default,cached_powers_Q,3,2,0.195,BalancedZippelSeparated
fire7_nb0_rank3232,Automatic,1,ok,348.732,40,2,1,0,0,2305843009213693967:37;2305843009213693973:3,Symbolica_default,cached_powers_Q,3,3,0.219,BalancedZippelSeparated
fire7_nb0_rank3233,Automatic,1,ok,219.731,31,2,1,0,0,2305843009213693967:28;2305843009213693973:3,Symbolica_default,cached_powers_Q,3,2,0.317,BalancedZippelSeparated
fire7_nb0_rank3234,Automatic,1,ok,236.311,31,2,1,0,0,2305843009213693967:28;2305843009213693973:3,Symbolica_default,cached_powers_Q,3,2,0.292,BalancedZippelSeparated
fire7_nb0_rank3235,Automatic,1,ok,211.630,31,2,1,0,0,2305843009213693967:28;2305843009213693973:3,Symbolica_default,cached_powers_Q,3,2,0.441,BalancedZippelSeparated
fire7_nb0_rank3236,Automatic,1,ok,200.811,31,2,1,0,0,2305843009213693967:28;2305843009213693973:3,Symbolica_default,cached_powers_Q,3,2,0.316,BalancedZippelSeparated
fire7_nb0_rank3237,Automatic,1,ok,219.791,31,2,1,0,0,2305843009213693967:28;2305843009213693973:3,Symbolica_default,cached_powers_Q,3,2,0.384,BalancedZippelSeparated
fire7_nb0_rank3238,Automatic,1,ok,278.171,35,2,1,0,0,2305843009213693967:32;2305843009213693973:3,Symbolica_default,cached_powers_Q,3,1,0.210,BalancedZippelSeparated
fire7_nb0_rank3239,Automatic,1,ok,196.880,36,2,1,0,0,2305843009213693967:33;2305843009213693973:3,Symbolica_default,cached_powers_Q,5,2,0.208,BalancedZippelSeparated
fire7_nb0_rank3240,Automatic,1,ok,138.011,37,2,1,0,0,2305843009213693967:34;2305843009213693973:3,Symbolica_default,cached_powers_Q,3,3,0.186,BalancedZippelSeparated
fire7_nb0_rank3241,Automatic,1,ok,274.101,31,2,1,0,0,2305843009213693967:28;2305843009213693973:3,Symbolica_default,cached_powers_Q,3,2,0.189,BalancedZippelSeparated
fire7_nb0_rank3242,Automatic,1,ok,294.661,31,2,1,0,0,2305843009213693967:28;2305843009213693973:3,Symbolica_default,cached_powers_Q,3,2,0.196,BalancedZippelSeparated
fire7_nb0_rank3243,Automatic,1,ok,148.421,31,2,1,0,0,2305843009213693967:28;2305843009213693973:3,Symbolica_default,cached_powers_Q,3,2,0.212,BalancedZippelSeparated
fire7_nb0_rank3244,Automatic,1,ok,303.951,37,2,1,0,0,2305843009213693967:34;2305843009213693973:3,Symbolica_default,cached_powers_Q,2,3,0.458,BalancedZippelSeparated
fire7_nb0_rank3245,Automatic,1,ok,162.530,33,2,1,0,0,2305843009213693967:30;2305843009213693973:3,Symbolica_default,cached_powers_Q,3,1,0.316,BalancedZippelSeparated
fire7_nb0_rank3246,Automatic,1,ok,244.021,34,2,1,0,0,2305843009213693967:31;2305843009213693973:3,Symbolica_default,cached_powers_Q,5,1,0.253,BalancedZippelSeparated
fire7_nb0_rank3247,Automatic,1,ok,235.961,34,2,1,0,0,2305843009213693967:31;2305843009213693973:3,Symbolica_default,cached_powers_Q,5,1,0.230,BalancedZippelSeparated
fire7_nb0_rank3248,Automatic,1,ok,182.661,31,2,1,0,0,2305843009213693967:28;2305843009213693973:3,Symbolica_default,cached_powers_Q,4,1,0.375,BalancedZippelSeparated
fire7_nb0_rank3249,Automatic,1,ok,162.760,33,2,1,0,0,2305843009213693967:30;2305843009213693973:3,Symbolica_default,cached_powers_Q,3,1,0.242,BalancedZippelSeparated
fire7_nb0_rank3250,Automatic,1,ok,211.080,34,2,1,0,0,2305843009213693967:31;2305843009213693973:3,Symbolica_default,cached_powers_Q,2,3,0.253,BalancedZippelSeparated
fire7_nb0_rank3251,Automatic,1,ok,352.642,20,2,1,0,0,2305843009213693967:17;2305843009213693973:3,Symbolica_default,cached_powers_Q,3,2,0.260,BalancedZippelSeparated
fire7_nb0_rank3252,Automatic,1,ok,238.971,32,2,1,0,0,2305843009213693967:29;2305843009213693973:3,Symbolica_default,cached_powers_Q,4,2,0.278,BalancedZippelSeparated
fire7_nb0_rank3253,Automatic,1,ok,168.391,34,2,1,0,0,2305843009213693967:31;2305843009213693973:3,Symbolica_default,cached_powers_Q,2,3,0.201,BalancedZippelSeparated
fire7_nb0_rank3254,Automatic,1,ok,311.651,29,2,1,0,0,2305843009213693967:26;2305843009213693973:3,Symbolica_default,cached_powers_Q,4,1,0.179,BalancedZippelSeparated
fire7_nb0_rank3255,Automatic,1,ok,151.900,34,2,1,0,0,2305843009213693967:31;2305843009213693973:3,Symbolica_default,cached_powers_Q,2,3,0.198,BalancedZippelSeparated
fire7_nb0_rank3256,Automatic,1,ok,282.571,34,2,1,0,0,2305843009213693967:31;2305843009213693973:3,Symbolica_default,cached_powers_Q,2,3,0.180,BalancedZippelSeparated
fire7_nb0_rank3257,Automatic,1,ok,170.760,34,2,1,0,0,2305843009213693967:31;2305843009213693973:3,Symbolica_default,cached_powers_Q,5,1,0.197,BalancedZippelSeparated
fire7_nb0_rank3258,Automatic,1,ok,150.161,30,2,1,0,0,2305843009213693967:27;2305843009213693973:3,Symbolica_default,cached_powers_Q,2,2,0.192,BalancedZippelSeparated
fire7_nb0_rank3259,Automatic,1,ok,146.391,35,2,1,0,0,2305843009213693967:32;2305843009213693973:3,Symbolica_default,cached_powers_Q,1,3,0.168,BalancedZippelSeparated
fire7_nb0_rank3260,Automatic,1,ok,121.921,33,2,1,0,0,2305843009213693967:30;2305843009213693973:3,Symbolica_default,cached_powers_Q,3,1,0.164,BalancedZippelSeparated
fire7_nb0_rank3261,Automatic,1,ok,132.270,20,2,1,0,0,2305843009213693967:17;2305843009213693973:3,Symbolica_default,cached_powers_Q,3,2,0.223,BalancedZippelSeparated
fire7_nb0_rank3262,Automatic,1,ok,151.981,33,2,1,0,0,2305843009213693967:30;2305843009213693973:3,Symbolica_default,cached_powers_Q,3,1,0.267,BalancedZippelSeparated
fire7_nb0_rank3263,Automatic,1,ok,211.770,34,2,1,0,0,2305843009213693967:31;2305843009213693973:3,Symbolica_default,cached_powers_Q,2,3,0.285,BalancedZippelSeparated
fire7_nb0_rank3264,Automatic,1,ok,264.301,34,2,1,0,0,2305843009213693967:31;2305843009213693973:3,Symbolica_default,cached_powers_Q,3,2,0.452,BalancedZippelSeparated
fire7_nb0_rank3265,Automatic,1,ok,203.650,34,2,1,0,0,2305843009213693967:31;2305843009213693973:3,Symbolica_default,cached_powers_Q,2,3,0.303,BalancedZippelSeparated
fire7_nb0_rank3266,Automatic,1,ok,224.351,28,2,1,0,0,2305843009213693967:25;2305843009213693973:3,Symbolica_default,cached_powers_Q,2,2,0.305,BalancedZippelSeparated
fire7_nb0_rank3267,Automatic,1,ok,451.851,34,2,1,0,0,2305843009213693967:31;2305843009213693973:3,Symbolica_default,cached_powers_Q,1,3,0.280,BalancedZippelSeparated
fire7_nb0_rank3268,Automatic,1,ok,222.001,29,2,1,0,0,2305843009213693967:26;2305843009213693973:3,Symbolica_default,cached_powers_Q,2,2,0.285,BalancedZippelSeparated
fire7_nb0_rank3269,Automatic,1,ok,212.891,28,2,1,0,0,2305843009213693967:25;2305843009213693973:3,Symbolica_default,cached_powers_Q,2,2,0.215,BalancedZippelSeparated
fire7_nb0_rank3270,Automatic,1,ok,120.511,30,2,1,0,0,2305843009213693967:27;2305843009213693973:3,Symbolica_default,cached_powers_Q,2,1,0.185,BalancedZippelSeparated
fire7_nb0_rank3271,Automatic,1,ok,157.571,28,2,1,0,0,2305843009213693967:25;2305843009213693973:3,Symbolica_default,cached_powers_Q,2,2,0.391,BalancedZippelSeparated
fire7_nb0_rank3272,Automatic,1,ok,152.630,28,2,1,0,0,2305843009213693967:25;2305843009213693973:3,Symbolica_default,cached_powers_Q,2,2,0.201,BalancedZippelSeparated
fire7_nb0_rank3273,Automatic,1,ok,254.821,32,2,1,0,0,2305843009213693967:29;2305843009213693973:3,Symbolica_default,cached_powers_Q,1,3,0.180,BalancedZippelSeparated
fire7_nb0_rank3274,Automatic,1,ok,134.041,20,2,1,0,0,2305843009213693967:17;2305843009213693973:3,Symbolica_default,cached_powers_Q,3,2,0.328,BalancedZippelSeparated
fire7_nb0_rank3275,Automatic,1,ok,133.520,32,2,1,0,0,2305843009213693967:29;2305843009213693973:3,Symbolica_default,cached_powers_Q,1,3,0.145,BalancedZippelSeparated
fire7_nb0_rank3276,Automatic,1,ok,148.191,33,2,1,0,0,2305843009213693967:30;2305843009213693973:3,Symbolica_default,cached_powers_Q,3,2,0.344,BalancedZippelSeparated
fire7_nb0_rank3277,Automatic,1,ok,144.591,33,2,1,0,0,2305843009213693967:30;2305843009213693973:3,Symbolica_default,cached_powers_Q,3,2,0.175,BalancedZippelSeparated
fire7_nb0_rank3278,Automatic,1,ok,205.411,28,2,1,0,0,2305843009213693967:25;2305843009213693973:3,Symbolica_default,cached_powers_Q,2,2,0.395,BalancedZippelSeparated
fire7_nb0_rank3279,Automatic,1,ok,163.270,28,2,1,0,0,2305843009213693967:25;2305843009213693973:3,Symbolica_default,cached_powers_Q,2,2,0.200,BalancedZippelSeparated
fire7_nb0_rank3280,Automatic,1,ok,167.131,20,2,1,0,0,2305843009213693967:17;2305843009213693973:3,Symbolica_default,cached_powers_Q,3,2,0.289,BalancedZippelSeparated
fire7_nb0_rank3281,Automatic,1,ok,185.101,30,2,1,0,0,2305843009213693967:27;2305843009213693973:3,Symbolica_default,cached_powers_Q,2,2,0.243,BalancedZippelSeparated
fire7_nb0_rank3282,Automatic,1,ok,351.852,18,2,1,0,0,2305843009213693967:15;2305843009213693973:3,Symbolica_default,cached_powers_Q,2,2,0.317,BalancedZippelSeparated
fire7_nb0_rank3283,Automatic,1,ok,164.311,27,2,1,0,0,2305843009213693967:24;2305843009213693973:3,Symbolica_default,cached_powers_Q,2,1,0.236,BalancedZippelSeparated
fire7_nb0_rank3284,Automatic,1,ok,189.691,27,2,1,0,0,2305843009213693967:24;2305843009213693973:3,Symbolica_default,cached_powers_Q,2,1,0.276,BalancedZippelSeparated
fire7_nb0_rank3285,Automatic,1,ok,233.001,34,2,1,0,0,2305843009213693967:31;2305843009213693973:3,Symbolica_default,cached_powers_Q,2,3,0.259,BalancedZippelSeparated
fire7_nb0_rank3286,Automatic,1,ok,189.410,18,2,1,0,0,2305843009213693967:15;2305843009213693973:3,Symbolica_default,cached_powers_Q,2,2,0.288,BalancedZippelSeparated
fire7_nb0_rank3287,Automatic,1,ok,221.611,30,2,1,0,0,2305843009213693967:27;2305843009213693973:3,Symbolica_default,cached_powers_Q,2,2,0.258,BalancedZippelSeparated
fire7_nb0_rank3288,Automatic,1,ok,330.171,34,2,1,0,0,2305843009213693967:31;2305843009213693973:3,Symbolica_default,cached_powers_Q,2,3,0.188,BalancedZippelSeparated
fire7_nb0_rank3289,Automatic,1,ok,135.680,18,2,1,0,0,2305843009213693967:15;2305843009213693973:3,Symbolica_default,cached_powers_Q,2,2,0.225,BalancedZippelSeparated
fire7_nb0_rank3290,Automatic,1,ok,274.261,18,2,1,0,0,2305843009213693967:15;2305843009213693973:3,Symbolica_default,cached_powers_Q,2,2,0.234,BalancedZippelSeparated
fire7_nb0_rank3291,Automatic,1,ok,117.080,27,2,1,0,0,2305843009213693967:24;2305843009213693973:3,Symbolica_default,cached_powers_Q,2,1,0.194,BalancedZippelSeparated
fire7_nb0_rank3292,Automatic,1,ok,148.871,34,2,1,0,0,2305843009213693967:31;2305843009213693973:3,Symbolica_default,cached_powers_Q,2,3,0.198,BalancedZippelSeparated
fire7_nb0_rank3293,Automatic,1,ok,118.990,27,2,1,0,0,2305843009213693967:24;2305843009213693973:3,Symbolica_default,cached_powers_Q,2,1,0.188,BalancedZippelSeparated
fire7_nb0_rank3294,Automatic,1,ok,108.701,27,2,1,0,0,2305843009213693967:24;2305843009213693973:3,Symbolica_default,cached_powers_Q,2,1,0.178,BalancedZippelSeparated
fire7_nb0_rank3295,Automatic,1,ok,293.961,30,2,1,0,0,2305843009213693967:27;2305843009213693973:3,Symbolica_default,cached_powers_Q,2,2,0.172,BalancedZippelSeparated
fire7_nb0_rank3296,Automatic,1,ok,92.081,18,2,1,0,0,2305843009213693967:15;2305843009213693973:3,Symbolica_default,cached_powers_Q,1,2,0.135,BalancedZippelSeparated
fire7_nb0_rank3297,Automatic,1,ok,153.701,27,2,1,0,0,2305843009213693967:24;2305843009213693973:3,Symbolica_default,cached_powers_Q,2,1,0.216,BalancedZippelSeparated
fire7_nb0_rank3298,Automatic,1,ok,164.451,27,2,1,0,0,2305843009213693967:24;2305843009213693973:3,Symbolica_default,cached_powers_Q,2,1,0.234,BalancedZippelSeparated
fire7_nb0_rank3299,Automatic,1,ok,243.532,30,2,1,0,0,2305843009213693967:27;2305843009213693973:3,Symbolica_default,cached_powers_Q,2,2,0.424,BalancedZippelSeparated
fire7_nb0_rank3300,Automatic,1,ok,174.391,27,2,1,0,0,2305843009213693967:24;2305843009213693973:3,Symbolica_default,cached_powers_Q,1,1,0.438,BalancedZippelSeparated
fire7_nb0_rank3301,Automatic,1,ok,137.461,27,2,1,0,0,2305843009213693967:24;2305843009213693973:3,Symbolica_default,cached_powers_Q,2,1,0.208,BalancedZippelSeparated
fire7_nb0_rank3302,Automatic,1,ok,132.051,27,2,1,0,0,2305843009213693967:24;2305843009213693973:3,Symbolica_default,cached_powers_Q,2,1,0.165,BalancedZippelSeparated
fire7_nb0_rank3303,Automatic,1,ok,112.320,27,2,1,0,0,2305843009213693967:24;2305843009213693973:3,Symbolica_default,cached_powers_Q,2,1,0.159,BalancedZippelSeparated
fire7_nb0_rank3304,Automatic,1,ok,150.210,27,2,1,0,0,2305843009213693967:24;2305843009213693973:3,Symbolica_default,cached_powers_Q,2,1,0.286,BalancedZippelSeparated
fire7_nb0_rank3305,Automatic,1,ok,98.100,16,2,1,0,0,2305843009213693967:13;2305843009213693973:3,Symbolica_default,cached_powers_Q,2,1,0.171,BalancedZippelSeparated
fire7_nb0_rank3306,Automatic,1,ok,134.961,27,2,1,0,0,2305843009213693967:24;2305843009213693973:3,Symbolica_default,cached_powers_Q,2,1,0.178,BalancedZippelSeparated
fire7_nb0_rank3307,Automatic,1,ok,94.040,16,2,1,0,0,2305843009213693967:13;2305843009213693973:3,Symbolica_default,cached_powers_Q,2,1,0.140,BalancedZippelSeparated
fire7_nb0_rank3308,Automatic,1,ok,119.311,24,2,1,0,0,2305843009213693967:21;2305843009213693973:3,Symbolica_default,cached_powers_Q,1,1,0.283,BalancedZippelSeparated
fire7_nb0_rank3309,Automatic,1,ok,229.031,24,2,1,0,0,2305843009213693967:21;2305843009213693973:3,Symbolica_default,cached_powers_Q,1,1,0.123,BalancedZippelSeparated
fire7_nb0_rank3310,Automatic,1,ok,251.111,24,2,1,0,0,2305843009213693967:21;2305843009213693973:3,Symbolica_default,cached_powers_Q,1,1,0.126,BalancedZippelSeparated
fire7_nb0_rank3311,Automatic,1,ok,108.651,16,2,1,0,0,2305843009213693967:13;2305843009213693973:3,Symbolica_default,cached_powers_Q,2,1,0.120,BalancedZippelSeparated
fire7_nb0_rank3312,Automatic,1,ok,103.771,16,2,1,0,0,2305843009213693967:13;2305843009213693973:3,Symbolica_default,cached_powers_Q,2,1,0.110,BalancedZippelSeparated
fire7_nb0_rank3313,Automatic,1,ok,391.751,16,2,1,0,0,2305843009213693967:13;2305843009213693973:3,Symbolica_default,cached_powers_Q,2,1,0.151,BalancedZippelSeparated
fire7_nb0_rank3314,Automatic,1,ok,144.791,16,2,1,0,0,2305843009213693967:13;2305843009213693973:3,Symbolica_default,cached_powers_Q,2,1,0.281,BalancedZippelSeparated
fire7_nb0_rank3315,Automatic,1,ok,143.750,16,2,1,0,0,2305843009213693967:13;2305843009213693973:3,Symbolica_default,cached_powers_Q,2,1,0.139,BalancedZippelSeparated
fire7_nb0_rank3316,Automatic,1,ok,202.910,16,2,1,0,0,2305843009213693967:13;2305843009213693973:3,Symbolica_default,cached_powers_Q,2,1,0.293,BalancedZippelSeparated
fire7_nb0_rank3317,Automatic,1,ok,104.260,16,2,1,0,0,2305843009213693967:13;2305843009213693973:3,Symbolica_default,cached_powers_Q,2,1,0.125,BalancedZippelSeparated
fire7_nb0_rank3318,Automatic,1,ok,268.781,14,2,1,0,0,2305843009213693967:11;2305843009213693973:3,Symbolica_default,cached_powers_Q,1,1,0.077,BalancedZippelSeparated
fire7_nb0_rank3319,Automatic,1,ok,99.010,14,2,1,0,0,2305843009213693967:11;2305843009213693973:3,Symbolica_default,cached_powers_Q,1,1,0.068,BalancedZippelSeparated
